source,title,author,price,tags,image,url,ai_caption,primary_hex,primary_descriptor,ai_palette,image_confidence
Lapa Ninja (Post),Monologue,SAAS,,,https://cdn.lapa.ninja/assets/images/1x/monologue-thumb.jpg,https://www.lapa.ninja/post/monologue/,"Minimalist design with a serene mood, featuring a soft color palette and clean layout.",,soft neutral,"[""#f0f0f0"", ""#ffffff"", ""#d9d9d9"", ""#bfbfbf""]",0.5
Lapa Ninja (Post),Ona,TECHNOLOGY,,,https://cdn.lapa.ninja/assets/images/1x/ona-thumb.jpg,https://www.lapa.ninja/post/ona/,"Minimalist design with a serene mood, featuring a neutral palette and clean layout.",,neutral tones,"[""#f0f0f0"", ""#cccccc"", ""#ffffff"", ""#000000""]",0.5
Lapa Ninja (Post),Jon Howell,PORTFOLIO,,,https://cdn.lapa.ninja/assets/images/1x/jonhowell-thumb.jpg,https://www.lapa.ninja/post/jonhowell/,Minimalist portfolio showcasing a clean layout with a neutral color tone.,,neutral,"[""#ffffff"", ""#f0f0f0"", ""#000000"", ""#cccccc""]",0.5
Lapa Ninja (Post),Brainfish,ARTIFICIAL INTELLIGENCE,,,https://cdn.lapa.ninja/assets/images/1x/brainfishai-thumb.jpg,https://www.lapa.ninja/post/brainfishai/,"Minimalist design with a neutral tone, featuring a clean layout and subtle imagery.",,neutral,"[""#ffffff"", ""#f0f0f0"", ""#cccccc"", ""#000000""]",0.5
Lapa Ninja (Post),Board.fun,ECOMMERCE,,,https://cdn.lapa.ninja/assets/images/1x/board-fun-thumb.jpg,https://www.lapa.ninja/post/board-fun/,Playful website with a vibrant color palette and engaging layout elements.,,bright and playful,"[""#ffcc00"", ""#ff6699"", ""#66ccff"", ""#ffcc66""]",0.5
Lapa Ninja (Post),Chipsa,3D WEBSITES,,,https://cdn.lapa.ninja/assets/images/1x/chipsa-thumb.jpg,https://www.lapa.ninja/post/chipsa/,Playful 3D website with vibrant colors and an engaging layout.,,bright and playful,"[""#ffcc00"", ""#ff5733"", ""#33ccff"", ""#ff33a1""]",0.5
Lapa Ninja (Post),Aeons,NFT,,,https://cdn.lapa.ninja/assets/images/1x/aeons-thumb.jpg,https://www.lapa.ninja/post/aeons/,"Ethereal design with a cosmic theme, featuring a dark palette and fluid layout.",,dark cosmic,"[""#000000"", ""#1a1a1a"", ""#ffffff"", ""#ffcc00""]",0.5
Lapa Ninja (Post),MØM,AGENCY,,,https://cdn.lapa.ninja/assets/images/1x/matter-of-mind-2-thumb.jpg,https://www.lapa.ninja/post/matter-of-mind-2/,Contemplative design with a serene palette and minimalistic layout.,,neutral tones,"[""#f0f0f0"", ""#d9d9d9"", ""#bfbfbf"", ""#a6a6a6""]",0.5
Lapa Ninja (Post),Merlin,ARTIFICIAL INTELLIGENCE,,,https://cdn.lapa.ninja/assets/images/1x/merlin-thumb.jpg,https://www.lapa.ninja/post/merlin/,"Minimalist design with a neutral tone and clean layout, featuring a serene atmosphere.",,neutral,"[""#ffffff"", ""#f0f0f0"", ""#e0e0e0"", ""#d0d0d0""]",0.5
Lapa Ninja (Post),CHRLS.DSGN,PORTFOLIO,,,https://cdn.lapa.ninja/assets/images/1x/chrls-thumb.jpg,https://www.lapa.ninja/post/chrls/,Minimalist portfolio showcasing a modern aesthetic with a neutral color palette.,,neutral gray,"[""#f0f0f0"", ""#cccccc"", ""#333333"", ""#ffffff""]",0.5
Lapa Ninja (Post),Fantasy,STUDIO,,,https://cdn.lapa.ninja/assets/images/1x/fantasy-thumb.jpg,https://www.lapa.ninja/post/fantasy/,Whimsical fantasy theme with vibrant colors and a playful layout.,,bright and playful,"[""#ffcc00"", ""#ff6699"", ""#66ccff"", ""#ccff66""]",0.5
Lapa Ninja (Post),Vibe-X,3D WEBSITES,,,https://cdn.lapa.ninja/assets/images/1x/vibex-thumb.jpg,https://www.lapa.ninja/post/vibex/,Dynamic 3D website showcasing vibrant colors and an engaging layout.,,vibrant,"[""#ff5733"", ""#33c1ff"", ""#ff33a1"", ""#33ff57""]",0.5
Lapa Ninja (Post),Creech,STUDIO,,,https://cdn.lapa.ninja/assets/images/1x/creech-thumb.jpg,https://www.lapa.ninja/post/creech/,Playful design showcasing a vibrant color palette and dynamic layout.,,bright and playful,"[""#ff6f61"", ""#6b5b95"", ""#88b04b"", ""#f7cac9""]",0.5
Lapa Ninja (Post),LORE,BEAUTY,,,https://cdn.lapa.ninja/assets/images/1x/lore-thumb.jpg,https://www.lapa.ninja/post/lore/,"Minimalist design with a serene mood, featuring a soft color palette and spacious layout.",,soft neutral,"[""#f0f0f0"", ""#d9d9d9"", ""#ffffff"", ""#cccccc""]",0.5
Lapa Ninja (Post),Taara,TECHNOLOGY,,,https://cdn.lapa.ninja/assets/images/1x/taaraconnect-thumb.jpg,https://www.lapa.ninja/post/taaraconnect/,"Modern tech site with a clean layout and a neutral color tone, featuring a prominent image.",,neutral tones,"[""#ffffff"", ""#f0f0f0"", ""#e0e0e0"", ""#cccccc""]",0.5
Lapa Ninja (Post),Control,DESIGN TOOLS,,,https://cdn.lapa.ninja/assets/images/1x/cntrl-2-thumb.jpg,https://www.lapa.ninja/post/cntrl-2/,"Minimalist design with a serene mood, featuring a muted color palette and clean layout.",,neutral tones,"[""#f0f0f0"", ""#cccccc"", ""#ffffff"", ""#000000""]",0.5
Lapa Ninja (Post),Stephanie Bruce,PORTFOLIO,,,https://cdn.lapa.ninja/assets/images/1x/stephaniebruce-2-thumb.jpg,https://www.lapa.ninja/post/stephaniebruce-2/,Minimalist portfolio showcasing a serene mood with a neutral color palette and clean layout.,,neutral tones,"[""#f0f0f0"", ""#cccccc"", ""#ffffff"", ""#000000""]",0.5
Lapa Ninja (Post),Cloudflare Sandbox,DEVELOPMENT TOOLS,,,https://cdn.lapa.ninja/assets/images/1x/cloudflare-sandbox-thumb.jpg,https://www.lapa.ninja/post/cloudflare-sandbox/,Tech-focused layout with a clean aesthetic and a neutral color tone.,,neutral gray,"[""#f5f5f5"", ""#cccccc"", ""#333333"", ""#ffffff""]",0.5
Lapa Ninja (Post),Quantum Body,HEALTH FITNESS,,,https://cdn.lapa.ninja/assets/images/1x/quantumbody-thumb.jpg,https://www.lapa.ninja/post/quantumbody/,Energetic health-focused layout with a vibrant color palette and dynamic imagery.,,vibrant,"[""#ffcc00"", ""#ff6600"", ""#00cc99"", ""#ffffff""]",0.5
Lapa Ninja (Post),FUTURE THREE,STUDIO,,,https://cdn.lapa.ninja/assets/images/1x/futurethree-thumb.jpg,https://www.lapa.ninja/post/futurethree/,"Futuristic design with a sleek layout and a cool color tone, emphasizing minimalism.",,cool gray,"[""#cccccc"", ""#ffffff"", ""#000000"", ""#f0f0f0""]",0.5
Lapa Ninja (Post),David AI,ARTIFICIAL INTELLIGENCE,,,https://cdn.lapa.ninja/assets/images/1x/withdavid-thumb.jpg,https://www.lapa.ninja/post/withdavid/,Modern AI showcase with a sleek layout and a neutral color tone emphasizing innovation.,,neutral gray,"[""#ffffff"", ""#f0f0f0"", ""#e0e0e0"", ""#cccccc""]",0.5
Lapa Ninja (Post),poolside,ARTIFICIAL INTELLIGENCE,,,https://cdn.lapa.ninja/assets/images/1x/poolside-thumb.jpg,https://www.lapa.ninja/post/poolside/,Relaxed poolside scene with warm beige tones and a spacious layout.,,warm beige,"[""#f5f5dc"", ""#d2b48c"", ""#fffacd"", ""#deb887""]",0.5
Lapa Ninja (Post),xmcp,DEVELOPMENT TOOLS,,,https://cdn.lapa.ninja/assets/images/1x/xmcp-thumb.jpg,https://www.lapa.ninja/post/xmcp/,Minimalist development tools page with neutral tones and a clean layout.,,neutral gray,"[""#f0f0f0"", ""#cccccc"", ""#ffffff"", ""#000000""]",0.5
Lapa Ninja (Post),GAÏO,FOOD DRINKS,,,https://cdn.lapa.ninja/assets/images/1x/gaio-thumb.jpg,https://www.lapa.ninja/post/gaio/,Minimalist food blog layout with a warm beige palette and inviting imagery.,,warm beige,"[""#f5f5dc"", ""#d2b48c"", ""#fff8dc"", ""#deb887""]",0.5
Lapa Ninja (Post),General Condition,STUDIO,,,https://cdn.lapa.ninja/assets/images/1x/generalcondition-thumb.jpg,https://www.lapa.ninja/post/generalcondition/,"Minimalist design with a neutral tone, featuring a clean layout and subtle visual elements.",,neutral gray,"[""#f0f0f0"", ""#cccccc"", ""#999999"", ""#ffffff""]",0.5
Lapa Ninja (Post),Null Studio,STUDIO,,,https://cdn.lapa.ninja/assets/images/1x/nullstudio-thumb.jpg,https://www.lapa.ninja/post/nullstudio/,"Minimalist design with a neutral palette and spacious layout, emphasizing simplicity.",,neutral tones,"[""#f5f5f5"", ""#e0e0e0"", ""#ffffff"", ""#cccccc""]",0.5
Lapa Ninja (Post),Paradigm,SAAS,,,https://cdn.lapa.ninja/assets/images/1x/paradigmai-thumb.jpg,https://www.lapa.ninja/post/paradigmai/,"Minimalist layout with a serene mood, featuring a soft color palette and clean typography.",,soft neutral,"[""#f0f0f0"", ""#ffffff"", ""#d9d9d9"", ""#bfbfbf""]",0.5
Lapa Ninja (Post),Kikk Festival 2025,EVENT,,,https://cdn.lapa.ninja/assets/images/1x/kikk-2025-thumb.jpg,https://www.lapa.ninja/post/kikk-2025/,Energetic festival announcement with vibrant colors and a dynamic layout.,,bright and lively,"[""#ffcc00"", ""#ff5733"", ""#33ccff"", ""#ffffff""]",0.5
Lapa Ninja (Post),darkroom.engineering,STUDIO,,,https://cdn.lapa.ninja/assets/images/1x/darkroom-engineering-thumb.jpg,https://www.lapa.ninja/post/darkroom-engineering/,Minimalist engineering site with a dark tone and structured layout emphasizing functionality.,,dark gray,"[""#000000"", ""#333333"", ""#666666"", ""#ffffff""]",0.5
Lapa Ninja (Post),React Email,SAAS,,,https://cdn.lapa.ninja/assets/images/1x/react-email-thumb.jpg,https://www.lapa.ninja/post/react-email/,Minimalist email design showcasing a clean layout with a modern aesthetic.,,neutral tones,"[""#ffffff"", ""#f0f0f0"", ""#e0e0e0"", ""#cccccc""]",0.5
Lapa Ninja (Post),Liftoff,BUSINESS,,,https://cdn.lapa.ninja/assets/images/1x/liftoff-thumb.jpg,https://www.lapa.ninja/post/liftoff/,"Minimalist layout with a serene mood, featuring a muted color palette and clean design elements.",,neutral tones,"[""#f0f0f0"", ""#cccccc"", ""#ffffff"", ""#000000""]",0.5
Lapa Ninja (Post),David Alaba,SPORTS,,,https://cdn.lapa.ninja/assets/images/1x/davidalaba-thumb.jpg,https://www.lapa.ninja/post/davidalaba/,Dynamic sports post featuring a vibrant color palette and engaging layout.,,vibrant,"[""#ffcc00"", ""#ff6600"", ""#ffffff"", ""#000000""]",0.5
Lapa Ninja (Post),Qatchup,SAAS,,,https://cdn.lapa.ninja/assets/images/1x/qatchup-thumb.jpg,https://www.lapa.ninja/post/qatchup/,Minimalist SaaS interface with a clean layout and neutral tones.,,neutral gray,"[""#f0f0f0"", ""#ffffff"", ""#cccccc"", ""#333333""]",0.5
Lapa Ninja (Post),Era,APP,,,https://cdn.lapa.ninja/assets/images/1x/era-app-2-thumb.jpg,https://www.lapa.ninja/post/era-app-2/,Minimalist app design with a sleek layout and a neutral color tone.,,neutral gray,"[""#f0f0f0"", ""#cccccc"", ""#ffffff"", ""#000000""]",0.5
Lapa Ninja (Post),Sunset,BUSINESS,,,https://cdn.lapa.ninja/assets/images/1x/hellosunset-thumb.jpg,https://www.lapa.ninja/post/hellosunset/,Serene sunset theme with warm tones and a minimalist layout emphasizing tranquility.,,warm tones,"[""#ffcc00"", ""#ff6600"", ""#ff9966"", ""#ffcc99""]",0.5
Lapa Ninja (Post),Taya,ECOMMERCE,,,https://cdn.lapa.ninja/assets/images/1x/tayanecklace-thumb.jpg,https://www.lapa.ninja/post/tayanecklace/,Elegant jewelry showcase with a soft color palette and minimalistic layout.,,soft neutral,"[""#f5f5f5"", ""#dcdcdc"", ""#ffffff"", ""#000000""]",0.5
Lapa Ninja (Post),When We Love,ART,,,https://cdn.lapa.ninja/assets/images/1x/whenwelove-thumb.jpg,https://www.lapa.ninja/post/whenwelove/,"Emotive post with a warm beige palette and a simple, clean layout.",,warm beige,"[""#f5f5dc"", ""#dcdcdc"", ""#ffffff"", ""#000000""]",0.5
Lapa Ninja (Post),Rob Figueredo,PORTFOLIO,,,https://cdn.lapa.ninja/assets/images/1x/robably-thumb.jpg,https://www.lapa.ninja/post/robably/,Minimalist portfolio showcasing a clean layout with a neutral color tone.,,neutral,"[""#ffffff"", ""#f0f0f0"", ""#000000"", ""#cccccc""]",0.5
Lapa Ninja (Post),Groth Studio,STUDIO,,,https://cdn.lapa.ninja/assets/images/1x/groth-thumb.jpg,https://www.lapa.ninja/post/groth/,Minimalist studio showcase with a neutral palette and clean layout emphasizing imagery.,,neutral tones,"[""#ffffff"", ""#f0f0f0"", ""#d9d9d9"", ""#000000""]",0.5
Lapa Ninja (Post),Ditto,SAAS,,,https://cdn.lapa.ninja/assets/images/1x/trustditto-thumb.jpg,https://www.lapa.ninja/post/trustditto/,Minimalist SaaS landing page with a clean layout and neutral tones.,,neutral tones,"[""#ffffff"", ""#f0f0f0"", ""#e0e0e0"", ""#cccccc""]",0.5
Lapa Ninja (Post),Essential,ARTIFICIAL INTELLIGENCE,,,https://cdn.lapa.ninja/assets/images/1x/essential-thumb.jpg,https://www.lapa.ninja/post/essential/,"Minimalist layout with a neutral tone, featuring a clean design and subtle imagery.",,neutral,"[""#ffffff"", ""#f0f0f0"", ""#e0e0e0"", ""#cccccc""]",0.5
Lapa Ninja (Post),Make It Real Fund Merch,CORPORATE,,,https://cdn.lapa.ninja/assets/images/1x/mirfundmerch-thumb.jpg,https://www.lapa.ninja/post/mirfundmerch/,Casual merchandise page with a vibrant color palette and engaging layout.,,bright and playful,"[""#ffcc00"", ""#ff6699"", ""#66ccff"", ""#ffffff""]",0.5
Lapa Ninja (Post),Duna,SAAS,,,https://cdn.lapa.ninja/assets/images/1x/duna-thumb.jpg,https://www.lapa.ninja/post/duna/,Minimalist design showcasing a serene mood with a soft color palette and spacious layout.,,soft neutral,"[""#f0f0f0"", ""#d9d9d9"", ""#ffffff"", ""#cccccc""]",0.5
Lapa Ninja (Post),Dulcedo,AGENCY,,,https://cdn.lapa.ninja/assets/images/1x/dulcedo-thumb.jpg,https://www.lapa.ninja/post/dulcedo/,Elegant portfolio site with a warm beige palette and minimalistic layout.,,warm beige,"[""#f5f5dc"", ""#e0cda9"", ""#d8cfc4"", ""#c2b280""]",0.5
Lapa Ninja (Post),REF Digital Agency,AGENCY,,,https://cdn.lapa.ninja/assets/images/1x/ref-thumb.jpg,https://www.lapa.ninja/post/ref/,Modern digital agency site with a sleek layout and a neutral color palette.,,neutral tones,"[""#ffffff"", ""#f0f0f0"", ""#000000"", ""#cccccc""]",0.5
Lapa Ninja (Post),Genie,DESIGN TOOLS,,,https://cdn.lapa.ninja/assets/images/1x/geniestudio-thumb.jpg,https://www.lapa.ninja/post/geniestudio/,Playful design studio vibe with bright colors and a grid layout.,,vibrant,"[""#ffcc00"", ""#ff6699"", ""#66ccff"", ""#ffcc66""]",0.5
Lapa Ninja (Post),Coda,FINANCE,,,https://cdn.lapa.ninja/assets/images/1x/coda-co-thumb.jpg,https://www.lapa.ninja/post/coda-co/,"Minimalist finance site with a clean layout and neutral tones, emphasizing simplicity.",,neutral gray,"[""#f0f0f0"", ""#ffffff"", ""#cccccc"", ""#999999""]",0.5
Lapa Ninja (Post),Cursor,DEVELOPMENT TOOLS,,,https://cdn.lapa.ninja/assets/images/1x/cursor-2-thumb.jpg,https://www.lapa.ninja/post/cursor-2/,Minimalist design tool showcase with a neutral palette and clean layout.,,neutral gray,"[""#f0f0f0"", ""#cccccc"", ""#ffffff"", ""#000000""]",0.5
Lapa Ninja (Post),Tilt,FINANCE,,,https://cdn.lapa.ninja/assets/images/1x/tilt-thumb.jpg,https://www.lapa.ninja/post/tilt/,"Minimalist layout with a neutral tone, featuring a clean design and subtle visual elements.",,neutral,"[""#ffffff"", ""#f0f0f0"", ""#e0e0e0"", ""#cccccc""]",0.5
Lapa Ninja (Post),THE LINE Studio,STUDIO,,,https://cdn.lapa.ninja/assets/images/1x/thelinestudio-thumb.jpg,https://www.lapa.ninja/post/thelinestudio/,Minimalist studio showcase with a neutral palette and clean layout.,,neutral tones,"[""#f5f5f5"", ""#e0e0e0"", ""#bdbdbd"", ""#ffffff""]",0.5
Lapa Ninja (Post),Super Chill,APP,,,https://cdn.lapa.ninja/assets/images/1x/superchill-thumb.jpg,https://www.lapa.ninja/post/superchill/,Relaxed design with a soft color palette and minimalistic layout.,,soft pastel,"[""#f0f4f8"", ""#e0e7ee"", ""#cfd8e3"", ""#b0c4de""]",0.5
Lapa Ninja (Post),Pikkas,EDUCATION,,,https://cdn.lapa.ninja/assets/images/1x/pikkasinternational-thumb.jpg,https://www.lapa.ninja/post/pikkasinternational/,"Educational platform with a clean layout and warm beige tones, featuring engaging visuals.",,warm beige,"[""#f5f5dc"", ""#dcdcdc"", ""#ffffff"", ""#e0e0e0""]",0.5
Lapa Ninja (Post),Meracinque,FOOD DRINKS,,,https://cdn.lapa.ninja/assets/images/1x/meracinque-thumb.jpg,https://www.lapa.ninja/post/meracinque/,"Elegant food post featuring a warm beige palette and a clean, minimal layout.",,warm beige,"[""#f5f5dc"", ""#d8cfc4"", ""#e0cda9"", ""#f0e68c""]",0.5
Lapa Ninja (Post),Hot Type,FOUNDRY,,,https://cdn.lapa.ninja/assets/images/1x/hottype-thumb.jpg,https://www.lapa.ninja/post/hottype/,Modern design showcase with a vibrant color palette and minimalistic layout.,,bright and vibrant,"[""#ff6f61"", ""#6b5b95"", ""#88b04b"", ""#f7cac9""]",0.5
Lapa Ninja (Post),GT Pantheon,TYPOGRAPHY,,,https://cdn.lapa.ninja/assets/images/1x/gt-pantheon-thumb.jpg,https://www.lapa.ninja/post/gt-pantheon/,Sophisticated typography showcase with a neutral palette and minimalistic layout.,,neutral gray,"[""#f0f0f0"", ""#cccccc"", ""#333333"", ""#ffffff""]",0.5
Lapa Ninja (Post),Duten,HOME LIVING,,,https://cdn.lapa.ninja/assets/images/1x/duten-thumb.jpg,https://www.lapa.ninja/post/duten/,Minimalist home living showcase with a neutral palette and spacious layout.,,neutral tones,"[""#f5f5f5"", ""#e0e0e0"", ""#ffffff"", ""#bdbdbd""]",0.5
Lapa Ninja (Post),Dirty Vine,FOOD DRINKS,,,https://cdn.lapa.ninja/assets/images/1x/dirtyvine-thumb.jpg,https://www.lapa.ninja/post/dirtyvine/,Casual dining vibe with earthy tones and a relaxed layout featuring food imagery.,,earthy green,"[""#8b5a2b"", ""#d2b48c"", ""#f5f5dc"", ""#deb887""]",0.5
Lapa Ninja (Post),Arkeale,CORPORATE,,,https://cdn.lapa.ninja/assets/images/1x/arkeale-thumb.jpg,https://www.lapa.ninja/post/arkeale/,"Minimalist design with a neutral palette and spacious layout, emphasizing simplicity.",,neutral tones,"[""#f0f0f0"", ""#ffffff"", ""#cccccc"", ""#999999""]",0.5
Lapa Ninja (Post),Portal,SAAS,,,https://cdn.lapa.ninja/assets/images/1x/useportal-thumb.jpg,https://www.lapa.ninja/post/useportal/,Modern SaaS portal with a clean layout and a neutral color tone.,,neutral gray,"[""#f0f0f0"", ""#ffffff"", ""#cccccc"", ""#333333""]",0.5
Lapa Ninja (Post),Matic,HOME LIVING,,,https://cdn.lapa.ninja/assets/images/1x/maticrobots-thumb.jpg,https://www.lapa.ninja/post/maticrobots/,Modern home living showcase with a clean layout and neutral tones.,,neutral tones,"[""#ffffff"", ""#f0f0f0"", ""#d9d9d9"", ""#cccccc""]",0.5
Lapa Ninja (Post),Form&Fun,STUDIO,,,https://cdn.lapa.ninja/assets/images/1x/formandfun-thumb.jpg,https://www.lapa.ninja/post/formandfun/,Playful design showcasing vibrant colors and a dynamic layout with engaging elements.,,bright and playful,"[""#ff6f61"", ""#6b5b95"", ""#88b04b"", ""#f7cac9""]",0.5
Lapa Ninja (Post),Bloom & Wolf,ECOMMERCE,,,https://cdn.lapa.ninja/assets/images/1x/bloomandwolf-thumb.jpg,https://www.lapa.ninja/post/bloomandwolf/,Elegant ecommerce site with a soft color palette and minimalistic layout.,,soft neutral,"[""#f5f5f5"", ""#e0e0e0"", ""#ffffff"", ""#d1cfcf""]",0.5
Lapa Ninja (Post),Azione,AGENCY,,,https://cdn.lapa.ninja/assets/images/1x/azionepr-thumb.jpg,https://www.lapa.ninja/post/azionepr/,Dynamic design showcasing a vibrant color palette with a modern layout and engaging visuals.,,vibrant,"[""#ff5733"", ""#33c1ff"", ""#ff33a1"", ""#33ff57""]",0.5
Lapa Ninja (Post),Maggie App,APP,,,https://cdn.lapa.ninja/assets/images/1x/maggie-app-thumb.jpg,https://www.lapa.ninja/post/maggie-app/,Minimalist app design with a soft color palette and clean layout.,,soft neutral,"[""#f0f0f0"", ""#ffffff"", ""#e0e0e0"", ""#d0d0d0""]",0.5
Lapa Ninja (Post),Grit Pictures,AGENCY,,,https://cdn.lapa.ninja/assets/images/1x/grit-thumb.jpg,https://www.lapa.ninja/post/grit/,Dynamic visual storytelling with a warm beige palette and engaging grid layout.,,warm beige,"[""#f5f5dc"", ""#d2b48c"", ""#deb887"", ""#ffe4c4""]",0.5
Lapa Ninja (Post),That One Couple,AGENCY,,,https://cdn.lapa.ninja/assets/images/1x/thatonecouple-thumb.jpg,https://www.lapa.ninja/post/thatonecouple/,Charming couple's post with a warm beige palette and inviting layout.,,warm beige,"[""#f5f5dc"", ""#dcdcdc"", ""#fffaf0"", ""#ffe4b5""]",0.5
Lapa Ninja (Post),Studio Tyrsa,STUDIO,,,https://cdn.lapa.ninja/assets/images/1x/studiotyrsa-thumb.jpg,https://www.lapa.ninja/post/studiotyrsa/,Minimalist design showcasing a modern aesthetic with a neutral color palette and clean layout.,,neutral tones,"[""#ffffff"", ""#f0f0f0"", ""#d9d9d9"", ""#000000""]",0.5
Lapa Ninja (Post),Revitin,HEALTH FITNESS,,,https://cdn.lapa.ninja/assets/images/1x/revitin-thumb.jpg,https://www.lapa.ninja/post/revitin/,"Energetic health-focused layout with vibrant tones and a clean, modern aesthetic.",,vibrant green,"[""#4caf50"", ""#ffffff"", ""#f0f0f0"", ""#e0e0e0""]",0.5
Lapa Ninja (Post),Early Works,STUDIO,,,https://cdn.lapa.ninja/assets/images/1x/early-thumb.jpg,https://www.lapa.ninja/post/early/,Minimalist design showcasing early works with a neutral palette and clean layout.,,neutral tones,"[""#f0f0f0"", ""#cccccc"", ""#ffffff"", ""#000000""]",0.5
Lapa Ninja (Post),Exrcst,ECOMMERCE,,,https://cdn.lapa.ninja/assets/images/1x/exrcst-thumb.jpg,https://www.lapa.ninja/post/exrcst/,Minimalist e-commerce site with a clean layout and neutral tones.,,neutral gray,"[""#f0f0f0"", ""#ffffff"", ""#cccccc"", ""#333333""]",0.5
Lapa Ninja (Post),Scout Motors,AUTOMOTIVE,,,https://cdn.lapa.ninja/assets/images/1x/scoutmotors-thumb.jpg,https://www.lapa.ninja/post/scoutmotors/,Modern automotive showcase with a rugged aesthetic and earthy tones.,,earthy green,"[""#4a7c2a"", ""#b5c99a"", ""#ffffff"", ""#333333""]",0.5
Lapa Ninja (Post),T3 by EquipmentShare,AUTOMOTIVE,,,https://cdn.lapa.ninja/assets/images/1x/t3-thumb.jpg,https://www.lapa.ninja/post/t3/,Modern automotive showcase with a clean layout and neutral tones.,,neutral gray,"[""#cccccc"", ""#ffffff"", ""#000000"", ""#f0f0f0""]",0.5
Lapa Ninja (Post),Sunrise Robotics,CORPORATE,,,https://cdn.lapa.ninja/assets/images/1x/sunriserobotics-thumb.jpg,https://www.lapa.ninja/post/sunriserobotics/,"Futuristic robotics showcase with a warm beige palette and clean, minimal layout.",,warm beige,"[""#f5f5dc"", ""#dcdcdc"", ""#ffffff"", ""#000000""]",0.5
Lapa Ninja (Post),Normal Computing,HARDWARE,,,https://cdn.lapa.ninja/assets/images/1x/normalcomputing-thumb.jpg,https://www.lapa.ninja/post/normalcomputing/,"Minimalist layout with a neutral tone, featuring a soft color palette and clean design elements.",,neutral gray,"[""#f0f0f0"", ""#cccccc"", ""#ffffff"", ""#000000""]",0.5
Lapa Ninja (Post),Michael Aust,PORTFOLIO,,,https://cdn.lapa.ninja/assets/images/1x/michael-aust-thumb.jpg,https://www.lapa.ninja/post/michael-aust/,Minimalist portfolio showcasing a clean layout with neutral tones and subtle elegance.,,neutral tones,"[""#ffffff"", ""#f0f0f0"", ""#d9d9d9"", ""#bfbfbf""]",0.5
Lapa Ninja (Post),Dorian Lods,PORTFOLIO,,,https://cdn.lapa.ninja/assets/images/1x/dorianlods-thumb.jpg,https://www.lapa.ninja/post/dorianlods/,Minimalist portfolio showcasing a serene mood with a neutral color tone and clean layout.,,neutral,"[""#ffffff"", ""#f0f0f0"", ""#d9d9d9"", ""#bfbfbf""]",0.5
Lapa Ninja (Post),Olha Lazarieva,PORTFOLIO,,,https://cdn.lapa.ninja/assets/images/1x/olhalazarieva-thumb.jpg,https://www.lapa.ninja/post/olhalazarieva/,Minimalist portfolio showcasing a serene aesthetic with a neutral color palette.,,neutral tones,"[""#f0f0f0"", ""#d9d9d9"", ""#ffffff"", ""#cccccc""]",0.5
Lapa Ninja (Post),Panconesi,FASHION,,,https://cdn.lapa.ninja/assets/images/1x/marcopanconesi-thumb.jpg,https://www.lapa.ninja/post/marcopanconesi/,Elegant fashion post with a minimalist layout and soft color tones.,,soft neutral,"[""#f0f0f0"", ""#d9d9d9"", ""#ffffff"", ""#cccccc""]",0.5
Lapa Ninja (Post),Ink Games,GAME,,,https://cdn.lapa.ninja/assets/images/1x/inkgames-thumb.jpg,https://www.lapa.ninja/post/inkgames/,Playful gaming site with vibrant colors and a dynamic layout featuring engaging visuals.,,bright and playful,"[""#ffcc00"", ""#ff5733"", ""#33ccff"", ""#ffffff""]",0.5
Lapa Ninja (Post),Celeres,VENTURES,,,https://cdn.lapa.ninja/assets/images/1x/celeresinvestments-thumb.jpg,https://www.lapa.ninja/post/celeresinvestments/,Professional investment site with a clean layout and neutral tones.,,neutral gray,"[""#f0f0f0"", ""#cccccc"", ""#333333"", ""#ffffff""]",0.5
Lapa Ninja (Post),Cofounder,ARTIFICIAL INTELLIGENCE,,,https://cdn.lapa.ninja/assets/images/1x/cofounder-thumb.jpg,https://www.lapa.ninja/post/cofounder/,"Minimalist layout with a neutral tone, featuring a clean design and subtle visual elements.",,neutral gray,"[""#f0f0f0"", ""#cccccc"", ""#ffffff"", ""#000000""]",0.5
Lapa Ninja (Post),Dayos,ARTIFICIAL INTELLIGENCE,,,https://cdn.lapa.ninja/assets/images/1x/dayos-thumb.jpg,https://www.lapa.ninja/post/dayos/,"Minimalist design with a neutral tone and simple layout, emphasizing clarity and functionality.",,neutral gray,"[""#f0f0f0"", ""#cccccc"", ""#ffffff"", ""#000000""]",0.5
Lapa Ninja (Post),Mouthwash Studio,STUDIO,,,https://cdn.lapa.ninja/assets/images/1x/mouthwash-studio-2-thumb.jpg,https://www.lapa.ninja/post/mouthwash-studio-2/,"Minimalist design with a fresh vibe, featuring a clean layout and soft color tones.",,soft neutral,"[""#f0f0f0"", ""#ffffff"", ""#d9d9d9"", ""#b3b3b3""]",0.5
Lapa Ninja (Post),Rue Haus,STUDIO,,,https://cdn.lapa.ninja/assets/images/1x/ruehaus-thumb.jpg,https://www.lapa.ninja/post/ruehaus/,Modern design showcase with a warm beige palette and minimalistic layout.,,warm beige,"[""#f5f5dc"", ""#dcdcdc"", ""#ffffff"", ""#a52a2a""]",0.5
Lapa Ninja (Post),Craft,SAAS,,,https://cdn.lapa.ninja/assets/images/1x/craft-do-4-thumb.jpg,https://www.lapa.ninja/post/craft-do-4/,Minimalist design showcasing a serene mood with a clean layout and soft color tones.,,soft neutral,"[""#f0f0f0"", ""#d9d9d9"", ""#ffffff"", ""#cccccc""]",0.5
Lapa Ninja (Post),Stable,FINTECH,,,https://cdn.lapa.ninja/assets/images/1x/stable-thumb.jpg,https://www.lapa.ninja/post/stable/,Minimalist fintech post with a neutral tone and clean layout.,,neutral gray,"[""#f0f0f0"", ""#cccccc"", ""#ffffff"", ""#000000""]",0.5
Lapa Ninja (Post),Daylight Health,HEALTH FITNESS,,,https://cdn.lapa.ninja/assets/images/1x/daylight-health-thumb.jpg,https://www.lapa.ninja/post/daylight-health/,"Bright health-focused layout with a warm beige palette and clean, spacious design.",,warm beige,"[""#f5f5dc"", ""#ffffff"", ""#ffebcd"", ""#ffe4b5""]",0.5
Lapa Ninja (Post),EverythingMoves,STUDIO,,,https://cdn.lapa.ninja/assets/images/1x/everythingmoves-thumb.jpg,https://www.lapa.ninja/post/everythingmoves/,Dynamic design showcasing movement with a vibrant color palette and fluid layout.,,vibrant,"[""#ff5733"", ""#33c1ff"", ""#ff33a1"", ""#33ff57""]",0.5
Lapa Ninja (Post),Operate,SAAS,,,https://cdn.lapa.ninja/assets/images/1x/operate-thumb.jpg,https://www.lapa.ninja/post/operate/,Minimalist SaaS interface with a clean layout and neutral tones.,,neutral gray,"[""#f0f0f0"", ""#ffffff"", ""#cccccc"", ""#333333""]",0.5
Lapa Ninja (Post),ADCKER,AGENCY,,,https://cdn.lapa.ninja/assets/images/1x/adcker-thumb.jpg,https://www.lapa.ninja/post/adcker/,"Minimalist design with a neutral tone and clean layout, emphasizing simplicity.",,neutral,"[""#ffffff"", ""#f0f0f0"", ""#e0e0e0"", ""#cccccc""]",0.5
Lapa Ninja (Post),Ben And Martin,PHOTOGRAPHY,,,https://cdn.lapa.ninja/assets/images/1x/benandmartin-thumb.jpg,https://www.lapa.ninja/post/benandmartin/,Minimalist photography showcase with a neutral palette and clean layout.,,neutral tones,"[""#ffffff"", ""#f0f0f0"", ""#d9d9d9"", ""#000000""]",0.5
Lapa Ninja (Post),L'Étude,STUDIO,,,https://cdn.lapa.ninja/assets/images/1x/letude-thumb.jpg,https://www.lapa.ninja/post/letude/,"Minimalist design with a serene mood, featuring a soft color palette and spacious layout.",,soft neutral,"[""#f5f5f5"", ""#e0e0e0"", ""#ffffff"", ""#cccccc""]",0.5
Lapa Ninja (Post),Abhishek Jha,PORTFOLIO,,,https://cdn.lapa.ninja/assets/images/1x/abhishekjha-3-thumb.jpg,https://www.lapa.ninja/post/abhishekjha-3/,Minimalist portfolio showcasing a clean layout with a neutral color tone.,,neutral,"[""#ffffff"", ""#f0f0f0"", ""#000000"", ""#cccccc""]",0.5
Lapa Ninja (Post),Jack Theobald,PORTFOLIO,,,https://cdn.lapa.ninja/assets/images/1x/jacktheobald-thumb.jpg,https://www.lapa.ninja/post/jacktheobald/,Minimalist portfolio showcasing a clean layout with neutral tones and subtle design elements.,,neutral,"[""#ffffff"", ""#f0f0f0"", ""#e0e0e0"", ""#cccccc""]",0.5
Lapa Ninja (Post),Anything,ARTIFICIAL INTELLIGENCE,,,https://cdn.lapa.ninja/assets/images/1x/createanything-thumb.jpg,https://www.lapa.ninja/post/createanything/,"Minimalist layout with a neutral tone, featuring a soft color palette and clean design elements.",,neutral,"[""#ffffff"", ""#f0f0f0"", ""#e0e0e0"", ""#d0d0d0""]",0.5
Lapa Ninja (Post),Hurt Feelings,EDUCATION,,,https://cdn.lapa.ninja/assets/images/1x/hurt-feelings-thumb.jpg,https://www.lapa.ninja/post/hurt-feelings/,"Reflective post with a somber mood, featuring a muted color palette and minimal layout.",,neutral tones,"[""#cccccc"", ""#999999"", ""#666666"", ""#333333""]",0.5
Lapa Ninja (Post),monopo NYC,AGENCY,,,https://cdn.lapa.ninja/assets/images/1x/monopo-thumb.jpg,https://www.lapa.ninja/post/monopo/,Urban design showcase with a sleek layout and a modern monochrome palette.,,neutral gray,"[""#000000"", ""#ffffff"", ""#cccccc"", ""#333333""]",0.5
Lapa Ninja (Post),Resolute AI,HEALTH FITNESS,,,https://cdn.lapa.ninja/assets/images/1x/theresolute-thumb.jpg,https://www.lapa.ninja/post/theresolute/,Modern AI showcase with a sleek layout and a neutral color tone emphasizing technology.,,neutral gray,"[""#f0f0f0"", ""#cccccc"", ""#333333"", ""#ffffff""]",0.5
Lapa Ninja (Post),Studio Nordost,STUDIO,,,https://cdn.lapa.ninja/assets/images/1x/studio-nordost-thumb.jpg,https://www.lapa.ninja/post/studio-nordost/,"Minimalist design with a serene mood, featuring a muted color palette and spacious layout.",,neutral tones,"[""#f0f0f0"", ""#cccccc"", ""#ffffff"", ""#000000""]",0.5
Lapa Ninja (Post),SkinGame Media,AGENCY,,,https://cdn.lapa.ninja/assets/images/1x/skingamemedia-thumb.jpg,https://www.lapa.ninja/post/skingamemedia/,Dynamic media site with a vibrant color scheme and engaging layout.,,vibrant,"[""#ff5733"", ""#33c1ff"", ""#f1c40f"", ""#8e44ad""]",0.5
Lapa Ninja (Post),Rhumb Studio,STUDIO,,,https://cdn.lapa.ninja/assets/images/1x/rhumb-thumb.jpg,https://www.lapa.ninja/post/rhumb/,Minimalist studio showcase with a neutral palette and clean layout emphasizing visuals.,,neutral tones,"[""#f5f5f5"", ""#cccccc"", ""#ffffff"", ""#000000""]",0.5
Lapa Ninja (Post),David Kushner,MUSIC,,,https://cdn.lapa.ninja/assets/images/1x/davidkushnermusic-thumb.jpg,https://www.lapa.ninja/post/davidkushnermusic/,Energetic music post featuring a vibrant color scheme and dynamic layout.,,vibrant,"[""#ff5733"", ""#33c1ff"", ""#ff33a1"", ""#f3ff33""]",0.5
Lapa Ninja (Post),A Present Force,STUDIO,,,https://cdn.lapa.ninja/assets/images/1x/apresentforce-thumb.jpg,https://www.lapa.ninja/post/apresentforce/,"Minimalist design with a serene mood, featuring a soft color palette and clean layout.",,soft neutral,"[""#f0f0f0"", ""#d9d9d9"", ""#ffffff"", ""#cccccc""]",0.5
Lapa Ninja (Post),Almost Pearfect,FOOD DRINKS,,,https://cdn.lapa.ninja/assets/images/1x/almost-pearfect-thumb.jpg,https://www.lapa.ninja/post/almost-pearfect/,"Playful food blog post with warm beige tones and a simple, inviting layout.",,warm beige,"[""#f5e1b0"", ""#f9c74f"", ""#f94144"", ""#90be6d""]",0.5
Lapa Ninja (Post),Parallel,ARTIFICIAL INTELLIGENCE,,,https://cdn.lapa.ninja/assets/images/1x/parallel-thumb.jpg,https://www.lapa.ninja/post/parallel/,"Futuristic design with a sleek layout and a cool color tone, featuring abstract visuals.",,cool gray,"[""#cccccc"", ""#999999"", ""#666666"", ""#333333""]",0.5
Lapa Ninja (Post),Digilab,CORPORATE,,,https://cdn.lapa.ninja/assets/images/1x/digilab-thumb.jpg,https://www.lapa.ninja/post/digilab/,"Modern corporate site with a clean layout and neutral tones, emphasizing professionalism.",,neutral gray,"[""#f0f0f0"", ""#cccccc"", ""#333333"", ""#ffffff""]",0.5
Lapa Ninja (Post),Cap,SAAS,,,https://cdn.lapa.ninja/assets/images/1x/cap-3-thumb.jpg,https://www.lapa.ninja/post/cap-3/,Casual and modern design with a neutral palette and simple layout.,,neutral tones,"[""#f0f0f0"", ""#cccccc"", ""#ffffff"", ""#000000""]",0.5
Lapa Ninja (Post),Stephen Hannon,PORTFOLIO,,,https://cdn.lapa.ninja/assets/images/1x/stephenhannon-thumb.jpg,https://www.lapa.ninja/post/stephenhannon/,Minimalist portfolio layout with a neutral tone and clean design elements.,,neutral,"[""#ffffff"", ""#f0f0f0"", ""#000000"", ""#cccccc""]",0.5
Lapa Ninja (Post),Dust Moto,AUTOMOTIVE,,,https://cdn.lapa.ninja/assets/images/1x/dustmoto-thumb.jpg,https://www.lapa.ninja/post/dustmoto/,Rugged automotive showcase with earthy tones and a dynamic layout emphasizing adventure.,,earthy tones,"[""#8B4513"", ""#A0522D"", ""#D2691E"", ""#F4A460""]",0.5
Lapa Ninja (Post),RIERA,STUDIO,,,https://cdn.lapa.ninja/assets/images/1x/rierastudio-thumb.jpg,https://www.lapa.ninja/post/rierastudio/,"Minimalist design with a serene mood, featuring a neutral palette and spacious layout.",,neutral tones,"[""#f5f5f5"", ""#e0e0e0"", ""#ffffff"", ""#cccccc""]",0.5
Lapa Ninja (Post),Racepoint,AGENCY,,,https://cdn.lapa.ninja/assets/images/1x/racepointglobal-thumb.jpg,https://www.lapa.ninja/post/racepointglobal/,"Professional layout with a muted tone, featuring a clean design and subtle color palette.",,neutral tones,"[""#f0f0f0"", ""#cccccc"", ""#333333"", ""#ffffff""]",0.5
Lapa Ninja (Post),Parable,VENTURES,,,https://cdn.lapa.ninja/assets/images/1x/parablevc-thumb.jpg,https://www.lapa.ninja/post/parablevc/,"Minimalist design with a serene mood, featuring a soft color palette and a clean layout.",,soft neutral,"[""#f0f0f0"", ""#ffffff"", ""#d9d9d9"", ""#bfbfbf""]",0.5
Lapa Ninja (Post),Nivedha Nirmal,PORTFOLIO,,,https://cdn.lapa.ninja/assets/images/1x/nivedhanirmal-thumb.jpg,https://www.lapa.ninja/post/nivedhanirmal/,Minimalist portfolio layout with a serene vibe and soft color tones.,,soft neutral,"[""#f0f0f0"", ""#d9d9d9"", ""#ffffff"", ""#cccccc""]",0.5
Lapa Ninja (Post),Juice Agency,AGENCY,,,https://cdn.lapa.ninja/assets/images/1x/juice-agency-thumb.jpg,https://www.lapa.ninja/post/juice-agency/,"Energetic agency showcase with vibrant colors and a clean, modern layout.",,bright and lively,"[""#ffcc00"", ""#ff5733"", ""#33ccff"", ""#ffffff""]",0.5
Lapa Ninja (Post),Clearwater,HEALTH FITNESS,,,https://cdn.lapa.ninja/assets/images/1x/clearwater-thumb.jpg,https://www.lapa.ninja/post/clearwater/,Serene wellness site featuring a calm layout and soft color tones.,,soft green,"[""#a8e6cf"", ""#dcedc1"", ""#ffd3b6"", ""#ffaaa5""]",0.5
Lapa Ninja (Post),BEINGS,CORPORATE,,,https://cdn.lapa.ninja/assets/images/1x/beings-thumb.jpg,https://www.lapa.ninja/post/beings/,"Minimalist design with a serene mood, featuring a neutral palette and spacious layout.",,neutral tones,"[""#f0f0f0"", ""#ffffff"", ""#d9d9d9"", ""#bfbfbf""]",0.5
Lapa Ninja (Post),TUX CREATIVE HOUSE,AGENCY,,,https://cdn.lapa.ninja/assets/images/1x/tux-thumb.jpg,https://www.lapa.ninja/post/tux/,Creative agency showcase with a modern layout and a neutral color tone.,,neutral,"[""#ffffff"", ""#000000"", ""#f0f0f0"", ""#cccccc""]",0.5
Lapa Ninja (Post),The New Industrials,EDUCATION,,,https://cdn.lapa.ninja/assets/images/1x/thenewindustrials-thumb.jpg,https://www.lapa.ninja/post/thenewindustrials/,Industrial-themed layout with a neutral palette and minimalistic design elements.,,neutral tones,"[""#cccccc"", ""#999999"", ""#666666"", ""#333333""]",0.5
Lapa Ninja (Post),LINE OF SIGHT,FASHION,,,https://cdn.lapa.ninja/assets/images/1x/lineofsight-thumb.jpg,https://www.lapa.ninja/post/lineofsight/,Minimalist fashion post with a neutral tone and clean layout emphasizing visual content.,,neutral,"[""#ffffff"", ""#f0f0f0"", ""#000000"", ""#cccccc""]",0.5
Lapa Ninja (Post),Double Play,STUDIO,,,https://cdn.lapa.ninja/assets/images/1x/doubleplay-thumb.jpg,https://www.lapa.ninja/post/doubleplay/,"Dynamic layout with a playful mood, featuring a vibrant color palette and engaging visuals.",,playful,"[""#ff6f61"", ""#6b5b95"", ""#88b04b"", ""#f7cac9""]",0.5
Lapa Ninja (Post),Alter Geneva,FASHION,,,https://cdn.lapa.ninja/assets/images/1x/altergeneva-thumb.jpg,https://www.lapa.ninja/post/altergeneva/,Elegant fashion showcase with a minimalist layout and soft color tones.,,soft neutral,"[""#f5f5f5"", ""#dcdcdc"", ""#ffffff"", ""#000000""]",0.5
Lapa Ninja (Post),Boring Industries,AGENCY,,,https://cdn.lapa.ninja/assets/images/1x/boring-industries-thumb.jpg,https://www.lapa.ninja/post/boring-industries/,"Minimalist design with a neutral palette and a clean, structured layout.",,neutral gray,"[""#f0f0f0"", ""#cccccc"", ""#999999"", ""#333333""]",0.5
Lapa Ninja (Post),Mike Kus,PORTFOLIO,,,https://cdn.lapa.ninja/assets/images/1x/mikekus-thumb.jpg,https://www.lapa.ninja/post/mikekus/,Minimalist portfolio showcasing vibrant colors and a clean layout.,,vibrant,"[""#ff6f61"", ""#6b5b95"", ""#88b04b"", ""#f7cac9""]",0.5
Lapa Ninja (Post),Superpower,HEALTH FITNESS,,,https://cdn.lapa.ninja/assets/images/1x/superpower-2-thumb.jpg,https://www.lapa.ninja/post/superpower-2/,Energetic health-focused layout with vibrant colors and dynamic imagery.,,bright and lively,"[""#ffcc00"", ""#ff5733"", ""#33ccff"", ""#ffffff""]",0.5
Lapa Ninja (Post),Daniel Sun,PORTFOLIO,,,https://cdn.lapa.ninja/assets/images/1x/danielsun-3-thumb.jpg,https://www.lapa.ninja/post/danielsun-3/,Minimalist portfolio showcasing a serene mood with a neutral color palette and clean layout.,,neutral tones,"[""#f0f0f0"", ""#cccccc"", ""#ffffff"", ""#000000""]",0.5
Lapa Ninja (Post),Cobot,APP,,,https://cdn.lapa.ninja/assets/images/1x/cobot-thumb.jpg,https://www.lapa.ninja/post/cobot/,Minimalist design showcasing a tech product with a clean layout and neutral tones.,,neutral gray,"[""#f0f0f0"", ""#cccccc"", ""#ffffff"", ""#000000""]",0.5
Lapa Ninja (Post),Vetric,SAAS,,,https://cdn.lapa.ninja/assets/images/1x/vetric-thumb.jpg,https://www.lapa.ninja/post/vetric/,Minimalist SaaS landing page with a clean layout and neutral tones.,,neutral gray,"[""#f0f0f0"", ""#ffffff"", ""#cccccc"", ""#333333""]",0.5
Lapa Ninja (Post),Solflare,FINTECH,,,https://cdn.lapa.ninja/assets/images/1x/solflare-thumb.jpg,https://www.lapa.ninja/post/solflare/,Minimalist fintech interface with a clean layout and neutral tones.,,neutral gray,"[""#f0f0f0"", ""#ffffff"", ""#000000"", ""#cccccc""]",0.5
Lapa Ninja (Post),Charm,DEVELOPMENT TOOLS,,,https://cdn.lapa.ninja/assets/images/1x/charm-thumb.jpg,https://www.lapa.ninja/post/charm/,"Minimalist design with a serene mood, featuring a soft color palette and clean layout.",,soft neutral,"[""#f0f0f0"", ""#ffffff"", ""#d9d9d9"", ""#bfbfbf""]",0.5
Lapa Ninja (Post),Cluely,SAAS,,,https://cdn.lapa.ninja/assets/images/1x/cluely-thumb.jpg,https://www.lapa.ninja/post/cluely/,Minimalist SaaS interface with a clean layout and a neutral color tone.,,neutral gray,"[""#f0f0f0"", ""#ffffff"", ""#cccccc"", ""#333333""]",0.5
Lapa Ninja (Post),Headroom,SAAS,,,https://cdn.lapa.ninja/assets/images/1x/headroom-thumb.jpg,https://www.lapa.ninja/post/headroom/,"Modern SaaS interface with a clean layout and neutral tones, emphasizing usability.",,neutral tones,"[""#f0f0f0"", ""#ffffff"", ""#cccccc"", ""#333333""]",0.5
Lapa Ninja (Post),Dream Recorder,HEALTH FITNESS,,,https://cdn.lapa.ninja/assets/images/1x/dreamrecorder-thumb.jpg,https://www.lapa.ninja/post/dreamrecorder/,Serene wellness post featuring a soft color palette and minimalistic layout.,,soft neutral,"[""#f0f0f0"", ""#d9d9d9"", ""#ffffff"", ""#cccccc""]",0.5
Lapa Ninja (Post),Everest Systems,SOFTWARE,,,https://cdn.lapa.ninja/assets/images/1x/everest-systems-thumb.jpg,https://www.lapa.ninja/post/everest-systems/,"Modern tech site with a clean layout and a cool, muted color tone.",,cool gray,"[""#f0f0f0"", ""#cccccc"", ""#ffffff"", ""#333333""]",0.5
Lapa Ninja (Post),Elevate,ILLUSTRATION,,,https://cdn.lapa.ninja/assets/images/1x/elevatehomescriptions-thumb.jpg,https://www.lapa.ninja/post/elevatehomescriptions/,"Minimalist design with a serene mood, featuring a soft color palette and spacious layout.",,soft neutral,"[""#f0f0f0"", ""#ffffff"", ""#d9d9d9"", ""#bfbfbf""]",0.5
Lapa Ninja (Post),Sebastian Curi,PORTFOLIO,,,https://cdn.lapa.ninja/assets/images/1x/sebastiancuri-thumb.jpg,https://www.lapa.ninja/post/sebastiancuri/,Minimalist portfolio showcasing a clean layout with a neutral color tone and striking imagery.,,neutral,"[""#ffffff"", ""#000000"", ""#f0f0f0"", ""#cccccc""]",0.5
Lapa Ninja (Post),Dapper,AGENCY,,,https://cdn.lapa.ninja/assets/images/1x/dapper-thumb.jpg,https://www.lapa.ninja/post/dapper/,Sophisticated design showcasing a refined aesthetic with a structured layout and neutral tones.,,neutral tones,"[""#f0f0f0"", ""#cccccc"", ""#333333"", ""#ffffff""]",0.5
Lapa Ninja (Post),Fishwife,FOOD DRINKS,,,https://cdn.lapa.ninja/assets/images/1x/eatfishwife-2-thumb.jpg,https://www.lapa.ninja/post/eatfishwife-2/,Casual dining site with a warm beige palette and inviting layout.,,warm beige,"[""#f5f5dc"", ""#d2b48c"", ""#fff8dc"", ""#deb887""]",0.5
Lapa Ninja (Post),REN,FOOD DRINKS,,,https://cdn.lapa.ninja/assets/images/1x/matcharen-thumb.jpg,https://www.lapa.ninja/post/matcharen/,Minimalist food post with warm tones and a clean layout emphasizing the dish.,,warm beige,"[""#f5f5dc"", ""#d2b48c"", ""#fff8dc"", ""#deb887""]",0.5
Lapa Ninja (Post),Sarah Eisman Studio,FASHION,,,https://cdn.lapa.ninja/assets/images/1x/saraheismanstudio-thumb.jpg,https://www.lapa.ninja/post/saraheismanstudio/,Elegant studio website with a minimalist layout and soft neutral tones.,,soft neutral,"[""#f5f5f5"", ""#e0e0e0"", ""#ffffff"", ""#dcdcdc""]",0.5
Lapa Ninja (Post),Cyphr Studio,STUDIO,,,https://cdn.lapa.ninja/assets/images/1x/cyphr-studio-thumb.jpg,https://www.lapa.ninja/post/cyphr-studio/,Minimalist studio website with a neutral palette and clean layout.,,neutral gray,"[""#f0f0f0"", ""#cccccc"", ""#ffffff"", ""#000000""]",0.5
Lapa Ninja (Post),Lottiefiles,DESIGN TOOLS,,,https://cdn.lapa.ninja/assets/images/1x/lottiefiles-thumb.jpg,https://www.lapa.ninja/post/lottiefiles/,Playful design tool showcase with a vibrant color palette and engaging layout.,,bright and playful,"[""#ff6f61"", ""#6b5b95"", ""#88b04b"", ""#f7cac9""]",0.5
Lapa Ninja (Post),Swehl,ECOMMERCE,,,https://cdn.lapa.ninja/assets/images/1x/swehl-thumb.jpg,https://www.lapa.ninja/post/swehl/,Minimalist e-commerce site with a clean layout and neutral tones.,,neutral tones,"[""#f5f5f5"", ""#cccccc"", ""#ffffff"", ""#000000""]",0.5
Lapa Ninja (Post),Web Design London,AGENCY,,,https://cdn.lapa.ninja/assets/images/1x/web-designlondon-thumb.jpg,https://www.lapa.ninja/post/web-designlondon/,Professional web design showcase with a clean layout and neutral tones.,,neutral gray,"[""#f0f0f0"", ""#cccccc"", ""#333333"", ""#ffffff""]",0.5
Lapa Ninja (Post),Visual Domain,STUDIO,,,https://cdn.lapa.ninja/assets/images/1x/visualdomain-thumb.jpg,https://www.lapa.ninja/post/visualdomain/,"Minimalist design with a neutral tone and clean layout, emphasizing simplicity.",,neutral gray,"[""#f0f0f0"", ""#cccccc"", ""#ffffff"", ""#000000""]",0.5
Lapa Ninja (Post),Turn.io,APP,,,https://cdn.lapa.ninja/assets/images/1x/turn-thumb.jpg,https://www.lapa.ninja/post/turn/,"Minimalist design with a serene mood, featuring a soft color palette and spacious layout.",,soft neutral,"[""#f0f0f0"", ""#ffffff"", ""#d9d9d9"", ""#bfbfbf""]",0.5
Lapa Ninja (Post),SquadEasy,APP,,,https://cdn.lapa.ninja/assets/images/1x/squadeasy-2-thumb.jpg,https://www.lapa.ninja/post/squadeasy-2/,Energetic team collaboration site with a vibrant palette and engaging layout.,,dynamic and bright,"[""#ff5733"", ""#33c1ff"", ""#ffc300"", ""#c70039""]",0.5
Lapa Ninja (Post),Posthuman Lab,FASHION,,,https://cdn.lapa.ninja/assets/images/1x/posthmnlab-thumb.jpg,https://www.lapa.ninja/post/posthmnlab/,Futuristic design with a dark palette and minimalistic layout emphasizing technology.,,dark and muted,"[""#000000"", ""#333333"", ""#666666"", ""#ffffff""]",0.5
Lapa Ninja (Post),Portrait,SAAS,,,https://cdn.lapa.ninja/assets/images/1x/portrait-thumb.jpg,https://www.lapa.ninja/post/portrait/,"Minimalist portrait layout with a soft, neutral color tone and clean design elements.",,neutral tones,"[""#f0f0f0"", ""#d9d9d9"", ""#ffffff"", ""#cccccc""]",0.5
Lapa Ninja (Post),Muse Group,CORPORATE,,,https://cdn.lapa.ninja/assets/images/1x/muse-thumb.jpg,https://www.lapa.ninja/post/muse/,"Corporate website with a clean layout and a neutral color tone, emphasizing professionalism.",,neutral gray,"[""#f0f0f0"", ""#cccccc"", ""#333333"", ""#ffffff""]",0.5
Lapa Ninja (Post),Figma,DESIGN TOOLS,,,https://cdn.lapa.ninja/assets/images/1x/figma-6-thumb.jpg,https://www.lapa.ninja/post/figma-6/,Minimalist design tool showcase with a clean layout and neutral tones.,,neutral gray,"[""#f5f5f5"", ""#ffffff"", ""#000000"", ""#e0e0e0""]",0.5
Lapa Ninja (Post),Douze,FOOD DRINKS,,,https://cdn.lapa.ninja/assets/images/1x/drinkdouze-thumb.jpg,https://www.lapa.ninja/post/drinkdouze/,Vibrant drink showcase with a lively color palette and engaging layout.,,bright and lively,"[""#ffcc00"", ""#ff5733"", ""#c70039"", ""#900c3f""]",0.5
Lapa Ninja (Post),Coinsetters,STUDIO,,,https://cdn.lapa.ninja/assets/images/1x/coinsetters-thumb.jpg,https://www.lapa.ninja/post/coinsetters/,"Minimalist design with a neutral palette and a clean, spacious layout.",,neutral tones,"[""#ffffff"", ""#f0f0f0"", ""#e0e0e0"", ""#d0d0d0""]",0.5
Lapa Ninja (Post),Clutch Sercurity,SAAS,,,https://cdn.lapa.ninja/assets/images/1x/clutch-thumb.jpg,https://www.lapa.ninja/post/clutch/,Secure SaaS interface with a modern layout and a neutral color tone.,,neutral gray,"[""#f0f0f0"", ""#cccccc"", ""#333333"", ""#ffffff""]",0.5
Lapa Ninja (Post),Studio Chong,STUDIO,,,https://cdn.lapa.ninja/assets/images/1x/chong-studio-thumb.jpg,https://www.lapa.ninja/post/chong-studio/,"Minimalist studio website with a serene mood and neutral tones, featuring a grid layout.",,neutral gray,"[""#f0f0f0"", ""#cccccc"", ""#ffffff"", ""#000000""]",0.5
Lapa Ninja (Post),Please Call Me Champ,STUDIO,,,https://cdn.lapa.ninja/assets/images/1x/pleasecallmechamp-thumb.jpg,https://www.lapa.ninja/post/pleasecallmechamp/,Playful design with a vibrant color palette and a dynamic layout.,,bright and playful,"[""#ffcc00"", ""#ff5733"", ""#33ccff"", ""#ff33a1""]",0.5
Lapa Ninja (Post),PlanetScale,DEVELOPMENT TOOLS,,,https://cdn.lapa.ninja/assets/images/1x/planetscale-3-thumb.jpg,https://www.lapa.ninja/post/planetscale-3/,Tech-focused layout with a clean aesthetic and a cool color tone.,,cool gray,"[""#f0f4f8"", ""#e0e7ef"", ""#c0c4cc"", ""#a0a4a8""]",0.5
Lapa Ninja (Post),Mainframe,TECHNOLOGY,,,https://cdn.lapa.ninja/assets/images/1x/mainframe-thumb.jpg,https://www.lapa.ninja/post/mainframe/,Futuristic tech theme with a sleek layout and a cool color tone.,,cool gray,"[""#cccccc"", ""#333333"", ""#ffffff"", ""#007acc""]",0.5
Lapa Ninja (Post),Clay Boan,PORTFOLIO,,,https://cdn.lapa.ninja/assets/images/1x/clayboan-2-thumb.jpg,https://www.lapa.ninja/post/clayboan-2/,Minimalist portfolio showcasing earthy tones with a clean layout and subtle textures.,,earthy tones,"[""#d9c6b2"", ""#a58f7d"", ""#7d5b4e"", ""#f5f5f5""]",0.5
Lapa Ninja (Post),F. MILLER,BEAUTY,,,https://cdn.lapa.ninja/assets/images/1x/fmillerskincare-2-thumb.jpg,https://www.lapa.ninja/post/fmillerskincare-2/,"Elegant skincare showcase with a soft, neutral palette and minimalistic layout.",,soft neutral,"[""#f5f5f5"", ""#e0e0e0"", ""#ffffff"", ""#d1cfcf""]",0.5
Lapa Ninja (Post),Hyperbolic,HARDWARE,,,https://cdn.lapa.ninja/assets/images/1x/hyperbolic-thumb.jpg,https://www.lapa.ninja/post/hyperbolic/,Dynamic design showcasing a vibrant color palette with an engaging layout.,,vibrant,"[""#ff5733"", ""#33c1ff"", ""#f1c40f"", ""#8e44ad""]",0.5
Lapa Ninja (Post),Reflection AI,ARTIFICIAL INTELLIGENCE,,,https://cdn.lapa.ninja/assets/images/1x/reflection-ai-thumb.jpg,https://www.lapa.ninja/post/reflection-ai/,Modern AI showcase with a sleek layout and a cool color tone emphasizing innovation.,,cool gray,"[""#f0f0f0"", ""#cccccc"", ""#333333"", ""#ffffff""]",0.5
Lapa Ninja (Post),Sol,WEARABLE,,,https://cdn.lapa.ninja/assets/images/1x/solreader-2-thumb.jpg,https://www.lapa.ninja/post/solreader-2/,"Minimalist design with a serene mood, featuring a soft color palette and clean layout.",,soft neutral,"[""#f0f0f0"", ""#d9d9d9"", ""#ffffff"", ""#cccccc""]",0.5
Lapa Ninja (Post),Intents & Purposes,ECOMMERCE,,,https://cdn.lapa.ninja/assets/images/1x/intents-purposes-thumb.jpg,https://www.lapa.ninja/post/intents-purposes/,"Minimalist layout with a neutral tone, featuring a clean design and subtle imagery.",,neutral gray,"[""#f0f0f0"", ""#cccccc"", ""#ffffff"", ""#000000""]",0.5
Lapa Ninja (Post),Haus,AGENCY,,,https://cdn.lapa.ninja/assets/images/1x/gohaus-thumb.jpg,https://www.lapa.ninja/post/gohaus/,Modern design showcase with a clean layout and neutral tones.,,neutral tones,"[""#ffffff"", ""#f0f0f0"", ""#e0e0e0"", ""#d0d0d0""]",0.5
Lapa Ninja (Post),Diego,PORTFOLIO,,,https://cdn.lapa.ninja/assets/images/1x/diegoliv-thumb.jpg,https://www.lapa.ninja/post/diegoliv/,Minimalist portfolio showcasing a serene mood with a neutral color palette and clean layout.,,neutral tones,"[""#ffffff"", ""#f0f0f0"", ""#d9d9d9"", ""#bfbfbf""]",0.5
Lapa Ninja (Post),Best Friend Finance,FINANCE,,,https://cdn.lapa.ninja/assets/images/1x/bestfriend-thumb.jpg,https://www.lapa.ninja/post/bestfriend/,Friendly finance site with a warm beige palette and inviting layout.,,warm beige,"[""#f5f5dc"", ""#dcdcdc"", ""#ffffff"", ""#ffe4b5""]",0.5
Lapa Ninja (Post),Muse Studio,STUDIO,,,https://cdn.lapa.ninja/assets/images/1x/musestudio-thumb.jpg,https://www.lapa.ninja/post/musestudio/,"Minimalist studio website with a serene mood, featuring a clean layout and soft color tones.",,soft neutral,"[""#f0f0f0"", ""#ffffff"", ""#d9d9d9"", ""#bfbfbf""]",0.5
Lapa Ninja (Post),Truus,AGENCY,,,https://cdn.lapa.ninja/assets/images/1x/truus-thumb.jpg,https://www.lapa.ninja/post/truus/,"Minimalist design with a serene mood, featuring a neutral palette and spacious layout.",,neutral tones,"[""#f0f0f0"", ""#ffffff"", ""#d9d9d9"", ""#bfbfbf""]",0.5
Lapa Ninja (Post),Speakeasy,DEVELOPMENT TOOLS,,,https://cdn.lapa.ninja/assets/images/1x/speakeasy-thumb.jpg,https://www.lapa.ninja/post/speakeasy/,"Sophisticated speakeasy theme with a warm, inviting palette and elegant layout.",,warm beige,"[""#d8c4a3"", ""#bfae8e"", ""#8b6f5b"", ""#f5f0e1""]",0.5
Lapa Ninja (Post),Somefolk,AGENCY,,,https://cdn.lapa.ninja/assets/images/1x/somefolk-2-thumb.jpg,https://www.lapa.ninja/post/somefolk-2/,Minimalist design with a warm beige palette and spacious layout.,,warm beige,"[""#f5f5dc"", ""#dcdcdc"", ""#ffffff"", ""#a9a9a9""]",0.5
Lapa Ninja (Post),PRIMARY PAPER,PHOTOGRAPHY,,,https://cdn.lapa.ninja/assets/images/1x/primary-paper-thumb.jpg,https://www.lapa.ninja/post/primary-paper/,Minimalist design showcasing photography with a neutral palette and clean layout.,,neutral tones,"[""#ffffff"", ""#f0f0f0"", ""#d9d9d9"", ""#bfbfbf""]",0.5
Lapa Ninja (Post),Devouring Details,EDUCATION,,,https://cdn.lapa.ninja/assets/images/1x/devouringdetails-thumb.jpg,https://www.lapa.ninja/post/devouringdetails/,"Minimalist layout with a warm beige tone, featuring detailed imagery and clean typography.",,warm beige,"[""#f5f5dc"", ""#dcdcdc"", ""#ffffff"", ""#000000""]",0.5
Lapa Ninja (Post),Oscar Pecher,PORTFOLIO,,,https://cdn.lapa.ninja/assets/images/1x/oscarpecher-thumb.jpg,https://www.lapa.ninja/post/oscarpecher/,Minimalist portfolio showcasing a modern aesthetic with a neutral color tone and clean layout.,,neutral,"[""#ffffff"", ""#f0f0f0"", ""#000000"", ""#cccccc""]",0.5
Lapa Ninja (Post),Gang,STUDIO,,,https://cdn.lapa.ninja/assets/images/1x/gang-tv-thumb.jpg,https://www.lapa.ninja/post/gang-tv/,Dynamic layout with a vibrant color scheme and modern design elements.,,vibrant,"[""#ff5733"", ""#33c1ff"", ""#ff33a1"", ""#33ff57""]",0.5
Lapa Ninja (Post),No-Mercy,STUDIO,,,https://cdn.lapa.ninja/assets/images/1x/nomercy-thumb.jpg,https://www.lapa.ninja/post/nomercy/,Bold and aggressive design with dark tones and a striking layout emphasizing impact.,,dark and intense,"[""#000000"", ""#ff0000"", ""#ffffff"", ""#808080""]",0.5
Lapa Ninja (Post),Streamtime,PRODUCT MANAGEMENT,,,https://cdn.lapa.ninja/assets/images/1x/streamtime-thumb.jpg,https://www.lapa.ninja/post/streamtime/,Minimalist product management site with a clean layout and neutral tones.,,neutral gray,"[""#f0f0f0"", ""#ffffff"", ""#cccccc"", ""#333333""]",0.5
Lapa Ninja (Post),Perplexity Comet,ARTIFICIAL INTELLIGENCE,,,https://cdn.lapa.ninja/assets/images/1x/perplexity-comet-thumb.jpg,https://www.lapa.ninja/post/perplexity-comet/,"Futuristic design with a cosmic theme, featuring a dark palette and minimalist layout.",,dark cosmic,"[""#000000"", ""#1a1a1a"", ""#ffffff"", ""#ffcc00""]",0.5
Lapa Ninja (Post),Example,AGENCY,,,https://cdn.lapa.ninja/assets/images/1x/weareexample-thumb.jpg,https://www.lapa.ninja/post/weareexample/,"Modern design showcasing a vibrant color palette with a clean, minimal layout.",,bright and vibrant,"[""#ff6f61"", ""#6b5b95"", ""#88b04b"", ""#f7cac9""]",0.5
Lapa Ninja (Post),Storyboard Agency,AGENCY,,,https://cdn.lapa.ninja/assets/images/1x/storyboard-agency-thumb.jpg,https://www.lapa.ninja/post/storyboard-agency/,Creative agency showcase with a vibrant color palette and dynamic layout.,,vibrant,"[""#ff6f61"", ""#6b5b95"", ""#88b04b"", ""#f7cac9""]",0.5
Lapa Ninja (Post),Daydream 1820,BEAUTY,,,https://cdn.lapa.ninja/assets/images/1x/daydream1820-thumb.jpg,https://www.lapa.ninja/post/daydream1820/,"Dreamy layout with soft tones and a whimsical aesthetic, featuring a serene color palette.",,soft pastel,"[""#f0e5d8"", ""#d1c6e7"", ""#b3e0d8"", ""#f7c6c7""]",0.5
Lapa Ninja (Post),Unicorn.studio,DESIGN TOOLS,,,https://cdn.lapa.ninja/assets/images/1x/unicorn-2-thumb.jpg,https://www.lapa.ninja/post/unicorn-2/,Playful design studio site with vibrant colors and a whimsical layout.,,bright and playful,"[""#ff6f61"", ""#6a5acd"", ""#ffd700"", ""#ff1493""]",0.5
Lapa Ninja (Post),All You Can,AGENCY,,,https://cdn.lapa.ninja/assets/images/1x/allyoucan-2-thumb.jpg,https://www.lapa.ninja/post/allyoucan-2/,"Playful layout with vibrant colors and a dynamic feel, featuring engaging visual elements.",,bright and playful,"[""#ffcc00"", ""#ff6699"", ""#66ccff"", ""#ffccff""]",0.5
Lapa Ninja (Post),Alone in New York,PHOTOGRAPHY,,,https://cdn.lapa.ninja/assets/images/1x/aloneinnewyork-thumb.jpg,https://www.lapa.ninja/post/aloneinnewyork/,Melancholic urban photography with a muted color palette and minimal layout.,,muted gray,"[""#7f8c8d"", ""#bdc3c7"", ""#2c3e50"", ""#ecf0f1""]",0.5
Lapa Ninja (Post),Infinite Machine,AUTOMOTIVE,,,https://cdn.lapa.ninja/assets/images/1x/infinitemachine-2-thumb.jpg,https://www.lapa.ninja/post/infinitemachine-2/,Futuristic automotive showcase with a sleek layout and a cool color tone.,,cool gray,"[""#cccccc"", ""#999999"", ""#666666"", ""#333333""]",0.5
Lapa Ninja (Post),Resend,SAAS,,,https://cdn.lapa.ninja/assets/images/1x/resend-2-thumb.jpg,https://www.lapa.ninja/post/resend-2/,Minimalist SaaS interface with a clean layout and neutral tones.,,neutral gray,"[""#f0f0f0"", ""#ffffff"", ""#cccccc"", ""#333333""]",0.5
Lapa Ninja (Post),Super Evil Genius Corp,AGENCY,,,https://cdn.lapa.ninja/assets/images/1x/superevilgeniuscorp-thumb.jpg,https://www.lapa.ninja/post/superevilgeniuscorp/,Playful tech site with a vibrant color palette and dynamic layout elements.,,bright and playful,"[""#ff5733"", ""#33c1ff"", ""#f1c40f"", ""#8e44ad""]",0.5
Lapa Ninja (Post),Design Beyond Barriers,EDUCATION,,,https://cdn.lapa.ninja/assets/images/1x/designbeyondbarriers-thumb.jpg,https://www.lapa.ninja/post/designbeyondbarriers/,Thought-provoking design post with a clean layout and neutral tones.,,neutral,"[""#ffffff"", ""#f0f0f0"", ""#cccccc"", ""#333333""]",0.5
Lapa Ninja (Post),Dia Browser,PRODUCTIVITY,,,https://cdn.lapa.ninja/assets/images/1x/diabrowser-thumb.jpg,https://www.lapa.ninja/post/diabrowser/,Minimalist browser interface with a clean layout and subtle color tones.,,neutral tones,"[""#ffffff"", ""#f0f0f0"", ""#e0e0e0"", ""#d0d0d0""]",0.5
Lapa Ninja (Post),Detach,APP,,,https://cdn.lapa.ninja/assets/images/1x/detach-app-thumb.jpg,https://www.lapa.ninja/post/detach-app/,"Minimalist app design with a serene mood, featuring a clean layout and soft color tones.",,soft neutral,"[""#f0f0f0"", ""#ffffff"", ""#d9d9d9"", ""#bfbfbf""]",0.5
Lapa Ninja (Post),unwell,FOOD DRINKS,,,https://cdn.lapa.ninja/assets/images/1x/drinkunwell-thumb.jpg,https://www.lapa.ninja/post/drinkunwell/,Moody drink post with a dark palette and minimalistic layout emphasizing the image.,,dark and moody,"[""#000000"", ""#4a4a4a"", ""#ffffff""]",0.5
Lapa Ninja (Post),Shelby,HOSTING,,,https://cdn.lapa.ninja/assets/images/1x/shelby-thumb.jpg,https://www.lapa.ninja/post/shelby/,"Minimalist layout with a neutral tone and soft color palette, featuring a clean design.",,neutral,"[""#f0f0f0"", ""#ffffff"", ""#cccccc"", ""#999999""]",0.5
Lapa Ninja (Post),Karim Saab,PORTFOLIO,,,https://cdn.lapa.ninja/assets/images/1x/karim-saab-thumb.jpg,https://www.lapa.ninja/post/karim-saab/,Minimalist portfolio showcasing a serene mood with a neutral color palette and clean layout.,,neutral,"[""#ffffff"", ""#f0f0f0"", ""#e0e0e0"", ""#d0d0d0""]",0.5
Lapa Ninja (Post),Jkane,PORTFOLIO,,,https://cdn.lapa.ninja/assets/images/1x/jkane-thumb.jpg,https://www.lapa.ninja/post/jkane/,Minimalist portfolio layout with a neutral tone and clean design elements.,,neutral,"[""#ffffff"", ""#f0f0f0"", ""#000000"", ""#cccccc""]",0.5
Lapa Ninja (Post),@bitcoin,CRYPTOCURRENCY,,,https://cdn.lapa.ninja/assets/images/1x/atbitcoin-thumb.jpg,https://www.lapa.ninja/post/atbitcoin/,Minimalist cryptocurrency post with a neutral tone and simple layout.,,neutral gray,"[""#ffffff"", ""#f0f0f0"", ""#e0e0e0"", ""#cccccc""]",0.5
Lapa Ninja (Post),Adaline,ARTIFICIAL INTELLIGENCE,,,https://cdn.lapa.ninja/assets/images/1x/adaline-thumb.jpg,https://www.lapa.ninja/post/adaline/,"Minimalist design with a serene mood, featuring a soft color palette and clean layout.",,soft neutral,"[""#f0f0f0"", ""#ffffff"", ""#d9d9d9"", ""#bfbfbf""]",0.5
Lapa Ninja (Post),Jasper,ARTIFICIAL INTELLIGENCE,,,https://cdn.lapa.ninja/assets/images/1x/jasper-2-thumb.jpg,https://www.lapa.ninja/post/jasper-2/,"Minimalist design with a neutral tone, featuring a clean layout and subtle imagery.",,neutral,"[""#ffffff"", ""#f0f0f0"", ""#e0e0e0"", ""#d0d0d0""]",0.5
Lapa Ninja (Post),Bunsen Studio,STUDIO,,,https://cdn.lapa.ninja/assets/images/1x/bunsenstudio-3-thumb.jpg,https://www.lapa.ninja/post/bunsenstudio-3/,"Modern studio website with a clean layout and neutral tones, emphasizing simplicity.",,neutral,"[""#ffffff"", ""#f0f0f0"", ""#e0e0e0"", ""#cccccc""]",0.5
Lapa Ninja (Post),Visual Electric,ARTIFICIAL INTELLIGENCE,,,https://cdn.lapa.ninja/assets/images/1x/visualelectric-3-thumb.jpg,https://www.lapa.ninja/post/visualelectric-3/,Dynamic visual showcase with vibrant colors and an engaging layout.,,bright and energetic,"[""#ff5733"", ""#33c1ff"", ""#ff33a1"", ""#f4ff33""]",0.5
Lapa Ninja (Post),Shed,AGENCY,,,https://cdn.lapa.ninja/assets/images/1x/shed-thumb.jpg,https://www.lapa.ninja/post/shed/,"Minimalist design with a serene mood, featuring a neutral palette and spacious layout.",,neutral tones,"[""#f0f0f0"", ""#d9d9d9"", ""#ffffff"", ""#cccccc""]",0.5
Lapa Ninja (Post),SuperHi.cv,BUSINESS,,,https://cdn.lapa.ninja/assets/images/1x/superhi-cv-thumb.jpg,https://www.lapa.ninja/post/superhi-cv/,Minimalist portfolio site with a clean layout and neutral color tones.,,neutral gray,"[""#f0f0f0"", ""#ffffff"", ""#000000"", ""#cccccc""]",0.5
Lapa Ninja (Post),Michael Brown,PORTFOLIO,,,https://cdn.lapa.ninja/assets/images/1x/mbrown-thumb.jpg,https://www.lapa.ninja/post/mbrown/,Minimalist portfolio layout with a neutral tone and clean design elements.,,neutral,"[""#ffffff"", ""#f0f0f0"", ""#000000"", ""#cccccc""]",0.5
Lapa Ninja (Post),Dix Hectares,BEAUTY,,,https://cdn.lapa.ninja/assets/images/1x/dixhectares-thumb.jpg,https://www.lapa.ninja/post/dixhectares/,Serene landscape showcase with earthy tones and a spacious layout.,,earthy green,"[""#4a7c2a"", ""#c2d6b0"", ""#ffffff"", ""#e0e0e0""]",0.5
Lapa Ninja (Post),Emily Lonetto,PORTFOLIO,,,https://cdn.lapa.ninja/assets/images/1x/emilylonetto-thumb.jpg,https://www.lapa.ninja/post/emilylonetto/,Minimalist portfolio showcasing a serene mood with a neutral color palette and clean layout.,,neutral tones,"[""#f0f0f0"", ""#cccccc"", ""#ffffff"", ""#000000""]",0.5
Lapa Ninja (Post),ThreeTools,DESIGN TOOLS,,,https://cdn.lapa.ninja/assets/images/1x/three-tools-thumb.jpg,https://www.lapa.ninja/post/three-tools/,"Minimalist layout with a neutral tone, featuring a clean design and subtle visual elements.",,neutral,"[""#ffffff"", ""#f0f0f0"", ""#e0e0e0"", ""#cccccc""]",0.5
Lapa Ninja (Post),Fin,ARTIFICIAL INTELLIGENCE,,,https://cdn.lapa.ninja/assets/images/1x/fin-ai-thumb.jpg,https://www.lapa.ninja/post/fin-ai/,"Minimalist design with a serene mood, featuring a soft color palette and clean layout.",,soft neutral,"[""#f0f0f0"", ""#ffffff"", ""#cccccc"", ""#aaaaaa""]",0.5
Lapa Ninja (Post),Radical Face,PORTFOLIO,,,https://cdn.lapa.ninja/assets/images/1x/radicalface-thumb.jpg,https://www.lapa.ninja/post/radicalface/,Minimalist portfolio showcasing a serene mood with a neutral color palette and simple layout.,,neutral tones,"[""#f0f0f0"", ""#cccccc"", ""#999999"", ""#666666""]",0.5
Lapa Ninja (Post),Jordan Rosenberg,PORTFOLIO,,,https://cdn.lapa.ninja/assets/images/1x/jordanrosenberg-thumb.jpg,https://www.lapa.ninja/post/jordanrosenberg/,Minimalist portfolio showcasing a clean layout with neutral tones and subtle elegance.,,neutral tones,"[""#ffffff"", ""#f0f0f0"", ""#d9d9d9"", ""#bfbfbf""]",0.5
Lapa Ninja (Post),Swift,DEVELOPMENT TOOLS,,,https://cdn.lapa.ninja/assets/images/1x/swift-thumb.jpg,https://www.lapa.ninja/post/swift/,Minimalist design with a tech-focused layout and cool color tones.,,cool gray,"[""#f0f0f0"", ""#cccccc"", ""#333333"", ""#ffffff""]",0.5
Lapa Ninja (Post),kit:,BEAUTY,,,https://cdn.lapa.ninja/assets/images/1x/kitskinkind-thumb.jpg,https://www.lapa.ninja/post/kitskinkind/,Playful design showcasing a warm beige palette with a whimsical layout.,,warm beige,"[""#f5e1c1"", ""#f9c9a0"", ""#f7e3d7"", ""#e0b0a1""]",0.5
Lapa Ninja (Post),Ngan Nguyen,PORTFOLIO,,,https://cdn.lapa.ninja/assets/images/1x/ngan-nguyen-thumb.jpg,https://www.lapa.ninja/post/ngan-nguyen/,Minimalist portfolio showcasing a serene aesthetic with neutral tones and clean layout.,,neutral tones,"[""#f0f0f0"", ""#cccccc"", ""#ffffff"", ""#000000""]",0.5
Lapa Ninja (Post),Altitude Beverages,FOOD DRINKS,,,https://cdn.lapa.ninja/assets/images/1x/altitudebev-thumb.jpg,https://www.lapa.ninja/post/altitudebev/,Refreshing beverage showcase with a vibrant color palette and clean layout.,,bright and fresh,"[""#ffcc00"", ""#00bfff"", ""#ffffff"", ""#ff5733""]",0.5
Lapa Ninja (Post),Level Money,DEFI,,,https://cdn.lapa.ninja/assets/images/1x/level-money-thumb.jpg,https://www.lapa.ninja/post/level-money/,Minimalist finance interface with a serene mood and a clean layout.,,neutral tones,"[""#f0f0f0"", ""#ffffff"", ""#cccccc"", ""#999999""]",0.5
Lapa Ninja (Post),MakeReign,AGENCY,,,https://cdn.lapa.ninja/assets/images/1x/makereign-thumb.jpg,https://www.lapa.ninja/post/makereign/,Modern design agency showcase with a vibrant color palette and clean layout.,,bright and dynamic,"[""#ff6f61"", ""#6b5b93"", ""#88b04b"", ""#f7cac9""]",0.5
Lapa Ninja (Post),OVNA OVICH,FASHION,,,https://cdn.lapa.ninja/assets/images/1x/ovnaovich-thumb.jpg,https://www.lapa.ninja/post/ovnaovich/,Minimalist fashion post featuring a neutral palette and clean layout.,,neutral tones,"[""#f0f0f0"", ""#d9d9d9"", ""#ffffff"", ""#000000""]",0.5
Lapa Ninja (Post),ONBOX,STUDIO,,,https://cdn.lapa.ninja/assets/images/1x/onboxcreative-thumb.jpg,https://www.lapa.ninja/post/onboxcreative/,Creative workspace design with a neutral palette and open layout.,,neutral gray,"[""#f0f0f0"", ""#cccccc"", ""#ffffff"", ""#000000""]",0.5
Lapa Ninja (Post),TERMS,STUDIO,,,https://cdn.lapa.ninja/assets/images/1x/terms-thumb.jpg,https://www.lapa.ninja/post/terms/,Minimalist terms page with a neutral tone and structured layout emphasizing clarity.,,neutral gray,"[""#f0f0f0"", ""#ffffff"", ""#cccccc"", ""#333333""]",0.5
Lapa Ninja (Post),AWE,ARTIFICIAL INTELLIGENCE,,,https://cdn.lapa.ninja/assets/images/1x/awenetwork-thumb.jpg,https://www.lapa.ninja/post/awenetwork/,"Futuristic design with a sleek layout and a cool color tone, featuring abstract elements.",,cool gray,"[""#cccccc"", ""#ffffff"", ""#000000"", ""#007acc""]",0.5
Lapa Ninja (Post),Defiant,VENTURES,,,https://cdn.lapa.ninja/assets/images/1x/defiant-thumb.jpg,https://www.lapa.ninja/post/defiant/,Bold and defiant layout with a striking color palette and dynamic visual elements.,,vibrant and assertive,"[""#ff5733"", ""#c70039"", ""#900c3f"", ""#581845""]",0.5
Lapa Ninja (Post),Made With Gsap,DESIGN TOOLS,,,https://cdn.lapa.ninja/assets/images/1x/madewithgsap-thumb.jpg,https://www.lapa.ninja/post/madewithgsap/,"Dynamic design showcase with vibrant tones and a clean, modern layout.",,bright and energetic,"[""#ff5733"", ""#33c1ff"", ""#ffc300"", ""#c70039""]",0.5
Lapa Ninja (Post),Lué Studio,STUDIO,,,https://cdn.lapa.ninja/assets/images/1x/lue-thumb.jpg,https://www.lapa.ninja/post/lue/,Minimalist studio showcase with a warm beige palette and spacious layout.,,warm beige,"[""#f5f5dc"", ""#d3c6a8"", ""#eae3d2"", ""#c0b59c""]",0.5
Lapa Ninja (Post),Yolanta Birkhane,PHOTOGRAPHY,,,https://cdn.lapa.ninja/assets/images/1x/yolantabirkhane-thumb.jpg,https://www.lapa.ninja/post/yolantabirkhane/,Elegant photography showcase with a warm beige palette and minimalist layout.,,warm beige,"[""#f5f5dc"", ""#dcdcdc"", ""#ffffff"", ""#000000""]",0.5
Lapa Ninja (Post),Blackalgo,CRYPTOCURRENCY,,,https://cdn.lapa.ninja/assets/images/1x/blackalgo-thumb.jpg,https://www.lapa.ninja/post/blackalgo/,Sleek cryptocurrency post with a dark tone and minimalist layout.,,dark,"[""#000000"", ""#333333"", ""#ffffff"", ""#ffcc00""]",0.5
Lapa Ninja (Post),STEL,FASHION,,,https://cdn.lapa.ninja/assets/images/1x/stelstores-thumb.jpg,https://www.lapa.ninja/post/stelstores/,Minimalist fashion showcase with a neutral palette and clean layout.,,neutral tones,"[""#f5f5f5"", ""#dcdcdc"", ""#ffffff"", ""#000000""]",0.5
Lapa Ninja (Post),Letters,SAAS,,,https://cdn.lapa.ninja/assets/images/1x/letters-thumb.jpg,https://www.lapa.ninja/post/letters/,Minimalist design showcasing a clean layout with a neutral color tone and simple typography.,,neutral gray,"[""#f0f0f0"", ""#cccccc"", ""#ffffff"", ""#000000""]",0.5
Lapa Ninja (Post),The Variable,AGENCY,,,https://cdn.lapa.ninja/assets/images/1x/thevariable-thumb.jpg,https://www.lapa.ninja/post/thevariable/,"Minimalist design with a neutral tone and clean layout, emphasizing simplicity.",,neutral,"[""#ffffff"", ""#f0f0f0"", ""#e0e0e0"", ""#cccccc""]",0.5
Lapa Ninja (Post),247PLUS,AGENCY,,,https://cdn.lapa.ninja/assets/images/1x/247plus-thumb.jpg,https://www.lapa.ninja/post/247plus/,Modern design showcase with a neutral palette and clean layout emphasizing simplicity.,,neutral tones,"[""#f0f0f0"", ""#ffffff"", ""#cccccc"", ""#333333""]",0.5
Lapa Ninja (Post),Molly,STUDIO,,,https://cdn.lapa.ninja/assets/images/1x/molly-studio-thumb.jpg,https://www.lapa.ninja/post/molly-studio/,Minimalist design showcasing a serene mood with a neutral palette and spacious layout.,,neutral tones,"[""#f5f5f5"", ""#e0e0e0"", ""#ffffff"", ""#cccccc""]",0.5
Lapa Ninja (Post),Drop,DEFI,,,https://cdn.lapa.ninja/assets/images/1x/drop-thumb.jpg,https://www.lapa.ninja/post/drop/,"Minimalist design with a neutral palette and spacious layout, emphasizing simplicity.",,neutral tones,"[""#ffffff"", ""#f0f0f0"", ""#e0e0e0"", ""#d0d0d0""]",0.5
Lapa Ninja (Post),Wildy Riftian,PORTFOLIO,,,https://cdn.lapa.ninja/assets/images/1x/wildyriftian-thumb.jpg,https://www.lapa.ninja/post/wildyriftian/,Dynamic portfolio showcase with vibrant tones and a clean layout emphasizing visuals.,,vibrant,"[""#ff6f61"", ""#6b5b95"", ""#88b04b"", ""#f7cac9""]",0.5
Lapa Ninja (Post),Studio Three,STUDIO,,,https://cdn.lapa.ninja/assets/images/1x/three-studio-thumb.jpg,https://www.lapa.ninja/post/three-studio/,Minimalist studio showcase with a neutral palette and spacious layout.,,neutral tones,"[""#f0f0f0"", ""#d9d9d9"", ""#ffffff"", ""#000000""]",0.5
Lapa Ninja (Post),Meet Your Legend,COMMUNITY,,,https://cdn.lapa.ninja/assets/images/1x/meetyourlegend-thumb.jpg,https://www.lapa.ninja/post/meetyourlegend/,Dynamic post layout with a vibrant color scheme and engaging visual elements.,,vibrant,"[""#ff5733"", ""#33c1ff"", ""#ff33a1"", ""#33ff57""]",0.5
Lapa Ninja (Post),Face Formula,BEAUTY,,,https://cdn.lapa.ninja/assets/images/1x/faceformula-thumb.jpg,https://www.lapa.ninja/post/faceformula/,Minimalist beauty post with soft tones and a clean layout emphasizing skincare.,,soft neutral,"[""#f0eae2"", ""#d9cfc4"", ""#c4b6a6"", ""#a89f8d""]",0.5
Lapa Ninja (Post),Coercive Control,EDUCATION,,,https://cdn.lapa.ninja/assets/images/1x/coercive-control-thumb.jpg,https://www.lapa.ninja/post/coercive-control/,"Serious educational post with a muted tone and simple layout, focusing on coercive control.",,neutral gray,"[""#cccccc"", ""#ffffff"", ""#000000"", ""#f0f0f0""]",0.5
Lapa Ninja (Post),Reform Collective,AGENCY,,,https://cdn.lapa.ninja/assets/images/1x/reformcollective-4-thumb.jpg,https://www.lapa.ninja/post/reformcollective-4/,Minimalist design with a neutral palette and spacious layout emphasizing simplicity.,,neutral tones,"[""#f5f5f5"", ""#e0e0e0"", ""#ffffff"", ""#cccccc""]",0.5
Lapa Ninja (Post),Chicago Kare,TYPOGRAPHY,,,https://cdn.lapa.ninja/assets/images/1x/chicagokare-thumb.jpg,https://www.lapa.ninja/post/chicagokare/,Modern design showcasing a clean layout with a neutral color tone and minimalistic style.,,neutral tones,"[""#ffffff"", ""#f0f0f0"", ""#cccccc"", ""#333333""]",0.5
Lapa Ninja (Post),LEOLEO Studio,STUDIO,,,https://cdn.lapa.ninja/assets/images/1x/leoleo-studio-2-thumb.jpg,https://www.lapa.ninja/post/leoleo-studio-2/,Minimalist studio showcase with a warm beige palette and clean layout.,,warm beige,"[""#f5f5dc"", ""#dcdcdc"", ""#ffffff"", ""#000000""]",0.5
Lapa Ninja (Post),Seasoned,FOOD DRINKS,,,https://cdn.lapa.ninja/assets/images/1x/seasoned-thumb.jpg,https://www.lapa.ninja/post/seasoned/,"Warm culinary post featuring earthy tones and a clean, minimal layout.",,earthy tones,"[""#d9b89b"", ""#f5e1c1"", ""#c4a69b"", ""#f2f2f2""]",0.5
Lapa Ninja (Post),Kindsight,TECHNOLOGY,,,https://cdn.lapa.ninja/assets/images/1x/kindsight-thumb.jpg,https://www.lapa.ninja/post/kindsight/,Minimalist tech post with a neutral tone and clean layout emphasizing simplicity.,,neutral gray,"[""#f0f0f0"", ""#ffffff"", ""#000000"", ""#cccccc""]",0.5
Lapa Ninja (Post),Astral Frontier,ILLUSTRATION,,,https://cdn.lapa.ninja/assets/images/1x/theastralfrontier-thumb.jpg,https://www.lapa.ninja/post/theastralfrontier/,"Ethereal design with a cosmic theme, featuring a dark palette and fluid layout.",,dark cosmic,"[""#000000"", ""#4b0082"", ""#8a2be2"", ""#ffffff""]",0.5
Lapa Ninja (Post),FLORA,DESIGN TOOLS,,,https://cdn.lapa.ninja/assets/images/1x/florafauna-thumb.jpg,https://www.lapa.ninja/post/florafauna/,"Organic design with a fresh green palette and a clean, spacious layout.",,fresh green,"[""#4caf50"", ""#a5d6a7"", ""#c8e6c9"", ""#ffffff""]",0.5
Lapa Ninja (Post),Firebase Studio,DEVELOPMENT TOOLS,,,https://cdn.lapa.ninja/assets/images/1x/firebase-2-thumb.jpg,https://www.lapa.ninja/post/firebase-2/,Minimalist development tool showcase with a clean layout and neutral tones.,,neutral,"[""#ffffff"", ""#f0f0f0"", ""#e0e0e0"", ""#cccccc""]",0.5
Lapa Ninja (Post),Charlie Osborne,PORTFOLIO,,,https://cdn.lapa.ninja/assets/images/1x/charlieosborne-2-thumb.jpg,https://www.lapa.ninja/post/charlieosborne-2/,Minimalist portfolio showcasing a clean layout with a neutral color tone.,,neutral,"[""#ffffff"", ""#f0f0f0"", ""#000000"", ""#cccccc""]",0.5
Lapa Ninja (Post),Ranlus,STUDIO,,,https://cdn.lapa.ninja/assets/images/1x/ranlus-thumb.jpg,https://www.lapa.ninja/post/ranlus/,"Minimalist design with a serene mood, featuring a soft color palette and spacious layout.",,soft neutral,"[""#f0f0f0"", ""#d9d9d9"", ""#ffffff"", ""#cccccc""]",0.5
Lapa Ninja (Post),Mallard & Claret,AGENCY,,,https://cdn.lapa.ninja/assets/images/1x/mallardandclaret-thumb.jpg,https://www.lapa.ninja/post/mallardandclaret/,Elegant design showcasing a rich color palette with a structured layout and refined aesthetics.,,rich green,"[""#4a7c2a"", ""#a52a2a"", ""#d9c9b6"", ""#ffffff""]",0.5
Lapa Ninja (Post),Jules,ARTIFICIAL INTELLIGENCE,,,https://cdn.lapa.ninja/assets/images/1x/jules-thumb.jpg,https://www.lapa.ninja/post/jules/,"Minimalist design with a serene mood, featuring a soft color palette and spacious layout.",,soft neutral,"[""#f0f0f0"", ""#d9d9d9"", ""#ffffff"", ""#cccccc""]",0.5
Lapa Ninja (Post),Jack McDade,PORTFOLIO,,,https://cdn.lapa.ninja/assets/images/1x/jackmcdade-thumb.jpg,https://www.lapa.ninja/post/jackmcdade/,Minimalist portfolio showcasing a clean layout with a neutral color tone.,,neutral,"[""#ffffff"", ""#f0f0f0"", ""#000000"", ""#cccccc""]",0.5
Lapa Ninja (Post),Flow,ARTIFICIAL INTELLIGENCE,,,https://cdn.lapa.ninja/assets/images/1x/google-flow-thumb.jpg,https://www.lapa.ninja/post/google-flow/,Minimalist design showcasing a serene layout with a soft color palette.,,soft neutral,"[""#ffffff"", ""#f0f0f0"", ""#e0e0e0"", ""#d0d0d0""]",0.5
Lapa Ninja (Post),dola,FASHION,,,https://cdn.lapa.ninja/assets/images/1x/thedola-thumb.jpg,https://www.lapa.ninja/post/thedola/,Minimalist fashion post with a neutral palette and clean layout emphasizing imagery.,,neutral tones,"[""#ffffff"", ""#f0f0f0"", ""#d9d9d9"", ""#000000""]",0.5
Lapa Ninja (Post),Distributional,ARTIFICIAL INTELLIGENCE,,,https://cdn.lapa.ninja/assets/images/1x/distributional-thumb.jpg,https://www.lapa.ninja/post/distributional/,Minimalist layout with a neutral tone and subtle design elements for a modern feel.,,neutral gray,"[""#f0f0f0"", ""#cccccc"", ""#999999"", ""#333333""]",0.5
Lapa Ninja (Post),JIDDO,FOOD DRINKS,,,https://cdn.lapa.ninja/assets/images/1x/jiddo-thumb.jpg,https://www.lapa.ninja/post/jiddo/,Minimalist food blog post with a warm beige tone and simple layout.,,warm beige,"[""#f5f5dc"", ""#fff8e1"", ""#dcdcdc"", ""#ffe4b5""]",0.5
Lapa Ninja (Post),General Proximity,HEALTH FITNESS,,,https://cdn.lapa.ninja/assets/images/1x/generalproximity-thumb.jpg,https://www.lapa.ninja/post/generalproximity/,Energetic fitness post with a vibrant color palette and dynamic layout.,,bright and energetic,"[""#ff5733"", ""#33ff57"", ""#3357ff"", ""#f1c40f""]",0.5
Lapa Ninja (Post),Moti,APP,,,https://cdn.lapa.ninja/assets/images/1x/motiapp-thumb.jpg,https://www.lapa.ninja/post/motiapp/,"Minimalist app design with a serene vibe, featuring a clean layout and soft color tones.",,soft neutral,"[""#f0f0f0"", ""#ffffff"", ""#e0e0e0"", ""#d0d0d0""]",0.5
Lapa Ninja (Post),Doğukan Karapınar,PORTFOLIO,,,https://cdn.lapa.ninja/assets/images/1x/doughkan-thumb.jpg,https://www.lapa.ninja/post/doughkan/,Minimalist portfolio layout with a neutral tone and clean design elements.,,neutral,"[""#ffffff"", ""#f0f0f0"", ""#000000"", ""#cccccc""]",0.5
Lapa Ninja (Post),Joi Planner,APP,,,https://cdn.lapa.ninja/assets/images/1x/joi-thumb.jpg,https://www.lapa.ninja/post/joi/,Minimalist planner design featuring a serene layout with soft tones and clean lines.,,soft neutral,"[""#f0f0f0"", ""#ffffff"", ""#d9d9d9"", ""#bfbfbf""]",0.5
Lapa Ninja (Post),Cassette,MUSIC,,,https://cdn.lapa.ninja/assets/images/1x/cassettemusic-thumb.jpg,https://www.lapa.ninja/post/cassettemusic/,Nostalgic music post with a warm beige palette and a minimalistic layout.,,warm beige,"[""#f5f5dc"", ""#dcdcdc"", ""#a52a2a"", ""#8b4513""]",0.5
Lapa Ninja (Post),Amaterasu,HEALTH FITNESS,,,https://cdn.lapa.ninja/assets/images/1x/amaterasu-thumb.jpg,https://www.lapa.ninja/post/amaterasu/,Energetic fitness post with a vibrant color palette and dynamic layout.,,bright and energetic,"[""#ffcc00"", ""#ff6600"", ""#ff3300"", ""#ffffff""]",0.5
Lapa Ninja (Post),Onboard,FINTECH,,,https://cdn.lapa.ninja/assets/images/1x/onboard-thumb.jpg,https://www.lapa.ninja/post/onboard/,Minimalist fintech interface with a clean layout and neutral tones.,,neutral gray,"[""#f0f0f0"", ""#ffffff"", ""#cccccc"", ""#999999""]",0.5
Lapa Ninja (Post),STUDIO HERRSTRÖM,STUDIO,,,https://cdn.lapa.ninja/assets/images/1x/studioherrstrom-2-thumb.jpg,https://www.lapa.ninja/post/studioherrstrom-2/,Minimalist design showcasing a serene atmosphere with a neutral palette and spacious layout.,,neutral tones,"[""#f5f5f5"", ""#e0e0e0"", ""#ffffff"", ""#cccccc""]",0.5
Lapa Ninja (Post),Daniella Marynov,PORTFOLIO,,,https://cdn.lapa.ninja/assets/images/1x/hellodani-thumb.jpg,https://www.lapa.ninja/post/hellodani/,Minimalist portfolio showcasing a serene mood with a soft color palette and clean layout.,,soft neutral,"[""#f0f0f0"", ""#ffffff"", ""#d9d9d9"", ""#bfbfbf""]",0.5
Lapa Ninja (Post),SVZ,STUDIO,,,https://cdn.lapa.ninja/assets/images/1x/svz-2-thumb.jpg,https://www.lapa.ninja/post/svz-2/,Minimalist design with a neutral palette and spacious layout emphasizing simplicity.,,neutral gray,"[""#f0f0f0"", ""#cccccc"", ""#ffffff"", ""#000000""]",0.5
Lapa Ninja (Post),YOU=US,CORPORATE,,,https://cdn.lapa.ninja/assets/images/1x/destigmatize-thumb.jpg,https://www.lapa.ninja/post/destigmatize/,"Contemporary design with a neutral palette and a clean, minimal layout.",,neutral tones,"[""#f0f0f0"", ""#cccccc"", ""#ffffff"", ""#000000""]",0.5
Lapa Ninja (Post),Bisou Gallery,ART,,,https://cdn.lapa.ninja/assets/images/1x/bisougallery-thumb.jpg,https://www.lapa.ninja/post/bisougallery/,Artistic gallery showcasing a serene layout with a soft color palette and minimalistic design elements.,,soft neutral,"[""#f0f0f0"", ""#d9d9d9"", ""#ffffff"", ""#cccccc""]",0.5
Lapa Ninja (Post),Ada,ARTIFICIAL INTELLIGENCE,,,https://cdn.lapa.ninja/assets/images/1x/ada-thumb.jpg,https://www.lapa.ninja/post/ada/,"Minimalist design with a neutral tone, featuring a clean layout and subtle visual elements.",,neutral,"[""#ffffff"", ""#f0f0f0"", ""#d9d9d9"", ""#cccccc""]",0.5
Lapa Ninja (Post),Fine Thought,PORTFOLIO,,,https://cdn.lapa.ninja/assets/images/1x/finethought-thumb.jpg,https://www.lapa.ninja/post/finethought/,Minimalist portfolio site with a serene mood and soft color tones.,,soft neutral,"[""#f0f0f0"", ""#d9d9d9"", ""#ffffff"", ""#cccccc""]",0.5
Lapa Ninja (Post),Your Creative,AGENCY,,,https://cdn.lapa.ninja/assets/images/1x/yourcreative-thumb.jpg,https://www.lapa.ninja/post/yourcreative/,"Creative portfolio site with a vibrant palette and a clean, minimal layout.",,bright and vibrant,"[""#ff6f61"", ""#6b5b95"", ""#88b04b"", ""#f7cac9""]",0.5
Lapa Ninja (Post),Amelia Wattenberger,PORTFOLIO,,,https://cdn.lapa.ninja/assets/images/1x/wattenberger-2-thumb.jpg,https://www.lapa.ninja/post/wattenberger-2/,Minimalist portfolio showcasing a clean layout with a neutral color tone.,,neutral,"[""#ffffff"", ""#f0f0f0"", ""#000000"", ""#cccccc""]",0.5
Lapa Ninja (Post),Clue Perfumery,BEAUTY,,,https://cdn.lapa.ninja/assets/images/1x/clueperfumery-thumb.jpg,https://www.lapa.ninja/post/clueperfumery/,"Elegant perfumery showcase with a soft, neutral palette and minimalistic layout.",,soft neutral,"[""#f5f5f5"", ""#e0d4c1"", ""#c2b2a1"", ""#a89f8d""]",0.5
Lapa Ninja (Post),Slite,ARTIFICIAL INTELLIGENCE,,,https://cdn.lapa.ninja/assets/images/1x/slite-7-thumb.jpg,https://www.lapa.ninja/post/slite-7/,Minimalist workspace tool with a clean layout and soft color tones.,,soft gray,"[""#f5f5f5"", ""#ffffff"", ""#e0e0e0"", ""#b0b0b0""]",0.5
Lapa Ninja (Post),Devin,ARTIFICIAL INTELLIGENCE,,,https://cdn.lapa.ninja/assets/images/1x/devin-thumb.jpg,https://www.lapa.ninja/post/devin/,"Minimalist design with a neutral tone and simple layout, emphasizing clarity and functionality.",,neutral gray,"[""#f0f0f0"", ""#cccccc"", ""#ffffff"", ""#000000""]",0.5
Lapa Ninja (Post),Mesh Architects,ARCHITECTURE,,,https://cdn.lapa.ninja/assets/images/1x/mesharchitects-thumb.jpg,https://www.lapa.ninja/post/mesharchitects/,"Modern architecture showcase with a neutral palette and clean, spacious layout.",,neutral tones,"[""#f0f0f0"", ""#cccccc"", ""#ffffff"", ""#000000""]",0.5
Lapa Ninja (Post),Glow Finance,DEFI,,,https://cdn.lapa.ninja/assets/images/1x/glowfinance-thumb.jpg,https://www.lapa.ninja/post/glowfinance/,Modern finance site with a sleek layout and vibrant color tones.,,bright and energetic,"[""#ffffff"", ""#f0f0f0"", ""#ffcc00"", ""#ff6600""]",0.5
Lapa Ninja (Post),Hugo Baron,PORTFOLIO,,,https://cdn.lapa.ninja/assets/images/1x/nuageboi-thumb.jpg,https://www.lapa.ninja/post/nuageboi/,Minimalist portfolio showcasing a serene mood with soft colors and a clean layout.,,soft neutral,"[""#f0f0f0"", ""#d9d9d9"", ""#ffffff"", ""#cccccc""]",0.5
Lapa Ninja (Post),Lightship,AUTOMOTIVE,,,https://cdn.lapa.ninja/assets/images/1x/lightshiprv-thumb.jpg,https://www.lapa.ninja/post/lightshiprv/,"Modern RV showcase with a serene vibe, featuring a neutral palette and spacious layout.",,neutral tones,"[""#f0f0f0"", ""#cccccc"", ""#ffffff"", ""#b0b0b0""]",0.5
Lapa Ninja (Post),Midlife Engineering,HARDWARE,,,https://cdn.lapa.ninja/assets/images/1x/midlife-engineering-thumb.jpg,https://www.lapa.ninja/post/midlife-engineering/,Reflective design on midlife themes with a neutral palette and minimalistic layout.,,neutral tones,"[""#cccccc"", ""#999999"", ""#666666"", ""#333333""]",0.5
Lapa Ninja (Post),Valio Con 2025,EVENT,,,https://cdn.lapa.ninja/assets/images/1x/valiocon-thumb.jpg,https://www.lapa.ninja/post/valiocon/,"Event page with a vibrant and energetic layout, featuring a bright color scheme.",,bright and energetic,"[""#ffcc00"", ""#ff6600"", ""#ffffff"", ""#333333""]",0.5
Lapa Ninja (Post),SOMAREALITY,HEALTH FITNESS,,,https://cdn.lapa.ninja/assets/images/1x/somareality-thumb.jpg,https://www.lapa.ninja/post/somareality/,Energetic health-focused layout with vibrant colors and a dynamic visual style.,,vibrant,"[""#ffcc00"", ""#ff5733"", ""#33ccff"", ""#ffffff""]",0.5
Lapa Ninja (Post),WØRKS,AGENCY,,,https://cdn.lapa.ninja/assets/images/1x/works-studio-2-thumb.jpg,https://www.lapa.ninja/post/works-studio-2/,"Modern studio showcase with a neutral palette and clean, minimal layout.",,neutral tones,"[""#f5f5f5"", ""#cccccc"", ""#ffffff"", ""#000000""]",0.5
Lapa Ninja (Post),Bulletproof,AGENCY,,,https://cdn.lapa.ninja/assets/images/1x/wearebulletproof-2-thumb.jpg,https://www.lapa.ninja/post/wearebulletproof-2/,Modern agency showcase with a sleek layout and a neutral color tone.,,neutral gray,"[""#f0f0f0"", ""#cccccc"", ""#333333"", ""#ffffff""]",0.5
Lapa Ninja (Post),DocTocToc,HEALTH FITNESS,,,https://cdn.lapa.ninja/assets/images/1x/doctoctoc-thumb.jpg,https://www.lapa.ninja/post/doctoctoc/,"Energetic health-focused layout with vibrant colors and a clean, modern aesthetic.",,bright and energetic,"[""#ffcc00"", ""#ff6600"", ""#ffffff"", ""#333333""]",0.5
Lapa Ninja (Post),Eva Sánchez,PORTFOLIO,,,https://cdn.lapa.ninja/assets/images/1x/evasanchez-thumb.jpg,https://www.lapa.ninja/post/evasanchez/,Minimalist portfolio layout with a neutral tone and clean design elements.,,neutral,"[""#ffffff"", ""#f0f0f0"", ""#000000"", ""#cccccc""]",0.5
Lapa Ninja (Post),Tomas Kmet,PORTFOLIO,,,https://cdn.lapa.ninja/assets/images/1x/tomaskmet-thumb.jpg,https://www.lapa.ninja/post/tomaskmet/,Minimalist portfolio showcasing a serene aesthetic with neutral tones and a clean layout.,,neutral tones,"[""#f0f0f0"", ""#cccccc"", ""#ffffff"", ""#000000""]",0.5
Lapa Ninja (Post),3200 Kelvin,STUDIO,,,https://cdn.lapa.ninja/assets/images/1x/3200kelvin-thumb.jpg,https://www.lapa.ninja/post/3200kelvin/,Warm and inviting layout with a soft color tone and minimalistic design elements.,,warm beige,"[""#f5e1c1"", ""#d9c6a8"", ""#c2b59c"", ""#a89f8d""]",0.5
Lapa Ninja (Post),Helmut Agency,AGENCY,,,https://cdn.lapa.ninja/assets/images/1x/helmutagency-thumb.jpg,https://www.lapa.ninja/post/helmutagency/,Modern agency showcase with a clean layout and neutral tones.,,neutral,"[""#ffffff"", ""#f0f0f0"", ""#000000"", ""#cccccc""]",0.5
Lapa Ninja (Post),Atoll Digital,AGENCY,,,https://cdn.lapa.ninja/assets/images/1x/atolldigital-thumb.jpg,https://www.lapa.ninja/post/atolldigital/,Modern digital agency site with a clean layout and a neutral color tone.,,neutral gray,"[""#f0f0f0"", ""#ffffff"", ""#000000"", ""#cccccc""]",0.5
Lapa Ninja (Post),Matre,HOME LIVING,,,https://cdn.lapa.ninja/assets/images/1x/matre-thumb.jpg,https://www.lapa.ninja/post/matre/,Minimalist home living post with a warm beige palette and clean layout.,,warm beige,"[""#f5f5dc"", ""#d3c6a8"", ""#e0d4c1"", ""#c2b280""]",0.5
Lapa Ninja (Post),Infinite Machine,ECOMMERCE,,,https://cdn.lapa.ninja/assets/images/1x/infinitemachine-thumb.jpg,https://www.lapa.ninja/post/infinitemachine/,"Futuristic design with a sleek layout and a cool color tone, emphasizing technology.",,cool gray,"[""#cccccc"", ""#999999"", ""#333333"", ""#ffffff""]",0.5
Lapa Ninja (Post),Rabbits Black,AGENCY,,,https://cdn.lapa.ninja/assets/images/1x/rabbitsblack-thumb.jpg,https://www.lapa.ninja/post/rabbitsblack/,Playful design featuring a dark palette with whimsical elements and a structured layout.,,dark and whimsical,"[""#000000"", ""#ffffff"", ""#ffcc00"", ""#ff6699""]",0.5
Lapa Ninja (Post),Mews FM,EVENT,,,https://cdn.lapa.ninja/assets/images/1x/mews-fm-thumb.jpg,https://www.lapa.ninja/post/mews-fm/,Minimalist audio platform with a serene mood and a clean layout emphasizing simplicity.,,neutral tones,"[""#f0f0f0"", ""#ffffff"", ""#cccccc"", ""#999999""]",0.5
Lapa Ninja (Post),Sunny Bonnell,PORTFOLIO,,,https://cdn.lapa.ninja/assets/images/1x/sunnybonnell-thumb.jpg,https://www.lapa.ninja/post/sunnybonnell/,"Bright and inviting portfolio layout with warm tones and a clean, minimalistic design.",,warm beige,"[""#f5e1a4"", ""#f9c74f"", ""#f94144"", ""#f3722c""]",0.5
Lapa Ninja (Post),State of AI Agents,EDUCATION,,,https://cdn.lapa.ninja/assets/images/1x/state-of-ai-agents-thumb.jpg,https://www.lapa.ninja/post/state-of-ai-agents/,Informative post on AI agents with a neutral tone and structured layout.,,neutral,"[""#ffffff"", ""#f0f0f0"", ""#000000"", ""#007acc""]",0.5
Lapa Ninja (Post),Pop Site,SAAS,,,https://cdn.lapa.ninja/assets/images/1x/pop-site-thumb.jpg,https://www.lapa.ninja/post/pop-site/,"Minimalist site with a clean layout and a soft, neutral color tone.",,soft neutral,"[""#f0f0f0"", ""#ffffff"", ""#e0e0e0"", ""#d0d0d0""]",0.5
Lapa Ninja (Post),Drewl,AGENCY,,,https://cdn.lapa.ninja/assets/images/1x/drewl-thumb.jpg,https://www.lapa.ninja/post/drewl/,"Minimalist design with a playful mood, featuring a bright color palette and engaging layout.",,playful,"[""#ffcc00"", ""#ff6699"", ""#66ccff"", ""#ffffff""]",0.5
Lapa Ninja (Post),Clear Street,FINANCE,,,https://cdn.lapa.ninja/assets/images/1x/clearstreet-thumb.jpg,https://www.lapa.ninja/post/clearstreet/,"Minimalist finance site with a clean layout and neutral tones, emphasizing clarity.",,neutral tones,"[""#ffffff"", ""#f0f0f0"", ""#e0e0e0"", ""#cccccc""]",0.5
Lapa Ninja (Post),CRI,FURNITURE INTERIORS,,,https://cdn.lapa.ninja/assets/images/1x/cri-sf-thumb.jpg,https://www.lapa.ninja/post/cri-sf/,"Minimalist design with a neutral palette and spacious layout, emphasizing functionality.",,neutral tones,"[""#f5f5f5"", ""#cccccc"", ""#ffffff"", ""#000000""]",0.5
Lapa Ninja (Post),Ko-fi,FINTECH,,,https://cdn.lapa.ninja/assets/images/1x/ko-fi-3-thumb.jpg,https://www.lapa.ninja/post/ko-fi-3/,Playful and inviting layout with warm beige tones and a focus on community support.,,warm beige,"[""#f5f5dc"", ""#ffebcd"", ""#ffe4b5"", ""#fffacd""]",0.5
Lapa Ninja (Post),Emre Kayganaci,PORTFOLIO,,,https://cdn.lapa.ninja/assets/images/1x/emrekayganaci-2-thumb.jpg,https://www.lapa.ninja/post/emrekayganaci-2/,Minimalist portfolio layout with a neutral tone and clean design elements.,,neutral,"[""#ffffff"", ""#f0f0f0"", ""#000000"", ""#cccccc""]",0.5
Lapa Ninja (Post),Voicenotes,APP,,,https://cdn.lapa.ninja/assets/images/1x/voicenotes-thumb.jpg,https://www.lapa.ninja/post/voicenotes/,"Minimalist design with a warm beige tone and a clean, spacious layout.",,warm beige,"[""#f5f5dc"", ""#ffffff"", ""#dcdcdc"", ""#a9a9a9""]",0.5
Lapa Ninja (Post),Viewport,DESIGN TOOLS,,,https://cdn.lapa.ninja/assets/images/1x/viewport-thumb.jpg,https://www.lapa.ninja/post/viewport/,Minimalist design tool showcase with a clean layout and neutral tones.,,neutral gray,"[""#f0f0f0"", ""#ffffff"", ""#cccccc"", ""#333333""]",0.5
Lapa Ninja (Post),Casa Lunara,FASHION,,,https://cdn.lapa.ninja/assets/images/1x/casa-lunara-thumb.jpg,https://www.lapa.ninja/post/casa-lunara/,Serene design showcasing a warm beige palette with a minimalist layout.,,warm beige,"[""#f5f5dc"", ""#dcdcdc"", ""#ffffff"", ""#e0e0e0""]",0.5
Lapa Ninja (Post),Caldera,CRYPTOCURRENCY,,,https://cdn.lapa.ninja/assets/images/1x/caldera-thumb.jpg,https://www.lapa.ninja/post/caldera/,"Minimalist design with a serene mood, featuring a neutral palette and spacious layout.",,neutral tones,"[""#f0f0f0"", ""#ffffff"", ""#cccccc"", ""#999999""]",0.5
Lapa Ninja (Post),Amie,PRODUCTIVITY,,,https://cdn.lapa.ninja/assets/images/1x/amie-3-thumb.jpg,https://www.lapa.ninja/post/amie-3/,"Minimalist design with a serene mood, featuring a soft color palette and spacious layout.",,soft neutral,"[""#f0f0f0"", ""#d9d9d9"", ""#ffffff"", ""#cccccc""]",0.5
Lapa Ninja (Post),Pizzatoits,BUSINESS,,,https://cdn.lapa.ninja/assets/images/1x/pizzatoits-thumb.jpg,https://www.lapa.ninja/post/pizzatoits/,Casual dining site with warm tones and a simple grid layout.,,warm beige,"[""#f5e1b5"", ""#d9c6a0"", ""#c2b59b"", ""#a89f8d""]",0.5
Lapa Ninja (Post),Gamma,ARTIFICIAL INTELLIGENCE,,,https://cdn.lapa.ninja/assets/images/1x/gamma-2-thumb.jpg,https://www.lapa.ninja/post/gamma-2/,"Minimalist design with a neutral tone, featuring a clean layout and subtle visual elements.",,neutral gray,"[""#f0f0f0"", ""#cccccc"", ""#999999"", ""#ffffff""]",0.5
Lapa Ninja (Post),M.Fisher,PORTFOLIO,,,https://cdn.lapa.ninja/assets/images/1x/mfisher-3-thumb.jpg,https://www.lapa.ninja/post/mfisher-3/,Minimalist portfolio layout with a neutral tone and clean design elements.,,neutral,"[""#ffffff"", ""#f0f0f0"", ""#000000"", ""#cccccc""]",0.5
Lapa Ninja (Post),Yummygum,AGENCY,,,https://cdn.lapa.ninja/assets/images/1x/yummygum-3-thumb.jpg,https://www.lapa.ninja/post/yummygum-3/,Playful design agency showcase with a vibrant color palette and dynamic layout.,,bright and playful,"[""#ff6f61"", ""#6b5b95"", ""#88b04b"", ""#f7cac9""]",0.5
Lapa Ninja (Post),Jitter,DESIGN TOOLS,,,https://cdn.lapa.ninja/assets/images/1x/jitter-2-thumb.jpg,https://www.lapa.ninja/post/jitter-2/,Dynamic design showcase with vibrant tones and an engaging layout.,,bright and energetic,"[""#ff6f61"", ""#6a5acd"", ""#ffd700"", ""#20b2aa""]",0.5
Lapa Ninja (Post),Purpose Talent,ILLUSTRATION,,,https://cdn.lapa.ninja/assets/images/1x/purposetalent-thumb.jpg,https://www.lapa.ninja/post/purposetalent/,"Professional talent platform with a clean layout and a warm, inviting color tone.",,warm beige,"[""#f5f5dc"", ""#dcdcdc"", ""#ffffff"", ""#c0c0c0""]",0.5
Lapa Ninja (Post),Odinaut,FREELANCE,,,https://cdn.lapa.ninja/assets/images/1x/odinaut-thumb.jpg,https://www.lapa.ninja/post/odinaut/,"Minimalist design with a neutral tone and spacious layout, featuring a serene aesthetic.",,neutral,"[""#ffffff"", ""#f0f0f0"", ""#e0e0e0"", ""#d0d0d0""]",0.5
Lapa Ninja (Post),Heyo,AGENCY,,,https://cdn.lapa.ninja/assets/images/1x/heyo-2-thumb.jpg,https://www.lapa.ninja/post/heyo-2/,Playful design with a vibrant color palette and a dynamic layout.,,bright and cheerful,"[""#ffcc00"", ""#ff6699"", ""#66ccff"", ""#ffcc66""]",0.5
Lapa Ninja (Post),GRAPHICHUNTERS,STUDIO,,,https://cdn.lapa.ninja/assets/images/1x/graphichunters-thumb.jpg,https://www.lapa.ninja/post/graphichunters/,Minimalist design showcasing a creative portfolio with a neutral color palette.,,neutral tones,"[""#f0f0f0"", ""#cccccc"", ""#333333"", ""#ffffff""]",0.5
Lapa Ninja (Post),BOND,CORPORATE,,,https://cdn.lapa.ninja/assets/images/1x/thisisbond-thumb.jpg,https://www.lapa.ninja/post/thisisbond/,Sleek corporate design with a modern layout and a sophisticated color tone.,,neutral tones,"[""#ffffff"", ""#000000"", ""#cccccc"", ""#f0f0f0""]",0.5
Lapa Ninja (Post),Heynds,SAAS,,,https://cdn.lapa.ninja/assets/images/1x/heynds-thumb.jpg,https://www.lapa.ninja/post/heynds/,"Minimalist layout with a neutral tone, featuring soft colors and a clean design aesthetic.",,neutral,"[""#f0f0f0"", ""#ffffff"", ""#cccccc"", ""#999999""]",0.5
Lapa Ninja (Post),Micro,SAAS,,,https://cdn.lapa.ninja/assets/images/1x/micro-thumb.jpg,https://www.lapa.ninja/post/micro/,Minimalist design with a neutral palette and clean layout emphasizing simplicity.,,neutral gray,"[""#f0f0f0"", ""#cccccc"", ""#ffffff"", ""#000000""]",0.5
Lapa Ninja (Post),From Scratch,STUDIO,,,https://cdn.lapa.ninja/assets/images/1x/fromscratch-thumb.jpg,https://www.lapa.ninja/post/fromscratch/,"Minimalist design with a neutral tone and clean layout, emphasizing simplicity.",,neutral,"[""#ffffff"", ""#f0f0f0"", ""#d9d9d9"", ""#bfbfbf""]",0.5
Lapa Ninja (Post),Diana's Seafood,FOOD DRINKS,,,https://cdn.lapa.ninja/assets/images/1x/dianasseafood-thumb.jpg,https://www.lapa.ninja/post/dianasseafood/,Cozy seafood dining experience with warm beige tones and inviting layout.,,warm beige,"[""#f5f5dc"", ""#ffebcd"", ""#ffe4b5"", ""#fffacd""]",0.5
Lapa Ninja (Post),Entreautre,AGENCY,,,https://cdn.lapa.ninja/assets/images/1x/entreautre-thumb.jpg,https://www.lapa.ninja/post/entreautre/,"Minimalist design with a serene mood, featuring a soft color palette and spacious layout.",,soft neutral,"[""#f0f0f0"", ""#d9d9d9"", ""#ffffff"", ""#cccccc""]",0.5
Lapa Ninja (Post),Oleg Coada,PORTFOLIO,,,https://cdn.lapa.ninja/assets/images/1x/olegcoada-thumb.jpg,https://www.lapa.ninja/post/olegcoada/,Minimalist portfolio showcasing a serene mood with a neutral color tone and clean layout.,,neutral,"[""#ffffff"", ""#f0f0f0"", ""#d9d9d9"", ""#bfbfbf""]",0.5
Lapa Ninja (Post),Magical Toys,ECOMMERCE,,,https://cdn.lapa.ninja/assets/images/1x/magicaltoys-thumb.jpg,https://www.lapa.ninja/post/magicaltoys/,Whimsical toy showcase with a playful layout and vibrant color tones.,,playful,"[""#ffcc00"", ""#ff6699"", ""#66ccff"", ""#ffccff""]",0.5
Lapa Ninja (Post),Sublime,PRODUCTIVITY,,,https://cdn.lapa.ninja/assets/images/1x/sublime-thumb.jpg,https://www.lapa.ninja/post/sublime/,"Minimalist design with a serene mood, featuring a soft color palette and spacious layout.",,soft neutral,"[""#f0f0f0"", ""#d9d9d9"", ""#ffffff"", ""#cccccc""]",0.5
Lapa Ninja (Post),TrueKind,BEAUTY,,,https://cdn.lapa.ninja/assets/images/1x/truekindskincare-thumb.jpg,https://www.lapa.ninja/post/truekindskincare/,"Serene skincare site with soft tones and a clean, minimal layout.",,soft neutral,"[""#f5f5f5"", ""#ffffff"", ""#e0e0e0"", ""#d1cfcf""]",0.5
Lapa Ninja (Post),Cap,SAAS,,,https://cdn.lapa.ninja/assets/images/1x/cap-2-thumb.jpg,https://www.lapa.ninja/post/cap-2/,Casual and modern design with a neutral palette and simple layout.,,neutral tones,"[""#f0f0f0"", ""#cccccc"", ""#ffffff"", ""#000000""]",0.5
Lapa Ninja (Post),makeover,STUDIO,,,https://cdn.lapa.ninja/assets/images/1x/makeover-thumb.jpg,https://www.lapa.ninja/post/makeover/,"Minimalist design with a soft, neutral palette and a clean, spacious layout.",,soft neutral,"[""#f5f5f5"", ""#e0e0e0"", ""#ffffff"", ""#cccccc""]",0.5
Lapa Ninja (Post),Trawelt,BUSINESS,,,https://cdn.lapa.ninja/assets/images/1x/trawelt-thumb.jpg,https://www.lapa.ninja/post/trawelt/,Travel-focused site with a vibrant palette and engaging layout.,,bright and inviting,"[""#ffcc00"", ""#ff6600"", ""#ffffff"", ""#333333""]",0.5
Lapa Ninja (Post),The Playa,BUSINESS,,,https://cdn.lapa.ninja/assets/images/1x/theplaya-thumb.jpg,https://www.lapa.ninja/post/theplaya/,Relaxed beach-themed layout with warm beige tones and minimalistic design elements.,,warm beige,"[""#f5f5dc"", ""#ffe4b5"", ""#fffacd"", ""#ffebcd""]",0.5
Lapa Ninja (Post),J-Vers,3D WEBSITES,,,https://cdn.lapa.ninja/assets/images/1x/j-vers-thumb.jpg,https://www.lapa.ninja/post/j-vers/,Futuristic 3D website with a sleek layout and a cool color tone.,,cool gray,"[""#cccccc"", ""#999999"", ""#666666"", ""#333333""]",0.5
Lapa Ninja (Post),Proper Prompts,ARTIFICIAL INTELLIGENCE,,,https://cdn.lapa.ninja/assets/images/1x/properprompts-thumb.jpg,https://www.lapa.ninja/post/properprompts/,"Minimalist layout with a neutral tone, featuring a clean design and subtle imagery.",,neutral gray,"[""#f0f0f0"", ""#ffffff"", ""#cccccc"", ""#999999""]",0.5
Lapa Ninja (Post),Gander,STUDIO,,,https://cdn.lapa.ninja/assets/images/1x/takeagander-thumb.jpg,https://www.lapa.ninja/post/takeagander/,"Minimalist design with a serene mood, featuring a soft color palette and spacious layout.",,soft neutral,"[""#f0f0f0"", ""#d9d9d9"", ""#ffffff"", ""#cccccc""]",0.5
Lapa Ninja (Post),Fishs Eddy,FOOD DRINKS,,,https://cdn.lapa.ninja/assets/images/1x/fishseddy-thumb.jpg,https://www.lapa.ninja/post/fishseddy/,Casual dining experience with warm beige tones and inviting layout.,,warm beige,"[""#f5f5dc"", ""#d2b48c"", ""#fff8dc"", ""#deb887""]",0.5
Lapa Ninja (Post),Matthieu Renaut,PORTFOLIO,,,https://cdn.lapa.ninja/assets/images/1x/matthieurenaut-thumb.jpg,https://www.lapa.ninja/post/matthieurenaut/,Minimalist portfolio showcasing a serene aesthetic with a neutral color palette.,,neutral tones,"[""#f0f0f0"", ""#cccccc"", ""#ffffff"", ""#000000""]",0.5
Lapa Ninja (Post),Daybreak Studio,STUDIO,,,https://cdn.lapa.ninja/assets/images/1x/daybreak-2-thumb.jpg,https://www.lapa.ninja/post/daybreak-2/,Serene studio showcase with a warm beige palette and minimalistic layout.,,warm beige,"[""#f5f5dc"", ""#dcdcdc"", ""#ffffff"", ""#e0e0e0""]",0.5
Lapa Ninja (Post),Lumen Artspace,CULTURE,,,https://cdn.lapa.ninja/assets/images/1x/lumenartspace-thumb.jpg,https://www.lapa.ninja/post/lumenartspace/,"Artistic space with a serene mood, featuring a minimalist layout and soft color tones.",,soft neutral,"[""#f0f0f0"", ""#d9d9d9"", ""#ffffff"", ""#cccccc""]",0.5
Lapa Ninja (Post),Cloudflare Agents,ARTIFICIAL INTELLIGENCE,,,https://cdn.lapa.ninja/assets/images/1x/cloudflare-agents-thumb.jpg,https://www.lapa.ninja/post/cloudflare-agents/,"Tech-focused layout with a cool tone, featuring a structured grid and minimalistic design elements.",,cool gray,"[""#f0f4f8"", ""#d1d9e0"", ""#a0a8b1"", ""#7a7f85""]",0.5
Lapa Ninja (Post),REJOUICE,AGENCY,,,https://cdn.lapa.ninja/assets/images/1x/rejouice-3-thumb.jpg,https://www.lapa.ninja/post/rejouice-3/,Playful design showcasing a vibrant color palette and dynamic layout elements.,,bright and cheerful,"[""#ffcc00"", ""#ff6699"", ""#66ccff"", ""#ffcc66""]",0.5
Lapa Ninja (Post),Scribe,HEALTH FITNESS,,,https://cdn.lapa.ninja/assets/images/1x/scribetx-thumb.jpg,https://www.lapa.ninja/post/scribetx/,"Minimalist layout with a neutral tone, featuring a clean design and subtle visual elements.",,neutral gray,"[""#f0f0f0"", ""#cccccc"", ""#ffffff"", ""#000000""]",0.5
Lapa Ninja (Post),Vapi,ARTIFICIAL INTELLIGENCE,,,https://cdn.lapa.ninja/assets/images/1x/vapi-thumb.jpg,https://www.lapa.ninja/post/vapi/,Minimalist design showcasing a serene mood with a clean layout and soft color tones.,,soft neutral,"[""#f0f0f0"", ""#d9d9d9"", ""#ffffff"", ""#cccccc""]",0.5
Lapa Ninja (Post),Jack’s Best,ECOMMERCE,,,https://cdn.lapa.ninja/assets/images/1x/jacksbest-thumb.jpg,https://www.lapa.ninja/post/jacksbest/,Minimalist e-commerce layout with a neutral tone and clean design elements.,,neutral,"[""#f0f0f0"", ""#ffffff"", ""#cccccc"", ""#333333""]",0.5
Lapa Ninja (Post),TIWD,EDUCATION,,,https://cdn.lapa.ninja/assets/images/1x/tiwd-thumb.jpg,https://www.lapa.ninja/post/tiwd/,Minimalist educational post with a neutral tone and simple layout.,,neutral,"[""#ffffff"", ""#f0f0f0"", ""#000000"", ""#cccccc""]",0.5
Lapa Ninja (Post),Deta Surf,PRODUCTIVITY,,,https://cdn.lapa.ninja/assets/images/1x/deta-thumb.jpg,https://www.lapa.ninja/post/deta/,Relaxed surf-themed layout with a vibrant color palette and engaging imagery.,,vibrant ocean tones,"[""#00aaff"", ""#ffcc00"", ""#ffffff"", ""#ff5733""]",0.5
Lapa Ninja (Post),theprocess,PORTFOLIO,,,https://cdn.lapa.ninja/assets/images/1x/carlhauser-2-thumb.jpg,https://www.lapa.ninja/post/carlhauser-2/,Minimalist portfolio showcasing a serene mood with a neutral color palette and clean layout.,,neutral tones,"[""#f0f0f0"", ""#cccccc"", ""#ffffff"", ""#000000""]",0.5
Lapa Ninja (Post),Irys,BLOCKCHAIN,,,https://cdn.lapa.ninja/assets/images/1x/irys-thumb.jpg,https://www.lapa.ninja/post/irys/,"Minimalist design with a serene mood, featuring a soft color palette and clean layout.",,soft neutral,"[""#f0f0f0"", ""#d9d9d9"", ""#ffffff"", ""#cccccc""]",0.5
Lapa Ninja (Post),La Petite Jumelle,PRODUCT,,,https://cdn.lapa.ninja/assets/images/1x/lapetitejumelle-thumb.jpg,https://www.lapa.ninja/post/lapetitejumelle/,Elegant showcase with a soft color palette and minimalistic layout emphasizing simplicity.,,soft neutral,"[""#f5f5f5"", ""#e0e0e0"", ""#ffffff"", ""#d1cfcf""]",0.5
Lapa Ninja (Post),OFF MENU,AGENCY,,,https://cdn.lapa.ninja/assets/images/1x/offmenu-2-thumb.jpg,https://www.lapa.ninja/post/offmenu-2/,"Minimalist layout with a warm beige tone, featuring a clean and spacious design.",,warm beige,"[""#f5f5dc"", ""#ffffff"", ""#dcdcdc"", ""#a9a9a9""]",0.5
Lapa Ninja (Post),Freewrite Valentine,HARDWARE,,,https://cdn.lapa.ninja/assets/images/1x/getfreewrite-thumb.jpg,https://www.lapa.ninja/post/getfreewrite/,"Minimalist layout with a warm beige tone, featuring a clean and inviting design.",,warm beige,"[""#f5f5dc"", ""#ffffff"", ""#dcdcdc"", ""#a52a2a""]",0.5
Lapa Ninja (Post),Oliver Gareis,PORTFOLIO,,,https://cdn.lapa.ninja/assets/images/1x/olivergareis-thumb.jpg,https://www.lapa.ninja/post/olivergareis/,Minimalist portfolio showcasing a clean layout with a neutral color tone and subtle design elements.,,neutral,"[""#ffffff"", ""#f0f0f0"", ""#000000"", ""#cccccc""]",0.5
Lapa Ninja (Post),Luma AI,ARTIFICIAL INTELLIGENCE,,,https://cdn.lapa.ninja/assets/images/1x/lumalabs-thumb.jpg,https://www.lapa.ninja/post/lumalabs/,"Innovative AI showcase with a sleek layout and a modern, neutral color tone.",,neutral gray,"[""#f0f0f0"", ""#cccccc"", ""#ffffff"", ""#000000""]",0.5
Lapa Ninja (Post),Toca Boca,GAME,,,https://cdn.lapa.ninja/assets/images/1x/tocaboca-thumb.jpg,https://www.lapa.ninja/post/tocaboca/,Playful and vibrant layout with a bright color palette and engaging visual elements.,,bright and playful,"[""#ff6f61"", ""#6b5b93"", ""#88b04b"", ""#f7cac9""]",0.5
Lapa Ninja (Post),Elegant Seagulls,AGENCY,,,https://cdn.lapa.ninja/assets/images/1x/elegantseagulls-3-thumb.jpg,https://www.lapa.ninja/post/elegantseagulls-3/,Elegant design featuring a serene color palette and minimalistic layout.,,soft gray,"[""#f0f0f0"", ""#d9d9d9"", ""#ffffff"", ""#b0b0b0""]",0.5
Lapa Ninja (Post),BATCH,FILM,,,https://cdn.lapa.ninja/assets/images/1x/batch-thumb.jpg,https://www.lapa.ninja/post/batch/,"Minimalist design with a neutral palette and a clean, spacious layout.",,neutral tones,"[""#ffffff"", ""#f0f0f0"", ""#e0e0e0"", ""#d0d0d0""]",0.5
Lapa Ninja (Post),Acctual,SAAS,,,https://cdn.lapa.ninja/assets/images/1x/acctual-2-thumb.jpg,https://www.lapa.ninja/post/acctual-2/,Minimalist SaaS interface with a clean layout and neutral tones.,,neutral gray,"[""#f0f0f0"", ""#cccccc"", ""#ffffff"", ""#000000""]",0.5
Lapa Ninja (Post),Manuel Tocanne,PORTFOLIO,,,https://cdn.lapa.ninja/assets/images/1x/manueltocanne-thumb.jpg,https://www.lapa.ninja/post/manueltocanne/,Minimalist portfolio showcasing a clean layout with neutral tones and subtle elegance.,,neutral tones,"[""#ffffff"", ""#f0f0f0"", ""#d9d9d9"", ""#cccccc""]",0.5
Lapa Ninja (Post),MEK.txt,PORTFOLIO,,,https://cdn.lapa.ninja/assets/images/1x/mek-thumb.jpg,https://www.lapa.ninja/post/mek/,Minimalist portfolio layout with a neutral tone and clean design elements.,,neutral,"[""#ffffff"", ""#f0f0f0"", ""#000000"", ""#cccccc""]",0.5
Lapa Ninja (Post),THE1,ARCHITECTURE,,,https://cdn.lapa.ninja/assets/images/1x/the1-thumb.jpg,https://www.lapa.ninja/post/the1/,Modern architectural showcase with a neutral palette and clean layout.,,neutral tones,"[""#ffffff"", ""#f0f0f0"", ""#cccccc"", ""#333333""]",0.5
Lapa Ninja (Post),Portal,AGENCY,,,https://cdn.lapa.ninja/assets/images/1x/portal-thumb.jpg,https://www.lapa.ninja/post/portal/,"Minimalist design with a serene mood, featuring a soft color palette and spacious layout.",,soft neutral,"[""#f0f0f0"", ""#d9d9d9"", ""#ffffff"", ""#cccccc""]",0.5
Lapa Ninja (Post),Default,SAAS,,,https://cdn.lapa.ninja/assets/images/1x/default-thumb.jpg,https://www.lapa.ninja/post/default/,"Minimalist layout with neutral tones and a clean aesthetic, emphasizing simplicity.",,neutral gray,"[""#f0f0f0"", ""#cccccc"", ""#ffffff"", ""#000000""]",0.5
Lapa Ninja (Post),Obscura VPN,SAAS,,,https://cdn.lapa.ninja/assets/images/1x/obscura-thumb.jpg,https://www.lapa.ninja/post/obscura/,Sleek VPN service presentation with a dark tone and minimalistic layout.,,dark,"[""#000000"", ""#ffffff"", ""#4a4a4a"", ""#f0f0f0""]",0.5
Lapa Ninja (Post),BLOOM.,AGENCY,,,https://cdn.lapa.ninja/assets/images/1x/bloomparis-thumb.jpg,https://www.lapa.ninja/post/bloomparis/,Elegant design showcasing a serene mood with a soft color palette and minimalistic layout.,,soft pastel,"[""#f0e5d8"", ""#d4cfc4"", ""#b8b3a1"", ""#a1a18d""]",0.5
Lapa Ninja (Post),Maeve Chocolate,ECOMMERCE,,,https://cdn.lapa.ninja/assets/images/1x/maevechocolate-thumb.jpg,https://www.lapa.ninja/post/maevechocolate/,Elegant e-commerce site with a warm beige palette and minimalist layout.,,warm beige,"[""#f5f5dc"", ""#d2b48c"", ""#fff8dc"", ""#e6e6fa""]",0.5
Lapa Ninja (Post),Cortical Labs,HARDWARE,,,https://cdn.lapa.ninja/assets/images/1x/corticallabs-thumb.jpg,https://www.lapa.ninja/post/corticallabs/,Innovative tech showcase with a clean layout and a neutral color tone.,,neutral gray,"[""#f0f0f0"", ""#cccccc"", ""#ffffff"", ""#000000""]",0.5
Lapa Ninja (Post),Crappy Presentation,AGENCY,,,https://cdn.lapa.ninja/assets/images/1x/crappypresentations-thumb.jpg,https://www.lapa.ninja/post/crappypresentations/,Playful yet chaotic presentation style with a vibrant color palette and informal layout.,,bright and chaotic,"[""#ffcc00"", ""#ff5733"", ""#33ccff"", ""#c70039""]",0.5
Lapa Ninja (Post),Edu Carrillo,PORTFOLIO,,,https://cdn.lapa.ninja/assets/images/1x/educarrillo-thumb.jpg,https://www.lapa.ninja/post/educarrillo/,Minimalist portfolio showcasing a clean layout with neutral tones and subtle elegance.,,neutral tones,"[""#ffffff"", ""#f0f0f0"", ""#d9d9d9"", ""#bfbfbf""]",0.5
Lapa Ninja (Post),Clay,SAAS,,,https://cdn.lapa.ninja/assets/images/1x/clay-com-2-thumb.jpg,https://www.lapa.ninja/post/clay-com-2/,Minimalist design with earthy tones and a clean layout emphasizing simplicity.,,earthy beige,"[""#d9c9b6"", ""#f5f5f5"", ""#a89f8d"", ""#e0d4c8""]",0.5
Lapa Ninja (Post),TOBACCO Theater,ENTERTAINMENT,,,https://cdn.lapa.ninja/assets/images/1x/tobaccotheater-thumb.jpg,https://www.lapa.ninja/post/tobaccotheater/,Elegant theater site with a warm beige palette and a minimalist layout.,,warm beige,"[""#f5f5dc"", ""#d2b48c"", ""#deb887"", ""#ffe4b5""]",0.5
Lapa Ninja (Post),Photoncycle,HOME LIVING,,,https://cdn.lapa.ninja/assets/images/1x/photoncycle-thumb.jpg,https://www.lapa.ninja/post/photoncycle/,"Minimalist layout with a serene mood, featuring a soft color palette and clean lines.",,soft neutral,"[""#f0f0f0"", ""#ffffff"", ""#d9d9d9"", ""#bfbfbf""]",0.5
Lapa Ninja (Post),Eclo Beauty,BEAUTY,,,https://cdn.lapa.ninja/assets/images/1x/eclobeauty-thumb.jpg,https://www.lapa.ninja/post/eclobeauty/,Elegant beauty site with a soft color palette and minimalistic layout.,,soft neutral,"[""#f5f5f5"", ""#e0e0e0"", ""#ffffff"", ""#d1cfcf""]",0.5
Lapa Ninja (Post),Tripletta,FOOD DRINKS,,,https://cdn.lapa.ninja/assets/images/1x/triplettapizza-thumb.jpg,https://www.lapa.ninja/post/triplettapizza/,Casual dining experience with warm tones and inviting layout featuring pizza imagery.,,warm beige,"[""#f5e1c1"", ""#d9b89b"", ""#c7a57a"", ""#ffffff""]",0.5
Lapa Ninja (Post),ERLY,BEAUTY,,,https://cdn.lapa.ninja/assets/images/1x/itserly-thumb.jpg,https://www.lapa.ninja/post/itserly/,Modern design showcasing a clean layout with a neutral color tone and minimalistic elements.,,neutral tones,"[""#f0f0f0"", ""#cccccc"", ""#ffffff"", ""#000000""]",0.5
Lapa Ninja (Post),Paper Design,DESIGN TOOLS,,,https://cdn.lapa.ninja/assets/images/1x/paper-design-thumb.jpg,https://www.lapa.ninja/post/paper-design/,Minimalist paper design showcase with a neutral palette and clean layout.,,neutral tones,"[""#ffffff"", ""#f0f0f0"", ""#d9d9d9"", ""#bfbfbf""]",0.5
Lapa Ninja (Post),McALPINE,HOME LIVING,,,https://cdn.lapa.ninja/assets/images/1x/mcalpinehouse-thumb.jpg,https://www.lapa.ninja/post/mcalpinehouse/,Contemporary home living showcase with a neutral palette and spacious layout.,,neutral tones,"[""#f5f5f5"", ""#dcdcdc"", ""#ffffff"", ""#b0b0b0""]",0.5
Lapa Ninja (Post),Making Software,EDUCATION,,,https://cdn.lapa.ninja/assets/images/1x/makingsoftware-thumb.jpg,https://www.lapa.ninja/post/makingsoftware/,"Educational post with a clean layout and a neutral color tone, featuring a prominent image.",,neutral,"[""#ffffff"", ""#f0f0f0"", ""#000000"", ""#cccccc""]",0.5
Lapa Ninja (Post),The Banshies,MUSIC,,,https://cdn.lapa.ninja/assets/images/1x/thebanshies-thumb.jpg,https://www.lapa.ninja/post/thebanshies/,Eerie and whimsical layout with a dark palette and illustrative elements.,,dark and whimsical,"[""#000000"", ""#ffffff"", ""#ffcc00"", ""#ff6699""]",0.5
Lapa Ninja (Post),Rocco Barbaro,PORTFOLIO,,,https://cdn.lapa.ninja/assets/images/1x/roccobarbaro-thumb.jpg,https://www.lapa.ninja/post/roccobarbaro/,Minimalist portfolio showcasing a modern aesthetic with a neutral color tone.,,neutral,"[""#ffffff"", ""#f0f0f0"", ""#000000"", ""#cccccc""]",0.5
Lapa Ninja (Post),Zenwood,STUDIO,,,https://cdn.lapa.ninja/assets/images/1x/zenwood-thumb.jpg,https://www.lapa.ninja/post/zenwood/,Serene design showcasing natural wood tones with a minimalist layout.,,natural beige,"[""#d8c4a3"", ""#f5f5f5"", ""#a89f8d"", ""#7b6a5e""]",0.5
Lapa Ninja (Post),Mees Verberne,PORTFOLIO,,,https://cdn.lapa.ninja/assets/images/1x/meesverberne-thumb.jpg,https://www.lapa.ninja/post/meesverberne/,Minimalist portfolio layout with a neutral tone and clean design elements.,,neutral,"[""#ffffff"", ""#f0f0f0"", ""#000000"", ""#cccccc""]",0.5
Lapa Ninja (Post),Color Monkey,OUTDOORS TRAVEL,,,https://cdn.lapa.ninja/assets/images/1x/color-monkey-thumb.jpg,https://www.lapa.ninja/post/color-monkey/,Playful travel site with vibrant colors and a grid layout featuring outdoor themes.,,bright and playful,"[""#ffcc00"", ""#ff5733"", ""#33ccff"", ""#28a745""]",0.5
Lapa Ninja (Post),Flipside,BLOCKCHAIN,,,https://cdn.lapa.ninja/assets/images/1x/flipsidecrypto-thumb.jpg,https://www.lapa.ninja/post/flipsidecrypto/,Modern crypto platform with a sleek layout and a cool color tone.,,cool gray,"[""#f0f0f0"", ""#ffffff"", ""#000000"", ""#007bff""]",0.5
Lapa Ninja (Post),Sania Saleh,PORTFOLIO,,,https://cdn.lapa.ninja/assets/images/1x/sania-thumb.jpg,https://www.lapa.ninja/post/sania/,Minimalist portfolio layout with a neutral tone and soft imagery.,,neutral,"[""#f0f0f0"", ""#cccccc"", ""#ffffff"", ""#000000""]",0.5
Lapa Ninja (Post),Starhaven,ILLUSTRATION,,,https://cdn.lapa.ninja/assets/images/1x/starhaven-thumb.jpg,https://www.lapa.ninja/post/starhaven/,Whimsical illustration site with a dreamy color palette and fluid layout.,,soft pastel,"[""#f0e5d8"", ""#d1c6e7"", ""#b3e0d8"", ""#f9c2c2""]",0.5
Lapa Ninja (Post),Few and Far,AGENCY,,,https://cdn.lapa.ninja/assets/images/1x/fewandfar-thumb.jpg,https://www.lapa.ninja/post/fewandfar/,"Minimalist design with a serene mood, featuring a soft color palette and spacious layout.",,soft neutral,"[""#f0f0f0"", ""#d9d9d9"", ""#ffffff"", ""#bfbfbf""]",0.5
Lapa Ninja (Post),Paul Macgregor,PORTFOLIO,,,https://cdn.lapa.ninja/assets/images/1x/works-thumb.jpg,https://www.lapa.ninja/post/works/,Minimalist portfolio layout with a neutral tone and clean design elements.,,neutral,"[""#ffffff"", ""#f0f0f0"", ""#000000"", ""#cccccc""]",0.5
Lapa Ninja (Post),Background Noise,AGENCY,,,https://cdn.lapa.ninja/assets/images/1x/backgroundnoise-thumb.jpg,https://www.lapa.ninja/post/backgroundnoise/,"Minimalist design with a serene mood, featuring a soft color palette and spacious layout.",,soft neutral,"[""#f0f0f0"", ""#d9d9d9"", ""#ffffff"", ""#cccccc""]",0.5
Lapa Ninja (Post),Off-Menu,STUDIO,,,https://cdn.lapa.ninja/assets/images/1x/off-menu-2-thumb.jpg,https://www.lapa.ninja/post/off-menu-2/,Minimalist design with a warm beige palette and spacious layout.,,warm beige,"[""#f5f5dc"", ""#dcdcdc"", ""#ffffff"", ""#e0e0e0""]",0.5
Lapa Ninja (Post),Willy Brauner,PORTFOLIO,,,https://cdn.lapa.ninja/assets/images/1x/willybrauner-thumb.jpg,https://www.lapa.ninja/post/willybrauner/,Minimalist portfolio showcasing a neutral palette with a clean layout.,,neutral tones,"[""#ffffff"", ""#f0f0f0"", ""#000000"", ""#cccccc""]",0.5
Lapa Ninja (Post),Telepathic Instruments,ECOMMERCE,,,https://cdn.lapa.ninja/assets/images/1x/telepathicinstruments-thumb.jpg,https://www.lapa.ninja/post/telepathicinstruments/,Ethereal design with a soft color palette and minimalistic layout.,,soft neutral,"[""#f0f0f0"", ""#d9d9d9"", ""#ffffff"", ""#cccccc""]",0.5
Lapa Ninja (Post),Family Style,AGENCY,,,https://cdn.lapa.ninja/assets/images/1x/wearefamilystyle-2-thumb.jpg,https://www.lapa.ninja/post/wearefamilystyle-2/,Warm family-oriented design with a cozy layout and earthy tones.,,earthy tones,"[""#f5f5dc"", ""#d2b48c"", ""#deb887"", ""#ffe4b5""]",0.5
Lapa Ninja (Post),Rendezvous Barbers,LIFESTYLE,,,https://cdn.lapa.ninja/assets/images/1x/myrendezvous-thumb.jpg,https://www.lapa.ninja/post/myrendezvous/,"Stylish barbershop vibe with warm tones and a clean, inviting layout.",,warm beige,"[""#f5f5dc"", ""#d2b48c"", ""#8b4513"", ""#ffffff""]",0.5
Lapa Ninja (Post),Founders Future,VENTURES,,,https://cdn.lapa.ninja/assets/images/1x/foundersfuture-thumb.jpg,https://www.lapa.ninja/post/foundersfuture/,"Minimalist layout with a neutral tone, featuring a clean design and subtle imagery.",,neutral,"[""#f0f0f0"", ""#ffffff"", ""#000000"", ""#cccccc""]",0.5
Lapa Ninja (Post),PAISANA,STUDIO,,,https://cdn.lapa.ninja/assets/images/1x/paisana-thumb.jpg,https://www.lapa.ninja/post/paisana/,Minimalist design with warm beige tones and a clean layout emphasizing simplicity.,,warm beige,"[""#f5f5dc"", ""#dcdcdc"", ""#ffffff"", ""#e0e0e0""]",0.5
Lapa Ninja (Post),Katrine Pil,PORTFOLIO,,,https://cdn.lapa.ninja/assets/images/1x/katrinepil-thumb.jpg,https://www.lapa.ninja/post/katrinepil/,Minimalist portfolio layout with a neutral tone and clean design elements.,,neutral,"[""#ffffff"", ""#f0f0f0"", ""#000000"", ""#cccccc""]",0.5
Lapa Ninja (Post),Ocean,MUSIC,,,https://cdn.lapa.ninja/assets/images/1x/oceanldn-thumb.jpg,https://www.lapa.ninja/post/oceanldn/,Serene ocean-themed layout with a cool color palette and minimalistic design elements.,,cool blue,"[""#0077be"", ""#00aaff"", ""#e0f7fa"", ""#ffffff""]",0.5
Lapa Ninja (Post),Yellow Fellow,STUDIO,,,https://cdn.lapa.ninja/assets/images/1x/yellowfellow-thumb.jpg,https://www.lapa.ninja/post/yellowfellow/,"Playful design showcasing a bright yellow palette with a clean, minimal layout.",,bright yellow,"[""#f6eb61"", ""#ffffff"", ""#000000""]",0.5
Lapa Ninja (Post),David Ukauwa,PORTFOLIO,,,https://cdn.lapa.ninja/assets/images/1x/commissioner-thumb.jpg,https://www.lapa.ninja/post/commissioner/,Minimalist portfolio layout with a neutral tone and a focus on imagery.,,neutral,"[""#ffffff"", ""#f0f0f0"", ""#000000"", ""#cccccc""]",0.5
Lapa Ninja (Post),ID—C,STUDIO,,,https://cdn.lapa.ninja/assets/images/1x/id-c-thumb.jpg,https://www.lapa.ninja/post/id-c/,"Minimalist design with a neutral palette and a clean, spacious layout.",,neutral gray,"[""#f0f0f0"", ""#cccccc"", ""#ffffff"", ""#000000""]",0.5
Lapa Ninja (Post),Raad,BUSINESS,,,https://cdn.lapa.ninja/assets/images/1x/raad-thumb.jpg,https://www.lapa.ninja/post/raad/,"Minimalist design with a neutral tone, featuring a clean layout and subtle visual elements.",,neutral gray,"[""#f0f0f0"", ""#cccccc"", ""#ffffff"", ""#000000""]",0.5
Lapa Ninja (Post),People Made Machines,STUDIO,,,https://cdn.lapa.ninja/assets/images/1x/peoplemademachines-thumb.jpg,https://www.lapa.ninja/post/peoplemademachines/,Industrial-themed layout with a neutral palette and minimalistic design elements.,,neutral gray,"[""#cccccc"", ""#999999"", ""#333333"", ""#ffffff""]",0.5
Lapa Ninja (Post),Lil Frog,ILLUSTRATION,,,https://cdn.lapa.ninja/assets/images/1x/lilfrogeth-thumb.jpg,https://www.lapa.ninja/post/lilfrogeth/,Playful illustration site with vibrant colors and a whimsical layout.,,bright and playful,"[""#ffcc00"", ""#66ccff"", ""#ff6699"", ""#99cc66""]",0.5
Lapa Ninja (Post),exactly.ai,ARTIFICIAL INTELLIGENCE,,,https://cdn.lapa.ninja/assets/images/1x/exactly-ai-thumb.jpg,https://www.lapa.ninja/post/exactly-ai/,Minimalist AI showcase with a clean layout and neutral tones emphasizing clarity.,,neutral gray,"[""#f0f0f0"", ""#ffffff"", ""#000000"", ""#cccccc""]",0.5
Lapa Ninja (Post),Pasha Ink,PORTFOLIO,,,https://cdn.lapa.ninja/assets/images/1x/pashaink-thumb.jpg,https://www.lapa.ninja/post/pashaink/,Minimalist portfolio layout with a neutral tone and clean design elements.,,neutral,"[""#ffffff"", ""#f0f0f0"", ""#000000"", ""#cccccc""]",0.5
Lapa Ninja (Post),Alpine Bio,BUSINESS,,,https://cdn.lapa.ninja/assets/images/1x/alpbio-thumb.jpg,https://www.lapa.ninja/post/alpbio/,"Serene alpine-themed layout with earthy tones and a clean, spacious design.",,earthy green,"[""#4caf50"", ""#a5d6a7"", ""#ffffff"", ""#c8e6c9""]",0.5
Lapa Ninja (Post),Plaid,FINTECH,,,https://cdn.lapa.ninja/assets/images/1x/plaid-2-thumb.jpg,https://www.lapa.ninja/post/plaid-2/,"Minimalist fintech post with a neutral tone and simple layout, emphasizing clarity.",,neutral,"[""#f0f0f0"", ""#cccccc"", ""#ffffff"", ""#000000""]",0.5
Lapa Ninja (Post),By Matthew,BOOK,,,https://cdn.lapa.ninja/assets/images/1x/bymatthew-thumb.jpg,https://www.lapa.ninja/post/bymatthew/,"Minimalist design with a neutral tone, featuring a clean layout and subtle imagery.",,neutral,"[""#ffffff"", ""#f0f0f0"", ""#d9d9d9"", ""#bfbfbf""]",0.5
Lapa Ninja (Post),Rerun,OPEN SOURCE,,,https://cdn.lapa.ninja/assets/images/1x/rerun-thumb.jpg,https://www.lapa.ninja/post/rerun/,"Minimalist design with a neutral tone, featuring a clean layout and subtle imagery.",,neutral,"[""#ffffff"", ""#f0f0f0"", ""#e0e0e0"", ""#cccccc""]",0.5
Lapa Ninja (Post),Theseus,TECHNOLOGY,,,https://cdn.lapa.ninja/assets/images/1x/theseus-thumb.jpg,https://www.lapa.ninja/post/theseus/,"Minimalist design with a neutral tone, featuring a clean layout and subtle visual elements.",,neutral gray,"[""#f0f0f0"", ""#cccccc"", ""#ffffff"", ""#000000""]",0.5
Lapa Ninja (Post),Incention,BUSINESS,,,https://cdn.lapa.ninja/assets/images/1x/incention-thumb.jpg,https://www.lapa.ninja/post/incention/,"Minimalist layout with a serene vibe, featuring a soft color palette and clean lines.",,soft neutral,"[""#f0f0f0"", ""#d9d9d9"", ""#ffffff"", ""#cccccc""]",0.5
Lapa Ninja (Post),Yolo,BUSINESS,,,https://cdn.lapa.ninja/assets/images/1x/yolo-thumb.jpg,https://www.lapa.ninja/post/yolo/,"Minimalist design with a neutral tone, featuring a clean layout and subtle visual elements.",,neutral,"[""#ffffff"", ""#f0f0f0"", ""#e0e0e0"", ""#d0d0d0""]",0.5
Lapa Ninja (Post),Ridiculous Design,STUDIO,,,https://cdn.lapa.ninja/assets/images/1x/ridiculous-thumb.jpg,https://www.lapa.ninja/post/ridiculous/,Playful design showcase with vibrant colors and a whimsical layout.,,bright and playful,"[""#ff6f61"", ""#6b5b95"", ""#88b04b"", ""#f7cac9""]",0.5
Lapa Ninja (Post),Vibrant,HEALTH FITNESS,,,https://cdn.lapa.ninja/assets/images/1x/vibrantpractice-thumb.jpg,https://www.lapa.ninja/post/vibrantpractice/,Energetic health-focused layout with vibrant colors and dynamic imagery.,,vibrant,"[""#ff5733"", ""#33ff57"", ""#3357ff"", ""#f1c40f""]",0.5
Lapa Ninja (Post),Framer Studio,STUDIO,,,https://cdn.lapa.ninja/assets/images/1x/framer-studio-thumb.jpg,https://www.lapa.ninja/post/framer-studio/,Minimalist design showcasing a creative workspace with a neutral color palette.,,neutral gray,"[""#f0f0f0"", ""#cccccc"", ""#ffffff"", ""#000000""]",0.5
Lapa Ninja (Post),Sato Eyewear,ECOMMERCE,,,https://cdn.lapa.ninja/assets/images/1x/sato-eyewear-thumb.jpg,https://www.lapa.ninja/post/sato-eyewear/,Minimalist eyewear showcase with a neutral palette and clean layout.,,neutral tones,"[""#ffffff"", ""#f0f0f0"", ""#000000"", ""#cccccc""]",0.5
Lapa Ninja (Post),Literary Sport,ECOMMERCE,,,https://cdn.lapa.ninja/assets/images/1x/literarysport-thumb.jpg,https://www.lapa.ninja/post/literarysport/,Intellectual and engaging layout with a warm beige palette and literary-themed imagery.,,warm beige,"[""#f5f5dc"", ""#dcdcdc"", ""#ffffff"", ""#000000""]",0.5
Lapa Ninja (Post),Basedash,ARTIFICIAL INTELLIGENCE,,,https://cdn.lapa.ninja/assets/images/1x/basedash-thumb.jpg,https://www.lapa.ninja/post/basedash/,Minimalist dashboard design with a clean layout and neutral tones.,,neutral gray,"[""#f0f0f0"", ""#ffffff"", ""#cccccc"", ""#333333""]",0.5
Lapa Ninja (Post),Henri Heymans,PORTFOLIO,,,https://cdn.lapa.ninja/assets/images/1x/henriheymans-2-thumb.jpg,https://www.lapa.ninja/post/henriheymans-2/,Minimalist portfolio showcasing a serene aesthetic with a neutral color tone.,,neutral,"[""#f0f0f0"", ""#cccccc"", ""#ffffff"", ""#000000""]",0.5
Lapa Ninja (Post),Emmpo,CREATIVE,,,https://cdn.lapa.ninja/assets/images/1x/emmpo-thumb.jpg,https://www.lapa.ninja/post/emmpo/,Minimalist design showcasing a serene mood with a clean layout and soft color tones.,,soft neutral,"[""#f0f0f0"", ""#ffffff"", ""#d9d9d9"", ""#bfbfbf""]",0.5
Lapa Ninja (Post),Tana,PRODUCTIVITY,,,https://cdn.lapa.ninja/assets/images/1x/tana-2-thumb.jpg,https://www.lapa.ninja/post/tana-2/,Minimalist productivity tool with a clean layout and neutral tones.,,neutral gray,"[""#f0f0f0"", ""#ffffff"", ""#cccccc"", ""#999999""]",0.5
Lapa Ninja (Post),Johanna Arrieta,PORTFOLIO,,,https://cdn.lapa.ninja/assets/images/1x/johannadarrieta-thumb.jpg,https://www.lapa.ninja/post/johannadarrieta/,Minimalist portfolio showcasing a serene aesthetic with a neutral color palette.,,neutral tones,"[""#f0f0f0"", ""#d9d9d9"", ""#ffffff"", ""#cccccc""]",0.5
Lapa Ninja (Post),Hardik Bhansali,PORTFOLIO,,,https://cdn.lapa.ninja/assets/images/1x/hardikbhansali-thumb.jpg,https://www.lapa.ninja/post/hardikbhansali/,Minimalist portfolio layout with a neutral tone and clean design elements.,,neutral,"[""#ffffff"", ""#f0f0f0"", ""#000000"", ""#cccccc""]",0.5
Lapa Ninja (Post),Craft 3,PRODUCTIVITY,,,https://cdn.lapa.ninja/assets/images/1x/craft-do-3-thumb.jpg,https://www.lapa.ninja/post/craft-do-3/,Minimalist productivity post with a clean layout and neutral tones.,,neutral,"[""#ffffff"", ""#f0f0f0"", ""#e0e0e0"", ""#d0d0d0""]",0.5
Lapa Ninja (Post),Daisy AI,ARTIFICIAL INTELLIGENCE,,,https://cdn.lapa.ninja/assets/images/1x/hidaisy-thumb.jpg,https://www.lapa.ninja/post/hidaisy/,Playful AI interface with a bright color palette and engaging layout.,,vibrant and cheerful,"[""#ffcc00"", ""#ff6699"", ""#66ccff"", ""#ffccff""]",0.5
Lapa Ninja (Post),Orchestra,CORPORATE,,,https://cdn.lapa.ninja/assets/images/1x/orchestraco-thumb.jpg,https://www.lapa.ninja/post/orchestraco/,Elegant orchestral site with a sophisticated layout and a refined color palette.,,sophisticated gray,"[""#cccccc"", ""#ffffff"", ""#000000"", ""#f0f0f0""]",0.5
Lapa Ninja (Post),Equals,SAAS,,,https://cdn.lapa.ninja/assets/images/1x/equals-3-thumb.jpg,https://www.lapa.ninja/post/equals-3/,Minimalist SaaS design with a clean layout and neutral tones.,,neutral gray,"[""#f0f0f0"", ""#ffffff"", ""#cccccc"", ""#333333""]",0.5
Lapa Ninja (Post),Check,AGENCY,,,https://cdn.lapa.ninja/assets/images/1x/wearecheck-thumb.jpg,https://www.lapa.ninja/post/wearecheck/,"Minimalist design with a neutral palette and spacious layout, emphasizing clarity.",,neutral tones,"[""#ffffff"", ""#f0f0f0"", ""#e0e0e0"", ""#cccccc""]",0.5
Lapa Ninja (Post),Tailwind CSS v4.0,DEVELOPMENT TOOLS,,,https://cdn.lapa.ninja/assets/images/1x/tailwindcss-2-thumb.jpg,https://www.lapa.ninja/post/tailwindcss-2/,Minimalist design showcasing Tailwind CSS with a clean layout and neutral tones.,,neutral gray,"[""#f7fafc"", ""#edf2f7"", ""#e2e8f0"", ""#cbd5e0""]",0.5
Lapa Ninja (Post),OrdinaryFolks,STUDIO,,,https://cdn.lapa.ninja/assets/images/1x/weareordinaryfolks-thumb.jpg,https://www.lapa.ninja/post/weareordinaryfolks/,Minimalist design showcasing a warm beige palette with a clean layout.,,warm beige,"[""#f5f5dc"", ""#dcdcdc"", ""#ffffff"", ""#000000""]",0.5
Lapa Ninja (Post),Hedge,AGENCY,,,https://cdn.lapa.ninja/assets/images/1x/hedge-thumb.jpg,https://www.lapa.ninja/post/hedge/,"Minimalist design with a serene mood, featuring a soft green palette and spacious layout.",,soft green,"[""#a8d5ba"", ""#f0f4f8"", ""#ffffff"", ""#e0e0e0""]",0.5
Lapa Ninja (Post),Ghost,BUSINESS,,,https://cdn.lapa.ninja/assets/images/1x/ghst-thumb.jpg,https://www.lapa.ninja/post/ghst/,Eerie and minimalist layout with a dark tone and ghostly imagery.,,dark and moody,"[""#000000"", ""#ffffff"", ""#cccccc"", ""#666666""]",0.5
Lapa Ninja (Post),Sons & Daughters,FOOD DRINKS,,,https://cdn.lapa.ninja/assets/images/1x/sonsanddaughters-thumb.jpg,https://www.lapa.ninja/post/sonsanddaughters/,Casual dining experience with warm beige tones and a relaxed layout.,,warm beige,"[""#f5f5dc"", ""#d2b48c"", ""#deb887"", ""#ffe4b5""]",0.5
Lapa Ninja (Post),Jasper,ARTIFICIAL INTELLIGENCE,,,https://cdn.lapa.ninja/assets/images/1x/jasper-thumb.jpg,https://www.lapa.ninja/post/jasper/,"Minimalist design with a neutral tone, featuring a clean layout and subtle visual elements.",,neutral,"[""#f0f0f0"", ""#cccccc"", ""#ffffff"", ""#000000""]",0.5
Lapa Ninja (Post),Magma,AGENCY,,,https://cdn.lapa.ninja/assets/images/1x/magmamusicagency-thumb.jpg,https://www.lapa.ninja/post/magmamusicagency/,Dynamic music agency site with a warm palette and engaging layout.,,warm tones,"[""#ff5733"", ""#c70039"", ""#900c3f"", ""#581845""]",0.5
Lapa Ninja (Post),Halo,HARDWARE,,,https://cdn.lapa.ninja/assets/images/1x/halodental-thumb.jpg,https://www.lapa.ninja/post/halodental/,"Modern dental site with clean layout and neutral tones, featuring a prominent image.",,neutral tones,"[""#ffffff"", ""#f0f0f0"", ""#d9d9d9"", ""#bfbfbf""]",0.5
Lapa Ninja (Post),HOLIDAYS,STUDIO,,,https://cdn.lapa.ninja/assets/images/1x/holidays-thumb.jpg,https://www.lapa.ninja/post/holidays/,Relaxed holiday theme with warm beige tones and a spacious layout.,,warm beige,"[""#f5f5dc"", ""#ffe4b5"", ""#fffacd"", ""#faebd7""]",0.5
Lapa Ninja (Post),Function Health,HEALTH FITNESS,,,https://cdn.lapa.ninja/assets/images/1x/functionhealth-thumb.jpg,https://www.lapa.ninja/post/functionhealth/,"Energetic health site with a vibrant palette and clean, structured layout.",,bright and energetic,"[""#ffcc00"", ""#ff6600"", ""#ffffff"", ""#333333""]",0.5
Lapa Ninja (Post),Walbi,FINTECH,,,https://cdn.lapa.ninja/assets/images/1x/walbi-thumb.jpg,https://www.lapa.ninja/post/walbi/,Minimalist fintech design with a clean layout and neutral tones.,,neutral tones,"[""#f0f0f0"", ""#ffffff"", ""#cccccc"", ""#333333""]",0.5
Lapa Ninja (Post),Osmo Supply,DESIGN TOOLS,,,https://cdn.lapa.ninja/assets/images/1x/osmo-supply-thumb.jpg,https://www.lapa.ninja/post/osmo-supply/,Minimalist design with a neutral palette and spacious layout emphasizing simplicity.,,neutral gray,"[""#f0f0f0"", ""#d9d9d9"", ""#ffffff"", ""#000000""]",0.5
Lapa Ninja (Post),BLUEMARBLE,ECOMMERCE,,,https://cdn.lapa.ninja/assets/images/1x/bluemarbleparis-thumb.jpg,https://www.lapa.ninja/post/bluemarbleparis/,Sophisticated ecommerce site with a minimalist layout and cool color tones.,,cool tones,"[""#000000"", ""#ffffff"", ""#cccccc"", ""#f0f0f0""]",0.5
Lapa Ninja (Post),Mercredi Studio,STUDIO,,,https://cdn.lapa.ninja/assets/images/1x/mercredistudio-thumb.jpg,https://www.lapa.ninja/post/mercredistudio/,Minimalist studio showcase with a neutral palette and clean layout emphasizing creativity.,,neutral tones,"[""#f0f0f0"", ""#d9d9d9"", ""#ffffff"", ""#cccccc""]",0.5
Lapa Ninja (Post),Rootly,SAAS,,,https://cdn.lapa.ninja/assets/images/1x/rootly-thumb.jpg,https://www.lapa.ninja/post/rootly/,Minimalist SaaS interface with a clean layout and neutral color tones.,,neutral gray,"[""#f0f0f0"", ""#ffffff"", ""#cccccc"", ""#333333""]",0.5
Lapa Ninja (Post),Polène,ECOMMERCE,,,https://cdn.lapa.ninja/assets/images/1x/polene-thumb.jpg,https://www.lapa.ninja/post/polene/,Elegant ecommerce site with a soft color palette and minimalistic layout.,,soft neutral,"[""#f5f5f5"", ""#e0e0e0"", ""#ffffff"", ""#d1cfcf""]",0.5
Lapa Ninja (Post),Airborne,STUDIO,,,https://cdn.lapa.ninja/assets/images/1x/airborne-thumb.jpg,https://www.lapa.ninja/post/airborne/,Airborne features a serene layout with a soft color palette and minimalistic design elements.,,soft neutral,"[""#f0f0f0"", ""#d9d9d9"", ""#bfbfbf"", ""#a6a6a6""]",0.5
Lapa Ninja (Post),VWLAB,EDUCATION,,,https://cdn.lapa.ninja/assets/images/1x/vwlab-thumb.jpg,https://www.lapa.ninja/post/vwlab/,"Modern educational site with a clean layout and neutral tones, emphasizing clarity.",,neutral tones,"[""#ffffff"", ""#f0f0f0"", ""#e0e0e0"", ""#cccccc""]",0.5
Lapa Ninja (Post),Cyd Stumpel,PORTFOLIO,,,https://cdn.lapa.ninja/assets/images/1x/cydstumpel-thumb.jpg,https://www.lapa.ninja/post/cydstumpel/,Minimalist portfolio showcasing a clean layout with neutral tones and subtle design elements.,,neutral tones,"[""#ffffff"", ""#f0f0f0"", ""#d9d9d9"", ""#cccccc""]",0.5
Lapa Ninja (Post),Modem,STUDIO,,,https://cdn.lapa.ninja/assets/images/1x/modemworks-thumb.jpg,https://www.lapa.ninja/post/modemworks/,"Modern design showcase with a neutral palette and clean, spacious layout.",,neutral tones,"[""#f5f5f5"", ""#cccccc"", ""#ffffff"", ""#000000""]",0.5
Lapa Ninja (Post),brand.ai,ARTIFICIAL INTELLIGENCE,,,https://cdn.lapa.ninja/assets/images/1x/brand-ai-thumb.jpg,https://www.lapa.ninja/post/brand-ai/,Modern AI branding site with a clean layout and a neutral color tone.,,neutral,"[""#ffffff"", ""#f0f0f0"", ""#000000"", ""#cccccc""]",0.5
Lapa Ninja (Post),Popcorn,TECHNOLOGY,,,https://cdn.lapa.ninja/assets/images/1x/popcorn-thumb.jpg,https://www.lapa.ninja/post/popcorn/,Playful design with a vibrant color palette and a dynamic layout featuring popcorn imagery.,,bright and playful,"[""#ffcc00"", ""#ff6600"", ""#ffffff"", ""#000000""]",0.5
Lapa Ninja (Post),Bee Computer,HARDWARE,,,https://cdn.lapa.ninja/assets/images/1x/bee-computer-thumb.jpg,https://www.lapa.ninja/post/bee-computer/,Futuristic tech showcase with a sleek layout and vibrant color accents.,,bright and vibrant,"[""#ffcc00"", ""#00ccff"", ""#ff6600"", ""#ffffff""]",0.5
Lapa Ninja (Post),Henry Desroches,PORTFOLIO,,,https://cdn.lapa.ninja/assets/images/1x/henry-codes-2-thumb.jpg,https://www.lapa.ninja/post/henry-codes-2/,Minimalist portfolio layout with a neutral tone and clean design elements.,,neutral,"[""#ffffff"", ""#f0f0f0"", ""#000000"", ""#cccccc""]",0.5
Lapa Ninja (Post),M.Rodzik,PORTFOLIO,,,https://cdn.lapa.ninja/assets/images/1x/mrodzik-thumb.jpg,https://www.lapa.ninja/post/mrodzik/,Minimalist portfolio showcasing a clean layout with neutral tones and a focus on imagery.,,neutral tones,"[""#ffffff"", ""#f0f0f0"", ""#e0e0e0"", ""#d0d0d0""]",0.5
Lapa Ninja (Post),Daniel Sun,PORTFOLIO,,,https://cdn.lapa.ninja/assets/images/1x/danielsun-2-thumb.jpg,https://www.lapa.ninja/post/danielsun-2/,Minimalist portfolio showcasing a serene mood with a neutral color palette and clean layout.,,neutral tones,"[""#f0f0f0"", ""#cccccc"", ""#ffffff"", ""#000000""]",0.5
Lapa Ninja (Post),Nodaleto,FASHION,,,https://cdn.lapa.ninja/assets/images/1x/nodaleto-thumb.jpg,https://www.lapa.ninja/post/nodaleto/,Chic fashion post with a minimalist layout and a sophisticated color tone.,,neutral tones,"[""#ffffff"", ""#f0f0f0"", ""#d9d9d9"", ""#000000""]",0.5
Lapa Ninja (Post),Büro,STUDIO,,,https://cdn.lapa.ninja/assets/images/1x/burocratik-2-thumb.jpg,https://www.lapa.ninja/post/burocratik-2/,"Minimalist design with a neutral palette and spacious layout, emphasizing simplicity.",,neutral tones,"[""#f5f5f5"", ""#cccccc"", ""#ffffff"", ""#000000""]",0.5
Lapa Ninja (Post),Adopt,AGENCY,,,https://cdn.lapa.ninja/assets/images/1x/weareadopt-thumb.jpg,https://www.lapa.ninja/post/weareadopt/,Playful and inviting layout with a warm beige palette and rounded design elements.,,warm beige,"[""#f5f5dc"", ""#ffe4b5"", ""#fffacd"", ""#ffebcd""]",0.5
Lapa Ninja (Post),Mickey Friedman,PORTFOLIO,,,https://cdn.lapa.ninja/assets/images/1x/mickeyfriedman-thumb.jpg,https://www.lapa.ninja/post/mickeyfriedman/,Minimalist portfolio showcasing a clean layout with a neutral color tone.,,neutral gray,"[""#f0f0f0"", ""#ffffff"", ""#000000"", ""#cccccc""]",0.5
Lapa Ninja (Post),Lovework Studio,STUDIO,,,https://cdn.lapa.ninja/assets/images/1x/lovework-studio-thumb.jpg,https://www.lapa.ninja/post/lovework-studio/,Creative studio showcase with a warm beige palette and minimalistic layout.,,warm beige,"[""#f5f5dc"", ""#dcdcdc"", ""#ffffff"", ""#000000""]",0.5
Lapa Ninja (Post),Mintlify,SAAS,,,https://cdn.lapa.ninja/assets/images/1x/mintlify-thumb.jpg,https://www.lapa.ninja/post/mintlify/,Clean SaaS interface with a fresh green palette and minimalistic layout.,,fresh green,"[""#00b894"", ""#00cec9"", ""#ffffff"", ""#dfe6e9""]",0.5
Lapa Ninja (Post),Relocate Now,OUTDOORS TRAVEL,,,https://cdn.lapa.ninja/assets/images/1x/relocatenow-thumb.jpg,https://www.lapa.ninja/post/relocatenow/,"Adventurous travel site with earthy tones and a clean, spacious layout.",,earthy green,"[""#4caf50"", ""#8bc34a"", ""#cddc39"", ""#f0f4c3""]",0.5
Lapa Ninja (Post),Happy Droid,HARDWARE,,,https://cdn.lapa.ninja/assets/images/1x/happydroid-thumb.jpg,https://www.lapa.ninja/post/happydroid/,Playful tech showcase with vibrant colors and a whimsical layout.,,bright and cheerful,"[""#ffcc00"", ""#ff6699"", ""#66ccff"", ""#ffcc66""]",0.5
Lapa Ninja (Post),Stas Bondar,PORTFOLIO,,,https://cdn.lapa.ninja/assets/images/1x/stabondar-thumb.jpg,https://www.lapa.ninja/post/stabondar/,Minimalist portfolio showcasing a serene mood with a neutral color palette and clean layout.,,neutral tones,"[""#ffffff"", ""#f0f0f0"", ""#d9d9d9"", ""#bfbfbf""]",0.5
Lapa Ninja (Post),The Happy Few,AGENCY,,,https://cdn.lapa.ninja/assets/images/1x/thehappyfew-thumb.jpg,https://www.lapa.ninja/post/thehappyfew/,Playful design showcasing a vibrant color palette with a whimsical layout.,,bright and cheerful,"[""#ffcc00"", ""#ff6699"", ""#66ccff"", ""#ffccff""]",0.5
Lapa Ninja (Post),AYOCIN,FURNITURE INTERIORS,,,https://cdn.lapa.ninja/assets/images/1x/ayocin-thumb.jpg,https://www.lapa.ninja/post/ayocin/,Minimalist design showcasing warm beige tones with a clean layout and subtle textures.,,warm beige,"[""#f5f5dc"", ""#dcdcdc"", ""#ffffff"", ""#c0c0c0""]",0.5
Lapa Ninja (Post),Maria Santos,PORTFOLIO,,,https://cdn.lapa.ninja/assets/images/1x/saintsmary-thumb.jpg,https://www.lapa.ninja/post/saintsmary/,"Elegant portfolio showcase with warm tones and a clean, minimal layout.",,warm beige,"[""#f5f5dc"", ""#d2b48c"", ""#fff8dc"", ""#deb887""]",0.5
Lapa Ninja (Post),Inette,STUDIO,,,https://cdn.lapa.ninja/assets/images/1x/inette-thumb.jpg,https://www.lapa.ninja/post/inette/,"Minimalist design with a serene mood, featuring a soft color palette and spacious layout.",,soft neutral,"[""#f0f0f0"", ""#ffffff"", ""#d9d9d9"", ""#bfbfbf""]",0.5
Lapa Ninja (Post),Wand,APP,,,https://cdn.lapa.ninja/assets/images/1x/wand-2-thumb.jpg,https://www.lapa.ninja/post/wand-2/,"Minimalist design with a serene mood, featuring a soft color palette and clean layout.",,soft neutral,"[""#f0f0f0"", ""#d9d9d9"", ""#ffffff""]",0.5
Lapa Ninja (Post),Qudrix,HOME LIVING,,,https://cdn.lapa.ninja/assets/images/1x/qudrix-thumb.jpg,https://www.lapa.ninja/post/qudrix/,Modern home living showcase with a neutral palette and clean layout.,,neutral tones,"[""#f5f5f5"", ""#dcdcdc"", ""#ffffff"", ""#cccccc""]",0.5
Lapa Ninja (Post),Hiking Patrol,FASHION,,,https://cdn.lapa.ninja/assets/images/1x/hikingpatrol-thumb.jpg,https://www.lapa.ninja/post/hikingpatrol/,"Outdoor-themed post with earthy tones and a clean, spacious layout.",,earthy green,"[""#4caf50"", ""#8bc34a"", ""#c5e1a5"", ""#ffffff""]",0.5
Lapa Ninja (Post),Ori,ARTIFICIAL INTELLIGENCE,,,https://cdn.lapa.ninja/assets/images/1x/ori-thumb.jpg,https://www.lapa.ninja/post/ori/,"Minimalist design with a serene mood, featuring a soft color palette and clean layout.",,soft neutral,"[""#f0f0f0"", ""#d9d9d9"", ""#ffffff"", ""#cccccc""]",0.5
Lapa Ninja (Post),Prept,CORPORATE,,,https://cdn.lapa.ninja/assets/images/1x/prept-foundation-thumb.jpg,https://www.lapa.ninja/post/prept-foundation/,Minimalist layout with a neutral tone and clean design elements.,,neutral,"[""#f0f0f0"", ""#ffffff"", ""#cccccc"", ""#999999""]",0.5
Lapa Ninja (Post),Bakken & Bæck,STUDIO,,,https://cdn.lapa.ninja/assets/images/1x/bakkenbaeck-4-thumb.jpg,https://www.lapa.ninja/post/bakkenbaeck-4/,Modern design studio showcase with a clean layout and neutral color tones.,,neutral tones,"[""#f0f0f0"", ""#cccccc"", ""#333333"", ""#ffffff""]",0.5
Lapa Ninja (Post),Oxide Computer,DEVELOPMENT TOOLS,,,https://cdn.lapa.ninja/assets/images/1x/oxide-computer-2-thumb.jpg,https://www.lapa.ninja/post/oxide-computer-2/,Tech-focused layout with a neutral tone and minimalistic design elements.,,neutral gray,"[""#cccccc"", ""#ffffff"", ""#000000"", ""#f0f0f0""]",0.5
Lapa Ninja (Post),AniMattor,PORTFOLIO,,,https://cdn.lapa.ninja/assets/images/1x/animattor-thumb.jpg,https://www.lapa.ninja/post/animattor/,Minimalist portfolio layout with a neutral tone and clean design elements.,,neutral,"[""#ffffff"", ""#f0f0f0"", ""#000000"", ""#cccccc""]",0.5
Lapa Ninja (Post),Say Briefly,ILLUSTRATION,,,https://cdn.lapa.ninja/assets/images/1x/saybriefly-thumb.jpg,https://www.lapa.ninja/post/saybriefly/,"Minimalist design with a serene mood, featuring a soft color palette and clean layout.",,soft neutral,"[""#f0f0f0"", ""#ffffff"", ""#d9d9d9"", ""#bfbfbf""]",0.5
Lapa Ninja (Post),ITEM Amsterdam,FURNITURE INTERIORS,,,https://cdn.lapa.ninja/assets/images/1x/item-amsterdam-thumb.jpg,https://www.lapa.ninja/post/item-amsterdam/,"Modern furniture showcase with a neutral palette and clean, spacious layout.",,neutral tones,"[""#f5f5f5"", ""#dcdcdc"", ""#ffffff"", ""#000000""]",0.5
Lapa Ninja (Post),Designgal Studio,STUDIO,,,https://cdn.lapa.ninja/assets/images/1x/designgal-studio-thumb.jpg,https://www.lapa.ninja/post/designgal-studio/,Minimalist design studio showcase with a neutral palette and clean layout.,,neutral gray,"[""#f0f0f0"", ""#cccccc"", ""#ffffff"", ""#000000""]",0.5
Lapa Ninja (Post),Heyday Canning,FOOD DRINKS,,,https://cdn.lapa.ninja/assets/images/1x/heydaycanning-thumb.jpg,https://www.lapa.ninja/post/heydaycanning/,"Rustic canning site with earthy tones and a clean, minimal layout.",,earthy green,"[""#8b5a2b"", ""#d2b48c"", ""#f5f5dc"", ""#fff8dc""]",0.5
Lapa Ninja (Post),Fleerackers,ECOMMERCE,,,https://cdn.lapa.ninja/assets/images/1x/fleerackers-thumb.jpg,https://www.lapa.ninja/post/fleerackers/,Minimalist e-commerce layout with a neutral tone and clean design elements.,,neutral,"[""#f0f0f0"", ""#ffffff"", ""#000000"", ""#cccccc""]",0.5
Lapa Ninja (Post),Desdoigts,AGENCY,,,https://cdn.lapa.ninja/assets/images/1x/desdoigts-thumb.jpg,https://www.lapa.ninja/post/desdoigts/,Elegant design showcase with a warm beige palette and minimalistic layout.,,warm beige,"[""#f5f5dc"", ""#d2b48c"", ""#fff8dc"", ""#e6e6fa""]",0.5
Lapa Ninja (Post),Native,INSURANCE,,,https://cdn.lapa.ninja/assets/images/1x/native-thumb.jpg,https://www.lapa.ninja/post/native/,"Minimalist design with a neutral tone, featuring a clean layout and subtle visual elements.",,neutral gray,"[""#f0f0f0"", ""#cccccc"", ""#ffffff"", ""#000000""]",0.5
Lapa Ninja (Post),Entuitive,CORPORATE,,,https://cdn.lapa.ninja/assets/images/1x/entuitiveengineering-thumb.jpg,https://www.lapa.ninja/post/entuitiveengineering/,"Professional engineering site with a clean layout and muted tones, emphasizing functionality.",,neutral gray,"[""#cccccc"", ""#ffffff"", ""#000000"", ""#f0f0f0""]",0.5
Lapa Ninja (Post),OMMO,STUDIO,,,https://cdn.lapa.ninja/assets/images/1x/ommo-thumb.jpg,https://www.lapa.ninja/post/ommo/,"Minimalist design with a serene mood, featuring a soft color palette and spacious layout.",,soft neutral,"[""#f0f0f0"", ""#ffffff"", ""#d9d9d9"", ""#bfbfbf""]",0.5
Lapa Ninja (Post),Reveal Studio,STUDIO,,,https://cdn.lapa.ninja/assets/images/1x/revealstudio-thumb.jpg,https://www.lapa.ninja/post/revealstudio/,Minimalist studio website with a neutral palette and clean layout emphasizing visuals.,,neutral tones,"[""#ffffff"", ""#f0f0f0"", ""#d9d9d9"", ""#000000""]",0.5
Lapa Ninja (Post),OODOS,COMMUNITY,,,https://cdn.lapa.ninja/assets/images/1x/oodos-thumb.jpg,https://www.lapa.ninja/post/oodos/,"Minimalist design with a serene mood, featuring a soft color palette and spacious layout.",,soft neutral,"[""#f0f0f0"", ""#d9d9d9"", ""#ffffff"", ""#cccccc""]",0.5
Lapa Ninja (Post),New Valley Labs,STUDIO,,,https://cdn.lapa.ninja/assets/images/1x/newvalleylabs-thumb.jpg,https://www.lapa.ninja/post/newvalleylabs/,"Innovative lab website with a clean layout and a fresh, muted color palette.",,fresh green,"[""#a8e6cf"", ""#dcedc1"", ""#ffd54f"", ""#ff8a65""]",0.5
Lapa Ninja (Post),Hyperplex,FINTECH,,,https://cdn.lapa.ninja/assets/images/1x/hyperplex-thumb.jpg,https://www.lapa.ninja/post/hyperplex/,Futuristic fintech site with a sleek layout and a cool color tone.,,cool gray,"[""#cccccc"", ""#999999"", ""#333333"", ""#ffffff""]",0.5
Lapa Ninja (Post),Monolith,FURNITURE INTERIORS,,,https://cdn.lapa.ninja/assets/images/1x/monolith-nyc-thumb.jpg,https://www.lapa.ninja/post/monolith-nyc/,Modern interior design showcase with a neutral palette and minimalist layout.,,neutral tones,"[""#f5f5f5"", ""#cccccc"", ""#999999"", ""#333333""]",0.5
Lapa Ninja (Post),Roberta Ungaro,PORTFOLIO,,,https://cdn.lapa.ninja/assets/images/1x/robertaungaro-thumb.jpg,https://www.lapa.ninja/post/robertaungaro/,Minimalist portfolio showcasing a serene aesthetic with soft tones and a clean layout.,,soft neutral,"[""#f0f0f0"", ""#d9d9d9"", ""#ffffff""]",0.5
Lapa Ninja (Post),Statamic,SAAS,,,https://cdn.lapa.ninja/assets/images/1x/statamic-2-thumb.jpg,https://www.lapa.ninja/post/statamic-2/,Minimalist SaaS interface with a clean layout and neutral tones.,,neutral gray,"[""#f5f5f5"", ""#e0e0e0"", ""#ffffff"", ""#000000""]",0.5
Lapa Ninja (Post),111 West 57th Street,REAL ESTATE,,,https://cdn.lapa.ninja/assets/images/1x/111w57-thumb.jpg,https://www.lapa.ninja/post/111w57/,Sophisticated real estate post with a neutral tone and clean layout.,,neutral,"[""#ffffff"", ""#f0f0f0"", ""#d9d9d9"", ""#bfbfbf""]",0.5
Lapa Ninja (Post),Spellbook,SAAS,,,https://cdn.lapa.ninja/assets/images/1x/spellbook-thumb.jpg,https://www.lapa.ninja/post/spellbook/,"Mystical design with a dark theme and enchanting elements, featuring a structured layout.",,dark and mystical,"[""#000000"", ""#4b0082"", ""#8a2be2"", ""#ffffff""]",0.5
Lapa Ninja (Post),Cap,SAAS,,,https://cdn.lapa.ninja/assets/images/1x/cap-thumb.jpg,https://www.lapa.ninja/post/cap/,"Minimalist design with a neutral tone and simple layout, focusing on the product.",,neutral gray,"[""#f0f0f0"", ""#cccccc"", ""#ffffff"", ""#000000""]",0.5
Lapa Ninja (Post),Koffiracha,FOOD DRINKS,,,https://cdn.lapa.ninja/assets/images/1x/koffiracha-thumb.jpg,https://www.lapa.ninja/post/koffiracha/,Vibrant food post with a warm color palette and engaging layout.,,warm tones,"[""#ffcc00"", ""#ff6600"", ""#ff9966"", ""#ffffff""]",0.5
Lapa Ninja (Post),Portal,SAAS,,,https://cdn.lapa.ninja/assets/images/1x/portalgaming-thumb.jpg,https://www.lapa.ninja/post/portalgaming/,Dynamic gaming portal with vibrant colors and an engaging layout.,,vibrant,"[""#ff5733"", ""#33c1ff"", ""#ff33a1"", ""#f3ff33""]",0.5
Lapa Ninja (Post),Jasmina Denner,PORTFOLIO,,,https://cdn.lapa.ninja/assets/images/1x/jasminadenner-thumb.jpg,https://www.lapa.ninja/post/jasminadenner/,Minimalist portfolio showcasing a serene mood with a neutral color palette and clean layout.,,neutral tones,"[""#f0f0f0"", ""#cccccc"", ""#ffffff"", ""#000000""]",0.5
Lapa Ninja (Post),Genesis Creative,AGENCY,,,https://cdn.lapa.ninja/assets/images/1x/genesiscreative-thumb.jpg,https://www.lapa.ninja/post/genesiscreative/,Creative agency site with a modern layout and a vibrant color scheme emphasizing innovation.,,bright and dynamic,"[""#ff6f61"", ""#6b5b95"", ""#88b04b"", ""#f7cac9""]",0.5
Lapa Ninja (Post),Airtree,VENTURES,,,https://cdn.lapa.ninja/assets/images/1x/airtree-thumb.jpg,https://www.lapa.ninja/post/airtree/,"Minimalist design with a neutral tone, featuring a clean layout and subtle visual elements.",,neutral,"[""#f0f0f0"", ""#ffffff"", ""#cccccc"", ""#999999""]",0.5
Lapa Ninja (Post),Melrosepr,CORPORATE,,,https://cdn.lapa.ninja/assets/images/1x/melrosepr-thumb.jpg,https://www.lapa.ninja/post/melrosepr/,"Corporate site with a clean layout, featuring a neutral color tone and minimalistic design elements.",,neutral gray,"[""#f0f0f0"", ""#cccccc"", ""#ffffff"", ""#000000""]",0.5
Lapa Ninja (Post),ODA,PORTFOLIO,,,https://cdn.lapa.ninja/assets/images/1x/oda-services-thumb.jpg,https://www.lapa.ninja/post/oda-services/,Minimalist portfolio site with a neutral tone and clean layout emphasizing simplicity.,,neutral gray,"[""#f0f0f0"", ""#ffffff"", ""#000000"", ""#cccccc""]",0.5
Lapa Ninja (Post),Summer Smash Tennis,HEALTH FITNESS,,,https://cdn.lapa.ninja/assets/images/1x/summersmashtennis-thumb.jpg,https://www.lapa.ninja/post/summersmashtennis/,Energetic sports post featuring vibrant colors and a dynamic layout.,,bright and lively,"[""#ffcc00"", ""#ff5733"", ""#33ccff"", ""#ffffff""]",0.5
Lapa Ninja (Post),Pudgy Penguins,NFT,,,https://cdn.lapa.ninja/assets/images/1x/pudgypenguins-thumb.jpg,https://www.lapa.ninja/post/pudgypenguins/,Playful NFT showcase with vibrant colors and a whimsical layout.,,bright and playful,"[""#ffcc00"", ""#ff6699"", ""#66ccff"", ""#ffccff""]",0.5
Lapa Ninja (Post),Euphemia,VENTURES,,,https://cdn.lapa.ninja/assets/images/1x/euphemia-thumb.jpg,https://www.lapa.ninja/post/euphemia/,Elegant design showcasing a serene mood with a minimalist layout and soft color tones.,,soft neutral,"[""#f0f0f0"", ""#d9d9d9"", ""#ffffff"", ""#cccccc""]",0.5
Lapa Ninja (Post),Paloceras,FASHION,,,https://cdn.lapa.ninja/assets/images/1x/paloceras-thumb.jpg,https://www.lapa.ninja/post/paloceras/,Minimalist fashion post with a neutral tone and clean layout emphasizing imagery.,,neutral,"[""#ffffff"", ""#f0f0f0"", ""#000000"", ""#d9d9d9""]",0.5
Lapa Ninja (Post),Woset,ECOMMERCE,,,https://cdn.lapa.ninja/assets/images/1x/woset-2-thumb.jpg,https://www.lapa.ninja/post/woset-2/,Minimalist eCommerce layout with a neutral tone and clean design elements.,,neutral,"[""#f0f0f0"", ""#ffffff"", ""#000000"", ""#cccccc""]",0.5
Lapa Ninja (Post),Studio 38,STUDIO,,,https://cdn.lapa.ninja/assets/images/1x/weare38-thumb.jpg,https://www.lapa.ninja/post/weare38/,Modern studio showcase with a warm beige palette and minimalistic layout.,,warm beige,"[""#f5f5dc"", ""#d3cfcf"", ""#ffffff"", ""#e0e0e0""]",0.5
Lapa Ninja (Post),St Kilda Orthodontics,HEALTH FITNESS,,,https://cdn.lapa.ninja/assets/images/1x/stkildaorthodontics-thumb.jpg,https://www.lapa.ninja/post/stkildaorthodontics/,"Friendly orthodontic site with a warm beige palette and clean, inviting layout.",,warm beige,"[""#f5f5dc"", ""#dcdcdc"", ""#ffffff"", ""#ffebcd""]",0.5
Lapa Ninja (Post),Bruut,AGENCY,,,https://cdn.lapa.ninja/assets/images/1x/bruut-media-thumb.jpg,https://www.lapa.ninja/post/bruut-media/,"Modern media site with a clean layout and neutral tones, emphasizing visual content.",,neutral tones,"[""#ffffff"", ""#f0f0f0"", ""#000000"", ""#cccccc""]",0.5
Lapa Ninja (Post),Dub.co,SAAS,,,https://cdn.lapa.ninja/assets/images/1x/dub-thumb.jpg,https://www.lapa.ninja/post/dub/,Modern SaaS interface with a sleek layout and a cool color tone.,,cool gray,"[""#f0f0f0"", ""#cccccc"", ""#ffffff"", ""#000000""]",0.5
Lapa Ninja (Post),Riotters,AGENCY,,,https://cdn.lapa.ninja/assets/images/1x/riotters-thumb.jpg,https://www.lapa.ninja/post/riotters/,"Playful design with vibrant colors and a dynamic layout, featuring engaging visuals.",,bright and playful,"[""#ff6f61"", ""#6b5b95"", ""#88b04b"", ""#f7cac9""]",0.5
Lapa Ninja (Post),Humane CosmOS,SOFTWARE,,,https://cdn.lapa.ninja/assets/images/1x/humane-cosmos-thumb.jpg,https://www.lapa.ninja/post/humane-cosmos/,"Futuristic interface with a serene mood, featuring a muted color palette and minimalistic layout.",,calm gray,"[""#f0f0f0"", ""#cccccc"", ""#999999"", ""#666666""]",0.5
Lapa Ninja (Post),Hellotime,SAAS,,,https://cdn.lapa.ninja/assets/images/1x/hellotime-thumb.jpg,https://www.lapa.ninja/post/hellotime/,Minimalist SaaS interface with a clean layout and soft color tones.,,soft gray,"[""#f0f0f0"", ""#ffffff"", ""#e0e0e0"", ""#cccccc""]",0.5
Lapa Ninja (Post),Casa Malka,FOOD DRINKS,,,https://cdn.lapa.ninja/assets/images/1x/casamalka-thumb.jpg,https://www.lapa.ninja/post/casamalka/,Relaxed dining experience with warm beige tones and a spacious layout.,,warm beige,"[""#f5f5dc"", ""#d2b48c"", ""#fff8dc"", ""#deb887""]",0.5
Lapa Ninja (Post),Index Inc,SAAS,,,https://cdn.lapa.ninja/assets/images/1x/index-inc-thumb.jpg,https://www.lapa.ninja/post/index-inc/,"Modern SaaS interface with a clean layout and neutral tones, emphasizing usability.",,neutral tones,"[""#f0f0f0"", ""#ffffff"", ""#cccccc"", ""#333333""]",0.5
Lapa Ninja (Post),ANALOGUE,STUDIO,,,https://cdn.lapa.ninja/assets/images/1x/madebyanalogue-thumb.jpg,https://www.lapa.ninja/post/madebyanalogue/,Minimalist design showcasing a serene mood with a neutral palette and spacious layout.,,neutral tones,"[""#f0f0f0"", ""#d9d9d9"", ""#bfbfbf"", ""#a6a6a6""]",0.5
Lapa Ninja (Post),Jimmy Fairly,FASHION,,,https://cdn.lapa.ninja/assets/images/1x/jimmyfairly-thumb.jpg,https://www.lapa.ninja/post/jimmyfairly/,Minimalist eyewear site with a clean layout and neutral tones.,,neutral,"[""#ffffff"", ""#f0f0f0"", ""#000000"", ""#d1d1d1""]",0.5
Lapa Ninja (Post),Zach Hamed,PORTFOLIO,,,https://cdn.lapa.ninja/assets/images/1x/zmh-thumb.jpg,https://www.lapa.ninja/post/zmh/,Minimalist portfolio showcasing a clean layout with neutral tones and a focus on imagery.,,neutral,"[""#ffffff"", ""#f0f0f0"", ""#000000"", ""#cccccc""]",0.5
Lapa Ninja (Post),Stompers,APP,,,https://cdn.lapa.ninja/assets/images/1x/stompers-thumb.jpg,https://www.lapa.ninja/post/stompers/,Playful design with a vibrant color palette and a dynamic layout.,,bright and playful,"[""#ffcc00"", ""#ff5733"", ""#33ccff"", ""#ff33a1""]",0.5
Lapa Ninja (Post),Karina Makarova,PORTFOLIO,,,https://cdn.lapa.ninja/assets/images/1x/karina-makarova-thumb.jpg,https://www.lapa.ninja/post/karina-makarova/,Minimalist portfolio showcasing a serene mood with a neutral color palette and clean layout.,,neutral tones,"[""#f0f0f0"", ""#ffffff"", ""#cccccc"", ""#999999""]",0.5
Lapa Ninja (Post),TechTO,COMMUNITY,,,https://cdn.lapa.ninja/assets/images/1x/techto-thumb.jpg,https://www.lapa.ninja/post/techto/,Modern tech event page with a vibrant color scheme and clean layout.,,dynamic blue,"[""#007bff"", ""#ffffff"", ""#f8f9fa"", ""#343a40""]",0.5
Lapa Ninja (Post),Cassandre Levrard,PORTFOLIO,,,https://cdn.lapa.ninja/assets/images/1x/cassandrelevrard-thumb.jpg,https://www.lapa.ninja/post/cassandrelevrard/,Minimalist portfolio showcasing a serene mood with a neutral color palette and clean layout.,,neutral tones,"[""#f0f0f0"", ""#cccccc"", ""#ffffff"", ""#000000""]",0.5
Lapa Ninja (Post),Things Inc,STUDIO,,,https://cdn.lapa.ninja/assets/images/1x/things-inc-thumb.jpg,https://www.lapa.ninja/post/things-inc/,"Minimalist design with a neutral palette and spacious layout, emphasizing simplicity.",,neutral tones,"[""#f5f5f5"", ""#e0e0e0"", ""#ffffff"", ""#cccccc""]",0.5
Lapa Ninja (Post),Jaffa,FOOD DRINKS,,,https://cdn.lapa.ninja/assets/images/1x/jaffa-thumb.jpg,https://www.lapa.ninja/post/jaffa/,Inviting food post with warm tones and a simple layout emphasizing the dish.,,warm beige,"[""#f5e1b2"", ""#d9b48c"", ""#c6a76b"", ""#a67c4d""]",0.5
Lapa Ninja (Post),Moved Network,BLOCKCHAIN,,,https://cdn.lapa.ninja/assets/images/1x/moved-network-thumb.jpg,https://www.lapa.ninja/post/moved-network/,"Minimalist layout with a neutral tone, featuring a clean design and subtle visual elements.",,neutral gray,"[""#f0f0f0"", ""#ffffff"", ""#cccccc"", ""#999999""]",0.5
Lapa Ninja (Post),Prand,STUDIO,,,https://cdn.lapa.ninja/assets/images/1x/prand-thumb.jpg,https://www.lapa.ninja/post/prand/,Minimalist design showcasing a serene mood with a clean layout and soft color tones.,,soft neutral,"[""#f0f0f0"", ""#ffffff"", ""#d9d9d9"", ""#bfbfbf""]",0.5
Lapa Ninja (Post),Arch Agency,AGENCY,,,https://cdn.lapa.ninja/assets/images/1x/arch-agency-thumb.jpg,https://www.lapa.ninja/post/arch-agency/,"Modern agency site with a clean layout and neutral tones, emphasizing professionalism.",,neutral gray,"[""#f0f0f0"", ""#cccccc"", ""#333333"", ""#ffffff""]",0.5
Lapa Ninja (Post),Clim Studio,STUDIO,,,https://cdn.lapa.ninja/assets/images/1x/studioclim-2-thumb.jpg,https://www.lapa.ninja/post/studioclim-2/,Minimalist studio website with a serene mood and neutral color tones.,,neutral gray,"[""#f0f0f0"", ""#cccccc"", ""#ffffff"", ""#000000""]",0.5
Lapa Ninja (Post),Rhythm Influence,STUDIO,,,https://cdn.lapa.ninja/assets/images/1x/rhythminfluence-thumb.jpg,https://www.lapa.ninja/post/rhythminfluence/,Minimalist design with a rhythmic layout and a neutral color tone.,,neutral,"[""#ffffff"", ""#f0f0f0"", ""#e0e0e0"", ""#d0d0d0""]",0.5
Lapa Ninja (Post),Shareio,SAAS,,,https://cdn.lapa.ninja/assets/images/1x/shareio-thumb.jpg,https://www.lapa.ninja/post/shareio/,Minimalist SaaS interface with a clean layout and a neutral color tone.,,neutral gray,"[""#f0f0f0"", ""#ffffff"", ""#cccccc"", ""#999999""]",0.5
Lapa Ninja (Post),Idol,AGENCY,,,https://cdn.lapa.ninja/assets/images/1x/idol-partners-thumb.jpg,https://www.lapa.ninja/post/idol-partners/,Modern layout with a vibrant color scheme and engaging visual elements.,,bright and dynamic,"[""#ff6f61"", ""#6b5b95"", ""#88b04b"", ""#f7cac9""]",0.5
Lapa Ninja (Post),Lens,WEB3,,,https://cdn.lapa.ninja/assets/images/1x/lens-2-thumb.jpg,https://www.lapa.ninja/post/lens-2/,"Minimalist design with a neutral tone and clean layout, emphasizing simplicity.",,neutral gray,"[""#f0f0f0"", ""#cccccc"", ""#ffffff"", ""#000000""]",0.5
Lapa Ninja (Post),Purée Maison,AGENCY,,,https://cdn.lapa.ninja/assets/images/1x/pureemaison-thumb.jpg,https://www.lapa.ninja/post/pureemaison/,"Elegant food website with warm beige tones and a clean, minimal layout.",,warm beige,"[""#f5f5dc"", ""#fff8e1"", ""#d9c9a3"", ""#e0cda9""]",0.5
Lapa Ninja (Post),Gone Fishing Studio,STUDIO,,,https://cdn.lapa.ninja/assets/images/1x/gonefishing-studio-2-thumb.jpg,https://www.lapa.ninja/post/gonefishing-studio-2/,Relaxed studio website with a serene color tone and minimalistic layout.,,calm neutral,"[""#f0f0f0"", ""#d9d9d9"", ""#ffffff"", ""#b0b0b0""]",0.5
Lapa Ninja (Post),Huey Lightshop,ECOMMERCE,,,https://cdn.lapa.ninja/assets/images/1x/hueylightshop-thumb.jpg,https://www.lapa.ninja/post/hueylightshop/,Bright and inviting lightshop layout with a warm beige palette and minimalistic design elements.,,warm beige,"[""#f5f5dc"", ""#ffffff"", ""#d3d3d3"", ""#ffebcd""]",0.5
Lapa Ninja (Post),Vic Rojo,STUDIO,,,https://cdn.lapa.ninja/assets/images/1x/vicrojo-thumb.jpg,https://www.lapa.ninja/post/vicrojo/,Minimalist design showcasing a warm beige palette with a clean layout.,,warm beige,"[""#f5f5dc"", ""#dcdcdc"", ""#ffffff"", ""#000000""]",0.5
Lapa Ninja (Post),Kurate Music,MUSIC,,,https://cdn.lapa.ninja/assets/images/1x/kuratemusic-thumb.jpg,https://www.lapa.ninja/post/kuratemusic/,Energetic music platform with vibrant tones and a dynamic layout.,,vibrant,"[""#ff5733"", ""#33c1ff"", ""#ff33a1"", ""#f3ff33""]",0.5
Lapa Ninja (Post),Eric Hu Studio,STUDIO,,,https://cdn.lapa.ninja/assets/images/1x/erichu-2-thumb.jpg,https://www.lapa.ninja/post/erichu-2/,Minimalist studio showcase with a neutral palette and clean layout.,,neutral tones,"[""#f5f5f5"", ""#cccccc"", ""#ffffff"", ""#000000""]",0.5
Lapa Ninja (Post),CAHU,ECOMMERCE,,,https://cdn.lapa.ninja/assets/images/1x/cahuparis-thumb.jpg,https://www.lapa.ninja/post/cahuparis/,Elegant e-commerce site with a minimalist layout and soft neutral tones.,,soft neutral,"[""#f5f5f5"", ""#ffffff"", ""#e0e0e0"", ""#d1cfcf""]",0.5
Lapa Ninja (Post),Ava Protocol,DEFI,,,https://cdn.lapa.ninja/assets/images/1x/avaprotocol-thumb.jpg,https://www.lapa.ninja/post/avaprotocol/,"Tech-focused layout with a sleek, modern vibe and a cool color tone.",,cool gray,"[""#f0f0f0"", ""#cccccc"", ""#333333"", ""#007acc""]",0.5
Lapa Ninja (Post),neil.graphics,PORTFOLIO,,,https://cdn.lapa.ninja/assets/images/1x/neil-thumb.jpg,https://www.lapa.ninja/post/neil/,Minimalist portfolio showcasing a clean layout with a neutral color tone.,,neutral,"[""#ffffff"", ""#f0f0f0"", ""#000000"", ""#cccccc""]",0.5
Lapa Ninja (Post),Beepy Bella,FASHION,,,https://cdn.lapa.ninja/assets/images/1x/beepybella-thumb.jpg,https://www.lapa.ninja/post/beepybella/,Playful and whimsical design with a bright color palette and engaging layout.,,vibrant and playful,"[""#ffcc00"", ""#ff6699"", ""#66ccff"", ""#ffccff""]",0.5
Lapa Ninja (Post),Modal,SAAS,,,https://cdn.lapa.ninja/assets/images/1x/modal-thumb.jpg,https://www.lapa.ninja/post/modal/,Minimalist modal design with a clean layout and soft color tones.,,soft gray,"[""#f0f0f0"", ""#ffffff"", ""#cccccc"", ""#e0e0e0""]",0.5
Lapa Ninja (Post),Attio,SAAS,,,https://cdn.lapa.ninja/assets/images/1x/attio-2-thumb.jpg,https://www.lapa.ninja/post/attio-2/,"Modern SaaS interface with a clean layout and neutral tones, emphasizing usability.",,neutral tones,"[""#f0f0f0"", ""#ffffff"", ""#cccccc"", ""#333333""]",0.5
Lapa Ninja (Post),Mitchell Eaton,PORTFOLIO,,,https://cdn.lapa.ninja/assets/images/1x/mitchelleaton-thumb.jpg,https://www.lapa.ninja/post/mitchelleaton/,Minimalist portfolio showcasing a modern aesthetic with a neutral color tone and clean layout.,,neutral,"[""#ffffff"", ""#f0f0f0"", ""#000000"", ""#cccccc""]",0.5
Lapa Ninja (Post),Treize grammes,AGENCY,,,https://cdn.lapa.ninja/assets/images/1x/13g-thumb.jpg,https://www.lapa.ninja/post/13g/,Minimalist design with a neutral palette and a clean layout emphasizing simplicity.,,neutral tones,"[""#ffffff"", ""#f0f0f0"", ""#d9d9d9"", ""#bfbfbf""]",0.5
Lapa Ninja (Post),Clark Hosting,HOSTING,,,https://cdn.lapa.ninja/assets/images/1x/hostwithclark-thumb.jpg,https://www.lapa.ninja/post/hostwithclark/,Minimalist hosting site with a clean layout and neutral tones.,,neutral gray,"[""#f0f0f0"", ""#ffffff"", ""#cccccc"", ""#333333""]",0.5
Lapa Ninja (Post),eBay Playbook,DESIGN TOOLS,,,https://cdn.lapa.ninja/assets/images/1x/playbook-ebay-thumb.jpg,https://www.lapa.ninja/post/playbook-ebay/,Informative playbook layout with a neutral tone and structured presentation.,,neutral,"[""#f0f0f0"", ""#cccccc"", ""#333333"", ""#ffffff""]",0.5
Lapa Ninja (Post),P448,FASHION,,,https://cdn.lapa.ninja/assets/images/1x/p448-thumb.jpg,https://www.lapa.ninja/post/p448/,Trendy fashion post featuring a modern layout with a neutral color tone and stylish imagery.,,neutral tones,"[""#ffffff"", ""#f0f0f0"", ""#d9d9d9"", ""#000000""]",0.5
Lapa Ninja (Post),ChainGPT Labs,3D WEBSITES,,,https://cdn.lapa.ninja/assets/images/1x/chaingpt-labs-thumb.jpg,https://www.lapa.ninja/post/chaingpt-labs/,"Futuristic design with a tech vibe, featuring a dark palette and clean layout.",,dark gray,"[""#000000"", ""#1a1a1a"", ""#ffffff"", ""#ffcc00""]",0.5
Lapa Ninja (Post),27b,STUDIO,,,https://cdn.lapa.ninja/assets/images/1x/27-b-thumb.jpg,https://www.lapa.ninja/post/27-b/,"Minimalist design with a neutral tone and clean layout, emphasizing simplicity.",,neutral,"[""#ffffff"", ""#f0f0f0"", ""#e0e0e0"", ""#d0d0d0""]",0.5
Lapa Ninja (Post),bella,ECOMMERCE,,,https://cdn.lapa.ninja/assets/images/1x/bellakitchenware-thumb.jpg,https://www.lapa.ninja/post/bellakitchenware/,Elegant kitchenware showcase with a warm beige palette and minimalistic layout.,,warm beige,"[""#f5f5dc"", ""#dcdcdc"", ""#ffffff"", ""#c0c0c0""]",0.5
Lapa Ninja (Post),Rains,FASHION,,,https://cdn.lapa.ninja/assets/images/1x/rains-3-thumb.jpg,https://www.lapa.ninja/post/rains-3/,"Minimalist fashion post with a cool tone and clean layout, emphasizing modern aesthetics.",,cool gray,"[""#d1d1d1"", ""#ffffff"", ""#000000"", ""#a0a0a0""]",0.5
Lapa Ninja (Post),Artemisa Beauty,BEAUTY,,,https://cdn.lapa.ninja/assets/images/1x/artemisabeauty-thumb.jpg,https://www.lapa.ninja/post/artemisabeauty/,"Elegant beauty site with a soft, warm palette and minimalistic layout.",,soft beige,"[""#f5f5dc"", ""#e0cda9"", ""#d9c6a0"", ""#c2b280""]",0.5
Lapa Ninja (Post),Sundae Creative,AGENCY,,,https://cdn.lapa.ninja/assets/images/1x/sundaecreative-thumb.jpg,https://www.lapa.ninja/post/sundaecreative/,Playful creative agency site with vibrant colors and a dynamic layout.,,bright and playful,"[""#ff6f61"", ""#6b5b95"", ""#88b04b"", ""#f7cac9""]",0.5
Lapa Ninja (Post),Wodniack,PORTFOLIO,,,https://cdn.lapa.ninja/assets/images/1x/wodniack-thumb.jpg,https://www.lapa.ninja/post/wodniack/,Minimalist portfolio layout with a serene tone and subtle color accents.,,neutral tones,"[""#ffffff"", ""#f0f0f0"", ""#e0e0e0"", ""#d0d0d0""]",0.5
Lapa Ninja (Post),OrbitX,FINTECH,,,https://cdn.lapa.ninja/assets/images/1x/orbitxpay-thumb.jpg,https://www.lapa.ninja/post/orbitxpay/,Modern fintech interface with a sleek layout and a cool color tone.,,cool gray,"[""#f0f0f0"", ""#cccccc"", ""#ffffff"", ""#000000""]",0.5
Lapa Ninja (Post),The Coding Train,EDUCATION,,,https://cdn.lapa.ninja/assets/images/1x/thecodingtrain-thumb.jpg,https://www.lapa.ninja/post/thecodingtrain/,"Educational site with a vibrant palette and a clean, structured layout.",,bright and engaging,"[""#ffcc00"", ""#00aaff"", ""#ff6699"", ""#ffffff""]",0.5
Lapa Ninja (Post),Wild Thingz,FOOD DRINKS,,,https://cdn.lapa.ninja/assets/images/1x/wildthingz-thumb.jpg,https://www.lapa.ninja/post/wildthingz/,Playful food blog post with vibrant colors and a casual layout.,,bright and playful,"[""#ffcc00"", ""#ff5733"", ""#33ccff"", ""#ff33a1""]",0.5
Lapa Ninja (Post),By Hollie Arnett,PORTFOLIO,,,https://cdn.lapa.ninja/assets/images/1x/byholliearnett-thumb.jpg,https://www.lapa.ninja/post/byholliearnett/,"Minimalist portfolio layout with a soft, neutral tone and clean design elements.",,soft neutral,"[""#f0f0f0"", ""#ffffff"", ""#d9d9d9"", ""#bfbfbf""]",0.5
Lapa Ninja (Post),Browserbase,SAAS,,,https://cdn.lapa.ninja/assets/images/1x/browserbase-thumb.jpg,https://www.lapa.ninja/post/browserbase/,Minimalist SaaS landing page with a clean layout and neutral tones.,,neutral gray,"[""#f5f5f5"", ""#ffffff"", ""#000000"", ""#cccccc""]",0.5
Lapa Ninja (Post),DoThings,AGENCY,,,https://cdn.lapa.ninja/assets/images/1x/dothingsnyc-2-thumb.jpg,https://www.lapa.ninja/post/dothingsnyc-2/,"Modern website with a vibrant color palette and a clean, minimal layout.",,bright and energetic,"[""#ff6f61"", ""#6b5b95"", ""#88b04b"", ""#f7cac9""]",0.5
Lapa Ninja (Post),Social Impact Capital,VENTURES,,,https://cdn.lapa.ninja/assets/images/1x/social-impact-capital-thumb.jpg,https://www.lapa.ninja/post/social-impact-capital/,"Professional layout with a neutral tone, emphasizing social impact through clean design.",,neutral,"[""#f0f0f0"", ""#ffffff"", ""#000000"", ""#007bff""]",0.5
Lapa Ninja (Post),FABRIC,VENTURES,,,https://cdn.lapa.ninja/assets/images/1x/fabric-vc-2-thumb.jpg,https://www.lapa.ninja/post/fabric-vc-2/,Minimalist design showcasing fabric with a neutral palette and clean layout.,,neutral tones,"[""#f5f5f5"", ""#dcdcdc"", ""#ffffff"", ""#cccccc""]",0.5
Lapa Ninja (Post),Writing Examples,EDUCATION,,,https://cdn.lapa.ninja/assets/images/1x/writingexamples-thumb.jpg,https://www.lapa.ninja/post/writingexamples/,Informative education post with a clean layout and neutral tones.,,neutral,"[""#f0f0f0"", ""#ffffff"", ""#cccccc"", ""#333333""]",0.5
Lapa Ninja (Post),expand.ai,DEVELOPMENT TOOLS,,,https://cdn.lapa.ninja/assets/images/1x/expand-thumb.jpg,https://www.lapa.ninja/post/expand/,Minimalist development tool site with a clean layout and neutral tones.,,neutral gray,"[""#f0f0f0"", ""#ffffff"", ""#cccccc"", ""#333333""]",0.5
Lapa Ninja (Post),Index,SAAS,,,https://cdn.lapa.ninja/assets/images/1x/index-app-thumb.jpg,https://www.lapa.ninja/post/index-app/,Minimalist SaaS interface with a clean layout and neutral color tones.,,neutral gray,"[""#f0f0f0"", ""#ffffff"", ""#cccccc"", ""#333333""]",0.5
Lapa Ninja (Post),BRĒZ,FOOD DRINKS,,,https://cdn.lapa.ninja/assets/images/1x/drinkbrez-2-thumb.jpg,https://www.lapa.ninja/post/drinkbrez-2/,Refreshing beverage showcase with a vibrant color palette and clean layout.,,bright and fresh,"[""#ffffff"", ""#f0f0f0"", ""#ffcc00"", ""#ff6699""]",0.5
Lapa Ninja (Post),One Manor Place,HEALTH FITNESS,,,https://cdn.lapa.ninja/assets/images/1x/omp-thumb.jpg,https://www.lapa.ninja/post/omp/,"Elegant fitness site with a serene layout and a soft, neutral color tone.",,soft neutral,"[""#f0f0f0"", ""#d9d9d9"", ""#ffffff"", ""#cccccc""]",0.5
Lapa Ninja (Post),FISK,AGENCY,,,https://cdn.lapa.ninja/assets/images/1x/fiskprojects-thumb.jpg,https://www.lapa.ninja/post/fiskprojects/,Minimalist design showcasing a serene mood with a clean layout and soft color tones.,,soft neutral,"[""#f0f0f0"", ""#d9d9d9"", ""#ffffff"", ""#cccccc""]",0.5
Lapa Ninja (Post),NOBL,CORPORATE,,,https://cdn.lapa.ninja/assets/images/1x/nobl-thumb.jpg,https://www.lapa.ninja/post/nobl/,"Modern corporate site with a clean layout and neutral tones, emphasizing professionalism.",,neutral gray,"[""#f0f0f0"", ""#cccccc"", ""#333333"", ""#ffffff""]",0.5
Lapa Ninja (Post),HeroKit,DESIGN TOOLS,,,https://cdn.lapa.ninja/assets/images/1x/herokit-thumb.jpg,https://www.lapa.ninja/post/herokit/,Minimalist design tool showcase with a clean layout and neutral tones.,,neutral,"[""#ffffff"", ""#f0f0f0"", ""#e0e0e0"", ""#d0d0d0""]",0.5
Lapa Ninja (Post),Davide Baratta,PORTFOLIO,,,https://cdn.lapa.ninja/assets/images/1x/davidebaratta-2-thumb.jpg,https://www.lapa.ninja/post/davidebaratta-2/,Minimalist portfolio showcasing a serene aesthetic with a neutral color palette.,,neutral tones,"[""#ffffff"", ""#f0f0f0"", ""#d9d9d9"", ""#bfbfbf""]",0.5
Lapa Ninja (Post),Valentin Cheval,PORTFOLIO,,,https://cdn.lapa.ninja/assets/images/1x/valentincheval-thumb.jpg,https://www.lapa.ninja/post/valentincheval/,Minimalist portfolio showcasing a serene mood with a neutral color palette and clean layout.,,neutral tones,"[""#ffffff"", ""#f0f0f0"", ""#d9d9d9"", ""#bfbfbf""]",0.5
Lapa Ninja (Post),Fabric,SAAS,,,https://cdn.lapa.ninja/assets/images/1x/fabric-so-2-thumb.jpg,https://www.lapa.ninja/post/fabric-so-2/,Soft textile showcase with a neutral palette and minimalistic layout.,,neutral beige,"[""#f5f5f5"", ""#dcdcdc"", ""#ffffff"", ""#c0c0c0""]",0.5
Lapa Ninja (Post),Oakâme,ECOMMERCE,,,https://cdn.lapa.ninja/assets/images/1x/oakame-thumb.jpg,https://www.lapa.ninja/post/oakame/,Serene e-commerce site with a soft color palette and minimalistic layout.,,soft neutral,"[""#f0f0f0"", ""#d9d9d9"", ""#ffffff"", ""#bfbfbf""]",0.5
Lapa Ninja (Post),Genway,ARTIFICIAL INTELLIGENCE,,,https://cdn.lapa.ninja/assets/images/1x/genway-thumb.jpg,https://www.lapa.ninja/post/genway/,"Minimalist design with a neutral tone and clean layout, emphasizing simplicity.",,neutral gray,"[""#f0f0f0"", ""#cccccc"", ""#ffffff"", ""#000000""]",0.5
Lapa Ninja (Post),shoyokoko,PORTFOLIO,,,https://cdn.lapa.ninja/assets/images/1x/shoyokoko-thumb.jpg,https://www.lapa.ninja/post/shoyokoko/,"Minimalist portfolio site with a serene mood and neutral tones, featuring a clean layout.",,neutral tones,"[""#f0f0f0"", ""#cccccc"", ""#ffffff"", ""#000000""]",0.5
Lapa Ninja (Post),Otherlife,AGENCY,,,https://cdn.lapa.ninja/assets/images/1x/otherlife-thumb.jpg,https://www.lapa.ninja/post/otherlife/,"Ethereal design with a serene mood, featuring a minimalist layout and soft color tones.",,soft pastel,"[""#f0f4f8"", ""#e0e7ef"", ""#cfd8e3"", ""#b0c4de""]",0.5
Lapa Ninja (Post),Humane Ai Pin,WEARABLE,,,https://cdn.lapa.ninja/assets/images/1x/humane-thumb.jpg,https://www.lapa.ninja/post/humane/,Innovative wearable tech showcase with a sleek layout and neutral color tones.,,neutral tones,"[""#ffffff"", ""#f0f0f0"", ""#cccccc"", ""#000000""]",0.5
Lapa Ninja (Post),Warp,SOFTWARE,,,https://cdn.lapa.ninja/assets/images/1x/warp-thumb.jpg,https://www.lapa.ninja/post/warp/,"Minimalist design with a sleek layout and a cool, muted color tone.",,cool gray,"[""#cccccc"", ""#999999"", ""#666666"", ""#333333""]",0.5
Lapa Ninja (Post),PARADOX Series,FURNITURE INTERIORS,,,https://cdn.lapa.ninja/assets/images/1x/paradox-series-thumb.jpg,https://www.lapa.ninja/post/paradox-series/,Minimalist design showcasing a serene mood with neutral tones and a clean layout.,,neutral tones,"[""#f5f5f5"", ""#cccccc"", ""#ffffff"", ""#000000""]",0.5
Lapa Ninja (Post),Onward,AGENCY,,,https://cdn.lapa.ninja/assets/images/1x/thisisonward-2-thumb.jpg,https://www.lapa.ninja/post/thisisonward-2/,"Minimalist design with a serene mood, featuring a soft color palette and spacious layout.",,soft neutral,"[""#f0f0f0"", ""#d9d9d9"", ""#ffffff"", ""#cccccc""]",0.5
Lapa Ninja (Post),Kreatives,STUDIO,,,https://cdn.lapa.ninja/assets/images/1x/kreatives-thumb.jpg,https://www.lapa.ninja/post/kreatives/,Creative showcase with a vibrant palette and a grid layout emphasizing visual elements.,,vibrant,"[""#ff6f61"", ""#6b5b95"", ""#88b04b"", ""#f7cac9""]",0.5
Lapa Ninja (Post),Jack Redley Design,PORTFOLIO,,,https://cdn.lapa.ninja/assets/images/1x/jackredley-thumb.jpg,https://www.lapa.ninja/post/jackredley/,Minimalist portfolio showcasing a clean layout with a neutral color tone.,,neutral gray,"[""#f0f0f0"", ""#ffffff"", ""#000000"", ""#cccccc""]",0.5
Lapa Ninja (Post),Leya,BUSINESS,,,https://cdn.lapa.ninja/assets/images/1x/leya-thumb.jpg,https://www.lapa.ninja/post/leya/,"Minimalist design with a serene mood, featuring a soft color palette and clean layout.",,soft neutral,"[""#f0f0f0"", ""#ffffff"", ""#d9d9d9"", ""#bfbfbf""]",0.5
Lapa Ninja (Post),Granola,PRODUCTIVITY,,,https://cdn.lapa.ninja/assets/images/1x/granola-thumb.jpg,https://www.lapa.ninja/post/granola/,"Casual lifestyle post featuring warm beige tones and a simple, clean layout.",,warm beige,"[""#f5f5dc"", ""#d2b48c"", ""#fff8dc"", ""#deb887""]",0.5
Lapa Ninja (Post),Kino,APP,,,https://cdn.lapa.ninja/assets/images/1x/shotwithkino-thumb.jpg,https://www.lapa.ninja/post/shotwithkino/,"Minimalist design with a neutral palette and a clean, spacious layout.",,neutral tones,"[""#ffffff"", ""#f0f0f0"", ""#d9d9d9"", ""#bfbfbf""]",0.5
Lapa Ninja (Post),Front,SAAS,,,https://cdn.lapa.ninja/assets/images/1x/front-2-thumb.webp,https://www.lapa.ninja/post/front/,"Minimalist layout with a serene mood, featuring a soft color palette and clean lines.",,soft neutral,"[""#f0f0f0"", ""#ffffff"", ""#e0e0e0"", ""#d0d0d0""]",0.5
Lapa Ninja (Post),Checkmyfile,FINANCE,,,https://cdn.lapa.ninja/assets/images/1x/checkmyfile-thumb.webp,https://www.lapa.ninja/post/checkmyfile/,Professional finance site with a clean layout and a muted color palette.,,neutral tones,"[""#f0f0f0"", ""#ffffff"", ""#cccccc"", ""#333333""]",0.5
Lapa Ninja (Post),Podia,SAAS,,,https://cdn.lapa.ninja/assets/images/1x/podia-thumb.webp,https://www.lapa.ninja/post/podia/,"Minimalist SaaS site with a clean layout and neutral tones, emphasizing usability.",,neutral gray,"[""#f5f5f5"", ""#ffffff"", ""#000000"", ""#cccccc""]",0.5
Lapa Ninja (Post),Gev,PORTFOLIO,,,https://cdn.lapa.ninja/assets/images/1x/gev-thumb.webp,https://www.lapa.ninja/post/gev/,Minimalist portfolio layout with a neutral tone and clean design elements.,,neutral,"[""#ffffff"", ""#f0f0f0"", ""#000000"", ""#cccccc""]",0.5
Lapa Ninja (Post),Monkey Talkie,AGENCY,,,https://cdn.lapa.ninja/assets/images/1x/monkeytalkie-thumb.webp,https://www.lapa.ninja/post/monkeytalkie/,Playful design with a vibrant color palette and whimsical layout elements.,,bright and playful,"[""#ffcc00"", ""#ff6699"", ""#66ccff"", ""#ffcc66""]",0.5
Lapa Ninja (Post),Busy Status Bar,ECOMMERCE,,,https://cdn.lapa.ninja/assets/images/1x/busy-bar-thumb.webp,https://www.lapa.ninja/post/busy-bar/,Dynamic status bar design with a vibrant color scheme and engaging layout.,,bright and energetic,"[""#ffcc00"", ""#ff5733"", ""#33ccff"", ""#ffffff""]",0.5
Lapa Ninja (Post),Polkadot,WEB3,,,https://cdn.lapa.ninja/assets/images/1x/polkadot-thumb.webp,https://www.lapa.ninja/post/polkadot/,"Minimalist layout with a playful mood, featuring a vibrant color palette and rounded elements.",,playful,"[""#ffcc00"", ""#ff6699"", ""#66ccff"", ""#ffffff""]",0.5
Lapa Ninja (Post),DivBlockers,STUDIO,,,https://cdn.lapa.ninja/assets/images/1x/divblockers-thumb.webp,https://www.lapa.ninja/post/divblockers/,"Minimalist layout with a neutral tone, featuring a clean design and subtle visual elements.",,neutral gray,"[""#f0f0f0"", ""#ffffff"", ""#cccccc"", ""#999999""]",0.5
Lapa Ninja (Post),Buddy,DEVELOPMENT TOOLS,,,https://cdn.lapa.ninja/assets/images/1x/buddy-works-2-thumb.webp,https://www.lapa.ninja/post/buddy-works-2/,"Minimalist design with a neutral tone and a clean layout, emphasizing functionality.",,neutral gray,"[""#f0f0f0"", ""#ffffff"", ""#cccccc"", ""#999999""]",0.5
Lapa Ninja (Post),August Health,HEALTH FITNESS,,,https://cdn.lapa.ninja/assets/images/1x/augusthealth-thumb.webp,https://www.lapa.ninja/post/augusthealth/,"Health-focused layout with a serene palette and clean, minimal design elements.",,calm green,"[""#a8e6cf"", ""#dcedc1"", ""#ffd3b6"", ""#ffaaa5""]",0.5
Lapa Ninja (Post),Mach Studio,STUDIO,,,https://cdn.lapa.ninja/assets/images/1x/mach-studio-thumb.webp,https://www.lapa.ninja/post/mach-studio/,Modern studio showcase with a neutral palette and minimalistic layout.,,neutral tones,"[""#f5f5f5"", ""#cccccc"", ""#ffffff"", ""#000000""]",0.5
Lapa Ninja (Post),Vazzi,FOOD DRINKS,,,https://cdn.lapa.ninja/assets/images/1x/vazzi-thumb.webp,https://www.lapa.ninja/post/vazzi/,Minimalist food blog layout with warm tones and a focus on imagery.,,warm beige,"[""#f5f5dc"", ""#d2b48c"", ""#fff8dc"", ""#deb887""]",0.5
Lapa Ninja (Post),Mathieu Crepel,PORTFOLIO,,,https://cdn.lapa.ninja/assets/images/1x/mathieu-crepel-thumb.webp,https://www.lapa.ninja/post/mathieu-crepel/,Minimalist portfolio layout with a serene mood and a focus on clean design elements.,,neutral tones,"[""#ffffff"", ""#f0f0f0"", ""#000000"", ""#cccccc""]",0.5
Lapa Ninja (Post),Unichain,DEFI,,,https://cdn.lapa.ninja/assets/images/1x/unichain-thumb.webp,https://www.lapa.ninja/post/unichain/,"Minimalist design with a neutral palette and clean layout, emphasizing clarity and simplicity.",,neutral,"[""#ffffff"", ""#f0f0f0"", ""#000000"", ""#cccccc""]",0.5
Lapa Ninja (Post),Jonathan Grado,PORTFOLIO,,,https://cdn.lapa.ninja/assets/images/1x/jonathangrado-thumb.webp,https://www.lapa.ninja/post/jonathangrado/,Minimalist portfolio showcasing a modern aesthetic with a neutral color palette.,,neutral tones,"[""#ffffff"", ""#f0f0f0"", ""#000000"", ""#cccccc""]",0.5
Lapa Ninja (Post),GP Communication,AGENCY,,,https://cdn.lapa.ninja/assets/images/1x/gaelleperrin-thumb.webp,https://www.lapa.ninja/post/gaelleperrin/,Minimalist design showcasing a serene mood with a soft color palette and clean layout.,,soft neutral,"[""#f0f0f0"", ""#ffffff"", ""#d9d9d9"", ""#bfbfbf""]",0.5
Lapa Ninja (Post),Diana Toloza,PORTFOLIO,,,https://cdn.lapa.ninja/assets/images/1x/dianatoloza-thumb.webp,https://www.lapa.ninja/post/dianatoloza/,Minimalist portfolio showcasing a serene mood with a neutral color palette and clean layout.,,neutral tones,"[""#f0f0f0"", ""#ffffff"", ""#cccccc"", ""#999999""]",0.5
Lapa Ninja (Post),Arcade AI,ARTIFICIAL INTELLIGENCE,,,https://cdn.lapa.ninja/assets/images/1x/arcade-ai-thumb.webp,https://www.lapa.ninja/post/arcade-ai/,Playful AI interface with vibrant colors and a dynamic layout.,,bright and playful,"[""#ff5733"", ""#33c1ff"", ""#ffcc00"", ""#4caf50""]",0.5
Lapa Ninja (Post),Kit,MAIL,,,https://cdn.lapa.ninja/assets/images/1x/kit-thumb.webp,https://www.lapa.ninja/post/kit/,Minimalist design showcasing a neutral palette with a clean layout and subtle visual elements.,,neutral tones,"[""#ffffff"", ""#f0f0f0"", ""#e0e0e0"", ""#d0d0d0""]",0.5
Lapa Ninja (Post),Shopify,SAAS,,,https://cdn.lapa.ninja/assets/images/1x/shopify-2-thumb.webp,https://www.lapa.ninja/post/shopify-2/,Modern e-commerce interface with a clean layout and vibrant color accents.,,bright and vibrant,"[""#00aabb"", ""#f5f5f5"", ""#ffffff"", ""#333333""]",0.5
Lapa Ninja (Post),Pass App,APP,,,https://cdn.lapa.ninja/assets/images/1x/pass-app-thumb.webp,https://www.lapa.ninja/post/pass-app/,Minimalist app showcase with a clean layout and soft color tones.,,soft neutral,"[""#f0f0f0"", ""#ffffff"", ""#d9d9d9"", ""#bfbfbf""]",0.5
Lapa Ninja (Post),poolside,ARTIFICIAL INTELLIGENCE,,,https://cdn.lapa.ninja/assets/images/1x/poolside-ai-thumb.webp,https://www.lapa.ninja/post/poolside-ai/,Relaxed poolside atmosphere with a warm beige palette and open layout.,,warm beige,"[""#f5f5dc"", ""#add8e6"", ""#ffffff"", ""#ffebcd""]",0.5
Lapa Ninja (Post),Sketch,DESIGN TOOLS,,,https://cdn.lapa.ninja/assets/images/1x/sketch-5-thumb.webp,https://www.lapa.ninja/post/sketch-5/,Minimalist design tool showcase with a clean layout and neutral tones.,,neutral,"[""#ffffff"", ""#f0f0f0"", ""#e0e0e0"", ""#cccccc""]",0.5
Lapa Ninja (Post),Family Style,STUDIO,,,https://cdn.lapa.ninja/assets/images/1x/wearefamilystyle-thumb.webp,https://www.lapa.ninja/post/wearefamilystyle/,Warm family-oriented layout with a cozy color tone and inviting imagery.,,warm beige,"[""#f5f5dc"", ""#d2b48c"", ""#fff8dc"", ""#ffe4b5""]",0.5
Lapa Ninja (Post),Social Web Foundation,CORPORATE,,,https://cdn.lapa.ninja/assets/images/1x/socialwebfoundation-thumb.webp,https://www.lapa.ninja/post/socialwebfoundation/,Corporate-focused layout with a neutral tone and structured presentation.,,neutral gray,"[""#f0f0f0"", ""#cccccc"", ""#333333"", ""#ffffff""]",0.5
Lapa Ninja (Post),Patch,CORPORATE,,,https://cdn.lapa.ninja/assets/images/1x/patch-io-thumb.webp,https://www.lapa.ninja/post/patch-io/,"Minimalist design with a neutral tone and simple layout, emphasizing clarity and functionality.",,neutral gray,"[""#f0f0f0"", ""#cccccc"", ""#ffffff"", ""#000000""]",0.5
Lapa Ninja (Post),Nod Coding,EDUCATION,,,https://cdn.lapa.ninja/assets/images/1x/nodcoding-thumb.webp,https://www.lapa.ninja/post/nodcoding/,"Educational platform with a clean layout and a neutral color tone, emphasizing clarity.",,neutral,"[""#ffffff"", ""#f0f0f0"", ""#000000"", ""#cccccc""]",0.5
Lapa Ninja (Post),Kernel,FOOD DRINKS,,,https://cdn.lapa.ninja/assets/images/1x/eatkernel-thumb.webp,https://www.lapa.ninja/post/eatkernel/,Casual food blog post with warm beige tones and a simple layout.,,warm beige,"[""#f5f5dc"", ""#d2b48c"", ""#fff8dc"", ""#deb887""]",0.5
Lapa Ninja (Post),Mélanie Tillie,PORTFOLIO,,,https://cdn.lapa.ninja/assets/images/1x/melanie-tillie-thumb.webp,https://www.lapa.ninja/post/melanie-tillie/,Minimalist portfolio showcasing a serene aesthetic with a neutral color palette.,,neutral tones,"[""#f5f5f5"", ""#e0e0e0"", ""#ffffff"", ""#cccccc""]",0.5
Lapa Ninja (Post),Decathlon AFLF,FASHION,,,https://cdn.lapa.ninja/assets/images/1x/decathlon-aflf-thumb.webp,https://www.lapa.ninja/post/decathlon-aflf/,Sporty and dynamic layout with a vibrant color tone and engaging visual elements.,,vibrant,"[""#ffcc00"", ""#ff6600"", ""#ffffff"", ""#000000""]",0.5
Lapa Ninja (Post),Magicstreet,STUDIO,,,https://cdn.lapa.ninja/assets/images/1x/magicstreet-thumb.webp,https://www.lapa.ninja/post/magicstreet/,Urban-inspired layout with a vibrant color palette and dynamic visual elements.,,vibrant urban,"[""#ff6f61"", ""#6b5b95"", ""#88b04b"", ""#f7cac9""]",0.5
Lapa Ninja (Post),Fig.1 Beauty,BEAUTY,,,https://cdn.lapa.ninja/assets/images/1x/fig-1-2-thumb.webp,https://www.lapa.ninja/post/fig-1-2/,Minimalist beauty post with a serene layout and soft color tones.,,soft neutral,"[""#f5f5f5"", ""#e0e0e0"", ""#ffffff"", ""#d1cfcf""]",0.5
Lapa Ninja (Post),Decide AI,ARTIFICIAL INTELLIGENCE,,,https://cdn.lapa.ninja/assets/images/1x/decideai-thumb.webp,https://www.lapa.ninja/post/decideai/,Minimalist AI platform with a neutral tone and clean layout emphasizing functionality.,,neutral gray,"[""#f0f0f0"", ""#ffffff"", ""#000000"", ""#cccccc""]",0.5
Lapa Ninja (Post),Coinshift,FINTECH,,,https://cdn.lapa.ninja/assets/images/1x/coinshift-thumb.webp,https://www.lapa.ninja/post/coinshift/,Modern fintech interface with a sleek layout and a cool color tone.,,cool gray,"[""#f0f0f0"", ""#d9d9d9"", ""#ffffff"", ""#000000""]",0.5
Lapa Ninja (Post),Mother Studio,STUDIO,,,https://cdn.lapa.ninja/assets/images/1x/mother-thumb.webp,https://www.lapa.ninja/post/mother/,Minimalist design with a warm beige palette and spacious layout emphasizing simplicity.,,warm beige,"[""#f5f5dc"", ""#e0d8c0"", ""#d9c9a3"", ""#c2b280""]",0.5
Lapa Ninja (Post),Lâm Bảo,PORTFOLIO,,,https://cdn.lapa.ninja/assets/images/1x/lam-bao-thumb.webp,https://www.lapa.ninja/post/lam-bao/,Minimalist portfolio showcase with a neutral tone and clean layout.,,neutral,"[""#ffffff"", ""#f0f0f0"", ""#000000"", ""#cccccc""]",0.5
Lapa Ninja (Post),Good Looking Design,AGENCY,,,https://cdn.lapa.ninja/assets/images/1x/goodlookingdesign-thumb.webp,https://www.lapa.ninja/post/goodlookingdesign/,Minimalist design showcase with a clean layout and neutral tones.,,neutral,"[""#ffffff"", ""#f0f0f0"", ""#e0e0e0"", ""#cccccc""]",0.5
Lapa Ninja (Post),Sunny Within,BEAUTY,,,https://cdn.lapa.ninja/assets/images/1x/sunnywithin-thumb.webp,https://www.lapa.ninja/post/sunnywithin/,"Bright and cheerful layout with warm tones and a clean, minimalistic design.",,warm yellow,"[""#f9e79f"", ""#f7dc6f"", ""#f1c40f"", ""#e67e22""]",0.5
Lapa Ninja (Post),Sound Ethics,MUSIC,,,https://cdn.lapa.ninja/assets/images/1x/soundethics-thumb.webp,https://www.lapa.ninja/post/soundethics/,"Minimalist layout with a serene mood, featuring a soft color palette and clean typography.",,soft neutral,"[""#f0f0f0"", ""#ffffff"", ""#d9d9d9"", ""#bfbfbf""]",0.5
Lapa Ninja (Post),SAPIENS,FASHION,,,https://cdn.lapa.ninja/assets/images/1x/sapiens-vision-thumb.webp,https://www.lapa.ninja/post/sapiens-vision/,"Minimalist design with a neutral tone, featuring a clean layout and subtle visual elements.",,neutral,"[""#f0f0f0"", ""#ffffff"", ""#000000"", ""#cccccc""]",0.5
Lapa Ninja (Post),Rune,HARDWARE,,,https://cdn.lapa.ninja/assets/images/1x/rune-thumb.jpg,https://www.lapa.ninja/post/rune/,"Minimalist design with a serene mood, featuring a soft color palette and clean layout.",,soft neutral,"[""#f0f0f0"", ""#d9d9d9"", ""#ffffff"", ""#cccccc""]",0.5
Lapa Ninja (Post),Nile Postgres,SAAS,,,https://cdn.lapa.ninja/assets/images/1x/thenile-thumb.webp,https://www.lapa.ninja/post/thenile/,Modern SaaS interface with a clean layout and a neutral color palette.,,neutral tones,"[""#f0f0f0"", ""#ffffff"", ""#cccccc"", ""#333333""]",0.5
Lapa Ninja (Post),fal.ai,SAAS,,,https://cdn.lapa.ninja/assets/images/1x/fal-thumb.webp,https://www.lapa.ninja/post/fal/,Minimalist SaaS site with a clean layout and a neutral color tone.,,neutral gray,"[""#f0f0f0"", ""#ffffff"", ""#cccccc"", ""#999999""]",0.5
Lapa Ninja (Post),Aptos Build,BLOCKCHAIN,,,https://cdn.lapa.ninja/assets/images/1x/aptosbuild-thumb.webp,https://www.lapa.ninja/post/aptosbuild/,Modern blockchain post with a clean layout and a tech-inspired color tone.,,neutral gray,"[""#ffffff"", ""#f0f0f0"", ""#e0e0e0"", ""#cccccc""]",0.5
Lapa Ninja (Post),ORKEN,ILLUSTRATION,,,https://cdn.lapa.ninja/assets/images/1x/orkenworld-thumb.webp,https://www.lapa.ninja/post/orkenworld/,Whimsical illustration site with a playful layout and vibrant color tones.,,playful,"[""#ffcc00"", ""#ff6699"", ""#66ccff"", ""#ffccff""]",0.5
Lapa Ninja (Post),Oriol.Design,PORTFOLIO,,,https://cdn.lapa.ninja/assets/images/1x/oriol-thumb.webp,https://www.lapa.ninja/post/oriol/,Minimalist portfolio showcasing a clean layout with a neutral color tone.,,neutral,"[""#ffffff"", ""#f0f0f0"", ""#000000"", ""#cccccc""]",0.5
Lapa Ninja (Post),Cumulus Coffee,FOOD DRINKS,,,https://cdn.lapa.ninja/assets/images/1x/cumuluscoffee-thumb.webp,https://www.lapa.ninja/post/cumuluscoffee/,"Cozy coffee shop vibe with warm beige tones and a simple, inviting layout.",,warm beige,"[""#f5f5dc"", ""#d2b48c"", ""#fff8dc"", ""#deb887""]",0.5
Lapa Ninja (Post),CrunchDAO,ARTIFICIAL INTELLIGENCE,,,https://cdn.lapa.ninja/assets/images/1x/crunchdao-thumb.webp,https://www.lapa.ninja/post/crunchdao/,"Modern tech site with a clean layout and a neutral color tone, featuring minimalistic design elements.",,neutral gray,"[""#f0f0f0"", ""#ffffff"", ""#cccccc"", ""#333333""]",0.5
Lapa Ninja (Post),Buzzsprout,SAAS,,,https://cdn.lapa.ninja/assets/images/1x/buzzsprout-thumb.webp,https://www.lapa.ninja/post/buzzsprout/,"Clean SaaS landing page with a bright and inviting layout, featuring a modern aesthetic.",,bright and inviting,"[""#ffffff"", ""#f0f4f8"", ""#e0e7ff"", ""#3b82f6""]",0.5
Lapa Ninja (Post),Anterior,ARTIFICIAL INTELLIGENCE,,,https://cdn.lapa.ninja/assets/images/1x/anterior-thumb.webp,https://www.lapa.ninja/post/anterior/,"Minimalist design with a neutral tone, featuring a clean layout and subtle visual elements.",,neutral,"[""#ffffff"", ""#f0f0f0"", ""#e0e0e0"", ""#d0d0d0""]",0.5
Lapa Ninja (Post),andhuman,AGENCY,,,https://cdn.lapa.ninja/assets/images/1x/andhuman-thumb.webp,https://www.lapa.ninja/post/andhuman/,"Minimalist design with a serene mood, featuring a neutral palette and spacious layout.",,neutral tones,"[""#f0f0f0"", ""#ffffff"", ""#cccccc"", ""#aaaaaa""]",0.5
Lapa Ninja (Post),AgentQL,SAAS,,,https://cdn.lapa.ninja/assets/images/1x/agentql-thumb.webp,https://www.lapa.ninja/post/agentql/,Professional SaaS interface with a clean layout and a neutral color tone.,,neutral gray,"[""#f0f0f0"", ""#ffffff"", ""#cccccc"", ""#333333""]",0.5
Lapa Ninja (Post),0to100,STUDIO,,,https://cdn.lapa.ninja/assets/images/1x/0to100-thumb.webp,https://www.lapa.ninja/post/0to100/,"Minimalist design with a neutral palette and clean layout, emphasizing simplicity.",,neutral tones,"[""#ffffff"", ""#f0f0f0"", ""#e0e0e0"", ""#d0d0d0""]",0.5
Lapa Ninja (Post),Height,PRODUCTIVITY,,,https://cdn.lapa.ninja/assets/images/1x/height-app-4-thumb.webp,https://www.lapa.ninja/post/height-app-4/,"Minimalist design with a serene mood, featuring a soft color palette and clean layout.",,soft neutral,"[""#f0f0f0"", ""#d9d9d9"", ""#ffffff"", ""#cccccc""]",0.5
Lapa Ninja (Post),Stratus Ventures,VENTURES,,,https://cdn.lapa.ninja/assets/images/1x/stratus-ventures-thumb.webp,https://www.lapa.ninja/post/stratus-ventures/,"Professional venture site with a clean layout and muted tones, emphasizing clarity and focus.",,neutral tones,"[""#ffffff"", ""#f0f0f0"", ""#e0e0e0"", ""#cccccc""]",0.5
Lapa Ninja (Post),Peppermint,FINTECH,,,https://cdn.lapa.ninja/assets/images/1x/paywithpeppermint-thumb.webp,https://www.lapa.ninja/post/paywithpeppermint/,"Minimalist fintech site with a fresh vibe, featuring a clean layout and soft green tones.",,soft green,"[""#a8e6cf"", ""#dcedc1"", ""#ffd54f"", ""#ff8a65""]",0.5
Lapa Ninja (Post),A Creative Partner,AGENCY,,,https://cdn.lapa.ninja/assets/images/1x/acreativepartner-2-thumb.webp,https://www.lapa.ninja/post/acreativepartner-2/,Creative partner showcase with a vibrant palette and engaging layout.,,vibrant,"[""#ff6f61"", ""#6b5b95"", ""#88b04b"", ""#f7cac9""]",0.5
Lapa Ninja (Post),Corners,BUSINESS,,,https://cdn.lapa.ninja/assets/images/1x/cornersnewyork-thumb.webp,https://www.lapa.ninja/post/cornersnewyork/,"Modern layout with a neutral tone, featuring clean lines and minimalistic design elements.",,neutral gray,"[""#f0f0f0"", ""#cccccc"", ""#ffffff"", ""#000000""]",0.5
Lapa Ninja (Post),Freetrade,FINTECH,,,https://cdn.lapa.ninja/assets/images/1x/freetrade-3-thumb.webp,https://www.lapa.ninja/post/freetrade-3/,Minimalist fintech site with a clean layout and a cool color tone.,,cool gray,"[""#f0f0f0"", ""#ffffff"", ""#e0e0e0"", ""#c0c0c0""]",0.5
Lapa Ninja (Post),MBRS,STUDIO,,,https://cdn.lapa.ninja/assets/images/1x/mb-thumb.webp,https://www.lapa.ninja/post/mb/,"Minimalist design with a serene mood, featuring a soft color palette and spacious layout.",,soft neutral,"[""#f0f0f0"", ""#ffffff"", ""#d9d9d9"", ""#bfbfbf""]",0.5
Lapa Ninja (Post),Amplemarket,ARTIFICIAL INTELLIGENCE,,,https://cdn.lapa.ninja/assets/images/1x/amplemarket-thumb.webp,https://www.lapa.ninja/post/amplemarket/,"Professional layout with a clean aesthetic, featuring a muted color palette and minimalistic design elements.",,neutral tones,"[""#f0f0f0"", ""#ffffff"", ""#cccccc"", ""#333333""]",0.5
Lapa Ninja (Post),Max Milkin,PORTFOLIO,,,https://cdn.lapa.ninja/assets/images/1x/max-milkin-thumb.webp,https://www.lapa.ninja/post/max-milkin/,Minimalist portfolio layout with a neutral tone and clean design elements.,,neutral,"[""#ffffff"", ""#f0f0f0"", ""#000000"", ""#cccccc""]",0.5
Lapa Ninja (Post),Mystic,CRYPTOCURRENCY,,,https://cdn.lapa.ninja/assets/images/1x/mystic-thumb.webp,https://www.lapa.ninja/post/mystic/,"Ethereal design with a mystical vibe, featuring a dark palette and fluid layout.",,dark and moody,"[""#000000"", ""#4b0082"", ""#8a2be2"", ""#ffffff""]",0.5
Lapa Ninja (Post),Qatalog,ARTIFICIAL INTELLIGENCE,,,https://cdn.lapa.ninja/assets/images/1x/qatalog-5-thumb.webp,https://www.lapa.ninja/post/qatalog-5/,Minimalist workspace tool with a clean layout and neutral color tones.,,neutral gray,"[""#f0f0f0"", ""#ffffff"", ""#d9d9d9"", ""#bfbfbf""]",0.5
Lapa Ninja (Post),Eisku,ECOMMERCE,,,https://cdn.lapa.ninja/assets/images/1x/eisku-thumb.webp,https://www.lapa.ninja/post/eisku/,Minimalist e-commerce layout with a neutral palette and clean design elements.,,neutral tones,"[""#f5f5f5"", ""#ffffff"", ""#000000"", ""#cccccc""]",0.5
Lapa Ninja (Post),Brightscout,AGENCY,,,https://cdn.lapa.ninja/assets/images/1x/brightscout-3-thumb.webp,https://www.lapa.ninja/post/brightscout-3/,Bright and modern layout with a vibrant color scheme and engaging visual elements.,,bright and vibrant,"[""#ffcc00"", ""#00bfff"", ""#ff5733"", ""#ffffff""]",0.5
Lapa Ninja (Post),Better Stack,SAAS,,,https://cdn.lapa.ninja/assets/images/1x/betterstack-thumb.webp,https://www.lapa.ninja/post/betterstack/,Modern SaaS interface with a clean layout and a neutral color tone.,,neutral gray,"[""#f0f0f0"", ""#ffffff"", ""#e0e0e0"", ""#cccccc""]",0.5
Lapa Ninja (Post),Iván Willenberg,PORTFOLIO,,,https://cdn.lapa.ninja/assets/images/1x/ivanwillenberg-thumb.webp,https://www.lapa.ninja/post/ivanwillenberg/,Minimalist portfolio showcasing a clean layout with neutral tones and ample white space.,,neutral,"[""#ffffff"", ""#f0f0f0"", ""#000000"", ""#cccccc""]",0.5
Lapa Ninja (Post),Yann Kubacki,PORTFOLIO,,,https://cdn.lapa.ninja/assets/images/1x/yannkubacki-thumb.webp,https://www.lapa.ninja/post/yannkubacki/,Minimalist portfolio showcasing a clean layout with a neutral color tone.,,neutral gray,"[""#ffffff"", ""#f0f0f0"", ""#000000"", ""#cccccc""]",0.5
Lapa Ninja (Post),Sellix,FINTECH,,,https://cdn.lapa.ninja/assets/images/1x/sellix-thumb.webp,https://www.lapa.ninja/post/sellix/,Minimalist fintech site with a clean layout and neutral tones.,,neutral gray,"[""#f0f0f0"", ""#ffffff"", ""#cccccc"", ""#333333""]",0.5
Lapa Ninja (Post),Spaag,MARKETING,,,https://cdn.lapa.ninja/assets/images/1x/spaag-thumb.webp,https://www.lapa.ninja/post/spaag/,Relaxing spa website with a serene layout and soft color tones.,,soft neutral,"[""#f0e5d8"", ""#d9cfcf"", ""#ffffff"", ""#b0a99f""]",0.5
Lapa Ninja (Post),PIVOT,AGENCY,,,https://cdn.lapa.ninja/assets/images/1x/pivotmade-thumb.webp,https://www.lapa.ninja/post/pivotmade/,Modern design showcase with a clean layout and neutral tones emphasizing minimalism.,,neutral tones,"[""#ffffff"", ""#f0f0f0"", ""#e0e0e0"", ""#cccccc""]",0.5
Lapa Ninja (Post),Eraser,SAAS,,,https://cdn.lapa.ninja/assets/images/1x/eraser-thumb.webp,https://www.lapa.ninja/post/eraser/,"Minimalist design with a neutral tone and clean layout, emphasizing simplicity.",,neutral,"[""#ffffff"", ""#f0f0f0"", ""#e0e0e0"", ""#d0d0d0""]",0.5
Lapa Ninja (Post),Retool,DEVELOPMENT TOOLS,,,https://cdn.lapa.ninja/assets/images/1x/retool-3-thumb.webp,https://www.lapa.ninja/post/retool-3/,Functional development tool interface with a clean layout and neutral tones.,,neutral gray,"[""#f0f0f0"", ""#cccccc"", ""#ffffff"", ""#000000""]",0.5
Lapa Ninja (Post),Atlas,BLOCKCHAIN,,,https://cdn.lapa.ninja/assets/images/1x/atlas-thumb.webp,https://www.lapa.ninja/post/atlas/,"Minimalist design with a neutral tone and clean layout, emphasizing simplicity.",,neutral,"[""#ffffff"", ""#f0f0f0"", ""#e0e0e0"", ""#d0d0d0""]",0.5
Lapa Ninja (Post),Departure Mono,TYPOGRAPHY,,,https://cdn.lapa.ninja/assets/images/1x/departuremono-thumb.webp,https://www.lapa.ninja/post/departuremono/,Minimalist design showcasing a monochrome aesthetic with a structured layout.,,neutral gray,"[""#000000"", ""#ffffff"", ""#cccccc"", ""#333333""]",0.5
Lapa Ninja (Post),Sweety Ice Cream,FOOD DRINKS,,,https://cdn.lapa.ninja/assets/images/1x/sweetyicecream-thumb.webp,https://www.lapa.ninja/post/sweetyicecream/,Playful ice cream showcase with bright colors and a whimsical layout.,,bright and playful,"[""#ffcc00"", ""#ff6699"", ""#66ccff"", ""#ff9966""]",0.5
Lapa Ninja (Post),Terra,STUDIO,,,https://cdn.lapa.ninja/assets/images/1x/terrainnovation-thumb.webp,https://www.lapa.ninja/post/terrainnovation/,Earthy design with a warm beige palette and organic layout elements.,,warm beige,"[""#d8c4a3"", ""#a89f8d"", ""#f5f0e1"", ""#c2b59c""]",0.5
Lapa Ninja (Post),MindPalace,ARTIFICIAL INTELLIGENCE,,,https://cdn.lapa.ninja/assets/images/1x/mindpalace-thumb.webp,https://www.lapa.ninja/post/mindpalace/,"Minimalist design with a serene mood, featuring a soft color palette and clean layout.",,soft neutral,"[""#f0f0f0"", ""#ffffff"", ""#d9d9d9"", ""#bfbfbf""]",0.5
Lapa Ninja (Post),HYVE.SYSTEMS,ARTIFICIAL INTELLIGENCE,,,https://cdn.lapa.ninja/assets/images/1x/hyve-thumb.webp,https://www.lapa.ninja/post/hyve/,"Futuristic interface with a sleek layout and a cool color tone, emphasizing technology.",,cool gray,"[""#f0f0f0"", ""#a0a0a0"", ""#ffffff"", ""#000000""]",0.5
Lapa Ninja (Post),GitButler,DEVELOPMENT TOOLS,,,https://cdn.lapa.ninja/assets/images/1x/gitbutler-thumb.webp,https://www.lapa.ninja/post/gitbutler/,Minimalist development tool showcase with a clean layout and neutral tones.,,neutral gray,"[""#f0f0f0"", ""#ffffff"", ""#cccccc"", ""#333333""]",0.5
Lapa Ninja (Post),Galxe,WEB3,,,https://cdn.lapa.ninja/assets/images/1x/galxe-thumb.webp,https://www.lapa.ninja/post/galxe/,Modern web3 platform with a sleek layout and vibrant color accents.,,dynamic and engaging,"[""#ffffff"", ""#000000"", ""#ff5722"", ""#3f51b5""]",0.5
Lapa Ninja (Post),Echo and Nate,AGENCY,,,https://cdn.lapa.ninja/assets/images/1x/echoandnate-thumb.webp,https://www.lapa.ninja/post/echoandnate/,Minimalist design showcasing a serene mood with a neutral palette and spacious layout.,,neutral,"[""#f0f0f0"", ""#ffffff"", ""#d9d9d9"", ""#bfbfbf""]",0.5
Lapa Ninja (Post),Built for Archives,AGENCY,,,https://cdn.lapa.ninja/assets/images/1x/builtforarchives-thumb.webp,https://www.lapa.ninja/post/builtforarchives/,Minimalist archive site with a neutral tone and clean layout emphasizing content.,,neutral gray,"[""#f0f0f0"", ""#ffffff"", ""#cccccc"", ""#333333""]",0.5
Lapa Ninja (Post),The Arena,EVENT,,,https://cdn.lapa.ninja/assets/images/1x/th3arena-thumb.webp,https://www.lapa.ninja/post/th3arena/,Dynamic arena-themed layout with a vibrant color palette and engaging visual elements.,,vibrant,"[""#ff5733"", ""#33c1ff"", ""#ff33a1"", ""#33ff57""]",0.5
Lapa Ninja (Post),Stripe Dot Dev,BLOG,,,https://cdn.lapa.ninja/assets/images/1x/stripe-dev-thumb.webp,https://www.lapa.ninja/post/stripe-dev/,Minimalist tech blog with a clean layout and a neutral color tone.,,neutral gray,"[""#f5f5f5"", ""#ffffff"", ""#000000"", ""#cccccc""]",0.5
Lapa Ninja (Post),Delcap,FINTECH,,,https://cdn.lapa.ninja/assets/images/1x/delcap-thumb.webp,https://www.lapa.ninja/post/delcap/,Minimalist fintech design with a neutral palette and clean layout.,,neutral gray,"[""#f0f0f0"", ""#ffffff"", ""#cccccc"", ""#999999""]",0.5
Lapa Ninja (Post),Earthr,STUDIO,,,https://cdn.lapa.ninja/assets/images/1x/earthr-3-thumb.webp,https://www.lapa.ninja/post/earthr-3/,Earthy and serene layout with a natural color tone and minimalistic design elements.,,natural green,"[""#4caf50"", ""#a5d6a7"", ""#c8e6c9"", ""#ffffff""]",0.5
Lapa Ninja (Post),Morgenmete,MAGAZINE,,,https://cdn.lapa.ninja/assets/images/1x/morgenmete-thumb.webp,https://www.lapa.ninja/post/morgenmete/,"Minimalist design with a serene mood, featuring a soft color palette and clean layout.",,soft neutral,"[""#f0f0f0"", ""#ffffff"", ""#d9d9d9"", ""#bfbfbf""]",0.5
Lapa Ninja (Post),we_sounds,FILM,,,https://cdn.lapa.ninja/assets/images/1x/we-sounds-thumb.webp,https://www.lapa.ninja/post/we-sounds/,"Minimalist design with a serene mood, featuring a soft color palette and clean layout.",,soft neutral,"[""#f0f0f0"", ""#d9d9d9"", ""#ffffff"", ""#cccccc""]",0.5
Lapa Ninja (Post),The Garage,REAL ESTATE,,,https://cdn.lapa.ninja/assets/images/1x/thegarage-thumb.webp,https://www.lapa.ninja/post/thegarage/,Modern real estate showcase with a neutral palette and spacious layout.,,neutral tones,"[""#f0f0f0"", ""#cccccc"", ""#ffffff"", ""#000000""]",0.5
Lapa Ninja (Post),Talgh,BEAUTY,,,https://cdn.lapa.ninja/assets/images/1x/talgh-thumb.webp,https://www.lapa.ninja/post/talgh/,"Minimalist design with a neutral palette and a clean, spacious layout.",,neutral tones,"[""#f0f0f0"", ""#ffffff"", ""#cccccc"", ""#999999""]",0.5
Lapa Ninja (Post),Switch-Lit,SAAS,,,https://cdn.lapa.ninja/assets/images/1x/switch-lit-thumb.webp,https://www.lapa.ninja/post/switch-lit/,Modern SaaS interface with a clean layout and a neutral color tone.,,neutral gray,"[""#f0f0f0"", ""#ffffff"", ""#cccccc"", ""#333333""]",0.5
Lapa Ninja (Post),Privy,WEB3,,,https://cdn.lapa.ninja/assets/images/1x/privy-thumb.webp,https://www.lapa.ninja/post/privy/,"Minimalist design with a neutral palette and clean layout, emphasizing clarity and simplicity.",,neutral,"[""#ffffff"", ""#f0f0f0"", ""#e0e0e0"", ""#d0d0d0""]",0.5
Lapa Ninja (Post),Arcadia,PRODUCT,,,https://cdn.lapa.ninja/assets/images/1x/playarcadia-thumb.webp,https://www.lapa.ninja/post/playarcadia/,Playful design with a vibrant color palette and engaging layout elements.,,bright and playful,"[""#ffcc00"", ""#ff6699"", ""#66ccff"", ""#ff3366""]",0.5
Lapa Ninja (Post),Gestisoft,AGENCY,,,https://cdn.lapa.ninja/assets/images/1x/gestisoft-thumb.webp,https://www.lapa.ninja/post/gestisoft/,"Professional tech site with a clean layout and a modern, muted color palette.",,neutral gray,"[""#f0f0f0"", ""#cccccc"", ""#333333"", ""#ffffff""]",0.5
Lapa Ninja (Post),Fol,STUDIO,,,https://cdn.lapa.ninja/assets/images/1x/fol-2-thumb.webp,https://www.lapa.ninja/post/fol-2/,"Minimalist design with a serene mood, featuring a soft color palette and spacious layout.",,soft neutral,"[""#f0f0f0"", ""#ffffff"", ""#d9d9d9"", ""#bfbfbf""]",0.5
Lapa Ninja (Post),Dan Tase,PORTFOLIO,,,https://cdn.lapa.ninja/assets/images/1x/dantase-thumb.webp,https://www.lapa.ninja/post/dantase/,Minimalist portfolio layout with a neutral tone and clean design elements.,,neutral,"[""#ffffff"", ""#f0f0f0"", ""#000000"", ""#cccccc""]",0.5
Lapa Ninja (Post),Creativecom,AGENCY,,,https://cdn.lapa.ninja/assets/images/1x/creativecom-thumb.webp,https://www.lapa.ninja/post/creativecom/,"Minimalist design with a neutral palette and spacious layout, emphasizing creativity.",,neutral tones,"[""#f0f0f0"", ""#ffffff"", ""#cccccc"", ""#333333""]",0.5
Lapa Ninja (Post),Antonio Calvo,PORTFOLIO,,,https://cdn.lapa.ninja/assets/images/1x/antoniocalvoartandsoul-thumb.webp,https://www.lapa.ninja/post/antoniocalvoartandsoul/,Artistic portfolio showcasing a vibrant color palette and dynamic layout.,,vibrant,"[""#ff6f61"", ""#6b5b93"", ""#88b04b"", ""#f7cac9""]",0.5
Lapa Ninja (Post),Alligator Studio,STUDIO,,,https://cdn.lapa.ninja/assets/images/1x/alligatorstudio-thumb.webp,https://www.lapa.ninja/post/alligatorstudio/,Minimalist studio showcase with a neutral palette and clean layout.,,neutral tones,"[""#ffffff"", ""#f0f0f0"", ""#d9d9d9"", ""#000000""]",0.5
Lapa Ninja (Post),ALF,PHOTOGRAPHY,,,https://cdn.lapa.ninja/assets/images/1x/alittlefly-thumb.webp,https://www.lapa.ninja/post/alittlefly/,Minimalist photography showcase with a serene mood and soft color tones.,,soft neutral,"[""#f0f0f0"", ""#d9d9d9"", ""#ffffff""]",0.5
Lapa Ninja (Post),admilk,AGENCY,,,https://cdn.lapa.ninja/assets/images/1x/admilk-thumb.webp,https://www.lapa.ninja/post/admilk/,"Minimalist design with a neutral tone, featuring a clean layout and subtle visual elements.",,neutral,"[""#f0f0f0"", ""#ffffff"", ""#cccccc"", ""#999999""]",0.5
Lapa Ninja (Post),hey.Valentin,PORTFOLIO,,,https://cdn.lapa.ninja/assets/images/1x/heyvalentin-2-thumb.webp,https://www.lapa.ninja/post/heyvalentin-2/,Minimalist portfolio site with a clean layout and neutral tones.,,neutral,"[""#ffffff"", ""#f0f0f0"", ""#000000"", ""#cccccc""]",0.5
Lapa Ninja (Post),CRSL Carosello Lab,STUDIO,,,https://cdn.lapa.ninja/assets/images/1x/crsl-thumb.webp,https://www.lapa.ninja/post/crsl/,Modern design showcase with a neutral palette and clean layout emphasizing visual elements.,,neutral tones,"[""#ffffff"", ""#f0f0f0"", ""#e0e0e0"", ""#cccccc""]",0.5
Lapa Ninja (Post),Bad Omens,ECOMMERCE,,,https://cdn.lapa.ninja/assets/images/1x/badomensofficial-thumb.webp,https://www.lapa.ninja/post/badomensofficial/,"Dark and moody design with a mysterious tone, featuring a minimalist layout.",,dark and moody,"[""#000000"", ""#333333"", ""#666666"", ""#ffffff""]",0.5
Lapa Ninja (Post),BUTT STUDIO,STUDIO,,,https://cdn.lapa.ninja/assets/images/1x/butt-studio-thumb.webp,https://www.lapa.ninja/post/butt-studio/,Playful design studio showcase with a vibrant palette and engaging layout.,,bright and playful,"[""#ff6f61"", ""#6b5b95"", ""#88b04b"", ""#f7cac9""]",0.5
Lapa Ninja (Post),Roxane Hassler,PORTFOLIO,,,https://cdn.lapa.ninja/assets/images/1x/roxanehassler-thumb.webp,https://www.lapa.ninja/post/roxanehassler/,Minimalist portfolio showcasing a serene aesthetic with a neutral color palette.,,neutral,"[""#ffffff"", ""#f0f0f0"", ""#d9d9d9"", ""#bfbfbf""]",0.5
Lapa Ninja (Post),The OCT Game,GAME,,,https://cdn.lapa.ninja/assets/images/1x/theoct-thumb.webp,https://www.lapa.ninja/post/theoct/,Playful game showcase with vibrant colors and a dynamic layout.,,bright and playful,"[""#ffcc00"", ""#ff6699"", ""#66ccff"", ""#ff3366""]",0.5
Lapa Ninja (Post),Horatio,BUSINESS,,,https://cdn.lapa.ninja/assets/images/1x/hirehoratio-thumb.webp,https://www.lapa.ninja/post/hirehoratio/,"Minimalist design with a neutral tone, featuring a clean layout and subtle visual elements.",,neutral,"[""#ffffff"", ""#f0f0f0"", ""#e0e0e0"", ""#d0d0d0""]",0.5
Lapa Ninja (Post),Big Human,AGENCY,,,https://cdn.lapa.ninja/assets/images/1x/bighuman-2-thumb.webp,https://www.lapa.ninja/post/bighuman-2/,"Minimalist design with a neutral palette and spacious layout, emphasizing simplicity.",,neutral tones,"[""#f0f0f0"", ""#cccccc"", ""#ffffff"", ""#000000""]",0.5
Lapa Ninja (Post),Aave,DEFI,,,https://cdn.lapa.ninja/assets/images/1x/aave-2-thumb.webp,https://www.lapa.ninja/post/aave-2/,"Minimalist design with a cool tone, featuring a clean layout and subtle visual elements.",,cool gray,"[""#f0f0f0"", ""#cccccc"", ""#999999"", ""#666666""]",0.5
Lapa Ninja (Post),Sketch Blog,BLOG,,,https://cdn.lapa.ninja/assets/images/1x/sketch-blog-thumb.webp,https://www.lapa.ninja/post/sketch-blog/,Minimalist blog layout with a clean aesthetic and neutral tones.,,neutral,"[""#ffffff"", ""#f0f0f0"", ""#000000"", ""#cccccc""]",0.5
Lapa Ninja (Post),Claynosaurz,GAME,,,https://cdn.lapa.ninja/assets/images/1x/claynosaurz-thumb.webp,https://www.lapa.ninja/post/claynosaurz/,Playful design with a vibrant color palette and whimsical layout elements.,,bright and playful,"[""#ffcc00"", ""#ff6699"", ""#66ccff"", ""#ffcc66""]",0.5
Lapa Ninja (Post),Théâtre-Sénart,CULTURE,,,https://cdn.lapa.ninja/assets/images/1x/theatre-senart-thumb.webp,https://www.lapa.ninja/post/theatre-senart/,Elegant theatre site with a sophisticated layout and warm beige tones.,,warm beige,"[""#f5f5dc"", ""#dcdcdc"", ""#ffffff"", ""#000000""]",0.5
Lapa Ninja (Post),Rodeo Club,APP,,,https://cdn.lapa.ninja/assets/images/1x/rodeo-thumb.webp,https://www.lapa.ninja/post/rodeo/,Energetic rodeo-themed layout with warm tones and dynamic imagery.,,warm tones,"[""#d69f3d"", ""#c74b2e"", ""#f2e1c1"", ""#5b3a1e""]",0.5
Lapa Ninja (Post),Piccalilli,BLOG,,,https://cdn.lapa.ninja/assets/images/1x/piccalilli-thumb.webp,https://www.lapa.ninja/post/piccalilli/,Playful food blog post with warm beige tones and a simple layout.,,warm beige,"[""#f5f5dc"", ""#d2b48c"", ""#fff8dc"", ""#ffe4b5""]",0.5
Lapa Ninja (Post),Webisoft,AGENCY,,,https://cdn.lapa.ninja/assets/images/1x/webisoft-thumb.webp,https://www.lapa.ninja/post/webisoft/,Modern tech site with a clean layout and a neutral color palette emphasizing functionality.,,neutral gray,"[""#f0f0f0"", ""#ffffff"", ""#cccccc"", ""#333333""]",0.5
Lapa Ninja (Post),Intrepid Automation,BUSINESS,,,https://cdn.lapa.ninja/assets/images/1x/intrepidautomation-thumb.webp,https://www.lapa.ninja/post/intrepidautomation/,Tech-focused layout with a clean aesthetic and a neutral color tone.,,neutral gray,"[""#f0f0f0"", ""#cccccc"", ""#333333"", ""#ffffff""]",0.5
Lapa Ninja (Post),Cake Equity,SAAS,,,https://cdn.lapa.ninja/assets/images/1x/cakeequity-thumb.webp,https://www.lapa.ninja/post/cakeequity/,Professional SaaS site with a clean layout and a neutral color tone.,,neutral gray,"[""#f0f0f0"", ""#ffffff"", ""#cccccc"", ""#333333""]",0.5
Lapa Ninja (Post),Anteverti,CORPORATE,,,https://cdn.lapa.ninja/assets/images/1x/anteverti-thumb.webp,https://www.lapa.ninja/post/anteverti/,"Minimalist design with a neutral tone and clean layout, emphasizing simplicity.",,neutral gray,"[""#f0f0f0"", ""#cccccc"", ""#ffffff"", ""#000000""]",0.5
Lapa Ninja (Post),CrowdCargo,BUSINESS,,,https://cdn.lapa.ninja/assets/images/1x/crowdcargo-thumb.webp,https://www.lapa.ninja/post/crowdcargo/,Minimalist logistics site with a clean layout and neutral color tones.,,neutral gray,"[""#f0f0f0"", ""#cccccc"", ""#333333"", ""#ffffff""]",0.5
Lapa Ninja (Post),Dope Security,SAAS,,,https://cdn.lapa.ninja/assets/images/1x/dope-security-thumb.webp,https://www.lapa.ninja/post/dope-security/,"Modern security site with a sleek layout and a cool, tech-inspired color tone.",,cool gray,"[""#4a4a4a"", ""#ffffff"", ""#f0f0f0"", ""#1a1a1a""]",0.5
Lapa Ninja (Post),LAS Art Foundation,CORPORATE,,,https://cdn.lapa.ninja/assets/images/1x/las-art-thumb.webp,https://www.lapa.ninja/post/las-art/,Contemporary art foundation site with a minimalist layout and neutral tones.,,neutral,"[""#ffffff"", ""#f0f0f0"", ""#000000"", ""#cccccc""]",0.5
Lapa Ninja (Post),Sergey Lisovskiy,STUDIO,,,https://cdn.lapa.ninja/assets/images/1x/lisovskiy-thumb.webp,https://www.lapa.ninja/post/lisovskiy/,Minimalist design showcasing a serene mood with a neutral palette and clean layout.,,neutral tones,"[""#ffffff"", ""#f0f0f0"", ""#d9d9d9"", ""#bfbfbf""]",0.5
Lapa Ninja (Post),Long Wknd,BEAUTY,,,https://cdn.lapa.ninja/assets/images/1x/longwknd-thumb.webp,https://www.lapa.ninja/post/longwknd/,Relaxed weekend vibes with a warm beige palette and minimalistic layout.,,warm beige,"[""#f5f5dc"", ""#dcdcdc"", ""#ffffff"", ""#e0e0e0""]",0.5
Lapa Ninja (Post),Ohmiego,PRODUCT,,,https://cdn.lapa.ninja/assets/images/1x/ohmiego-thumb.webp,https://www.lapa.ninja/post/ohmiego/,"Minimalist design with a serene mood, featuring a soft color palette and clean layout.",,soft neutral,"[""#f0f0f0"", ""#ffffff"", ""#d9d9d9"", ""#bfbfbf""]",0.5
Lapa Ninja (Post),Tuple,DEVELOPMENT TOOLS,,,https://cdn.lapa.ninja/assets/images/1x/tuple-thumb.webp,https://www.lapa.ninja/post/tuple/,Minimalist development tool page with a clean layout and neutral tones.,,neutral gray,"[""#f5f5f5"", ""#ffffff"", ""#000000"", ""#cccccc""]",0.5
Lapa Ninja (Post),UnD NY,FOOD DRINKS,,,https://cdn.lapa.ninja/assets/images/1x/und-ny-thumb.webp,https://www.lapa.ninja/post/und-ny/,"Trendy food and drink site with a modern layout and warm, inviting tones.",,warm beige,"[""#f5f5dc"", ""#d2b48c"", ""#ffe4b5"", ""#deb887""]",0.5
Lapa Ninja (Post),Spectrum.Life,HEALTH FITNESS,,,https://cdn.lapa.ninja/assets/images/1x/spectrum-life-thumb.webp,https://www.lapa.ninja/post/spectrum-life/,Energetic health platform with vibrant colors and a dynamic layout.,,vibrant,"[""#ff5733"", ""#33ff57"", ""#3357ff"", ""#f1c40f""]",0.5
Lapa Ninja (Post),Make with Notion,EVENT,,,https://cdn.lapa.ninja/assets/images/1x/makewithnotion-thumb.webp,https://www.lapa.ninja/post/makewithnotion/,"Minimalist layout with a clean aesthetic, featuring a soft color palette and simple typography.",,neutral tones,"[""#ffffff"", ""#f0f0f0"", ""#e0e0e0"", ""#d0d0d0""]",0.5
Lapa Ninja (Post),Arc Search,APP,,,https://cdn.lapa.ninja/assets/images/1x/arc-search-thumb.webp,https://www.lapa.ninja/post/arc-search/,Minimalist search interface with a sleek layout and a cool color tone.,,cool gray,"[""#f0f0f0"", ""#cccccc"", ""#ffffff"", ""#333333""]",0.5
Lapa Ninja (Post),CALA,FOOD DRINKS,,,https://cdn.lapa.ninja/assets/images/1x/eatcala-thumb.webp,https://www.lapa.ninja/post/eatcala/,"Inviting food and drink site with warm tones and a clean, minimal layout.",,warm beige,"[""#f5f5dc"", ""#d2b48c"", ""#fff8dc"", ""#deb887""]",0.5
Lapa Ninja (Post),OpenHome,ARTIFICIAL INTELLIGENCE,,,https://cdn.lapa.ninja/assets/images/1x/openhome-thumb.webp,https://www.lapa.ninja/post/openhome/,"Modern real estate site with a clean layout and neutral tones, emphasizing simplicity.",,neutral tones,"[""#ffffff"", ""#f0f0f0"", ""#d9d9d9"", ""#000000""]",0.5
Lapa Ninja (Post),The Neuron,EDUCATION,,,https://cdn.lapa.ninja/assets/images/1x/theneuron-thumb.webp,https://www.lapa.ninja/post/theneuron/,"Educational post with a neutral tone, featuring a clean layout and subtle color palette.",,neutral,"[""#ffffff"", ""#f0f0f0"", ""#d9d9d9"", ""#cccccc""]",0.5
Lapa Ninja (Post),Twice,ECOMMERCE,,,https://cdn.lapa.ninja/assets/images/1x/smiletwice-thumb.webp,https://www.lapa.ninja/post/smiletwice/,"Playful eCommerce site with a bright and cheerful layout, featuring a warm color tone.",,warm,"[""#ffcc00"", ""#ff6699"", ""#66ccff"", ""#ffffff""]",0.5
Lapa Ninja (Post),Atla AI,ARTIFICIAL INTELLIGENCE,,,https://cdn.lapa.ninja/assets/images/1x/atla-ai-thumb.webp,https://www.lapa.ninja/post/atla-ai/,Minimalist AI showcase with a neutral tone and clean layout emphasizing technology.,,neutral gray,"[""#f0f0f0"", ""#ffffff"", ""#000000"", ""#cccccc""]",0.5
Lapa Ninja (Post),SERIOUS.BUSINESS,AGENCY,,,https://cdn.lapa.ninja/assets/images/1x/serious-business-2-thumb.webp,https://www.lapa.ninja/post/serious-business-2/,"Professional layout with a serious tone, featuring a muted color palette and clean design elements.",,neutral gray,"[""#f0f0f0"", ""#cccccc"", ""#333333"", ""#ffffff""]",0.5
Lapa Ninja (Post),VOLTA,AUTOMOTIVE,,,https://cdn.lapa.ninja/assets/images/1x/voltayachts-thumb.webp,https://www.lapa.ninja/post/voltayachts/,Sleek automotive showcase with a modern layout and a sophisticated color tone.,,neutral gray,"[""#000000"", ""#ffffff"", ""#cccccc"", ""#333333""]",0.5
Lapa Ninja (Post),Runway AI,ARTIFICIAL INTELLIGENCE,,,https://cdn.lapa.ninja/assets/images/1x/runway-3-thumb.webp,https://www.lapa.ninja/post/runway-3/,"Innovative AI platform with a sleek layout and a modern, cool color tone.",,cool gray,"[""#f0f0f0"", ""#a0a0a0"", ""#ffffff"", ""#000000""]",0.5
Lapa Ninja (Post),Rodeo Club,SOCIAL MEDIA,,,https://cdn.lapa.ninja/assets/images/1x/rodeo-club-thumb.webp,https://www.lapa.ninja/post/rodeo-club/,Energetic social media post with a vibrant color palette and dynamic layout.,,bright and lively,"[""#ffcc00"", ""#ff5733"", ""#33ccff"", ""#ff33a1""]",0.5
Lapa Ninja (Post),Pano,SAAS,,,https://cdn.lapa.ninja/assets/images/1x/gopano-thumb.webp,https://www.lapa.ninja/post/gopano/,Minimalist SaaS interface with a clean layout and neutral tones.,,neutral gray,"[""#f0f0f0"", ""#ffffff"", ""#cccccc"", ""#333333""]",0.5
Lapa Ninja (Post),SOGAI,ARTIFICIAL INTELLIGENCE,,,https://cdn.lapa.ninja/assets/images/1x/sogaiart-thumb.webp,https://www.lapa.ninja/post/sogaiart/,"Minimalist art showcase with a serene mood and neutral tones, featuring a clean layout.",,neutral tones,"[""#ffffff"", ""#f0f0f0"", ""#d9d9d9"", ""#bfbfbf""]",0.5
Lapa Ninja (Post),Wondermake,AGENCY,,,https://cdn.lapa.ninja/assets/images/1x/wondermake-thumb.webp,https://www.lapa.ninja/post/wondermake/,Playful design showcasing a vibrant color palette and engaging layout elements.,,bright and playful,"[""#ff6f61"", ""#6b5b95"", ""#88b04b"", ""#f7cac9""]",0.5
Lapa Ninja (Post),Mrazek Tomas,PORTFOLIO,,,https://cdn.lapa.ninja/assets/images/1x/mrazek-tomas-thumb.webp,https://www.lapa.ninja/post/mrazek-tomas/,Minimalist portfolio showcasing a serene mood with a neutral color tone and clean layout.,,neutral,"[""#ffffff"", ""#f0f0f0"", ""#d9d9d9"", ""#bfbfbf""]",0.5
Lapa Ninja (Post),Wimp,FOOD DRINKS,,,https://cdn.lapa.ninja/assets/images/1x/wimpdecaf-2-thumb.webp,https://www.lapa.ninja/post/wimpdecaf-2/,Minimalist design with a warm beige palette and simple layout emphasizing food and drinks.,,warm beige,"[""#f5f5dc"", ""#d2b48c"", ""#fff8dc"", ""#deb887""]",0.5
Lapa Ninja (Post),TradeZero,FINTECH,,,https://cdn.lapa.ninja/assets/images/1x/tradezero-thumb.webp,https://www.lapa.ninja/post/tradezero/,Minimalist fintech site with a clean layout and a neutral color tone.,,neutral gray,"[""#f0f0f0"", ""#ffffff"", ""#cccccc"", ""#333333""]",0.5
Lapa Ninja (Post),Spacekayak,STUDIO,,,https://cdn.lapa.ninja/assets/images/1x/spacekayak-2-thumb.webp,https://www.lapa.ninja/post/spacekayak-2/,"Minimalist design with a serene mood, featuring a muted color palette and spacious layout.",,serene gray,"[""#f0f0f0"", ""#d9d9d9"", ""#ffffff"", ""#b0b0b0""]",0.5
Lapa Ninja (Post),Lowe's Innovation Labs,FURNITURE INTERIORS,,,https://cdn.lapa.ninja/assets/images/1x/lowesinnovationlabs-thumb.webp,https://www.lapa.ninja/post/lowesinnovationlabs/,"Innovative tech showcase with a clean layout and a modern, neutral color tone.",,neutral gray,"[""#f0f0f0"", ""#cccccc"", ""#ffffff"", ""#000000""]",0.5
Lapa Ninja (Post),Rekorder Studios,STUDIO,,,https://cdn.lapa.ninja/assets/images/1x/rekorderstudios-thumb.webp,https://www.lapa.ninja/post/rekorderstudios/,Modern studio showcase with a neutral palette and minimalistic layout.,,neutral gray,"[""#f0f0f0"", ""#cccccc"", ""#ffffff"", ""#000000""]",0.5
Lapa Ninja (Post),Significo,STUDIO,,,https://cdn.lapa.ninja/assets/images/1x/significo-thumb.webp,https://www.lapa.ninja/post/significo/,Minimalist design showcasing a serene mood with a clean layout and soft color tones.,,soft neutral,"[""#f0f0f0"", ""#ffffff"", ""#d9d9d9"", ""#bfbfbf""]",0.5
Lapa Ninja (Post),The Little Grey Film,FILM,,,https://cdn.lapa.ninja/assets/images/1x/thelittlegreyfilm-thumb.webp,https://www.lapa.ninja/post/thelittlegreyfilm/,Subtle film showcase with a neutral tone and minimalist layout emphasizing imagery.,,neutral grey,"[""#cccccc"", ""#ffffff"", ""#000000""]",0.5
Lapa Ninja (Post),QUITE NICE,FOOD DRINKS,,,https://cdn.lapa.ninja/assets/images/1x/quitenice-thumb.webp,https://www.lapa.ninja/post/quitenice/,Casual food blog post with a warm beige palette and simple layout.,,warm beige,"[""#f5f5dc"", ""#d2b48c"", ""#fff8dc"", ""#ffe4b5""]",0.5
Lapa Ninja (Post),Reworkd AI,ARTIFICIAL INTELLIGENCE,,,https://cdn.lapa.ninja/assets/images/1x/reworkd-thumb.webp,https://www.lapa.ninja/post/reworkd/,Modern AI showcase with a sleek layout and a neutral color tone.,,neutral gray,"[""#ffffff"", ""#f0f0f0"", ""#e0e0e0"", ""#cccccc""]",0.5
Lapa Ninja (Post),Round Round,CORPORATE,,,https://cdn.lapa.ninja/assets/images/1x/roundandround-thumb.webp,https://www.lapa.ninja/post/roundandround/,"Minimalist design with a neutral tone, featuring a clean layout and subtle visual elements.",,neutral,"[""#ffffff"", ""#f0f0f0"", ""#cccccc"", ""#999999""]",0.5
Lapa Ninja (Post),Sebastian Camargo,PORTFOLIO,,,https://cdn.lapa.ninja/assets/images/1x/sebastiancamargo-thumb.webp,https://www.lapa.ninja/post/sebastiancamargo/,Minimalist portfolio showcasing a serene mood with a neutral color palette and clean layout.,,neutral,"[""#ffffff"", ""#f0f0f0"", ""#000000"", ""#cccccc""]",0.5
Lapa Ninja (Post),Spoil Me,APP,,,https://cdn.lapa.ninja/assets/images/1x/spoil-thumb.webp,https://www.lapa.ninja/post/spoil/,"Minimalist layout with a soft, inviting tone and a focus on user experience.",,soft neutral,"[""#f0f0f0"", ""#ffffff"", ""#d9d9d9"", ""#bfbfbf""]",0.5
Lapa Ninja (Post),Stata Design,STUDIO,,,https://cdn.lapa.ninja/assets/images/1x/stata-thumb.webp,https://www.lapa.ninja/post/stata/,Minimalist design showcasing a clean layout with a neutral color tone and ample white space.,,neutral,"[""#ffffff"", ""#f0f0f0"", ""#e0e0e0"", ""#d0d0d0""]",0.5
Lapa Ninja (Post),Supabase,OPEN SOURCE,,,https://cdn.lapa.ninja/assets/images/1x/supabase-thumb.webp,https://www.lapa.ninja/post/supabase/,Modern open-source platform with a clean layout and vibrant green tones.,,vibrant green,"[""#34d399"", ""#f9fafb"", ""#3b82f6"", ""#fbbf24""]",0.5
Lapa Ninja (Post),Animus Studios,STUDIO,,,https://cdn.lapa.ninja/assets/images/1x/animusstudios-2-thumb.webp,https://www.lapa.ninja/post/animusstudios-2/,Minimalist design showcasing a creative studio with a neutral color palette and clean layout.,,neutral,"[""#ffffff"", ""#f0f0f0"", ""#d9d9d9"", ""#000000""]",0.5
Lapa Ninja (Post),Framer,DESIGN TOOLS,,,https://cdn.lapa.ninja/assets/images/1x/framer-9-thumb.webp,https://www.lapa.ninja/post/framer-9/,Minimalist design tool showcase with a clean layout and neutral tones.,,neutral,"[""#ffffff"", ""#f0f0f0"", ""#e0e0e0"", ""#cccccc""]",0.5
Lapa Ninja (Post),Redbrick Coffee,FOOD DRINKS,,,https://cdn.lapa.ninja/assets/images/1x/redbrick-coffee-2-thumb.webp,https://www.lapa.ninja/post/redbrick-coffee-2/,Cozy coffee shop vibe with warm beige tones and inviting layout.,,warm beige,"[""#d8c4a0"", ""#f5f5dc"", ""#a0522d"", ""#fff8dc""]",0.5
Lapa Ninja (Post),Campsite,SAAS,,,https://cdn.lapa.ninja/assets/images/1x/campsite-3-thumb.webp,https://www.lapa.ninja/post/campsite-3/,"Minimalist design with a serene mood, featuring a soft color palette and spacious layout.",,soft neutral,"[""#f0f0f0"", ""#ffffff"", ""#d9d9d9"", ""#bfbfbf""]",0.5
Lapa Ninja (Post),Suzy Welch,PORTFOLIO,,,https://cdn.lapa.ninja/assets/images/1x/suzywelch-thumb.webp,https://www.lapa.ninja/post/suzywelch/,"Professional portfolio layout with neutral tones and a clean, minimalistic design.",,neutral tones,"[""#ffffff"", ""#f0f0f0"", ""#000000"", ""#cccccc""]",0.5
Lapa Ninja (Post),Git Merge 2024,EVENT,,,https://cdn.lapa.ninja/assets/images/1x/git-merge-thumb.webp,https://www.lapa.ninja/post/git-merge/,"Tech event page with a modern layout and vibrant color scheme, featuring a prominent image.",,dynamic,"[""#ffffff"", ""#000000"", ""#ff5733"", ""#c0c0c0""]",0.5
Lapa Ninja (Post),Recess,ECOMMERCE,,,https://cdn.lapa.ninja/assets/images/1x/ourrecess-thumb.webp,https://www.lapa.ninja/post/ourrecess/,Playful eCommerce site with a vibrant color palette and engaging layout.,,bright and playful,"[""#ffcc00"", ""#ff6699"", ""#66ccff"", ""#ff9966""]",0.5
Lapa Ninja (Post),Never Sit Still,AGENCY,,,https://cdn.lapa.ninja/assets/images/1x/neversitstill-2-thumb.webp,https://www.lapa.ninja/post/neversitstill-2/,"Dynamic layout with a vibrant color palette, evoking energy and creativity.",,vibrant,"[""#ff5733"", ""#33c1ff"", ""#ff33a1"", ""#33ff57""]",0.5
Lapa Ninja (Post),teenage engineering,ECOMMERCE,,,https://cdn.lapa.ninja/assets/images/1x/teenage-engineering-3-thumb.webp,https://www.lapa.ninja/post/teenage-engineering-3/,Playful design showcasing vibrant colors and a dynamic layout for creative engagement.,,bright and playful,"[""#ff6f61"", ""#6b5b95"", ""#88b04b"", ""#f7cac9""]",0.5
Lapa Ninja (Post),Earthr,STUDIO,,,https://cdn.lapa.ninja/assets/images/1x/earthr-2-thumb.webp,https://www.lapa.ninja/post/earthr-2/,Minimalist design with earthy tones and a clean layout emphasizing nature.,,earthy green,"[""#4caf50"", ""#a5d6a7"", ""#c8e6c9"", ""#ffffff""]",0.5
Lapa Ninja (Post),Studio Sentempo,STUDIO,,,https://cdn.lapa.ninja/assets/images/1x/studiosentempo-2-thumb.webp,https://www.lapa.ninja/post/studiosentempo-2/,"Modern studio showcase with a neutral palette and clean, spacious layout.",,neutral tones,"[""#f0f0f0"", ""#d9d9d9"", ""#ffffff""]",0.5
Lapa Ninja (Post),CTRL Wallet,APP,,,https://cdn.lapa.ninja/assets/images/1x/ctrl-thumb.webp,https://www.lapa.ninja/post/ctrl/,Minimalist wallet showcase with a sleek layout and neutral tones.,,neutral tones,"[""#ffffff"", ""#f0f0f0"", ""#e0e0e0"", ""#d0d0d0""]",0.5
Lapa Ninja (Post),erthos,CORPORATE,,,https://cdn.lapa.ninja/assets/images/1x/planeterthos-thumb.webp,https://www.lapa.ninja/post/planeterthos/,Minimalist corporate site with a neutral tone and clean layout emphasizing simplicity.,,neutral,"[""#ffffff"", ""#f0f0f0"", ""#000000"", ""#cccccc""]",0.5
Lapa Ninja (Post),Shuttle,SAAS,,,https://cdn.lapa.ninja/assets/images/1x/shuttle-thumb.webp,https://www.lapa.ninja/post/shuttle/,Minimalist SaaS landing page with a clean layout and neutral tones.,,neutral gray,"[""#f0f0f0"", ""#ffffff"", ""#000000"", ""#cccccc""]",0.5
Lapa Ninja (Post),Salus Ice,HEALTH FITNESS,,,https://cdn.lapa.ninja/assets/images/1x/salusice-thumb.webp,https://www.lapa.ninja/post/salusice/,Energetic health product showcase with a vibrant palette and clean layout.,,bright and fresh,"[""#ffffff"", ""#f0f8ff"", ""#ffcc00"", ""#ff5733""]",0.5
Lapa Ninja (Post),Sabato Studio,STUDIO,,,https://cdn.lapa.ninja/assets/images/1x/sabato-studio-2-thumb.webp,https://www.lapa.ninja/post/sabato-studio-2/,Minimalist studio showcase with a neutral palette and clean layout emphasizing simplicity.,,neutral tones,"[""#f5f5f5"", ""#e0e0e0"", ""#ffffff"", ""#cccccc""]",0.5
Lapa Ninja (Post),Poo Paper,ECOMMERCE,,,https://cdn.lapa.ninja/assets/images/1x/poopaper-thumb.webp,https://www.lapa.ninja/post/poopaper/,Playful eco-friendly product showcase with earthy tones and a clean layout.,,earthy green,"[""#8b4513"", ""#a0522d"", ""#deb887"", ""#f5f5dc""]",0.5
Lapa Ninja (Post),Full Hearts,CORPORATE,,,https://cdn.lapa.ninja/assets/images/1x/fullhearts-thumb.webp,https://www.lapa.ninja/post/fullhearts/,"Playful and warm layout with soft tones and heart motifs, evoking a sense of joy.",,warm tones,"[""#ffcccb"", ""#ffb6c1"", ""#ffe4e1"", ""#fff0f5""]",0.5
Lapa Ninja (Post),Open Statement,STUDIO,,,https://cdn.lapa.ninja/assets/images/1x/openstatement-thumb.webp,https://www.lapa.ninja/post/openstatement/,"Minimalist design with a neutral palette and spacious layout, emphasizing clarity and simplicity.",,neutral tones,"[""#ffffff"", ""#f0f0f0"", ""#d9d9d9"", ""#bfbfbf""]",0.5
Lapa Ninja (Post),⌘ Langbase,ARTIFICIAL INTELLIGENCE,,,https://cdn.lapa.ninja/assets/images/1x/langbase-thumb.webp,https://www.lapa.ninja/post/langbase/,"Minimalist design with a neutral tone, featuring a clean layout and subtle visual elements.",,neutral gray,"[""#f0f0f0"", ""#cccccc"", ""#ffffff"", ""#000000""]",0.5
Lapa Ninja (Post),Astro Party,ILLUSTRATION,,,https://cdn.lapa.ninja/assets/images/1x/astro-party-thumb.webp,https://www.lapa.ninja/post/astro-party/,Playful cosmic theme with vibrant colors and whimsical illustration style.,,vibrant multicolor,"[""#ffcc00"", ""#ff6699"", ""#66ccff"", ""#ff3366""]",0.5
Lapa Ninja (Post),Retronova,FASHION,,,https://cdn.lapa.ninja/assets/images/1x/retronovaworld-thumb.webp,https://www.lapa.ninja/post/retronovaworld/,Futuristic fashion showcase with a vibrant palette and dynamic layout.,,vibrant,"[""#ff6f61"", ""#6a5acd"", ""#f0e68c"", ""#ffcccb""]",0.5
Lapa Ninja (Post),CRED money,APP,,,https://cdn.lapa.ninja/assets/images/1x/cred-thumb.webp,https://www.lapa.ninja/post/cred/,Minimalist finance site with a clean layout and neutral tones.,,neutral gray,"[""#f0f0f0"", ""#ffffff"", ""#cccccc"", ""#000000""]",0.5
Lapa Ninja (Post),Miro Intelligent Canvas,PRODUCTIVITY,,,https://cdn.lapa.ninja/assets/images/1x/miro-3-thumb.webp,https://www.lapa.ninja/post/miro-3/,Collaborative workspace with a vibrant palette and open layout for creativity.,,bright and energetic,"[""#ffcc00"", ""#00aaff"", ""#ff6699"", ""#66ff66""]",0.5
Lapa Ninja (Post),(Re)vive,FASHION,,,https://cdn.lapa.ninja/assets/images/1x/byrevive-thumb.webp,https://www.lapa.ninja/post/byrevive/,"Minimalist fashion post with a serene mood and neutral tones, featuring a clean layout.",,neutral tones,"[""#ffffff"", ""#f0f0f0"", ""#d9d9d9"", ""#bfbfbf""]",0.5
Lapa Ninja (Post),Aave,DEFI,,,https://cdn.lapa.ninja/assets/images/1x/aave-thumb.webp,https://www.lapa.ninja/post/aave/,"Minimalist design with a cool tone, featuring a clean layout and subtle visual elements.",,cool gray,"[""#f0f0f0"", ""#ffffff"", ""#e0e0e0"", ""#c0c0c0""]",0.5
Lapa Ninja (Post),Visual Electric,ARTIFICIAL INTELLIGENCE,,,https://cdn.lapa.ninja/assets/images/1x/visualelectric-2-thumb.webp,https://www.lapa.ninja/post/visualelectric-2/,Dynamic visual showcase with vibrant tones and an engaging layout.,,bright and energetic,"[""#ff5733"", ""#33c1ff"", ""#ff33a1"", ""#f4ff33""]",0.5
Lapa Ninja (Post),Alcest,ILLUSTRATION,,,https://cdn.lapa.ninja/assets/images/1x/alcestmusic-thumb.webp,https://www.lapa.ninja/post/alcestmusic/,"Ethereal music post with a dark, moody palette and minimalist layout.",,dark and moody,"[""#000000"", ""#ffffff"", ""#4a4a4a"", ""#b0b0b0""]",0.5
Lapa Ninja (Post),LOBATO,AGENCY,,,https://cdn.lapa.ninja/assets/images/1x/lobatos-thumb.webp,https://www.lapa.ninja/post/lobatos/,"Minimalist design with a neutral tone, featuring a clean layout and subtle visual elements.",,neutral,"[""#f0f0f0"", ""#ffffff"", ""#cccccc"", ""#999999""]",0.5
Lapa Ninja (Post),Blok,HARDWARE,,,https://cdn.lapa.ninja/assets/images/1x/blok-thumb.webp,https://www.lapa.ninja/post/blok/,"Minimalist design with a neutral palette and spacious layout, emphasizing simplicity.",,neutral tones,"[""#ffffff"", ""#f0f0f0"", ""#d9d9d9"", ""#bfbfbf""]",0.5
Lapa Ninja (Post),Rome,BLOCKCHAIN,,,https://cdn.lapa.ninja/assets/images/1x/rome-thumb.webp,https://www.lapa.ninja/post/rome/,"Minimalist layout with a serene mood, featuring a warm beige palette and subtle imagery.",,warm beige,"[""#f5f5dc"", ""#dcdcdc"", ""#ffffff"", ""#e0e0e0""]",0.5
Lapa Ninja (Post),Appart Agency,AGENCY,,,https://cdn.lapa.ninja/assets/images/1x/appart-agency-thumb.webp,https://www.lapa.ninja/post/appart-agency/,"Modern agency showcase with a neutral palette and clean, spacious layout.",,neutral tones,"[""#f0f0f0"", ""#ffffff"", ""#cccccc"", ""#333333""]",0.5
Lapa Ninja (Post),FastHTML,SAAS,,,https://cdn.lapa.ninja/assets/images/1x/fasthtml-thumb.webp,https://www.lapa.ninja/post/fasthtml/,"Minimalist layout with a neutral tone, featuring a clean design and subtle elements.",,neutral gray,"[""#f0f0f0"", ""#ffffff"", ""#cccccc"", ""#999999""]",0.5
Lapa Ninja (Post),IISE,FASHION,,,https://cdn.lapa.ninja/assets/images/1x/iise-thumb.webp,https://www.lapa.ninja/post/iise/,"Minimalist fashion site with a clean layout and neutral tones, emphasizing visual content.",,neutral tones,"[""#ffffff"", ""#f0f0f0"", ""#000000"", ""#d9d9d9""]",0.5
Lapa Ninja (Post),Harvard University,EDUCATION,,,https://cdn.lapa.ninja/assets/images/1x/harvard-2-thumb.webp,https://www.lapa.ninja/post/harvard-2/,Academic-focused layout with a classic red palette and structured content presentation.,,classic red,"[""#A50034"", ""#D50032"", ""#FFFFFF"", ""#F5F5F5""]",0.5
Lapa Ninja (Post),Fabric,PRODUCTIVITY,,,https://cdn.lapa.ninja/assets/images/1x/fabric-so-thumb.webp,https://www.lapa.ninja/post/fabric-so/,"Minimalist design with a soft, neutral palette and a clean layout emphasizing fabric textures.",,soft neutral,"[""#f5f5f5"", ""#dcdcdc"", ""#ffffff"", ""#e0e0e0""]",0.5
Lapa Ninja (Post),Vadim Makeev,PORTFOLIO,,,https://cdn.lapa.ninja/assets/images/1x/pepelsbey-thumb.webp,https://www.lapa.ninja/post/pepelsbey/,Minimalist portfolio showcasing a clean layout with a neutral color tone.,,neutral gray,"[""#ffffff"", ""#f0f0f0"", ""#d9d9d9"", ""#000000""]",0.5
Lapa Ninja (Post),GRAYSCALE STUDIO,STUDIO,,,https://cdn.lapa.ninja/assets/images/1x/grayscale-studio-thumb.webp,https://www.lapa.ninja/post/grayscale-studio/,Minimalist studio showcase with a monochrome palette and clean layout.,,neutral gray,"[""#000000"", ""#ffffff"", ""#808080"", ""#d3d3d3""]",0.5
Lapa Ninja (Post),The Other Glasses,ECOMMERCE,,,https://cdn.lapa.ninja/assets/images/1x/theotherglasses-thumb.webp,https://www.lapa.ninja/post/theotherglasses/,Minimalist ecommerce layout with a neutral tone and clean design elements.,,neutral,"[""#ffffff"", ""#f0f0f0"", ""#000000"", ""#cccccc""]",0.5
Lapa Ninja (Post),Joyeux Repas,AGENCY,,,https://cdn.lapa.ninja/assets/images/1x/joyeux-repas-thumb.webp,https://www.lapa.ninja/post/joyeux-repas/,"Inviting dining experience with warm beige tones and a clean, minimal layout.",,warm beige,"[""#f5f5dc"", ""#fff8e1"", ""#d3c6a8"", ""#e0cda9""]",0.5
Lapa Ninja (Post),Silv Studio,STUDIO,,,https://cdn.lapa.ninja/assets/images/1x/silvstudio-thumb.webp,https://www.lapa.ninja/post/silvstudio/,Minimalist studio showcase with a neutral palette and clean layout.,,neutral tones,"[""#f5f5f5"", ""#ffffff"", ""#000000"", ""#cccccc""]",0.5
Lapa Ninja (Post),Better Off Studio,STUDIO,,,https://cdn.lapa.ninja/assets/images/1x/betteroff-studio-thumb.webp,https://www.lapa.ninja/post/betteroff-studio/,Minimalist studio website with a neutral tone and clean layout emphasizing simplicity.,,neutral,"[""#ffffff"", ""#f0f0f0"", ""#000000"", ""#cccccc""]",0.5
Lapa Ninja (Post),Eclipse,CRYPTOCURRENCY,,,https://cdn.lapa.ninja/assets/images/1x/eclipse-xyz-thumb.webp,https://www.lapa.ninja/post/eclipse-xyz/,Mysterious cryptocurrency site with dark tones and a minimalist layout.,,dark and moody,"[""#000000"", ""#1a1a1a"", ""#333333"", ""#ffffff""]",0.5
Lapa Ninja (Post),SNEAKER,FASHION,,,https://cdn.lapa.ninja/assets/images/1x/sneaker-thumb.webp,https://www.lapa.ninja/post/sneaker/,Minimalist sneaker showcase with a neutral tone and clean layout.,,neutral,"[""#ffffff"", ""#f0f0f0"", ""#000000"", ""#cccccc""]",0.5
Lapa Ninja (Post),Be The Buzz,AGENCY,,,https://cdn.lapa.ninja/assets/images/1x/bethebuzz-thumb.webp,https://www.lapa.ninja/post/bethebuzz/,Energetic layout with vibrant colors and a dynamic visual style.,,bright and lively,"[""#ffcc00"", ""#ff5733"", ""#33ccff"", ""#ffffff""]",0.5
Lapa Ninja (Post),Clay,SAAS,,,https://cdn.lapa.ninja/assets/images/1x/clay-com-thumb.webp,https://www.lapa.ninja/post/clay-com/,Minimalist design with earthy tones and a clean layout emphasizing simplicity.,,earthy beige,"[""#d9c9b6"", ""#f5f5f5"", ""#e0e0e0"", ""#b0a99f""]",0.5
Lapa Ninja (Post),DAILY BRANDING,DESIGN TOOLS,,,https://cdn.lapa.ninja/assets/images/1x/dailybranding-thumb.webp,https://www.lapa.ninja/post/dailybranding/,Minimalist branding post with a clean layout and neutral tones.,,neutral,"[""#ffffff"", ""#f0f0f0"", ""#000000"", ""#cccccc""]",0.5
Lapa Ninja (Post),Watson,AGENCY,,,https://cdn.lapa.ninja/assets/images/1x/watson-2-thumb.webp,https://www.lapa.ninja/post/watson-2/,"Minimalist design with a neutral tone, featuring a clean layout and subtle visual elements.",,neutral,"[""#ffffff"", ""#f0f0f0"", ""#e0e0e0"", ""#d0d0d0""]",0.5
Lapa Ninja (Post),Standard Equipment,ECOMMERCE,,,https://cdn.lapa.ninja/assets/images/1x/standardequipment-thumb.webp,https://www.lapa.ninja/post/standardequipment/,"Minimalist e-commerce layout with neutral tones and a clean, spacious design.",,neutral gray,"[""#f5f5f5"", ""#cccccc"", ""#ffffff"", ""#000000""]",0.5
Lapa Ninja (Post),Super Hello,AGENCY,,,https://cdn.lapa.ninja/assets/images/1x/superhello-thumb.webp,https://www.lapa.ninja/post/superhello/,Playful landing page with a bright color palette and engaging layout elements.,,bright and playful,"[""#ffcc00"", ""#ff6699"", ""#66ccff"", ""#ffffff""]",0.5
Lapa Ninja (Post),Seline,SAAS,,,https://cdn.lapa.ninja/assets/images/1x/seline-thumb.webp,https://www.lapa.ninja/post/seline/,"Minimalist design with a serene mood, featuring a soft color palette and clean layout.",,soft neutral,"[""#f0f0f0"", ""#ffffff"", ""#d9d9d9"", ""#bfbfbf""]",0.5
Lapa Ninja (Post),DesignStudio,AGENCY,,,https://cdn.lapa.ninja/assets/images/1x/design-studio-thumb.webp,https://www.lapa.ninja/post/design-studio/,Modern design studio layout with a clean aesthetic and neutral tones.,,neutral tones,"[""#ffffff"", ""#f0f0f0"", ""#e0e0e0"", ""#cccccc""]",0.5
Lapa Ninja (Post),YOWIE,ECOMMERCE,,,https://cdn.lapa.ninja/assets/images/1x/helloyowie-thumb.webp,https://www.lapa.ninja/post/helloyowie/,Playful e-commerce site with a vibrant color palette and engaging layout.,,bright and playful,"[""#ffcc00"", ""#ff6699"", ""#66ccff"", ""#ffcc66""]",0.5
Lapa Ninja (Post),Chrono,FASHION,,,https://cdn.lapa.ninja/assets/images/1x/chronothreads-thumb.webp,https://www.lapa.ninja/post/chronothreads/,Minimalist fashion site with a neutral palette and clean layout emphasizing imagery.,,neutral tones,"[""#ffffff"", ""#f0f0f0"", ""#d9d9d9"", ""#000000""]",0.5
Lapa Ninja (Post),Haus,AGENCY,,,https://cdn.lapa.ninja/assets/images/1x/madeinhaus-thumb.webp,https://www.lapa.ninja/post/madeinhaus/,"Modern design showcase with a clean layout and neutral tones, emphasizing simplicity.",,neutral tones,"[""#ffffff"", ""#f0f0f0"", ""#e0e0e0"", ""#cccccc""]",0.5
Lapa Ninja (Post),Nicolas Giannantonio,PORTFOLIO,,,https://cdn.lapa.ninja/assets/images/1x/nicolas-giannantonio-thumb.webp,https://www.lapa.ninja/post/nicolas-giannantonio/,Minimalist portfolio showcasing a serene mood with a neutral color palette and clean layout.,,neutral tones,"[""#ffffff"", ""#f0f0f0"", ""#d9d9d9"", ""#bfbfbf""]",0.5
Lapa Ninja (Post),Vitali Zahharov,PORTFOLIO,,,https://cdn.lapa.ninja/assets/images/1x/vitali-2-thumb.webp,https://www.lapa.ninja/post/vitali-2/,Minimalist portfolio showcasing a modern aesthetic with a neutral color tone and clean layout.,,neutral,"[""#ffffff"", ""#f0f0f0"", ""#000000"", ""#cccccc""]",0.5
Lapa Ninja (Post),Isle of Skye Whisky,FOOD DRINKS,,,https://cdn.lapa.ninja/assets/images/1x/isleofskyewhisky-thumb.webp,https://www.lapa.ninja/post/isleofskyewhisky/,"Rustic whisky showcase with earthy tones and a simple, elegant layout.",,earthy brown,"[""#8B4513"", ""#D2B48C"", ""#F5DEB3"", ""#FFF8DC""]",0.5
Lapa Ninja (Post),Titan,APP,,,https://cdn.lapa.ninja/assets/images/1x/titan-thumb.webp,https://www.lapa.ninja/post/titan/,"Minimalist design with a neutral tone, featuring a clean layout and subtle visual elements.",,neutral,"[""#ffffff"", ""#f0f0f0"", ""#e0e0e0"", ""#d0d0d0""]",0.5
Lapa Ninja (Post),Jess Wang,PORTFOLIO,,,https://cdn.lapa.ninja/assets/images/1x/jwang-thumb.webp,https://www.lapa.ninja/post/jwang/,Minimalist portfolio showcasing a clean layout with a neutral color tone.,,neutral,"[""#ffffff"", ""#f0f0f0"", ""#000000"", ""#cccccc""]",0.5
Lapa Ninja (Post),Mill,ECOMMERCE,,,https://cdn.lapa.ninja/assets/images/1x/mill-2-thumb.webp,https://www.lapa.ninja/post/mill-2/,Minimalist ecommerce site with a neutral palette and clean layout emphasizing product imagery.,,neutral tones,"[""#f5f5f5"", ""#ffffff"", ""#000000"", ""#cccccc""]",0.5
Lapa Ninja (Post),Librairie Expérience,ECOMMERCE,,,https://cdn.lapa.ninja/assets/images/1x/librairie-experience-thumb.webp,https://www.lapa.ninja/post/librairie-experience/,Inviting bookstore layout with warm beige tones and a cozy atmosphere.,,warm beige,"[""#f5f5dc"", ""#d2b48c"", ""#deb887"", ""#ffe4b5""]",0.5
Lapa Ninja (Post),Raus,REAL ESTATE,,,https://cdn.lapa.ninja/assets/images/1x/raus-thumb.webp,https://www.lapa.ninja/post/raus/,Minimalist real estate site with a neutral palette and clean layout.,,neutral tones,"[""#f0f0f0"", ""#cccccc"", ""#ffffff"", ""#000000""]",0.5
Lapa Ninja (Post),MYTH,WEB3,,,https://cdn.lapa.ninja/assets/images/1x/myth-thumb.webp,https://www.lapa.ninja/post/myth/,"Mysterious web3 post with a dark, moody layout and subtle color tones.",,dark and moody,"[""#000000"", ""#333333"", ""#666666"", ""#ffffff""]",0.5
Lapa Ninja (Post),"Hey, Bay City!",COMMUNITY,,,https://cdn.lapa.ninja/assets/images/1x/heybaycity-thumb.webp,https://www.lapa.ninja/post/heybaycity/,Casual community post with a vibrant palette and engaging layout.,,bright and lively,"[""#ffcc00"", ""#ff6699"", ""#66ccff"", ""#ffcc66""]",0.5
Lapa Ninja (Post),Heva Health,HEALTH FITNESS,,,https://cdn.lapa.ninja/assets/images/1x/hevahealth-thumb.webp,https://www.lapa.ninja/post/hevahealth/,"Health-focused layout with a fresh, vibrant color scheme and clean design elements.",,fresh green,"[""#4caf50"", ""#ffffff"", ""#f0f0f0"", ""#e0e0e0""]",0.5
Lapa Ninja (Post),Yann-Edern Gillet,PORTFOLIO,,,https://cdn.lapa.ninja/assets/images/1x/yannglt-2-thumb.webp,https://www.lapa.ninja/post/yannglt-2/,Minimalist portfolio showcasing a serene mood with a neutral color tone and clean layout.,,neutral,"[""#ffffff"", ""#f0f0f0"", ""#d9d9d9"", ""#cccccc""]",0.5
Lapa Ninja (Post),SFI,FASHION,,,https://cdn.lapa.ninja/assets/images/1x/starfadesinternational-thumb.webp,https://www.lapa.ninja/post/starfadesinternational/,"Minimalist fashion site with a sleek layout and neutral tones, emphasizing elegance.",,neutral tones,"[""#ffffff"", ""#f0f0f0"", ""#000000"", ""#dcdcdc""]",0.5
Lapa Ninja (Post),Codex,BLOCKCHAIN,,,https://cdn.lapa.ninja/assets/images/1x/codex-thumb.webp,https://www.lapa.ninja/post/codex/,"Minimalist layout with a tech-inspired mood, featuring a cool color tone and clean lines.",,cool gray,"[""#f0f0f0"", ""#cccccc"", ""#333333"", ""#ffffff""]",0.5
Lapa Ninja (Post),tinyPod,HARDWARE,,,https://cdn.lapa.ninja/assets/images/1x/thetinypod-thumb.webp,https://www.lapa.ninja/post/thetinypod/,Minimalist design showcasing a sleek product with a neutral color palette and clean layout.,,neutral gray,"[""#f0f0f0"", ""#ffffff"", ""#cccccc"", ""#999999""]",0.5
Lapa Ninja (Post),Cob,FOOD DRINKS,,,https://cdn.lapa.ninja/assets/images/1x/cobfoods-thumb.webp,https://www.lapa.ninja/post/cobfoods/,Casual food blog post with warm beige tones and a simple layout.,,warm beige,"[""#f5f5dc"", ""#d2b48c"", ""#fff8dc"", ""#deb887""]",0.5
Lapa Ninja (Post),Dogelon Mars,ILLUSTRATION,,,https://cdn.lapa.ninja/assets/images/1x/dogelonmars-thumb.webp,https://www.lapa.ninja/post/dogelonmars/,Playful crypto-themed layout with vibrant colors and whimsical illustrations.,,bright and playful,"[""#ffcc00"", ""#ff6699"", ""#66ccff"", ""#ffcc66""]",0.5
Lapa Ninja (Post),Quin,SAAS,,,https://cdn.lapa.ninja/assets/images/1x/heyquin-thumb.jpg,https://www.lapa.ninja/post/heyquin/,"Minimalist design with a soft color palette and spacious layout, emphasizing clarity.",,soft neutral,"[""#f0f0f0"", ""#ffffff"", ""#d9d9d9"", ""#bfbfbf""]",0.5
Lapa Ninja (Post),Strategyzer,ILLUSTRATION,,,https://cdn.lapa.ninja/assets/images/1x/strategyzer-thumb.webp,https://www.lapa.ninja/post/strategyzer/,Minimalist design with a neutral palette and clean layout emphasizing clarity.,,neutral gray,"[""#f0f0f0"", ""#cccccc"", ""#ffffff"", ""#000000""]",0.5
Lapa Ninja (Post),Ray Philly,REAL ESTATE,,,https://cdn.lapa.ninja/assets/images/1x/rayphilly-thumb.webp,https://www.lapa.ninja/post/rayphilly/,Modern real estate showcase with a neutral palette and clean layout.,,neutral tones,"[""#f0f0f0"", ""#cccccc"", ""#ffffff"", ""#000000""]",0.5
Lapa Ninja (Post),Populous,CORPORATE,,,https://cdn.lapa.ninja/assets/images/1x/populous-thumb.webp,https://www.lapa.ninja/post/populous/,"Corporate website with a neutral tone, featuring a clean layout and minimalistic design elements.",,neutral,"[""#ffffff"", ""#f0f0f0"", ""#000000"", ""#cccccc""]",0.5
Lapa Ninja (Post),GitBook,PRODUCTIVITY,,,https://cdn.lapa.ninja/assets/images/1x/gitbook-4-thumb.webp,https://www.lapa.ninja/post/gitbook-4/,Minimalist productivity tool with a clean layout and neutral color tones.,,neutral gray,"[""#f5f5f5"", ""#ffffff"", ""#e0e0e0"", ""#bdbdbd""]",0.5
Lapa Ninja (Post),Eun Jeong Yoo,PORTFOLIO,,,https://cdn.lapa.ninja/assets/images/1x/eunjeongyoo-3-thumb.webp,https://www.lapa.ninja/post/eunjeongyoo-3/,Minimalist portfolio showcasing a serene mood with a neutral color palette and clean layout.,,neutral tones,"[""#f0f0f0"", ""#ffffff"", ""#d9d9d9"", ""#bfbfbf""]",0.5
Lapa Ninja (Post),Benjamin Hutter,PORTFOLIO,,,https://cdn.lapa.ninja/assets/images/1x/benjaminhutter-thumb.webp,https://www.lapa.ninja/post/benjaminhutter/,Minimalist portfolio site with a neutral tone and clean layout emphasizing imagery.,,neutral,"[""#ffffff"", ""#f0f0f0"", ""#000000"", ""#cccccc""]",0.5
Lapa Ninja (Post),Harvard University,EDUCATION,,,https://cdn.lapa.ninja/assets/images/1x/harvard-thumb.webp,https://www.lapa.ninja/post/harvard/,Academic website with a classic layout and a sophisticated color tone.,,neutral tones,"[""#A50034"", ""#F7F7F7"", ""#BEBEBE"", ""#C0C0C0""]",0.5
Lapa Ninja (Post),ARTXCODE,WEB3,,,https://cdn.lapa.ninja/assets/images/1x/artxcode-thumb.webp,https://www.lapa.ninja/post/artxcode/,Modern web3 showcase with a sleek layout and a vibrant color scheme.,,vibrant,"[""#ffffff"", ""#000000"", ""#ff5733"", ""#33c1ff""]",0.5
Lapa Ninja (Post),Morphic,DESIGN TOOLS,,,https://cdn.lapa.ninja/assets/images/1x/morphic-thumb.webp,https://www.lapa.ninja/post/morphic/,Minimalist design showcasing a serene layout with a soft color palette and clean lines.,,soft neutral,"[""#f0f0f0"", ""#ffffff"", ""#e0e0e0"", ""#d0d0d0""]",0.5
Lapa Ninja (Post),Kinfolk,MAGAZINE,,,https://cdn.lapa.ninja/assets/images/1x/kinfolk-thumb.webp,https://www.lapa.ninja/post/kinfolk/,Minimalist magazine layout with a serene mood and neutral tones.,,neutral tones,"[""#ffffff"", ""#f0f0f0"", ""#d9d9d9"", ""#bfbfbf""]",0.5
Lapa Ninja (Post),Pursuit,APP,,,https://cdn.lapa.ninja/assets/images/1x/pursuit-thumb.webp,https://www.lapa.ninja/post/pursuit/,Dynamic layout with a vibrant color scheme and engaging visual elements.,,vibrant,"[""#ff5733"", ""#33c1ff"", ""#ff33a1"", ""#33ff57""]",0.5
Lapa Ninja (Post),Fonts Ninja,TYPOGRAPHY,,,https://cdn.lapa.ninja/assets/images/1x/fonts-ninja-2-thumb.webp,https://www.lapa.ninja/post/fonts-ninja-2/,Minimalist typography showcase with a neutral palette and clean layout.,,neutral gray,"[""#f0f0f0"", ""#cccccc"", ""#333333"", ""#ffffff""]",0.5
Lapa Ninja (Post),Wimp,FOOD DRINKS,,,https://cdn.lapa.ninja/assets/images/1x/wimpdecaf-thumb.webp,https://www.lapa.ninja/post/wimpdecaf/,"Minimalist layout with a warm beige tone, featuring a simple image and clean typography.",,warm beige,"[""#f5f5dc"", ""#dcdcdc"", ""#ffffff"", ""#000000""]",0.5
Lapa Ninja (Post),Uxkosta,PORTFOLIO,,,https://cdn.lapa.ninja/assets/images/1x/uxkosta-thumb.webp,https://www.lapa.ninja/post/uxkosta/,Minimalist portfolio site with a neutral tone and clean layout emphasizing visuals.,,neutral,"[""#ffffff"", ""#f0f0f0"", ""#000000"", ""#cccccc""]",0.5
Lapa Ninja (Post),STUDIO,DESIGN TOOLS,,,https://cdn.lapa.ninja/assets/images/1x/studio-design-4-thumb.webp,https://www.lapa.ninja/post/studio-design-4/,Minimalist design showcase with a neutral palette and clean layout emphasizing simplicity.,,neutral,"[""#ffffff"", ""#f0f0f0"", ""#e0e0e0"", ""#d0d0d0""]",0.5
Lapa Ninja (Post),makemeplay,STUDIO,,,https://cdn.lapa.ninja/assets/images/1x/makemepulse-3-thumb.webp,https://www.lapa.ninja/post/makemepulse-3/,Playful design with a vibrant color palette and a dynamic layout emphasizing creativity.,,bright and playful,"[""#ff6f61"", ""#6b5b95"", ""#88b04b"", ""#f7cac9""]",0.5
Lapa Ninja (Post),Little Troop,STUDIO,,,https://cdn.lapa.ninja/assets/images/1x/littletroop-thumb.webp,https://www.lapa.ninja/post/littletroop/,Playful design showcasing a vibrant color palette and whimsical layout elements.,,bright and playful,"[""#ffcc00"", ""#ff6699"", ""#66ccff"", ""#ffccff""]",0.5
Lapa Ninja (Post),DePoly,CORPORATE,,,https://cdn.lapa.ninja/assets/images/1x/depoly-thumb.webp,https://www.lapa.ninja/post/depoly/,"Minimalist design with a neutral tone, featuring a clean layout and subtle visual elements.",,neutral,"[""#ffffff"", ""#f0f0f0"", ""#e0e0e0"", ""#d0d0d0""]",0.5
Lapa Ninja (Post),Artboard Studio,DESIGN TOOLS,,,https://cdn.lapa.ninja/assets/images/1x/artboard-studio-3-thumb.webp,https://www.lapa.ninja/post/artboard-studio-3/,Minimalist design tool showcase with a clean layout and neutral tones.,,neutral,"[""#ffffff"", ""#f0f0f0"", ""#e0e0e0"", ""#d0d0d0""]",0.5
Lapa Ninja (Post),Alex Hunting,AGENCY,,,https://cdn.lapa.ninja/assets/images/1x/alexhunting-thumb.webp,https://www.lapa.ninja/post/alexhunting/,"Minimalist design with a neutral tone, featuring a clean layout and subtle imagery.",,neutral,"[""#ffffff"", ""#f0f0f0"", ""#e0e0e0"", ""#cccccc""]",0.5
Lapa Ninja (Post),Summa Equity,ILLUSTRATION,,,https://cdn.lapa.ninja/assets/images/1x/summaequity-thumb.webp,https://www.lapa.ninja/post/summaequity/,"Professional investment site with a clean layout and muted tones, emphasizing trust and stability.",,neutral tones,"[""#f0f0f0"", ""#cccccc"", ""#333333"", ""#ffffff""]",0.5
Lapa Ninja (Post),Cristina Gómez,PORTFOLIO,,,https://cdn.lapa.ninja/assets/images/1x/cristinagomezruiz-thumb.webp,https://www.lapa.ninja/post/cristinagomezruiz/,Minimalist portfolio showcasing Cristina Gómez with a clean layout and neutral tones.,,neutral tones,"[""#ffffff"", ""#f0f0f0"", ""#d9d9d9"", ""#cccccc""]",0.5
Lapa Ninja (Post),+13322566869,PORTFOLIO,,,https://cdn.lapa.ninja/assets/images/1x/13322566869-thumb.webp,https://www.lapa.ninja/post/13322566869/,Minimalist portfolio showcase with a neutral tone and clean layout.,,neutral,"[""#ffffff"", ""#f0f0f0"", ""#000000"", ""#cccccc""]",0.5
Lapa Ninja (Post),Decathland,ILLUSTRATION,,,https://cdn.lapa.ninja/assets/images/1x/decathland-thumb.webp,https://www.lapa.ninja/post/decathland/,Playful illustration site with vibrant colors and a whimsical layout.,,bright and playful,"[""#ffcc00"", ""#ff6699"", ""#66ccff"", ""#ff3366""]",0.5
Lapa Ninja (Post),unplain,BEAUTY,,,https://cdn.lapa.ninja/assets/images/1x/unplainofficial-thumb.webp,https://www.lapa.ninja/post/unplainofficial/,Minimalist design with a neutral palette and spacious layout emphasizing simplicity.,,neutral tones,"[""#f0f0f0"", ""#d9d9d9"", ""#ffffff"", ""#cccccc""]",0.5
Lapa Ninja (Post),Made Crate,ECOMMERCE,,,https://cdn.lapa.ninja/assets/images/1x/madecrate-thumb.webp,https://www.lapa.ninja/post/madecrate/,Minimalist eCommerce site with a neutral palette and clean layout.,,neutral tones,"[""#f5f5f5"", ""#ffffff"", ""#cccccc"", ""#333333""]",0.5
Lapa Ninja (Post),Alipo,ECOMMERCE,,,https://cdn.lapa.ninja/assets/images/1x/alipo-thumb.webp,https://www.lapa.ninja/post/alipo/,Minimalist eCommerce layout with a neutral tone and clean design elements.,,neutral,"[""#f0f0f0"", ""#ffffff"", ""#000000"", ""#cccccc""]",0.5
Lapa Ninja (Post),ENS Domains,WEB3,,,https://cdn.lapa.ninja/assets/images/1x/ens-domains-thumb.webp,https://www.lapa.ninja/post/ens-domains/,"Minimalist web3 post with a neutral tone and clean layout, focusing on ENS domains.",,neutral,"[""#ffffff"", ""#f0f0f0"", ""#000000"", ""#0070f3""]",0.5
Lapa Ninja (Post),Ethos Network,BLOCKCHAIN,,,https://cdn.lapa.ninja/assets/images/1x/ethos-network-thumb.webp,https://www.lapa.ninja/post/ethos-network/,Modern blockchain interface with a sleek layout and cool color tones.,,cool gray,"[""#f0f0f0"", ""#d9d9d9"", ""#ffffff"", ""#000000""]",0.5
Lapa Ninja (Post),Yuna,ILLUSTRATION,,,https://cdn.lapa.ninja/assets/images/1x/yunastories-thumb.webp,https://www.lapa.ninja/post/yunastories/,Whimsical illustration site with soft tones and a playful layout.,,soft pastel,"[""#f0e5d8"", ""#d9c6c1"", ""#b3a6a1"", ""#e5c9d3""]",0.5
Lapa Ninja (Post),Studio Size,STUDIO,,,https://cdn.lapa.ninja/assets/images/1x/studio-size-thumb.webp,https://www.lapa.ninja/post/studio-size/,Minimalist studio showcase with neutral tones and a clean layout emphasizing space.,,neutral,"[""#ffffff"", ""#f0f0f0"", ""#d9d9d9"", ""#cccccc""]",0.5
Lapa Ninja (Post),Den.Cool,STUDIO,,,https://cdn.lapa.ninja/assets/images/1x/den-cool-thumb.webp,https://www.lapa.ninja/post/den-cool/,Modern design showcase with a neutral palette and minimalistic layout.,,neutral tones,"[""#f0f0f0"", ""#ffffff"", ""#d9d9d9"", ""#bfbfbf""]",0.5
Lapa Ninja (Post),LFG,BLOCKCHAIN,,,https://cdn.lapa.ninja/assets/images/1x/lfg-cash-thumb.webp,https://www.lapa.ninja/post/lfg-cash/,"Minimalist layout with a neutral tone, featuring a clean design and subtle visual elements.",,neutral gray,"[""#f0f0f0"", ""#ffffff"", ""#cccccc"", ""#999999""]",0.5
Lapa Ninja (Post),Sugar,HEALTH FITNESS,,,https://cdn.lapa.ninja/assets/images/1x/sugar-thumb.webp,https://www.lapa.ninja/post/sugar/,Energetic health post with a vibrant palette and dynamic layout.,,bright and lively,"[""#ffcc00"", ""#ff6600"", ""#ff3300"", ""#ffffff""]",0.5
Lapa Ninja (Post),Todoist,PRODUCTIVITY,,,https://cdn.lapa.ninja/assets/images/1x/todoist-5-thumb.webp,https://www.lapa.ninja/post/todoist-5/,Productivity-focused layout with a clean design and a vibrant color scheme.,,bright and energetic,"[""#ff4b4b"", ""#ffffff"", ""#f0f0f0"", ""#000000""]",0.5
Lapa Ninja (Post),Jose Ocando,PORTFOLIO,,,https://cdn.lapa.ninja/assets/images/1x/joseocando-thumb.webp,https://www.lapa.ninja/post/joseocando/,Minimalist portfolio showcasing a clean layout with a neutral color tone.,,neutral,"[""#ffffff"", ""#f0f0f0"", ""#000000"", ""#cccccc""]",0.5
Lapa Ninja (Post),Accordion,AGENCY,,,https://cdn.lapa.ninja/assets/images/1x/accordion-thumb.webp,https://www.lapa.ninja/post/accordion/,Minimalist accordion layout with a neutral tone and clean design elements.,,neutral,"[""#ffffff"", ""#f0f0f0"", ""#e0e0e0"", ""#cccccc""]",0.5
Lapa Ninja (Post),Alastair Strong Studio,STUDIO,,,https://cdn.lapa.ninja/assets/images/1x/alastairstrong-thumb.webp,https://www.lapa.ninja/post/alastairstrong/,Minimalist studio website with a neutral palette and clean layout emphasizing imagery.,,neutral tones,"[""#ffffff"", ""#f0f0f0"", ""#000000"", ""#cccccc""]",0.5
Lapa Ninja (Post),FEASTIE,EVENT,,,https://cdn.lapa.ninja/assets/images/1x/feastie-thumb.webp,https://www.lapa.ninja/post/feastie/,"Inviting food platform with warm tones and a clean, minimal layout.",,warm beige,"[""#f5f5dc"", ""#d2b48c"", ""#fff8dc"", ""#ffe4b5""]",0.5
Lapa Ninja (Post),Matrix,VENTURES,,,https://cdn.lapa.ninja/assets/images/1x/matrix-thumb.webp,https://www.lapa.ninja/post/matrix/,"Futuristic design with a dark palette and grid layout, emphasizing technology.",,dark gray,"[""#000000"", ""#1a1a1a"", ""#333333"", ""#ffffff""]",0.5
Lapa Ninja (Post),Lithic,SAAS,,,https://cdn.lapa.ninja/assets/images/1x/lithic-2-thumb.webp,https://www.lapa.ninja/post/lithic-2/,Minimalist design with earthy tones and a clean layout emphasizing simplicity.,,earthy tones,"[""#d9c9b6"", ""#a8a39d"", ""#f5f5f5"", ""#4b3c31""]",0.5
Lapa Ninja (Post),Oddit,AGENCY,,,https://cdn.lapa.ninja/assets/images/1x/oddit-thumb.webp,https://www.lapa.ninja/post/oddit/,"Minimalist design with a neutral palette and spacious layout, emphasizing simplicity.",,neutral tones,"[""#f0f0f0"", ""#ffffff"", ""#cccccc"", ""#999999""]",0.5
Lapa Ninja (Post),Linda Ikechukwu,PORTFOLIO,,,https://cdn.lapa.ninja/assets/images/1x/lindaikechukwu-thumb.webp,https://www.lapa.ninja/post/lindaikechukwu/,Minimalist portfolio layout with a neutral tone and clean design elements.,,neutral,"[""#ffffff"", ""#f0f0f0"", ""#000000"", ""#cccccc""]",0.5
Lapa Ninja (Post),Tinyman,TECHNOLOGY,,,https://cdn.lapa.ninja/assets/images/1x/tinyman-thumb.webp,https://www.lapa.ninja/post/tinyman/,"Minimalist design with a neutral tone and clean layout, emphasizing simplicity.",,neutral gray,"[""#f0f0f0"", ""#ffffff"", ""#cccccc"", ""#999999""]",0.5
Lapa Ninja (Post),Drex,PORTFOLIO,,,https://cdn.lapa.ninja/assets/images/1x/drex-thumb.webp,https://www.lapa.ninja/post/drex/,Minimalist portfolio layout with a neutral tone and clean design elements.,,neutral,"[""#ffffff"", ""#f0f0f0"", ""#000000"", ""#cccccc""]",0.5
Lapa Ninja (Post),Thibaut Crépelle,PORTFOLIO,,,https://cdn.lapa.ninja/assets/images/1x/thibaut-thumb.webp,https://www.lapa.ninja/post/thibaut/,Minimalist portfolio showcasing a serene aesthetic with a neutral color tone.,,neutral,"[""#ffffff"", ""#f0f0f0"", ""#d9d9d9"", ""#bfbfbf""]",0.5
Lapa Ninja (Post),Anyways,AGENCY,,,https://cdn.lapa.ninja/assets/images/1x/anyways-thumb.webp,https://www.lapa.ninja/post/anyways/,"Minimalist layout with a serene mood, featuring a soft color palette and clean typography.",,soft neutral,"[""#f0f0f0"", ""#ffffff"", ""#d9d9d9"", ""#bfbfbf""]",0.5
Lapa Ninja (Post),Litebox,AGENCY,,,https://cdn.lapa.ninja/assets/images/1x/litebox-thumb.webp,https://www.lapa.ninja/post/litebox/,"Minimalist layout with a serene mood, featuring a soft color palette and clean lines.",,soft neutral,"[""#f0f0f0"", ""#ffffff"", ""#d9d9d9"", ""#cccccc""]",0.5
Lapa Ninja (Post),STR8FIRE,WEB3,,,https://cdn.lapa.ninja/assets/images/1x/str8fire-thumb.webp,https://www.lapa.ninja/post/str8fire/,Dynamic web3 showcase with vibrant tones and a bold layout.,,vibrant,"[""#ff5733"", ""#33c1ff"", ""#f1c40f"", ""#8e44ad""]",0.5
Lapa Ninja (Post),Zero Studios,AGENCY,,,https://cdn.lapa.ninja/assets/images/1x/zero-2-thumb.webp,https://www.lapa.ninja/post/zero-2/,"Modern studio showcase with a neutral palette and clean, spacious layout.",,neutral tones,"[""#f0f0f0"", ""#cccccc"", ""#ffffff"", ""#000000""]",0.5
Lapa Ninja (Post),Due,FINTECH,,,https://cdn.lapa.ninja/assets/images/1x/opendue-thumb.webp,https://www.lapa.ninja/post/opendue/,Minimalist fintech post with a neutral tone and clean layout.,,neutral gray,"[""#f0f0f0"", ""#ffffff"", ""#cccccc"", ""#999999""]",0.5
Lapa Ninja (Post),Bike Time,ECOMMERCE,,,https://cdn.lapa.ninja/assets/images/1x/bike-time-thumb.webp,https://www.lapa.ninja/post/bike-time/,Dynamic e-commerce layout with a vibrant color scheme and engaging visuals.,,bright and energetic,"[""#ff5733"", ""#33c1ff"", ""#ffc300"", ""#c70039""]",0.5
Lapa Ninja (Post),Underline Colorado Springs,ILLUSTRATION,,,https://cdn.lapa.ninja/assets/images/1x/underline-thumb.webp,https://www.lapa.ninja/post/underline/,Playful illustration site with vibrant colors and a whimsical layout.,,bright and playful,"[""#ffcc00"", ""#ff6699"", ""#66ccff"", ""#ff3366""]",0.5
Lapa Ninja (Post),Guts Agency,AGENCY,,,https://cdn.lapa.ninja/assets/images/1x/guts-thumb.webp,https://www.lapa.ninja/post/guts/,"Modern agency showcase with a vibrant color palette and clean, minimal layout.",,bright and energetic,"[""#ff6f61"", ""#6b5b95"", ""#88b04b"", ""#f7cac9""]",0.5
Lapa Ninja (Post),tbh,CORPORATE,,,https://cdn.lapa.ninja/assets/images/1x/tbh-thumb.webp,https://www.lapa.ninja/post/tbh/,"Minimalist layout with a neutral tone, featuring a clean design and subtle visual elements.",,neutral,"[""#ffffff"", ""#f0f0f0"", ""#000000"", ""#cccccc""]",0.5
Lapa Ninja (Post),Little Plains,STUDIO,,,https://cdn.lapa.ninja/assets/images/1x/littleplains-thumb.webp,https://www.lapa.ninja/post/littleplains/,Serene design showcasing soft tones with a minimal layout and natural elements.,,soft neutral,"[""#f0e5d8"", ""#d9cfc4"", ""#b7a99a"", ""#a89f8d""]",0.5
Lapa Ninja (Post),BYPG,CORPORATE,,,https://cdn.lapa.ninja/assets/images/1x/bypg-thumb.webp,https://www.lapa.ninja/post/bypg/,"Corporate website with a clean layout, featuring a muted color palette and minimalistic design elements.",,neutral tones,"[""#f0f0f0"", ""#cccccc"", ""#ffffff"", ""#000000""]",0.5
Lapa Ninja (Post),The Modern Dentist,HEALTH FITNESS,,,https://cdn.lapa.ninja/assets/images/1x/themoderndentist-thumb.webp,https://www.lapa.ninja/post/themoderndentist/,Contemporary dental site with a clean layout and neutral tones for a professional feel.,,neutral tones,"[""#ffffff"", ""#f0f0f0"", ""#d9d9d9"", ""#b0b0b0""]",0.5
Lapa Ninja (Post),SĀDH,FASHION,,,https://cdn.lapa.ninja/assets/images/1x/sadh-thumb.webp,https://www.lapa.ninja/post/sadh/,Minimalist fashion post with a neutral palette and clean layout emphasizing imagery.,,neutral tones,"[""#f5f5f5"", ""#dcdcdc"", ""#ffffff"", ""#000000""]",0.5
Lapa Ninja (Post),Tricky Knot,CORPORATE,,,https://cdn.lapa.ninja/assets/images/1x/trickyknot-thumb.webp,https://www.lapa.ninja/post/trickyknot/,"Minimalist design with a neutral palette and a clean, spacious layout.",,neutral tones,"[""#ffffff"", ""#f0f0f0"", ""#d9d9d9"", ""#bfbfbf""]",0.5
Lapa Ninja (Post),Fasset,APP,,,https://cdn.lapa.ninja/assets/images/1x/fasset-thumb.webp,https://www.lapa.ninja/post/fasset/,"Minimalist design with a neutral tone, featuring a clean layout and subtle visual elements.",,neutral gray,"[""#f0f0f0"", ""#cccccc"", ""#ffffff"", ""#000000""]",0.5
Lapa Ninja (Post),Krepling,SAAS,,,https://cdn.lapa.ninja/assets/images/1x/krepling-thumb.webp,https://www.lapa.ninja/post/krepling/,Minimalist SaaS interface with a clean layout and neutral color tones.,,neutral gray,"[""#f0f0f0"", ""#ffffff"", ""#cccccc"", ""#333333""]",0.5
Lapa Ninja (Post),DES,COURSE,,,https://cdn.lapa.ninja/assets/images/1x/des-by-obys-thumb.webp,https://www.lapa.ninja/post/des-by-obys/,Minimalist design showcase with a neutral palette and clean layout.,,neutral tones,"[""#ffffff"", ""#f0f0f0"", ""#d9d9d9"", ""#000000""]",0.5
Lapa Ninja (Post),Bihua,STUDIO,,,https://cdn.lapa.ninja/assets/images/1x/bihua-thumb.webp,https://www.lapa.ninja/post/bihua/,Minimalist design showcasing a serene mood with a soft color palette and spacious layout.,,soft neutral,"[""#f0f0f0"", ""#d9d9d9"", ""#ffffff"", ""#cccccc""]",0.5
Lapa Ninja (Post),Léonard Oliviéro,PHOTOGRAPHY,,,https://cdn.lapa.ninja/assets/images/1x/leonardoliviero-thumb.webp,https://www.lapa.ninja/post/leonardoliviero/,Minimalist photography showcase with a neutral tone and clean layout.,,neutral,"[""#ffffff"", ""#000000"", ""#cccccc"", ""#f0f0f0""]",0.5
Lapa Ninja (Post),Superhuman,MAIL,,,https://cdn.lapa.ninja/assets/images/1x/superhuman-thumb.webp,https://www.lapa.ninja/post/superhuman/,"Minimalist layout with a sleek, modern vibe and a focus on productivity.",,neutral tones,"[""#ffffff"", ""#f0f0f0"", ""#000000"", ""#007aff""]",0.5
Lapa Ninja (Post),Revenant,STUDIO,,,https://cdn.lapa.ninja/assets/images/1x/revenant-thumb.webp,https://www.lapa.ninja/post/revenant/,Mysterious design with dark tones and a minimalist layout emphasizing visual storytelling.,,dark and moody,"[""#000000"", ""#333333"", ""#666666"", ""#ffffff""]",0.5
Lapa Ninja (Post),Figma,DESIGN TOOLS,,,https://cdn.lapa.ninja/assets/images/1x/figma-5-thumb.webp,https://www.lapa.ninja/post/figma-5/,Minimalist design tool showcase with a clean layout and neutral tones.,,neutral gray,"[""#f0f0f0"", ""#ffffff"", ""#cccccc"", ""#333333""]",0.5
Lapa Ninja (Post),CargoKite,BUSINESS,,,https://cdn.lapa.ninja/assets/images/1x/cargokite-thumb.webp,https://www.lapa.ninja/post/cargokite/,Innovative logistics site with a clean layout and a neutral color tone.,,neutral gray,"[""#f0f0f0"", ""#cccccc"", ""#333333"", ""#ffffff""]",0.5
Lapa Ninja (Post),Kanak,ECOMMERCE,,,https://cdn.lapa.ninja/assets/images/1x/kanaknaturals-thumb.webp,https://www.lapa.ninja/post/kanaknaturals/,"Natural wellness site with earthy tones and a clean, minimal layout.",,earthy green,"[""#a8d5ba"", ""#f0f4f8"", ""#ffffff"", ""#d9e4d8""]",0.5
Lapa Ninja (Post),Mercury,FINTECH,,,https://cdn.lapa.ninja/assets/images/1x/mercury-thumb.webp,https://www.lapa.ninja/post/mercury/,Minimalist fintech post with a clean layout and neutral tones.,,neutral gray,"[""#f0f0f0"", ""#ffffff"", ""#cccccc"", ""#999999""]",0.5
Lapa Ninja (Post),Babes by Petra Voice,NFT,,,https://cdn.lapa.ninja/assets/images/1x/babes-thumb.webp,https://www.lapa.ninja/post/babes/,Playful NFT showcase with vibrant tones and a dynamic layout featuring bold imagery.,,vibrant tones,"[""#ff6f61"", ""#6b5b95"", ""#88b04b"", ""#f7cac9""]",0.5
Lapa Ninja (Post),Sonar,STUDIO,,,https://cdn.lapa.ninja/assets/images/1x/sonarmusic-thumb.webp,https://www.lapa.ninja/post/sonarmusic/,Energetic music site with vibrant colors and a dynamic layout.,,vibrant,"[""#ff5733"", ""#33c1ff"", ""#ff33a1"", ""#f3ff33""]",0.5
Lapa Ninja (Post),METALWORKS,ECOMMERCE,,,https://cdn.lapa.ninja/assets/images/1x/metalworks-thumb.webp,https://www.lapa.ninja/post/metalworks/,"Industrial-themed layout with a dark palette and metallic accents, evoking strength and durability.",,dark gray,"[""#333333"", ""#555555"", ""#777777"", ""#999999""]",0.5
Lapa Ninja (Post),Bored Cow,FOOD DRINKS,,,https://cdn.lapa.ninja/assets/images/1x/tryboredcow-thumb.webp,https://www.lapa.ninja/post/tryboredcow/,Casual food blog post with a warm beige palette and simple layout.,,warm beige,"[""#f5f5dc"", ""#d2b48c"", ""#fff8dc"", ""#deb887""]",0.5
Lapa Ninja (Post),Podscan.fm,SAAS,,,https://cdn.lapa.ninja/assets/images/1x/podscan-thumb.webp,https://www.lapa.ninja/post/podscan/,Minimalist audio platform with a clean layout and a neutral color tone.,,neutral gray,"[""#f0f0f0"", ""#ffffff"", ""#cccccc"", ""#333333""]",0.5
Lapa Ninja (Post),Clarisse Michard,PORTFOLIO,,,https://cdn.lapa.ninja/assets/images/1x/clarissemichard-thumb.webp,https://www.lapa.ninja/post/clarissemichard/,Minimalist portfolio showcasing a serene mood with a neutral color palette and clean layout.,,neutral tones,"[""#f0f0f0"", ""#ffffff"", ""#cccccc"", ""#999999""]",0.5
Lapa Ninja (Post),XOTC,FINTECH,,,https://cdn.lapa.ninja/assets/images/1x/xotc-thumb.webp,https://www.lapa.ninja/post/xotc/,Minimalist fintech design with a neutral tone and clean layout.,,neutral,"[""#ffffff"", ""#f0f0f0"", ""#e0e0e0"", ""#cccccc""]",0.5
Lapa Ninja (Post),Zenith VC,VENTURES,,,https://cdn.lapa.ninja/assets/images/1x/zenithvc-thumb.webp,https://www.lapa.ninja/post/zenithvc/,Modern venture capital site with a sleek layout and neutral tones.,,neutral gray,"[""#f0f0f0"", ""#ffffff"", ""#000000"", ""#cccccc""]",0.5
Lapa Ninja (Post),Planpoint,SAAS,,,https://cdn.lapa.ninja/assets/images/1x/planpoint-thumb.webp,https://www.lapa.ninja/post/planpoint/,Minimalist SaaS interface with a clean layout and neutral color tones.,,neutral gray,"[""#f0f0f0"", ""#ffffff"", ""#cccccc"", ""#333333""]",0.5
Lapa Ninja (Post),Planhat,SAAS,,,https://cdn.lapa.ninja/assets/images/1x/planhat-thumb.webp,https://www.lapa.ninja/post/planhat/,Professional SaaS interface with a clean layout and a muted color palette.,,neutral tones,"[""#f0f4f8"", ""#ffffff"", ""#e0e0e0"", ""#c0c0c0""]",0.5
Lapa Ninja (Post),Workflow,PRODUCTIVITY,,,https://cdn.lapa.ninja/assets/images/1x/workflow-thumb.webp,https://www.lapa.ninja/post/workflow/,Organized workflow post with a clean layout and neutral tones for clarity.,,neutral gray,"[""#f0f0f0"", ""#ffffff"", ""#cccccc"", ""#333333""]",0.5
Lapa Ninja (Post),PILOT.REPUBLIK,CORPORATE,,,https://cdn.lapa.ninja/assets/images/1x/pilot-republic-thumb.webp,https://www.lapa.ninja/post/pilot-republic/,"Corporate site with a neutral tone, featuring a clean layout and minimalistic design elements.",,neutral gray,"[""#f0f0f0"", ""#cccccc"", ""#ffffff"", ""#000000""]",0.5
Lapa Ninja (Post),Axis,FINANCE,,,https://cdn.lapa.ninja/assets/images/1x/axis-thumb.webp,https://www.lapa.ninja/post/axis/,"Minimalist finance site with a clean layout and neutral tones, emphasizing clarity.",,neutral tones,"[""#ffffff"", ""#f0f0f0"", ""#e0e0e0"", ""#cccccc""]",0.5
Lapa Ninja (Post),Acctual,SAAS,,,https://cdn.lapa.ninja/assets/images/1x/acctual-thumb.webp,https://www.lapa.ninja/post/acctual/,Minimalist SaaS interface with a clean layout and neutral tones.,,neutral,"[""#f0f0f0"", ""#ffffff"", ""#cccccc"", ""#333333""]",0.5
Lapa Ninja (Post),Just Salad,FOOD DRINKS,,,https://cdn.lapa.ninja/assets/images/1x/justsalad-thumb.webp,https://www.lapa.ninja/post/justsalad/,Fresh and vibrant food post with a lively green palette and clean layout.,,vibrant green,"[""#4caf50"", ""#a5d6a7"", ""#ffffff"", ""#f0f4c3""]",0.5
Lapa Ninja (Post),ANAI,BUSINESS,,,https://cdn.lapa.ninja/assets/images/1x/anaiwood-thumb.webp,https://www.lapa.ninja/post/anaiwood/,"Minimalist design with a warm beige palette and a clean, spacious layout.",,warm beige,"[""#f5f5dc"", ""#dcdcdc"", ""#ffffff"", ""#a52a2a""]",0.5
Lapa Ninja (Post),Contra,FREELANCE,,,https://cdn.lapa.ninja/assets/images/1x/contra-4-thumb.webp,https://www.lapa.ninja/post/contra-4/,"Minimalist design with a neutral tone and clean layout, emphasizing simplicity.",,neutral,"[""#ffffff"", ""#f0f0f0"", ""#d9d9d9"", ""#bfbfbf""]",0.5
Lapa Ninja (Post),Uizard,DESIGN TOOLS,,,https://cdn.lapa.ninja/assets/images/1x/uizard-2-thumb.webp,https://www.lapa.ninja/post/uizard-2/,Minimalist design tool showcase with a clean layout and soft color tones.,,soft neutral,"[""#f0f0f0"", ""#ffffff"", ""#e0e0e0"", ""#d0d0d0""]",0.5
Lapa Ninja (Post),Okay Dev,SOCIAL MEDIA,,,https://cdn.lapa.ninja/assets/images/1x/okaydev-thumb.webp,https://www.lapa.ninja/post/okaydev/,Minimalist design with a neutral palette and a clean layout emphasizing content.,,neutral gray,"[""#f0f0f0"", ""#ffffff"", ""#000000"", ""#cccccc""]",0.5
Lapa Ninja (Post),FOLLOW,STUDIO,,,https://cdn.lapa.ninja/assets/images/1x/followarchitecture-thumb.webp,https://www.lapa.ninja/post/followarchitecture/,Minimalist architecture showcase with a neutral palette and clean layout.,,neutral tones,"[""#ffffff"", ""#f0f0f0"", ""#d9d9d9"", ""#bfbfbf""]",0.5
Lapa Ninja (Post),Flow,STUDIO,,,https://cdn.lapa.ninja/assets/images/1x/justgowiththeflow-thumb.webp,https://www.lapa.ninja/post/justgowiththeflow/,Serene design showcasing a fluid layout with a soft color palette and minimalistic elements.,,soft neutral,"[""#f0f0f0"", ""#d9d9d9"", ""#ffffff"", ""#cccccc""]",0.5
Lapa Ninja (Post),Feast Studio,STUDIO,,,https://cdn.lapa.ninja/assets/images/1x/feast-thumb.webp,https://www.lapa.ninja/post/feast/,Minimalist studio showcase with warm beige tones and a clean layout.,,warm beige,"[""#f5f5dc"", ""#dcdcdc"", ""#ffffff"", ""#e0e0e0""]",0.5
Lapa Ninja (Post),QuadroDesign,HOME LIVING,,,https://cdn.lapa.ninja/assets/images/1x/quadrodesign-thumb.webp,https://www.lapa.ninja/post/quadrodesign/,Modern home living showcase with a neutral palette and clean layout emphasizing design elements.,,neutral tones,"[""#f5f5f5"", ""#cccccc"", ""#ffffff"", ""#000000""]",0.5
Lapa Ninja (Post),Nike Winter ‘24,FASHION,,,https://cdn.lapa.ninja/assets/images/1x/nikewinter24-thumb.webp,https://www.lapa.ninja/post/nikewinter24/,Sporty winter collection with a cool tone and minimalistic layout emphasizing performance.,,cool gray,"[""#a0a0a0"", ""#ffffff"", ""#000000"", ""#f0f0f0""]",0.5
Lapa Ninja (Post),Fly,SAAS,,,https://cdn.lapa.ninja/assets/images/1x/fly-2-thumb.webp,https://www.lapa.ninja/post/fly-2/,"Minimalist layout with a serene mood, featuring a soft color palette and clean design elements.",,soft neutral,"[""#f0f0f0"", ""#ffffff"", ""#e0e0e0"", ""#d0d0d0""]",0.5
Lapa Ninja (Post),Paper + Land,ECOMMERCE,,,https://cdn.lapa.ninja/assets/images/1x/paperandland-thumb.webp,https://www.lapa.ninja/post/paperandland/,Minimalist e-commerce site with earthy tones and a clean layout emphasizing product imagery.,,earthy tones,"[""#d9c9b6"", ""#a8a49d"", ""#f4f1e6"", ""#b2a99c""]",0.5
Lapa Ninja (Post),Juxtapose,CORPORATE,,,https://cdn.lapa.ninja/assets/images/1x/juxtapose-thumb.webp,https://www.lapa.ninja/post/juxtapose/,"Minimalist design with a neutral palette and a clean, structured layout.",,neutral tones,"[""#f0f0f0"", ""#ffffff"", ""#cccccc"", ""#999999""]",0.5
Lapa Ninja (Post),ORBIT,ENTERTAINMENT,,,https://cdn.lapa.ninja/assets/images/1x/orbitaudiovisuals-thumb.webp,https://www.lapa.ninja/post/orbitaudiovisuals/,Dynamic audiovisual showcase with a vibrant color palette and engaging layout.,,vibrant,"[""#ff5733"", ""#33c1ff"", ""#ff33a1"", ""#33ff57""]",0.5
Lapa Ninja (Post),Allfeat,BLOCKCHAIN,,,https://cdn.lapa.ninja/assets/images/1x/allfeat-thumb.webp,https://www.lapa.ninja/post/allfeat/,"Minimalist layout with a neutral tone, featuring a clean design and subtle visual elements.",,neutral gray,"[""#f0f0f0"", ""#ffffff"", ""#cccccc"", ""#999999""]",0.5
Lapa Ninja (Post),Huly,SAAS,,,https://cdn.lapa.ninja/assets/images/1x/huly-thumb.webp,https://www.lapa.ninja/post/huly/,Minimalist SaaS landing page with a clean layout and neutral tones.,,neutral tones,"[""#f0f0f0"", ""#ffffff"", ""#cccccc"", ""#333333""]",0.5
Lapa Ninja (Post),Hatch,SAAS,,,https://cdn.lapa.ninja/assets/images/1x/hatch-fm-thumb.webp,https://www.lapa.ninja/post/hatch-fm/,Minimalist SaaS interface with a clean layout and soft color tones.,,soft neutral,"[""#f0f0f0"", ""#ffffff"", ""#e0e0e0"", ""#d0d0d0""]",0.5
Lapa Ninja (Post),Kevin Mao,PORTFOLIO,,,https://cdn.lapa.ninja/assets/images/1x/kmao-thumb.webp,https://www.lapa.ninja/post/kmao/,Minimalist portfolio showcasing a clean layout with a neutral color tone.,,neutral gray,"[""#ffffff"", ""#f0f0f0"", ""#000000"", ""#cccccc""]",0.5
Lapa Ninja (Post),Linear,SAAS,,,https://cdn.lapa.ninja/assets/images/1x/linear-4-thumb.webp,https://www.lapa.ninja/post/linear-4/,"Minimalist layout with a serene mood, featuring a soft color palette and clean lines.",,soft gray,"[""#f0f0f0"", ""#d9d9d9"", ""#ffffff"", ""#cccccc""]",0.5
Lapa Ninja (Post),Siddharth,PORTFOLIO,,,https://cdn.lapa.ninja/assets/images/1x/itsiddharth-thumb.webp,https://www.lapa.ninja/post/itsiddharth/,Minimalist portfolio layout with a neutral tone and clean design elements.,,neutral,"[""#ffffff"", ""#f0f0f0"", ""#000000"", ""#cccccc""]",0.5
Lapa Ninja (Post),Sebastiaan de With,PORTFOLIO,,,https://cdn.lapa.ninja/assets/images/1x/sdw-thumb.webp,https://www.lapa.ninja/post/sdw/,Minimalist portfolio showcasing a modern aesthetic with a neutral color palette.,,neutral tones,"[""#ffffff"", ""#f0f0f0"", ""#000000"", ""#cccccc""]",0.5
Lapa Ninja (Post),Refokus,AGENCY,,,https://cdn.lapa.ninja/assets/images/1x/refokus-thumb.webp,https://www.lapa.ninja/post/refokus/,"Minimalist design with a neutral palette and a clean, spacious layout.",,neutral tones,"[""#f5f5f5"", ""#e0e0e0"", ""#ffffff"", ""#cccccc""]",0.5
Lapa Ninja (Post),All You Can Design,PORTFOLIO,,,https://cdn.lapa.ninja/assets/images/1x/allyoucan-thumb.webp,https://www.lapa.ninja/post/allyoucan/,Minimalist design showcase with a clean layout and neutral tones.,,neutral,"[""#ffffff"", ""#f0f0f0"", ""#000000"", ""#cccccc""]",0.5
Lapa Ninja (Post),Liveblocks,SAAS,,,https://cdn.lapa.ninja/assets/images/1x/liveblocks-3-thumb.webp,https://www.lapa.ninja/post/liveblocks-3/,Modern SaaS interface with a clean layout and a neutral color tone.,,neutral gray,"[""#f0f0f0"", ""#ffffff"", ""#cccccc"", ""#333333""]",0.5
Lapa Ninja (Post),Decoding Bio,CORPORATE,,,https://cdn.lapa.ninja/assets/images/1x/decodingbio-thumb.webp,https://www.lapa.ninja/post/decodingbio/,"Corporate post with a neutral tone, featuring a clean layout and minimalistic design elements.",,neutral gray,"[""#f0f0f0"", ""#cccccc"", ""#ffffff"", ""#000000""]",0.5
Lapa Ninja (Post),Pirsch,SAAS,,,https://cdn.lapa.ninja/assets/images/1x/pirsch-2-thumb.webp,https://www.lapa.ninja/post/pirsch-2/,Minimalist SaaS interface with a neutral tone and clean layout.,,neutral gray,"[""#f0f0f0"", ""#ffffff"", ""#cccccc"", ""#333333""]",0.5
Lapa Ninja (Post),Charter Wallet,APP,,,https://cdn.lapa.ninja/assets/images/1x/charterlabs-thumb.webp,https://www.lapa.ninja/post/charterlabs/,Minimalist wallet design with a sleek layout and a neutral color tone.,,neutral gray,"[""#f0f0f0"", ""#cccccc"", ""#ffffff"", ""#000000""]",0.5
Lapa Ninja (Post),OpenServ,ARTIFICIAL INTELLIGENCE,,,https://cdn.lapa.ninja/assets/images/1x/openserv-thumb.webp,https://www.lapa.ninja/post/openserv/,Minimalist service platform with a clean layout and neutral tones.,,neutral gray,"[""#f0f0f0"", ""#ffffff"", ""#cccccc"", ""#333333""]",0.5
Lapa Ninja (Post),Impilo,HEALTH FITNESS,,,https://cdn.lapa.ninja/assets/images/1x/impilo-thumb.webp,https://www.lapa.ninja/post/impilo/,Energetic health-focused layout with a vibrant color scheme and engaging imagery.,,dynamic green,"[""#4caf50"", ""#ffffff"", ""#f0f0f0"", ""#e0e0e0""]",0.5
Lapa Ninja (Post),Colin & Samir,STUDIO,,,https://cdn.lapa.ninja/assets/images/1x/colinandsamir-thumb.webp,https://www.lapa.ninja/post/colinandsamir/,Casual and engaging layout with a warm beige palette and inviting imagery.,,warm beige,"[""#f5f5dc"", ""#dcdcdc"", ""#ffffff"", ""#000000""]",0.5
Lapa Ninja (Post),207ouest,ECOMMERCE,,,https://cdn.lapa.ninja/assets/images/1x/207ouest-thumb.webp,https://www.lapa.ninja/post/207ouest/,Minimalist eCommerce site with a neutral palette and clean layout emphasizing product imagery.,,neutral tones,"[""#f5f5f5"", ""#ffffff"", ""#000000"", ""#cccccc""]",0.5
Lapa Ninja (Post),Guy Morgan,BEAUTY,,,https://cdn.lapa.ninja/assets/images/1x/guy-morgan-thumb.webp,https://www.lapa.ninja/post/guy-morgan/,"Minimalist layout with a neutral tone, featuring a soft color palette and clean design elements.",,neutral,"[""#ffffff"", ""#f0f0f0"", ""#e0e0e0"", ""#d0d0d0""]",0.5
Lapa Ninja (Post),Apron,PRODUCTIVITY,,,https://cdn.lapa.ninja/assets/images/1x/getapron-thumb.webp,https://www.lapa.ninja/post/getapron/,Minimalist design with a warm beige tone and a simple layout focused on product presentation.,,warm beige,"[""#f5f5dc"", ""#d3c6a8"", ""#ffffff"", ""#e0e0e0""]",0.5
Lapa Ninja (Post),Luis Bizarro,PORTFOLIO,,,https://cdn.lapa.ninja/assets/images/1x/bizarro-thumb.webp,https://www.lapa.ninja/post/bizarro/,Minimalist portfolio showcasing a neutral palette with a clean layout and striking imagery.,,neutral,"[""#ffffff"", ""#000000"", ""#f0f0f0"", ""#cccccc""]",0.5
Lapa Ninja (Post),NYBG,OUTDOORS TRAVEL,,,https://cdn.lapa.ninja/assets/images/1x/nybg-thumb.webp,https://www.lapa.ninja/post/nybg/,Serene outdoor travel site with a natural palette and spacious layout.,,earthy green,"[""#4caf50"", ""#a5d6a7"", ""#ffffff"", ""#c8e6c9""]",0.5
Lapa Ninja (Post),SLOT,APP,,,https://cdn.lapa.ninja/assets/images/1x/slotapp-thumb.webp,https://www.lapa.ninja/post/slotapp/,Minimalist app showcase with a sleek layout and a neutral color tone.,,neutral gray,"[""#f0f0f0"", ""#ffffff"", ""#000000"", ""#cccccc""]",0.5
Lapa Ninja (Post),Victoria Heim,PORTFOLIO,,,https://cdn.lapa.ninja/assets/images/1x/victoriaheim-thumb.webp,https://www.lapa.ninja/post/victoriaheim/,Minimalist portfolio showcasing a serene mood with a clean layout and soft color tones.,,soft neutral,"[""#f0f0f0"", ""#ffffff"", ""#d9d9d9"", ""#bfbfbf""]",0.5
Lapa Ninja (Post),Glyphy,DESIGN TOOLS,,,https://cdn.lapa.ninja/assets/images/1x/glyphy-2-thumb.webp,https://www.lapa.ninja/post/glyphy-2/,Minimalist design tool showcase with a clean layout and neutral tones.,,neutral tones,"[""#ffffff"", ""#f0f0f0"", ""#e0e0e0"", ""#cccccc""]",0.5
Lapa Ninja (Post),Patch,SAAS,,,https://cdn.lapa.ninja/assets/images/1x/thepatchsystem-thumb.webp,https://www.lapa.ninja/post/thepatchsystem/,"Minimalist layout with a neutral tone, featuring a clean design and subtle visual elements.",,neutral gray,"[""#f0f0f0"", ""#cccccc"", ""#ffffff"", ""#000000""]",0.5
Lapa Ninja (Post),Stenger Bike,ECOMMERCE,,,https://cdn.lapa.ninja/assets/images/1x/stenger-bike-thumb.webp,https://www.lapa.ninja/post/stenger-bike/,Minimalist bike showcase with a sleek layout and neutral tones.,,neutral gray,"[""#ffffff"", ""#cccccc"", ""#333333"", ""#000000""]",0.5
Lapa Ninja (Post),Unfold,STUDIO,,,https://cdn.lapa.ninja/assets/images/1x/unfold-3-thumb.webp,https://www.lapa.ninja/post/unfold-3/,"Minimalist design with a serene mood, featuring a clean layout and soft color tones.",,soft neutral,"[""#f0f0f0"", ""#ffffff"", ""#d9d9d9"", ""#bfbfbf""]",0.5
Lapa Ninja (Post),Holograph,SAAS,,,https://cdn.lapa.ninja/assets/images/1x/holograph-thumb.webp,https://www.lapa.ninja/post/holograph/,"Futuristic design with a vibrant color scheme and a clean, minimal layout.",,vibrant,"[""#ff007f"", ""#00ffcc"", ""#ffffff"", ""#000000""]",0.5
Lapa Ninja (Post),Huy Nguyen,PORTFOLIO,,,https://cdn.lapa.ninja/assets/images/1x/huyng-thumb.webp,https://www.lapa.ninja/post/huyng/,Minimalist portfolio showcasing a serene mood with a neutral color palette and clean layout.,,neutral,"[""#ffffff"", ""#f0f0f0"", ""#000000"", ""#cccccc""]",0.5
Lapa Ninja (Post),Amina Muaddi,FASHION,,,https://cdn.lapa.ninja/assets/images/1x/aminamuaddi-thumb.webp,https://www.lapa.ninja/post/aminamuaddi/,Chic fashion post featuring a warm beige palette and elegant layout.,,warm beige,"[""#f5f5dc"", ""#d2b48c"", ""#fff8dc"", ""#e0cda9""]",0.5
Lapa Ninja (Post),Buy Me a Coffee,SAAS,,,https://cdn.lapa.ninja/assets/images/1x/buymeacoffee-thumb.webp,https://www.lapa.ninja/post/buymeacoffee/,"Minimalist layout with a warm beige tone, inviting coffee-themed design elements.",,warm beige,"[""#f5f5dc"", ""#d2b48c"", ""#fff8dc"", ""#deb887""]",0.5
Lapa Ninja (Post),SupClub,EVENT,,,https://cdn.lapa.ninja/assets/images/1x/supclub-thumb.webp,https://www.lapa.ninja/post/supclub/,Energetic event platform with vibrant colors and a dynamic layout.,,bright and lively,"[""#ff5733"", ""#33c1ff"", ""#ffcc00"", ""#4caf50""]",0.5
Lapa Ninja (Post),ERL Clothing,FASHION,,,https://cdn.lapa.ninja/assets/images/1x/erl-thumb.webp,https://www.lapa.ninja/post/erl/,Trendy streetwear showcase with a vibrant color palette and dynamic layout.,,vibrant,"[""#ff5733"", ""#33c1ff"", ""#ff33a1"", ""#f4ff33""]",0.5
Lapa Ninja (Post),Jan AI,ARTIFICIAL INTELLIGENCE,,,https://cdn.lapa.ninja/assets/images/1x/jan-ai-thumb.webp,https://www.lapa.ninja/post/jan-ai/,Minimalist AI showcase with a neutral tone and clean layout emphasizing simplicity.,,neutral,"[""#ffffff"", ""#f0f0f0"", ""#e0e0e0"", ""#d0d0d0""]",0.5
Lapa Ninja (Post),ListenUp!,ARTIFICIAL INTELLIGENCE,,,https://cdn.lapa.ninja/assets/images/1x/listenup-thumb.webp,https://www.lapa.ninja/post/listenup/,"Minimalist design with a neutral tone, featuring a clean layout and subtle visual elements.",,neutral,"[""#ffffff"", ""#f0f0f0"", ""#cccccc"", ""#999999""]",0.5
Lapa Ninja (Post),THE MERGE,EVENT,,,https://cdn.lapa.ninja/assets/images/1x/merge-thumb.webp,https://www.lapa.ninja/post/merge/,"Minimalist design with a neutral tone, featuring a clean layout and subtle imagery.",,neutral gray,"[""#f0f0f0"", ""#cccccc"", ""#ffffff"", ""#000000""]",0.5
Lapa Ninja (Post),Moxie Strategies,CORPORATE,,,https://cdn.lapa.ninja/assets/images/1x/moxie-strategies-thumb.webp,https://www.lapa.ninja/post/moxie-strategies/,"Corporate strategy site with a clean layout and neutral tones, emphasizing professionalism.",,neutral tones,"[""#f0f0f0"", ""#cccccc"", ""#333333"", ""#ffffff""]",0.5
Lapa Ninja (Post),Flux Academy,COURSE,,,https://cdn.lapa.ninja/assets/images/1x/flux-academy-2-thumb.webp,https://www.lapa.ninja/post/flux-academy-2/,Modern educational site with a clean layout and a vibrant color scheme.,,bright and engaging,"[""#ffffff"", ""#f0f4f8"", ""#4a90e2"", ""#50e3c2""]",0.5
Lapa Ninja (Post),Nord Quantique,TECHNOLOGY,,,https://cdn.lapa.ninja/assets/images/1x/nordquantique-thumb.webp,https://www.lapa.ninja/post/nordquantique/,Futuristic tech showcase with a sleek layout and a cool color tone.,,cool gray,"[""#cccccc"", ""#999999"", ""#333333"", ""#ffffff""]",0.5
Lapa Ninja (Post),Adùn,FOOD DRINKS,,,https://cdn.lapa.ninja/assets/images/1x/getadun-thumb.webp,https://www.lapa.ninja/post/getadun/,"Inviting food and drink post with warm tones and a clean, minimal layout.",,warm beige,"[""#f5f5dc"", ""#d2b48c"", ""#fff8dc"", ""#deb887""]",0.5
Lapa Ninja (Post),Inkfish,AGENCY,,,https://cdn.lapa.ninja/assets/images/1x/inkfishnyc-thumb.webp,https://www.lapa.ninja/post/inkfishnyc/,Modern design showcase with a clean layout and a neutral color tone.,,neutral gray,"[""#ffffff"", ""#f0f0f0"", ""#000000"", ""#cccccc""]",0.5
Lapa Ninja (Post),Penpot,DESIGN TOOLS,,,https://cdn.lapa.ninja/assets/images/1x/penpot-thumb.webp,https://www.lapa.ninja/post/penpot/,Minimalist design tool page with a clean layout and neutral color tones.,,neutral gray,"[""#f0f0f0"", ""#ffffff"", ""#cccccc"", ""#999999""]",0.5
Lapa Ninja (Post),PUBLIC SERV-CE,FASHION,,,https://cdn.lapa.ninja/assets/images/1x/publicserv-ce-thumb.webp,https://www.lapa.ninja/post/publicserv-ce/,"Modern design with a vibrant color palette and a clean, minimal layout.",,bright and energetic,"[""#ff6f61"", ""#6b5b95"", ""#88b04b"", ""#f7cac9""]",0.5
Lapa Ninja (Post),Artemii Lebedev,PORTFOLIO,,,https://cdn.lapa.ninja/assets/images/1x/artemiilebedev-3-thumb.webp,https://www.lapa.ninja/post/artemiilebedev-3/,Minimalist portfolio showcasing a modern aesthetic with a neutral color tone and clean layout.,,neutral,"[""#ffffff"", ""#000000"", ""#cccccc"", ""#f0f0f0""]",0.5
Lapa Ninja (Post),Present Space,CULTURE,,,https://cdn.lapa.ninja/assets/images/1x/presentspace-thumb.webp,https://www.lapa.ninja/post/presentspace/,"Minimalist design with a serene atmosphere, featuring a soft color palette and spacious layout.",,soft neutral,"[""#f0f0f0"", ""#ffffff"", ""#d9d9d9"", ""#bfbfbf""]",0.5
Lapa Ninja (Post),Mobbin,PRODUCTIVITY,,,https://cdn.lapa.ninja/assets/images/1x/mobbin-thumb.webp,https://www.lapa.ninja/post/mobbin/,Productivity-focused site with a clean layout and neutral tones.,,neutral gray,"[""#f0f0f0"", ""#ffffff"", ""#cccccc"", ""#333333""]",0.5
Lapa Ninja (Post),Heyday,STUDIO,,,https://cdn.lapa.ninja/assets/images/1x/heydaystudio-thumb.webp,https://www.lapa.ninja/post/heydaystudio/,"Minimalist design with a serene mood, featuring a soft color palette and clean layout.",,soft neutral,"[""#f0f0f0"", ""#ffffff"", ""#d9d9d9"", ""#bfbfbf""]",0.5
Lapa Ninja (Post),Bemo,STUDIO,,,https://cdn.lapa.ninja/assets/images/1x/bemo-thumb.webp,https://www.lapa.ninja/post/bemo/,"Minimalist design with a serene mood, featuring a soft color palette and spacious layout.",,soft neutral,"[""#f0f0f0"", ""#ffffff"", ""#d9d9d9"", ""#bfbfbf""]",0.5
Lapa Ninja (Post),Afina,ECOMMERCE,,,https://cdn.lapa.ninja/assets/images/1x/afina-thumb.webp,https://www.lapa.ninja/post/afina/,Minimalist eCommerce layout with a neutral tone and clean design elements.,,neutral,"[""#f0f0f0"", ""#ffffff"", ""#cccccc"", ""#333333""]",0.5
Lapa Ninja (Post),Work is Play,STUDIO,,,https://cdn.lapa.ninja/assets/images/1x/workisplay-thumb.webp,https://www.lapa.ninja/post/workisplay/,"Playful design showcasing vibrant colors and a dynamic layout, emphasizing creativity.",,bright and playful,"[""#ffcc00"", ""#ff6699"", ""#66ccff"", ""#ffcc66""]",0.5
Lapa Ninja (Post),Daylight Computer,ECOMMERCE,,,https://cdn.lapa.ninja/assets/images/1x/daylightcomputer-thumb.webp,https://www.lapa.ninja/post/daylightcomputer/,Minimalist design showcasing a bright and airy workspace with a clean layout.,,bright and airy,"[""#ffffff"", ""#f0f0f0"", ""#d9d9d9"", ""#b3b3b3""]",0.5
Lapa Ninja (Post),Quilt,HARDWARE,,,https://cdn.lapa.ninja/assets/images/1x/quilt-thumb.webp,https://www.lapa.ninja/post/quilt/,"Minimalist design with a soft, neutral palette and a clean layout emphasizing simplicity.",,soft neutral,"[""#f5f5f5"", ""#e0e0e0"", ""#ffffff"", ""#cccccc""]",0.5
Lapa Ninja (Post),Bitesized,AGENCY,,,https://cdn.lapa.ninja/assets/images/1x/bitesized-thumb.webp,https://www.lapa.ninja/post/bitesized/,Minimalist layout with a warm beige tone and simple visual elements.,,warm beige,"[""#f5f5dc"", ""#e0d6c3"", ""#d9c9a3"", ""#c2b280""]",0.5
Lapa Ninja (Post),Baseline Design,EDUCATION,,,https://cdn.lapa.ninja/assets/images/1x/baselinedesign-thumb.webp,https://www.lapa.ninja/post/baselinedesign/,"Minimalist design post with a clean layout and neutral tones, emphasizing clarity.",,neutral gray,"[""#f0f0f0"", ""#ffffff"", ""#cccccc"", ""#333333""]",0.5
Lapa Ninja (Post),specs.berlin,ECOMMERCE,,,https://cdn.lapa.ninja/assets/images/1x/specs-berlin-thumb.webp,https://www.lapa.ninja/post/specs-berlin/,Modern e-commerce site with a clean layout and a neutral color palette.,,neutral gray,"[""#f0f0f0"", ""#ffffff"", ""#000000"", ""#cccccc""]",0.5
Lapa Ninja (Post),Textla,SAAS,,,https://cdn.lapa.ninja/assets/images/1x/textla-thumb.webp,https://www.lapa.ninja/post/textla/,"Minimalist layout with a neutral tone, featuring clean lines and ample white space.",,neutral,"[""#ffffff"", ""#f0f0f0"", ""#e0e0e0"", ""#d0d0d0""]",0.5
Lapa Ninja (Post),SaveDay,PRODUCTIVITY,,,https://cdn.lapa.ninja/assets/images/1x/save-day-2-thumb.webp,https://www.lapa.ninja/post/save-day-2/,Minimalist productivity site with a clean layout and neutral tones.,,neutral gray,"[""#f0f0f0"", ""#ffffff"", ""#cccccc"", ""#333333""]",0.5
Lapa Ninja (Post),Circle,SAAS,,,https://cdn.lapa.ninja/assets/images/1x/circleso-2-thumb.webp,https://www.lapa.ninja/post/circleso-2/,"Minimalist design with a serene mood, featuring soft tones and circular elements.",,soft neutral,"[""#f0f0f0"", ""#d9d9d9"", ""#ffffff"", ""#cccccc""]",0.5
Lapa Ninja (Post),Figdam,SAAS,,,https://cdn.lapa.ninja/assets/images/1x/figdam-thumb.webp,https://www.lapa.ninja/post/figdam/,Minimalist SaaS interface with a neutral tone and clean layout.,,neutral gray,"[""#f0f0f0"", ""#ffffff"", ""#cccccc"", ""#333333""]",0.5
Lapa Ninja (Post),ToyFight,AGENCY,,,https://cdn.lapa.ninja/assets/images/1x/toyfight-2-thumb.webp,https://www.lapa.ninja/post/toyfight-2/,"Playful design with vibrant colors and a whimsical layout, featuring engaging visuals.",,bright and playful,"[""#ffcc00"", ""#ff6699"", ""#66ccff"", ""#ffccff""]",0.5
Lapa Ninja (Post),ApeFest 2024 in Lisbon,EVENT,,,https://cdn.lapa.ninja/assets/images/1x/apefest-thumb.webp,https://www.lapa.ninja/post/apefest/,"Vibrant event page with a lively atmosphere and engaging layout, featuring bold colors.",,lively,"[""#ff5733"", ""#33c1ff"", ""#ffcc00"", ""#4caf50""]",0.5
Lapa Ninja (Post),Tobias van Schneider,PORTFOLIO,,,https://cdn.lapa.ninja/assets/images/1x/vanschneider-2-thumb.webp,https://www.lapa.ninja/post/vanschneider-2/,Minimalist portfolio showcasing a modern aesthetic with a neutral color palette and clean layout.,,neutral tones,"[""#ffffff"", ""#f0f0f0"", ""#000000"", ""#cccccc""]",0.5
Lapa Ninja (Post),Venga,FINANCE,,,https://cdn.lapa.ninja/assets/images/1x/venga-thumb.webp,https://www.lapa.ninja/post/venga/,"Minimalist finance site with a clean layout and neutral tones, emphasizing clarity.",,neutral tones,"[""#f0f0f0"", ""#ffffff"", ""#cccccc"", ""#333333""]",0.5
Lapa Ninja (Post),Shoez Gallery,FASHION,,,https://cdn.lapa.ninja/assets/images/1x/shoezgallery-thumb.webp,https://www.lapa.ninja/post/shoezgallery/,Stylish gallery showcasing footwear with a modern layout and neutral tones.,,neutral tones,"[""#ffffff"", ""#f0f0f0"", ""#d9d9d9"", ""#cccccc""]",0.5
Lapa Ninja (Post),Nick Velten,PORTFOLIO,,,https://cdn.lapa.ninja/assets/images/1x/nickvelten-thumb.webp,https://www.lapa.ninja/post/nickvelten/,Minimalist portfolio showcasing a clean layout with neutral tones and subtle elegance.,,neutral tones,"[""#ffffff"", ""#f0f0f0"", ""#d9d9d9"", ""#bfbfbf""]",0.5
Lapa Ninja (Post),Fruitful,FINANCE,,,https://cdn.lapa.ninja/assets/images/1x/fruitful-thumb.webp,https://www.lapa.ninja/post/fruitful/,"Minimalist layout with a fresh, vibrant tone and a focus on fruit imagery.",,fresh green,"[""#4caf50"", ""#ffeb3b"", ""#ffffff"", ""#8bc34a""]",0.5
Lapa Ninja (Post),Equals,SAAS,,,https://cdn.lapa.ninja/assets/images/1x/equals-thumb.webp,https://www.lapa.ninja/post/equals/,Minimalist SaaS site with a clean layout and a neutral color tone.,,neutral gray,"[""#f0f0f0"", ""#ffffff"", ""#cccccc"", ""#333333""]",0.5
Lapa Ninja (Post),Six Socks Studio,STUDIO,,,https://cdn.lapa.ninja/assets/images/1x/sixsocks-thumb.webp,https://www.lapa.ninja/post/sixsocks/,Playful studio showcase with a vibrant color palette and engaging layout.,,bright and playful,"[""#ffcc00"", ""#ff6699"", ""#66ccff"", ""#ffcc66""]",0.5
Lapa Ninja (Post),Agora,ILLUSTRATION,,,https://cdn.lapa.ninja/assets/images/1x/agora-thumb.webp,https://www.lapa.ninja/post/agora/,"Minimalist design with a serene mood, featuring a soft color palette and spacious layout.",,soft neutral,"[""#f0f0f0"", ""#d9d9d9"", ""#ffffff"", ""#cccccc""]",0.5
Lapa Ninja (Post),Dovetail,SAAS,,,https://cdn.lapa.ninja/assets/images/1x/dovetail-3-thumb.webp,https://www.lapa.ninja/post/dovetail-3/,Minimalist SaaS interface with a clean layout and neutral tones.,,neutral gray,"[""#f0f0f0"", ""#ffffff"", ""#cccccc"", ""#333333""]",0.5
Lapa Ninja (Post),Jackson Holcomb,CORPORATE,,,https://cdn.lapa.ninja/assets/images/1x/jacksonholcomb-thumb.webp,https://www.lapa.ninja/post/jacksonholcomb/,"Minimalist layout with a neutral tone, featuring a clean design and subtle imagery.",,neutral,"[""#ffffff"", ""#f0f0f0"", ""#e0e0e0"", ""#cccccc""]",0.5
Lapa Ninja (Post),Latus,HEALTH FITNESS,,,https://cdn.lapa.ninja/assets/images/1x/latusbio-thumb.webp,https://www.lapa.ninja/post/latusbio/,Energetic health-focused layout with a vibrant color scheme and dynamic imagery.,,bright and energetic,"[""#ffcc00"", ""#ff5733"", ""#33ccff"", ""#ffffff""]",0.5
Lapa Ninja (Post),Crazy Creative,AGENCY,,,https://cdn.lapa.ninja/assets/images/1x/crazycreative-thumb.webp,https://www.lapa.ninja/post/crazycreative/,Playful and creative layout with vibrant colors and dynamic elements.,,bright and playful,"[""#ff6f61"", ""#6b5b95"", ""#88b04b"", ""#f7cac9""]",0.5
Lapa Ninja (Post),Valarlabs,HEALTH FITNESS,,,https://cdn.lapa.ninja/assets/images/1x/valarlabs-thumb.webp,https://www.lapa.ninja/post/valarlabs/,Energetic health and fitness site with a vibrant palette and dynamic layout.,,bright and energetic,"[""#ff5733"", ""#33ff57"", ""#3357ff"", ""#f1c40f""]",0.5
Lapa Ninja (Post),lyon béton,ECOMMERCE,,,https://cdn.lapa.ninja/assets/images/1x/lyon-beton-thumb.webp,https://www.lapa.ninja/post/lyon-beton/,Industrial aesthetic with a neutral palette and minimalist layout emphasizing concrete textures.,,neutral gray,"[""#b0b0b0"", ""#d3d3d3"", ""#ffffff"", ""#000000""]",0.5
Lapa Ninja (Post),thingness.world,ILLUSTRATION,,,https://cdn.lapa.ninja/assets/images/1x/thingness-thumb.webp,https://www.lapa.ninja/post/thingness/,"Minimalist site with a serene mood, featuring a soft color palette and clean layout.",,soft neutral,"[""#f0f0f0"", ""#d9d9d9"", ""#ffffff"", ""#cccccc""]",0.5
Lapa Ninja (Post),Sneha Sanksar,PORTFOLIO,,,https://cdn.lapa.ninja/assets/images/1x/snehasanks-thumb.webp,https://www.lapa.ninja/post/snehasanks/,Minimalist portfolio layout with a neutral tone and clean design elements.,,neutral,"[""#ffffff"", ""#f0f0f0"", ""#000000"", ""#cccccc""]",0.5
Lapa Ninja (Post),Integrated Reasoning,TECHNOLOGY,,,https://cdn.lapa.ninja/assets/images/1x/integrated-reasoning-thumb.webp,https://www.lapa.ninja/post/integrated-reasoning/,"Neutral layout with a subdued color palette, emphasizing clarity and simplicity.",,neutral gray,"[""#f0f0f0"", ""#cccccc"", ""#ffffff"", ""#000000""]",0.5
Lapa Ninja (Post),Liqium,AGENCY,,,https://cdn.lapa.ninja/assets/images/1x/liqium-thumb.webp,https://www.lapa.ninja/post/liqium/,"Minimalist design with a serene mood, featuring a soft color palette and spacious layout.",,soft neutral,"[""#f0f0f0"", ""#ffffff"", ""#d9d9d9"", ""#bfbfbf""]",0.5
Lapa Ninja (Post),Local Studio,STUDIO,,,https://cdn.lapa.ninja/assets/images/1x/localstudio-thumb.webp,https://www.lapa.ninja/post/localstudio/,Minimalist studio showcase with a neutral palette and clean layout.,,neutral gray,"[""#f0f0f0"", ""#cccccc"", ""#ffffff"", ""#000000""]",0.5
Lapa Ninja (Post),Bryn Taylor,PORTFOLIO,,,https://cdn.lapa.ninja/assets/images/1x/bryntaylor-2-thumb.webp,https://www.lapa.ninja/post/bryntaylor-2/,Minimalist portfolio showcasing a serene layout with a neutral color tone.,,neutral,"[""#ffffff"", ""#f0f0f0"", ""#e0e0e0"", ""#d0d0d0""]",0.5
Lapa Ninja (Post),HOVN STUDIOS,STUDIO,,,https://cdn.lapa.ninja/assets/images/1x/hovnstudios-thumb.webp,https://www.lapa.ninja/post/hovnstudios/,Minimalist studio showcase with a neutral palette and clean layout.,,neutral tones,"[""#f0f0f0"", ""#cccccc"", ""#ffffff"", ""#000000""]",0.5
Lapa Ninja (Post),Ballet De Marseille,CORPORATE,,,https://cdn.lapa.ninja/assets/images/1x/ballet-de-marseille-thumb.webp,https://www.lapa.ninja/post/ballet-de-marseille/,Elegant ballet showcase with a soft color palette and minimalistic layout.,,soft neutral,"[""#f0e5d8"", ""#d9c6b2"", ""#b5a99a"", ""#eae1d2""]",0.5
Lapa Ninja (Post),Taxfix,FINTECH,,,https://cdn.lapa.ninja/assets/images/1x/taxfix-thumb.webp,https://www.lapa.ninja/post/taxfix/,Clean fintech interface with a modern layout and a neutral color tone.,,neutral gray,"[""#f5f5f5"", ""#ffffff"", ""#000000"", ""#e0e0e0""]",0.5
Lapa Ninja (Post),Arcade Labs,AGENCY,,,https://cdn.lapa.ninja/assets/images/1x/arcade-thumb.webp,https://www.lapa.ninja/post/arcade/,Playful tech showcase with vibrant colors and a grid layout emphasizing interactivity.,,bright and playful,"[""#ff5733"", ""#33c1ff"", ""#ffcc00"", ""#4caf50""]",0.5
Lapa Ninja (Post),Sock,APP,,,https://cdn.lapa.ninja/assets/images/1x/sock-thumb.webp,https://www.lapa.ninja/post/sock/,Minimalist design showcasing a playful sock with a light and airy layout.,,light and playful,"[""#f0f0f0"", ""#ffffff"", ""#e0e0e0"", ""#c0c0c0""]",0.5
Lapa Ninja (Post),Augen,WEARABLE,,,https://cdn.lapa.ninja/assets/images/1x/augen-thumb.webp,https://www.lapa.ninja/post/augen/,"Minimalist design with a neutral tone and clean layout, emphasizing simplicity.",,neutral,"[""#ffffff"", ""#f0f0f0"", ""#000000"", ""#cccccc""]",0.5
Lapa Ninja (Post),FlowFest,EVENT,,,https://cdn.lapa.ninja/assets/images/1x/flowfest-thumb.webp,https://www.lapa.ninja/post/flowfest/,Energetic event page with vibrant colors and a dynamic layout emphasizing flow.,,vibrant,"[""#ff5733"", ""#33ff57"", ""#3357ff"", ""#f1c40f""]",0.5
Lapa Ninja (Post),TWYG Skincare,BEAUTY,,,https://cdn.lapa.ninja/assets/images/1x/twygskincare-thumb.webp,https://www.lapa.ninja/post/twygskincare/,Serene skincare post featuring a soft color palette and minimalistic layout.,,soft neutral,"[""#f5f5f5"", ""#ffffff"", ""#e0e0e0"", ""#d1cfcf""]",0.5
Lapa Ninja (Post),Emre Kayganaci,PORTFOLIO,,,https://cdn.lapa.ninja/assets/images/1x/emrekayganaci-thumb.webp,https://www.lapa.ninja/post/emrekayganaci/,Minimalist portfolio layout with a neutral tone and clean design elements.,,neutral,"[""#ffffff"", ""#f0f0f0"", ""#000000"", ""#cccccc""]",0.5
Lapa Ninja (Post),Switchboard,PRODUCTIVITY,,,https://cdn.lapa.ninja/assets/images/1x/withswitchboard-thumb.webp,https://www.lapa.ninja/post/withswitchboard/,Minimalist productivity site with a clean layout and neutral tones.,,neutral gray,"[""#f0f0f0"", ""#ffffff"", ""#cccccc"", ""#333333""]",0.5
Lapa Ninja (Post),Raphaël Améaume,PORTFOLIO,,,https://cdn.lapa.ninja/assets/images/1x/raphaelameaume-thumb.webp,https://www.lapa.ninja/post/raphaelameaume/,Minimalist portfolio showcasing a serene mood with a neutral color palette and clean layout.,,neutral tones,"[""#ffffff"", ""#f0f0f0"", ""#d9d9d9"", ""#bfbfbf""]",0.5
Lapa Ninja (Post),Qatalog,SAAS,,,https://cdn.lapa.ninja/assets/images/1x/qatalog-4-thumb.webp,https://www.lapa.ninja/post/qatalog-4/,Minimalist SaaS interface with a clean layout and neutral color tones.,,neutral gray,"[""#f5f5f5"", ""#ffffff"", ""#e0e0e0"", ""#bdbdbd""]",0.5
Lapa Ninja (Post),HeyShop,ECOMMERCE,,,https://cdn.lapa.ninja/assets/images/1x/heyshop-thumb.webp,https://www.lapa.ninja/post/heyshop/,"Ecommerce site with a clean layout, featuring a neutral palette and minimalistic design elements.",,neutral tones,"[""#f5f5f5"", ""#ffffff"", ""#000000"", ""#cccccc""]",0.5
Lapa Ninja (Post),Frida Wiig,PORTFOLIO,,,https://cdn.lapa.ninja/assets/images/1x/fridawiig-thumb.webp,https://www.lapa.ninja/post/fridawiig/,Minimalist portfolio showcasing a serene mood with a neutral color tone and clean layout.,,neutral,"[""#ffffff"", ""#f0f0f0"", ""#d9d9d9"", ""#bfbfbf""]",0.5
Lapa Ninja (Post),Boost,BLOCKCHAIN,,,https://cdn.lapa.ninja/assets/images/1x/boost-thumb.webp,https://www.lapa.ninja/post/boost/,"Minimalist layout with a tech-inspired vibe, featuring a cool color tone and clean lines.",,cool gray,"[""#f0f0f0"", ""#cccccc"", ""#ffffff"", ""#000000""]",0.5
Lapa Ninja (Post),Unfold Amsterdam 2024,EVENT,,,https://cdn.lapa.ninja/assets/images/1x/mewsunfold-thumb.webp,https://www.lapa.ninja/post/mewsunfold/,Modern event page with a vibrant color palette and clean layout.,,bright and lively,"[""#ffcc00"", ""#ff6699"", ""#66ccff"", ""#ffffff""]",0.5
Lapa Ninja (Post),Isoflow,AGENCY,,,https://cdn.lapa.ninja/assets/images/1x/isoflow-thumb.webp,https://www.lapa.ninja/post/isoflow/,"Minimalist design with a serene layout and soft color tones, featuring a clean interface.",,soft neutral,"[""#f0f0f0"", ""#ffffff"", ""#d9d9d9"", ""#bfbfbf""]",0.5
Lapa Ninja (Post),Fabric Token,ILLUSTRATION,,,https://cdn.lapa.ninja/assets/images/1x/fabrictoken-thumb.webp,https://www.lapa.ninja/post/fabrictoken/,Minimalist design showcasing a soft color palette with a clean layout and illustrative elements.,,soft neutral,"[""#f0f0f0"", ""#d9d9d9"", ""#ffffff""]",0.5
Lapa Ninja (Post),Frame,SAAS,,,https://cdn.lapa.ninja/assets/images/1x/frame-so-thumb.webp,https://www.lapa.ninja/post/frame-so/,"Minimalist layout with a neutral tone, featuring a clean design and subtle visual elements.",,neutral,"[""#ffffff"", ""#f0f0f0"", ""#e0e0e0"", ""#d0d0d0""]",0.5
Lapa Ninja (Post),TechSpeed,SAAS,,,https://cdn.lapa.ninja/assets/images/1x/techspeed-thumb.webp,https://www.lapa.ninja/post/techspeed/,Modern SaaS interface with a sleek layout and a tech-inspired color scheme.,,cool gray,"[""#f0f0f0"", ""#cccccc"", ""#333333"", ""#007acc""]",0.5
Lapa Ninja (Post),Cliik,ECOMMERCE,,,https://cdn.lapa.ninja/assets/images/1x/cliikhome-thumb.webp,https://www.lapa.ninja/post/cliikhome/,Modern ecommerce site with a clean layout and a neutral color tone.,,neutral gray,"[""#f0f0f0"", ""#ffffff"", ""#cccccc"", ""#333333""]",0.5
Lapa Ninja (Post),Grape,AGENCY,,,https://cdn.lapa.ninja/assets/images/1x/grape-thumb.webp,https://www.lapa.ninja/post/grape/,Playful design showcasing a vibrant color palette with a whimsical layout.,,vibrant,"[""#8e44ad"", ""#3498db"", ""#e74c3c"", ""#f1c40f""]",0.5
Lapa Ninja (Post),Braydon Coyer,PORTFOLIO,,,https://cdn.lapa.ninja/assets/images/1x/braydoncoyer-thumb.webp,https://www.lapa.ninja/post/braydoncoyer/,Minimalist portfolio layout with a neutral tone and clean design elements.,,neutral,"[""#ffffff"", ""#f0f0f0"", ""#000000"", ""#cccccc""]",0.5
Lapa Ninja (Post),53 West 53,REAL ESTATE,,,https://cdn.lapa.ninja/assets/images/1x/53west53-thumb.webp,https://www.lapa.ninja/post/53west53/,Modern real estate showcase with a sleek layout and neutral tones.,,neutral,"[""#ffffff"", ""#f0f0f0"", ""#cccccc"", ""#333333""]",0.5
Lapa Ninja (Post),Coding Bio,SAAS,,,https://cdn.lapa.ninja/assets/images/1x/coding-bio-thumb.webp,https://www.lapa.ninja/post/coding-bio/,Tech-focused layout with a clean aesthetic and a neutral color tone.,,neutral gray,"[""#f0f0f0"", ""#ffffff"", ""#000000"", ""#cccccc""]",0.5
Lapa Ninja (Post),Epidemic Sound,MUSIC,,,https://cdn.lapa.ninja/assets/images/1x/epidemicsound-thumb.webp,https://www.lapa.ninja/post/epidemicsound/,Energetic music platform with a vibrant color palette and engaging layout.,,bright and lively,"[""#ff5733"", ""#33ff57"", ""#3357ff"", ""#f1c40f""]",0.5
Lapa Ninja (Post),Poetry Camera,ECOMMERCE,,,https://cdn.lapa.ninja/assets/images/1x/poetry-camera-thumb.webp,https://www.lapa.ninja/post/poetry-camera/,"Minimalist layout with a soft, neutral palette and a focus on photography.",,neutral tones,"[""#f0f0f0"", ""#d9d9d9"", ""#ffffff"", ""#cccccc""]",0.5
Lapa Ninja (Post),Outerbase,ARTIFICIAL INTELLIGENCE,,,https://cdn.lapa.ninja/assets/images/1x/outerbase-2-thumb.webp,https://www.lapa.ninja/post/outerbase-2/,"Minimalist design with a serene mood, featuring a muted color palette and spacious layout.",,neutral tones,"[""#f0f0f0"", ""#cccccc"", ""#ffffff"", ""#000000""]",0.5
Lapa Ninja (Post),Balky,STUDIO,,,https://cdn.lapa.ninja/assets/images/1x/balky-studio-thumb.webp,https://www.lapa.ninja/post/balky-studio/,"Minimalist design with a neutral tone and clean layout, emphasizing simplicity.",,neutral,"[""#ffffff"", ""#f0f0f0"", ""#e0e0e0"", ""#d0d0d0""]",0.5
Lapa Ninja (Post),Julien FSQT,PORTFOLIO,,,https://cdn.lapa.ninja/assets/images/1x/julienfsqt-thumb.webp,https://www.lapa.ninja/post/julienfsqt/,Minimalist portfolio showcasing a clean layout with a neutral color tone.,,neutral,"[""#ffffff"", ""#f0f0f0"", ""#000000"", ""#cccccc""]",0.5
Lapa Ninja (Post),Lex,ARTIFICIAL INTELLIGENCE,,,https://cdn.lapa.ninja/assets/images/1x/lex-thumb.webp,https://www.lapa.ninja/post/lex/,"Minimalist design with a neutral tone, featuring a clean layout and subtle visual elements.",,neutral,"[""#ffffff"", ""#f0f0f0"", ""#e0e0e0"", ""#cccccc""]",0.5
Lapa Ninja (Post),OpenAI,ARTIFICIAL INTELLIGENCE,,,https://cdn.lapa.ninja/assets/images/1x/openai-3-thumb.webp,https://www.lapa.ninja/post/openai-3/,Futuristic AI showcase with a clean layout and a cool color tone.,,cool gray,"[""#f0f0f0"", ""#ffffff"", ""#000000"", ""#0072c6""]",0.5
Lapa Ninja (Post),YMC,FASHION,,,https://cdn.lapa.ninja/assets/images/1x/youmustcreate-thumb.webp,https://www.lapa.ninja/post/youmustcreate/,Minimalist fashion site with a neutral palette and clean layout emphasizing imagery.,,neutral tones,"[""#ffffff"", ""#f0f0f0"", ""#d9d9d9"", ""#000000""]",0.5
Lapa Ninja (Post),Tiago Andrade,PORTFOLIO,,,https://cdn.lapa.ninja/assets/images/1x/tbandrade-thumb.webp,https://www.lapa.ninja/post/tbandrade/,Minimalist portfolio layout with a neutral tone and clean design elements.,,neutral,"[""#ffffff"", ""#f0f0f0"", ""#000000"", ""#cccccc""]",0.5
Lapa Ninja (Post),DMCG,PORTFOLIO,,,https://cdn.lapa.ninja/assets/images/1x/dmcg-2-thumb.webp,https://www.lapa.ninja/post/dmcg-2/,Minimalist portfolio layout with a neutral tone and clean design elements.,,neutral,"[""#ffffff"", ""#f0f0f0"", ""#000000"", ""#cccccc""]",0.5
Lapa Ninja (Post),Nori,CORPORATE,,,https://cdn.lapa.ninja/assets/images/1x/nori-thumb.webp,https://www.lapa.ninja/post/nori/,"Minimalist design with a serene mood, featuring a clean layout and soft color tones.",,soft neutral,"[""#f0f0f0"", ""#ffffff"", ""#d9d9d9"", ""#bfbfbf""]",0.5
Lapa Ninja (Post),Arthur,ARTIFICIAL INTELLIGENCE,,,https://cdn.lapa.ninja/assets/images/1x/arthur-ai-thumb.webp,https://www.lapa.ninja/post/arthur-ai/,"Minimalist design with a neutral tone, featuring a clean layout and subtle visual elements.",,neutral,"[""#ffffff"", ""#f0f0f0"", ""#e0e0e0"", ""#cccccc""]",0.5
Lapa Ninja (Post),Escape Cafe,FOOD DRINKS,,,https://cdn.lapa.ninja/assets/images/1x/escape-cafe-thumb.webp,https://www.lapa.ninja/post/escape-cafe/,Cozy cafe vibe with warm beige tones and inviting layout.,,warm beige,"[""#f5f5dc"", ""#d2b48c"", ""#fff8dc"", ""#deb887""]",0.5
Lapa Ninja (Post),Era,ARTIFICIAL INTELLIGENCE,,,https://cdn.lapa.ninja/assets/images/1x/era-app-thumb.webp,https://www.lapa.ninja/post/era-app/,Minimalist app design with a sleek layout and a cool color tone.,,cool gray,"[""#f0f0f0"", ""#cccccc"", ""#999999"", ""#666666""]",0.5
Lapa Ninja (Post),Google Design,BLOG,,,https://cdn.lapa.ninja/assets/images/1x/google-design-3-thumb.webp,https://www.lapa.ninja/post/google-design-3/,Minimalist design showcase with a clean layout and subtle color tones.,,neutral tones,"[""#ffffff"", ""#f5f5f5"", ""#e0e0e0"", ""#c0c0c0""]",0.5
Lapa Ninja (Post),lowercase,STUDIO,,,https://cdn.lapa.ninja/assets/images/1x/lowercase-club-thumb.webp,https://www.lapa.ninja/post/lowercase-club/,"Minimalist design with a soft, neutral palette and a clean layout emphasizing simplicity.",,soft neutral,"[""#f5f5f5"", ""#e0e0e0"", ""#ffffff"", ""#cccccc""]",0.5
Lapa Ninja (Post),Primary,STUDIO,,,https://cdn.lapa.ninja/assets/images/1x/primary-studio-thumb.webp,https://www.lapa.ninja/post/primary-studio/,"Minimalist design with a neutral palette and a clean, spacious layout.",,neutral tones,"[""#ffffff"", ""#f0f0f0"", ""#d9d9d9"", ""#bfbfbf""]",0.5
Lapa Ninja (Post),Agency,BOOK,,,https://cdn.lapa.ninja/assets/images/1x/agencybook-thumb.webp,https://www.lapa.ninja/post/agencybook/,Minimalist agency showcase with a neutral palette and clean layout emphasizing visuals.,,neutral tones,"[""#ffffff"", ""#f0f0f0"", ""#000000"", ""#cccccc""]",0.5
Lapa Ninja (Post),Remote Supply,ECOMMERCE,,,https://cdn.lapa.ninja/assets/images/1x/remote-supply-thumb.webp,https://www.lapa.ninja/post/remote-supply/,Minimalist ecommerce site with a neutral palette and clean layout emphasizing product imagery.,,neutral tones,"[""#f5f5f5"", ""#ffffff"", ""#cccccc"", ""#333333""]",0.5
Lapa Ninja (Post),Source,STUDIO,,,https://cdn.lapa.ninja/assets/images/1x/source-paris-2-thumb.webp,https://www.lapa.ninja/post/source-paris-2/,"Minimalist design with a neutral palette and spacious layout, emphasizing simplicity.",,neutral tones,"[""#ffffff"", ""#f0f0f0"", ""#d9d9d9"", ""#bfbfbf""]",0.5
Lapa Ninja (Post),September Works,STUDIO,,,https://cdn.lapa.ninja/assets/images/1x/september-works-thumb.webp,https://www.lapa.ninja/post/september-works/,"Minimalist design with a serene mood, featuring a neutral palette and spacious layout.",,neutral tones,"[""#f0f0f0"", ""#ffffff"", ""#cccccc"", ""#aaaaaa""]",0.5
Lapa Ninja (Post),Early Majority,ECOMMERCE,,,https://cdn.lapa.ninja/assets/images/1x/earlymajority-2-thumb.webp,https://www.lapa.ninja/post/earlymajority-2/,"Minimalist layout with a neutral tone, featuring a clean design and subtle visual elements.",,neutral,"[""#f0f0f0"", ""#ffffff"", ""#cccccc"", ""#999999""]",0.5
Lapa Ninja (Post),GENBRAND,AGENCY,,,https://cdn.lapa.ninja/assets/images/1x/genbrand-thumb.webp,https://www.lapa.ninja/post/genbrand/,Modern branding showcase with a clean layout and neutral tones.,,neutral,"[""#ffffff"", ""#f0f0f0"", ""#000000"", ""#cccccc""]",0.5
Lapa Ninja (Post),Ghost,SAAS,,,https://cdn.lapa.ninja/assets/images/1x/ghost-2-thumb.webp,https://www.lapa.ninja/post/ghost-2/,"Minimalist design with a serene mood, featuring a soft color palette and spacious layout.",,soft gray,"[""#f0f0f0"", ""#ffffff"", ""#d9d9d9"", ""#bfbfbf""]",0.5
Lapa Ninja (Post),Raycast,PRODUCTIVITY,,,https://cdn.lapa.ninja/assets/images/1x/raycast-4-thumb.webp,https://www.lapa.ninja/post/raycast-4/,Minimalist productivity tool with a clean layout and cool color tones.,,cool gray,"[""#f0f0f0"", ""#ffffff"", ""#cccccc"", ""#a0a0a0""]",0.5
Lapa Ninja (Post),RXK Studio,STUDIO,,,https://cdn.lapa.ninja/assets/images/1x/rxkstudio-thumb.webp,https://www.lapa.ninja/post/rxkstudio/,Minimalist studio showcase with a neutral palette and clean layout.,,neutral tones,"[""#f0f0f0"", ""#ffffff"", ""#cccccc"", ""#333333""]",0.5
Lapa Ninja (Post),Robbin Cenijn,PORTFOLIO,,,https://cdn.lapa.ninja/assets/images/1x/robbincenijn-thumb.webp,https://www.lapa.ninja/post/robbincenijn/,Minimalist portfolio showcasing a clean layout with a neutral color tone.,,neutral gray,"[""#f0f0f0"", ""#cccccc"", ""#ffffff"", ""#000000""]",0.5
Lapa Ninja (Post),Steve McKinney,PORTFOLIO,,,https://cdn.lapa.ninja/assets/images/1x/iamsteve-thumb.webp,https://www.lapa.ninja/post/iamsteve/,Minimalist portfolio layout with a neutral tone and clean design elements.,,neutral,"[""#ffffff"", ""#000000"", ""#cccccc"", ""#f0f0f0""]",0.5
Lapa Ninja (Post),Agile By Design,CORPORATE,,,https://cdn.lapa.ninja/assets/images/1x/agilebydesign-thumb.webp,https://www.lapa.ninja/post/agilebydesign/,"Professional layout with a neutral tone, featuring a clean design and minimalistic elements.",,neutral gray,"[""#f0f0f0"", ""#ffffff"", ""#cccccc"", ""#333333""]",0.5
Lapa Ninja (Post),Render,HOSTING,,,https://cdn.lapa.ninja/assets/images/1x/render-thumb.webp,https://www.lapa.ninja/post/render/,"Minimalist design with a neutral tone and clean layout, emphasizing simplicity.",,neutral gray,"[""#f0f0f0"", ""#cccccc"", ""#ffffff"", ""#000000""]",0.5
Lapa Ninja (Post),TripSuite,SAAS,,,https://cdn.lapa.ninja/assets/images/1x/tripsuite-thumb.webp,https://www.lapa.ninja/post/tripsuite/,Modern SaaS interface with a clean layout and a neutral color palette.,,neutral gray,"[""#f0f0f0"", ""#ffffff"", ""#cccccc"", ""#333333""]",0.5
Lapa Ninja (Post),Storio group,CORPORATE,,,https://cdn.lapa.ninja/assets/images/1x/storiogroup-thumb.webp,https://www.lapa.ninja/post/storiogroup/,"Corporate site with a clean layout and neutral tones, emphasizing professionalism.",,neutral gray,"[""#f0f0f0"", ""#cccccc"", ""#333333"", ""#ffffff""]",0.5
Lapa Ninja (Post),ONMI,APP,,,https://cdn.lapa.ninja/assets/images/1x/onmi-thumb.webp,https://www.lapa.ninja/post/onmi/,"Minimalist design with a serene mood, featuring a soft color palette and clean layout.",,soft neutral,"[""#f0f0f0"", ""#ffffff"", ""#d9d9d9"", ""#bfbfbf""]",0.5
Lapa Ninja (Post),Forever,AGENCY,,,https://cdn.lapa.ninja/assets/images/1x/thinkforever-thumb.webp,https://www.lapa.ninja/post/thinkforever/,"Minimalist design with a serene mood, featuring a soft color palette and spacious layout.",,soft neutral,"[""#f0f0f0"", ""#ffffff"", ""#d9d9d9"", ""#bfbfbf""]",0.5
Lapa Ninja (Post),Figarc,DESIGN TOOLS,,,https://cdn.lapa.ninja/assets/images/1x/figarc-thumb.webp,https://www.lapa.ninja/post/figarc/,Minimalist design tool showcase with a clean layout and neutral tones.,,neutral,"[""#ffffff"", ""#f0f0f0"", ""#e0e0e0"", ""#cccccc""]",0.5
Lapa Ninja (Post),Nucleus Genomics,HEALTH FITNESS,,,https://cdn.lapa.ninja/assets/images/1x/mynucleus-thumb.webp,https://www.lapa.ninja/post/mynucleus/,Health-focused site with a clean layout and a muted color palette emphasizing wellness.,,neutral tones,"[""#f0f0f0"", ""#ffffff"", ""#e0e0e0"", ""#d0d0d0""]",0.5
Lapa Ninja (Post),Alejandro Mejias,PORTFOLIO,,,https://cdn.lapa.ninja/assets/images/1x/alejandromejias-thumb.webp,https://www.lapa.ninja/post/alejandromejias/,Minimalist portfolio layout with a neutral tone and clean design elements.,,neutral,"[""#ffffff"", ""#f0f0f0"", ""#000000"", ""#cccccc""]",0.5
Lapa Ninja (Post),ANTI,NFT,,,https://cdn.lapa.ninja/assets/images/1x/anti-thumb.webp,https://www.lapa.ninja/post/anti/,"Minimalist design with a dark tone, featuring a sleek layout and subtle visual elements.",,dark,"[""#000000"", ""#ffffff"", ""#333333"", ""#666666""]",0.5
Lapa Ninja (Post),Fernando Puente,PORTFOLIO,,,https://cdn.lapa.ninja/assets/images/1x/fernandopuente-2-thumb.webp,https://www.lapa.ninja/post/fernandopuente-2/,Minimalist portfolio showcasing a serene aesthetic with neutral tones and a clean layout.,,neutral,"[""#ffffff"", ""#f0f0f0"", ""#d9d9d9"", ""#cccccc""]",0.5
Lapa Ninja (Post),The Subtext,SAAS,,,https://cdn.lapa.ninja/assets/images/1x/thesubtext-thumb.webp,https://www.lapa.ninja/post/thesubtext/,"Minimalist layout with a neutral tone, featuring a clean design and subtle visual elements.",,neutral gray,"[""#f0f0f0"", ""#cccccc"", ""#ffffff"", ""#000000""]",0.5
Lapa Ninja (Post),RAYRAYLAB,AGENCY,,,https://cdn.lapa.ninja/assets/images/1x/rayraylab-thumb.webp,https://www.lapa.ninja/post/rayraylab/,Modern design studio showcase with a clean layout and neutral tones.,,neutral,"[""#ffffff"", ""#f0f0f0"", ""#000000"", ""#cccccc""]",0.5
Lapa Ninja (Post),Way,SAAS,,,https://cdn.lapa.ninja/assets/images/1x/way-thumb.webp,https://www.lapa.ninja/post/way/,"Minimalist design with a serene mood, featuring a soft color palette and spacious layout.",,soft neutral,"[""#f0f0f0"", ""#ffffff"", ""#d9d9d9"", ""#bfbfbf""]",0.5
Lapa Ninja (Post),Samuel Scalzo,PORTFOLIO,,,https://cdn.lapa.ninja/assets/images/1x/scalzodesign-2-thumb.webp,https://www.lapa.ninja/post/scalzodesign-2/,Minimalist portfolio showcasing a clean layout with a neutral color tone.,,neutral,"[""#ffffff"", ""#f0f0f0"", ""#000000"", ""#cccccc""]",0.5
Lapa Ninja (Post),Black Jays,VENTURES,,,https://cdn.lapa.ninja/assets/images/1x/blackjays-thumb.webp,https://www.lapa.ninja/post/blackjays/,"Minimalist design with a dark tone, featuring a sleek layout and subtle visual elements.",,dark,"[""#000000"", ""#ffffff"", ""#333333"", ""#666666""]",0.5
Lapa Ninja (Post),Kieran Clarke,PORTFOLIO,,,https://cdn.lapa.ninja/assets/images/1x/kieran-clarke-thumb.webp,https://www.lapa.ninja/post/kieran-clarke/,Minimalist portfolio showcasing a clean layout with neutral tones and subtle elegance.,,neutral tones,"[""#ffffff"", ""#f0f0f0"", ""#e0e0e0"", ""#d0d0d0""]",0.5
Lapa Ninja (Post),Cup of Couple,PRODUCTIVITY,,,https://cdn.lapa.ninja/assets/images/1x/cupofcouple-thumb.webp,https://www.lapa.ninja/post/cupofcouple/,Cozy and inviting layout with warm beige tones and a focus on couple-centric imagery.,,warm beige,"[""#f5f5dc"", ""#d2b48c"", ""#fff8dc"", ""#deb887""]",0.5
Lapa Ninja (Post),Knickey,ECOMMERCE,,,https://cdn.lapa.ninja/assets/images/1x/knickey-thumb.webp,https://www.lapa.ninja/post/knickey/,"Minimalist ecommerce site with a soft, neutral palette and clean layout.",,soft neutral,"[""#f5f5f5"", ""#ffffff"", ""#dcdcdc"", ""#e0e0e0""]",0.5
Lapa Ninja (Post),Woven Whisky,FOOD DRINKS,,,https://cdn.lapa.ninja/assets/images/1x/wovenwhisky-thumb.webp,https://www.lapa.ninja/post/wovenwhisky/,"Rustic whisky post featuring warm tones and a clean, minimal layout.",,warm beige,"[""#d6cfc4"", ""#a67c4d"", ""#7b5b3a"", ""#f5f5f5""]",0.5
Lapa Ninja (Post),Ritual Made,STUDIO,,,https://cdn.lapa.ninja/assets/images/1x/ritualmade-thumb.webp,https://www.lapa.ninja/post/ritualmade/,Serene design showcasing ritualistic elements with a neutral color palette and minimal layout.,,neutral tones,"[""#f5f5f5"", ""#dcdcdc"", ""#ffffff"", ""#b0b0b0""]",0.5
Lapa Ninja (Post),DashGo,CORPORATE,,,https://cdn.lapa.ninja/assets/images/1x/dashgo-thumb.webp,https://www.lapa.ninja/post/dashgo/,"Modern corporate site with a clean layout and a professional, muted color tone.",,neutral tones,"[""#f0f0f0"", ""#ffffff"", ""#cccccc"", ""#333333""]",0.5
Lapa Ninja (Post),Nuu,TECHNOLOGY,,,https://cdn.lapa.ninja/assets/images/1x/explorenuu-thumb.webp,https://www.lapa.ninja/post/explorenuu/,Minimalist tech showcase with a clean layout and neutral tones.,,neutral gray,"[""#f0f0f0"", ""#cccccc"", ""#ffffff"", ""#000000""]",0.5
Lapa Ninja (Post),Stacker,TECHNOLOGY,,,https://cdn.lapa.ninja/assets/images/1x/stackerhq-thumb.webp,https://www.lapa.ninja/post/stackerhq/,"Minimalist tech site with a clean layout and neutral tones, emphasizing functionality.",,neutral gray,"[""#f0f0f0"", ""#ffffff"", ""#cccccc"", ""#333333""]",0.5
Lapa Ninja (Post),Steven Olimpio,PORTFOLIO,,,https://cdn.lapa.ninja/assets/images/1x/olimpio-thumb.webp,https://www.lapa.ninja/post/olimpio/,Minimalist portfolio showcasing a clean layout with a neutral color tone.,,neutral,"[""#ffffff"", ""#f0f0f0"", ""#000000"", ""#cccccc""]",0.5
Lapa Ninja (Post),Refuse Uline,BUSINESS,,,https://cdn.lapa.ninja/assets/images/1x/refuseuline-thumb.webp,https://www.lapa.ninja/post/refuseuline/,"Minimalist layout with a neutral tone, featuring a clean design and subtle visual elements.",,neutral,"[""#ffffff"", ""#f0f0f0"", ""#000000"", ""#cccccc""]",0.5
Lapa Ninja (Post),VR for Work,TECHNOLOGY,,,https://cdn.lapa.ninja/assets/images/1x/vrforwork-thumb.webp,https://www.lapa.ninja/post/vrforwork/,Futuristic workspace theme with a sleek layout and cool color tones.,,cool gray,"[""#cccccc"", ""#999999"", ""#666666"", ""#333333""]",0.5
Lapa Ninja (Post),Madbox,3D WEBSITES,,,https://cdn.lapa.ninja/assets/images/1x/madbox-thumb.webp,https://www.lapa.ninja/post/madbox/,Modern 3D website with a vibrant color scheme and dynamic layout.,,bright and dynamic,"[""#ff5733"", ""#33c1ff"", ""#ff33a1"", ""#33ff57""]",0.5
Lapa Ninja (Post),Mickaël Larchevêque,PORTFOLIO,,,https://cdn.lapa.ninja/assets/images/1x/dotmick-thumb.webp,https://www.lapa.ninja/post/dotmick/,Minimalist portfolio showcasing a modern aesthetic with a neutral color palette and clean layout.,,neutral tones,"[""#ffffff"", ""#f0f0f0"", ""#000000"", ""#cccccc""]",0.5
Lapa Ninja (Post),Hoboken Yogi,HEALTH FITNESS,,,https://cdn.lapa.ninja/assets/images/1x/hobokenyogi-thumb.webp,https://www.lapa.ninja/post/hobokenyogi/,"Serene wellness site with a warm beige palette and a clean, minimal layout.",,warm beige,"[""#f5f5dc"", ""#e0e0e0"", ""#ffffff"", ""#dcdcdc""]",0.5
Lapa Ninja (Post),Houses Of Malmö,ECOMMERCE,,,https://cdn.lapa.ninja/assets/images/1x/hom-design-thumb.webp,https://www.lapa.ninja/post/hom-design/,Modern design showcase with a neutral palette and spacious layout emphasizing architecture.,,neutral tones,"[""#f0f0f0"", ""#d9d9d9"", ""#ffffff"", ""#cccccc""]",0.5
Lapa Ninja (Post),KITTEN,AGENCY,,,https://cdn.lapa.ninja/assets/images/1x/kittenproduction-thumb.webp,https://www.lapa.ninja/post/kittenproduction/,Playful and whimsical layout with soft tones and a focus on kitten imagery.,,soft pastel,"[""#f0e5d8"", ""#f8c8d8"", ""#d1e8e2"", ""#ffffff""]",0.5
Lapa Ninja (Post),Fuente Real,REAL ESTATE,,,https://cdn.lapa.ninja/assets/images/1x/fuentereal-thumb.webp,https://www.lapa.ninja/post/fuentereal/,Elegant real estate showcase with a neutral palette and spacious layout.,,neutral tones,"[""#f0f0f0"", ""#d9d9d9"", ""#ffffff"", ""#cccccc""]",0.5
Lapa Ninja (Post),Altos Ventures,CORPORATE,,,https://cdn.lapa.ninja/assets/images/1x/altos-ventures-thumb.webp,https://www.lapa.ninja/post/altos-ventures/,"Corporate site with a professional tone, featuring a clean layout and muted color scheme.",,neutral gray,"[""#f0f0f0"", ""#cccccc"", ""#333333"", ""#ffffff""]",0.5
Lapa Ninja (Post),Daye,HEALTH FITNESS,,,https://cdn.lapa.ninja/assets/images/1x/yourdaye-thumb.webp,https://www.lapa.ninja/post/yourdaye/,Energetic fitness site with a vibrant palette and dynamic layout.,,bright and energetic,"[""#ff5733"", ""#33c1ff"", ""#ffcc00"", ""#ffffff""]",0.5
Lapa Ninja (Post),F. Miller Skincare,BEAUTY,,,https://cdn.lapa.ninja/assets/images/1x/fmillerskincare-thumb.webp,https://www.lapa.ninja/post/fmillerskincare/,"Elegant skincare site with a soft, neutral palette and minimalistic layout.",,soft beige,"[""#f5f5f5"", ""#e0d4c1"", ""#d9c9b2"", ""#ffffff""]",0.5
Lapa Ninja (Post),Claudia Rubin,PORTFOLIO,,,https://cdn.lapa.ninja/assets/images/1x/claudiarubin-thumb.webp,https://www.lapa.ninja/post/claudiarubin/,Minimalist portfolio showcasing a serene mood with a neutral color palette and clean layout.,,neutral tones,"[""#f0f0f0"", ""#ffffff"", ""#d9d9d9"", ""#bfbfbf""]",0.5
Lapa Ninja (Post),Fireside,PRODUCTIVITY,,,https://cdn.lapa.ninja/assets/images/1x/fireside-thumb.webp,https://www.lapa.ninja/post/fireside/,"Cozy productivity site with warm tones and a clean, minimal layout.",,warm beige,"[""#f5f5dc"", ""#d2b48c"", ""#fff8dc"", ""#deb887""]",0.5
Lapa Ninja (Post),Goodkids,AGENCY,,,https://cdn.lapa.ninja/assets/images/1x/goodkidsagency-thumb.webp,https://www.lapa.ninja/post/goodkidsagency/,"Playful agency site with a vibrant color palette and a clean, structured layout.",,bright and playful,"[""#ffcc00"", ""#ff6699"", ""#66ccff"", ""#ffffff""]",0.5
Lapa Ninja (Post),Seed,HEALTH FITNESS,,,https://cdn.lapa.ninja/assets/images/1x/seed-thumb.webp,https://www.lapa.ninja/post/seed/,Minimalist health-focused layout with a serene color tone and clean design elements.,,neutral tones,"[""#ffffff"", ""#f0f0f0"", ""#e0e0e0"", ""#d0d0d0""]",0.5
Lapa Ninja (Post),Sunny at Sea,AGENCY,,,https://cdn.lapa.ninja/assets/images/1x/sunnyatsea-thumb.webp,https://www.lapa.ninja/post/sunnyatsea/,Bright coastal theme with warm beige tones and a spacious layout.,,warm beige,"[""#f5e1a4"", ""#f9c74f"", ""#f94144"", ""#f3722c""]",0.5
Lapa Ninja (Post),Cosmos,BLOCKCHAIN,,,https://cdn.lapa.ninja/assets/images/1x/cosmos-network-thumb.webp,https://www.lapa.ninja/post/cosmos-network/,"Futuristic layout with a cosmic theme, featuring a dark palette and abstract visuals.",,dark cosmic,"[""#000000"", ""#1a1a1a"", ""#ffffff"", ""#ffcc00""]",0.5
Lapa Ninja (Post),Kyle Wilkinson,STUDIO,,,https://cdn.lapa.ninja/assets/images/1x/wilkinson-studio-thumb.webp,https://www.lapa.ninja/post/wilkinson-studio/,Minimalist design showcasing a serene mood with a neutral palette and spacious layout.,,neutral tones,"[""#ffffff"", ""#f0f0f0"", ""#d9d9d9"", ""#bfbfbf""]",0.5
Lapa Ninja (Post),Evan Corrigan,PORTFOLIO,,,https://cdn.lapa.ninja/assets/images/1x/corrigan-thumb.webp,https://www.lapa.ninja/post/corrigan/,Minimalist portfolio showcasing a clean layout with neutral tones and subtle elegance.,,neutral tones,"[""#ffffff"", ""#f0f0f0"", ""#d9d9d9"", ""#bfbfbf""]",0.5
Lapa Ninja (Post),Seyi,PORTFOLIO,,,https://cdn.lapa.ninja/assets/images/1x/seyi-thumb.webp,https://www.lapa.ninja/post/seyi/,Minimalist portfolio layout with a neutral tone and clean design elements.,,neutral,"[""#ffffff"", ""#f0f0f0"", ""#000000"", ""#cccccc""]",0.5
Lapa Ninja (Post),Monster Box,BLOG,,,https://cdn.lapa.ninja/assets/images/1x/mbpedia-thumb.webp,https://www.lapa.ninja/post/mbpedia/,Playful and whimsical layout with a vibrant color palette and engaging imagery.,,bright and playful,"[""#ffcc00"", ""#ff6699"", ""#66ccff"", ""#ffccff""]",0.5
Lapa Ninja (Post),Contra,FREELANCE,,,https://cdn.lapa.ninja/assets/images/1x/contra-thumb.webp,https://www.lapa.ninja/post/contra/,"Minimalist design with a neutral tone, featuring a clean layout and subtle visual elements.",,neutral gray,"[""#f0f0f0"", ""#cccccc"", ""#ffffff"", ""#000000""]",0.5
Lapa Ninja (Post),INDEX,COMMUNITY,,,https://cdn.lapa.ninja/assets/images/1x/index-space-thumb.webp,https://www.lapa.ninja/post/index-space/,"Minimalist design with a serene mood, featuring a soft color palette and spacious layout.",,soft neutral,"[""#f0f0f0"", ""#ffffff"", ""#d9d9d9"", ""#bfbfbf""]",0.5
Lapa Ninja (Post),Versions,AGENCY,,,https://cdn.lapa.ninja/assets/images/1x/versions-thumb.webp,https://www.lapa.ninja/post/versions/,"Minimalist layout with a neutral tone, featuring a clean design and subtle visual hierarchy.",,neutral gray,"[""#f0f0f0"", ""#cccccc"", ""#ffffff"", ""#000000""]",0.5
Lapa Ninja (Post),Erica Weiner,ECOMMERCE,,,https://cdn.lapa.ninja/assets/images/1x/ericaweiner-thumb.webp,https://www.lapa.ninja/post/ericaweiner/,Minimalist e-commerce site with a neutral palette and clean layout.,,neutral tones,"[""#f0f0f0"", ""#ffffff"", ""#000000"", ""#cccccc""]",0.5
Lapa Ninja (Post),Bukwild,STUDIO,,,https://cdn.lapa.ninja/assets/images/1x/bukwild-09-01-2021-thumb.webp,https://www.lapa.ninja/post/bukwild-2/,Minimalist design with earthy tones and a spacious layout emphasizing nature.,,earthy green,"[""#4a7c2b"", ""#d9e6d9"", ""#ffffff"", ""#b0c4a1""]",0.5
Lapa Ninja (Post),Tori Hinn,PORTFOLIO,,,https://cdn.lapa.ninja/assets/images/1x/torihinn-thumb.webp,https://www.lapa.ninja/post/torihinn/,"Minimalist portfolio site with a serene mood and neutral tones, featuring a clean layout.",,neutral,"[""#ffffff"", ""#f0f0f0"", ""#000000"", ""#cccccc""]",0.5
Lapa Ninja (Post),THEY THE THEM ARE WE,COMMUNITY,,,https://cdn.lapa.ninja/assets/images/1x/theythethemarewe-thumb.webp,https://www.lapa.ninja/post/theythethemarewe/,"Community-focused post with a vibrant, engaging layout and a warm color tone.",,warm,"[""#ffcc00"", ""#ff6600"", ""#ff3300"", ""#ffffff""]",0.5
Lapa Ninja (Post),Nofilter.space,NEWS,,,https://cdn.lapa.ninja/assets/images/1x/nofilter-space-thumb.webp,https://www.lapa.ninja/post/nofilter-space/,"Minimalist design with a serene mood, featuring a soft color palette and spacious layout.",,soft neutral,"[""#f0f0f0"", ""#ffffff"", ""#d9d9d9"", ""#bfbfbf""]",0.5
Lapa Ninja (Post),Infrared,HEALTH FITNESS,,,https://cdn.lapa.ninja/assets/images/1x/infraredmindbody-thumb.webp,https://www.lapa.ninja/post/infraredmindbody/,Energetic fitness post with a vibrant color palette and dynamic layout.,,vibrant,"[""#ff5733"", ""#33ff57"", ""#3357ff"", ""#f1c40f""]",0.5
Lapa Ninja (Post),Serino,FASHION,,,https://cdn.lapa.ninja/assets/images/1x/serino-studio-thumb.webp,https://www.lapa.ninja/post/serino-studio/,Minimalist studio showcase with a neutral palette and clean layout.,,neutral tones,"[""#f0f0f0"", ""#d9d9d9"", ""#ffffff"", ""#cccccc""]",0.5
Lapa Ninja (Post),Revolut,FINTECH,,,https://cdn.lapa.ninja/assets/images/1x/revolut-08-28-2021-thumb.webp,https://www.lapa.ninja/post/revolut-3/,Modern fintech site with a sleek layout and a cool color tone emphasizing trust.,,cool gray,"[""#f0f4f8"", ""#ffffff"", ""#e0e0e0"", ""#a0a0a0""]",0.5
Lapa Ninja (Post),Kieran Parker,PORTFOLIO,,,https://cdn.lapa.ninja/assets/images/1x/kieranparker-thumb.webp,https://www.lapa.ninja/post/kieranparker/,Minimalist portfolio showcasing a clean layout with neutral tones and subtle elegance.,,neutral tones,"[""#ffffff"", ""#f0f0f0"", ""#d9d9d9"", ""#cccccc""]",0.5
Lapa Ninja (Post),MOZOM,STUDIO,,,https://cdn.lapa.ninja/assets/images/1x/mozom-1-thumb.webp,https://www.lapa.ninja/post/mozom-1/,"Minimalist design with a neutral palette and a clean, spacious layout.",,neutral tones,"[""#ffffff"", ""#f0f0f0"", ""#d9d9d9"", ""#bfbfbf""]",0.5
Lapa Ninja (Post),FENN,BEAUTY,,,https://cdn.lapa.ninja/assets/images/1x/fennstore-thumb.webp,https://www.lapa.ninja/post/fennstore/,Minimalist e-commerce site with a neutral palette and clean layout emphasizing product imagery.,,neutral tones,"[""#f5f5f5"", ""#ffffff"", ""#000000"", ""#dcdcdc""]",0.5
Lapa Ninja (Post),Mailchimp,MAIL,,,https://cdn.lapa.ninja/assets/images/1x/mailchimp-08-28-2021-thumb.webp,https://www.lapa.ninja/post/mailchimp-4/,Playful email marketing site with a vibrant color palette and engaging layout.,,bright and playful,"[""#ff7f50"", ""#ffd700"", ""#4682b4"", ""#ffffff""]",0.5
Lapa Ninja (Post),Macro,SOFTWARE,,,https://cdn.lapa.ninja/assets/images/1x/macro-thumb.webp,https://www.lapa.ninja/post/macro/,"Minimalist design with a neutral tone, featuring a clean layout and subtle visual elements.",,neutral,"[""#ffffff"", ""#f0f0f0"", ""#e0e0e0"", ""#cccccc""]",0.5
Lapa Ninja (Post),UNION©,CORPORATE,,,https://cdn.lapa.ninja/assets/images/1x/unionconstruction-thumb.webp,https://www.lapa.ninja/post/unionconstruction/,Industrial-themed site with a neutral palette and structured layout emphasizing construction.,,neutral gray,"[""#808080"", ""#d3d3d3"", ""#ffffff"", ""#000000""]",0.5
Lapa Ninja (Post),Clain,BLOCKCHAIN,,,https://cdn.lapa.ninja/assets/images/1x/clain-thumb.webp,https://www.lapa.ninja/post/clain/,"Minimalist layout with a neutral tone, featuring a clean design and subtle color accents.",,neutral,"[""#ffffff"", ""#f0f0f0"", ""#e0e0e0"", ""#cccccc""]",0.5
Lapa Ninja (Post),Podcorn,CORPORATE,,,https://cdn.lapa.ninja/assets/images/1x/podcorn-thumb.webp,https://www.lapa.ninja/post/podcorn/,"Corporate website with a clean layout and neutral tones, featuring a modern aesthetic.",,neutral tones,"[""#ffffff"", ""#f0f0f0"", ""#000000"", ""#cccccc""]",0.5
Lapa Ninja (Post),Scruples Studio,STUDIO,,,https://cdn.lapa.ninja/assets/images/1x/scruples-studio-thumb.webp,https://www.lapa.ninja/post/scruples-studio/,Minimalist studio showcase with a neutral palette and clean layout.,,neutral tones,"[""#f5f5f5"", ""#cccccc"", ""#ffffff"", ""#000000""]",0.5
Lapa Ninja (Post),antinomy,STUDIO,,,https://cdn.lapa.ninja/assets/images/1x/antinomy-thumb.webp,https://www.lapa.ninja/post/antinomy/,"Minimalist design with a neutral palette and a clean, spacious layout.",,neutral tones,"[""#ffffff"", ""#f0f0f0"", ""#d9d9d9"", ""#bfbfbf""]",0.5
Lapa Ninja (Post),Bastien Allard,PORTFOLIO,,,https://cdn.lapa.ninja/assets/images/1x/bastienallard-08-26-2021-thumb.webp,https://www.lapa.ninja/post/bastienallard-2/,Minimalist portfolio showcasing a clean layout with a neutral color tone.,,neutral gray,"[""#f0f0f0"", ""#ffffff"", ""#000000"", ""#cccccc""]",0.5
Lapa Ninja (Post),Camille Luang,PORTFOLIO,,,https://cdn.lapa.ninja/assets/images/1x/camilleluang-thumb.webp,https://www.lapa.ninja/post/camilleluang/,Minimalist portfolio showcasing a serene mood with a neutral color tone and clean layout.,,neutral,"[""#ffffff"", ""#f0f0f0"", ""#d9d9d9"", ""#bfbfbf""]",0.5
Lapa Ninja (Post),Cleo,APP,,,https://cdn.lapa.ninja/assets/images/1x/meetcleo-thumb.webp,https://www.lapa.ninja/post/meetcleo/,"Minimalist design with a soft color palette and clean layout, emphasizing simplicity.",,soft neutral,"[""#f0f0f0"", ""#ffffff"", ""#d9d9d9"", ""#bfbfbf""]",0.5
Lapa Ninja (Post),Giulia Saporito,PORTFOLIO,,,https://cdn.lapa.ninja/assets/images/1x/giuliasaporito-thumb.webp,https://www.lapa.ninja/post/giuliasaporito/,Minimalist portfolio showcasing a serene mood with a neutral color palette and clean layout.,,neutral,"[""#ffffff"", ""#f0f0f0"", ""#d9d9d9"", ""#000000""]",0.5
Lapa Ninja (Post),Pipe,PRODUCTIVITY,,,https://cdn.lapa.ninja/assets/images/1x/pipe-thumb.webp,https://www.lapa.ninja/post/pipe/,Minimalist productivity post with a neutral tone and clean layout.,,neutral,"[""#ffffff"", ""#f0f0f0"", ""#e0e0e0"", ""#cccccc""]",0.5
Lapa Ninja (Post),Potion Lifestyle,BEAUTY,,,https://cdn.lapa.ninja/assets/images/1x/potionlifestyle-thumb.webp,https://www.lapa.ninja/post/potionlifestyle/,Serene lifestyle site with a warm beige palette and minimalistic layout.,,warm beige,"[""#f5f5dc"", ""#d2b48c"", ""#fff8dc"", ""#e6e6fa""]",0.5
Lapa Ninja (Post),Kinn Home,ECOMMERCE,,,https://cdn.lapa.ninja/assets/images/1x/kinnhome-thumb.webp,https://www.lapa.ninja/post/kinnhome/,Minimalist home decor site with a serene layout and soft neutral tones.,,soft neutral,"[""#f5f5f5"", ""#e0e0e0"", ""#ffffff"", ""#dcdcdc""]",0.5
Lapa Ninja (Post),Occo Spices,FOOD DRINKS,,,https://cdn.lapa.ninja/assets/images/1x/eatocco-thumb.webp,https://www.lapa.ninja/post/eatocco/,"Warm and inviting food blog layout with earthy tones and a clean, spacious design.",,earthy tones,"[""#d9c9a3"", ""#a67c4d"", ""#f5f5f5"", ""#8b5a2b""]",0.5
Lapa Ninja (Post),Parquet Courts,ILLUSTRATION,,,https://cdn.lapa.ninja/assets/images/1x/parquet-courts-thumb.webp,https://www.lapa.ninja/post/parquet-courts/,Eclectic post featuring Parquet Courts with a vibrant color palette and dynamic layout.,,vibrant,"[""#ff5733"", ""#33c1ff"", ""#ff33a1"", ""#f3ff33""]",0.5
Lapa Ninja (Post),The Well,NFT,,,https://cdn.lapa.ninja/assets/images/1x/the-well-thumb.webp,https://www.lapa.ninja/post/the-well/,"Serene design with a muted color palette and a clean, minimal layout.",,neutral tones,"[""#f0f0f0"", ""#d9d9d9"", ""#bfbfbf"", ""#a6a6a6""]",0.5
Lapa Ninja (Post),SUPERGLOW,AGENCY,,,https://cdn.lapa.ninja/assets/images/1x/superglow-thumb.webp,https://www.lapa.ninja/post/superglow/,Bright and playful layout with a vibrant color scheme and engaging visual elements.,,vibrant and playful,"[""#ffcc00"", ""#ff6699"", ""#66ccff"", ""#ffffff""]",0.5
Lapa Ninja (Post),Kookslams Hard Seltzer,FOOD DRINKS,,,https://cdn.lapa.ninja/assets/images/1x/kookslamshardseltzer-thumb.webp,https://www.lapa.ninja/post/kookslamshardseltzer/,Vibrant beverage showcase with a lively color palette and engaging layout.,,bright and lively,"[""#ffcc00"", ""#ff6699"", ""#66ccff"", ""#ffcc66""]",0.5
Lapa Ninja (Post),Crosta & Mollica,FOOD DRINKS,,,https://cdn.lapa.ninja/assets/images/1x/crostamollica-thumb.webp,https://www.lapa.ninja/post/crostamollica/,"Warm and inviting food blog layout with earthy tones and a clean, spacious design.",,earthy tones,"[""#d9c6b2"", ""#f5f0e1"", ""#c2b59c"", ""#a78b6e""]",0.5
Lapa Ninja (Post),Nuno Pereira Sousa,PORTFOLIO,,,https://cdn.lapa.ninja/assets/images/1x/nunops-thumb.webp,https://www.lapa.ninja/post/nunops/,Minimalist portfolio showcasing a clean layout with a neutral color tone and subtle design elements.,,neutral,"[""#ffffff"", ""#f0f0f0"", ""#000000"", ""#cccccc""]",0.5
Lapa Ninja (Post),Mario Gogh,PORTFOLIO,,,https://cdn.lapa.ninja/assets/images/1x/mariogogh-thumb.webp,https://www.lapa.ninja/post/mariogogh/,Artistic portfolio showcasing vibrant colors and a dynamic layout with a focus on creativity.,,vibrant,"[""#ff5733"", ""#33ff57"", ""#3357ff"", ""#f1c40f""]",0.5
Lapa Ninja (Post),Maciej Mach,PORTFOLIO,,,https://cdn.lapa.ninja/assets/images/1x/maciejmach-thumb.webp,https://www.lapa.ninja/post/maciejmach/,Minimalist portfolio showcasing a clean layout with a neutral color tone.,,neutral,"[""#ffffff"", ""#f0f0f0"", ""#000000"", ""#cccccc""]",0.5
Lapa Ninja (Post),Alike,APP,,,https://cdn.lapa.ninja/assets/images/1x/alike-thumb.webp,https://www.lapa.ninja/post/alike/,Minimalist design showcasing a serene mood with a soft color palette and clean layout.,,soft neutral,"[""#f0f0f0"", ""#d9d9d9"", ""#ffffff"", ""#cccccc""]",0.5
Lapa Ninja (Post),Atlantis Technology,ILLUSTRATION,,,https://cdn.lapa.ninja/assets/images/1x/atlantistech-thumb.webp,https://www.lapa.ninja/post/atlantistech/,Futuristic tech showcase with a cool color palette and minimalistic layout.,,cool gray,"[""#a0a0a0"", ""#ffffff"", ""#000000"", ""#007acc""]",0.5
Lapa Ninja (Post),Scope of Work,AGENCY,,,https://cdn.lapa.ninja/assets/images/1x/scopeofwork-thumb.webp,https://www.lapa.ninja/post/scopeofwork/,"Professional layout with a neutral tone, emphasizing clarity and structure in design.",,neutral gray,"[""#f0f0f0"", ""#cccccc"", ""#333333"", ""#ffffff""]",0.5
Lapa Ninja (Post),FUTUREVVORLD,COMMUNITY,,,https://cdn.lapa.ninja/assets/images/1x/futurevvorld-thumb.webp,https://www.lapa.ninja/post/futurevvorld/,"Futuristic design with a vibrant color palette and a clean, minimal layout.",,vibrant,"[""#ff6f61"", ""#6a5acd"", ""#f0e68c"", ""#20b2aa""]",0.5
Lapa Ninja (Post),Fussy,ECOMMERCE,,,https://cdn.lapa.ninja/assets/images/1x/getfussy-thumb.webp,https://www.lapa.ninja/post/getfussy/,Minimalist e-commerce site with a clean layout and soft color tones.,,soft neutral,"[""#f0f0f0"", ""#ffffff"", ""#e0e0e0"", ""#d0d0d0""]",0.5
Lapa Ninja (Post),Bloomers,AGENCY,,,https://cdn.lapa.ninja/assets/images/1x/bloomers-thumb.webp,https://www.lapa.ninja/post/bloomers/,Playful and vibrant layout with a warm beige palette and whimsical design elements.,,warm beige,"[""#f5f5dc"", ""#ffebcd"", ""#ffe4b5"", ""#fffacd""]",0.5
Lapa Ninja (Post),Henry Desroches,PORTFOLIO,,,https://cdn.lapa.ninja/assets/images/1x/henry-codes-thumb.webp,https://www.lapa.ninja/post/henry-codes/,Minimalist portfolio showcasing a clean layout with a neutral color tone.,,neutral,"[""#ffffff"", ""#f0f0f0"", ""#000000"", ""#cccccc""]",0.5
Lapa Ninja (Post),TOGETHXR,ECOMMERCE,,,https://cdn.lapa.ninja/assets/images/1x/togethxr-thumb.webp,https://www.lapa.ninja/post/togethxr/,Dynamic e-commerce site with a vibrant color palette and engaging layout.,,vibrant,"[""#ff6f61"", ""#6b5b95"", ""#88b04b"", ""#f7cac9""]",0.5
Lapa Ninja (Post),Drive Capital,AGENCY,,,https://cdn.lapa.ninja/assets/images/1x/drivecapital-thumb.webp,https://www.lapa.ninja/post/drivecapital/,Professional investment site with a clean layout and muted tones.,,neutral tones,"[""#f0f0f0"", ""#ffffff"", ""#000000"", ""#007bff""]",0.5
Lapa Ninja (Post),Hugo Nicaise,PORTFOLIO,,,https://cdn.lapa.ninja/assets/images/1x/hugonicaise-thumb.webp,https://www.lapa.ninja/post/hugonicaise/,Minimalist portfolio showcasing a clean layout with a neutral color tone.,,neutral,"[""#ffffff"", ""#f0f0f0"", ""#000000"", ""#cccccc""]",0.5
Lapa Ninja (Post),Stream Club,COMMUNITY,,,https://cdn.lapa.ninja/assets/images/1x/streamclub-thumb.webp,https://www.lapa.ninja/post/streamclub/,Energetic streaming platform with vibrant colors and a dynamic layout.,,bright and lively,"[""#ff5733"", ""#33c1ff"", ""#ffcc00"", ""#ffffff""]",0.5
Lapa Ninja (Post),Leonid Kostetskyi,PORTFOLIO,,,https://cdn.lapa.ninja/assets/images/1x/leonidkostetskyi-thumb.webp,https://www.lapa.ninja/post/leonidkostetskyi/,Minimalist portfolio showcasing a clean layout with neutral tones and subtle elegance.,,neutral tones,"[""#ffffff"", ""#f0f0f0"", ""#d9d9d9"", ""#bfbfbf""]",0.5
Lapa Ninja (Post),Epicurrence,EVENT,,,https://cdn.lapa.ninja/assets/images/1x/epicurrence-2021-thumb.webp,https://www.lapa.ninja/post/epicurrence-2021/,Vibrant event showcase with a dynamic layout and energetic color tones.,,energetic,"[""#ff6f61"", ""#6b5b95"", ""#88b04b"", ""#f7cac9""]",0.5
Lapa Ninja (Post),Club local,FOOD DRINKS,,,https://cdn.lapa.ninja/assets/images/1x/clublocal-thumb.webp,https://www.lapa.ninja/post/clublocal/,Casual dining vibe with warm beige tones and a relaxed layout.,,warm beige,"[""#f5f5dc"", ""#d2b48c"", ""#deb887"", ""#ffe4b5""]",0.5
Lapa Ninja (Post),Makeshift Brooklyn,STUDIO,,,https://cdn.lapa.ninja/assets/images/1x/makeshiftbk-thumb.webp,https://www.lapa.ninja/post/makeshiftbk/,Urban-inspired layout with a warm beige palette and minimalistic design elements.,,warm beige,"[""#f5f5dc"", ""#d3c6a8"", ""#b0a99f"", ""#8c7b6b""]",0.5
Lapa Ninja (Post),Ljubicic Tennis Academy,EDUCATION,,,https://cdn.lapa.ninja/assets/images/1x/ljubicicacademy-thumb.webp,https://www.lapa.ninja/post/ljubicicacademy/,Energetic tennis academy site with a vibrant color palette and dynamic layout.,,bright and energetic,"[""#ffcc00"", ""#ff6600"", ""#ffffff"", ""#000000""]",0.5
Lapa Ninja (Post),Section Cut,EVENT,,,https://cdn.lapa.ninja/assets/images/1x/sectioncut-thumb.webp,https://www.lapa.ninja/post/sectioncut/,"Minimalist layout with a neutral tone, featuring clean lines and subtle design elements.",,neutral gray,"[""#f0f0f0"", ""#cccccc"", ""#ffffff"", ""#000000""]",0.5
Lapa Ninja (Post),Hyphen,TECHNOLOGY,,,https://cdn.lapa.ninja/assets/images/1x/usehyphen-thumb.webp,https://www.lapa.ninja/post/usehyphen/,"Minimalist design with a neutral tone, featuring a clean layout and subtle visual elements.",,neutral gray,"[""#f0f0f0"", ""#cccccc"", ""#ffffff"", ""#000000""]",0.5
Lapa Ninja (Post),K72 Agency,AGENCY,,,https://cdn.lapa.ninja/assets/images/1x/k72-thumb.webp,https://www.lapa.ninja/post/k72/,Modern agency showcase with a clean layout and neutral color tones.,,neutral gray,"[""#f0f0f0"", ""#ffffff"", ""#000000"", ""#cccccc""]",0.5
Lapa Ninja (Post),Kazuki Noda,PORTFOLIO,,,https://cdn.lapa.ninja/assets/images/1x/kazukinoda-thumb.webp,https://www.lapa.ninja/post/kazukinoda/,Minimalist portfolio showcasing a serene mood with a neutral color palette and clean layout.,,neutral tones,"[""#ffffff"", ""#f0f0f0"", ""#d9d9d9"", ""#bfbfbf""]",0.5
Lapa Ninja (Post),Media.Monks,AGENCY,,,https://cdn.lapa.ninja/assets/images/1x/media-monks-thumb.webp,https://www.lapa.ninja/post/media-monks/,Modern agency showcase with a sleek layout and a neutral color tone.,,neutral gray,"[""#f0f0f0"", ""#cccccc"", ""#333333"", ""#ffffff""]",0.5
Lapa Ninja (Post),Lucas Mesa Gouiffes,,,,https://cdn.lapa.ninja/assets/images/1x/lucasmesagouiffes-thumb.webp,https://www.lapa.ninja/post/lucasmesagouiffes/,"Minimalist design with a neutral tone, featuring a clean layout and subtle visual elements.",,neutral,"[""#ffffff"", ""#f0f0f0"", ""#e0e0e0"", ""#d0d0d0""]",0.5
Lapa Ninja (Post),twelveNYC,AGENCY,,,https://cdn.lapa.ninja/assets/images/1x/twelvenyc-thumb.webp,https://www.lapa.ninja/post/twelvenyc/,Urban-inspired design with a neutral palette and minimalistic layout.,,neutral gray,"[""#f0f0f0"", ""#cccccc"", ""#333333"", ""#ffffff""]",0.5
Lapa Ninja (Post),Cliphire,PRODUCTIVITY,,,https://cdn.lapa.ninja/assets/images/1x/cliphire-thumb.webp,https://www.lapa.ninja/post/cliphire/,Productivity-focused layout with a clean aesthetic and neutral tones.,,neutral gray,"[""#f0f0f0"", ""#cccccc"", ""#ffffff"", ""#000000""]",0.5
Lapa Ninja (Post),Nobell Foods,FOOD DRINKS,,,https://cdn.lapa.ninja/assets/images/1x/nobellfoods-thumb.webp,https://www.lapa.ninja/post/nobellfoods/,Modern food brand showcase with a clean layout and warm beige tones.,,warm beige,"[""#f5f5dc"", ""#d2b48c"", ""#fff8dc"", ""#deb887""]",0.5
Lapa Ninja (Post),Palantir IR,BUSINESS,,,https://cdn.lapa.ninja/assets/images/1x/palantir-thumb.webp,https://www.lapa.ninja/post/palantir/,"Professional layout with a neutral tone, featuring a structured grid and minimalistic design.",,neutral gray,"[""#f0f0f0"", ""#cccccc"", ""#333333"", ""#ffffff""]",0.5
Lapa Ninja (Post),Steve Carr,PORTFOLIO,,,https://cdn.lapa.ninja/assets/images/1x/stevecarr-thumb.webp,https://www.lapa.ninja/post/stevecarr/,Minimalist portfolio showcasing a neutral palette with a clean layout.,,neutral tones,"[""#ffffff"", ""#f0f0f0"", ""#d9d9d9"", ""#000000""]",0.5
Lapa Ninja (Post),GCG DAO,NFT,,,https://cdn.lapa.ninja/assets/images/1x/gcgdao-thumb.webp,https://www.lapa.ninja/post/gcgdao/,"Minimalist design with a neutral palette and a clean, structured layout.",,neutral gray,"[""#f0f0f0"", ""#ffffff"", ""#cccccc"", ""#999999""]",0.5
Lapa Ninja (Post),Felt,TECHNOLOGY,,,https://cdn.lapa.ninja/assets/images/1x/felt-thumb.webp,https://www.lapa.ninja/post/felt/,"Minimalist design with a soft, neutral palette and a clean layout.",,soft neutral,"[""#f5f5f5"", ""#e0e0e0"", ""#ffffff"", ""#cccccc""]",0.5
Lapa Ninja (Post),Bryn Taylor,PORTFOLIO,,,https://cdn.lapa.ninja/assets/images/1x/bryntaylor-thumb.webp,https://www.lapa.ninja/post/bryntaylor/,Minimalist portfolio showcasing a serene mood with a neutral color palette.,,neutral tones,"[""#f0f0f0"", ""#ffffff"", ""#d9d9d9"", ""#bfbfbf""]",0.5
Lapa Ninja (Post),read.cv,COMMUNITY,,,https://cdn.lapa.ninja/assets/images/1x/read-cv-thumb.webp,https://www.lapa.ninja/post/read-cv/,Minimalist portfolio site with a clean layout and soft color tones.,,soft gray,"[""#f5f5f5"", ""#ffffff"", ""#000000"", ""#cccccc""]",0.5
Lapa Ninja (Post),BAGGU,ECOMMERCE,,,https://cdn.lapa.ninja/assets/images/1x/baggu-thumb.webp,https://www.lapa.ninja/post/baggu/,Minimalist ecommerce site with a neutral palette and clean layout emphasizing product imagery.,,neutral tones,"[""#ffffff"", ""#f0f0f0"", ""#e0e0e0"", ""#d0d0d0""]",0.5
Lapa Ninja (Post),Aura Bora,FOOD DRINKS,,,https://cdn.lapa.ninja/assets/images/1x/aurabora-thumb.webp,https://www.lapa.ninja/post/aurabora/,Vibrant beverage showcase with a playful layout and bright color tones.,,bright and playful,"[""#ff6f61"", ""#6b5b95"", ""#88b04b"", ""#f7cac9""]",0.5
Lapa Ninja (Post),Navarra.is,AGENCY,,,https://cdn.lapa.ninja/assets/images/1x/navarra-thumb.webp,https://www.lapa.ninja/post/navarra/,"Minimalist design with a serene mood, featuring a soft color palette and spacious layout.",,soft neutral,"[""#f0f0f0"", ""#d9d9d9"", ""#ffffff"", ""#b0b0b0""]",0.5
Lapa Ninja (Post),Studio Bicyclette,STUDIO,,,https://cdn.lapa.ninja/assets/images/1x/studiobicyclette-thumb.webp,https://www.lapa.ninja/post/studiobicyclette/,Minimalist design showcasing a serene atmosphere with a neutral color palette and spacious layout.,,neutral tones,"[""#f5f5f5"", ""#e0e0e0"", ""#ffffff"", ""#cccccc""]",0.5
Lapa Ninja (Post),Liquid Crystal,AGENCY,,,https://cdn.lapa.ninja/assets/images/1x/makebeautifulwork-thumb.webp,https://www.lapa.ninja/post/makebeautifulwork/,"Minimalist layout with a serene mood, featuring a soft color palette and fluid design elements.",,soft neutral,"[""#f0f0f0"", ""#d9d9d9"", ""#ffffff"", ""#cccccc""]",0.5
Lapa Ninja (Post),Evermade,AGENCY,,,https://cdn.lapa.ninja/assets/images/1x/evermade-thumb.webp,https://www.lapa.ninja/post/evermade/,Minimalist design showcasing a creative agency with a clean layout and neutral tones.,,neutral tones,"[""#ffffff"", ""#f0f0f0"", ""#000000"", ""#cccccc""]",0.5
Lapa Ninja (Post),luge,DEVELOPMENT TOOLS,,,https://cdn.lapa.ninja/assets/images/1x/luge-thumb.webp,https://www.lapa.ninja/post/luge/,"Minimalist design with a neutral tone, featuring a clean layout and subtle visual elements.",,neutral,"[""#ffffff"", ""#f0f0f0"", ""#e0e0e0"", ""#cccccc""]",0.5
Lapa Ninja (Post),Miew,STUDIO,,,https://cdn.lapa.ninja/assets/images/1x/miew-thumb.webp,https://www.lapa.ninja/post/miew/,Minimalist design showcasing a serene mood with a clean layout and soft color tones.,,soft neutral,"[""#f0f0f0"", ""#ffffff"", ""#d9d9d9"", ""#bfbfbf""]",0.5
Lapa Ninja (Post),How Many Plants,ILLUSTRATION,,,https://cdn.lapa.ninja/assets/images/1x/howmanyplants-thumb.webp,https://www.lapa.ninja/post/howmanyplants/,"Playful illustration post with a light and whimsical mood, featuring a simple layout.",,light and whimsical,"[""#ffffff"", ""#f0f0f0"", ""#d0e8d0"", ""#a0c4a0""]",0.5
Lapa Ninja (Post),Instinct Origine,FOOD DRINKS,,,https://cdn.lapa.ninja/assets/images/1x/instinct-paris-thumb.webp,https://www.lapa.ninja/post/instinct-paris/,Elegant food and drink showcase with a warm beige palette and minimalistic layout.,,warm beige,"[""#f5f5dc"", ""#d2b48c"", ""#fff8dc"", ""#deb887""]",0.5
Lapa Ninja (Post),McLane Teitel,PORTFOLIO,,,https://cdn.lapa.ninja/assets/images/1x/mclane-thumb.webp,https://www.lapa.ninja/post/mclane/,Minimalist portfolio layout with a neutral tone and clean design elements.,,neutral,"[""#ffffff"", ""#f0f0f0"", ""#000000"", ""#cccccc""]",0.5
Lapa Ninja (Post),Pluto,APP,,,https://cdn.lapa.ninja/assets/images/1x/pluto-thumb.webp,https://www.lapa.ninja/post/pluto/,"Minimalist design with a serene mood, featuring a soft color palette and clean layout.",,soft neutral,"[""#f0f0f0"", ""#ffffff"", ""#d9d9d9"", ""#bfbfbf""]",0.5
Lapa Ninja (Post),Gucci Osteria,REAL ESTATE,,,https://cdn.lapa.ninja/assets/images/1x/gucciosteria-thumb.webp,https://www.lapa.ninja/post/gucciosteria/,Elegant dining experience with warm beige tones and a minimalist layout.,,warm beige,"[""#f5f5dc"", ""#d8cfc4"", ""#e6d8c1"", ""#ffffff""]",0.5
Lapa Ninja (Post),Flowmingo,EDUCATION,,,https://cdn.lapa.ninja/assets/images/1x/flowmingo-thumb.webp,https://www.lapa.ninja/post/flowmingo/,Playful educational site with vibrant colors and a whimsical layout.,,bright and playful,"[""#ffcc00"", ""#ff6699"", ""#66ccff"", ""#ffccff""]",0.5
Lapa Ninja (Post),Anti,FURNITURE INTERIORS,,,https://cdn.lapa.ninja/assets/images/1x/anti-waste-thumb.webp,https://www.lapa.ninja/post/anti-waste/,Minimalist design with a neutral palette and a focus on sustainable furniture aesthetics.,,neutral tones,"[""#f5f5f5"", ""#cccccc"", ""#999999"", ""#333333""]",0.5
Lapa Ninja (Post),Hello Astro,AGENCY,,,https://cdn.lapa.ninja/assets/images/1x/helloastro-thumb.webp,https://www.lapa.ninja/post/helloastro/,"Playful design with a cosmic theme, featuring a vibrant color palette and whimsical layout.",,vibrant cosmic,"[""#ffcc00"", ""#663399"", ""#00bfff"", ""#ff69b4""]",0.5
Lapa Ninja (Post),Norimasa Inoue,PORTFOLIO,,,https://cdn.lapa.ninja/assets/images/1x/nori-inoue-thumb.webp,https://www.lapa.ninja/post/nori-inoue/,Minimalist portfolio showcasing Norimasa Inoue with a neutral palette and clean layout.,,neutral tones,"[""#ffffff"", ""#f0f0f0"", ""#000000"", ""#cccccc""]",0.5
Lapa Ninja (Post),Airbnb,OUTDOORS TRAVEL,,,https://cdn.lapa.ninja/assets/images/1x/airbnb-08-06-2021-thumb.webp,https://www.lapa.ninja/post/airbnb-3/,"Inviting travel platform with warm tones and a clean, spacious layout.",,warm beige,"[""#f5f5dc"", ""#dcdcdc"", ""#ffffff"", ""#ffebcd""]",0.5
Lapa Ninja (Post),GEN Z 💧,FOOD DRINKS,,,https://cdn.lapa.ninja/assets/images/1x/drinkgenz-thumb.webp,https://www.lapa.ninja/post/drinkgenz/,Vibrant Gen Z drink post with a playful layout and cool color tones.,,cool tones,"[""#00bcd4"", ""#ff4081"", ""#ffeb3b"", ""#8bc34a""]",0.5
Lapa Ninja (Post),Cards Against Humanity,COMMUNITY,,,https://cdn.lapa.ninja/assets/images/1x/cardsagainsthumanity-thumb.webp,https://www.lapa.ninja/post/cardsagainsthumanity/,Playful card game theme with a bold color palette and engaging layout.,,vibrant,"[""#ffffff"", ""#000000"", ""#ff0000"", ""#00ff00""]",0.5
Lapa Ninja (Post),Playdate,TECHNOLOGY,,,https://cdn.lapa.ninja/assets/images/1x/play-date-08-06-2021-thumb.webp,https://www.lapa.ninja/post/play-date-2/,Playful design with a vibrant color palette and a whimsical layout.,,bright and playful,"[""#ffcc00"", ""#ff6699"", ""#66ccff"", ""#ffccff""]",0.5
Lapa Ninja (Post),Miti Navi,AUTOMOTIVE,,,https://cdn.lapa.ninja/assets/images/1x/miti-navi-thumb.webp,https://www.lapa.ninja/post/miti-navi/,Sleek automotive interface with a modern layout and neutral tones.,,neutral gray,"[""#cccccc"", ""#ffffff"", ""#000000"", ""#f0f0f0""]",0.5
Lapa Ninja (Post),A Human Future,STUDIO,,,https://cdn.lapa.ninja/assets/images/1x/ahumanfuture-thumb.webp,https://www.lapa.ninja/post/ahumanfuture/,Thoughtful design reflecting a human-centric approach with a serene color palette.,,neutral tones,"[""#f0f0f0"", ""#d9d9d9"", ""#bfbfbf"", ""#a6a6a6""]",0.5
Lapa Ninja (Post),Jacob Leech,PORTFOLIO,,,https://cdn.lapa.ninja/assets/images/1x/jacobleech-thumb.webp,https://www.lapa.ninja/post/jacobleech/,Minimalist portfolio layout with a neutral tone and clean design elements.,,neutral,"[""#ffffff"", ""#f0f0f0"", ""#000000"", ""#cccccc""]",0.5
Lapa Ninja (Post),Vita Architecture,STUDIO,,,https://cdn.lapa.ninja/assets/images/1x/vitaarchitecture-thumb.webp,https://www.lapa.ninja/post/vitaarchitecture/,Minimalist architecture showcase with a neutral palette and spacious layout.,,neutral tones,"[""#f5f5f5"", ""#cccccc"", ""#ffffff"", ""#000000""]",0.5
Lapa Ninja (Post),Hagi's Barber Shop,CULTURE,,,https://cdn.lapa.ninja/assets/images/1x/hagisbarbershop-thumb.webp,https://www.lapa.ninja/post/hagisbarbershop/,"Stylish barber shop site with a warm beige palette and clean, minimal layout.",,warm beige,"[""#f5f5dc"", ""#d2b48c"", ""#8b4513"", ""#ffffff""]",0.5
Lapa Ninja (Post),GRETA,PORTFOLIO,,,https://cdn.lapa.ninja/assets/images/1x/gretamusic-thumb.webp,https://www.lapa.ninja/post/gretamusic/,Minimalist music portfolio with a serene vibe and soft color tones.,,soft neutral,"[""#f0f0f0"", ""#ffffff"", ""#d9d9d9"", ""#bfbfbf""]",0.5
Lapa Ninja (Post),Mary & Maurizio,PHOTOGRAPHY,,,https://cdn.lapa.ninja/assets/images/1x/quattrostudio-01-thumb.webp,https://www.lapa.ninja/post/quattrostudio/,Elegant design showcase with a warm beige palette and minimalistic layout.,,warm beige,"[""#f5f5dc"", ""#dcdcdc"", ""#ffffff"", ""#c0c0c0""]",0.5
Lapa Ninja (Post),SUPERCONTINENT,STUDIO,,,https://cdn.lapa.ninja/assets/images/1x/supercontinent-thumb.webp,https://www.lapa.ninja/post/supercontinent/,"Minimalist design with a serene mood, featuring a muted color palette and spacious layout.",,neutral tones,"[""#f0f0f0"", ""#cccccc"", ""#ffffff"", ""#aaaaaa""]",0.5
Lapa Ninja (Post),Liveblocks,TECHNOLOGY,,,https://cdn.lapa.ninja/assets/images/1x/liveblocks-thumb.webp,https://www.lapa.ninja/post/liveblocks/,Modern tech interface with a clean layout and a neutral color tone.,,neutral gray,"[""#f0f0f0"", ""#ffffff"", ""#000000"", ""#cccccc""]",0.5
Lapa Ninja (Post),Avalanche,BLOCKCHAIN,,,https://cdn.lapa.ninja/assets/images/1x/avax-network-thumb.webp,https://www.lapa.ninja/post/avax-network/,Tech-focused layout with a cool color tone and minimalistic design elements.,,cool gray,"[""#f0f0f0"", ""#cccccc"", ""#999999"", ""#333333""]",0.5
Lapa Ninja (Post),Lemon Squeezy,TECHNOLOGY,,,https://cdn.lapa.ninja/assets/images/1x/lemonsqueezy-thumb.webp,https://www.lapa.ninja/post/lemonsqueezy/,"Playful design with a bright citrus palette and a clean, minimal layout.",,bright citrus,"[""#ffcc00"", ""#ffffff"", ""#f0f0f0"", ""#ff9900""]",0.5
Lapa Ninja (Post),No-Code Conference 2021,EVENT,,,https://cdn.lapa.ninja/assets/images/1x/nocodeconf-thumb.webp,https://www.lapa.ninja/post/nocodeconf/,Minimalist no-code conference page with a clean layout and neutral tones.,,neutral gray,"[""#f0f0f0"", ""#ffffff"", ""#000000"", ""#cccccc""]",0.5
Lapa Ninja (Post),Google Bug Hunters,TECHNOLOGY,,,https://cdn.lapa.ninja/assets/images/1x/bughunters-thumb.webp,https://www.lapa.ninja/post/bughunters/,Tech-focused post with a clean layout and a neutral color tone emphasizing clarity.,,neutral gray,"[""#f0f0f0"", ""#ffffff"", ""#cccccc"", ""#333333""]",0.5
Lapa Ninja (Post),Robotos,ILLUSTRATION,,,https://cdn.lapa.ninja/assets/images/1x/robotos-thumb.webp,https://www.lapa.ninja/post/robotos/,Playful illustration showcase with a vibrant color palette and dynamic layout.,,bright and playful,"[""#ffcc00"", ""#ff6699"", ""#66ccff"", ""#ffccff""]",0.5
Lapa Ninja (Post),Glossarie,STUDIO,,,https://cdn.lapa.ninja/assets/images/1x/glossarie-thumb.webp,https://www.lapa.ninja/post/glossarie/,"Minimalist layout with a neutral tone, featuring soft colors and clean typography.",,neutral,"[""#f0f0f0"", ""#ffffff"", ""#cccccc"", ""#999999""]",0.5
Lapa Ninja (Post),Naomi Osaka,PORTFOLIO,,,https://cdn.lapa.ninja/assets/images/1x/naomiosaka-thumb.webp,https://www.lapa.ninja/post/naomiosaka/,Dynamic portfolio showcasing Naomi Osaka with a vibrant color palette and engaging layout.,,vibrant,"[""#ff6f61"", ""#6a5acd"", ""#f0e68c"", ""#ffffff""]",0.5
Lapa Ninja (Post),Post Familiar Wine,FOOD DRINKS,,,https://cdn.lapa.ninja/assets/images/1x/postfamiliar-thumb.webp,https://www.lapa.ninja/post/postfamiliar/,"Elegant wine post with warm beige tones and a clean, minimal layout.",,warm beige,"[""#f5f5dc"", ""#d2b48c"", ""#fff8dc"", ""#deb887""]",0.5
Lapa Ninja (Post),Rachel Austin,PORTFOLIO,,,https://cdn.lapa.ninja/assets/images/1x/rachelaustin-thumb.webp,https://www.lapa.ninja/post/rachelaustin/,Minimalist portfolio showcasing a serene mood with a neutral color palette and clean layout.,,neutral tones,"[""#f5f5f5"", ""#e0e0e0"", ""#ffffff"", ""#cccccc""]",0.5
Lapa Ninja (Post),D.M Brut,FOOD DRINKS,,,https://cdn.lapa.ninja/assets/images/1x/dmbrut-thumb.webp,https://www.lapa.ninja/post/dmbrut/,Elegant food and drink post with a sophisticated layout and muted color tones.,,sophisticated neutral,"[""#ffffff"", ""#e0e0e0"", ""#b0b0b0"", ""#000000""]",0.5
Lapa Ninja (Post),Molly Stubbs,PORTFOLIO,,,https://cdn.lapa.ninja/assets/images/1x/mollystubbs-thumb.webp,https://www.lapa.ninja/post/mollystubbs/,Minimalist portfolio layout with a neutral tone and clean design elements.,,neutral,"[""#ffffff"", ""#f0f0f0"", ""#000000"", ""#cccccc""]",0.5
Lapa Ninja (Post),WEVE,COMMUNITY,,,https://cdn.lapa.ninja/assets/images/1x/weve-thumb.webp,https://www.lapa.ninja/post/weve/,"Minimalist design with a serene mood, featuring a clean layout and soft color tones.",,soft neutral,"[""#f0f0f0"", ""#ffffff"", ""#e0e0e0"", ""#d0d0d0""]",0.5
Lapa Ninja (Post),NORF,STUDIO,,,https://cdn.lapa.ninja/assets/images/1x/norfstudio-thumb.webp,https://www.lapa.ninja/post/norfstudio/,"Minimalist design with a neutral palette and spacious layout, emphasizing simplicity.",,neutral tones,"[""#f5f5f5"", ""#cccccc"", ""#ffffff"", ""#000000""]",0.5
Lapa Ninja (Post),carbonplan,CORPORATE,,,https://cdn.lapa.ninja/assets/images/1x/carbonplan-thumb.webp,https://www.lapa.ninja/post/carbonplan/,"Corporate-focused site with a clean layout and neutral tones, emphasizing clarity and professionalism.",,neutral tones,"[""#ffffff"", ""#f0f0f0"", ""#cccccc"", ""#333333""]",0.5
Lapa Ninja (Post),mmm.page,DESIGN TOOLS,,,https://cdn.lapa.ninja/assets/images/1x/mmm-page-thumb.webp,https://www.lapa.ninja/post/mmm-page/,"Minimalist page with a clean layout and soft color tones, emphasizing simplicity.",,soft neutral,"[""#ffffff"", ""#f0f0f0"", ""#e0e0e0"", ""#d0d0d0""]",0.5
Lapa Ninja (Post),Passbase,TECHNOLOGY,,,https://cdn.lapa.ninja/assets/images/1x/passbase-thumb.webp,https://www.lapa.ninja/post/passbase/,Tech-focused layout with a clean aesthetic and a neutral color tone.,,neutral gray,"[""#f5f5f5"", ""#ffffff"", ""#000000"", ""#cccccc""]",0.5
Lapa Ninja (Post),Typelab,FOUNDRY,,,https://cdn.lapa.ninja/assets/images/1x/typelab-thumb.webp,https://www.lapa.ninja/post/typelab/,"Minimalist design with a neutral tone, featuring clean lines and ample white space.",,neutral,"[""#ffffff"", ""#f0f0f0"", ""#000000"", ""#cccccc""]",0.5
Lapa Ninja (Post),Expo,DEVELOPMENT TOOLS,,,https://cdn.lapa.ninja/assets/images/1x/expo-07-25-2021-thumb.webp,https://www.lapa.ninja/post/expo-2/,Modern expo layout with a neutral tone and minimalistic design elements.,,neutral,"[""#ffffff"", ""#f0f0f0"", ""#e0e0e0"", ""#cccccc""]",0.5
Lapa Ninja (Post),Arvin Leeuwis,PORTFOLIO,,,https://cdn.lapa.ninja/assets/images/1x/arvinleeuwis-thumb.webp,https://www.lapa.ninja/post/arvinleeuwis/,Minimalist portfolio showcasing a clean layout with a neutral color tone.,,neutral,"[""#ffffff"", ""#f0f0f0"", ""#000000"", ""#cccccc""]",0.5
Lapa Ninja (Post),Drink Zuzu,FOOD DRINKS,,,https://cdn.lapa.ninja/assets/images/1x/drinkzuzu-thumb.webp,https://www.lapa.ninja/post/drinkzuzu/,Vibrant drink showcase with a lively color palette and engaging layout.,,bright and lively,"[""#ffcc00"", ""#ff5733"", ""#33ccff"", ""#ff33a1""]",0.5
Lapa Ninja (Post),10kdesigners,EDUCATION,,,https://cdn.lapa.ninja/assets/images/1x/10kdesigners-thumb.webp,https://www.lapa.ninja/post/10kdesigners/,Minimalist design showcase with a neutral palette and clean layout.,,neutral tones,"[""#f0f0f0"", ""#ffffff"", ""#000000"", ""#cccccc""]",0.5
Lapa Ninja (Post),C.W. Urban,REAL ESTATE,,,https://cdn.lapa.ninja/assets/images/1x/builtbycw-thumb.webp,https://www.lapa.ninja/post/builtbycw/,"Urban real estate showcase with a neutral palette and clean, minimal layout.",,neutral tones,"[""#f0f0f0"", ""#cccccc"", ""#ffffff"", ""#333333""]",0.5
Lapa Ninja (Post),Enrojecerse,BLOG,,,https://cdn.lapa.ninja/assets/images/1x/enrojecerse-thumb.webp,https://www.lapa.ninja/post/enrojecerse/,Warm and inviting layout with a soft color palette and a focus on imagery.,,warm tones,"[""#ffcccb"", ""#ff7f50"", ""#ff6347"", ""#ffe4e1""]",0.5
Lapa Ninja (Post),NoGood,AGENCY,,,https://cdn.lapa.ninja/assets/images/1x/nogood-thumb.webp,https://www.lapa.ninja/post/nogood/,"Minimalist design with a neutral palette and spacious layout, emphasizing simplicity.",,neutral tones,"[""#ffffff"", ""#f0f0f0"", ""#d9d9d9"", ""#bfbfbf""]",0.5
Lapa Ninja (Post),Dovetail,ILLUSTRATION,,,https://cdn.lapa.ninja/assets/images/1x/dovetailapp-thumb.webp,https://www.lapa.ninja/post/dovetailapp/,Minimalist app design with a clean layout and soft color tones.,,soft neutral,"[""#f0f0f0"", ""#ffffff"", ""#d9d9d9"", ""#bfbfbf""]",0.5
Lapa Ninja (Post),Sarah Guo,PORTFOLIO,,,https://cdn.lapa.ninja/assets/images/1x/sarahguo-thumb.webp,https://www.lapa.ninja/post/sarahguo/,Minimalist portfolio showcasing a serene mood with a neutral color palette and clean layout.,,neutral tones,"[""#ffffff"", ""#f0f0f0"", ""#e0e0e0"", ""#d0d0d0""]",0.5
Lapa Ninja (Post),norda run,ECOMMERCE,,,https://cdn.lapa.ninja/assets/images/1x/nordarun-thumb.webp,https://www.lapa.ninja/post/nordarun/,Dynamic e-commerce site with a vibrant color scheme and engaging layout.,,vibrant,"[""#ff5733"", ""#33c1ff"", ""#ff33a1"", ""#33ff57""]",0.5
Lapa Ninja (Post),Sundae Finest,FASHION,,,https://cdn.lapa.ninja/assets/images/1x/sundaefinest-thumb.webp,https://www.lapa.ninja/post/sundaefinest/,Minimalist fashion post with a neutral tone and clean layout emphasizing visual content.,,neutral,"[""#ffffff"", ""#f0f0f0"", ""#000000"", ""#d9d9d9""]",0.5
Lapa Ninja (Post),TransactionLink,FINANCE,,,https://cdn.lapa.ninja/assets/images/1x/transactionlink-thumb.webp,https://www.lapa.ninja/post/transactionlink/,Minimalist finance interface with a clean layout and neutral tones.,,neutral gray,"[""#f0f0f0"", ""#ffffff"", ""#cccccc"", ""#999999""]",0.5
Lapa Ninja (Post),Bio Link,MINIMAL,,,https://cdn.lapa.ninja/assets/images/1x/bio-link-thumb.webp,https://www.lapa.ninja/post/bio-link/,Minimalist bio link page with a clean layout and soft color tones.,,soft neutral,"[""#ffffff"", ""#f0f0f0"", ""#e0e0e0"", ""#d0d0d0""]",0.5
Lapa Ninja (Post),Entireworld,FASHION,,,https://cdn.lapa.ninja/assets/images/1x/theentireworld-thumb.webp,https://www.lapa.ninja/post/theentireworld/,Playful and vibrant layout with a warm beige palette and whimsical design elements.,,warm beige,"[""#f5f5dc"", ""#ffcc00"", ""#ff6699"", ""#66ccff""]",0.5
Lapa Ninja (Post),by Humankind,BEAUTY,,,https://cdn.lapa.ninja/assets/images/1x/byhumankind-thumb.webp,https://www.lapa.ninja/post/byhumankind/,Minimalist design with a neutral palette and clean layout emphasizing simplicity.,,neutral tones,"[""#f5f5f5"", ""#e0e0e0"", ""#ffffff"", ""#cccccc""]",0.5
Lapa Ninja (Post),Helft & Pinta,PHOTOGRAPHY,,,https://cdn.lapa.ninja/assets/images/1x/helftpinta-thumb.webp,https://www.lapa.ninja/post/helftpinta/,Minimalist photography showcase with a neutral tone and clean layout.,,neutral,"[""#ffffff"", ""#000000"", ""#cccccc"", ""#f0f0f0""]",0.5
Lapa Ninja (Post),Clover,PRODUCTIVITY,,,https://cdn.lapa.ninja/assets/images/1x/cloverapp-07-17-2021-thumb.webp,https://www.lapa.ninja/post/cloverapp-2/,Minimalist productivity app with a serene layout and soft color tones.,,soft neutral,"[""#f0f0f0"", ""#ffffff"", ""#e0e0e0"", ""#d0d0d0""]",0.5
Lapa Ninja (Post),TWOTWO,ECOMMERCE,,,https://cdn.lapa.ninja/assets/images/1x/twotwo-thumb.webp,https://www.lapa.ninja/post/twotwo/,Minimalist eCommerce site with a clean layout and neutral tones.,,neutral tones,"[""#f0f0f0"", ""#ffffff"", ""#cccccc"", ""#333333""]",0.5
Lapa Ninja (Post),Sketch,DESIGN TOOLS,,,https://cdn.lapa.ninja/assets/images/1x/sketch-07-17-2021-thumb.webp,https://www.lapa.ninja/post/sketch-3/,Minimalist design tool showcase with a clean layout and neutral tones.,,neutral gray,"[""#f0f0f0"", ""#ffffff"", ""#cccccc"", ""#333333""]",0.5
Lapa Ninja (Post),Pixel True,STUDIO,,,https://cdn.lapa.ninja/assets/images/1x/pixeltrue-thumb.webp,https://www.lapa.ninja/post/pixeltrue/,Playful design showcase with vibrant colors and a grid layout emphasizing creativity.,,bright and playful,"[""#ff6f61"", ""#6b5b93"", ""#88b04b"", ""#f7cac9""]",0.5
Lapa Ninja (Post),Fresh Prince Store,FASHION,,,https://cdn.lapa.ninja/assets/images/1x/freshprincestore-thumb.webp,https://www.lapa.ninja/post/freshprincestore/,"Vibrant store layout with playful colors and a youthful, energetic vibe.",,playful,"[""#ffcc00"", ""#ff5733"", ""#33ccff"", ""#c70039""]",0.5
Lapa Ninja (Post),Danilo Campos,PORTFOLIO,,,https://cdn.lapa.ninja/assets/images/1x/danilocampos-thumb.webp,https://www.lapa.ninja/post/danilocampos/,Minimalist portfolio showcasing a clean layout with a neutral color tone.,,neutral gray,"[""#ffffff"", ""#f0f0f0"", ""#d9d9d9"", ""#000000""]",0.5
Lapa Ninja (Post),Invision Freehand,DESIGN TOOLS,,,https://cdn.lapa.ninja/assets/images/1x/invision-freehand-thumb.webp,https://www.lapa.ninja/post/invision-freehand/,"Collaborative design tool with a vibrant, creative mood and a clean layout.",,bright and energetic,"[""#ffffff"", ""#f0f0f0"", ""#ffcc00"", ""#ff6699""]",0.5
Lapa Ninja (Post),Stay At Home Kids,MINIMAL,,,https://cdn.lapa.ninja/assets/images/1x/stay-at-home-kids-thumb.webp,https://www.lapa.ninja/post/stay-at-home-kids/,"Playful layout with a warm beige tone, featuring engaging visuals for kids.",,warm beige,"[""#f5f5dc"", ""#ffebcd"", ""#ffe4b5"", ""#fffacd""]",0.5
Lapa Ninja (Post),Alexander Morris,PORTFOLIO,,,https://cdn.lapa.ninja/assets/images/1x/alexandermorris-thumb.webp,https://www.lapa.ninja/post/alexandermorris/,Minimalist portfolio showcasing a clean layout with a neutral color tone.,,neutral gray,"[""#ffffff"", ""#f0f0f0"", ""#000000"", ""#cccccc""]",0.5
Lapa Ninja (Post),Steam Deck,ENTERTAINMENT,,,https://cdn.lapa.ninja/assets/images/1x/steamdeck-thumb.webp,https://www.lapa.ninja/post/steamdeck/,Dynamic gaming post featuring a vibrant color palette and engaging layout.,,vibrant,"[""#ff4d00"", ""#ffffff"", ""#000000"", ""#cccccc""]",0.5
Lapa Ninja (Post),Kibana,HOME LIVING,,,https://cdn.lapa.ninja/assets/images/1x/wearekibana-thumb.webp,https://www.lapa.ninja/post/wearekibana/,"Modern home living site with a warm beige palette and clean, spacious layout.",,warm beige,"[""#f5f5dc"", ""#dcdcdc"", ""#ffffff"", ""#c0c0c0""]",0.5
Lapa Ninja (Post),Dead Startup Toys,CREATIVE,,,https://cdn.lapa.ninja/assets/images/1x/deadstartuptoys-thumb.webp,https://www.lapa.ninja/post/deadstartuptoys/,Playful and quirky layout with a vibrant color palette reflecting nostalgia.,,vibrant,"[""#ffcc00"", ""#ff5733"", ""#33ccff"", ""#c70039""]",0.5
Lapa Ninja (Post),Apotheke,BEAUTY,,,https://cdn.lapa.ninja/assets/images/1x/apothekeperfume-thumb.webp,https://www.lapa.ninja/post/apothekeperfume/,"Elegant perfume showcase with a soft, neutral palette and minimalistic layout.",,soft neutral,"[""#f5f5f5"", ""#e0e0e0"", ""#ffffff"", ""#d1cfcf""]",0.5
Lapa Ninja (Post),hello harbor,APP,,,https://cdn.lapa.ninja/assets/images/1x/helloharbor-thumb.webp,https://www.lapa.ninja/post/helloharbor/,Serene landing page with a soft color palette and minimalistic layout.,,soft neutral,"[""#f0f4f8"", ""#e0e7ee"", ""#cfd8e2"", ""#ffffff""]",0.5
Lapa Ninja (Post),Webbed Briefs,BLOG,,,https://cdn.lapa.ninja/assets/images/1x/briefs-thumb.webp,https://www.lapa.ninja/post/briefs/,Casual and playful layout with a light color tone and a focus on webbed briefs imagery.,,light and playful,"[""#ffffff"", ""#f0f0f0"", ""#e0e0e0"", ""#d0d0d0""]",0.5
Lapa Ninja (Post),Batch,APP,,,https://cdn.lapa.ninja/assets/images/1x/getbatch-thumb.webp,https://www.lapa.ninja/post/getbatch/,"Minimalist layout with a neutral tone, featuring a clean design and subtle visual elements.",,neutral,"[""#ffffff"", ""#f0f0f0"", ""#e0e0e0"", ""#cccccc""]",0.5
Lapa Ninja (Post),Miquel Pons,PORTFOLIO,,,https://cdn.lapa.ninja/assets/images/1x/miquelpons-thumb.webp,https://www.lapa.ninja/post/miquelpons/,Minimalist portfolio showcasing a clean layout with neutral tones and subtle design elements.,,neutral,"[""#ffffff"", ""#f0f0f0"", ""#e0e0e0"", ""#d0d0d0""]",0.5
Lapa Ninja (Post),Break Maiden,STUDIO,,,https://cdn.lapa.ninja/assets/images/1x/breakmaiden-thumb.webp,https://www.lapa.ninja/post/breakmaiden/,"Minimalist design with a serene mood, featuring a soft color palette and clean layout.",,soft neutral,"[""#f0f0f0"", ""#ffffff"", ""#d9d9d9"", ""#bfbfbf""]",0.5
Lapa Ninja (Post),Gabriel Valdivia,PORTFOLIO,,,https://cdn.lapa.ninja/assets/images/1x/gabrielvaldivia-thumb.webp,https://www.lapa.ninja/post/gabrielvaldivia/,Minimalist portfolio showcasing a serene mood with a neutral color palette and clean layout.,,neutral tones,"[""#ffffff"", ""#f0f0f0"", ""#d9d9d9"", ""#bfbfbf""]",0.5
Lapa Ninja (Post),Obviously AI,ARTIFICIAL INTELLIGENCE,,,https://cdn.lapa.ninja/assets/images/1x/obviously-thumb.webp,https://www.lapa.ninja/post/obviously/,Minimalist AI showcase with a neutral tone and clean layout emphasizing clarity.,,neutral gray,"[""#f0f0f0"", ""#ffffff"", ""#000000"", ""#cccccc""]",0.5
Lapa Ninja (Post),Taylor Nowotny,PORTFOLIO,,,https://cdn.lapa.ninja/assets/images/1x/taylornowotny-thumb.webp,https://www.lapa.ninja/post/taylornowotny/,Minimalist portfolio showcasing a serene mood with a neutral color tone and clean layout.,,neutral,"[""#ffffff"", ""#f0f0f0"", ""#d9d9d9"", ""#bfbfbf""]",0.5
Lapa Ninja (Post),Sometimes Always,FOOD DRINKS,,,https://cdn.lapa.ninja/assets/images/1x/sometimesalways-thumb.webp,https://www.lapa.ninja/post/sometimesalways/,"Minimalist layout with a warm beige tone, evoking a cozy dining atmosphere.",,warm beige,"[""#f5f5dc"", ""#d2b48c"", ""#fff8dc"", ""#deb887""]",0.5
Lapa Ninja (Post),Bad Boys,ECOMMERCE,,,https://cdn.lapa.ninja/assets/images/1x/bad-boys-thumb.webp,https://www.lapa.ninja/post/bad-boys/,"Dynamic eCommerce post with a bold, vibrant palette and engaging layout.",,vibrant,"[""#ff5733"", ""#33c1ff"", ""#ffc300"", ""#c70039""]",0.5
Lapa Ninja (Post),Fred Nerby,PORTFOLIO,,,https://cdn.lapa.ninja/assets/images/1x/nerby-thumb.webp,https://www.lapa.ninja/post/nerby/,Minimalist portfolio showcasing a clean layout with a neutral color tone.,,neutral,"[""#ffffff"", ""#f0f0f0"", ""#000000"", ""#cccccc""]",0.5
Lapa Ninja (Post),Alex Fisher Design,PORTFOLIO,,,https://cdn.lapa.ninja/assets/images/1x/alexfisherdesign-thumb.webp,https://www.lapa.ninja/post/alexfisherdesign/,Minimalist portfolio showcasing a clean layout with a neutral color tone.,,neutral gray,"[""#ffffff"", ""#f0f0f0"", ""#d9d9d9"", ""#000000""]",0.5
Lapa Ninja (Post),Glide,DEVELOPMENT TOOLS,,,https://cdn.lapa.ninja/assets/images/1x/glideapps-thumb.webp,https://www.lapa.ninja/post/glideapps/,"Minimalist design with a clean layout and a focus on usability, featuring a soft color palette.",,soft neutral,"[""#f0f0f0"", ""#ffffff"", ""#e0e0e0"", ""#d0d0d0""]",0.5
Lapa Ninja (Post),GitHub Copilot,DEVELOPMENT TOOLS,,,https://cdn.lapa.ninja/assets/images/1x/github-copilot-thumb.webp,https://www.lapa.ninja/post/github-copilot/,Tech-focused layout with a clean aesthetic and a neutral color tone.,,neutral gray,"[""#f5f5f5"", ""#333333"", ""#007acc"", ""#ffffff""]",0.5
Lapa Ninja (Post),Runway,ARTIFICIAL INTELLIGENCE,,,https://cdn.lapa.ninja/assets/images/1x/runwayml-07-07-2021-thumb.webp,https://www.lapa.ninja/post/runwayml-3/,"Minimalist design with a sleek layout, featuring a neutral color tone and modern aesthetic.",,neutral tones,"[""#ffffff"", ""#f0f0f0"", ""#000000"", ""#cccccc""]",0.5
Lapa Ninja (Post),Welcome Software,TECHNOLOGY,,,https://cdn.lapa.ninja/assets/images/1x/welcomesoftware-thumb.webp,https://www.lapa.ninja/post/welcomesoftware/,Tech-focused layout with a clean aesthetic and a neutral color tone.,,neutral gray,"[""#f0f0f0"", ""#ffffff"", ""#cccccc"", ""#333333""]",0.5
Lapa Ninja (Post),Arthur Simonini,PORTFOLIO,,,https://cdn.lapa.ninja/assets/images/1x/arthursimonini-thumb.webp,https://www.lapa.ninja/post/arthursimonini/,Minimalist portfolio showcasing a clean layout with neutral tones and a focus on imagery.,,neutral tones,"[""#ffffff"", ""#f0f0f0"", ""#000000"", ""#cccccc""]",0.5
Lapa Ninja (Post),Erdensen,ECOMMERCE,,,https://cdn.lapa.ninja/assets/images/1x/erdensen-thumb.webp,https://www.lapa.ninja/post/erdensen/,Minimalist e-commerce layout with a neutral tone and clean design elements.,,neutral,"[""#f0f0f0"", ""#ffffff"", ""#000000"", ""#cccccc""]",0.5
Lapa Ninja (Post),Glob,ECOMMERCE,,,https://cdn.lapa.ninja/assets/images/1x/glob-thumb.webp,https://www.lapa.ninja/post/glob/,Minimalist eCommerce layout with a neutral tone and clean design elements.,,neutral,"[""#ffffff"", ""#f0f0f0"", ""#000000"", ""#cccccc""]",0.5
Lapa Ninja (Post),Justified Studio,STUDIO,,,https://cdn.lapa.ninja/assets/images/1x/justified-studio-thumb.webp,https://www.lapa.ninja/post/justified-studio/,Minimalist studio showcase with a neutral palette and clean layout.,,neutral tones,"[""#f0f0f0"", ""#cccccc"", ""#ffffff"", ""#000000""]",0.5
Lapa Ninja (Post),Stutpak,PORTFOLIO,,,https://cdn.lapa.ninja/assets/images/1x/stutpak-thumb.webp,https://www.lapa.ninja/post/stutpak/,Minimalist portfolio showcase with a neutral palette and clean layout.,,neutral gray,"[""#f0f0f0"", ""#cccccc"", ""#ffffff"", ""#000000""]",0.5
Lapa Ninja (Post),Joshua Söhn,PORTFOLIO,,,https://cdn.lapa.ninja/assets/images/1x/joshuasoehn-thumb.webp,https://www.lapa.ninja/post/joshuasoehn/,Minimalist portfolio showcasing a serene aesthetic with a neutral color tone.,,neutral,"[""#ffffff"", ""#f0f0f0"", ""#d9d9d9"", ""#bfbfbf""]",0.5
Lapa Ninja (Post),Lance,APP,,,https://cdn.lapa.ninja/assets/images/1x/lance-thumb.webp,https://www.lapa.ninja/post/lance/,"Minimalist design with a neutral tone, featuring a clean layout and subtle visual elements.",,neutral,"[""#ffffff"", ""#f0f0f0"", ""#e0e0e0"", ""#d0d0d0""]",0.5
Lapa Ninja (Post),A Color Bright,AGENCY,,,https://cdn.lapa.ninja/assets/images/1x/acolorbright-thumb.webp,https://www.lapa.ninja/post/acolorbright/,Vibrant design showcasing a bright color palette with a playful layout.,,bright and playful,"[""#ffcc00"", ""#ff6699"", ""#66ccff"", ""#ffcc66""]",0.5
Lapa Ninja (Post),Otta,BUSINESS,,,https://cdn.lapa.ninja/assets/images/1x/otta-thumb.webp,https://www.lapa.ninja/post/otta/,"Minimalist design with a neutral palette and spacious layout, emphasizing clarity.",,neutral tones,"[""#f5f5f5"", ""#e0e0e0"", ""#ffffff"", ""#cccccc""]",0.5
Lapa Ninja (Post),Haraldur Thorleifsson,PORTFOLIO,,,https://cdn.lapa.ninja/assets/images/1x/haraldurthorleifsson-thumb.webp,https://www.lapa.ninja/post/haraldurthorleifsson/,Minimalist portfolio showcasing a clean layout with neutral tones and subtle elegance.,,neutral tones,"[""#ffffff"", ""#f0f0f0"", ""#000000"", ""#cccccc""]",0.5
Lapa Ninja (Post),KIKK Festival 2021,EVENT,,,https://cdn.lapa.ninja/assets/images/1x/kikk-2021-thumb.webp,https://www.lapa.ninja/post/kikk-2021/,Dynamic festival page with vibrant colors and an engaging layout.,,vibrant,"[""#ff6f61"", ""#6b5b95"", ""#88b04b"", ""#f7cac9""]",0.5
Lapa Ninja (Post),Valeria Francis,PORTFOLIO,,,https://cdn.lapa.ninja/assets/images/1x/valeriafrancis-thumb.webp,https://www.lapa.ninja/post/valeriafrancis/,Minimalist portfolio showcasing a serene aesthetic with a neutral color palette and clean layout.,,neutral tones,"[""#f0f0f0"", ""#ffffff"", ""#cccccc"", ""#999999""]",0.5
Lapa Ninja (Post),Oku,APP,,,https://cdn.lapa.ninja/assets/images/1x/oku-thumb.webp,https://www.lapa.ninja/post/oku/,"Minimalist design with a serene mood, featuring a soft color palette and spacious layout.",,soft neutral,"[""#f0f0f0"", ""#ffffff"", ""#d9d9d9"", ""#bfbfbf""]",0.5
Lapa Ninja (Post),Mojo SuperMarket,AGENCY,,,https://cdn.lapa.ninja/assets/images/1x/mojosuper-market-thumb.webp,https://www.lapa.ninja/post/mojosuper-market/,Vibrant supermarket design featuring a lively color palette and engaging layout.,,bright and lively,"[""#ffcc00"", ""#ff5733"", ""#33ccff"", ""#ffffff""]",0.5
Lapa Ninja (Post),Beseda,APP,,,https://cdn.lapa.ninja/assets/images/1x/beseda-thumb.webp,https://www.lapa.ninja/post/beseda/,"Minimalist design with a neutral tone, featuring a clean layout and subtle visual elements.",,neutral,"[""#f0f0f0"", ""#ffffff"", ""#cccccc"", ""#999999""]",0.5
Lapa Ninja (Post),ChangMade,PORTFOLIO,,,https://cdn.lapa.ninja/assets/images/1x/changmade-thumb.webp,https://www.lapa.ninja/post/changmade/,Minimalist portfolio site with a clean layout and neutral tones.,,neutral gray,"[""#f0f0f0"", ""#ffffff"", ""#000000"", ""#cccccc""]",0.5
Lapa Ninja (Post),Snapple Spiked,FOOD DRINKS,,,https://cdn.lapa.ninja/assets/images/1x/snapplespiked-thumb.webp,https://www.lapa.ninja/post/snapplespiked/,Refreshing beverage post with a vibrant color palette and clean layout.,,bright and lively,"[""#ffcc00"", ""#ff6699"", ""#66ccff"", ""#ffffff""]",0.5
Lapa Ninja (Post),Open Art,DESIGN TOOLS,,,https://cdn.lapa.ninja/assets/images/1x/openui-thumb.webp,https://www.lapa.ninja/post/openui/,"Creative platform with a vibrant color palette and an open, spacious layout.",,bright and vibrant,"[""#ff6f61"", ""#6b5b95"", ""#88b04b"", ""#f7cac9""]",0.5
Lapa Ninja (Post),The Summer Drive,EVENT,,,https://cdn.lapa.ninja/assets/images/1x/thesummerdrive-thumb.webp,https://www.lapa.ninja/post/thesummerdrive/,Vibrant summer-themed layout with warm tones and a focus on imagery.,,warm,"[""#ffcc00"", ""#ff6600"", ""#ff9966"", ""#ffffff""]",0.5
Lapa Ninja (Post),Figure 1 Beauty,BEAUTY,,,https://cdn.lapa.ninja/assets/images/1x/fig-1-thumb.webp,https://www.lapa.ninja/post/fig-1/,Minimalist beauty showcase with soft tones and a clean layout emphasizing elegance.,,soft neutral,"[""#f5f5f5"", ""#e0e0e0"", ""#ffffff"", ""#d1cfcf""]",0.5
Lapa Ninja (Post),Yann-Edern Gillet,PORTFOLIO,,,https://cdn.lapa.ninja/assets/images/1x/yannglt-thumb.webp,https://www.lapa.ninja/post/yannglt/,Minimalist portfolio showcasing a serene mood with a neutral color palette and clean layout.,,neutral,"[""#ffffff"", ""#f0f0f0"", ""#d9d9d9"", ""#bfbfbf""]",0.5
Lapa Ninja (Post),Doo,APP,,,https://cdn.lapa.ninja/assets/images/1x/getdooapp-thumb.webp,https://www.lapa.ninja/post/getdooapp/,Minimalist app showcase with a clean layout and neutral color tones.,,neutral tones,"[""#ffffff"", ""#f0f0f0"", ""#e0e0e0"", ""#cccccc""]",0.5
Lapa Ninja (Post),Authentic Artists,ARTIFICIAL INTELLIGENCE,,,https://cdn.lapa.ninja/assets/images/1x/authentic-artists-thumb.webp,https://www.lapa.ninja/post/authentic-artists/,Creative showcase with a vibrant palette and an engaging grid layout.,,bright and varied,"[""#ffcc00"", ""#ff6699"", ""#66ccff"", ""#ffcc66""]",0.5
Lapa Ninja (Post),Pierre Hardy,ECOMMERCE,,,https://cdn.lapa.ninja/assets/images/1x/pierrehardy-thumb.webp,https://www.lapa.ninja/post/pierrehardy/,Elegant e-commerce showcase with a neutral palette and minimalist layout.,,neutral tones,"[""#ffffff"", ""#f0f0f0"", ""#000000"", ""#dcdcdc""]",0.5
Lapa Ninja (Post),Peppa Sauce,FOOD DRINKS,,,https://cdn.lapa.ninja/assets/images/1x/peppasauce-thumb.webp,https://www.lapa.ninja/post/peppasauce/,Playful food post featuring vibrant colors and a casual layout.,,bright and playful,"[""#ff6f61"", ""#ffcc00"", ""#ffffff"", ""#6b5b95""]",0.5
Lapa Ninja (Post),Yubo,APP,,,https://cdn.lapa.ninja/assets/images/1x/yubo-thumb.webp,https://www.lapa.ninja/post/yubo/,Youthful social platform with vibrant colors and a playful layout.,,bright and playful,"[""#ff4757"", ""#1e90ff"", ""#2ed573"", ""#ffa502""]",0.5
Lapa Ninja (Post),AngelList Venture,CORPORATE,,,https://cdn.lapa.ninja/assets/images/1x/angellist-thumb.webp,https://www.lapa.ninja/post/angellist/,"Corporate venture site with a clean layout and neutral tones, emphasizing professionalism.",,neutral gray,"[""#f0f0f0"", ""#ffffff"", ""#cccccc"", ""#333333""]",0.5
Lapa Ninja (Post),Fable,DESIGN TOOLS,,,https://cdn.lapa.ninja/assets/images/1x/fable-06-18-2021-thumb.webp,https://www.lapa.ninja/post/fable-2/,Whimsical design showcasing a playful layout with soft color tones.,,soft pastel,"[""#f0e5d8"", ""#d9c9b2"", ""#b2a99c"", ""#e7d4c1""]",0.5
Lapa Ninja (Post),Pitch,DESIGN TOOLS,,,https://cdn.lapa.ninja/assets/images/1x/pitch-06-18-2021-thumb.webp,https://www.lapa.ninja/post/pitch-4/,Minimalist pitch page with a clean layout and neutral tones.,,neutral gray,"[""#f5f5f5"", ""#ffffff"", ""#000000"", ""#cccccc""]",0.5
Lapa Ninja (Post),Relieve Furniture,CORPORATE,,,https://cdn.lapa.ninja/assets/images/1x/relievefurniture-thumb.webp,https://www.lapa.ninja/post/relievefurniture/,Minimalist furniture showcase with a neutral palette and clean layout.,,neutral tones,"[""#f5f5f5"", ""#dcdcdc"", ""#ffffff"", ""#b0b0b0""]",0.5
Lapa Ninja (Post),Zero Egg,FOOD DRINKS,,,https://cdn.lapa.ninja/assets/images/1x/zeroeggfood-thumb.webp,https://www.lapa.ninja/post/zeroeggfood/,Fresh food blog post with a clean layout and vibrant color accents.,,bright and fresh,"[""#ffffff"", ""#f0f0f0"", ""#ffcc00"", ""#ff6600""]",0.5
Lapa Ninja (Post),Petaluma,ECOMMERCE,,,https://cdn.lapa.ninja/assets/images/1x/feedpetaluma-thumb.webp,https://www.lapa.ninja/post/feedpetaluma/,"Minimalist ecommerce layout with a soft, inviting color tone and clean design elements.",,soft neutral,"[""#f5f5f5"", ""#e0e0e0"", ""#ffffff"", ""#d1cfcf""]",0.5
Lapa Ninja (Post),Harold AO,PORTFOLIO,,,https://cdn.lapa.ninja/assets/images/1x/haroldao-thumb.webp,https://www.lapa.ninja/post/haroldao/,Minimalist portfolio showcasing a clean layout with neutral tones and subtle design elements.,,neutral tones,"[""#ffffff"", ""#f0f0f0"", ""#d9d9d9"", ""#cccccc""]",0.5
Lapa Ninja (Post),OK Motion Club,STUDIO,,,https://cdn.lapa.ninja/assets/images/1x/okmotion-thumb.webp,https://www.lapa.ninja/post/okmotion/,Dynamic motion design showcase with a vibrant color palette and engaging layout.,,vibrant,"[""#ff5733"", ""#33c1ff"", ""#ff33a1"", ""#33ff57""]",0.5
Lapa Ninja (Post),Ryan Miyoshi,PORTFOLIO,,,https://cdn.lapa.ninja/assets/images/1x/ryry-thumb.webp,https://www.lapa.ninja/post/ryry/,Minimalist portfolio showcasing a serene mood with a neutral color palette and clean layout.,,neutral,"[""#ffffff"", ""#f0f0f0"", ""#000000"", ""#cccccc""]",0.5
Lapa Ninja (Post),Bathing Culture,ECOMMERCE,,,https://cdn.lapa.ninja/assets/images/1x/bathingculture-thumb.webp,https://www.lapa.ninja/post/bathingculture/,Relaxing e-commerce site with a serene color palette and minimalistic layout.,,calm neutral,"[""#f0f4f8"", ""#d9e2ec"", ""#ffffff"", ""#b0c4de""]",0.5
Lapa Ninja (Post),Daniele Buffa,PORTFOLIO,,,https://cdn.lapa.ninja/assets/images/1x/danielebuffa-thumb.webp,https://www.lapa.ninja/post/danielebuffa/,Minimalist portfolio showcasing a clean layout with neutral tones and subtle elegance.,,neutral tones,"[""#ffffff"", ""#f0f0f0"", ""#d9d9d9"", ""#000000""]",0.5
Lapa Ninja (Post),Flow,DESIGN TOOLS,,,https://cdn.lapa.ninja/assets/images/1x/createwithflow-06-15-2021-thumb.webp,https://www.lapa.ninja/post/createwithflow-3/,"Minimalist design with a serene mood, featuring a clean layout and soft color tones.",,soft neutral,"[""#f0f0f0"", ""#ffffff"", ""#d9d9d9"", ""#bfbfbf""]",0.5
Lapa Ninja (Post),Draftbit,DESIGN TOOLS,,,https://cdn.lapa.ninja/assets/images/1x/draftbit-06-15-2021-thumb.webp,https://www.lapa.ninja/post/draftbit-2/,Modern design tool interface with a clean layout and a balanced color scheme.,,neutral tones,"[""#ffffff"", ""#f0f0f0"", ""#e0e0e0"", ""#cccccc""]",0.5
Lapa Ninja (Post),Safe Security,BUSINESS,,,https://cdn.lapa.ninja/assets/images/1x/safesecurity-thumb.webp,https://www.lapa.ninja/post/safesecurity/,Secure and professional layout with a neutral color tone and minimalistic design elements.,,neutral gray,"[""#cccccc"", ""#ffffff"", ""#000000"", ""#f0f0f0""]",0.5
Lapa Ninja (Post),Adrien Gervaix,PORTFOLIO,,,https://cdn.lapa.ninja/assets/images/1x/adriengervaix-thumb.webp,https://www.lapa.ninja/post/adriengervaix/,Minimalist portfolio showcasing a serene mood with a neutral color palette and clean layout.,,neutral,"[""#ffffff"", ""#f0f0f0"", ""#d9d9d9"", ""#bfbfbf""]",0.5
Lapa Ninja (Post),Vacation,ECOMMERCE,,,https://cdn.lapa.ninja/assets/images/1x/vacation-thumb.webp,https://www.lapa.ninja/post/vacation/,Relaxing vacation theme with warm beige tones and a spacious layout.,,warm beige,"[""#f5f5dc"", ""#ffe4b5"", ""#fffacd"", ""#faebd7""]",0.5
Lapa Ninja (Post),Isabel Moranta,PORTFOLIO,,,https://cdn.lapa.ninja/assets/images/1x/isabelmoranta-thumb.webp,https://www.lapa.ninja/post/isabelmoranta/,Minimalist portfolio showcasing a serene mood with a neutral color palette and clean layout.,,neutral tones,"[""#ffffff"", ""#f0f0f0"", ""#d9d9d9"", ""#bfbfbf""]",0.5
Lapa Ninja (Post),Pattern Brands,ECOMMERCE,,,https://cdn.lapa.ninja/assets/images/1x/patternbrands-06-11-2021-thumb.webp,https://www.lapa.ninja/post/patternbrands-2/,"Minimalist design with a warm beige palette and a clean, spacious layout.",,warm beige,"[""#f5f5dc"", ""#e0d4b8"", ""#d9c9a3"", ""#c2b280""]",0.5
Lapa Ninja (Post),Short.io,ILLUSTRATION,,,https://cdn.lapa.ninja/assets/images/1x/short-thumb.webp,https://www.lapa.ninja/post/short/,Minimalist design with a clean layout and a soft color palette emphasizing clarity.,,soft neutral,"[""#ffffff"", ""#f0f0f0"", ""#e0e0e0"", ""#d0d0d0""]",0.5
Lapa Ninja (Post),Moon Delivers Cakes,FOOD DRINKS,,,https://cdn.lapa.ninja/assets/images/1x/moondeliverscakes-06-11-2021-thumb.webp,https://www.lapa.ninja/post/moondeliverscakes-2/,Whimsical cake delivery site with a warm beige palette and playful layout.,,warm beige,"[""#f5e1c1"", ""#f9c9a0"", ""#f2b2a1"", ""#e8d5b7""]",0.5
Lapa Ninja (Post),Lithic,DEVELOPMENT TOOLS,,,https://cdn.lapa.ninja/assets/images/1x/lithic-thumb.webp,https://www.lapa.ninja/post/lithic/,"Minimalist design with a neutral tone and clean layout, emphasizing simplicity.",,neutral,"[""#ffffff"", ""#f0f0f0"", ""#d9d9d9"", ""#bfbfbf""]",0.5
Lapa Ninja (Post),Cricut,TECHNOLOGY,,,https://cdn.lapa.ninja/assets/images/1x/cricut-thumb.webp,https://www.lapa.ninja/post/cricut/,"Minimalist design with a clean layout and neutral tones, emphasizing functionality.",,neutral tones,"[""#ffffff"", ""#f0f0f0"", ""#e0e0e0"", ""#d0d0d0""]",0.5
Lapa Ninja (Post),Moment,FOOD DRINKS,,,https://cdn.lapa.ninja/assets/images/1x/drinkmoment-thumb.webp,https://www.lapa.ninja/post/drinkmoment/,"Inviting drink showcase with warm tones and a clean, minimal layout.",,warm beige,"[""#f5f5dc"", ""#d2b48c"", ""#fff8dc"", ""#deb887""]",0.5
Lapa Ninja (Post),Benefit3,HEALTH FITNESS,,,https://cdn.lapa.ninja/assets/images/1x/benefit3-thumb.webp,https://www.lapa.ninja/post/benefit3/,Energetic health-focused layout with a vibrant color palette and engaging visuals.,,vibrant,"[""#ffcc00"", ""#ff5733"", ""#33ccff"", ""#ffffff""]",0.5
Lapa Ninja (Post),Lightmatter,TECHNOLOGY,,,https://cdn.lapa.ninja/assets/images/1x/lightmatter-thumb.webp,https://www.lapa.ninja/post/lightmatter/,"Minimalist tech site with a clean layout and neutral tones, emphasizing simplicity.",,neutral gray,"[""#f5f5f5"", ""#ffffff"", ""#cccccc"", ""#333333""]",0.5
Lapa Ninja (Post),Grummies,ECOMMERCE,,,https://cdn.lapa.ninja/assets/images/1x/eatyourgrummies-thumb.webp,https://www.lapa.ninja/post/eatyourgrummies/,Playful and vibrant layout with a bright color tone and engaging imagery.,,bright and playful,"[""#ffcc00"", ""#ff6699"", ""#66ccff"", ""#ffcc66""]",0.5
Lapa Ninja (Post),Bulletproof,AGENCY,,,https://cdn.lapa.ninja/assets/images/1x/wearebulletproof-thumb.webp,https://www.lapa.ninja/post/wearebulletproof/,Modern design agency showcase with a sleek layout and neutral tones.,,neutral,"[""#ffffff"", ""#f0f0f0"", ""#000000"", ""#cccccc""]",0.5
Lapa Ninja (Post),15Five,ILLUSTRATION,,,https://cdn.lapa.ninja/assets/images/1x/15five-thumb.webp,https://www.lapa.ninja/post/15five/,Professional workspace vibe with a clean layout and muted tones.,,neutral tones,"[""#f0f0f0"", ""#ffffff"", ""#cccccc"", ""#333333""]",0.5
Lapa Ninja (Post),Renan de Souza,PORTFOLIO,,,https://cdn.lapa.ninja/assets/images/1x/renandesouza-thumb.webp,https://www.lapa.ninja/post/renandesouza/,Minimalist portfolio showcasing a clean layout with neutral tones and subtle elegance.,,neutral tones,"[""#ffffff"", ""#f0f0f0"", ""#e0e0e0"", ""#d0d0d0""]",0.5
Lapa Ninja (Post),July,ECOMMERCE,,,https://cdn.lapa.ninja/assets/images/1x/july-06-08-2021-thumb.webp,https://www.lapa.ninja/post/july-2/,"Minimalist eCommerce post with a neutral tone and clean layout, emphasizing simplicity.",,neutral,"[""#ffffff"", ""#f0f0f0"", ""#e0e0e0"", ""#d0d0d0""]",0.5
Lapa Ninja (Post),The Doors of Dublin,ILLUSTRATION,,,https://cdn.lapa.ninja/assets/images/1x/doorsofdublin-thumb.webp,https://www.lapa.ninja/post/doorsofdublin/,"Charming illustration of Dublin's doors with a warm, inviting color palette and whimsical layout.",,warm,"[""#ffcc00"", ""#ff6600"", ""#ff9966"", ""#ffffff""]",0.5
Lapa Ninja (Post),Marc Silva Gonçalves,PORTFOLIO,,,https://cdn.lapa.ninja/assets/images/1x/marcsilvagoncalves-thumb.webp,https://www.lapa.ninja/post/marcsilvagoncalves/,Minimalist portfolio showcasing a serene mood with a neutral color palette and clean layout.,,neutral,"[""#ffffff"", ""#f0f0f0"", ""#d9d9d9"", ""#bfbfbf""]",0.5
Lapa Ninja (Post),O2 Monde,FASHION,,,https://cdn.lapa.ninja/assets/images/1x/o2monde-thumb.webp,https://www.lapa.ninja/post/o2monde/,Minimalist fashion post with a neutral tone and clean layout emphasizing imagery.,,neutral,"[""#ffffff"", ""#f0f0f0"", ""#000000"", ""#cccccc""]",0.5
Lapa Ninja (Post),Switchyards,REAL ESTATE,,,https://cdn.lapa.ninja/assets/images/1x/switchyards-thumb.webp,https://www.lapa.ninja/post/switchyards/,Modern real estate showcase with a neutral palette and clean layout.,,neutral gray,"[""#f0f0f0"", ""#cccccc"", ""#ffffff"", ""#000000""]",0.5
Lapa Ninja (Post),Proto.io,DESIGN TOOLS,,,https://cdn.lapa.ninja/assets/images/1x/proto-thumb.webp,https://www.lapa.ninja/post/proto/,Minimalist design tool site with a clean layout and neutral tones.,,neutral gray,"[""#f0f0f0"", ""#ffffff"", ""#cccccc"", ""#333333""]",0.5
Lapa Ninja (Post),Moonbridge,DESIGN TOOLS,,,https://cdn.lapa.ninja/assets/images/1x/moonbridge-thumb.webp,https://www.lapa.ninja/post/moonbridge/,Serene design showcase with a soft color palette and minimalistic layout.,,soft neutral,"[""#f0f0f0"", ""#d9d9d9"", ""#ffffff""]",0.5
Lapa Ninja (Post),Spencer Camp,PORTFOLIO,,,https://cdn.lapa.ninja/assets/images/1x/spencercamp-thumb.webp,https://www.lapa.ninja/post/spencercamp/,Minimalist portfolio layout with a neutral tone and clean design elements.,,neutral,"[""#ffffff"", ""#f0f0f0"", ""#000000"", ""#cccccc""]",0.5
Lapa Ninja (Post),Works in Progress,MAGAZINE,,,https://cdn.lapa.ninja/assets/images/1x/worksinprogress-thumb.webp,https://www.lapa.ninja/post/worksinprogress/,"Minimalist layout with a neutral tone, featuring a clean design and subtle imagery.",,neutral,"[""#ffffff"", ""#f0f0f0"", ""#e0e0e0"", ""#cccccc""]",0.5
Lapa Ninja (Post),Studio Ouam,STUDIO,,,https://cdn.lapa.ninja/assets/images/1x/studioouam-06-03-2021-thumb.webp,https://www.lapa.ninja/post/studioouam-2/,Minimalist design showcasing a serene atmosphere with a neutral color palette and spacious layout.,,neutral tones,"[""#f5f5f5"", ""#e0e0e0"", ""#ffffff"", ""#cccccc""]",0.5
Lapa Ninja (Post),Marshmallow,INSURANCE,,,https://cdn.lapa.ninja/assets/images/1x/marshmallow-06-03-2021-thumb.webp,https://www.lapa.ninja/post/marshmallow-2/,Playful and soft layout with a warm beige palette and rounded design elements.,,warm beige,"[""#f5e1c1"", ""#f9c9b6"", ""#ffffff"", ""#d1b7a0""]",0.5
Lapa Ninja (Post),iET SA,BUSINESS,,,https://cdn.lapa.ninja/assets/images/1x/iet-thumb.webp,https://www.lapa.ninja/post/iet/,"Professional layout with a neutral tone, featuring a clean design and minimalistic elements.",,neutral,"[""#ffffff"", ""#f0f0f0"", ""#000000"", ""#cccccc""]",0.5
Lapa Ninja (Post),Flyby,ECOMMERCE,,,https://cdn.lapa.ninja/assets/images/1x/flyby-thumb.webp,https://www.lapa.ninja/post/flyby/,Minimalist eCommerce layout with a neutral tone and clean design elements.,,neutral,"[""#f0f0f0"", ""#ffffff"", ""#000000"", ""#cccccc""]",0.5
Lapa Ninja (Post),Ujjo,FOOD DRINKS,,,https://cdn.lapa.ninja/assets/images/1x/ujjo-thumb.webp,https://www.lapa.ninja/post/ujjo/,Casual food and drink post with a warm beige palette and inviting layout.,,warm beige,"[""#f5f5dc"", ""#d2b48c"", ""#fff8dc"", ""#deb887""]",0.5
Lapa Ninja (Post),Big Mail,MAIL,,,https://cdn.lapa.ninja/assets/images/1x/getbigmail-thumb.webp,https://www.lapa.ninja/post/getbigmail/,Minimalist email service interface with a clean layout and neutral tones.,,neutral,"[""#ffffff"", ""#f0f0f0"", ""#e0e0e0"", ""#d0d0d0""]",0.5
Lapa Ninja (Post),OpenWeb,MINIMAL,,,https://cdn.lapa.ninja/assets/images/1x/openweb-thumb.webp,https://www.lapa.ninja/post/openweb/,"Minimalist design with a clean layout and a neutral color tone, emphasizing simplicity.",,neutral gray,"[""#f0f0f0"", ""#ffffff"", ""#cccccc"", ""#999999""]",0.5
Lapa Ninja (Post),General Irving,BUSINESS,,,https://cdn.lapa.ninja/assets/images/1x/generalirving-thumb.webp,https://www.lapa.ninja/post/generalirving/,"Minimalist layout with a neutral tone, featuring a clean design and subtle imagery.",,neutral gray,"[""#f0f0f0"", ""#ffffff"", ""#cccccc"", ""#999999""]",0.5
Lapa Ninja (Post),Empower,APP,,,https://cdn.lapa.ninja/assets/images/1x/empower-thumb.webp,https://www.lapa.ninja/post/empower/,Empowering layout with a vibrant color scheme and engaging visual elements.,,dynamic and energetic,"[""#ff5733"", ""#33c1ff"", ""#ffc300"", ""#c70039""]",0.5
Lapa Ninja (Post),Hopin,APP,,,https://cdn.lapa.ninja/assets/images/1x/hopin-thumb.webp,https://www.lapa.ninja/post/hopin/,Professional event platform with a clean layout and a muted color palette.,,neutral tones,"[""#f0f0f0"", ""#ffffff"", ""#000000"", ""#007bff""]",0.5
Lapa Ninja (Post),Jean Xincong He,PORTFOLIO,,,https://cdn.lapa.ninja/assets/images/1x/jeanxhe-thumb.webp,https://www.lapa.ninja/post/jeanxhe/,Minimalist portfolio layout with a neutral tone and clean design elements.,,neutral,"[""#ffffff"", ""#f0f0f0"", ""#000000"", ""#cccccc""]",0.5
Lapa Ninja (Post),Hayden Bleasel,PORTFOLIO,,,https://cdn.lapa.ninja/assets/images/1x/haydenbleasel-06-01-2021-thumb.webp,https://www.lapa.ninja/post/haydenbleasel-2/,Minimalist portfolio showcasing a clean layout with a neutral color tone.,,neutral gray,"[""#f0f0f0"", ""#ffffff"", ""#000000"", ""#cccccc""]",0.5
Lapa Ninja (Post),Perturbator,PORTFOLIO,,,https://cdn.lapa.ninja/assets/images/1x/perturbator-thumb.webp,https://www.lapa.ninja/post/perturbator/,"Dark, moody aesthetic with a cyberpunk vibe and a minimalist layout.",,dark,"[""#000000"", ""#ff007f"", ""#00ffcc"", ""#ffffff""]",0.5
Lapa Ninja (Post),Anagram Club,STUDIO,,,https://cdn.lapa.ninja/assets/images/1x/anagram-thumb.webp,https://www.lapa.ninja/post/anagram/,Playful design for Anagram Club with a vibrant color palette and engaging layout.,,bright and playful,"[""#ffcc00"", ""#ff6699"", ""#66ccff"", ""#ffccff""]",0.5
Lapa Ninja (Post),Amy Lima,PORTFOLIO,,,https://cdn.lapa.ninja/assets/images/1x/amylima-thumb.webp,https://www.lapa.ninja/post/amylima/,Minimalist portfolio showcasing a serene layout with a neutral color tone.,,neutral,"[""#ffffff"", ""#f0f0f0"", ""#d9d9d9"", ""#bfbfbf""]",0.5
Lapa Ninja (Post),Sandland,ECOMMERCE,,,https://cdn.lapa.ninja/assets/images/1x/sandlandsleep-thumb.webp,https://www.lapa.ninja/post/sandlandsleep/,Serene ecommerce site with a warm beige palette and minimalistic layout.,,warm beige,"[""#f5f5dc"", ""#dcdcdc"", ""#ffffff"", ""#e0e0e0""]",0.5
Lapa Ninja (Post),PlanetScale,DEVELOPMENT TOOLS,,,https://cdn.lapa.ninja/assets/images/1x/planetscale-thumb.webp,https://www.lapa.ninja/post/planetscale/,Tech-focused layout with a clean aesthetic and a modern color tone.,,neutral tones,"[""#ffffff"", ""#f0f0f0"", ""#e0e0e0"", ""#cccccc""]",0.5
Lapa Ninja (Post),Steven Taylor,PORTFOLIO,,,https://cdn.lapa.ninja/assets/images/1x/steventaylor-thumb.webp,https://www.lapa.ninja/post/steventaylor/,Minimalist portfolio site with a neutral tone and clean layout emphasizing visual content.,,neutral,"[""#ffffff"", ""#f0f0f0"", ""#000000"", ""#cccccc""]",0.5
Lapa Ninja (Post),A Message from Earth,CORPORATE,,,https://cdn.lapa.ninja/assets/images/1x/amessagefromearth-thumb.webp,https://www.lapa.ninja/post/amessagefromearth/,"Earth-themed post with a serene mood, featuring a minimalist layout and earthy tones.",,earthy tones,"[""#8b5a2b"", ""#d2b48c"", ""#f5f5dc"", ""#a0522d""]",0.5
Lapa Ninja (Post),Jon Yablonski,PORTFOLIO,,,https://cdn.lapa.ninja/assets/images/1x/jonyablonski-05-23-2021-thumb.webp,https://www.lapa.ninja/post/jonyablonski-2/,Minimalist portfolio showcasing a clean layout with a neutral color tone.,,neutral gray,"[""#ffffff"", ""#f0f0f0"", ""#000000"", ""#cccccc""]",0.5
Lapa Ninja (Post),Provider Store,ECOMMERCE,,,https://cdn.lapa.ninja/assets/images/1x/providerstore-thumb.webp,https://www.lapa.ninja/post/providerstore/,"Ecommerce site with a clean layout, featuring a neutral color tone and minimalistic design elements.",,neutral,"[""#f5f5f5"", ""#ffffff"", ""#000000"", ""#cccccc""]",0.5
Lapa Ninja (Post),June,TECHNOLOGY,,,https://cdn.lapa.ninja/assets/images/1x/june-thumb.webp,https://www.lapa.ninja/post/june/,"Minimalist layout with a serene mood, featuring a soft color palette and clean design elements.",,soft neutral,"[""#f0f0f0"", ""#ffffff"", ""#d9d9d9"", ""#bfbfbf""]",0.5
Lapa Ninja (Post),Doug Alves,PORTFOLIO,,,https://cdn.lapa.ninja/assets/images/1x/dougalves-thumb.webp,https://www.lapa.ninja/post/dougalves/,Minimalist portfolio showcasing a modern aesthetic with a neutral color tone and clean layout.,,neutral,"[""#ffffff"", ""#f0f0f0"", ""#000000"", ""#cccccc""]",0.5
Lapa Ninja (Post),Gather,COMMUNITY,,,https://cdn.lapa.ninja/assets/images/1x/gather-town-thumb.webp,https://www.lapa.ninja/post/gather-town/,Playful virtual gathering space with vibrant colors and an engaging layout.,,vibrant,"[""#ffcc00"", ""#00ccff"", ""#ff6699"", ""#66ff66""]",0.5
Lapa Ninja (Post),Extra Vitamins,ECOMMERCE,,,https://cdn.lapa.ninja/assets/images/1x/extra-vitamins-thumb.webp,https://www.lapa.ninja/post/extra-vitamins/,Fresh and vibrant layout with a bright color tone and engaging visual elements.,,bright and fresh,"[""#ffffff"", ""#f0f0f0"", ""#e0e0e0"", ""#c0c0c0""]",0.5
Lapa Ninja (Post),Sésame,PORTFOLIO,,,https://cdn.lapa.ninja/assets/images/1x/supersesame-thumb.webp,https://www.lapa.ninja/post/supersesame/,Playful portfolio showcasing vibrant colors and a whimsical layout.,,bright and playful,"[""#ffcc00"", ""#ff6699"", ""#66ccff"", ""#ffcc66""]",0.5
Lapa Ninja (Post),Solitario,STUDIO,,,https://cdn.lapa.ninja/assets/images/1x/solitario-studio-thumb.webp,https://www.lapa.ninja/post/solitario-studio/,"Minimalist design with a serene mood, featuring a soft color palette and spacious layout.",,soft neutral,"[""#f0f0f0"", ""#d9d9d9"", ""#ffffff"", ""#cccccc""]",0.5
Lapa Ninja (Post),Overlooked Ventures,VENTURES,,,https://cdn.lapa.ninja/assets/images/1x/overlookedventures-thumb.webp,https://www.lapa.ninja/post/overlookedventures/,"Minimalist layout with a neutral tone, emphasizing clarity and simplicity.",,neutral gray,"[""#f0f0f0"", ""#ffffff"", ""#cccccc"", ""#333333""]",0.5
Lapa Ninja (Post),Instrument,AGENCY,,,https://cdn.lapa.ninja/assets/images/1x/instrument-05-19-2021-thumb.webp,https://www.lapa.ninja/post/instrument-4/,"Minimalist design with a neutral palette and spacious layout, emphasizing simplicity.",,neutral gray,"[""#f0f0f0"", ""#cccccc"", ""#ffffff"", ""#000000""]",0.5
Lapa Ninja (Post),Figlia,FOOD DRINKS,,,https://cdn.lapa.ninja/assets/images/1x/drinkfiglia-thumb.webp,https://www.lapa.ninja/post/drinkfiglia/,"Charming drink showcase with warm beige tones and a clean, minimal layout.",,warm beige,"[""#f5f5dc"", ""#d2b48c"", ""#fff8dc"", ""#deb887""]",0.5
Lapa Ninja (Post),Made by Nacho,FOOD DRINKS,,,https://cdn.lapa.ninja/assets/images/1x/madebynacho-thumb.webp,https://www.lapa.ninja/post/madebynacho/,"Casual food blog post with warm beige tones and a simple, clean layout.",,warm beige,"[""#f5f5dc"", ""#fff8e1"", ""#dcdcdc"", ""#ffe4b5""]",0.5
Lapa Ninja (Post),REPENTANCE,ECOMMERCE,,,https://cdn.lapa.ninja/assets/images/1x/repentanceclo-thumb.webp,https://www.lapa.ninja/post/repentanceclo/,Reflective eCommerce site with a neutral tone and minimalistic layout.,,neutral,"[""#ffffff"", ""#f0f0f0"", ""#000000"", ""#cccccc""]",0.5
Lapa Ninja (Post),Miro.design,DESIGN TOOLS,,,https://cdn.lapa.ninja/assets/images/1x/miro-design-thumb.webp,https://www.lapa.ninja/post/miro-design/,Collaborative design platform with a vibrant palette and open layout.,,bright and energetic,"[""#ffcc00"", ""#00aaff"", ""#ff5733"", ""#ffffff""]",0.5
Lapa Ninja (Post),Shortcuts.design,DESIGN TOOLS,,,https://cdn.lapa.ninja/assets/images/1x/shortcuts-design-05-19-2021-thumb.webp,https://www.lapa.ninja/post/shortcuts-design-2/,Minimalist design resource site with a clean layout and neutral tones.,,neutral gray,"[""#f0f0f0"", ""#ffffff"", ""#cccccc"", ""#333333""]",0.5
Lapa Ninja (Post),Lovebug Pet Food,ECOMMERCE,,,https://cdn.lapa.ninja/assets/images/1x/lovebugpetfood-thumb.webp,https://www.lapa.ninja/post/lovebugpetfood/,Playful pet food site with warm beige tones and a friendly layout.,,warm beige,"[""#f5e1a4"", ""#d9c6a0"", ""#f9f9f9"", ""#c4b6a6""]",0.5
Lapa Ninja (Post),Moonlight,AGENCY,,,https://cdn.lapa.ninja/assets/images/1x/wearemoonlight-thumb.webp,https://www.lapa.ninja/post/wearemoonlight/,Serene design with a soft color palette and minimalistic layout emphasizing tranquility.,,soft gray,"[""#f0f0f0"", ""#d9d9d9"", ""#ffffff"", ""#b0b0b0""]",0.5
Lapa Ninja (Post),Roadmap,PRODUCTIVITY,,,https://cdn.lapa.ninja/assets/images/1x/onroadmap-05-16-2021-thumb.webp,https://www.lapa.ninja/post/onroadmap-4/,Structured roadmap layout with a neutral tone and minimalistic design elements.,,neutral,"[""#ffffff"", ""#f0f0f0"", ""#e0e0e0"", ""#cccccc""]",0.5
Lapa Ninja (Post),ATID,ECOMMERCE,,,https://cdn.lapa.ninja/assets/images/1x/atid-thumb.webp,https://www.lapa.ninja/post/atid/,Minimalist eCommerce site with a clean layout and neutral tones for a modern feel.,,neutral tones,"[""#f5f5f5"", ""#ffffff"", ""#000000"", ""#cccccc""]",0.5
Lapa Ninja (Post),CraieCraie,STUDIO,,,https://cdn.lapa.ninja/assets/images/1x/craiecraie-thumb.webp,https://www.lapa.ninja/post/craiecraie/,"Minimalist design with a warm beige palette and a clean, spacious layout.",,warm beige,"[""#f5f5dc"", ""#d3c6a8"", ""#e0cda9"", ""#c2b280""]",0.5
Lapa Ninja (Post),George Kedenburg III,PORTFOLIO,,,https://cdn.lapa.ninja/assets/images/1x/gk3-thumb.webp,https://www.lapa.ninja/post/gk3/,Minimalist portfolio showcasing a serene mood with a neutral color palette and clean layout.,,neutral,"[""#ffffff"", ""#f0f0f0"", ""#e0e0e0"", ""#d0d0d0""]",0.5
Lapa Ninja (Post),Prism Data,TECHNOLOGY,,,https://cdn.lapa.ninja/assets/images/1x/prismdata-thumb.webp,https://www.lapa.ninja/post/prismdata/,Modern tech showcase with a vibrant color palette and clean layout.,,bright and vibrant,"[""#ff5733"", ""#33c1ff"", ""#ff33a1"", ""#33ff57""]",0.5
Lapa Ninja (Post),Lina Forsgren,STUDIO,,,https://cdn.lapa.ninja/assets/images/1x/linaforsgren-thumb.webp,https://www.lapa.ninja/post/linaforsgren/,Minimalist design showcasing a serene mood with a neutral palette and clean layout.,,neutral tones,"[""#f0f0f0"", ""#d9d9d9"", ""#ffffff"", ""#cccccc""]",0.5
Lapa Ninja (Post),Sunday,APP,,,https://cdn.lapa.ninja/assets/images/1x/sundayapp-thumb.webp,https://www.lapa.ninja/post/sundayapp/,"Minimalist app design with a serene mood, featuring a soft color palette and clean layout.",,soft neutral,"[""#f0f0f0"", ""#ffffff"", ""#d9d9d9"", ""#bfbfbf""]",0.5
Lapa Ninja (Post),Marco Calignano,PORTFOLIO,,,https://cdn.lapa.ninja/assets/images/1x/marcocalignano-thumb.webp,https://www.lapa.ninja/post/marcocalignano/,Minimalist portfolio showcasing a clean layout with a neutral color tone.,,neutral,"[""#ffffff"", ""#f0f0f0"", ""#000000"", ""#cccccc""]",0.5
Lapa Ninja (Post),Mixcloud,APP,,,https://cdn.lapa.ninja/assets/images/1x/mixcloud-thumb.webp,https://www.lapa.ninja/post/mixcloud-2/,Energetic music platform with vibrant colors and a dynamic layout.,,vibrant,"[""#ff5722"", ""#ffc107"", ""#4caf50"", ""#2196f3""]",0.5
Lapa Ninja (Post),arcarta,ILLUSTRATION,,,https://cdn.lapa.ninja/assets/images/1x/arcarta-thumb.webp,https://www.lapa.ninja/post/arcarta/,Minimalist design with a neutral palette and clean layout emphasizing illustration.,,neutral tones,"[""#f0f0f0"", ""#cccccc"", ""#ffffff"", ""#000000""]",0.5
Lapa Ninja (Post),The Werk,NEWS,,,https://cdn.lapa.ninja/assets/images/1x/thewerk-thumb.webp,https://www.lapa.ninja/post/thewerk/,Minimalist design showcasing a modern aesthetic with a neutral color tone and clean layout.,,neutral,"[""#ffffff"", ""#f0f0f0"", ""#000000"", ""#cccccc""]",0.5
Lapa Ninja (Post),Thierry Ambraisse,PORTFOLIO,,,https://cdn.lapa.ninja/assets/images/1x/thierryambraisse-thumb.webp,https://www.lapa.ninja/post/thierryambraisse/,Minimalist portfolio showcasing a serene mood with a neutral color palette and clean layout.,,neutral tones,"[""#ffffff"", ""#f0f0f0"", ""#d9d9d9"", ""#bfbfbf""]",0.5
Lapa Ninja (Post),George Francis,PORTFOLIO,,,https://cdn.lapa.ninja/assets/images/1x/georgefrancis-thumb.webp,https://www.lapa.ninja/post/georgefrancis/,Minimalist portfolio showcasing a serene mood with a neutral color palette and clean layout.,,neutral,"[""#ffffff"", ""#f0f0f0"", ""#d9d9d9"", ""#bfbfbf""]",0.5
Lapa Ninja (Post),Polywork,3D WEBSITES,,,https://cdn.lapa.ninja/assets/images/1x/polywork-thumb.webp,https://www.lapa.ninja/post/polywork/,Modern website showcasing a collaborative platform with a clean layout and neutral tones.,,neutral tones,"[""#ffffff"", ""#f0f0f0"", ""#e0e0e0"", ""#cccccc""]",0.5
Lapa Ninja (Post),Madeleine Dalla,PORTFOLIO,,,https://cdn.lapa.ninja/assets/images/1x/madeleinedalla-thumb.webp,https://www.lapa.ninja/post/madeleinedalla/,Minimalist portfolio layout with a neutral tone and clean design elements.,,neutral,"[""#ffffff"", ""#f0f0f0"", ""#000000"", ""#cccccc""]",0.5
Lapa Ninja (Post),Developments,EDUCATION,,,https://cdn.lapa.ninja/assets/images/1x/developments-thumb.webp,https://www.lapa.ninja/post/developments/,Neutral educational post with a clean layout and subtle color tones.,,neutral gray,"[""#f0f0f0"", ""#ffffff"", ""#cccccc"", ""#999999""]",0.5
Lapa Ninja (Post),Volley,FOOD DRINKS,,,https://cdn.lapa.ninja/assets/images/1x/drinkvolley-thumb.webp,https://www.lapa.ninja/post/drinkvolley/,Refreshing drink post with a vibrant color palette and clean layout.,,bright and fresh,"[""#ffcc00"", ""#ff6699"", ""#66ccff"", ""#ffffff""]",0.5
Lapa Ninja (Post),Oberlo,EDUCATION,,,https://cdn.lapa.ninja/assets/images/1x/oberlo-thumb.webp,https://www.lapa.ninja/post/oberlo/,Minimalist e-commerce site with a clean layout and neutral tones.,,neutral gray,"[""#f5f5f5"", ""#ffffff"", ""#000000"", ""#cccccc""]",0.5
Lapa Ninja (Post),Reform,AGENCY,,,https://cdn.lapa.ninja/assets/images/1x/reform-property-thumb.webp,https://www.lapa.ninja/post/reform-property/,Modern property showcase with a neutral palette and spacious layout.,,neutral tones,"[""#f0f0f0"", ""#cccccc"", ""#ffffff"", ""#000000""]",0.5
Lapa Ninja (Post),Hidden Valley,ECOMMERCE,,,https://cdn.lapa.ninja/assets/images/1x/hiddenvalley-thumb.webp,https://www.lapa.ninja/post/hiddenvalley/,"Serene eCommerce showcase with earthy tones and a clean, spacious layout.",,earthy green,"[""#4caf50"", ""#a5d6a7"", ""#ffffff"", ""#f0f4c3""]",0.5
Lapa Ninja (Post),Le Bibent,FOOD DRINKS,,,https://cdn.lapa.ninja/assets/images/1x/lebibent-thumb.webp,https://www.lapa.ninja/post/lebibent/,Elegant dining experience with warm tones and a classic layout featuring rich imagery.,,warm beige,"[""#d8c4a0"", ""#f5f0e1"", ""#a67c5d"", ""#7b5e3a""]",0.5
Lapa Ninja (Post),Wisr,FINANCE,,,https://cdn.lapa.ninja/assets/images/1x/wisr-thumb.webp,https://www.lapa.ninja/post/wisr/,"Minimalist design with a neutral tone and clean layout, emphasizing simplicity.",,neutral gray,"[""#f0f0f0"", ""#ffffff"", ""#cccccc"", ""#999999""]",0.5
Lapa Ninja (Post),Loop Returns,ILLUSTRATION,,,https://cdn.lapa.ninja/assets/images/1x/loopreturns-thumb.webp,https://www.lapa.ninja/post/loopreturns/,"Minimalist design with a neutral tone and clean layout, emphasizing illustration.",,neutral,"[""#ffffff"", ""#f0f0f0"", ""#000000"", ""#cccccc""]",0.5
Lapa Ninja (Post),Details of war,STUDIO,,,https://cdn.lapa.ninja/assets/images/1x/detailsofwar-thumb.webp,https://www.lapa.ninja/post/detailsofwar/,Somber war-themed post with a muted color palette and minimalistic layout.,,neutral tones,"[""#7d7d7d"", ""#b0b0b0"", ""#ffffff"", ""#000000""]",0.5
Lapa Ninja (Post),Adetomiwa Isiaka,PORTFOLIO,,,https://cdn.lapa.ninja/assets/images/1x/adetomiwa-thumb.webp,https://www.lapa.ninja/post/adetomiwa/,Minimalist portfolio layout with a neutral tone and clean design elements.,,neutral,"[""#ffffff"", ""#f0f0f0"", ""#000000"", ""#cccccc""]",0.5
Lapa Ninja (Post),FLATLIST,ECOMMERCE,,,https://cdn.lapa.ninja/assets/images/1x/flatlisteyewear-thumb.webp,https://www.lapa.ninja/post/flatlisteyewear/,Minimalist eyewear showcase with a neutral palette and clean layout.,,neutral,"[""#ffffff"", ""#000000"", ""#f0f0f0"", ""#dcdcdc""]",0.5
Lapa Ninja (Post),Feels,APP,,,https://cdn.lapa.ninja/assets/images/1x/feels-app-thumb.webp,https://www.lapa.ninja/post/feels-app/,"Playful app design with a vibrant color palette and a clean, minimal layout.",,bright and playful,"[""#ff6f61"", ""#6b5b95"", ""#88b04b"", ""#f7cac9""]",0.5
Lapa Ninja (Post),Rich Minority,STUDIO,,,https://cdn.lapa.ninja/assets/images/1x/richminority-thumb.webp,https://www.lapa.ninja/post/richminority/,"Sophisticated design showcasing a rich, muted color palette with a minimalistic layout.",,neutral tones,"[""#f0f0f0"", ""#cccccc"", ""#999999"", ""#666666""]",0.5
Lapa Ninja (Post),Robert Mayer,PORTFOLIO,,,https://cdn.lapa.ninja/assets/images/1x/mayerr-thumb.webp,https://www.lapa.ninja/post/mayerr/,Minimalist portfolio showcasing a clean layout with neutral tones and subtle elegance.,,neutral tones,"[""#ffffff"", ""#f0f0f0"", ""#d9d9d9"", ""#cccccc""]",0.5
Lapa Ninja (Post),Typeverything,TYPOGRAPHY,,,https://cdn.lapa.ninja/assets/images/1x/typeverything-thumb.webp,https://www.lapa.ninja/post/typeverything/,Minimalist typography showcase with a clean layout and neutral tones.,,neutral gray,"[""#ffffff"", ""#f0f0f0"", ""#000000"", ""#cccccc""]",0.5
Lapa Ninja (Post),Billi,APP,,,https://cdn.lapa.ninja/assets/images/1x/billi-thumb.webp,https://www.lapa.ninja/post/billi/,Minimalist design showcasing a serene mood with a clean layout and soft color tones.,,soft neutral,"[""#f0f0f0"", ""#ffffff"", ""#d9d9d9"", ""#bfbfbf""]",0.5
Lapa Ninja (Post),BIDE,MINIMAL,,,https://cdn.lapa.ninja/assets/images/1x/bidemarket-thumb.webp,https://www.lapa.ninja/post/bidemarket/,"Minimalist design with a serene mood, featuring a clean layout and soft color tones.",,soft neutral,"[""#f5f5f5"", ""#e0e0e0"", ""#ffffff"", ""#cccccc""]",0.5
Lapa Ninja (Post),The Ocean Agency,AGENCY,,,https://cdn.lapa.ninja/assets/images/1x/theoceanagency-thumb.webp,https://www.lapa.ninja/post/theoceanagency/,Serene agency showcase with a cool color palette and minimalistic layout.,,cool tones,"[""#0077be"", ""#00aaff"", ""#e0f7fa"", ""#ffffff""]",0.5
Lapa Ninja (Post),A24,STUDIO,,,https://cdn.lapa.ninja/assets/images/1x/a24films-thumb.webp,https://www.lapa.ninja/post/a24films/,"Cinematic website with a dark, moody palette and minimalist layout emphasizing visuals.",,dark and moody,"[""#000000"", ""#ffffff"", ""#ff0000"", ""#cccccc""]",0.5
Lapa Ninja (Post),Joost Huver,PORTFOLIO,,,https://cdn.lapa.ninja/assets/images/1x/joosthuver-thumb.webp,https://www.lapa.ninja/post/joosthuver/,Minimalist portfolio showcasing a clean layout with neutral tones and subtle elegance.,,neutral tones,"[""#ffffff"", ""#f0f0f0"", ""#d9d9d9"", ""#cccccc""]",0.5
Lapa Ninja (Post),Taikonauten,AGENCY,,,https://cdn.lapa.ninja/assets/images/1x/taikonauten-thumb.webp,https://www.lapa.ninja/post/taikonauten/,Futuristic design with a sleek layout and a muted color palette emphasizing exploration.,,neutral tones,"[""#ffffff"", ""#cccccc"", ""#333333"", ""#666666""]",0.5
Lapa Ninja (Post),Enjjoy,ECOMMERCE,,,https://cdn.lapa.ninja/assets/images/1x/enjjoy-thumb.webp,https://www.lapa.ninja/post/enjjoy/,Playful e-commerce site with a vibrant color palette and engaging layout.,,bright and playful,"[""#ffcc00"", ""#ff6699"", ""#66ccff"", ""#ffffff""]",0.5
Lapa Ninja (Post),my mind,PRODUCTIVITY,,,https://cdn.lapa.ninja/assets/images/1x/mymind-thumb.webp,https://www.lapa.ninja/post/mymind/,Minimalist productivity tool with a serene layout and soft color tones.,,soft neutral,"[""#f0f0f0"", ""#ffffff"", ""#d9d9d9"", ""#bfbfbf""]",0.5
Lapa Ninja (Post),Jon Way Studio,STUDIO,,,https://cdn.lapa.ninja/assets/images/1x/jonway-studio-04-30-2021-thumb.webp,https://www.lapa.ninja/post/jonway-studio-2/,Minimalist studio website with a neutral palette and clean layout emphasizing visual content.,,neutral tones,"[""#ffffff"", ""#f0f0f0"", ""#d9d9d9"", ""#000000""]",0.5
Lapa Ninja (Post),Super Deluxe,3D WEBSITES,,,https://cdn.lapa.ninja/assets/images/1x/superdelux-thumb.webp,https://www.lapa.ninja/post/superdelux/,Playful 3D website with vibrant colors and an engaging layout.,,bright and playful,"[""#ff6f61"", ""#6b5b95"", ""#88b04b"", ""#f7cac9""]",0.5
Lapa Ninja (Post),Well Traveled,OUTDOORS TRAVEL,,,https://cdn.lapa.ninja/assets/images/1x/welltraveledclub-thumb.webp,https://www.lapa.ninja/post/welltraveledclub/,Adventurous travel site with earthy tones and a spacious layout emphasizing exploration.,,earthy green,"[""#4a7c2a"", ""#d9e4c3"", ""#f5f5f5"", ""#a3b18c""]",0.5
Lapa Ninja (Post),Mighty,3D WEBSITES,,,https://cdn.lapa.ninja/assets/images/1x/mightyapp-thumb.webp,https://www.lapa.ninja/post/mightyapp/,Modern 3D website with a vibrant color scheme and dynamic layout.,,bright and dynamic,"[""#ff5733"", ""#33c1ff"", ""#ff33a1"", ""#33ff57""]",0.5
Lapa Ninja (Post),Marla Aaron,ECOMMERCE,,,https://cdn.lapa.ninja/assets/images/1x/marlaaaron-thumb.webp,https://www.lapa.ninja/post/marlaaaron/,Elegant jewelry showcase with a minimalist layout and neutral tones.,,neutral tones,"[""#ffffff"", ""#f0f0f0"", ""#d9d9d9"", ""#000000""]",0.5
Lapa Ninja (Post),Liist,APP,,,https://cdn.lapa.ninja/assets/images/1x/liist-thumb.webp,https://www.lapa.ninja/post/liist/,"Minimalist design with a neutral palette and a clean, spacious layout.",,neutral gray,"[""#f5f5f5"", ""#e0e0e0"", ""#ffffff"", ""#000000""]",0.5
Lapa Ninja (Post),Sabato,PORTFOLIO,,,https://cdn.lapa.ninja/assets/images/1x/sabato-studio-thumb.webp,https://www.lapa.ninja/post/sabato-studio/,Minimalist portfolio site with a neutral tone and clean layout emphasizing imagery.,,neutral,"[""#ffffff"", ""#f0f0f0"", ""#000000"", ""#cccccc""]",0.5
Lapa Ninja (Post),Everland,AGENCY,,,https://cdn.lapa.ninja/assets/images/1x/everland-thumb.webp,https://www.lapa.ninja/post/everland/,"Whimsical design with a playful vibe, featuring soft tones and an engaging layout.",,soft pastel,"[""#f0e5d8"", ""#d1c6e7"", ""#b2e0d4"", ""#f7c6c7""]",0.5
Lapa Ninja (Post),Daniel See,PORTFOLIO,,,https://cdn.lapa.ninja/assets/images/1x/danielsee-thumb.webp,https://www.lapa.ninja/post/danielsee/,Minimalist portfolio showcasing a clean layout with a neutral color tone.,,neutral gray,"[""#f0f0f0"", ""#ffffff"", ""#000000"", ""#cccccc""]",0.5
Lapa Ninja (Post),Spotify Jobs,BUSINESS,,,https://cdn.lapa.ninja/assets/images/1x/spotifyjobs-thumb.webp,https://www.lapa.ninja/post/spotifyjobs/,"Professional job listing page with a clean layout and a modern, muted color scheme.",,neutral tones,"[""#1DB954"", ""#191414"", ""#FFFFFF"", ""#B3B3B3""]",0.5
Lapa Ninja (Post),Over,DESIGN TOOLS,,,https://cdn.lapa.ninja/assets/images/1x/madewithover-thumb.webp,https://www.lapa.ninja/post/madewithover/,Minimalist design tool showcase with a clean layout and soft color tones.,,soft neutral,"[""#ffffff"", ""#f0f0f0"", ""#e0e0e0"", ""#d0d0d0""]",0.5
Lapa Ninja (Post),Good Use,ILLUSTRATION,,,https://cdn.lapa.ninja/assets/images/1x/gooduse-thumb.webp,https://www.lapa.ninja/post/gooduse/,"Minimalist design with a serene mood, featuring a soft color palette and clean layout.",,soft neutral,"[""#f0f0f0"", ""#d9d9d9"", ""#ffffff"", ""#cccccc""]",0.5
Lapa Ninja (Post),Rogue Studio Store,ECOMMERCE,,,https://cdn.lapa.ninja/assets/images/1x/rogue-studio-store-thumb.webp,https://www.lapa.ninja/post/rogue-studio-store/,Minimalist ecommerce store with a neutral palette and clean layout.,,neutral,"[""#ffffff"", ""#f0f0f0"", ""#000000"", ""#cccccc""]",0.5
Lapa Ninja (Post),Inflow,FINANCE,,,https://cdn.lapa.ninja/assets/images/1x/inflow-thumb.webp,https://www.lapa.ninja/post/inflow/,Minimalist finance site with a clean layout and neutral tones.,,neutral gray,"[""#f0f0f0"", ""#ffffff"", ""#cccccc"", ""#999999""]",0.5
Lapa Ninja (Post),The Kitchen,AGENCY,,,https://cdn.lapa.ninja/assets/images/1x/thekitchen-thumb.webp,https://www.lapa.ninja/post/thekitchen/,Inviting kitchen design with warm beige tones and a spacious layout.,,warm beige,"[""#f5f5dc"", ""#d2b48c"", ""#fff8dc"", ""#deb887""]",0.5
Lapa Ninja (Post),Dreamer Mode,MINIMAL,,,https://cdn.lapa.ninja/assets/images/1x/dreamermode-thumb.webp,https://www.lapa.ninja/post/dreamermode/,"Dreamy layout with soft tones and a minimalistic aesthetic, featuring a serene vibe.",,soft pastel,"[""#f0e5ff"", ""#d9c9e8"", ""#b3a2d6"", ""#ffffff""]",0.5
Lapa Ninja (Post),Mouthwash Studio,STUDIO,,,https://cdn.lapa.ninja/assets/images/1x/mouthwash-studio-thumb.webp,https://www.lapa.ninja/post/mouthwash-studio/,"Minimalist design with a clean layout and a soft, neutral color tone.",,soft neutral,"[""#f5f5f5"", ""#ffffff"", ""#e0e0e0"", ""#bdbdbd""]",0.5
Lapa Ninja (Post),Gentle Guide,HEALTH FITNESS,,,https://cdn.lapa.ninja/assets/images/1x/gentle-guide-thumb.webp,https://www.lapa.ninja/post/gentle-guide/,Serene health guide with a soft color palette and minimalistic layout.,,soft neutral,"[""#f0f0f0"", ""#d9d9d9"", ""#ffffff"", ""#b3b3b3""]",0.5
Lapa Ninja (Post),Varun Vachhar,PORTFOLIO,,,https://cdn.lapa.ninja/assets/images/1x/varun-thumb.webp,https://www.lapa.ninja/post/varun/,Minimalist portfolio layout with a neutral tone and clean design elements.,,neutral,"[""#ffffff"", ""#f0f0f0"", ""#000000"", ""#cccccc""]",0.5
Lapa Ninja (Post),Auth0,TECHNOLOGY,,,https://cdn.lapa.ninja/assets/images/1x/auth0-thumb.webp,https://www.lapa.ninja/post/auth0/,Tech-focused layout with a clean aesthetic and a modern color tone.,,neutral gray,"[""#f0f0f0"", ""#ffffff"", ""#000000"", ""#007bff""]",0.5
Lapa Ninja (Post),Plus,ECOMMERCE,,,https://cdn.lapa.ninja/assets/images/1x/cleanwithplus-thumb.webp,https://www.lapa.ninja/post/cleanwithplus/,Clean and minimalistic layout with a fresh color tone and simple design elements.,,fresh white,"[""#ffffff"", ""#f0f0f0"", ""#e0e0e0"", ""#c0c0c0""]",0.5
Lapa Ninja (Post),Steam Logistics,BUSINESS,,,https://cdn.lapa.ninja/assets/images/1x/steamlogistics-thumb.webp,https://www.lapa.ninja/post/steamlogistics/,Industrial logistics site with a neutral palette and structured layout emphasizing functionality.,,neutral gray,"[""#808080"", ""#d3d3d3"", ""#ffffff"", ""#000000""]",0.5
Lapa Ninja (Post),The Covid Art Museum,CULTURE,,,https://cdn.lapa.ninja/assets/images/1x/covidartmuseum-thumb.webp,https://www.lapa.ninja/post/covidartmuseum/,"Reflective art space with a muted tone, featuring a clean layout and engaging visuals.",,neutral tones,"[""#ffffff"", ""#f0f0f0"", ""#d9d9d9"", ""#bfbfbf""]",0.5
Lapa Ninja (Post),Playspace,COMMUNITY,,,https://cdn.lapa.ninja/assets/images/1x/play-space-thumb.webp,https://www.lapa.ninja/post/play-space/,Playful and vibrant layout with a bright color palette and engaging design elements.,,bright and playful,"[""#ffcc00"", ""#ff6699"", ""#66ccff"", ""#ffccff""]",0.5
Lapa Ninja (Post),Baptiste Briel,PORTFOLIO,,,https://cdn.lapa.ninja/assets/images/1x/bbriel-thumb.webp,https://www.lapa.ninja/post/bbriel/,Minimalist portfolio showcasing a serene mood with a neutral color palette and clean layout.,,neutral gray,"[""#f0f0f0"", ""#cccccc"", ""#ffffff"", ""#000000""]",0.5
Lapa Ninja (Post),TOMAS THAN,FASHION,,,https://cdn.lapa.ninja/assets/images/1x/tomasthan-thumb.webp,https://www.lapa.ninja/post/tomasthan/,Minimalist fashion post with a neutral tone and clean layout emphasizing imagery.,,neutral,"[""#ffffff"", ""#f0f0f0"", ""#000000"", ""#cccccc""]",0.5
Lapa Ninja (Post),FigJam,DESIGN TOOLS,,,https://cdn.lapa.ninja/assets/images/1x/figjam-thumb.webp,https://www.lapa.ninja/post/figjam/,Playful collaboration tool with a vibrant palette and an open layout.,,bright and playful,"[""#ffcc00"", ""#ff6699"", ""#66ccff"", ""#99cc66""]",0.5
Lapa Ninja (Post),Zmaslo,PORTFOLIO,,,https://cdn.lapa.ninja/assets/images/1x/zmaslo-thumb.webp,https://www.lapa.ninja/post/zmaslo/,Minimalist design with a neutral palette and clean layout emphasizing simplicity.,,neutral tones,"[""#f0f0f0"", ""#cccccc"", ""#ffffff"", ""#000000""]",0.5
Lapa Ninja (Post),Richard Sancho,PORTFOLIO,,,https://cdn.lapa.ninja/assets/images/1x/richardsancho-thumb.webp,https://www.lapa.ninja/post/richardsancho/,Minimalist portfolio showcasing a clean layout with a neutral color tone.,,neutral,"[""#ffffff"", ""#f0f0f0"", ""#000000"", ""#cccccc""]",0.5
Lapa Ninja (Post),WAOF,AGENCY,,,https://cdn.lapa.ninja/assets/images/1x/waof-thumb.webp,https://www.lapa.ninja/post/waof/,"Minimalist design with a neutral palette and spacious layout, emphasizing simplicity.",,neutral,"[""#ffffff"", ""#f0f0f0"", ""#d9d9d9"", ""#bfbfbf""]",0.5
Lapa Ninja (Post),Future Noodles,FOOD DRINKS,,,https://cdn.lapa.ninja/assets/images/1x/futurenoodles-thumb.webp,https://www.lapa.ninja/post/futurenoodles/,Futuristic food post with a vibrant color tone and minimalistic layout.,,bright and playful,"[""#ffcc00"", ""#ff6699"", ""#66ccff"", ""#ffffff""]",0.5
Lapa Ninja (Post),Flow Your Money,APP,,,https://cdn.lapa.ninja/assets/images/1x/flowyourmoney-thumb.webp,https://www.lapa.ninja/post/flowyourmoney/,Minimalist finance site with a neutral tone and clean layout emphasizing clarity.,,neutral gray,"[""#f0f0f0"", ""#ffffff"", ""#cccccc"", ""#333333""]",0.5
Lapa Ninja (Post),Weezy,APP,,,https://cdn.lapa.ninja/assets/images/1x/weezy-thumb.webp,https://www.lapa.ninja/post/weezy/,"Minimalist design with a neutral palette and a clean, spacious layout.",,neutral tones,"[""#ffffff"", ""#f0f0f0"", ""#e0e0e0"", ""#d0d0d0""]",0.5
Lapa Ninja (Post),Max Kaplun,PORTFOLIO,,,https://cdn.lapa.ninja/assets/images/1x/maxkaplun-thumb.webp,https://www.lapa.ninja/post/maxkaplun/,Minimalist portfolio showcasing a clean layout with a neutral color tone.,,neutral,"[""#ffffff"", ""#f0f0f0"", ""#000000"", ""#cccccc""]",0.5
Lapa Ninja (Post),MEplace,HEALTH FITNESS,,,https://cdn.lapa.ninja/assets/images/1x/meplace-thumb.webp,https://www.lapa.ninja/post/meplace/,Energetic health platform with a vibrant color palette and engaging layout.,,bright and energetic,"[""#ffcc00"", ""#ff5733"", ""#33ccff"", ""#ffffff""]",0.5
Lapa Ninja (Post),Proxy,PRODUCTIVITY,,,https://cdn.lapa.ninja/assets/images/1x/proxy-thumb.webp,https://www.lapa.ninja/post/proxy/,Minimalist productivity site with a clean layout and neutral tones.,,neutral gray,"[""#f0f0f0"", ""#ffffff"", ""#cccccc"", ""#333333""]",0.5
Lapa Ninja (Post),VVAND,STUDIO,,,https://cdn.lapa.ninja/assets/images/1x/vvand-thumb.webp,https://www.lapa.ninja/post/vvand/,"Minimalist design with a neutral palette and a clean, spacious layout.",,neutral tones,"[""#f5f5f5"", ""#ffffff"", ""#000000"", ""#cccccc""]",0.5
Lapa Ninja (Post),Jonas Reymondin,PORTFOLIO,,,https://cdn.lapa.ninja/assets/images/1x/jonasreymondin-thumb.webp,https://www.lapa.ninja/post/jonasreymondin/,Minimalist portfolio showcasing a clean layout with neutral tones and ample white space.,,neutral,"[""#ffffff"", ""#f0f0f0"", ""#000000"", ""#cccccc""]",0.5
Lapa Ninja (Post),Pauli & Sisters,ECOMMERCE,,,https://cdn.lapa.ninja/assets/images/1x/pauliandsisters-thumb.webp,https://www.lapa.ninja/post/pauliandsisters/,Playful e-commerce site with a warm beige palette and a clean layout.,,warm beige,"[""#f5f5dc"", ""#d2b48c"", ""#fff8dc"", ""#deb887""]",0.5
Lapa Ninja (Post),Funeral,STUDIO,,,https://cdn.lapa.ninja/assets/images/1x/funeral-studio-thumb.webp,https://www.lapa.ninja/post/funeral-studio/,"Somber and reflective layout with muted tones, featuring a minimalist aesthetic.",,muted gray,"[""#7d7d7d"", ""#b0b0b0"", ""#ffffff"", ""#000000""]",0.5
Lapa Ninja (Post),Vintageria,ECOMMERCE,,,https://cdn.lapa.ninja/assets/images/1x/vintageria-thumb.webp,https://www.lapa.ninja/post/vintageria/,"Vintage e-commerce site with warm beige tones and a clean, minimal layout.",,warm beige,"[""#f5f5dc"", ""#d2b48c"", ""#deb887"", ""#ffe4c4""]",0.5
Lapa Ninja (Post),Watermelon,ARTIFICIAL INTELLIGENCE,,,https://cdn.lapa.ninja/assets/images/1x/watermelon-thumb.webp,https://www.lapa.ninja/post/watermelon/,Playful design with a vibrant color tone and a simple layout featuring a watermelon theme.,,bright and playful,"[""#ff6f61"", ""#f7c6c7"", ""#f9e79f"", ""#76d7c4""]",0.5
Lapa Ninja (Post),Smalls,ECOMMERCE,,,https://cdn.lapa.ninja/assets/images/1x/smalls-thumb.webp,https://www.lapa.ninja/post/smalls/,Minimalist ecommerce site with a clean layout and neutral tones.,,neutral tones,"[""#ffffff"", ""#f0f0f0"", ""#000000"", ""#cccccc""]",0.5
Lapa Ninja (Post),Nahel Moussi,PORTFOLIO,,,https://cdn.lapa.ninja/assets/images/1x/nahelmoussi-thumb.webp,https://www.lapa.ninja/post/nahelmoussi/,Minimalist portfolio layout with a neutral tone and clean design elements.,,neutral,"[""#ffffff"", ""#f0f0f0"", ""#000000"", ""#cccccc""]",0.5
Lapa Ninja (Post),Chill Music Club,ENTERTAINMENT,,,https://cdn.lapa.ninja/assets/images/1x/chillmusic-club-thumb.webp,https://www.lapa.ninja/post/chillmusic-club/,Relaxed music club vibe with a soft color palette and minimalistic layout.,,soft tones,"[""#f0f4f8"", ""#d1e8e2"", ""#b2dfdb"", ""#ffffff""]",0.5
Lapa Ninja (Post),Focus Lab,AGENCY,,,https://cdn.lapa.ninja/assets/images/1x/focuslab-04-17-2021-thumb.webp,https://www.lapa.ninja/post/focuslab-2/,Modern agency showcase with a clean layout and a neutral color tone emphasizing professionalism.,,neutral gray,"[""#f5f5f5"", ""#cccccc"", ""#333333"", ""#ffffff""]",0.5
Lapa Ninja (Post),Zorka,AGENCY,,,https://cdn.lapa.ninja/assets/images/1x/zorka-agency-thumb.webp,https://www.lapa.ninja/post/zorka-agency/,Minimalist agency showcase with a neutral palette and clean layout.,,neutral tones,"[""#ffffff"", ""#f0f0f0"", ""#e0e0e0"", ""#d0d0d0""]",0.5
Lapa Ninja (Post),Cartoon Feelings,ENTERTAINMENT,,,https://cdn.lapa.ninja/assets/images/1x/cartoonfeelings-thumb.webp,https://www.lapa.ninja/post/cartoonfeelings/,Playful cartoon-themed layout with vibrant colors and whimsical design elements.,,bright and playful,"[""#ffcc00"", ""#ff6699"", ""#66ccff"", ""#ffccff""]",0.5
Lapa Ninja (Post),OpenAI,ARTIFICIAL INTELLIGENCE,,,https://cdn.lapa.ninja/assets/images/1x/openai-04-17-2021-thumb.webp,https://www.lapa.ninja/post/openai-2/,"Minimalist layout with a tech-focused mood, featuring a cool color tone and clean design elements.",,cool gray,"[""#f0f0f0"", ""#ffffff"", ""#000000"", ""#0072c6""]",0.5
Lapa Ninja (Post),Oboosho,BUSINESS,,,https://cdn.lapa.ninja/assets/images/1x/oboosho-thumb.webp,https://www.lapa.ninja/post/oboosho/,"Minimalist layout with a neutral tone, featuring a clean design and subtle visual elements.",,neutral gray,"[""#f0f0f0"", ""#cccccc"", ""#ffffff"", ""#000000""]",0.5
Lapa Ninja (Post),Font Review Journal,TYPOGRAPHY,,,https://cdn.lapa.ninja/assets/images/1x/fontreviewjournal-thumb.webp,https://www.lapa.ninja/post/fontreviewjournal/,Minimalist font review layout with a neutral tone and clean design elements.,,neutral gray,"[""#f0f0f0"", ""#cccccc"", ""#333333"", ""#ffffff""]",0.5
Lapa Ninja (Post),Car Thing,MUSIC,,,https://cdn.lapa.ninja/assets/images/1x/carthing-thumb.webp,https://www.lapa.ninja/post/carthing/,Minimalist design showcasing a tech product with a neutral palette and clean layout.,,neutral tones,"[""#ffffff"", ""#f0f0f0"", ""#cccccc"", ""#000000""]",0.5
Lapa Ninja (Post),Brandpad,PRODUCTIVITY,,,https://cdn.lapa.ninja/assets/images/1x/brandpad-04-14-2021-thumb.webp,https://www.lapa.ninja/post/brandpad-2/,Minimalist design with a clean layout and a neutral color palette emphasizing productivity.,,neutral gray,"[""#f5f5f5"", ""#ffffff"", ""#cccccc"", ""#333333""]",0.5
Lapa Ninja (Post),VOLK GLOBAL,AGENCY,,,https://cdn.lapa.ninja/assets/images/1x/volk-global-thumb.webp,https://www.lapa.ninja/post/volk-global/,"Modern website with a sleek layout and a neutral color tone, emphasizing minimalism.",,neutral gray,"[""#f0f0f0"", ""#cccccc"", ""#333333"", ""#ffffff""]",0.5
Lapa Ninja (Post),Dan Woodger,PORTFOLIO,,,https://cdn.lapa.ninja/assets/images/1x/danwoodger-thumb.webp,https://www.lapa.ninja/post/danwoodger/,Minimalist portfolio showcasing vibrant illustrations with a playful layout.,,bright and playful,"[""#ff6f61"", ""#6b5b95"", ""#88b04b"", ""#f7cac9""]",0.5
Lapa Ninja (Post),Luma,MINIMAL,,,https://cdn.lapa.ninja/assets/images/1x/luma-thumb.webp,https://www.lapa.ninja/post/luma/,"Minimalist design with a serene mood, featuring a soft color palette and spacious layout.",,soft neutral,"[""#f0f0f0"", ""#ffffff"", ""#d9d9d9"", ""#bfbfbf""]",0.5
Lapa Ninja (Post),Nuro,ARTIFICIAL INTELLIGENCE,,,https://cdn.lapa.ninja/assets/images/1x/nuro-04-13-2021-thumb.webp,https://www.lapa.ninja/post/nuro-ai/,"Modern AI showcase with a sleek layout and a cool, tech-inspired color tone.",,cool gray,"[""#f0f0f0"", ""#cccccc"", ""#333333"", ""#007acc""]",0.5
Lapa Ninja (Post),Schweppes,FOOD DRINKS,,,https://cdn.lapa.ninja/assets/images/1x/schweppes-thumb.webp,https://www.lapa.ninja/post/schweppes/,"Refreshing beverage showcase with vibrant tones and a clean, minimal layout.",,bright and refreshing,"[""#f7f7f7"", ""#ffcc00"", ""#ff6600"", ""#ffffff""]",0.5
Lapa Ninja (Post),Coffee Supreme,ECOMMERCE,,,https://cdn.lapa.ninja/assets/images/1x/coffeesupreme-thumb.webp,https://www.lapa.ninja/post/coffeesupreme/,"Inviting coffee shop vibe with warm beige tones and a clean, minimal layout.",,warm beige,"[""#d8cfc4"", ""#f5f5f5"", ""#3e2723"", ""#a1887f""]",0.5
Lapa Ninja (Post),Gabriel Norman,PORTFOLIO,,,https://cdn.lapa.ninja/assets/images/1x/gnrm-thumb.webp,https://www.lapa.ninja/post/gnrm/,Minimalist portfolio showcasing a clean layout with neutral tones and subtle elegance.,,neutral tones,"[""#ffffff"", ""#f0f0f0"", ""#d9d9d9"", ""#000000""]",0.5
Lapa Ninja (Post),Flow,FINANCE,,,https://cdn.lapa.ninja/assets/images/1x/flowfi-thumb.webp,https://www.lapa.ninja/post/flowfi/,"Minimalist finance site with a serene mood, featuring a clean layout and soft color tones.",,soft neutral,"[""#f0f0f0"", ""#ffffff"", ""#e0e0e0"", ""#d0d0d0""]",0.5
Lapa Ninja (Post),Clubhouse,PRODUCT MANAGEMENT,,,https://cdn.lapa.ninja/assets/images/1x/clubhouse-04-13-2021-thumb.webp,https://www.lapa.ninja/post/clubhouse-2/,Inviting social platform with a warm beige palette and minimalistic layout.,,warm beige,"[""#f5f5dc"", ""#dcdcdc"", ""#ffffff"", ""#e0e0e0""]",0.5
Lapa Ninja (Post),Ko-fi,ILLUSTRATION,,,https://cdn.lapa.ninja/assets/images/1x/ko-fi-04-13-2021-thumb.webp,https://www.lapa.ninja/post/ko-fi-2/,Playful illustration site with warm tones and a whimsical layout.,,warm beige,"[""#f5e1b5"", ""#f9c74f"", ""#f94144"", ""#f3722c""]",0.5
Lapa Ninja (Post),Bitneki,CRYPTOCURRENCY,,,https://cdn.lapa.ninja/assets/images/1x/bitneki-thumb.webp,https://www.lapa.ninja/post/bitneki/,Minimalist cryptocurrency site with a neutral tone and clean layout.,,neutral gray,"[""#ffffff"", ""#f0f0f0"", ""#e0e0e0"", ""#cccccc""]",0.5
Lapa Ninja (Post),Argon Ventures,VENTURES,,,https://cdn.lapa.ninja/assets/images/1x/argon-ventures-thumb.webp,https://www.lapa.ninja/post/argon-ventures/,Professional venture site with a clean layout and a muted color tone.,,neutral tones,"[""#f0f0f0"", ""#ffffff"", ""#cccccc"", ""#333333""]",0.5
Lapa Ninja (Post),Sentempo,STUDIO,,,https://cdn.lapa.ninja/assets/images/1x/studiosentempo-thumb.webp,https://www.lapa.ninja/post/studiosentempo/,"Minimalist design with a serene mood, featuring a soft color palette and spacious layout.",,soft neutral,"[""#f0f0f0"", ""#ffffff"", ""#d9d9d9"", ""#bfbfbf""]",0.5
Lapa Ninja (Post),Valery Marier,PORTFOLIO,,,https://cdn.lapa.ninja/assets/images/1x/marier-thumb.webp,https://www.lapa.ninja/post/marier/,Minimalist portfolio showcasing a serene mood with a neutral color tone and clean layout.,,neutral,"[""#ffffff"", ""#f0f0f0"", ""#d9d9d9"", ""#bfbfbf""]",0.5
Lapa Ninja (Post),Pragma,ISOMETRIC,,,https://cdn.lapa.ninja/assets/images/1x/pragma-thumb.webp,https://www.lapa.ninja/post/pragma/,"Minimalist design with a neutral palette and spacious layout, emphasizing simplicity.",,neutral tones,"[""#ffffff"", ""#f0f0f0"", ""#e0e0e0"", ""#cccccc""]",0.5
Lapa Ninja (Post),Iron Fish,CRYPTOCURRENCY,,,https://cdn.lapa.ninja/assets/images/1x/ironfish-thumb.webp,https://www.lapa.ninja/post/ironfish/,Minimalist cryptocurrency site with a sleek layout and cool color tones.,,cool gray,"[""#f0f0f0"", ""#cccccc"", ""#999999"", ""#333333""]",0.5
Lapa Ninja (Post),Materia,MAGAZINE,,,https://cdn.lapa.ninja/assets/images/1x/materia-thumb.webp,https://www.lapa.ninja/post/materia/,"Minimalist design with a neutral palette and spacious layout, emphasizing simplicity.",,neutral tones,"[""#f5f5f5"", ""#e0e0e0"", ""#ffffff"", ""#cccccc""]",0.5
Lapa Ninja (Post),Charlie Osborne,PORTFOLIO,,,https://cdn.lapa.ninja/assets/images/1x/charlieosborne-thumb.webp,https://www.lapa.ninja/post/charlieosborne/,Minimalist portfolio showcasing a clean layout with a neutral color tone.,,neutral,"[""#ffffff"", ""#f0f0f0"", ""#000000"", ""#cccccc""]",0.5
Lapa Ninja (Post),Jeremiah Shoaf,PORTFOLIO,,,https://cdn.lapa.ninja/assets/images/1x/jeremiahshoaf-thumb.webp,https://www.lapa.ninja/post/jeremiahshoaf/,Minimalist portfolio showcasing a serene mood with a neutral color palette and clean layout.,,neutral tones,"[""#f0f0f0"", ""#ffffff"", ""#cccccc"", ""#999999""]",0.5
Lapa Ninja (Post),Ombia Studio,STUDIO,,,https://cdn.lapa.ninja/assets/images/1x/ombiastudio-thumb.webp,https://www.lapa.ninja/post/ombiastudio/,Minimalist studio showcase with a serene mood and neutral color palette.,,neutral tones,"[""#f5f5f5"", ""#e0e0e0"", ""#ffffff"", ""#cccccc""]",0.5
Lapa Ninja (Post),Martin Laxenaire,PORTFOLIO,,,https://cdn.lapa.ninja/assets/images/1x/martin-laxenaire-04-07-2021-thumb.webp,https://www.lapa.ninja/post/martin-laxenaire-2/,Minimalist portfolio showcasing a serene aesthetic with a neutral color tone and clean layout.,,neutral,"[""#ffffff"", ""#f0f0f0"", ""#000000"", ""#cccccc""]",0.5
Lapa Ninja (Post),Empathy,APP,,,https://cdn.lapa.ninja/assets/images/1x/empathy-thumb.webp,https://www.lapa.ninja/post/empathy/,"Reflective design with a soft, warm tone and a minimalistic layout emphasizing empathy.",,soft warm tones,"[""#f5f5f5"", ""#e0e0e0"", ""#ffffff"", ""#d1cfcf""]",0.5
Lapa Ninja (Post),Mamboleoo,PORTFOLIO,,,https://cdn.lapa.ninja/assets/images/1x/mamboleoo-thumb.webp,https://www.lapa.ninja/post/mamboleoo/,Playful portfolio showcasing vibrant colors and a dynamic layout.,,bright and playful,"[""#ff6f61"", ""#6b5b95"", ""#88b04b"", ""#f7cac9""]",0.5
Lapa Ninja (Post),The New Company,AGENCY,,,https://cdn.lapa.ninja/assets/images/1x/thenewcompany-thumb.webp,https://www.lapa.ninja/post/thenewcompany/,"Minimalist layout with a neutral tone, featuring a clean design and subtle visual elements.",,neutral,"[""#ffffff"", ""#f0f0f0"", ""#e0e0e0"", ""#cccccc""]",0.5
Lapa Ninja (Post),Finematter,ECOMMERCE,,,https://cdn.lapa.ninja/assets/images/1x/finematter-thumb.webp,https://www.lapa.ninja/post/finematter/,Minimalist e-commerce site with a clean layout and neutral tones for a sophisticated feel.,,neutral tones,"[""#f5f5f5"", ""#ffffff"", ""#000000"", ""#cccccc""]",0.5
Lapa Ninja (Post),Primer,EDUCATION,,,https://cdn.lapa.ninja/assets/images/1x/withprimer-thumb.webp,https://www.lapa.ninja/post/withprimer/,Minimalist educational post with a clean layout and neutral tones.,,neutral,"[""#ffffff"", ""#f0f0f0"", ""#e0e0e0"", ""#d0d0d0""]",0.5
Lapa Ninja (Post),Qatalog,PRODUCTIVITY,,,https://cdn.lapa.ninja/assets/images/1x/qatalog-04-05-2021-thumb.webp,https://www.lapa.ninja/post/qatalog-2/,Productivity-focused site with a clean layout and a neutral color palette.,,neutral gray,"[""#f5f5f5"", ""#ffffff"", ""#e0e0e0"", ""#bdbdbd""]",0.5
Lapa Ninja (Post),Patrik Hübner,PORTFOLIO,,,https://cdn.lapa.ninja/assets/images/1x/patrik-huebner-thumb.webp,https://www.lapa.ninja/post/patrik-huebner/,Minimalist portfolio showcasing a clean layout with neutral tones and a focus on imagery.,,neutral tones,"[""#ffffff"", ""#f0f0f0"", ""#000000"", ""#cccccc""]",0.5
Lapa Ninja (Post),Oasis Cannabis,FOOD DRINKS,,,https://cdn.lapa.ninja/assets/images/1x/oasiscannabis-thumb.webp,https://www.lapa.ninja/post/oasiscannabis/,"Relaxed cannabis brand site with earthy tones and a clean, spacious layout.",,earthy green,"[""#4caf50"", ""#a5d6a7"", ""#ffffff"", ""#c8e6c9""]",0.5
Lapa Ninja (Post),Linear,PRODUCTIVITY,,,https://cdn.lapa.ninja/assets/images/1x/linear-04-05-2021-thumb.webp,https://www.lapa.ninja/post/linear-2/,"Minimalist layout with a serene mood, featuring a muted color palette and clean lines.",,neutral tones,"[""#f0f0f0"", ""#cccccc"", ""#ffffff"", ""#000000""]",0.5
Lapa Ninja (Post),HNST Jeans,FASHION,,,https://cdn.lapa.ninja/assets/images/1x/letsbehonest-thumb.webp,https://www.lapa.ninja/post/letsbehonest/,"Casual fashion post with a relaxed vibe, featuring a neutral color palette and minimal layout.",,neutral tones,"[""#f5f5f5"", ""#dcdcdc"", ""#a9a9a9"", ""#ffffff""]",0.5
Lapa Ninja (Post),Lamanna Bakery,FOOD DRINKS,,,https://cdn.lapa.ninja/assets/images/1x/lamannabakery-thumb.webp,https://www.lapa.ninja/post/lamannabakery/,"Inviting bakery site with warm beige tones and a cozy, grid-based layout.",,warm beige,"[""#f5e1c1"", ""#d9b89b"", ""#c6a57a"", ""#ffffff""]",0.5
Lapa Ninja (Post),Joasia Fidler,PORTFOLIO,,,https://cdn.lapa.ninja/assets/images/1x/fidlerowna-thumb.webp,https://www.lapa.ninja/post/fidlerowna/,Minimalist portfolio showcasing a serene aesthetic with neutral tones and clean layout.,,neutral tones,"[""#ffffff"", ""#f0f0f0"", ""#d9d9d9"", ""#bfbfbf""]",0.5
Lapa Ninja (Post),iMAL,MINIMAL,,,https://cdn.lapa.ninja/assets/images/1x/imal-thumb.webp,https://www.lapa.ninja/post/imal/,"Minimalist design with a serene mood, featuring a clean layout and subtle color tones.",,neutral tones,"[""#ffffff"", ""#f0f0f0"", ""#e0e0e0"", ""#d0d0d0""]",0.5
Lapa Ninja (Post),Please Repeat,FASHION,,,https://cdn.lapa.ninja/assets/images/1x/pleaserepeat-thumb.webp,https://www.lapa.ninja/post/pleaserepeat/,Minimalist design with a neutral palette and a focus on typography.,,neutral tones,"[""#ffffff"", ""#f0f0f0"", ""#000000"", ""#cccccc""]",0.5
Lapa Ninja (Post),Glide,ILLUSTRATION,,,https://cdn.lapa.ninja/assets/images/1x/glide-thumb.webp,https://www.lapa.ninja/post/glide/,"Minimalist design with a serene mood, featuring a soft color palette and spacious layout.",,soft neutral,"[""#f0f0f0"", ""#ffffff"", ""#d9d9d9"", ""#bfbfbf""]",0.5
Lapa Ninja (Post),AAPI Safety Card,COMMUNITY,,,https://cdn.lapa.ninja/assets/images/1x/aapisafetybadge-thumb.webp,https://www.lapa.ninja/post/aapisafetybadge/,Community-focused safety card design with a warm and inviting color tone.,,warm and inviting,"[""#f0c0c0"", ""#f9e0b0"", ""#d0e0f0"", ""#ffffff""]",0.5
Lapa Ninja (Post),Acquis Consulting,CORPORATE,,,https://cdn.lapa.ninja/assets/images/1x/acquisconsulting-thumb.webp,https://www.lapa.ninja/post/acquisconsulting/,"Professional consulting site with a clean layout and muted tones, emphasizing clarity.",,neutral tones,"[""#f0f0f0"", ""#ffffff"", ""#cccccc"", ""#333333""]",0.5
Lapa Ninja (Post),Legwrk,MINIMAL,,,https://cdn.lapa.ninja/assets/images/1x/legwrk-thumb.webp,https://www.lapa.ninja/post/legwrk/,Minimalist design with a neutral palette and spacious layout emphasizing simplicity.,,neutral tones,"[""#f5f5f5"", ""#ffffff"", ""#000000"", ""#cccccc""]",0.5
Lapa Ninja (Post),Companion-Platform,MINIMAL,,,https://cdn.lapa.ninja/assets/images/1x/companion-platform-thumb.webp,https://www.lapa.ninja/post/companion-platform/,Minimalist platform design with a serene mood and a clean layout emphasizing usability.,,neutral tones,"[""#f0f0f0"", ""#ffffff"", ""#cccccc"", ""#999999""]",0.5
Lapa Ninja (Post),Superfood Gin,FOOD DRINKS,,,https://cdn.lapa.ninja/assets/images/1x/superfoodgin-thumb.webp,https://www.lapa.ninja/post/superfoodgin/,"Fresh and vibrant layout with a focus on wellness, featuring a lively color palette.",,vibrant green,"[""#4caf50"", ""#a5d6a7"", ""#ffffff"", ""#f0f4c3""]",0.5
Lapa Ninja (Post),Do-Hee Kim,PORTFOLIO,,,https://cdn.lapa.ninja/assets/images/1x/do-hee-thumb.webp,https://www.lapa.ninja/post/do-hee/,Minimalist portfolio showcasing a serene mood with a neutral color palette and clean layout.,,neutral,"[""#ffffff"", ""#f0f0f0"", ""#d9d9d9"", ""#bfbfbf""]",0.5
Lapa Ninja (Post),loadmo.re,DESIGN TOOLS,,,https://cdn.lapa.ninja/assets/images/1x/loadmore-thumb.webp,https://www.lapa.ninja/post/loadmore/,Minimalist design with a clean layout and a neutral color palette.,,neutral gray,"[""#f0f0f0"", ""#ffffff"", ""#cccccc"", ""#333333""]",0.5
Lapa Ninja (Post),Found,STUDIO,,,https://cdn.lapa.ninja/assets/images/1x/found-studio-thumb.webp,https://www.lapa.ninja/post/found-studio/,"Minimalist design with a serene mood, featuring a soft color palette and spacious layout.",,soft neutral,"[""#f0f0f0"", ""#ffffff"", ""#d9d9d9"", ""#bfbfbf""]",0.5
Lapa Ninja (Post),AVA Company,AGENCY,,,https://cdn.lapa.ninja/assets/images/1x/avacompany-thumb.webp,https://www.lapa.ninja/post/avacompany/,Modern corporate site with a clean layout and a neutral color tone.,,neutral gray,"[""#f0f0f0"", ""#ffffff"", ""#000000"", ""#cccccc""]",0.5
Lapa Ninja (Post),Vectornator 4.0,DESIGN TOOLS,,,https://cdn.lapa.ninja/assets/images/1x/vectornator-03-31-2021-thumb.webp,https://www.lapa.ninja/post/vectornator-3/,Minimalist design showcasing Vectornator 4.0 with a clean layout and neutral tones.,,neutral,"[""#ffffff"", ""#f0f0f0"", ""#e0e0e0"", ""#cccccc""]",0.5
Lapa Ninja (Post),Fabio Formato,PORTFOLIO,,,https://cdn.lapa.ninja/assets/images/1x/fabioformato-thumb.webp,https://www.lapa.ninja/post/fabioformato/,Minimalist portfolio layout with a neutral tone and clean design elements.,,neutral,"[""#ffffff"", ""#f0f0f0"", ""#000000"", ""#cccccc""]",0.5
Lapa Ninja (Post),Atomic Digital Design,AGENCY,,,https://cdn.lapa.ninja/assets/images/1x/atomicdigital-thumb.webp,https://www.lapa.ninja/post/atomicdigital/,Modern digital design showcase with a clean layout and a vibrant color scheme.,,vibrant,"[""#ff6f61"", ""#6f5b7f"", ""#88b04b"", ""#f7cac9""]",0.5
Lapa Ninja (Post),CoType Foundry,FOUNDRY,,,https://cdn.lapa.ninja/assets/images/1x/cotypefoundry-thumb.webp,https://www.lapa.ninja/post/cotypefoundry/,Minimalist design showcasing a modern type foundry with a clean layout and neutral tones.,,neutral gray,"[""#f5f5f5"", ""#cccccc"", ""#333333"", ""#ffffff""]",0.5
Lapa Ninja (Post),MBRC the ocean,CORPORATE,,,https://cdn.lapa.ninja/assets/images/1x/mbrctheocean-thumb.webp,https://www.lapa.ninja/post/mbrctheocean/,Serene ocean-themed layout with a tranquil color palette and minimalistic design elements.,,calm blue,"[""#0077be"", ""#00aaff"", ""#e0f7fa"", ""#ffffff""]",0.5
Lapa Ninja (Post),Zero Waste App,APP,,,https://cdn.lapa.ninja/assets/images/1x/zerowaste-thumb.webp,https://www.lapa.ninja/post/zerowaste/,"Eco-friendly app design with a fresh green palette and clean, minimal layout.",,fresh green,"[""#4caf50"", ""#a5d6a7"", ""#ffffff"", ""#c8e6c9""]",0.5
Lapa Ninja (Post),3drops,STUDIO,,,https://cdn.lapa.ninja/assets/images/1x/3drops-03-30-2021-thumb.webp,https://www.lapa.ninja/post/3drops-5/,"Minimalist design with a serene mood, featuring a soft color palette and spacious layout.",,soft neutral,"[""#f0f0f0"", ""#ffffff"", ""#d9d9d9"", ""#bfbfbf""]",0.5
Lapa Ninja (Post),Ruby Hibiscus Water,FOOD DRINKS,,,https://cdn.lapa.ninja/assets/images/1x/ruby-thumb.webp,https://www.lapa.ninja/post/ruby/,Refreshing drink post with a vibrant palette and clean layout emphasizing the beverage.,,bright coral,"[""#ff6f61"", ""#ffccbc"", ""#ffffff"", ""#f8bbd0""]",0.5
Lapa Ninja (Post),Aaply,APP,,,https://cdn.lapa.ninja/assets/images/1x/aaply-thumb.webp,https://www.lapa.ninja/post/aaply/,"Minimalist design with a neutral palette and clean layout, emphasizing simplicity.",,neutral tones,"[""#ffffff"", ""#f0f0f0"", ""#e0e0e0"", ""#d0d0d0""]",0.5
Lapa Ninja (Post),Pirsch,DEVELOPMENT TOOLS,,,https://cdn.lapa.ninja/assets/images/1x/pirsch-thumb.webp,https://www.lapa.ninja/post/pirsch/,"Minimalist design with a neutral tone and clean layout, emphasizing functionality.",,neutral gray,"[""#f5f5f5"", ""#e0e0e0"", ""#ffffff"", ""#000000""]",0.5
Lapa Ninja (Post),JAM!,ILLUSTRATION,,,https://cdn.lapa.ninja/assets/images/1x/jam-thumb.webp,https://www.lapa.ninja/post/jam/,Playful illustration site with vibrant colors and a whimsical layout.,,bright and playful,"[""#ff6f61"", ""#6b5b95"", ""#88b04b"", ""#f7cac9""]",0.5
Lapa Ninja (Post),Jellypepper,AGENCY,,,https://cdn.lapa.ninja/assets/images/1x/jellypepper-thumb.webp,https://www.lapa.ninja/post/jellypepper/,Playful design showcasing vibrant colors and a dynamic layout with engaging visuals.,,bright and playful,"[""#ff6f61"", ""#6b5b95"", ""#88b04b"", ""#f7cac9""]",0.5
Lapa Ninja (Post),Coolection,DESIGN TOOLS,,,https://cdn.lapa.ninja/assets/images/1x/coolection-thumb.webp,https://www.lapa.ninja/post/coolection/,Minimalist design showcasing a cool color palette with a clean layout.,,cool tones,"[""#f0f4f8"", ""#a0c4e1"", ""#b9e3f0"", ""#ffffff""]",0.5
Lapa Ninja (Post),Superlist,PRODUCTIVITY,,,https://cdn.lapa.ninja/assets/images/1x/superlist-thumb.webp,https://www.lapa.ninja/post/superlist/,Minimalist productivity tool with a clean layout and neutral tones.,,neutral gray,"[""#f0f0f0"", ""#ffffff"", ""#cccccc"", ""#333333""]",0.5
Lapa Ninja (Post),Statamic,CMS,,,https://cdn.lapa.ninja/assets/images/1x/statamic-thumb.webp,https://www.lapa.ninja/post/statamic/,"Minimalist CMS site with a clean layout and neutral tones, emphasizing usability.",,neutral tones,"[""#ffffff"", ""#f0f0f0"", ""#e0e0e0"", ""#cccccc""]",0.5
Lapa Ninja (Post),Commonry,ECOMMERCE,,,https://cdn.lapa.ninja/assets/images/1x/commonry-thumb.webp,https://www.lapa.ninja/post/commonry/,Minimalist e-commerce site with a neutral palette and clean layout.,,neutral tones,"[""#f5f5f5"", ""#ffffff"", ""#000000"", ""#cccccc""]",0.5
Lapa Ninja (Post),First on SoundCloud,MUSIC,,,https://cdn.lapa.ninja/assets/images/1x/firston-soundcloud-thumb.webp,https://www.lapa.ninja/post/firston-soundcloud/,Energetic music platform layout with vibrant tones and a dynamic visual style.,,vibrant,"[""#ff5733"", ""#33c1ff"", ""#ff33a1"", ""#f4f442""]",0.5
Lapa Ninja (Post),Chapter20,ECOMMERCE,,,https://cdn.lapa.ninja/assets/images/1x/chapter20care-thumb.webp,https://www.lapa.ninja/post/chapter20care/,Minimalist ecommerce layout with a neutral tone and clean design elements.,,neutral,"[""#f0f0f0"", ""#ffffff"", ""#000000"", ""#cccccc""]",0.5
Lapa Ninja (Post),Abound,TECHNOLOGY,,,https://cdn.lapa.ninja/assets/images/1x/withabound-thumb.webp,https://www.lapa.ninja/post/withabound/,"Minimalist design with a serene mood, featuring a soft color palette and spacious layout.",,soft neutral,"[""#f0f0f0"", ""#ffffff"", ""#d9d9d9"", ""#bfbfbf""]",0.5
Lapa Ninja (Post),DISTANCE,ECOMMERCE,,,https://cdn.lapa.ninja/assets/images/1x/distance-store-thumb.webp,https://www.lapa.ninja/post/distance-store/,Minimalist ecommerce site with a neutral tone and clean layout emphasizing product distance.,,neutral,"[""#ffffff"", ""#f0f0f0"", ""#e0e0e0"", ""#cccccc""]",0.5
Lapa Ninja (Post),Kiff,APP,,,https://cdn.lapa.ninja/assets/images/1x/kiff-thumb.webp,https://www.lapa.ninja/post/kiff/,"Minimalist design with a neutral tone, featuring a clean layout and subtle visual elements.",,neutral,"[""#f0f0f0"", ""#ffffff"", ""#cccccc"", ""#999999""]",0.5
Lapa Ninja (Post),Roof Studio,STUDIO,,,https://cdn.lapa.ninja/assets/images/1x/roofstudio-thumb.webp,https://www.lapa.ninja/post/roofstudio/,Modern studio showcase with a neutral palette and minimalistic layout.,,neutral tones,"[""#ffffff"", ""#f0f0f0"", ""#d9d9d9"", ""#bfbfbf""]",0.5
Lapa Ninja (Post),Sustainable Menus,HEALTH FITNESS,,,https://cdn.lapa.ninja/assets/images/1x/menudurable-thumb.webp,https://www.lapa.ninja/post/menudurable/,Eco-friendly menu design with a natural tone and clean layout.,,natural green,"[""#4caf50"", ""#a5d6a7"", ""#ffffff"", ""#f0f0f0""]",0.5
Lapa Ninja (Post),Onda,FOOD DRINKS,,,https://cdn.lapa.ninja/assets/images/1x/drinkonda-thumb.webp,https://www.lapa.ninja/post/drinkonda/,Refreshing drink post with a vibrant color palette and clean layout.,,bright and refreshing,"[""#ffcc00"", ""#ff6699"", ""#66ccff"", ""#ffffff""]",0.5
Lapa Ninja (Post),Because Animals,ILLUSTRATION,,,https://cdn.lapa.ninja/assets/images/1x/becauseanimals-thumb.webp,https://www.lapa.ninja/post/becauseanimals/,Playful illustration site with warm tones and a whimsical layout.,,warm beige,"[""#f5e1b5"", ""#f9c74f"", ""#f94144"", ""#90be6d""]",0.5
Lapa Ninja (Post),Charlie Phipps,PORTFOLIO,,,https://cdn.lapa.ninja/assets/images/1x/phippscharlie-thumb.webp,https://www.lapa.ninja/post/phippscharlie/,Minimalist portfolio showcasing a serene mood with a neutral color palette and clean layout.,,neutral tones,"[""#f0f0f0"", ""#cccccc"", ""#ffffff"", ""#000000""]",0.5
Lapa Ninja (Post),Clover,PRODUCTIVITY,,,https://cdn.lapa.ninja/assets/images/1x/cloverapp-thumb.webp,https://www.lapa.ninja/post/cloverapp/,Minimalist productivity app with a clean layout and soft color tones.,,soft neutral,"[""#f0f0f0"", ""#ffffff"", ""#e0e0e0"", ""#d0d0d0""]",0.5
Lapa Ninja (Post),SPIRAL,MAGAZINE,,,https://cdn.lapa.ninja/assets/images/1x/spiraljournal-thumb.webp,https://www.lapa.ninja/post/spiraljournal/,"Minimalist magazine layout with a serene vibe and neutral tones, featuring a clean design.",,neutral tones,"[""#ffffff"", ""#f0f0f0"", ""#d9d9d9"", ""#bfbfbf""]",0.5
Lapa Ninja (Post),Relate,DESIGN TOOLS,,,https://cdn.lapa.ninja/assets/images/1x/relate-03-25-2021-thumb.webp,https://www.lapa.ninja/post/relate-5/,"Minimalist design with a serene mood, featuring a soft color palette and clean layout.",,soft neutral,"[""#f0f0f0"", ""#ffffff"", ""#d9d9d9"", ""#bfbfbf""]",0.5
Lapa Ninja (Post),Vera,BLOCKCHAIN,,,https://cdn.lapa.ninja/assets/images/1x/joinvera-thumb.webp,https://www.lapa.ninja/post/joinvera/,"Minimalist layout with a serene vibe, featuring a soft color palette and clean design elements.",,soft neutral,"[""#f0f0f0"", ""#ffffff"", ""#d9d9d9"", ""#cccccc""]",0.5
Lapa Ninja (Post),Flipaclip,APP,,,https://cdn.lapa.ninja/assets/images/1x/flipaclip-thumb.webp,https://www.lapa.ninja/post/flipaclip/,"Playful animation tool with vibrant colors and a clean, user-friendly layout.",,bright and playful,"[""#ffcc00"", ""#ff6699"", ""#66ccff"", ""#ffffff""]",0.5
Lapa Ninja (Post),Matthew Fisher,PORTFOLIO,,,https://cdn.lapa.ninja/assets/images/1x/mfisher-03-21-2021-thumb.webp,https://www.lapa.ninja/post/mfisher-2/,Minimalist portfolio site with a neutral tone and clean layout emphasizing visuals.,,neutral,"[""#ffffff"", ""#f0f0f0"", ""#000000"", ""#cccccc""]",0.5
Lapa Ninja (Post),Dan Burrows,PORTFOLIO,,,https://cdn.lapa.ninja/assets/images/1x/danburro-thumb.webp,https://www.lapa.ninja/post/danburro/,Minimalist portfolio showcasing a clean layout with neutral tones and subtle elegance.,,neutral tones,"[""#ffffff"", ""#f0f0f0"", ""#e0e0e0"", ""#d0d0d0""]",0.5
Lapa Ninja (Post),Amigos,DESIGN TOOLS,,,https://cdn.lapa.ninja/assets/images/1x/amigos-thumb.webp,https://www.lapa.ninja/post/amigos/,Playful design showcasing vibrant colors and a grid layout for a friendly vibe.,,bright and playful,"[""#ffcc00"", ""#ff6699"", ""#66ccff"", ""#ffcc66""]",0.5
Lapa Ninja (Post),Garoa Skincare,ECOMMERCE,,,https://cdn.lapa.ninja/assets/images/1x/garoaskincare-thumb.webp,https://www.lapa.ninja/post/garoaskincare/,"Fresh skincare site with a soft, natural palette and clean, minimal layout.",,soft green,"[""#a8e6cf"", ""#dcedc1"", ""#ffd3b6"", ""#ffaaa5""]",0.5
Lapa Ninja (Post),Realtime Robotics,ARTIFICIAL INTELLIGENCE,,,https://cdn.lapa.ninja/assets/images/1x/rtr-thumb.webp,https://www.lapa.ninja/post/rtr/,Futuristic robotics site with a sleek layout and a cool color tone.,,cool gray,"[""#cccccc"", ""#ffffff"", ""#000000"", ""#007acc""]",0.5
Lapa Ninja (Post),Wax Poetics,MAGAZINE,,,https://cdn.lapa.ninja/assets/images/1x/waxpoetics-thumb.webp,https://www.lapa.ninja/post/waxpoetics/,Eclectic magazine layout with a warm beige tone and artistic imagery.,,warm beige,"[""#f5f5dc"", ""#d2b48c"", ""#fff8dc"", ""#deb887""]",0.5
Lapa Ninja (Post),Fat Free,STUDIO,,,https://cdn.lapa.ninja/assets/images/1x/hellofatfree-thumb.webp,https://www.lapa.ninja/post/hellofatfree/,"Minimalist design with a fresh, light mood and a clean layout emphasizing simplicity.",,light and airy,"[""#ffffff"", ""#f0f0f0"", ""#e0e0e0"", ""#d0d0d0""]",0.5
Lapa Ninja (Post),Gareth Hughes,PORTFOLIO,,,https://cdn.lapa.ninja/assets/images/1x/gareth-hughes-thumb.webp,https://www.lapa.ninja/post/gareth-hughes/,Minimalist portfolio showcasing a clean layout with neutral tones and subtle elegance.,,neutral,"[""#ffffff"", ""#f0f0f0"", ""#e0e0e0"", ""#cccccc""]",0.5
Lapa Ninja (Post),Reclaim,ARTIFICIAL INTELLIGENCE,,,https://cdn.lapa.ninja/assets/images/1x/reclaimai-thumb.webp,https://www.lapa.ninja/post/reclaimai/,"Modern design with a neutral tone, featuring a clean layout and minimalistic elements.",,neutral,"[""#ffffff"", ""#f0f0f0"", ""#000000"", ""#cccccc""]",0.5
Lapa Ninja (Post),Stacks,CRYPTOCURRENCY,,,https://cdn.lapa.ninja/assets/images/1x/stacks-thumb.webp,https://www.lapa.ninja/post/stacks/,Minimalist cryptocurrency post with a neutral tone and clean layout.,,neutral,"[""#ffffff"", ""#f0f0f0"", ""#e0e0e0"", ""#d0d0d0""]",0.5
Lapa Ninja (Post),VoetsDesign,PORTFOLIO,,,https://cdn.lapa.ninja/assets/images/1x/voetsdesign-thumb.webp,https://www.lapa.ninja/post/voetsdesign/,"Minimalist portfolio site with a clean layout and neutral tones, emphasizing design work.",,neutral tones,"[""#ffffff"", ""#f0f0f0"", ""#000000"", ""#cccccc""]",0.5
Lapa Ninja (Post),Ghost 4.0,TECHNOLOGY,,,https://cdn.lapa.ninja/assets/images/1x/ghost-03-17-2021-thumb.webp,https://www.lapa.ninja/post/ghost/,"Minimalist tech showcase with a sleek, dark palette and a clean layout.",,dark gray,"[""#000000"", ""#ffffff"", ""#333333"", ""#666666""]",0.5
Lapa Ninja (Post),The European Review of Books,MAGAZINE,,,https://cdn.lapa.ninja/assets/images/1x/europeanreviewofbooks-thumb.webp,https://www.lapa.ninja/post/europeanreviewofbooks/,Sophisticated literary magazine layout with a neutral tone and clean design elements.,,neutral,"[""#f0f0f0"", ""#ffffff"", ""#000000"", ""#cccccc""]",0.5
Lapa Ninja (Post),NOKO NOKO,STUDIO,,,https://cdn.lapa.ninja/assets/images/1x/nokonoko-thumb.webp,https://www.lapa.ninja/post/nokonoko/,"Minimalist design with a serene mood, featuring a soft color palette and spacious layout.",,soft neutral,"[""#f0f0f0"", ""#ffffff"", ""#d9d9d9"", ""#bfbfbf""]",0.5
Lapa Ninja (Post),Pupy,APP,,,https://cdn.lapa.ninja/assets/images/1x/pupy-thumb.webp,https://www.lapa.ninja/post/pupy/,Playful design showcasing a vibrant color palette with a whimsical layout.,,bright and playful,"[""#ffcc00"", ""#ff6699"", ""#66ccff"", ""#ffccff""]",0.5
Lapa Ninja (Post),twobirds.,STUDIO,,,https://cdn.lapa.ninja/assets/images/1x/twobirds-thumb.webp,https://www.lapa.ninja/post/twobirds/,Minimalist design showcasing a serene mood with soft tones and a clean layout.,,soft neutral,"[""#f0f0f0"", ""#d9d9d9"", ""#ffffff"", ""#cccccc""]",0.5
Lapa Ninja (Post),Showtime,NFT,,,https://cdn.lapa.ninja/assets/images/1x/tryshowtime-thumb.webp,https://www.lapa.ninja/post/tryshowtime/,"Minimalist layout with a neutral tone, featuring a clean design and subtle visual elements.",,neutral gray,"[""#ffffff"", ""#f0f0f0"", ""#e0e0e0"", ""#d0d0d0""]",0.5
Lapa Ninja (Post),The Hiring Chain,CULTURE,,,https://cdn.lapa.ninja/assets/images/1x/hiringchain-thumb.webp,https://www.lapa.ninja/post/hiringchain/,"Professional layout with a neutral tone, featuring a structured design and subtle color palette.",,neutral gray,"[""#f0f0f0"", ""#cccccc"", ""#333333"", ""#ffffff""]",0.5
Lapa Ninja (Post),Andrey Bolonev,PORTFOLIO,,,https://cdn.lapa.ninja/assets/images/1x/bolonev-thumb.webp,https://www.lapa.ninja/post/bolonev/,Minimalist portfolio showcasing a modern aesthetic with a neutral color palette and clean layout.,,neutral,"[""#ffffff"", ""#f0f0f0"", ""#000000"", ""#cccccc""]",0.5
Lapa Ninja (Post),Château Boll,REAL ESTATE,,,https://cdn.lapa.ninja/assets/images/1x/chateauboll-thumb.webp,https://www.lapa.ninja/post/chateauboll/,Elegant real estate showcase with a sophisticated color palette and minimalistic layout.,,neutral tones,"[""#f5f5f5"", ""#dcdcdc"", ""#ffffff"", ""#000000""]",0.5
Lapa Ninja (Post),Coder,TECHNOLOGY,,,https://cdn.lapa.ninja/assets/images/1x/coder-03-15-2021-thumb.webp,https://www.lapa.ninja/post/coder-3/,Tech-focused layout with a neutral tone and minimalistic design elements.,,neutral gray,"[""#f0f0f0"", ""#cccccc"", ""#333333"", ""#ffffff""]",0.5
Lapa Ninja (Post),Around,PRODUCTIVITY,,,https://cdn.lapa.ninja/assets/images/1x/around-thumb.webp,https://www.lapa.ninja/post/around/,"Minimalist layout with a serene mood, featuring a soft color palette and clean typography.",,soft neutral,"[""#f0f0f0"", ""#ffffff"", ""#d9d9d9"", ""#bfbfbf""]",0.5
Lapa Ninja (Post),Lu Yu,PORTFOLIO,,,https://cdn.lapa.ninja/assets/images/1x/luyu-03-12-2021-thumb.webp,https://www.lapa.ninja/post/luyu-2/,Minimalist portfolio showcasing a serene mood with neutral tones and a clean layout.,,neutral tones,"[""#ffffff"", ""#f0f0f0"", ""#d9d9d9"", ""#bfbfbf""]",0.5
Lapa Ninja (Post),Tangan,HEALTH FITNESS,,,https://cdn.lapa.ninja/assets/images/1x/tangan-thumb.webp,https://www.lapa.ninja/post/tangan/,Energetic health-focused layout with a vibrant color scheme and engaging imagery.,,bright and lively,"[""#ffcc00"", ""#ff6600"", ""#ffffff"", ""#cccccc""]",0.5
Lapa Ninja (Post),Jameen Tarlier,PORTFOLIO,,,https://cdn.lapa.ninja/assets/images/1x/jameenctarlier-thumb.webp,https://www.lapa.ninja/post/jameenctarlier/,Minimalist portfolio layout with a neutral tone and clean design elements.,,neutral,"[""#ffffff"", ""#f0f0f0"", ""#000000"", ""#cccccc""]",0.5
Lapa Ninja (Post),Index,CORPORATE,,,https://cdn.lapa.ninja/assets/images/1x/galeriaindex-thumb.webp,https://www.lapa.ninja/post/galeriaindex/,"Minimalist layout with a neutral tone, featuring a clean design and subtle visual elements.",,neutral,"[""#f0f0f0"", ""#ffffff"", ""#cccccc"", ""#999999""]",0.5
Lapa Ninja (Post),Showhere,ILLUSTRATION,,,https://cdn.lapa.ninja/assets/images/1x/showhere-thumb.webp,https://www.lapa.ninja/post/showhere/,"Minimalist design with a serene mood, featuring a soft color palette and clean layout.",,soft neutral,"[""#f0f0f0"", ""#ffffff"", ""#d9d9d9"", ""#bfbfbf""]",0.5
Lapa Ninja (Post),Animus Studios,STUDIO,,,https://cdn.lapa.ninja/assets/images/1x/animusstudios-thumb.webp,https://www.lapa.ninja/post/animusstudios/,Minimalist studio showcase with a neutral palette and clean layout emphasizing visuals.,,neutral tones,"[""#ffffff"", ""#f0f0f0"", ""#d9d9d9"", ""#bfbfbf""]",0.5
Lapa Ninja (Post),Talia Cotton,PORTFOLIO,,,https://cdn.lapa.ninja/assets/images/1x/taliacotton-thumb.webp,https://www.lapa.ninja/post/taliacotton/,Minimalist portfolio layout with a neutral tone and clean design elements.,,neutral,"[""#ffffff"", ""#f0f0f0"", ""#000000"", ""#cccccc""]",0.5
Lapa Ninja (Post),Blue Cyclops Design Co,STUDIO,,,https://cdn.lapa.ninja/assets/images/1x/bluecyclops-03-10-2021-thumb.webp,https://www.lapa.ninja/post/bluecyclops-2/,Playful design studio showcasing a whimsical layout with a vibrant color scheme.,,vibrant,"[""#00aaff"", ""#ffcc00"", ""#ff6699"", ""#ffffff""]",0.5
Lapa Ninja (Post),Female Faces,CORPORATE,,,https://cdn.lapa.ninja/assets/images/1x/femalefaces-thumb.webp,https://www.lapa.ninja/post/femalefaces/,"Minimalist layout featuring female faces with a soft, neutral color tone.",,soft neutral,"[""#f0f0f0"", ""#d9d9d9"", ""#ffffff"", ""#cccccc""]",0.5
Lapa Ninja (Post),Julie Blaive,ECOMMERCE,,,https://cdn.lapa.ninja/assets/images/1x/julieblaive-thumb.webp,https://www.lapa.ninja/post/julieblaive/,"Minimalist layout with a serene mood, featuring a soft color palette and elegant typography.",,soft neutral,"[""#f0f0f0"", ""#ffffff"", ""#d9d9d9"", ""#bfbfbf""]",0.5
Lapa Ninja (Post),Amanda Yeh,PORTFOLIO,,,https://cdn.lapa.ninja/assets/images/1x/amandayeh-thumb.webp,https://www.lapa.ninja/post/amandayeh/,Minimalist portfolio showcasing a serene mood with a neutral color tone and clean layout.,,neutral,"[""#ffffff"", ""#f0f0f0"", ""#d9d9d9"", ""#bfbfbf""]",0.5
Lapa Ninja (Post),Markit by Reify,ILLUSTRATION,,,https://cdn.lapa.ninja/assets/images/1x/gotomarkit-thumb.webp,https://www.lapa.ninja/post/gotomarkit/,"Minimalist design with a clean layout and a neutral color tone, emphasizing simplicity.",,neutral,"[""#ffffff"", ""#f0f0f0"", ""#e0e0e0"", ""#d0d0d0""]",0.5
Lapa Ninja (Post),Fleex,BUSINESS,,,https://cdn.lapa.ninja/assets/images/1x/fleex-thumb.webp,https://www.lapa.ninja/post/fleex/,Minimalist design with a neutral palette and clean layout emphasizing simplicity.,,neutral tones,"[""#f0f0f0"", ""#ffffff"", ""#cccccc"", ""#999999""]",0.5
Lapa Ninja (Post),fatty15,HEALTH FITNESS,,,https://cdn.lapa.ninja/assets/images/1x/fatty15-thumb.webp,https://www.lapa.ninja/post/fatty15/,"Energetic health-focused layout with vibrant colors and a clean, structured design.",,bright and energetic,"[""#ffcc00"", ""#ff5733"", ""#33ccff"", ""#ffffff""]",0.5
Lapa Ninja (Post),Beasts of England,FOUNDRY,,,https://cdn.lapa.ninja/assets/images/1x/beastsofengland-thumb.webp,https://www.lapa.ninja/post/beastsofengland/,Whimsical design showcasing earthy tones with a playful layout and nature-inspired elements.,,earthy green,"[""#6b8e23"", ""#8fbc8f"", ""#f0e68c"", ""#deb887""]",0.5
Lapa Ninja (Post),Heartcore,ILLUSTRATION,,,https://cdn.lapa.ninja/assets/images/1x/heartcore-thumb.webp,https://www.lapa.ninja/post/heartcore/,Playful illustration showcase with vibrant colors and a whimsical layout.,,bright and playful,"[""#ff6f61"", ""#6b5b95"", ""#88b04b"", ""#f7cac9""]",0.5
Lapa Ninja (Post),Universal Favourite,STUDIO,,,https://cdn.lapa.ninja/assets/images/1x/universalfavourite-thumb.webp,https://www.lapa.ninja/post/universalfavourite/,"Minimalist design with a neutral palette and spacious layout, emphasizing simplicity.",,neutral tones,"[""#ffffff"", ""#f0f0f0"", ""#d9d9d9"", ""#bfbfbf""]",0.5
Lapa Ninja (Post),Owl Labs,ECOMMERCE,,,https://cdn.lapa.ninja/assets/images/1x/owllabs-thumb.webp,https://www.lapa.ninja/post/owllabs/,"Modern workspace site with a neutral palette and clean, structured layout.",,neutral gray,"[""#f5f5f5"", ""#333333"", ""#ffffff"", ""#007acc""]",0.5
Lapa Ninja (Post),Calvados France,FOOD DRINKS,,,https://cdn.lapa.ninja/assets/images/1x/drinkcalvados-thumb.webp,https://www.lapa.ninja/post/drinkcalvados/,Elegant drink showcase with warm beige tones and a minimalist layout.,,warm beige,"[""#f5f5dc"", ""#d2b48c"", ""#deb887"", ""#ffe4b5""]",0.5
Lapa Ninja (Post),Dennis Cortés,PORTFOLIO,,,https://cdn.lapa.ninja/assets/images/1x/cortes-thumb.webp,https://www.lapa.ninja/post/cortes/,Minimalist portfolio layout with neutral tones and a focus on imagery.,,neutral,"[""#ffffff"", ""#f0f0f0"", ""#000000"", ""#cccccc""]",0.5
Lapa Ninja (Post),Courser,ECOMMERCE,,,https://cdn.lapa.ninja/assets/images/1x/courserworld-thumb.webp,https://www.lapa.ninja/post/courserworld/,Minimalist eCommerce site with a neutral tone and clean layout emphasizing product imagery.,,neutral,"[""#ffffff"", ""#f0f0f0"", ""#000000"", ""#cccccc""]",0.5
Lapa Ninja (Post),Lasse Fløde,PORTFOLIO,,,https://cdn.lapa.ninja/assets/images/1x/lassefloede-thumb.webp,https://www.lapa.ninja/post/lassefloede/,Minimalist portfolio showcasing a clean layout with a neutral color tone.,,neutral,"[""#ffffff"", ""#f0f0f0"", ""#000000"", ""#cccccc""]",0.5
Lapa Ninja (Post),Ysé Paris,ECOMMERCE,,,https://cdn.lapa.ninja/assets/images/1x/yse-paris-thumb.webp,https://www.lapa.ninja/post/yse-paris/,Elegant e-commerce site with a soft color palette and minimalistic layout.,,soft neutral,"[""#f5f5f5"", ""#ffffff"", ""#dcdcdc"", ""#e0e0e0""]",0.5
Lapa Ninja (Post),Bellerose,ECOMMERCE,,,https://cdn.lapa.ninja/assets/images/1x/bellerose-thumb.webp,https://www.lapa.ninja/post/bellerose/,Elegant ecommerce showcase with a neutral palette and minimalistic layout.,,neutral tones,"[""#f5f5f5"", ""#dcdcdc"", ""#ffffff"", ""#000000""]",0.5
Lapa Ninja (Post),Letters From Venus,COMMUNITY,,,https://cdn.lapa.ninja/assets/images/1x/lettersfromvenus-03-07-2021-thumb.webp,https://www.lapa.ninja/post/lettersfromvenus-2/,Ethereal design with a soft color palette and minimalist layout.,,soft pastel,"[""#f0e5e5"", ""#d1c6e7"", ""#e7d1d1"", ""#ffffff""]",0.5
Lapa Ninja (Post),TIGHTYPE™,FOUNDRY,,,https://cdn.lapa.ninja/assets/images/1x/tightype-thumb.webp,https://www.lapa.ninja/post/tightype/,Minimalist design showcasing a modern typeface with a clean layout and neutral tones.,,neutral tones,"[""#ffffff"", ""#f0f0f0"", ""#000000"", ""#cccccc""]",0.5
Lapa Ninja (Post),Defund to Refund,CORPORATE,,,https://cdn.lapa.ninja/assets/images/1x/defund2refund-thumb.webp,https://www.lapa.ninja/post/defund2refund/,Serious and bold layout with a muted color palette emphasizing corporate themes.,,neutral tones,"[""#ffffff"", ""#000000"", ""#cccccc"", ""#f0f0f0""]",0.5
Lapa Ninja (Post),Lenonguyen,PORTFOLIO,,,https://cdn.lapa.ninja/assets/images/1x/lenonguyen-thumb.webp,https://www.lapa.ninja/post/lenonguyen/,Minimalist portfolio showcasing a serene mood with a neutral color palette and clean layout.,,neutral tones,"[""#f0f0f0"", ""#ffffff"", ""#d9d9d9"", ""#bfbfbf""]",0.5
Lapa Ninja (Post),Jonathan Alpmyr,PORTFOLIO,,,https://cdn.lapa.ninja/assets/images/1x/jonathanalpmyr-thumb.webp,https://www.lapa.ninja/post/jonathanalpmyr/,Minimalist portfolio showcasing a modern aesthetic with a neutral color palette.,,neutral tones,"[""#ffffff"", ""#f0f0f0"", ""#d9d9d9"", ""#000000""]",0.5
Lapa Ninja (Post),Bruno,AGENCY,,,https://cdn.lapa.ninja/assets/images/1x/callbruno-thumb.webp,https://www.lapa.ninja/post/callbruno/,"Minimalist design with a warm beige tone and a clean, spacious layout.",,warm beige,"[""#f5f5dc"", ""#ffffff"", ""#dcdcdc"", ""#a9a9a9""]",0.5
Lapa Ninja (Post),Hanai World,3D WEBSITES,,,https://cdn.lapa.ninja/assets/images/1x/hanaiworld-thumb.webp,https://www.lapa.ninja/post/hanaiworld/,Playful 3D website with vibrant colors and an engaging layout.,,bright and playful,"[""#ffcc00"", ""#ff6699"", ""#66ccff"", ""#ffccff""]",0.5
Lapa Ninja (Post),Huge XD School,EDUCATION,,,https://cdn.lapa.ninja/assets/images/1x/huge-xd-school-thumb.webp,https://www.lapa.ninja/post/huge-xd-school/,"Educational platform with a clean layout and a neutral color tone, emphasizing clarity.",,neutral,"[""#ffffff"", ""#f0f0f0"", ""#e0e0e0"", ""#cccccc""]",0.5
Lapa Ninja (Post),Tracklib,MUSIC,,,https://cdn.lapa.ninja/assets/images/1x/tracklib-thumb.webp,https://www.lapa.ninja/post/tracklib/,Modern music platform with a vibrant aesthetic and engaging layout.,,dynamic,"[""#ffcc00"", ""#ff6600"", ""#ffffff"", ""#000000""]",0.5
Lapa Ninja (Post),Black Lines,FOOD DRINKS,,,https://cdn.lapa.ninja/assets/images/1x/blacklinesdrinks-thumb.webp,https://www.lapa.ninja/post/blacklinesdrinks/,Minimalist design with a monochrome palette and clean layout emphasizing black lines.,,neutral monochrome,"[""#000000"", ""#ffffff"", ""#cccccc"", ""#333333""]",0.5
Lapa Ninja (Post),Alfread,APP,,,https://cdn.lapa.ninja/assets/images/1x/alfreadapp-03-04-2021-thumb.webp,https://www.lapa.ninja/post/alfreadapp/,Minimalist app design with a clean layout and soft color tones.,,soft neutral,"[""#f0f0f0"", ""#ffffff"", ""#e0e0e0"", ""#d0d0d0""]",0.5
Lapa Ninja (Post),Monograph,PRODUCT MANAGEMENT,,,https://cdn.lapa.ninja/assets/images/1x/monograph-03-04-20211-thumb.webp,https://www.lapa.ninja/post/monograph-4/,"Minimalist design with a neutral palette and clean layout, emphasizing simplicity.",,neutral tones,"[""#ffffff"", ""#f0f0f0"", ""#d9d9d9"", ""#bfbfbf""]",0.5
Lapa Ninja (Post),Ternary,TECHNOLOGY,,,https://cdn.lapa.ninja/assets/images/1x/ternary-thumb.webp,https://www.lapa.ninja/post/ternary/,"Minimalist design with a neutral tone and spacious layout, emphasizing simplicity.",,neutral,"[""#ffffff"", ""#f0f0f0"", ""#e0e0e0"", ""#d0d0d0""]",0.5
Lapa Ninja (Post),MyPayNow,FINANCE,,,https://cdn.lapa.ninja/assets/images/1x/mypaynow-thumb.webp,https://www.lapa.ninja/post/mypaynow/,Minimalist finance interface with a clean layout and neutral tones.,,neutral gray,"[""#f0f0f0"", ""#ffffff"", ""#cccccc"", ""#333333""]",0.5
Lapa Ninja (Post),Pablito Planeta,CREATIVE,,,https://cdn.lapa.ninja/assets/images/1x/pablitoplaneta-thumb.webp,https://www.lapa.ninja/post/pablitoplaneta/,Playful design showcasing vibrant colors and a whimsical layout.,,bright and playful,"[""#ffcc00"", ""#ff6699"", ""#66ccff"", ""#ffccff""]",0.5
Lapa Ninja (Post),Thingtesting,EDUCATION,,,https://cdn.lapa.ninja/assets/images/1x/thingtesting-thumb.webp,https://www.lapa.ninja/post/thingtesting/,Minimalist education site with a neutral tone and simple layout emphasizing clarity.,,neutral,"[""#ffffff"", ""#f0f0f0"", ""#000000"", ""#cccccc""]",0.5
Lapa Ninja (Post),Viso Haus,STUDIO,,,https://cdn.lapa.ninja/assets/images/1x/viso-haus-thumb.webp,https://www.lapa.ninja/post/viso-haus/,Modern architectural showcase with a neutral palette and spacious layout.,,neutral tones,"[""#f0f0f0"", ""#cccccc"", ""#ffffff"", ""#000000""]",0.5
Lapa Ninja (Post),Wild Souls,FOOD DRINKS,,,https://cdn.lapa.ninja/assets/images/1x/wildsouls-thumb.webp,https://www.lapa.ninja/post/wildsouls/,Earthy and organic vibe with a warm beige palette and a minimalist layout.,,warm beige,"[""#d8c4a3"", ""#f5f5f5"", ""#a89f91"", ""#7d6b5a""]",0.5
Lapa Ninja (Post),Irys,PRODUCTIVITY,,,https://cdn.lapa.ninja/assets/images/1x/heyirys-thumb.webp,https://www.lapa.ninja/post/heyirys/,Minimalist productivity site with a clean layout and soft color tones.,,soft neutral,"[""#f0f0f0"", ""#ffffff"", ""#d9d9d9"", ""#bfbfbf""]",0.5
Lapa Ninja (Post),Adam Ho,PORTFOLIO,,,https://cdn.lapa.ninja/assets/images/1x/adamho-03-02-2021-thumb.webp,https://www.lapa.ninja/post/adamho-3/,Minimalist portfolio showcasing a clean layout with a neutral color tone.,,neutral gray,"[""#ffffff"", ""#f0f0f0"", ""#d9d9d9"", ""#000000""]",0.5
Lapa Ninja (Post),Cult Gaia,ECOMMERCE,,,https://cdn.lapa.ninja/assets/images/1x/cultgaia-thumb.webp,https://www.lapa.ninja/post/cultgaia/,Elegant fashion showcase with warm tones and a minimalist layout emphasizing product imagery.,,warm beige,"[""#f5f5dc"", ""#d8cfc4"", ""#e0cda9"", ""#f0e68c""]",0.5
Lapa Ninja (Post),Cosmic Collusion,PORTFOLIO,,,https://cdn.lapa.ninja/assets/images/1x/cosmiccollusion-thumb.webp,https://www.lapa.ninja/post/cosmiccollusion/,Ethereal cosmic theme with a dark palette and abstract layout elements.,,dark cosmic,"[""#000000"", ""#1a1a1a"", ""#ffffff"", ""#ffcc00""]",0.5
Lapa Ninja (Post),TRWM,HEALTH FITNESS,,,https://cdn.lapa.ninja/assets/images/1x/takearidewithme-thumb.webp,https://www.lapa.ninja/post/takearidewithme/,Energetic fitness site with a vibrant color palette and dynamic layout.,,bright and energetic,"[""#ff5733"", ""#33c1ff"", ""#ffcc00"", ""#28a745""]",0.5
Lapa Ninja (Post),Josh W Comeau,BLOG,,,https://cdn.lapa.ninja/assets/images/1x/joshwcomeau-thumb.webp,https://www.lapa.ninja/post/joshwcomeau/,Minimalist blog layout with a clean aesthetic and neutral tones.,,neutral gray,"[""#f0f0f0"", ""#ffffff"", ""#000000"", ""#cccccc""]",0.5
Lapa Ninja (Post),Order,STUDIO,,,https://cdn.lapa.ninja/assets/images/1x/order-design-thumb.webp,https://www.lapa.ninja/post/order-design/,Minimalist design showcasing a clean layout with a neutral color tone and simple elements.,,neutral,"[""#ffffff"", ""#f0f0f0"", ""#e0e0e0"", ""#cccccc""]",0.5
Lapa Ninja (Post),Quill,APP,,,https://cdn.lapa.ninja/assets/images/1x/quill-02-24-2021-thumb.webp,https://www.lapa.ninja/post/quill-2/,"Minimalist design with a serene mood, featuring a soft color palette and clean layout.",,soft neutral,"[""#f0f0f0"", ""#ffffff"", ""#d9d9d9"", ""#bfbfbf""]",0.5
Lapa Ninja (Post),Rider.404,OUTDOORS TRAVEL,,,https://cdn.lapa.ninja/assets/images/1x/rider404-thumb.webp,https://www.lapa.ninja/post/rider404/,"Adventurous travel site with earthy tones and a clean, spacious layout.",,earthy green,"[""#4a7c2b"", ""#d9e5d6"", ""#f5f5f5"", ""#a3b18c""]",0.5
Lapa Ninja (Post),Easol,PRODUCTIVITY,,,https://cdn.lapa.ninja/assets/images/1x/easol-thumb.webp,https://www.lapa.ninja/post/easol/,"Minimalist layout with a serene vibe, featuring a soft color palette and clean typography.",,soft neutral,"[""#f0f0f0"", ""#ffffff"", ""#d9d9d9"", ""#bfbfbf""]",0.5
Lapa Ninja (Post),Happy Tooth,HEALTH FITNESS,,,https://cdn.lapa.ninja/assets/images/1x/happytoothslc-thumb.webp,https://www.lapa.ninja/post/happytoothslc/,Playful health-themed layout with bright colors and a cheerful vibe.,,bright and cheerful,"[""#ffcc00"", ""#ff6699"", ""#66ccff"", ""#ffffff""]",0.5
Lapa Ninja (Post),Vucko,STUDIO,,,https://cdn.lapa.ninja/assets/images/1x/vucko-thumb.webp,https://www.lapa.ninja/post/vucko/,Minimalist design showcasing a playful vibe with a warm beige palette and simple layout.,,warm beige,"[""#f5f5dc"", ""#d3c6a8"", ""#e0cda9"", ""#c2b280""]",0.5
Lapa Ninja (Post),Fifty Editions,ECOMMERCE,,,https://cdn.lapa.ninja/assets/images/1x/fiftyeditions-02-24-2021-thumb.webp,https://www.lapa.ninja/post/fiftyeditions-2/,Minimalist e-commerce site with a clean layout and neutral tones.,,neutral,"[""#ffffff"", ""#f0f0f0"", ""#000000"", ""#cccccc""]",0.5
Lapa Ninja (Post),Utopia Agriculture,ILLUSTRATION,,,https://cdn.lapa.ninja/assets/images/1x/utopiaagriculture-thumb.webp,https://www.lapa.ninja/post/utopiaagriculture/,"Organic agriculture theme with earthy tones and a clean, spacious layout.",,earthy green,"[""#4caf50"", ""#a5d6a7"", ""#ffffff"", ""#f0f0f0""]",0.5
Lapa Ninja (Post),Emma Tulloch Architects,MINIMAL,,,https://cdn.lapa.ninja/assets/images/1x/emmatulloch-thumb.webp,https://www.lapa.ninja/post/emmatulloch/,"Minimalist architecture site with a serene mood and neutral tones, featuring a clean layout.",,neutral tones,"[""#ffffff"", ""#f0f0f0"", ""#d9d9d9"", ""#000000""]",0.5
Lapa Ninja (Post),Powder,APP,,,https://cdn.lapa.ninja/assets/images/1x/powder-thumb.webp,https://www.lapa.ninja/post/powder/,"Minimalist design with a soft, muted color palette and a clean layout.",,soft neutral,"[""#f0f0f0"", ""#d9d9d9"", ""#ffffff""]",0.5
Lapa Ninja (Post),Peddlers Gin,FOOD DRINKS,,,https://cdn.lapa.ninja/assets/images/1x/peddlersgin-thumb.webp,https://www.lapa.ninja/post/peddlersgin/,"Sophisticated gin showcase with earthy tones and a clean, minimal layout.",,earthy,"[""#8B5B29"", ""#D9CBAE"", ""#F5F5F5"", ""#4B3C2A""]",0.5
Lapa Ninja (Post),Abstract Notebooks,DESIGN TOOLS,,,https://cdn.lapa.ninja/assets/images/1x/abstract-02-24-2021-thumb.webp,https://www.lapa.ninja/post/abstract-3/,Minimalist design showcasing abstract notebooks with a serene layout and soft color tones.,,soft neutral,"[""#f0f0f0"", ""#d9d9d9"", ""#bfbfbf"", ""#a6a6a6""]",0.5
Lapa Ninja (Post),Gunnar Freyr,PORTFOLIO,,,https://cdn.lapa.ninja/assets/images/1x/icelandicexplorer-thumb.webp,https://www.lapa.ninja/post/icelandicexplorer/,"Explorative portfolio with earthy tones and a clean, minimal layout.",,earthy green,"[""#4a7c2a"", ""#b2d8b2"", ""#ffffff"", ""#f0f0f0""]",0.5
Lapa Ninja (Post),Circule,STUDIO,,,https://cdn.lapa.ninja/assets/images/1x/studiocircule-thumb.webp,https://www.lapa.ninja/post/studiocircule/,"Minimalist design with a serene mood, featuring a soft color palette and clean layout.",,soft neutral,"[""#f0f0f0"", ""#ffffff"", ""#d9d9d9"", ""#bfbfbf""]",0.5
Lapa Ninja (Post),Too Gallus,AGENCY,,,https://cdn.lapa.ninja/assets/images/1x/toogallus-thumb.webp,https://www.lapa.ninja/post/toogallus/,Dynamic design showcase with a vibrant color palette and engaging layout.,,vibrant,"[""#ff5733"", ""#33c1ff"", ""#ffc300"", ""#c70039""]",0.5
Lapa Ninja (Post),Whiteboard,AGENCY,,,https://cdn.lapa.ninja/assets/images/1x/whiteboard-02-24-2021-thumb.webp,https://www.lapa.ninja/post/whiteboard-3/,"Minimalist design with a clean layout and neutral tones, emphasizing clarity and functionality.",,neutral tones,"[""#ffffff"", ""#f0f0f0"", ""#e0e0e0"", ""#cccccc""]",0.5
Lapa Ninja (Post),Andy Works,TECHNOLOGY,,,https://cdn.lapa.ninja/assets/images/1x/andy-thumb.webp,https://www.lapa.ninja/post/andy-works/,"Minimalist design with a neutral tone, featuring a clean layout and subtle visual elements.",,neutral,"[""#ffffff"", ""#f0f0f0"", ""#e0e0e0"", ""#d0d0d0""]",0.5
Lapa Ninja (Post),Bitski,NFT,,,https://cdn.lapa.ninja/assets/images/1x/bitski-thumb.webp,https://www.lapa.ninja/post/bitski/,Modern NFT platform with a sleek layout and a vibrant color palette.,,vibrant,"[""#ffffff"", ""#000000"", ""#ffcc00"", ""#ff6699""]",0.5
Lapa Ninja (Post),Murmur,PRODUCTIVITY,,,https://cdn.lapa.ninja/assets/images/1x/murmur-thumb.webp,https://www.lapa.ninja/post/murmur/,Minimalist productivity site with a serene layout and soft color tones.,,soft neutral,"[""#f0f0f0"", ""#d9d9d9"", ""#ffffff"", ""#cccccc""]",0.5
Lapa Ninja (Post),Gavin Nelson,PORTFOLIO,,,https://cdn.lapa.ninja/assets/images/1x/nelson-thumb.webp,https://www.lapa.ninja/post/nelson/,Minimalist portfolio showcasing a clean layout with a neutral color tone.,,neutral,"[""#ffffff"", ""#f0f0f0"", ""#000000"", ""#cccccc""]",0.5
Lapa Ninja (Post),Duo Studio,STUDIO,,,https://cdn.lapa.ninja/assets/images/1x/duo-studio-thumb.webp,https://www.lapa.ninja/post/duo-studio/,Minimalist studio showcase with a neutral palette and clean layout.,,neutral tones,"[""#f0f0f0"", ""#cccccc"", ""#ffffff"", ""#000000""]",0.5
Lapa Ninja (Post),LeMond,OUTDOORS TRAVEL,,,https://cdn.lapa.ninja/assets/images/1x/lemond-thumb.webp,https://www.lapa.ninja/post/lemond/,Adventurous outdoor theme with earthy tones and a spacious layout.,,earthy green,"[""#4a7c2a"", ""#b5d99c"", ""#ffffff"", ""#f0f0f0""]",0.5
Lapa Ninja (Post),Apostrophe,ECOMMERCE,,,https://cdn.lapa.ninja/assets/images/1x/apostrophe-thumb.webp,https://www.lapa.ninja/post/apostrophe/,"Minimalist design with a neutral palette and spacious layout, emphasizing simplicity.",,neutral tones,"[""#f5f5f5"", ""#e0e0e0"", ""#ffffff"", ""#000000""]",0.5
Lapa Ninja (Post),Concrete Club Studio,STUDIO,,,https://cdn.lapa.ninja/assets/images/1x/concreteclub-thumb.webp,https://www.lapa.ninja/post/concreteclub/,Minimalist studio showcase with a neutral palette and clean layout emphasizing concrete textures.,,neutral gray,"[""#d3d3d3"", ""#a9a9a9"", ""#ffffff"", ""#000000""]",0.5
Lapa Ninja (Post),Silvia Tcherassi,ECOMMERCE,,,https://cdn.lapa.ninja/assets/images/1x/silviatcherassi-thumb.webp,https://www.lapa.ninja/post/silviatcherassi/,"Elegant fashion post with a sophisticated layout and a warm, neutral color tone.",,warm neutral,"[""#f5f5f5"", ""#d9d9d9"", ""#bfbfbf"", ""#a6a6a6""]",0.5
Lapa Ninja (Post),Garden City Center,BUSINESS,,,https://cdn.lapa.ninja/assets/images/1x/gardencitycenter-thumb.webp,https://www.lapa.ninja/post/gardencitycenter/,Serene garden-themed layout with a natural color palette and organic shapes.,,earthy green,"[""#4caf50"", ""#a5d6a7"", ""#c8e6c9"", ""#ffffff""]",0.5
Lapa Ninja (Post),Steven Mengin,PORTFOLIO,,,https://cdn.lapa.ninja/assets/images/1x/stevenmengin-thumb.webp,https://www.lapa.ninja/post/stevenmengin/,Minimalist portfolio showcasing a clean layout with a neutral color tone.,,neutral,"[""#ffffff"", ""#f0f0f0"", ""#000000"", ""#cccccc""]",0.5
Lapa Ninja (Post),MOTH,FOOD DRINKS,,,https://cdn.lapa.ninja/assets/images/1x/mothdrinks-thumb.webp,https://www.lapa.ninja/post/mothdrinks/,Minimalist drink showcase with a warm beige palette and clean layout.,,warm beige,"[""#f5f5dc"", ""#d2b48c"", ""#fff8dc"", ""#deb887""]",0.5
Lapa Ninja (Post),Ten Two,ILLUSTRATION,,,https://cdn.lapa.ninja/assets/images/1x/tentwo-thumb.webp,https://www.lapa.ninja/post/tentwo/,Minimalist illustration showcase with a soft color palette and clean layout.,,soft neutral,"[""#f0f0f0"", ""#d9d9d9"", ""#ffffff"", ""#cccccc""]",0.5
Lapa Ninja (Post),Pretty Wild,ECOMMERCE,,,https://cdn.lapa.ninja/assets/images/1x/itsallprettywild-thumb.webp,https://www.lapa.ninja/post/itsallprettywild/,Playful and vibrant layout with a wild color tone and engaging imagery.,,bright and playful,"[""#ff6f61"", ""#6b5b95"", ""#88b04b"", ""#f7cac9""]",0.5
Lapa Ninja (Post),Never Sit Still,STUDIO,,,https://cdn.lapa.ninja/assets/images/1x/neversitstill-thumb.webp,https://www.lapa.ninja/post/neversitstill/,"Dynamic layout with a vibrant color palette, evoking energy and creativity.",,vibrant,"[""#ff5733"", ""#33c1ff"", ""#ffc300"", ""#c70039""]",0.5
Lapa Ninja (Post),Mass-Driver,FOUNDRY,,,https://cdn.lapa.ninja/assets/images/1x/mass-driver-thumb.webp,https://www.lapa.ninja/post/mass-driver/,Futuristic design with a sleek layout and a monochromatic color scheme.,,neutral gray,"[""#000000"", ""#ffffff"", ""#cccccc"", ""#666666""]",0.5
Lapa Ninja (Post),MONUMENTO,STUDIO,,,https://cdn.lapa.ninja/assets/images/1x/monumento-thumb.webp,https://www.lapa.ninja/post/monumento/,Minimalist design showcasing a serene atmosphere with a neutral color palette and spacious layout.,,neutral tones,"[""#f0f0f0"", ""#d9d9d9"", ""#ffffff"", ""#cccccc""]",0.5
Lapa Ninja (Post),oioi.gg,AGENCY,,,https://cdn.lapa.ninja/assets/images/1x/oioi-thumb.webp,https://www.lapa.ninja/post/oioi/,"Minimalist design with a playful vibe, featuring a soft color palette and spacious layout.",,soft pastel,"[""#f0e5e5"", ""#e5f0e5"", ""#e5e5f0"", ""#ffffff""]",0.5
Lapa Ninja (Post),Cafe Robot,DEVELOPMENT TOOLS,,,https://cdn.lapa.ninja/assets/images/1x/cafe-robot-thumb.webp,https://www.lapa.ninja/post/cafe-robot/,"Futuristic cafe design with a playful vibe, featuring a bright color palette and whimsical elements.",,playful,"[""#ffcc00"", ""#ff6699"", ""#66ccff"", ""#ffffff""]",0.5
Lapa Ninja (Post),WILD FI,AGENCY,,,https://cdn.lapa.ninja/assets/images/1x/wild-fi-thumb.webp,https://www.lapa.ninja/post/wild-fi/,Dynamic design showcasing vibrant colors and an engaging layout for WILD FI.,,vibrant,"[""#ff5733"", ""#33c1ff"", ""#ffc300"", ""#c70039""]",0.5
Lapa Ninja (Post),Comme Si,ECOMMERCE,,,https://cdn.lapa.ninja/assets/images/1x/commesi-02-08-2021-thumb.webp,https://www.lapa.ninja/post/commesi-2/,Minimalist e-commerce site with a clean layout and neutral tones.,,neutral tones,"[""#ffffff"", ""#f0f0f0"", ""#e0e0e0"", ""#cccccc""]",0.5
Lapa Ninja (Post),Framer,DESIGN TOOLS,,,https://cdn.lapa.ninja/assets/images/1x/framer-02-08-2021-thumb.webp,https://www.lapa.ninja/post/framer-6/,Minimalist design tool showcase with a clean layout and neutral tones.,,neutral,"[""#ffffff"", ""#f0f0f0"", ""#e0e0e0"", ""#cccccc""]",0.5
Lapa Ninja (Post),Hélène Vignon,PORTFOLIO,,,https://cdn.lapa.ninja/assets/images/1x/helenevignon-thumb.webp,https://www.lapa.ninja/post/helenevignon/,Elegant portfolio showcasing a refined aesthetic with a minimalist layout and soft tones.,,soft neutral,"[""#f5f5f5"", ""#e0e0e0"", ""#ffffff"", ""#cccccc""]",0.5
Lapa Ninja (Post),Benjamin Briand,PORTFOLIO,,,https://cdn.lapa.ninja/assets/images/1x/benjaminbriandavocat-thumb.webp,https://www.lapa.ninja/post/benjaminbriandavocat/,Minimalist portfolio showcasing a professional tone with a neutral color palette.,,neutral gray,"[""#f0f0f0"", ""#ffffff"", ""#000000"", ""#cccccc""]",0.5
Lapa Ninja (Post),Thomas Geisen,PORTFOLIO,,,https://cdn.lapa.ninja/assets/images/1x/thomasgeisen-thumb.webp,https://www.lapa.ninja/post/thomasgeisen/,Minimalist portfolio showcasing a clean layout with neutral tones and subtle elegance.,,neutral tones,"[""#ffffff"", ""#f0f0f0"", ""#d9d9d9"", ""#bfbfbf""]",0.5
Lapa Ninja (Post),Balance,TECHNOLOGY,,,https://cdn.lapa.ninja/assets/images/1x/getbalance-thumb.webp,https://www.lapa.ninja/post/getbalance/,Serene layout with a balanced composition and a soft color palette.,,soft neutral,"[""#f0f0f0"", ""#d9d9d9"", ""#ffffff"", ""#cccccc""]",0.5
Lapa Ninja (Post),Meta Craft,AGENCY,,,https://cdn.lapa.ninja/assets/images/1x/meta-craft-thumb.webp,https://www.lapa.ninja/post/meta-craft/,"Minimalist design with a neutral palette and a clean, spacious layout.",,neutral gray,"[""#f0f0f0"", ""#ffffff"", ""#cccccc"", ""#333333""]",0.5
Lapa Ninja (Post),Ragged Edge,AGENCY,,,https://cdn.lapa.ninja/assets/images/1x/raggededge-thumb.webp,https://www.lapa.ninja/post/raggededge/,"Edgy design with a rugged aesthetic, featuring a dark palette and asymmetrical layout.",,dark and rugged,"[""#333333"", ""#555555"", ""#777777"", ""#999999""]",0.5
Lapa Ninja (Post),Fujee Design,CREATIVE,,,https://cdn.lapa.ninja/assets/images/1x/fujeedesign-thumb.webp,https://www.lapa.ninja/post/fujeedesign/,Minimalist design showcase with a neutral palette and clean layout.,,neutral,"[""#ffffff"", ""#f0f0f0"", ""#000000"", ""#cccccc""]",0.5
Lapa Ninja (Post),Kruger Buro,STUDIO,,,https://cdn.lapa.ninja/assets/images/1x/krugerburo-thumb.webp,https://www.lapa.ninja/post/krugerburo/,"Modern workspace design with a neutral palette and clean, minimal layout.",,neutral gray,"[""#f5f5f5"", ""#cccccc"", ""#333333"", ""#ffffff""]",0.5
Lapa Ninja (Post),Highcourt,ILLUSTRATION,,,https://cdn.lapa.ninja/assets/images/1x/highcourt-thumb.webp,https://www.lapa.ninja/post/highcourt/,"Minimalist design with a serene mood, featuring a muted color palette and clean layout.",,neutral tones,"[""#f0f0f0"", ""#d9d9d9"", ""#ffffff"", ""#cccccc""]",0.5
Lapa Ninja (Post),INFRINGE,MAGAZINE,,,https://cdn.lapa.ninja/assets/images/1x/infringe-thumb.webp,https://www.lapa.ninja/post/infringe/,"Minimalist layout with a neutral tone, featuring a clean design and subtle imagery.",,neutral,"[""#ffffff"", ""#000000"", ""#cccccc"", ""#f0f0f0""]",0.5
Lapa Ninja (Post),Impermanence,PHOTOGRAPHY,,,https://cdn.lapa.ninja/assets/images/1x/impermanence-thumb.webp,https://www.lapa.ninja/post/impermanence/,"Reflective photography post with a serene mood and minimalist layout, featuring soft tones.",,soft neutral,"[""#f0f0f0"", ""#d9d9d9"", ""#bfbfbf"", ""#a6a6a6""]",0.5
Lapa Ninja (Post),Ryan & Aly,ILLUSTRATION,,,https://cdn.lapa.ninja/assets/images/1x/ryanandaly-thumb.webp,https://www.lapa.ninja/post/ryanandaly/,Playful illustration site with a warm beige palette and a whimsical layout.,,warm beige,"[""#f5f5dc"", ""#d2b48c"", ""#ffe4b5"", ""#fff8dc""]",0.5
Lapa Ninja (Post),VJ Type Typefaces,FOUNDRY,,,https://cdn.lapa.ninja/assets/images/1x/vj-type-02-07-2021-thumb.webp,https://www.lapa.ninja/post/vj-type-2/,Modern typeface showcase with a clean layout and neutral tones emphasizing typography.,,neutral gray,"[""#ffffff"", ""#f0f0f0"", ""#000000"", ""#cccccc""]",0.5
Lapa Ninja (Post),Maze,DESIGN TOOLS,,,https://cdn.lapa.ninja/assets/images/1x/maze-02-07-2021-thumb.webp,https://www.lapa.ninja/post/maze-2/,"Intriguing maze-themed layout with a dark, mysterious palette and abstract design elements.",,dark and mysterious,"[""#000000"", ""#ffffff"", ""#ffcc00"", ""#333333""]",0.5
Lapa Ninja (Post),Bitcoin,ILLUSTRATION,,,https://cdn.lapa.ninja/assets/images/1x/bitcoin-thumb.webp,https://www.lapa.ninja/post/bitcoin/,Modern cryptocurrency post with a sleek layout and a neutral color tone.,,neutral gray,"[""#ffffff"", ""#f0f0f0"", ""#000000"", ""#ffcc00""]",0.5
Lapa Ninja (Post),Olivier Guillard,PORTFOLIO,,,https://cdn.lapa.ninja/assets/images/1x/olivierguillard-thumb.webp,https://www.lapa.ninja/post/olivierguillard/,Minimalist portfolio layout with a neutral tone and clean design elements.,,neutral,"[""#ffffff"", ""#f0f0f0"", ""#000000"", ""#cccccc""]",0.5
Lapa Ninja (Post),dBodhi,ECOMMERCE,,,https://cdn.lapa.ninja/assets/images/1x/dbodhi-thumb.webp,https://www.lapa.ninja/post/dbodhi/,Serene ecommerce site with a neutral palette and minimalist layout.,,neutral tones,"[""#f5f5f5"", ""#e0e0e0"", ""#ffffff"", ""#bdbdbd""]",0.5
Lapa Ninja (Post),Nibelu,HEALTH FITNESS,,,https://cdn.lapa.ninja/assets/images/1x/nibelu-thumb.webp,https://www.lapa.ninja/post/nibelu/,Energetic health-focused layout with a vibrant color scheme and dynamic imagery.,,bright and energetic,"[""#ffcc00"", ""#ff5733"", ""#33ccff"", ""#ffffff""]",0.5
Lapa Ninja (Post),Diamond Cafe,PORTFOLIO,,,https://cdn.lapa.ninja/assets/images/1x/diamond-cafe-thumb.webp,https://www.lapa.ninja/post/diamond-cafe/,Cozy cafe design featuring warm tones and a relaxed layout.,,warm beige,"[""#f5f5dc"", ""#d2b48c"", ""#deb887"", ""#ffe4b5""]",0.5
Lapa Ninja (Post),Ytech,AGENCY,,,https://cdn.lapa.ninja/assets/images/1x/ytech-thumb.webp,https://www.lapa.ninja/post/ytech/,Modern tech showcase with a sleek layout and a neutral color tone.,,neutral gray,"[""#f0f0f0"", ""#ffffff"", ""#000000"", ""#cccccc""]",0.5
Lapa Ninja (Post),Hoodzpah,BUSINESS,,,https://cdn.lapa.ninja/assets/images/1x/hoodzpahdesign-01-31-2021-thumb.webp,https://www.lapa.ninja/post/hoodzpahdesign-2/,Playful design showcase with vibrant colors and a dynamic layout.,,bright and playful,"[""#ff6f61"", ""#6b5b95"", ""#88b04b"", ""#f7cac9""]",0.5
Lapa Ninja (Post),Buy Fonts Save Lives,TYPOGRAPHY,,,https://cdn.lapa.ninja/assets/images/1x/buyfontssavelives-thumb.webp,https://www.lapa.ninja/post/buyfontssavelives/,Playful typography-focused layout with a vibrant color scheme and engaging visuals.,,bright and playful,"[""#ffcc00"", ""#ff6699"", ""#66ccff"", ""#ffffff""]",0.5
Lapa Ninja (Post),fanfanfan,STUDIO,,,https://cdn.lapa.ninja/assets/images/1x/fanfanfan-thumb.webp,https://www.lapa.ninja/post/fanfanfan/,Playful design with a vibrant color palette and a whimsical layout.,,bright and playful,"[""#ffcc00"", ""#ff6699"", ""#66ccff"", ""#ffccff""]",0.5
Lapa Ninja (Post),Aurélia Durand,PORTFOLIO,,,https://cdn.lapa.ninja/assets/images/1x/aurelia-studio-thumb.webp,https://www.lapa.ninja/post/aurelia-studio/,"Artistic portfolio showcasing vibrant colors and a clean, minimal layout.",,vibrant,"[""#ff6f61"", ""#6b5b95"", ""#88b04b"", ""#f7cac9""]",0.5
Lapa Ninja (Post),The Mind Map,MINIMAL,,,https://cdn.lapa.ninja/assets/images/1x/themindmap-thumb.webp,https://www.lapa.ninja/post/themindmap/,"Minimalist layout with a serene mood, featuring a soft color palette and clean typography.",,soft neutral,"[""#f0f0f0"", ""#ffffff"", ""#d9d9d9"", ""#bfbfbf""]",0.5
Lapa Ninja (Post),Davis Row,ILLUSTRATION,,,https://cdn.lapa.ninja/assets/images/1x/davisrow-thumb.webp,https://www.lapa.ninja/post/davisrow/,Minimalist design showcasing a warm beige palette with a clean layout.,,warm beige,"[""#f5f5dc"", ""#dcdcdc"", ""#ffffff"", ""#000000""]",0.5
Lapa Ninja (Post),Every,EDUCATION,,,https://cdn.lapa.ninja/assets/images/1x/everyto-thumb.webp,https://www.lapa.ninja/post/every/,"Minimalist design with a serene mood, featuring a soft color palette and clean layout.",,soft neutral,"[""#f0f0f0"", ""#ffffff"", ""#d9d9d9"", ""#bfbfbf""]",0.5
Lapa Ninja (Post),BlueIO,ILLUSTRATION,,,https://cdn.lapa.ninja/assets/images/1x/blueio-thumb.webp,https://www.lapa.ninja/post/blueio/,"Minimalist design with a cool blue tone and a clean, structured layout.",,cool blue,"[""#007bff"", ""#e0f7fa"", ""#ffffff"", ""#f8f9fa""]",0.5
Lapa Ninja (Post),Hobbes,STUDIO,,,https://cdn.lapa.ninja/assets/images/1x/hobbes-thumb.webp,https://www.lapa.ninja/post/hobbes/,"Minimalist design with a serene mood, featuring a neutral palette and spacious layout.",,neutral tones,"[""#f0f0f0"", ""#d9d9d9"", ""#ffffff"", ""#cccccc""]",0.5
Lapa Ninja (Post),Circle,AGENCY,,,https://cdn.lapa.ninja/assets/images/1x/circle-thumb.webp,https://www.lapa.ninja/post/circle/,"Minimalist design with a serene mood, featuring a circular motif and soft color tones.",,soft neutral,"[""#ffffff"", ""#f0f0f0"", ""#e0e0e0"", ""#d0d0d0""]",0.5
Lapa Ninja (Post),AUFI,AGENCY,,,https://cdn.lapa.ninja/assets/images/1x/aufi-01-31-2021-thumb.webp,https://www.lapa.ninja/post/aufi-2/,"Minimalist design with a neutral palette and spacious layout, emphasizing simplicity.",,neutral,"[""#ffffff"", ""#f0f0f0"", ""#e0e0e0"", ""#d0d0d0""]",0.5
Lapa Ninja (Post),Tomasz Strekowski,PORTFOLIO,,,https://cdn.lapa.ninja/assets/images/1x/strekowski-thumb.webp,https://www.lapa.ninja/post/strekowski/,Minimalist portfolio showcasing a serene mood with a neutral color palette and clean layout.,,neutral tones,"[""#ffffff"", ""#f0f0f0"", ""#d9d9d9"", ""#bfbfbf""]",0.5
Lapa Ninja (Post),Levon Aronian,PORTFOLIO,,,https://cdn.lapa.ninja/assets/images/1x/levonaronian-thumb.webp,https://www.lapa.ninja/post/levonaronian/,Minimalist portfolio showcasing Levon Aronian with a neutral color palette and clean layout.,,neutral tones,"[""#ffffff"", ""#f0f0f0"", ""#000000"", ""#cccccc""]",0.5
Lapa Ninja (Post),CauseVox,FINANCE,,,https://cdn.lapa.ninja/assets/images/1x/causevox-thumb.webp,https://www.lapa.ninja/post/causevox/,Professional finance platform with a clean layout and muted tones.,,neutral tones,"[""#f0f0f0"", ""#ffffff"", ""#cccccc"", ""#333333""]",0.5
Lapa Ninja (Post),Hemster,FASHION,,,https://cdn.lapa.ninja/assets/images/1x/hemster-thumb.webp,https://www.lapa.ninja/post/hemster/,Minimalist fashion site with a neutral palette and clean layout emphasizing imagery.,,neutral tones,"[""#ffffff"", ""#f0f0f0"", ""#d9d9d9"", ""#000000""]",0.5
Lapa Ninja (Post),Convicts,STUDIO,,,https://cdn.lapa.ninja/assets/images/1x/convicts-thumb.webp,https://www.lapa.ninja/post/convicts/,Bold and gritty design with a dark palette and striking imagery.,,dark and moody,"[""#000000"", ""#ffffff"", ""#ff0000"", ""#808080""]",0.5
Lapa Ninja (Post),The New Movement,STUDIO,,,https://cdn.lapa.ninja/assets/images/1x/thenewmvt-thumb.webp,https://www.lapa.ninja/post/thenewmvt/,Modern design showcasing a vibrant color palette with a clean layout.,,vibrant,"[""#ff6f61"", ""#6b5b95"", ""#88b04b"", ""#f7cac9""]",0.5
Lapa Ninja (Post),Laws of UX,COURSE,,,https://cdn.lapa.ninja/assets/images/1x/lawsofux-thumb.webp,https://www.lapa.ninja/post/lawsofux/,Informative post on UX laws with a clean layout and neutral color tones.,,neutral gray,"[""#ffffff"", ""#f0f0f0"", ""#000000"", ""#cccccc""]",0.5
Lapa Ninja (Post),Plenty,BUSINESS,,,https://cdn.lapa.ninja/assets/images/1x/plenty-thumb.webp,https://www.lapa.ninja/post/plenty/,"Minimalist layout with a warm beige tone, featuring soft imagery and ample white space.",,warm beige,"[""#f5f5dc"", ""#ffffff"", ""#dcdcdc"", ""#c0c0c0""]",0.5
Lapa Ninja (Post),Eder Anaya,PORTFOLIO,,,https://cdn.lapa.ninja/assets/images/1x/ederanaya-thumb.webp,https://www.lapa.ninja/post/ederanaya/,Minimalist portfolio showcasing a serene mood with a neutral color palette and clean layout.,,neutral tones,"[""#ffffff"", ""#f0f0f0"", ""#d9d9d9"", ""#bfbfbf""]",0.5
Lapa Ninja (Post),Caligrafik,AGENCY,,,https://cdn.lapa.ninja/assets/images/1x/caligrafik-thumb.webp,https://www.lapa.ninja/post/caligrafik/,"Minimalist design with a neutral tone and clean layout, emphasizing simplicity.",,neutral gray,"[""#f0f0f0"", ""#cccccc"", ""#ffffff"", ""#000000""]",0.5
Lapa Ninja (Post),GIGANTIC!,FOOD DRINKS,,,https://cdn.lapa.ninja/assets/images/1x/giganticcandy-thumb.webp,https://www.lapa.ninja/post/giganticcandy/,"Playful and vibrant layout with a bright candy theme, featuring bold colors and whimsical elements.",,bright and playful,"[""#ff6f61"", ""#6b5b95"", ""#88b04b"", ""#f7cac9""]",0.5
Lapa Ninja (Post),FarmWise,TECHNOLOGY,,,https://cdn.lapa.ninja/assets/images/1x/farmwise-thumb.webp,https://www.lapa.ninja/post/farmwise/,"Organic farming site with earthy tones and a clean, spacious layout.",,earthy green,"[""#4caf50"", ""#a5d6a7"", ""#ffffff"", ""#f0f4c3""]",0.5
Lapa Ninja (Post),Black Madre,STUDIO,,,https://cdn.lapa.ninja/assets/images/1x/blackmadre-thumb.webp,https://www.lapa.ninja/post/blackmadre/,Elegant design showcasing a dark theme with a minimalist layout and subtle accents.,,dark and sophisticated,"[""#000000"", ""#ffffff"", ""#444444"", ""#888888""]",0.5
Lapa Ninja (Post),Helena Zhang,PORTFOLIO,,,https://cdn.lapa.ninja/assets/images/1x/helenazhang-thumb.webp,https://www.lapa.ninja/post/helenazhang/,Minimalist portfolio showcasing a serene mood with a neutral color palette and clean layout.,,neutral tones,"[""#f0f0f0"", ""#ffffff"", ""#d9d9d9"", ""#bfbfbf""]",0.5
Lapa Ninja (Post),ExpressVPN,ILLUSTRATION,,,https://cdn.lapa.ninja/assets/images/1x/expressvpn-thumb.webp,https://www.lapa.ninja/post/expressvpn/,Sleek tech-focused layout with a modern vibe and a cool color tone.,,cool gray,"[""#f0f0f0"", ""#ffffff"", ""#000000"", ""#0072e5""]",0.5
Lapa Ninja (Post),Myriad,AGENCY,,,https://cdn.lapa.ninja/assets/images/1x/myriad-thumb.webp,https://www.lapa.ninja/post/myriad/,"Minimalist design with a neutral palette and spacious layout, emphasizing simplicity.",,neutral tones,"[""#f0f0f0"", ""#ffffff"", ""#cccccc"", ""#999999""]",0.5
Lapa Ninja (Post),Sam Goddard,PORTFOLIO,,,https://cdn.lapa.ninja/assets/images/1x/samgoddard-thumb.webp,https://www.lapa.ninja/post/samgoddard/,Minimalist portfolio showcasing a clean layout with a neutral color tone.,,neutral gray,"[""#f0f0f0"", ""#ffffff"", ""#000000"", ""#cccccc""]",0.5
Lapa Ninja (Post),Middltone,PORTFOLIO,,,https://cdn.lapa.ninja/assets/images/1x/middltone-thumb.webp,https://www.lapa.ninja/post/middltone/,Minimalist portfolio layout with a neutral tone and clean design elements.,,neutral,"[""#f0f0f0"", ""#ffffff"", ""#cccccc"", ""#999999""]",0.5
Lapa Ninja (Post),NEW ORDER,OUTDOORS TRAVEL,,,https://cdn.lapa.ninja/assets/images/1x/neworder-thumb.webp,https://www.lapa.ninja/post/neworder/,"Adventurous travel post with earthy tones and a clean, spacious layout.",,earthy green,"[""#4a7c2a"", ""#b5d99c"", ""#ffffff"", ""#f0f0f0""]",0.5
Lapa Ninja (Post),SPORTIVO STORE,ECOMMERCE,,,https://cdn.lapa.ninja/assets/images/1x/sportivostore-thumb.webp,https://www.lapa.ninja/post/sportivostore/,Dynamic e-commerce site with a vibrant color palette and engaging layout.,,bright and energetic,"[""#ff5733"", ""#33c1ff"", ""#ffc300"", ""#c70039""]",0.5
Lapa Ninja (Post),Lara Mendonça,PORTFOLIO,,,https://cdn.lapa.ninja/assets/images/1x/laramendon-thumb.webp,https://www.lapa.ninja/post/laramendon/,Minimalist portfolio layout with a neutral tone and clean design elements.,,neutral,"[""#ffffff"", ""#f0f0f0"", ""#000000"", ""#cccccc""]",0.5
Lapa Ninja (Post),we-go,AGENCY,,,https://cdn.lapa.ninja/assets/images/1x/we-go-thumb.webp,https://www.lapa.ninja/post/we-go/,"Minimalist design with a serene mood, featuring a soft color palette and spacious layout.",,soft neutral,"[""#f0f0f0"", ""#ffffff"", ""#d9d9d9"", ""#bfbfbf""]",0.5
Lapa Ninja (Post),Artomatic,BUSINESS,,,https://cdn.lapa.ninja/assets/images/1x/artomatic-thumb.webp,https://www.lapa.ninja/post/artomatic/,"Minimalist design with a neutral palette and a clean, spacious layout.",,neutral tones,"[""#ffffff"", ""#f0f0f0"", ""#e0e0e0"", ""#cccccc""]",0.5
Lapa Ninja (Post),GAFFER,MAGAZINE,,,https://cdn.lapa.ninja/assets/images/1x/gaffer-thumb.webp,https://www.lapa.ninja/post/gaffer/,"Minimalist layout with a neutral tone, featuring a clean design and subtle visual elements.",,neutral gray,"[""#f0f0f0"", ""#cccccc"", ""#ffffff"", ""#000000""]",0.5
Lapa Ninja (Post),Three.js Journey,COURSE,,,https://cdn.lapa.ninja/assets/images/1x/threejs-journey-thumb.webp,https://www.lapa.ninja/post/threejs-journey/,Dynamic educational platform with a vibrant color palette and engaging layout.,,vibrant,"[""#ff5733"", ""#33c1ff"", ""#ff33a1"", ""#33ff57""]",0.5
Lapa Ninja (Post),L'Impératrice,ILLUSTRATION,,,https://cdn.lapa.ninja/assets/images/1x/l-imperatrice-thumb.webp,https://www.lapa.ninja/post/l-imperatrice/,Elegant illustration showcase with a vibrant color palette and artistic layout.,,vibrant,"[""#ff6f61"", ""#6b5b95"", ""#88b04b"", ""#f7cac9""]",0.5
Lapa Ninja (Post),Open Design,DESIGN TOOLS,,,https://cdn.lapa.ninja/assets/images/1x/opendesign-avocode-thumb.webp,https://www.lapa.ninja/post/opendesign-avocode/,Minimalist design showcase with a neutral palette and clean layout.,,neutral gray,"[""#f0f0f0"", ""#ffffff"", ""#cccccc"", ""#333333""]",0.5
Lapa Ninja (Post),Erica Bech,PORTFOLIO,,,https://cdn.lapa.ninja/assets/images/1x/ericabech-thumb.webp,https://www.lapa.ninja/post/ericabech/,Minimalist portfolio showcasing a serene mood with a neutral color palette.,,neutral,"[""#ffffff"", ""#f0f0f0"", ""#d9d9d9"", ""#bfbfbf""]",0.5
Lapa Ninja (Post),Antara Studio,STUDIO,,,https://cdn.lapa.ninja/assets/images/1x/antara-studio-thumb.webp,https://www.lapa.ninja/post/antara-studio/,Minimalist studio showcase with a neutral palette and clean layout emphasizing simplicity.,,neutral,"[""#f5f5f5"", ""#cccccc"", ""#ffffff"", ""#000000""]",0.5
Lapa Ninja (Post),Nanna Lagerman,STUDIO,,,https://cdn.lapa.ninja/assets/images/1x/nannalagerman-thumb.webp,https://www.lapa.ninja/post/nannalagerman/,Minimalist design showcasing a serene mood with a neutral palette and clean layout.,,neutral tones,"[""#f0f0f0"", ""#d9d9d9"", ""#ffffff"", ""#cccccc""]",0.5
Lapa Ninja (Post),Maggie Stiefvater,PORTFOLIO,,,https://cdn.lapa.ninja/assets/images/1x/maggiestiefvater-thumb.webp,https://www.lapa.ninja/post/maggiestiefvater/,Whimsical portfolio layout with a soft color tone and artistic imagery.,,soft pastel,"[""#f0e5d8"", ""#d9c6b2"", ""#b2a59c"", ""#a18f7d""]",0.5
Lapa Ninja (Post),World After Covid,EDUCATION,,,https://cdn.lapa.ninja/assets/images/1x/worldaftercovid-thumb.webp,https://www.lapa.ninja/post/worldaftercovid/,Reflective post on post-Covid world with a neutral tone and minimalistic layout.,,neutral gray,"[""#f0f0f0"", ""#cccccc"", ""#ffffff"", ""#000000""]",0.5
Lapa Ninja (Post),Swell,3D WEBSITES,,,https://cdn.lapa.ninja/assets/images/1x/swell-thumb.webp,https://www.lapa.ninja/post/swell/,Dynamic 3D website showcasing a vibrant color palette and engaging layout.,,vibrant,"[""#ff5733"", ""#33c1ff"", ""#ff33a1"", ""#33ff57""]",0.5
Lapa Ninja (Post),Moe Amaya,PORTFOLIO,,,https://cdn.lapa.ninja/assets/images/1x/moeamaya-01-19-2021-thumb.webp,https://www.lapa.ninja/post/moeamaya/,Minimalist portfolio showcasing a serene aesthetic with a neutral color palette.,,neutral tones,"[""#ffffff"", ""#f0f0f0"", ""#d9d9d9"", ""#bfbfbf""]",0.5
Lapa Ninja (Post),Until One Sunday We Didn’t,BOOK,,,https://cdn.lapa.ninja/assets/images/1x/timokuilder-01-19-2021-thumb.webp,https://www.lapa.ninja/post/timo-kuilder-book/,Reflective book post with a warm beige palette and minimalistic layout.,,warm beige,"[""#f5f5dc"", ""#dcdcdc"", ""#ffffff"", ""#000000""]",0.5
Lapa Ninja (Post),Spacecadet,CORPORATE,,,https://cdn.lapa.ninja/assets/images/1x/spacecadet-thumb.webp,https://www.lapa.ninja/post/spacecadet/,"Futuristic design with a vibrant color palette and a clean, minimal layout.",,vibrant,"[""#ff6f61"", ""#6a5acd"", ""#f0e68c"", ""#20b2aa""]",0.5
Lapa Ninja (Post),Teamflow,PRODUCTIVITY,,,https://cdn.lapa.ninja/assets/images/1x/teamflowhq-thumb.webp,https://www.lapa.ninja/post/teamflowhq/,Productivity-focused layout with a clean design and a neutral color tone.,,neutral gray,"[""#f0f0f0"", ""#ffffff"", ""#e0e0e0"", ""#cccccc""]",0.5
Lapa Ninja (Post),Aaron Shapiro,PORTFOLIO,,,https://cdn.lapa.ninja/assets/images/1x/aaron-thumb.webp,https://www.lapa.ninja/post/aaron/,Minimalist portfolio layout with a neutral tone and clean design elements.,,neutral,"[""#ffffff"", ""#f0f0f0"", ""#000000"", ""#cccccc""]",0.5
Lapa Ninja (Post),Fauna,ECOMMERCE,,,https://cdn.lapa.ninja/assets/images/1x/faune-bijouterie-thumb.webp,https://www.lapa.ninja/post/faune-bijouterie/,Elegant jewelry showcase with a soft color palette and minimalistic layout.,,soft neutral,"[""#f0e5d8"", ""#d1c6b8"", ""#b8a99a"", ""#eae1d5""]",0.5
Lapa Ninja (Post),immi,FOOD DRINKS,,,https://cdn.lapa.ninja/assets/images/1x/immieats-thumb.webp,https://www.lapa.ninja/post/immieats/,"Casual food blog post with warm tones and a simple, inviting layout.",,warm beige,"[""#f5f5dc"", ""#ffe4b5"", ""#ffebcd"", ""#fffacd""]",0.5
Lapa Ninja (Post),Clar Development,AGENCY,,,https://cdn.lapa.ninja/assets/images/1x/clar-thumb.webp,https://www.lapa.ninja/post/clar/,"Modern real estate site with a neutral palette and clean, spacious layout.",,neutral tones,"[""#f5f5f5"", ""#cccccc"", ""#333333"", ""#ffffff""]",0.5
Lapa Ninja (Post),Fermé,ECOMMERCE,,,https://cdn.lapa.ninja/assets/images/1x/ferme-thumb.webp,https://www.lapa.ninja/post/ferme/,"Minimalist eCommerce site with a serene mood and neutral tones, featuring a clean layout.",,neutral tones,"[""#f5f5f5"", ""#e0e0e0"", ""#ffffff"", ""#cccccc""]",0.5
Lapa Ninja (Post),Signal Messenger,APP,,,https://cdn.lapa.ninja/assets/images/1x/signal-thumb.webp,https://www.lapa.ninja/post/signal/,"Minimalist layout with a cool tone, featuring a clean design and emphasis on communication.",,cool gray,"[""#f0f0f0"", ""#ffffff"", ""#000000"", ""#0078d4""]",0.5
Lapa Ninja (Post),Flavien Guilbaud,PORTFOLIO,,,https://cdn.lapa.ninja/assets/images/1x/flavinsky-01-16-2021-thumb.webp,https://www.lapa.ninja/post/flavinsky-2/,Minimalist portfolio showcasing a serene mood with a neutral color palette and clean layout.,,neutral tones,"[""#ffffff"", ""#f0f0f0"", ""#d9d9d9"", ""#bfbfbf""]",0.5
Lapa Ninja (Post),Porto Cálem,FOOD DRINKS,,,https://cdn.lapa.ninja/assets/images/1x/calem-thumb.webp,https://www.lapa.ninja/post/calem/,"Elegant wine showcase with warm tones and a clean, minimal layout.",,warm beige,"[""#d8c4a0"", ""#f5f5f5"", ""#a0522d"", ""#8b4513""]",0.5
Lapa Ninja (Post),bigbump,AGENCY,,,https://cdn.lapa.ninja/assets/images/1x/bigbump-thumb.webp,https://www.lapa.ninja/post/bigbump/,Modern design showcase with a neutral palette and minimalistic layout.,,neutral tones,"[""#ffffff"", ""#f0f0f0"", ""#e0e0e0"", ""#d0d0d0""]",0.5
Lapa Ninja (Post),NicelySmall,BUSINESS,,,https://cdn.lapa.ninja/assets/images/1x/nicelysmall-thumb.webp,https://www.lapa.ninja/post/nicelysmall/,Minimalist design with a neutral palette and clean layout emphasizing simplicity.,,neutral tones,"[""#f0f0f0"", ""#cccccc"", ""#ffffff"", ""#000000""]",0.5
Lapa Ninja (Post),Aesop,ECOMMERCE,,,https://cdn.lapa.ninja/assets/images/1x/aesop-thumb.webp,https://www.lapa.ninja/post/aesop/,Elegant ecommerce site with a warm beige palette and minimalistic layout.,,warm beige,"[""#f5f5f5"", ""#d8cfc4"", ""#b5a99a"", ""#7a6e5e""]",0.5
Lapa Ninja (Post),otterdev,AGENCY,,,https://cdn.lapa.ninja/assets/images/1x/otterdev-thumb.webp,https://www.lapa.ninja/post/otterdev/,"Playful tech site with a vibrant color palette and a clean, minimal layout.",,bright and playful,"[""#ffcc00"", ""#00aaff"", ""#ff6699"", ""#ffffff""]",0.5
Lapa Ninja (Post),Rick Waalders,PORTFOLIO,,,https://cdn.lapa.ninja/assets/images/1x/rickwaalders-thumb.webp,https://www.lapa.ninja/post/rickwaalders/,Minimalist portfolio showcasing a clean layout with a neutral color tone.,,neutral,"[""#ffffff"", ""#f0f0f0"", ""#000000"", ""#cccccc""]",0.5
Lapa Ninja (Post),Frontend Horse,EDUCATION,,,https://cdn.lapa.ninja/assets/images/1x/frontend-horse-thumb.webp,https://www.lapa.ninja/post/frontend-horse/,Playful educational site with a vibrant color palette and engaging layout.,,bright and playful,"[""#ffcc00"", ""#ff5733"", ""#33ccff"", ""#ffffff""]",0.5
Lapa Ninja (Post),mmhmm,APP,,,https://cdn.lapa.ninja/assets/images/1x/mmhmm-thumb.webp,https://www.lapa.ninja/post/mmhmm/,Modern presentation tool with a clean layout and a vibrant color scheme.,,bright and energetic,"[""#ff6f61"", ""#6b5b95"", ""#88b04b"", ""#f7cac9""]",0.5
Lapa Ninja (Post),EX LIBRIS,MAGAZINE,,,https://cdn.lapa.ninja/assets/images/1x/exlibris-thumb.webp,https://www.lapa.ninja/post/exlibris/,"Minimalist layout with a serene mood, featuring a muted color palette and elegant typography.",,neutral tones,"[""#f0f0f0"", ""#d9d9d9"", ""#bfbfbf"", ""#a6a6a6""]",0.5
Lapa Ninja (Post),Cetrucflotte,AGENCY,,,https://cdn.lapa.ninja/assets/images/1x/cetrucflotte-thumb.webp,https://www.lapa.ninja/post/cetrucflotte/,"Minimalist design with a neutral palette and a clean, spacious layout.",,neutral tones,"[""#f0f0f0"", ""#ffffff"", ""#cccccc"", ""#999999""]",0.5
Lapa Ninja (Post),Andy Burdin,PORTFOLIO,,,https://cdn.lapa.ninja/assets/images/1x/burdin-thumb.webp,https://www.lapa.ninja/post/burdin/,Minimalist portfolio showcasing a clean layout with neutral tones and subtle design elements.,,neutral,"[""#ffffff"", ""#f0f0f0"", ""#000000"", ""#cccccc""]",0.5
Lapa Ninja (Post),Coastal Clouds,ECOMMERCE,,,https://cdn.lapa.ninja/assets/images/1x/cccbd-thumb.webp,https://www.lapa.ninja/post/cccbd/,"Serene coastal design featuring soft tones and a clean, spacious layout.",,soft blue,"[""#a0c4e1"", ""#f0f4f8"", ""#ffffff"", ""#b0e0e6""]",0.5
Lapa Ninja (Post),Slash,PRODUCTIVITY,,,https://cdn.lapa.ninja/assets/images/1x/getslash-thumb.webp,https://www.lapa.ninja/post/getslash/,Minimalist productivity site with a clean layout and neutral tones.,,neutral gray,"[""#f0f0f0"", ""#ffffff"", ""#cccccc"", ""#333333""]",0.5
Lapa Ninja (Post),Thomas Vimare,PORTFOLIO,,,https://cdn.lapa.ninja/assets/images/1x/thms-thumb.webp,https://www.lapa.ninja/post/thms/,Minimalist portfolio showcasing a clean layout with a neutral color tone.,,neutral,"[""#ffffff"", ""#f0f0f0"", ""#000000"", ""#cccccc""]",0.5
Lapa Ninja (Post),Loah Drinks,FOOD DRINKS,,,https://cdn.lapa.ninja/assets/images/1x/loah-beer-thumb.webp,https://www.lapa.ninja/post/loah-beer/,Refreshing beverage showcase with a vibrant palette and clean layout.,,bright and lively,"[""#ffcc00"", ""#ff6600"", ""#ffffff"", ""#000000""]",0.5
Lapa Ninja (Post),Enid.fm,STUDIO,,,https://cdn.lapa.ninja/assets/images/1x/enid-thumb.webp,https://www.lapa.ninja/post/enid/,"Minimalist design with a serene mood, featuring a soft color palette and spacious layout.",,soft neutral,"[""#f0f0f0"", ""#ffffff"", ""#d9d9d9"", ""#bfbfbf""]",0.5
Lapa Ninja (Post),Reset,APP,,,https://cdn.lapa.ninja/assets/images/1x/reset-thumb.webp,https://www.lapa.ninja/post/reset/,"Minimalist design with a serene mood, featuring a soft color palette and spacious layout.",,soft neutral,"[""#f0f0f0"", ""#ffffff"", ""#d9d9d9"", ""#bfbfbf""]",0.5
Lapa Ninja (Post),Nightjar,STUDIO,,,https://cdn.lapa.ninja/assets/images/1x/nightjar-01-08-2021-thumb.webp,https://www.lapa.ninja/post/nightjar-2/,Elegant design showcasing a serene mood with a dark palette and minimalistic layout.,,dark and muted,"[""#000000"", ""#333333"", ""#666666"", ""#ffffff""]",0.5
Lapa Ninja (Post),Flamingo,ECOMMERCE,,,https://cdn.lapa.ninja/assets/images/1x/shopflamingo-thumb.webp,https://www.lapa.ninja/post/shopflamingo/,"Playful e-commerce site with bright coral tones and a clean, minimal layout.",,bright coral,"[""#ff6f61"", ""#f7c6c7"", ""#ffffff"", ""#f0e68c""]",0.5
Lapa Ninja (Post),Amber,APP,,,https://cdn.lapa.ninja/assets/images/1x/amber-thumb.webp,https://www.lapa.ninja/post/amber/,Minimalist design with warm beige tones and a simple layout emphasizing imagery.,,warm beige,"[""#f5f5dc"", ""#d2b48c"", ""#fff8dc"", ""#e0cda9""]",0.5
Lapa Ninja (Post),Matthew Fisher,PORTFOLIO,,,https://cdn.lapa.ninja/assets/images/1x/mfisher-thumb.webp,https://www.lapa.ninja/post/mfisher/,"Minimalist portfolio site with a clean layout and neutral tones, emphasizing visual content.",,neutral tones,"[""#ffffff"", ""#f0f0f0"", ""#000000"", ""#cccccc""]",0.5
Lapa Ninja (Post),worklife.,CORPORATE,,,https://cdn.lapa.ninja/assets/images/1x/worklife-thumb.webp,https://www.lapa.ninja/post/worklife/,Professional workspace theme with a neutral palette and clean layout.,,neutral gray,"[""#f0f0f0"", ""#cccccc"", ""#ffffff"", ""#000000""]",0.5
Lapa Ninja (Post),Mirko Saugo,PORTFOLIO,,,https://cdn.lapa.ninja/assets/images/1x/mynameismirko-thumb.webp,https://www.lapa.ninja/post/mynameismirko/,Minimalist portfolio showcasing a modern aesthetic with a neutral color tone.,,neutral,"[""#ffffff"", ""#000000"", ""#cccccc"", ""#f0f0f0""]",0.5
Lapa Ninja (Post),Techleap.nl,CORPORATE,,,https://cdn.lapa.ninja/assets/images/1x/techleap-01-03-2021-thumb.webp,https://www.lapa.ninja/post/techleap-2/,Corporate tech site with a clean layout and a professional blue tone.,,professional blue,"[""#007bff"", ""#f8f9fa"", ""#343a40"", ""#6c757d""]",0.5
Lapa Ninja (Post),Pet-à-Porter,ECOMMERCE,,,https://cdn.lapa.ninja/assets/images/1x/petaporterofficial-thumb.webp,https://www.lapa.ninja/post/petaporterofficial/,Playful pet fashion site with a warm beige palette and engaging layout.,,warm beige,"[""#f5f5dc"", ""#d2b48c"", ""#fff8dc"", ""#deb887""]",0.5
Lapa Ninja (Post),Echoes Magazine,MAGAZINE,,,https://cdn.lapa.ninja/assets/images/1x/echoes-mag-thumb.webp,https://www.lapa.ninja/post/echoes-mag/,Minimalist magazine layout with a serene tone and soft color palette.,,soft neutral,"[""#f0f0f0"", ""#ffffff"", ""#d9d9d9"", ""#bfbfbf""]",0.5
Lapa Ninja (Post),CSS-Tricks,DEVELOPMENT TOOLS,,,https://cdn.lapa.ninja/assets/images/1x/css-tricks-01-03-2021-thumb.webp,https://www.lapa.ninja/post/css-tricks-2/,"Minimalist design with a neutral tone, featuring a clean layout and subtle visual elements.",,neutral gray,"[""#f0f0f0"", ""#ffffff"", ""#cccccc"", ""#333333""]",0.5
Lapa Ninja (Post),Relate,DESIGN TOOLS,,,https://cdn.lapa.ninja/assets/images/1x/relate-12-29-2020-thumb.webp,https://www.lapa.ninja/post/relate-4/,"Minimalist layout with a serene mood, featuring a soft color palette and clean typography.",,soft neutral,"[""#f0f0f0"", ""#ffffff"", ""#d9d9d9"", ""#bfbfbf""]",0.5
Lapa Ninja (Post),Adrian Z,PORTFOLIO,,,https://cdn.lapa.ninja/assets/images/1x/azumbrunnen-thumb.webp,https://www.lapa.ninja/post/azumbrunnen/,Minimalist portfolio layout with a serene vibe and neutral tones.,,neutral gray,"[""#f0f0f0"", ""#cccccc"", ""#ffffff"", ""#000000""]",0.5
Lapa Ninja (Post),handsome,AGENCY,,,https://cdn.lapa.ninja/assets/images/1x/handsome-12-29-2020-thumb.webp,https://www.lapa.ninja/post/handsome-2/,Stylish post with a modern layout and a sophisticated color tone.,,neutral tones,"[""#f0f0f0"", ""#cccccc"", ""#333333"", ""#ffffff""]",0.5
Lapa Ninja (Post),Golden Wolf,STUDIO,,,https://cdn.lapa.ninja/assets/images/1x/goldenwolf-thumb.webp,https://www.lapa.ninja/post/goldenwolf/,Minimalist design showcasing a warm beige palette with a clean layout.,,warm beige,"[""#f5f5dc"", ""#d2b48c"", ""#deb887"", ""#ffe4c4""]",0.5
Lapa Ninja (Post),Honk,APP,,,https://cdn.lapa.ninja/assets/images/1x/honk-thumb.webp,https://www.lapa.ninja/post/honk/,"Minimalist design with a neutral palette and a clean, spacious layout.",,neutral tones,"[""#ffffff"", ""#f0f0f0"", ""#e0e0e0"", ""#d0d0d0""]",0.5
Lapa Ninja (Post),Peter Demulsant,PORTFOLIO,,,https://cdn.lapa.ninja/assets/images/1x/picodix-thumb.webp,https://www.lapa.ninja/post/picodix/,Minimalist portfolio layout with a neutral tone and clean design elements.,,neutral,"[""#ffffff"", ""#f0f0f0"", ""#000000"", ""#cccccc""]",0.5
Lapa Ninja (Post),La QV,ECOMMERCE,,,https://cdn.lapa.ninja/assets/images/1x/laqv-thumb.webp,https://www.lapa.ninja/post/laqv/,Minimalist eCommerce site with a clean layout and neutral tones.,,neutral gray,"[""#f0f0f0"", ""#ffffff"", ""#cccccc"", ""#333333""]",0.5
Lapa Ninja (Post),mishmash,ECOMMERCE,,,https://cdn.lapa.ninja/assets/images/1x/mishmash-thumb.webp,https://www.lapa.ninja/post/mishmash/,Eclectic design showcasing a vibrant mix of colors and a dynamic layout.,,vibrant mix,"[""#ff6f61"", ""#6b5b95"", ""#88b04b"", ""#f7cac9""]",0.5
Lapa Ninja (Post),Marx Design,STUDIO,,,https://cdn.lapa.ninja/assets/images/1x/marxdesign-thumb.webp,https://www.lapa.ninja/post/marxdesign/,Minimalist design showcase with a neutral palette and clean layout emphasizing visuals.,,neutral tones,"[""#ffffff"", ""#f0f0f0"", ""#e0e0e0"", ""#cccccc""]",0.5
Lapa Ninja (Post),hum,ECOMMERCE,,,https://cdn.lapa.ninja/assets/images/1x/hum-colgate-thumb.webp,https://www.lapa.ninja/post/hum-colgate/,Minimalist ecommerce layout with a clean aesthetic and neutral tones.,,neutral,"[""#ffffff"", ""#f0f0f0"", ""#e0e0e0"", ""#cccccc""]",0.5
Lapa Ninja (Post),Crystals,ECOMMERCE,,,https://cdn.lapa.ninja/assets/images/1x/crystals-thumb.webp,https://www.lapa.ninja/post/crystals/,Serene eCommerce post featuring a soft color palette and minimalistic layout.,,soft neutral,"[""#f0f0f0"", ""#d9d9d9"", ""#ffffff""]",0.5
Lapa Ninja (Post),Magic Spoon,FOOD DRINKS,,,https://cdn.lapa.ninja/assets/images/1x/magicspoon-thumb.webp,https://www.lapa.ninja/post/magicspoon/,"Playful food brand showcasing vibrant colors and a clean, minimal layout.",,bright and playful,"[""#ffcc00"", ""#ff5733"", ""#c70039"", ""#900c3f""]",0.5
Lapa Ninja (Post),Route,APP,,,https://cdn.lapa.ninja/assets/images/1x/route-thumb.webp,https://www.lapa.ninja/post/route/,"Minimalist design with a neutral tone, featuring a clean layout and subtle visual elements.",,neutral gray,"[""#f0f0f0"", ""#cccccc"", ""#ffffff"", ""#000000""]",0.5
Lapa Ninja (Post),Aplós,ECOMMERCE,,,https://cdn.lapa.ninja/assets/images/1x/aplos-thumb.webp,https://www.lapa.ninja/post/aplos/,Minimalist e-commerce site with a clean layout and neutral tones.,,neutral,"[""#f5f5f5"", ""#ffffff"", ""#000000"", ""#cccccc""]",0.5
Lapa Ninja (Post),Numbered Studio,STUDIO,,,https://cdn.lapa.ninja/assets/images/1x/numbered-studio-12-27-2020-thumb.webp,https://www.lapa.ninja/post/numbered-studio-2/,Minimalist studio showcase with a neutral palette and clean layout emphasizing simplicity.,,neutral,"[""#ffffff"", ""#f0f0f0"", ""#d9d9d9"", ""#000000""]",0.5
Lapa Ninja (Post),Maui Studios Aotearoa,AGENCY,,,https://cdn.lapa.ninja/assets/images/1x/mauistudios-thumb.webp,https://www.lapa.ninja/post/mauistudios/,Serene studio showcase with a warm beige palette and minimalistic layout.,,warm beige,"[""#f5f5dc"", ""#d3cfcf"", ""#ffffff"", ""#e0e0e0""]",0.5
Lapa Ninja (Post),Guillaume Colombel,PORTFOLIO,,,https://cdn.lapa.ninja/assets/images/1x/guillaumecolombel-21-12-2020-thumb.webp,https://www.lapa.ninja/post/guillaumecolombel-2/,Minimalist portfolio showcasing a clean layout with neutral tones and subtle elegance.,,neutral tones,"[""#ffffff"", ""#f0f0f0"", ""#d9d9d9"", ""#bfbfbf""]",0.5
Lapa Ninja (Post),Petal,FINANCE,,,https://cdn.lapa.ninja/assets/images/1x/petalcard-12-21-2020-thumb.webp,https://www.lapa.ninja/post/petalcard/,"Minimalist design with soft tones and a card layout, evoking tranquility.",,soft pastel,"[""#f0e5d8"", ""#d9c6b2"", ""#c4b6a6"", ""#eae1d5""]",0.5
Lapa Ninja (Post),EarCOUTURE,ECOMMERCE,,,https://cdn.lapa.ninja/assets/images/1x/earcouture-thumb.webp,https://www.lapa.ninja/post/earcouture/,Elegant ecommerce layout with a soft color palette and minimalistic design elements.,,soft neutral,"[""#f0f0f0"", ""#ffffff"", ""#d9d9d9"", ""#cccccc""]",0.5
Lapa Ninja (Post),Patrick Mahomes,ECOMMERCE,,,https://cdn.lapa.ninja/assets/images/1x/patrickmahomes-thumb.webp,https://www.lapa.ninja/post/patrickmahomes/,Dynamic sports post featuring a vibrant color palette and engaging layout.,,bright and energetic,"[""#ffcc00"", ""#ff5733"", ""#c70039"", ""#900c3f""]",0.5
Lapa Ninja (Post),Out of Place Studio Design,STUDIO,,,https://cdn.lapa.ninja/assets/images/1x/outofplace-studio-thumb.webp,https://www.lapa.ninja/post/outofplace-studio/,Minimalist design studio showcase with a neutral palette and clean layout.,,neutral tones,"[""#f5f5f5"", ""#cccccc"", ""#ffffff"", ""#000000""]",0.5
Lapa Ninja (Post),Nicole He,PORTFOLIO,,,https://cdn.lapa.ninja/assets/images/1x/nicole-pizza-thumb.webp,https://www.lapa.ninja/post/nicole-pizza/,Minimalist portfolio showcasing vibrant colors and a clean layout.,,bright and vibrant,"[""#ffcc00"", ""#ff5733"", ""#33ccff"", ""#ffffff""]",0.5
Lapa Ninja (Post),Wilder Fields,FOOD DRINKS,,,https://cdn.lapa.ninja/assets/images/1x/wilderfields-thumb.webp,https://www.lapa.ninja/post/wilderfields/,"Serene food and drink post with earthy tones and a clean, minimal layout.",,earthy green,"[""#6b8e23"", ""#f5f5dc"", ""#fff8dc"", ""#dcdcdc""]",0.5
Lapa Ninja (Post),Cloverly,TECHNOLOGY,,,https://cdn.lapa.ninja/assets/images/1x/cloverly-thumb.webp,https://www.lapa.ninja/post/cloverly/,"Eco-friendly platform with a fresh green palette and clean, minimal layout.",,fresh green,"[""#4caf50"", ""#e8f5e9"", ""#ffffff"", ""#c8e6c9""]",0.5
Lapa Ninja (Post),Rows,PRODUCTIVITY,,,https://cdn.lapa.ninja/assets/images/1x/rows-thumb.webp,https://www.lapa.ninja/post/rows/,"Minimalist layout with a neutral tone, featuring a clean design and subtle visual elements.",,neutral gray,"[""#f0f0f0"", ""#cccccc"", ""#ffffff"", ""#000000""]",0.5
Lapa Ninja (Post),IL Letterista,ILLUSTRATION,,,https://cdn.lapa.ninja/assets/images/1x/illetterista-thumb.webp,https://www.lapa.ninja/post/illetterista/,Minimalist illustration showcase with a warm beige palette and clean layout.,,warm beige,"[""#f5f5dc"", ""#d3c6a8"", ""#e8e4d1"", ""#c2b280""]",0.5
Lapa Ninja (Post),Evens,ECOMMERCE,,,https://cdn.lapa.ninja/assets/images/1x/evens-thumb.webp,https://www.lapa.ninja/post/evens/,Minimalist e-commerce layout with a neutral tone and clean design elements.,,neutral,"[""#ffffff"", ""#f0f0f0"", ""#000000"", ""#cccccc""]",0.5
Lapa Ninja (Post),Danilo Rodrigues,PORTFOLIO,,,https://cdn.lapa.ninja/assets/images/1x/danilorodrigues-thumb.webp,https://www.lapa.ninja/post/danilorodrigues/,Minimalist portfolio showcasing a modern aesthetic with a neutral color tone and clean layout.,,neutral,"[""#ffffff"", ""#f0f0f0"", ""#000000"", ""#cccccc""]",0.5
Lapa Ninja (Post),COGRID-19,COMMUNITY,,,https://cdn.lapa.ninja/assets/images/1x/cogrid19-12-20-2020-thumb.webp,https://www.lapa.ninja/post/cogrid19-2/,"Community-driven project with a neutral tone and simple layout, emphasizing collaboration.",,neutral,"[""#f0f0f0"", ""#cccccc"", ""#ffffff"", ""#000000""]",0.5
Lapa Ninja (Post),ChungiYoo,PORTFOLIO,,,https://cdn.lapa.ninja/assets/images/1x/chungiyoo-thumb.webp,https://www.lapa.ninja/post/chungiyoo/,Minimalist portfolio layout with a serene color tone and clean design elements.,,neutral tones,"[""#f0f0f0"", ""#ffffff"", ""#cccccc"", ""#999999""]",0.5
Lapa Ninja (Post),Idyl,ECOMMERCE,,,https://cdn.lapa.ninja/assets/images/1x/idyl-thumb.webp,https://www.lapa.ninja/post/idyl/,Minimalist eCommerce site with a serene layout and soft color tones.,,soft neutral,"[""#f0f0f0"", ""#ffffff"", ""#d9d9d9"", ""#bfbfbf""]",0.5
Lapa Ninja (Post),Retrospec,OUTDOORS TRAVEL,,,https://cdn.lapa.ninja/assets/images/1x/retrospec-thumb.webp,https://www.lapa.ninja/post/retrospec/,"Outdoor travel site with a vibrant, adventurous mood and a clean, grid layout.",,adventurous green,"[""#4caf50"", ""#ffffff"", ""#f0f0f0"", ""#000000""]",0.5
Lapa Ninja (Post),Lëtzebuerger Journal,MAGAZINE,,,https://cdn.lapa.ninja/assets/images/1x/journal-thumb.webp,https://www.lapa.ninja/post/journal/,"Minimalist layout with a neutral tone, featuring a clean design and subtle elegance.",,neutral,"[""#f0f0f0"", ""#ffffff"", ""#000000"", ""#cccccc""]",0.5
Lapa Ninja (Post),Arnie.M,FURNITURE INTERIORS,,,https://cdn.lapa.ninja/assets/images/1x/arniem-thumb.webp,https://www.lapa.ninja/post/arniem/,Minimalist furniture showcase with a neutral palette and clean layout.,,neutral tones,"[""#f5f5f5"", ""#dcdcdc"", ""#ffffff"", ""#000000""]",0.5
Lapa Ninja (Post),23d.1,PORTFOLIO,,,https://cdn.lapa.ninja/assets/images/1x/23d-thumb.webp,https://www.lapa.ninja/post/23d/,Minimalist portfolio layout with a neutral tone and clean design elements.,,neutral,"[""#ffffff"", ""#f0f0f0"", ""#000000"", ""#cccccc""]",0.5
Lapa Ninja (Post),UJET,AUTOMOTIVE,,,https://cdn.lapa.ninja/assets/images/1x/ujet-thumb.webp,https://www.lapa.ninja/post/ujet/,Modern automotive interface with a sleek layout and cool color tones.,,cool gray,"[""#f0f0f0"", ""#cccccc"", ""#333333"", ""#ffffff""]",0.5
Lapa Ninja (Post),Juliana Cavalcanti,PORTFOLIO,,,https://cdn.lapa.ninja/assets/images/1x/juliana-cavalcanti-thumb.webp,https://www.lapa.ninja/post/juliana-cavalcanti/,Minimalist portfolio showcasing Juliana Cavalcanti with a clean layout and neutral tones.,,neutral,"[""#ffffff"", ""#f0f0f0"", ""#000000"", ""#cccccc""]",0.5
Lapa Ninja (Post),Olssøn Barbieri,STUDIO,,,https://cdn.lapa.ninja/assets/images/1x/olssonbarbieri-thumb.webp,https://www.lapa.ninja/post/olssonbarbieri/,Minimalist design showcasing a modern aesthetic with a neutral color palette and clean layout.,,neutral tones,"[""#ffffff"", ""#f0f0f0"", ""#d9d9d9"", ""#000000""]",0.5
Lapa Ninja (Post),Stephan Friedli,PORTFOLIO,,,https://cdn.lapa.ninja/assets/images/1x/stephanfriedli-thumb.webp,https://www.lapa.ninja/post/stephanfriedli/,Minimalist portfolio showcasing a serene mood with a neutral color palette and clean layout.,,neutral gray,"[""#f0f0f0"", ""#ffffff"", ""#cccccc"", ""#999999""]",0.5
Lapa Ninja (Post),Parostec,CORPORATE,,,https://cdn.lapa.ninja/assets/images/1x/parostec-thumb.webp,https://www.lapa.ninja/post/parostec/,"Corporate site with a neutral tone, featuring a clean layout and minimalistic design elements.",,neutral gray,"[""#f0f0f0"", ""#cccccc"", ""#ffffff"", ""#000000""]",0.5
Lapa Ninja (Post),Zoox,AUTOMOTIVE,,,https://cdn.lapa.ninja/assets/images/1x/zoox-thumb.webp,https://www.lapa.ninja/post/zoox/,Futuristic automotive design with a sleek layout and a monochromatic color scheme.,,neutral gray,"[""#ffffff"", ""#000000"", ""#cccccc"", ""#666666""]",0.5
Lapa Ninja (Post),2020 - Album Colors Of The Year,CREATIVE,,,https://cdn.lapa.ninja/assets/images/1x/albumcolors-thumb.webp,https://www.lapa.ninja/post/albumcolors/,Vibrant album showcase with a lively color palette and engaging layout.,,vibrant,"[""#ff6f61"", ""#6b5b95"", ""#88b04b"", ""#f7cac9""]",0.5
Lapa Ninja (Post),Designed by Women,EDUCATION,,,https://cdn.lapa.ninja/assets/images/1x/designedbywomen-thumb.webp,https://www.lapa.ninja/post/designedbywomen/,"Empowering design showcase with a warm beige palette and a clean, minimal layout.",,warm beige,"[""#f5f5dc"", ""#d3c6a8"", ""#e8e8e8"", ""#ffffff""]",0.5
Lapa Ninja (Post),Italic,ECOMMERCE,,,https://cdn.lapa.ninja/assets/images/1x/italic-12-14-2020-thumb.webp,https://www.lapa.ninja/post/italic-2/,"Minimalist design with a neutral tone, featuring a clean layout and subtle elegance.",,neutral tones,"[""#f0f0f0"", ""#cccccc"", ""#ffffff"", ""#000000""]",0.5
Lapa Ninja (Post),Basic.Space,ECOMMERCE,,,https://cdn.lapa.ninja/assets/images/1x/basic-space-thumb.webp,https://www.lapa.ninja/post/basic-space/,"Minimalist design with a serene mood, featuring a soft color palette and spacious layout.",,soft neutral,"[""#f0f0f0"", ""#ffffff"", ""#d9d9d9"", ""#bfbfbf""]",0.5
Lapa Ninja (Post),Hot Black,AGENCY,,,https://cdn.lapa.ninja/assets/images/1x/hotblack-thumb.webp,https://www.lapa.ninja/post/hotblack/,Sleek and modern design with a dark palette and minimalistic layout.,,dark,"[""#000000"", ""#333333"", ""#ffffff"", ""#ffcc00""]",0.5
Lapa Ninja (Post),Base,TECHNOLOGY,,,https://cdn.lapa.ninja/assets/images/1x/get-base-thumb.webp,https://www.lapa.ninja/post/get-base/,"Minimalist design with a neutral tone, featuring a clean layout and subtle visual elements.",,neutral,"[""#f0f0f0"", ""#ffffff"", ""#cccccc"", ""#999999""]",0.5
Lapa Ninja (Post),Directus,TECHNOLOGY,,,https://cdn.lapa.ninja/assets/images/1x/directus-thumb.webp,https://www.lapa.ninja/post/directus/,"Minimalist tech site with a clean layout and neutral tones, emphasizing functionality.",,neutral gray,"[""#f0f0f0"", ""#ffffff"", ""#000000"", ""#cccccc""]",0.5
Lapa Ninja (Post),Super,HOSTING,,,https://cdn.lapa.ninja/assets/images/1x/super-so-thumb.webp,https://www.lapa.ninja/post/superso/,"Minimalist layout with a neutral tone, featuring a clean design and subtle visual elements.",,neutral,"[""#ffffff"", ""#f0f0f0"", ""#e0e0e0"", ""#cccccc""]",0.5
Lapa Ninja (Post),Stamped.io,TECHNOLOGY,,,https://cdn.lapa.ninja/assets/images/1x/stamped-12-14-2020-thumb.webp,https://www.lapa.ninja/post/stamped-2/,Modern e-commerce site with a clean layout and a neutral color palette.,,neutral gray,"[""#f5f5f5"", ""#ffffff"", ""#000000"", ""#cccccc""]",0.5
Lapa Ninja (Post),Lunettes Noires,AGENCY,,,https://cdn.lapa.ninja/assets/images/1x/lunettesnoires-thumb.webp,https://www.lapa.ninja/post/lunettesnoires/,Sleek eyewear showcase with a minimalist layout and a sophisticated monochrome palette.,,neutral tones,"[""#000000"", ""#ffffff"", ""#cccccc"", ""#333333""]",0.5
Lapa Ninja (Post),Mesh Times,ECOMMERCE,,,https://cdn.lapa.ninja/assets/images/1x/mesh-times-thumb.webp,https://www.lapa.ninja/post/mesh-times/,"Minimalist layout with a neutral tone, featuring a clean design and subtle visual elements.",,neutral,"[""#ffffff"", ""#f0f0f0"", ""#e0e0e0"", ""#d0d0d0""]",0.5
Lapa Ninja (Post),Bello,INSURANCE,,,https://cdn.lapa.ninja/assets/images/1x/getbello-thumb.webp,https://www.lapa.ninja/post/getbello/,"Minimalist design with a serene mood, featuring a soft color palette and clean layout.",,soft neutral,"[""#f0f0f0"", ""#ffffff"", ""#d9d9d9"", ""#bfbfbf""]",0.5
Lapa Ninja (Post),Mixpanel,TECHNOLOGY,,,https://cdn.lapa.ninja/assets/images/1x/mixpanel-12-13-2020-thumb.webp,https://www.lapa.ninja/post/mixpanel-5/,Tech-focused layout with a clean aesthetic and a modern color scheme.,,neutral tones,"[""#ffffff"", ""#f0f0f0"", ""#e0e0e0"", ""#cccccc""]",0.5
Lapa Ninja (Post),Hive Streaming,3D WEBSITES,,,https://cdn.lapa.ninja/assets/images/1x/hivestreaming-thumb.webp,https://www.lapa.ninja/post/hivestreaming/,Dynamic streaming platform with a vibrant color scheme and engaging layout.,,bright and energetic,"[""#ffcc00"", ""#ff6600"", ""#ffffff"", ""#333333""]",0.5
Lapa Ninja (Post),Runway,ARTIFICIAL INTELLIGENCE,,,https://cdn.lapa.ninja/assets/images/1x/runwayml-12-12-2020-thumb.webp,https://www.lapa.ninja/post/runwayml-2/,Modern design showcase with a sleek layout and a neutral color tone.,,neutral gray,"[""#ffffff"", ""#f0f0f0"", ""#000000"", ""#cccccc""]",0.5
Lapa Ninja (Post),Internet Pin Company,ECOMMERCE,,,https://cdn.lapa.ninja/assets/images/1x/internetpin-12-12-2020-thumb.webp,https://www.lapa.ninja/post/internetpin-2/,Playful ecommerce site with a vibrant color palette and a grid layout showcasing pins.,,bright and playful,"[""#ffcc00"", ""#ff6699"", ""#66ccff"", ""#ff3366""]",0.5
Lapa Ninja (Post),Typography Principles,TYPOGRAPHY,,,https://cdn.lapa.ninja/assets/images/1x/typography-principles-thumb.webp,https://www.lapa.ninja/post/typography-principles/,Minimalist typography-focused layout with a clean aesthetic and neutral tones.,,neutral gray,"[""#f5f5f5"", ""#333333"", ""#ffffff"", ""#cccccc""]",0.5
Lapa Ninja (Post),Sandy Gray,FOOD DRINKS,,,https://cdn.lapa.ninja/assets/images/1x/sandygraywhisky-thumb.webp,https://www.lapa.ninja/post/sandygraywhisky/,Sophisticated drink post with a warm beige palette and minimalistic layout.,,warm beige,"[""#d8cfc4"", ""#f5f5f5"", ""#b0a99f"", ""#7d6b5a""]",0.5
Lapa Ninja (Post),Homebase,TECHNOLOGY,,,https://cdn.lapa.ninja/assets/images/1x/homebase-thumb.webp,https://www.lapa.ninja/post/homebase/,Modern tech showcase with a clean layout and neutral tones.,,neutral gray,"[""#f0f0f0"", ""#cccccc"", ""#ffffff"", ""#000000""]",0.5
Lapa Ninja (Post),Vrrb,AGENCY,,,https://cdn.lapa.ninja/assets/images/1x/vrrb-thumb.webp,https://www.lapa.ninja/post/vrrb/,"Minimalist design with a neutral palette and spacious layout, emphasizing simplicity.",,neutral,"[""#ffffff"", ""#f0f0f0"", ""#e0e0e0"", ""#cccccc""]",0.5
Lapa Ninja (Post),Fanfare,AGENCY,,,https://cdn.lapa.ninja/assets/images/1x/fanfare-thumb.webp,https://www.lapa.ninja/post/fanfare/,Playful design with vibrant colors and a dynamic layout featuring engaging visuals.,,bright and playful,"[""#ffcc00"", ""#ff5733"", ""#33ccff"", ""#ff33a1""]",0.5
Lapa Ninja (Post),Dann Petty,PORTFOLIO,,,https://cdn.lapa.ninja/assets/images/1x/dannpetty-thumb.webp,https://www.lapa.ninja/post/dannpetty/,Minimalist portfolio showcasing a clean layout with neutral tones and subtle design elements.,,neutral tones,"[""#ffffff"", ""#f0f0f0"", ""#e0e0e0"", ""#d0d0d0""]",0.5
Lapa Ninja (Post),Lovers Magazine,MAGAZINE,,,https://cdn.lapa.ninja/assets/images/1x/oversmagazine-thumb.webp,https://www.lapa.ninja/post/oversmagazine/,"Elegant magazine layout with a soft, neutral palette and minimalistic design elements.",,soft neutral,"[""#f5f5f5"", ""#e0e0e0"", ""#ffffff"", ""#cccccc""]",0.5
Lapa Ninja (Post),Le Singe,AGENCY,,,https://cdn.lapa.ninja/assets/images/1x/lesinge-thumb.webp,https://www.lapa.ninja/post/lesinge/,Playful design showcasing a vibrant color palette with a whimsical layout.,,bright and playful,"[""#ffcc00"", ""#ff6699"", ""#66ccff"", ""#ffccff""]",0.5
Lapa Ninja (Post),GitHub,TECHNOLOGY,,,https://cdn.lapa.ninja/assets/images/1x/github-12-10-2020-thumb.webp,https://www.lapa.ninja/post/github-2/,Tech-focused layout with a clean aesthetic and a professional blue tone.,,neutral blue,"[""#000000"", ""#ffffff"", ""#f6f8fa"", ""#24292e""]",0.5
Lapa Ninja (Post),Brutask,ILLUSTRATION,,,https://cdn.lapa.ninja/assets/images/1x/brutask-thumb.webp,https://www.lapa.ninja/post/brutask/,"Minimalist design with a neutral tone, featuring a clean layout and subtle visual elements.",,neutral gray,"[""#f0f0f0"", ""#cccccc"", ""#ffffff"", ""#000000""]",0.5
Lapa Ninja (Post),Bubble,ECOMMERCE,,,https://cdn.lapa.ninja/assets/images/1x/hellobubble-thumb.webp,https://www.lapa.ninja/post/hellobubble/,Playful ecommerce site with vibrant colors and a grid layout showcasing products.,,bright and playful,"[""#ffcc00"", ""#ff6699"", ""#66ccff"", ""#ffffff""]",0.5
Lapa Ninja (Post),Browser History 2020,ILLUSTRATION,,,https://cdn.lapa.ninja/assets/images/1x/browser-history-2020-thumb.webp,https://www.lapa.ninja/post/browser-history-2020/,Playful illustration post with vibrant colors and a whimsical layout.,,bright and playful,"[""#ffcc00"", ""#ff6699"", ""#66ccff"", ""#ff3366""]",0.5
Lapa Ninja (Post),Tomorrow,FINANCE,,,https://cdn.lapa.ninja/assets/images/1x/tomorrow-thumb.webp,https://www.lapa.ninja/post/tomorrow/,"Minimalist layout with a serene mood, featuring a soft color palette and clean design elements.",,soft neutral,"[""#f0f0f0"", ""#ffffff"", ""#d9d9d9"", ""#cccccc""]",0.5
Lapa Ninja (Post),Esther Jansma,PORTFOLIO,,,https://cdn.lapa.ninja/assets/images/1x/estherjansma-thumb.webp,https://www.lapa.ninja/post/estherjansma/,Minimalist portfolio showcasing a serene mood with a neutral color palette and clean layout.,,neutral tones,"[""#ffffff"", ""#f0f0f0"", ""#d9d9d9"", ""#bfbfbf""]",0.5
Lapa Ninja (Post),Welcome,CORPORATE,,,https://cdn.lapa.ninja/assets/images/1x/experiencewelcome-thumb.webp,https://www.lapa.ninja/post/experiencewelcome/,"Corporate welcome page with a clean layout and neutral tones, emphasizing professionalism.",,neutral tones,"[""#f0f0f0"", ""#ffffff"", ""#cccccc"", ""#333333""]",0.5
Lapa Ninja (Post),Autumn Agency,AGENCY,,,https://cdn.lapa.ninja/assets/images/1x/autumn-agency-thumb.webp,https://www.lapa.ninja/post/autumn-agency/,Warm and inviting agency showcase with earthy tones and a clean layout.,,earthy tones,"[""#d9a66b"", ""#a65e2e"", ""#f5f5f5"", ""#4b3c2a""]",0.5
Lapa Ninja (Post),Mack & Pouya,PHOTOGRAPHY,,,https://cdn.lapa.ninja/assets/images/1x/mackandpouya-thumb.webp,https://www.lapa.ninja/post/mackandpouya/,Minimalist photography showcase with a neutral palette and clean layout.,,neutral tones,"[""#ffffff"", ""#f0f0f0"", ""#d9d9d9"", ""#cccccc""]",0.5
Lapa Ninja (Post),Channel D,ILLUSTRATION,,,https://cdn.lapa.ninja/assets/images/1x/channeld-thumb.webp,https://www.lapa.ninja/post/channeld/,"Minimalist design with a serene mood, featuring a soft color palette and clean layout.",,soft neutral,"[""#f0f0f0"", ""#ffffff"", ""#d9d9d9"", ""#bfbfbf""]",0.5
Lapa Ninja (Post),BIZARRØ,PORTFOLIO,,,https://cdn.lapa.ninja/assets/images/1x/bizar-thumb.webp,https://www.lapa.ninja/post/bizar/,Eccentric portfolio showcase with a vibrant color palette and dynamic layout.,,vibrant,"[""#ff6f61"", ""#6b5b95"", ""#88b04b"", ""#f7cac9""]",0.5
Lapa Ninja (Post),KEENTU,FASHION,,,https://cdn.lapa.ninja/assets/images/1x/keentu-thumb.webp,https://www.lapa.ninja/post/keentu/,Minimalist fashion showcase with a neutral palette and clean layout.,,neutral tones,"[""#f5f5f5"", ""#dcdcdc"", ""#ffffff"", ""#000000""]",0.5
Lapa Ninja (Post),Elkin Editions,STUDIO,,,https://cdn.lapa.ninja/assets/images/1x/elkineditions-thumb.webp,https://www.lapa.ninja/post/elkineditions/,Minimalist design showcasing a serene mood with a neutral color palette and clean layout.,,neutral tones,"[""#ffffff"", ""#f0f0f0"", ""#d9d9d9"", ""#bfbfbf""]",0.5
Lapa Ninja (Post),Lucky Folks,FOOD DRINKS,,,https://cdn.lapa.ninja/assets/images/1x/luckyfolks-thumb.webp,https://www.lapa.ninja/post/luckyfolks/,"Casual food blog post with warm tones and a simple, inviting layout.",,warm beige,"[""#f5f5dc"", ""#d2b48c"", ""#fff8dc"", ""#deb887""]",0.5
Lapa Ninja (Post),CRSA,CORPORATE,,,https://cdn.lapa.ninja/assets/images/1x/crsa-thumb.webp,https://www.lapa.ninja/post/crsa/,Corporate-focused layout with a neutral tone and minimalistic design elements.,,neutral grey,"[""#ffffff"", ""#f0f0f0"", ""#cccccc"", ""#333333""]",0.5
Lapa Ninja (Post),viction:ary,ECOMMERCE,,,https://cdn.lapa.ninja/assets/images/1x/victionary-thumb.webp,https://www.lapa.ninja/post/victionary/,Minimalist design showcasing a modern aesthetic with a neutral color palette and clean layout.,,neutral tones,"[""#ffffff"", ""#f0f0f0"", ""#e0e0e0"", ""#cccccc""]",0.5
Lapa Ninja (Post),SuperHi,COURSE,,,https://cdn.lapa.ninja/assets/images/1x/superhi-12-06-2020-thumb.webp,https://www.lapa.ninja/post/superhi-2/,"Minimalist design with a neutral palette and spacious layout, emphasizing clarity and focus.",,neutral,"[""#ffffff"", ""#f0f0f0"", ""#e0e0e0"", ""#d0d0d0""]",0.5
Lapa Ninja (Post),Nodes,DEVELOPMENT TOOLS,,,https://cdn.lapa.ninja/assets/images/1x/nodes-thumb.webp,https://www.lapa.ninja/post/nodes/,Minimalist design tool showcase with a clean layout and neutral tones.,,neutral,"[""#ffffff"", ""#f0f0f0"", ""#e0e0e0"", ""#cccccc""]",0.5
Lapa Ninja (Post),Bump Coffee,FOOD DRINKS,,,https://cdn.lapa.ninja/assets/images/1x/drinkbumpcoffee-thumb.webp,https://www.lapa.ninja/post/drinkbumpcoffee/,"Inviting coffee post with warm beige tones and a clean, minimal layout.",,warm beige,"[""#f5f5dc"", ""#d2b48c"", ""#fff8dc"", ""#deb887""]",0.5
Lapa Ninja (Post),thi.ng,DEVELOPMENT TOOLS,,,https://cdn.lapa.ninja/assets/images/1x/thing-thumb.webp,https://www.lapa.ninja/post/thing/,Minimalist development tools site with a clean layout and neutral color tones.,,neutral gray,"[""#f0f0f0"", ""#cccccc"", ""#ffffff"", ""#000000""]",0.5
Lapa Ninja (Post),Cash By Cash App,ECOMMERCE,,,https://cdn.lapa.ninja/assets/images/1x/cash-by-cash-app-thumb.webp,https://www.lapa.ninja/post/cash-by-cash-app/,"Minimalist layout with a neutral tone, featuring a clean design and subtle visual elements.",,neutral,"[""#ffffff"", ""#f0f0f0"", ""#e0e0e0"", ""#d0d0d0""]",0.5
Lapa Ninja (Post),Simon Liesinger,PORTFOLIO,,,https://cdn.lapa.ninja/assets/images/1x/liesingers-thumb.webp,https://www.lapa.ninja/post/liesingers/,Minimalist portfolio showcasing a serene mood with a neutral color palette and clean layout.,,neutral gray,"[""#f0f0f0"", ""#cccccc"", ""#ffffff"", ""#000000""]",0.5
Lapa Ninja (Post),LoveSeen,ECOMMERCE,,,https://cdn.lapa.ninja/assets/images/1x/loveseen-thumb.webp,https://www.lapa.ninja/post/loveseen/,"Modern e-commerce site with a clean layout and soft, neutral tones.",,soft neutral,"[""#f5f5f5"", ""#ffffff"", ""#e0e0e0"", ""#d1cfcf""]",0.5
Lapa Ninja (Post),Mellow Studio,STUDIO,,,https://cdn.lapa.ninja/assets/images/1x/mellowstudio-thumb.webp,https://www.lapa.ninja/post/mellowstudio/,Serene studio showcase with a warm beige palette and minimalistic layout.,,warm beige,"[""#f5f5dc"", ""#dcdcdc"", ""#ffffff"", ""#e0e0e0""]",0.5
Lapa Ninja (Post),BalanceTech,ILLUSTRATION,,,https://cdn.lapa.ninja/assets/images/1x/balancetech-thumb.webp,https://www.lapa.ninja/post/balancetech/,"Modern tech site with a balanced layout and neutral tones, emphasizing clarity and functionality.",,neutral tones,"[""#f0f0f0"", ""#cccccc"", ""#333333"", ""#ffffff""]",0.5
Lapa Ninja (Post),PANOPTICA,AGENCY,,,https://cdn.lapa.ninja/assets/images/1x/panopticafilms-thumb.webp,https://www.lapa.ninja/post/panopticafilms/,"Modern cinematic site with a sleek layout and dark, moody tones.",,dark gray,"[""#000000"", ""#333333"", ""#666666"", ""#ffffff""]",0.5
Lapa Ninja (Post),Pangram Pangram,STUDIO,,,https://cdn.lapa.ninja/assets/images/1x/pangrampangram-thumb.webp,https://www.lapa.ninja/post/pangrampangram/,Minimalist design showcasing a modern typeface with a clean layout and neutral tones.,,neutral tones,"[""#ffffff"", ""#f0f0f0"", ""#000000"", ""#cccccc""]",0.5
Lapa Ninja (Post),"Hi, skin",ECOMMERCE,,,https://cdn.lapa.ninja/assets/images/1x/hiskin-thumb.webp,https://www.lapa.ninja/post/hiskin/,Minimalist e-commerce site with a clean layout and soft neutral tones.,,soft neutral,"[""#f5f5f5"", ""#ffffff"", ""#e0e0e0"", ""#d1cfcf""]",0.5
Lapa Ninja (Post),2020 IS A SONG,MUSIC,,,https://cdn.lapa.ninja/assets/images/1x/2020isasong-thumb.webp,https://www.lapa.ninja/post/2020isasong/,Energetic music-themed layout with vibrant colors and a dynamic visual style.,,vibrant,"[""#ff5733"", ""#33c1ff"", ""#ff33a1"", ""#f4ff33""]",0.5
Lapa Ninja (Post),Arlind Aliu,PORTFOLIO,,,https://cdn.lapa.ninja/assets/images/1x/arlindaliu-thumb.webp,https://www.lapa.ninja/post/arlindaliu/,Minimalist portfolio layout with a neutral tone and clean design elements.,,neutral,"[""#ffffff"", ""#f0f0f0"", ""#000000"", ""#cccccc""]",0.5
Lapa Ninja (Post),radicle,DEVELOPMENT TOOLS,,,https://cdn.lapa.ninja/assets/images/1x/radicle-thumb.webp,https://www.lapa.ninja/post/radicle/,Minimalist development tool site with a clean layout and neutral tones.,,neutral gray,"[""#f0f0f0"", ""#ffffff"", ""#cccccc"", ""#999999""]",0.5
Lapa Ninja (Post),Mill3,STUDIO,,,https://cdn.lapa.ninja/assets/images/1x/mill3-xmas-thumb.webp,https://www.lapa.ninja/post/mill3-xmas/,"Festive design with a warm color palette and a clean, minimal layout.",,warm,"[""#ffcc00"", ""#ff5733"", ""#c70039"", ""#900c3f""]",0.5
Lapa Ninja (Post),The Invisible Collection,ECOMMERCE,,,https://cdn.lapa.ninja/assets/images/1x/theinvisiblecollection-thumb.webp,https://www.lapa.ninja/post/theinvisiblecollection/,Minimalist design showcasing a serene mood with a neutral palette and spacious layout.,,neutral tones,"[""#f5f5f5"", ""#e0e0e0"", ""#ffffff"", ""#cccccc""]",0.5
Lapa Ninja (Post),Spline,DESIGN TOOLS,,,https://cdn.lapa.ninja/assets/images/1x/spline-thumb.webp,https://www.lapa.ninja/post/spline/,Minimalist design tool showcase with a clean layout and neutral tones.,,neutral,"[""#ffffff"", ""#f0f0f0"", ""#e0e0e0"", ""#cccccc""]",0.5
Lapa Ninja (Post),Léo Mouraire,PORTFOLIO,,,https://cdn.lapa.ninja/assets/images/1x/leomouraire-thumb.webp,https://www.lapa.ninja/post/leomouraire/,Minimalist portfolio showcasing a serene mood with a neutral color palette and clean layout.,,neutral gray,"[""#f0f0f0"", ""#ffffff"", ""#000000"", ""#cccccc""]",0.5
Lapa Ninja (Post),Harry Vincent,PORTFOLIO,,,https://cdn.lapa.ninja/assets/images/1x/harryvincent-thumb.webp,https://www.lapa.ninja/post/harryvincent/,Minimalist portfolio site with a neutral tone and clean layout emphasizing visuals.,,neutral,"[""#ffffff"", ""#f0f0f0"", ""#000000"", ""#cccccc""]",0.5
Lapa Ninja (Post),Tropics Paris,ECOMMERCE,,,https://cdn.lapa.ninja/assets/images/1x/tropics-thumb.webp,https://www.lapa.ninja/post/tropics/,Tropical-themed layout with vibrant colors and a relaxed mood.,,vibrant tropical,"[""#ffcc00"", ""#ff5733"", ""#33ff57"", ""#3399ff""]",0.5
Lapa Ninja (Post),Collecta,DESIGN TOOLS,,,https://cdn.lapa.ninja/assets/images/1x/collecta-thumb.webp,https://www.lapa.ninja/post/collecta/,Minimalist design with a neutral palette and spacious layout emphasizing simplicity.,,neutral,"[""#ffffff"", ""#f0f0f0"", ""#e0e0e0"", ""#d0d0d0""]",0.5
Lapa Ninja (Post),HouseTMM,STUDIO,,,https://cdn.lapa.ninja/assets/images/1x/housetmm-thumb.webp,https://www.lapa.ninja/post/housetmm/,"Minimalist design with a serene mood, featuring a neutral palette and spacious layout.",,neutral,"[""#ffffff"", ""#f0f0f0"", ""#d9d9d9"", ""#bfbfbf""]",0.5
Lapa Ninja (Post),BB Agency,AGENCY,,,https://cdn.lapa.ninja/assets/images/1x/bb-agency-12-02-2020-thumb.webp,https://www.lapa.ninja/post/bb-agency-2/,Modern agency showcase with a clean layout and neutral tones.,,neutral,"[""#ffffff"", ""#f0f0f0"", ""#000000"", ""#cccccc""]",0.5
Lapa Ninja (Post),Remrise,ECOMMERCE,,,https://cdn.lapa.ninja/assets/images/1x/getremrise-thumb.webp,https://www.lapa.ninja/post/getremrise/,Minimalist eCommerce site with a clean layout and neutral tones.,,neutral,"[""#f0f0f0"", ""#ffffff"", ""#000000""]",0.5
Lapa Ninja (Post),También,STUDIO,,,https://cdn.lapa.ninja/assets/images/1x/tambien-studio-thumb.webp,https://www.lapa.ninja/post/tambien-studio/,"Minimalist design with a serene mood, featuring a soft color palette and clean layout.",,soft neutral,"[""#f0f0f0"", ""#ffffff"", ""#d9d9d9"", ""#bfbfbf""]",0.5
Lapa Ninja (Post),Web Stories on Google,TECHNOLOGY,,,https://cdn.lapa.ninja/assets/images/1x/web-stories-on-google-thumb.webp,https://www.lapa.ninja/post/web-stories-on-google/,"Informative tech post with a clean layout and neutral tones, emphasizing clarity.",,neutral tones,"[""#ffffff"", ""#f0f0f0"", ""#000000"", ""#cccccc""]",0.5
Lapa Ninja (Post),BUCK,AGENCY,,,https://cdn.lapa.ninja/assets/images/1x/buck-thumb.webp,https://www.lapa.ninja/post/buck/,"Minimalist design with a neutral tone, featuring a clean layout and subtle visual elements.",,neutral,"[""#ffffff"", ""#f0f0f0"", ""#e0e0e0"", ""#cccccc""]",0.5
Lapa Ninja (Post),Letters From Venus,COMMUNITY,,,https://cdn.lapa.ninja/assets/images/1x/lettersfromvenus-thumb.webp,https://www.lapa.ninja/post/lettersfromvenus/,"Ethereal design with a soft color palette and minimalist layout, evoking a dreamy atmosphere.",,soft pastel,"[""#f0e5f0"", ""#d1c6e7"", ""#f7f3f7"", ""#e3d9e3""]",0.5
Lapa Ninja (Post),oisx,AGENCY,,,https://cdn.lapa.ninja/assets/images/1x/oisx-thumb.webp,https://www.lapa.ninja/post/oisx/,"Minimalist design with a neutral tone and clean layout, emphasizing simplicity.",,neutral gray,"[""#f0f0f0"", ""#cccccc"", ""#ffffff"", ""#000000""]",0.5
Lapa Ninja (Post),Nieuw Bergen,REAL ESTATE,,,https://cdn.lapa.ninja/assets/images/1x/nieuwbergen-thumb.webp,https://www.lapa.ninja/post/nieuwbergen/,Modern real estate showcase with a neutral palette and clean layout.,,neutral gray,"[""#f0f0f0"", ""#cccccc"", ""#ffffff"", ""#000000""]",0.5
Lapa Ninja (Post),MIDWAM,3D WEBSITES,,,https://cdn.lapa.ninja/assets/images/1x/midwam-thumb.webp,https://www.lapa.ninja/post/midwam/,Modern 3D website with a sleek layout and a vibrant color scheme.,,vibrant,"[""#ffffff"", ""#000000"", ""#ff5733"", ""#33c1ff""]",0.5
Lapa Ninja (Post),Foundation,NFT,,,https://cdn.lapa.ninja/assets/images/1x/foundation-thumb.webp,https://www.lapa.ninja/post/foundation/,Minimalist NFT showcase with a neutral palette and clean layout.,,neutral tones,"[""#ffffff"", ""#f0f0f0"", ""#e0e0e0"", ""#d0d0d0""]",0.5
Lapa Ninja (Post),Squadeasy,APP,,,https://cdn.lapa.ninja/assets/images/1x/squadeasy-thumb.webp,https://www.lapa.ninja/post/squadeasy/,Energetic fitness platform with a vibrant color scheme and dynamic layout.,,bright and energetic,"[""#ff5733"", ""#33c1ff"", ""#ffc300"", ""#c70039""]",0.5
Lapa Ninja (Post),Genusee,ECOMMERCE,,,https://cdn.lapa.ninja/assets/images/1x/genusee-thumb.webp,https://www.lapa.ninja/post/genusee/,"Modern e-commerce site with a clean layout and neutral tones, emphasizing simplicity.",,neutral tones,"[""#f0f0f0"", ""#ffffff"", ""#000000"", ""#cccccc""]",0.5
Lapa Ninja (Post),Taxonomy of Design,MINIMAL,,,https://cdn.lapa.ninja/assets/images/1x/taxonomyofdesign-thumb.webp,https://www.lapa.ninja/post/taxonomyofdesign/,Minimalist design taxonomy with a clean layout and neutral color tones.,,neutral tones,"[""#ffffff"", ""#f0f0f0"", ""#000000"", ""#cccccc""]",0.5
Lapa Ninja (Post),Beau,ILLUSTRATION,,,https://cdn.lapa.ninja/assets/images/1x/beau-thumb.webp,https://www.lapa.ninja/post/beau/,Playful illustration showcase with a vibrant color palette and a grid layout.,,bright and playful,"[""#ffcc00"", ""#ff6699"", ""#66ccff"", ""#ffccff""]",0.5
Lapa Ninja (Post),Studio Malvah,STUDIO,,,https://cdn.lapa.ninja/assets/images/1x/malvah-thumb.webp,https://www.lapa.ninja/post/malvah/,Minimalist design showcasing a serene layout with a soft color palette.,,soft neutral,"[""#f5f5f5"", ""#e0e0e0"", ""#ffffff"", ""#cccccc""]",0.5
Lapa Ninja (Post),Peter Tait,PORTFOLIO,,,https://cdn.lapa.ninja/assets/images/1x/petertait-thumb.webp,https://www.lapa.ninja/post/petertait/,Minimalist portfolio showcasing a serene mood with a neutral color palette and clean layout.,,neutral tones,"[""#ffffff"", ""#f0f0f0"", ""#e0e0e0"", ""#d0d0d0""]",0.5
Lapa Ninja (Post),Sophie Doukhopelnikoff,PORTFOLIO,,,https://cdn.lapa.ninja/assets/images/1x/sophie-dkf-thumb.webp,https://www.lapa.ninja/post/sophie-dkf/,Minimalist portfolio showcasing a serene mood with a neutral color palette and clean layout.,,neutral,"[""#ffffff"", ""#f0f0f0"", ""#000000"", ""#cccccc""]",0.5
Lapa Ninja (Post),Joinery,FINANCE,,,https://cdn.lapa.ninja/assets/images/1x/joinery-thumb.webp,https://www.lapa.ninja/post/joinery/,"Minimalist design with a neutral palette and spacious layout, emphasizing craftsmanship.",,neutral tones,"[""#f5f5f5"", ""#dcdcdc"", ""#ffffff"", ""#cccccc""]",0.5
Lapa Ninja (Post),Figma Store,DESIGN TOOLS,,,https://cdn.lapa.ninja/assets/images/1x/figma-store-thumb.webp,https://www.lapa.ninja/post/figma-store/,"Minimalist design store with a clean layout and neutral tones, emphasizing usability.",,neutral tones,"[""#ffffff"", ""#f0f0f0"", ""#e0e0e0"", ""#d0d0d0""]",0.5
Lapa Ninja (Post),Loftgarten,STUDIO,,,https://cdn.lapa.ninja/assets/images/1x/loftgarten-11-24-2020-thumb.webp,https://www.lapa.ninja/post/loftgarten-2/,"Modern design with a serene atmosphere, featuring a neutral palette and spacious layout.",,neutral tones,"[""#f0f0f0"", ""#d9d9d9"", ""#ffffff"", ""#b0b0b0""]",0.5
Lapa Ninja (Post),Famera,APP,,,https://cdn.lapa.ninja/assets/images/1x/famera-thumb.webp,https://www.lapa.ninja/post/famera/,"Minimalist design with a neutral palette and a clean, spacious layout.",,neutral tones,"[""#f5f5f5"", ""#e0e0e0"", ""#ffffff"", ""#cccccc""]",0.5
Lapa Ninja (Post),Oscar,INSURANCE,,,https://cdn.lapa.ninja/assets/images/1x/hioscar-11-24-2020-thumb.webp,https://www.lapa.ninja/post/hioscar-3/,Modern insurance site with a clean layout and a neutral color tone.,,neutral gray,"[""#f0f0f0"", ""#ffffff"", ""#cccccc"", ""#333333""]",0.5
Lapa Ninja (Post),Magda Butrym,FASHION,,,https://cdn.lapa.ninja/assets/images/1x/magdabutrym-thumb.webp,https://www.lapa.ninja/post/magdabutrym/,Elegant fashion post featuring a sophisticated layout with a neutral color tone.,,neutral tones,"[""#f5f5f5"", ""#dcdcdc"", ""#ffffff"", ""#000000""]",0.5
Lapa Ninja (Post),Santi Zoraidez,PORTFOLIO,,,https://cdn.lapa.ninja/assets/images/1x/santizoraidez-thumb.webp,https://www.lapa.ninja/post/santizoraidez/,Minimalist portfolio showcasing a serene aesthetic with a neutral color palette.,,neutral tones,"[""#f0f0f0"", ""#d9d9d9"", ""#ffffff"", ""#cccccc""]",0.5
Lapa Ninja (Post),The Game Awards,CORPORATE,,,https://cdn.lapa.ninja/assets/images/1x/thegameawards-thumb.webp,https://www.lapa.ninja/post/thegameawards/,Dynamic gaming event page with a vibrant palette and engaging layout.,,vibrant,"[""#ffcc00"", ""#ff5733"", ""#c70039"", ""#900c3f""]",0.5
Lapa Ninja (Post),Ludmilla Maury,PORTFOLIO,,,https://cdn.lapa.ninja/assets/images/1x/ludmillamaury-thumb.webp,https://www.lapa.ninja/post/ludmillamaury/,Minimalist portfolio showcasing a serene mood with a neutral color tone and clean layout.,,neutral,"[""#ffffff"", ""#f0f0f0"", ""#d9d9d9"", ""#bfbfbf""]",0.5
Lapa Ninja (Post),SPREAD,ARTIFICIAL INTELLIGENCE,,,https://cdn.lapa.ninja/assets/images/1x/spreadai-thumb.webp,https://www.lapa.ninja/post/spreadai/,"Futuristic design with a sleek layout and a cool color tone, emphasizing AI themes.",,cool gray,"[""#f0f0f0"", ""#a0a0a0"", ""#ffffff"", ""#000000""]",0.5
Lapa Ninja (Post),Innotech,TECHNOLOGY,,,https://cdn.lapa.ninja/assets/images/1x/innotech-thumb.webp,https://www.lapa.ninja/post/innotech/,Tech-focused layout with a modern aesthetic and a neutral color tone.,,neutral gray,"[""#f0f0f0"", ""#cccccc"", ""#333333"", ""#ffffff""]",0.5
Lapa Ninja (Post),Political Playlist,CORPORATE,,,https://cdn.lapa.ninja/assets/images/1x/politicalplaylist-thumb.webp,https://www.lapa.ninja/post/politicalplaylist/,Engaging political playlist with a vibrant tone and a dynamic layout.,,vibrant,"[""#ff5733"", ""#33c1ff"", ""#ffc300"", ""#c70039""]",0.5
Lapa Ninja (Post),SVZ Design,PORTFOLIO,,,https://cdn.lapa.ninja/assets/images/1x/svz-thumb.webp,https://www.lapa.ninja/post/svz/,Minimalist portfolio site with a clean layout and neutral tones.,,neutral gray,"[""#f0f0f0"", ""#ffffff"", ""#000000"", ""#cccccc""]",0.5
Lapa Ninja (Post),Ugly Drinks,FOOD DRINKS,,,https://cdn.lapa.ninja/assets/images/1x/uglydrinks-thumb.webp,https://www.lapa.ninja/post/uglydrinks/,Playful beverage showcase with vibrant colors and a grid layout.,,bright and playful,"[""#ffcc00"", ""#ff5733"", ""#33ccff"", ""#ffffff""]",0.5
Lapa Ninja (Post),HealthQuarters,ILLUSTRATION,,,https://cdn.lapa.ninja/assets/images/1x/healthquarters-thumb.webp,https://www.lapa.ninja/post/healthquarters/,"Wellness-focused layout with a serene color tone and clean, minimal design elements.",,calm green,"[""#a8e6cf"", ""#dcedc1"", ""#ffd3b6"", ""#ffaaa5""]",0.5
Lapa Ninja (Post),Naba Zabih,PORTFOLIO,,,https://cdn.lapa.ninja/assets/images/1x/nabazabih-thumb.webp,https://www.lapa.ninja/post/nabazabih/,Minimalist portfolio showcase with a neutral tone and clean layout.,,neutral,"[""#ffffff"", ""#f0f0f0"", ""#000000"", ""#cccccc""]",0.5
Lapa Ninja (Post),Lift Type,TYPOGRAPHY,,,https://cdn.lapa.ninja/assets/images/1x/lift-type-thumb.webp,https://www.lapa.ninja/post/lift-type/,Minimalist typography showcase with a neutral tone and clean layout emphasizing text.,,neutral,"[""#ffffff"", ""#000000"", ""#f0f0f0"", ""#cccccc""]",0.5
Lapa Ninja (Post),Lift Her Wealth,EVENT,,,https://cdn.lapa.ninja/assets/images/1x/lift-her-wealth-thumb.webp,https://www.lapa.ninja/post/lift-her-wealth/,"Empowering financial platform with a warm beige palette and clean, minimal layout.",,warm beige,"[""#f5f5dc"", ""#d2b48c"", ""#fff8dc"", ""#deb887""]",0.5
Lapa Ninja (Post),Lens Fest,EVENT,,,https://cdn.lapa.ninja/assets/images/1x/lensfest-thumb.webp,https://www.lapa.ninja/post/lensfest/,"Dynamic event page with vibrant tones and a clean, modern layout.",,bright and energetic,"[""#ff5733"", ""#33c1ff"", ""#ffc300"", ""#c70039""]",0.5
Lapa Ninja (Post),MoonClerk,FINANCE,,,https://cdn.lapa.ninja/assets/images/1x/moonclerk-thumb.webp,https://www.lapa.ninja/post/moonclerk/,Minimalist finance site with a clean layout and neutral tones for a professional feel.,,neutral tones,"[""#f0f0f0"", ""#ffffff"", ""#cccccc"", ""#333333""]",0.5
Lapa Ninja (Post),Impero,AGENCY,,,https://cdn.lapa.ninja/assets/images/1x/weareimpero-thumb.webp,https://www.lapa.ninja/post/weareimpero/,Modern design agency showcase with a sleek layout and neutral color tones.,,neutral tones,"[""#ffffff"", ""#f0f0f0"", ""#000000"", ""#cccccc""]",0.5
Lapa Ninja (Post),Nike Air Jordan XXXV Unveil,ECOMMERCE,,,https://cdn.lapa.ninja/assets/images/1x/jordanbrandlive-thumb.webp,https://www.lapa.ninja/post/jordanbrandlive/,Dynamic sports unveil with a bold color palette and engaging layout.,,vibrant,"[""#000000"", ""#ffffff"", ""#ff0000"", ""#00ff00""]",0.5
Lapa Ninja (Post),True To Form,STUDIO,,,https://cdn.lapa.ninja/assets/images/1x/truetoform-thumb.webp,https://www.lapa.ninja/post/truetoform/,"Minimalist design with a neutral palette and spacious layout, emphasizing form and function.",,neutral tones,"[""#f5f5f5"", ""#cccccc"", ""#ffffff"", ""#000000""]",0.5
Lapa Ninja (Post),Whirly Birdie,TYPOGRAPHY,,,https://cdn.lapa.ninja/assets/images/1x/whirlybirdie-thumb.webp,https://www.lapa.ninja/post/whirlybirdie/,"Playful design with a whimsical tone, featuring a light color palette and dynamic layout.",,light and playful,"[""#f0f8ff"", ""#ffebcd"", ""#ffe4e1"", ""#fafad2""]",0.5
Lapa Ninja (Post),PORTO ROCHA,STUDIO,,,https://cdn.lapa.ninja/assets/images/1x/portorocha-thumb.webp,https://www.lapa.ninja/post/portorocha/,Elegant design showcasing a serene mood with a minimalist layout and neutral tones.,,neutral tones,"[""#ffffff"", ""#f0f0f0"", ""#d9d9d9"", ""#bfbfbf""]",0.5
Lapa Ninja (Post),Glyphs 3,DESIGN TOOLS,,,https://cdn.lapa.ninja/assets/images/1x/glyphsapp-thumb.webp,https://www.lapa.ninja/post/glyphsapp/,Minimalist design tool showcase with a clean layout and neutral tones.,,neutral,"[""#ffffff"", ""#f0f0f0"", ""#e0e0e0"", ""#cccccc""]",0.5
Lapa Ninja (Post),Seaborne,ILLUSTRATION,,,https://cdn.lapa.ninja/assets/images/1x/seaborne-thumb.webp,https://www.lapa.ninja/post/seaborne/,Serene illustration showcasing a coastal theme with a soft color palette and minimal layout.,,soft blue,"[""#a0d3e8"", ""#f0f8ff"", ""#ffffff"", ""#b0e0e6""]",0.5
Lapa Ninja (Post),Craft,APP,,,https://cdn.lapa.ninja/assets/images/1x/craftdo-thumb.webp,https://www.lapa.ninja/post/craftdo/,"Minimalist design with a serene mood, featuring a neutral palette and spacious layout.",,neutral tones,"[""#f5f5f5"", ""#e0e0e0"", ""#ffffff"", ""#cccccc""]",0.5
Lapa Ninja (Post),Look Look Studio,STUDIO,,,https://cdn.lapa.ninja/assets/images/1x/looklookstudio-thumb.webp,https://www.lapa.ninja/post/looklookstudio/,Minimalist studio showcase with a neutral palette and clean layout.,,neutral tones,"[""#ffffff"", ""#f0f0f0"", ""#d9d9d9"", ""#000000""]",0.5
Lapa Ninja (Post),OpenPhone,APP,,,https://cdn.lapa.ninja/assets/images/1x/openphone-11-18-2020-thumb.webp,https://www.lapa.ninja/post/openphone-2/,Modern communication platform with a clean layout and vibrant color accents.,,bright and energetic,"[""#ffffff"", ""#f0f0f0"", ""#007aff"", ""#ffcc00""]",0.5
Lapa Ninja (Post),Flux Academy,COURSE,,,https://cdn.lapa.ninja/assets/images/1x/flux-academy-thumb.webp,https://www.lapa.ninja/post/flux-academy/,Minimalist educational site with a clean layout and neutral tones.,,neutral gray,"[""#f0f0f0"", ""#ffffff"", ""#cccccc"", ""#333333""]",0.5
Lapa Ninja (Post),Wine + Peace,FOOD DRINKS,,,https://cdn.lapa.ninja/assets/images/1x/wineandpeace-thumb.webp,https://www.lapa.ninja/post/wineandpeace/,Serene wine-themed layout with warm beige tones and a minimalist aesthetic.,,warm beige,"[""#f5f5dc"", ""#d2b48c"", ""#8b4513"", ""#fff8dc""]",0.5
Lapa Ninja (Post),Comme,HEALTH FITNESS,,,https://cdn.lapa.ninja/assets/images/1x/comme-thumb.webp,https://www.lapa.ninja/post/comme/,Energetic health-focused layout with a vibrant color palette and dynamic imagery.,,vibrant,"[""#ffcc00"", ""#ff5733"", ""#33ccff"", ""#ffffff""]",0.5
Lapa Ninja (Post),Dims.,ECOMMERCE,,,https://cdn.lapa.ninja/assets/images/1x/dimshome-17-11-2020-thumb.webp,https://www.lapa.ninja/post/dimshome-2/,Minimalist eCommerce site with a serene mood and a clean layout featuring soft tones.,,soft neutral,"[""#f5f5f5"", ""#e0e0e0"", ""#ffffff"", ""#cccccc""]",0.5
Lapa Ninja (Post),Farah Zidane,PORTFOLIO,,,https://cdn.lapa.ninja/assets/images/1x/farahzidane-thumb.webp,https://www.lapa.ninja/post/farahzidane/,Minimalist portfolio showcasing a serene mood with a neutral color palette and clean layout.,,neutral,"[""#ffffff"", ""#f0f0f0"", ""#d9d9d9"", ""#bfbfbf""]",0.5
Lapa Ninja (Post),Manual -,ECOMMERCE,,,https://cdn.lapa.ninja/assets/images/1x/manualphoto-thumb.webp,https://www.lapa.ninja/post/manualphoto/,Minimalist ecommerce layout with neutral tones and a focus on product imagery.,,neutral tones,"[""#ffffff"", ""#f0f0f0"", ""#e0e0e0"", ""#cccccc""]",0.5
Lapa Ninja (Post),Ofcina,STUDIO,,,https://cdn.lapa.ninja/assets/images/1x/ofcina-thumb.webp,https://www.lapa.ninja/post/ofcina/,"Minimalist design with a neutral palette and spacious layout, emphasizing simplicity.",,neutral tones,"[""#f0f0f0"", ""#cccccc"", ""#ffffff"", ""#000000""]",0.5
Lapa Ninja (Post),Lennarts & de Bruijn,STUDIO,,,https://cdn.lapa.ninja/assets/images/1x/lennartsendebruijn-thumb.webp,https://www.lapa.ninja/post/lennartsendebruijn/,Minimalist design showcasing a serene mood with a neutral color palette and clean layout.,,neutral tones,"[""#f0f0f0"", ""#d9d9d9"", ""#ffffff"", ""#cccccc""]",0.5
Lapa Ninja (Post),Gumroad,ILLUSTRATION,,,https://cdn.lapa.ninja/assets/images/1x/gumroad-thumb.webp,https://www.lapa.ninja/post/gumroad/,Minimalist design with a neutral palette and clean layout emphasizing simplicity.,,neutral gray,"[""#f5f5f5"", ""#ffffff"", ""#000000"", ""#cccccc""]",0.5
Lapa Ninja (Post),Serial 1,ECOMMERCE,,,https://cdn.lapa.ninja/assets/images/1x/serial1-thumb.webp,https://www.lapa.ninja/post/serial1/,"Modern e-commerce layout with a sleek, minimalistic vibe and neutral tones.",,neutral tones,"[""#ffffff"", ""#f0f0f0"", ""#000000"", ""#cccccc""]",0.5
Lapa Ninja (Post),Michael McKeever,PORTFOLIO,,,https://cdn.lapa.ninja/assets/images/1x/mckvr-thumb.webp,https://www.lapa.ninja/post/mckvr/,Minimalist portfolio showcasing a clean layout with neutral tones and a focus on imagery.,,neutral,"[""#ffffff"", ""#f0f0f0"", ""#000000"", ""#cccccc""]",0.5
Lapa Ninja (Post),SPENCER BADU,ECOMMERCE,,,https://cdn.lapa.ninja/assets/images/1x/spencerbadu-thumb.webp,https://www.lapa.ninja/post/spencerbadu/,Contemporary fashion showcase with a minimalist layout and neutral tones.,,neutral,"[""#ffffff"", ""#000000"", ""#f0f0f0"", ""#dcdcdc""]",0.5
Lapa Ninja (Post),Clerksy,ILLUSTRATION,,,https://cdn.lapa.ninja/assets/images/1x/clerksy-thumb.webp,https://www.lapa.ninja/post/clerksy/,"Minimalist design with a neutral palette and clean layout, emphasizing simplicity.",,neutral tones,"[""#f0f0f0"", ""#ffffff"", ""#cccccc"", ""#999999""]",0.5
Lapa Ninja (Post),Zammad,SOFTWARE,,,https://cdn.lapa.ninja/assets/images/1x/zammad-thumb.webp,https://www.lapa.ninja/post/zammad/,Professional support platform with a clean layout and cool color tones.,,cool gray,"[""#f0f0f0"", ""#ffffff"", ""#cccccc"", ""#333333""]",0.5
Lapa Ninja (Post),Spain Collection,OUTDOORS TRAVEL,,,https://cdn.lapa.ninja/assets/images/1x/spaincollection-thumb.webp,https://www.lapa.ninja/post/spaincollection/,Adventurous travel post featuring a warm beige palette and a scenic layout.,,warm beige,"[""#f5f5dc"", ""#d2b48c"", ""#deb887"", ""#ffe4b5""]",0.5
Lapa Ninja (Post),-ism.,ECOMMERCE,,,https://cdn.lapa.ninja/assets/images/1x/ism-crafts-11-15-2020-thumb.webp,https://www.lapa.ninja/post/ism-crafts-2/,"Minimalist design with a neutral palette and a clean, structured layout.",,neutral tones,"[""#ffffff"", ""#f0f0f0"", ""#d9d9d9"", ""#bfbfbf""]",0.5
Lapa Ninja (Post),Gonzalo Miranda,PORTFOLIO,,,https://cdn.lapa.ninja/assets/images/1x/gonzzzalo-thumb.webp,https://www.lapa.ninja/post/gonzzzalo/,Minimalist portfolio showcasing a clean layout with neutral tones and subtle elegance.,,neutral tones,"[""#ffffff"", ""#f0f0f0"", ""#d9d9d9"", ""#bfbfbf""]",0.5
Lapa Ninja (Post),Chivi Chivi,MINIMAL,,,https://cdn.lapa.ninja/assets/images/1x/chivichivi-thumb.webp,https://www.lapa.ninja/post/chivichivi/,Playful design with a vibrant color palette and a whimsical layout.,,bright and playful,"[""#ffcc00"", ""#ff6699"", ""#66ccff"", ""#ffccff""]",0.5
Lapa Ninja (Post),LIVRE,ECOMMERCE,,,https://cdn.lapa.ninja/assets/images/1x/livre-thumb.webp,https://www.lapa.ninja/post/livre/,Minimalist eCommerce layout with a neutral palette and clean design elements.,,neutral tones,"[""#f0f0f0"", ""#ffffff"", ""#cccccc"", ""#999999""]",0.5
Lapa Ninja (Post),Jesper Vos,PORTFOLIO,,,https://cdn.lapa.ninja/assets/images/1x/jespervos-11-15-2020-thumb.webp,https://www.lapa.ninja/post/jespervos-2/,Minimalist portfolio showcasing a serene aesthetic with neutral tones and a clean layout.,,neutral tones,"[""#ffffff"", ""#f0f0f0"", ""#d9d9d9"", ""#bfbfbf""]",0.5
Lapa Ninja (Post),Shelby Kay,PORTFOLIO,,,https://cdn.lapa.ninja/assets/images/1x/shelbykay-11-15-2020-thumb.webp,https://www.lapa.ninja/post/shelbykay-2/,Minimalist portfolio showcasing a serene aesthetic with a neutral color palette.,,neutral tones,"[""#f0f0f0"", ""#d9d9d9"", ""#ffffff"", ""#cccccc""]",0.5
Lapa Ninja (Post),Headspace,APP,,,https://cdn.lapa.ninja/assets/images/1x/headspace-11-15-2020-thumb.webp,https://www.lapa.ninja/post/headspace-2/,Serene wellness site with a calming palette and minimalistic layout.,,soft green,"[""#a8e6cf"", ""#dcedc1"", ""#ffd3b6"", ""#ffaaa5""]",0.5
Lapa Ninja (Post),Dally,HEALTH FITNESS,,,https://cdn.lapa.ninja/assets/images/1x/dallygoods-thumb.webp,https://www.lapa.ninja/post/dallygoods/,"Minimalist layout with a neutral tone, featuring a clean design and subtle imagery.",,neutral,"[""#ffffff"", ""#f0f0f0"", ""#d9d9d9"", ""#bfbfbf""]",0.5
Lapa Ninja (Post),Raw.Studio,STUDIO,,,https://cdn.lapa.ninja/assets/images/1x/raw-studio-11-15-2020-thumb.webp,https://www.lapa.ninja/post/raw-studio-2/,Minimalist studio website with a neutral palette and clean layout emphasizing simplicity.,,neutral tones,"[""#ffffff"", ""#f0f0f0"", ""#d9d9d9"", ""#000000""]",0.5
Lapa Ninja (Post),Clint Agency,AGENCY,,,https://cdn.lapa.ninja/assets/images/1x/clintagency-thumb.webp,https://www.lapa.ninja/post/clintagency/,"Modern agency site with a clean layout and neutral tones, emphasizing professionalism.",,neutral gray,"[""#f0f0f0"", ""#cccccc"", ""#333333"", ""#ffffff""]",0.5
Lapa Ninja (Post),Brewbike,FOOD DRINKS,,,https://cdn.lapa.ninja/assets/images/1x/brewbike-thumb.webp,https://www.lapa.ninja/post/brewbike/,Casual food and drink site with warm tones and a simple layout emphasizing imagery.,,warm beige,"[""#f5f5dc"", ""#d2b48c"", ""#deb887"", ""#ffe4b5""]",0.5
Lapa Ninja (Post),Adam Romano,PORTFOLIO,,,https://cdn.lapa.ninja/assets/images/1x/adamromano-thumb.webp,https://www.lapa.ninja/post/adamromano/,Minimalist portfolio showcasing a clean layout with neutral tones and subtle elegance.,,neutral tones,"[""#ffffff"", ""#f0f0f0"", ""#d9d9d9"", ""#cccccc""]",0.5
Lapa Ninja (Post),Poulos Collective,AGENCY,,,https://cdn.lapa.ninja/assets/images/1x/poulos-thumb.webp,https://www.lapa.ninja/post/poulos/,Minimalist design showcasing a modern aesthetic with a neutral color palette and spacious layout.,,neutral tones,"[""#ffffff"", ""#f0f0f0"", ""#d9d9d9"", ""#bfbfbf""]",0.5
Lapa Ninja (Post),Varyer,STUDIO,,,https://cdn.lapa.ninja/assets/images/1x/varyer-thumb.webp,https://www.lapa.ninja/post/varyer/,Minimalist design with a neutral palette and spacious layout emphasizing simplicity.,,neutral gray,"[""#f0f0f0"", ""#cccccc"", ""#ffffff"", ""#000000""]",0.5
Lapa Ninja (Post),Maximilian Berndt,PORTFOLIO,,,https://cdn.lapa.ninja/assets/images/1x/maximilianberndt-thumb.webp,https://www.lapa.ninja/post/maximilianberndt/,Minimalist portfolio showcasing a modern aesthetic with a neutral color tone and clean layout.,,neutral,"[""#ffffff"", ""#f0f0f0"", ""#000000"", ""#cccccc""]",0.5
Lapa Ninja (Post),OFFHOURS,FASHION,,,https://cdn.lapa.ninja/assets/images/1x/offhours-thumb.webp,https://www.lapa.ninja/post/offhours/,Relaxed lifestyle site with a neutral palette and spacious layout.,,neutral tones,"[""#f5f5f5"", ""#dcdcdc"", ""#ffffff"", ""#000000""]",0.5
Lapa Ninja (Post),Loom,SOFTWARE,,,https://cdn.lapa.ninja/assets/images/1x/loom-11-12-2020-thumb.webp,https://www.lapa.ninja/post/loom-3/,"Minimalist design with a serene mood, featuring a soft color palette and clean layout.",,soft neutral,"[""#f0f0f0"", ""#ffffff"", ""#d9d9d9"", ""#bfbfbf""]",0.5
Lapa Ninja (Post),snif,ECOMMERCE,,,https://cdn.lapa.ninja/assets/images/1x/snif-thumb.webp,https://www.lapa.ninja/post/snif/,Minimalist ecommerce post with a neutral tone and simple layout.,,neutral,"[""#ffffff"", ""#f0f0f0"", ""#e0e0e0"", ""#d0d0d0""]",0.5
Lapa Ninja (Post),Weekend Home,OUTDOORS TRAVEL,,,https://cdn.lapa.ninja/assets/images/1x/weekendhome-thumb.webp,https://www.lapa.ninja/post/weekendhome/,Relaxed outdoor-themed layout with earthy tones and spacious design elements.,,earthy green,"[""#4caf50"", ""#a5d6a7"", ""#ffffff"", ""#f5f5f5""]",0.5
Lapa Ninja (Post),Folklore,AGENCY,,,https://cdn.lapa.ninja/assets/images/1x/folklore-thumb.webp,https://www.lapa.ninja/post/folklore/,"Whimsical design with earthy tones and a fluid layout, evoking folklore themes.",,earthy tones,"[""#8b5a2b"", ""#d2b48c"", ""#f5deb3"", ""#fff8dc""]",0.5
Lapa Ninja (Post),Eva Sánchez Clemente,PORTFOLIO,,,https://cdn.lapa.ninja/assets/images/1x/evasanchezclemente-thumb.webp,https://www.lapa.ninja/post/evasanchezclemente/,Minimalist portfolio showcasing a serene aesthetic with a neutral color palette.,,neutral tones,"[""#f0f0f0"", ""#cccccc"", ""#ffffff"", ""#000000""]",0.5
Lapa Ninja (Post),Endplan,HEALTH FITNESS,,,https://cdn.lapa.ninja/assets/images/1x/endplan-thumb.webp,https://www.lapa.ninja/post/endplan/,Energetic fitness site with a vibrant color palette and dynamic layout.,,bright and energetic,"[""#ff5733"", ""#33c1ff"", ""#ffcc00"", ""#ffffff""]",0.5
Lapa Ninja (Post),Leichtfried,STUDIO,,,https://cdn.lapa.ninja/assets/images/1x/leichtfried-thumb.webp,https://www.lapa.ninja/post/leichtfried/,Minimalist design showcasing a serene mood with a clean layout and subtle color tones.,,neutral tones,"[""#ffffff"", ""#f0f0f0"", ""#d9d9d9"", ""#bfbfbf""]",0.5
Lapa Ninja (Post),Spendesk,FINANCE,,,https://cdn.lapa.ninja/assets/images/1x/spendesk-11-09-2020-thumb.webp,https://www.lapa.ninja/post/spendesk-3/,Professional finance site with a clean layout and a muted color palette.,,neutral tones,"[""#f0f0f0"", ""#ffffff"", ""#cccccc"", ""#333333""]",0.5
Lapa Ninja (Post),July,ECOMMERCE,,,https://cdn.lapa.ninja/assets/images/1x/july-thumb.webp,https://www.lapa.ninja/post/july/,Minimalist ecommerce post with a neutral tone and clean layout.,,neutral,"[""#f0f0f0"", ""#ffffff"", ""#cccccc"", ""#333333""]",0.5
Lapa Ninja (Post),MamboMambo,STUDIO,,,https://cdn.lapa.ninja/assets/images/1x/mambomambo-thumb.webp,https://www.lapa.ninja/post/mambomambo/,Playful design showcasing vibrant colors and a dynamic layout for MamboMambo.,,bright and playful,"[""#ff6f61"", ""#6b5b95"", ""#88b04b"", ""#f7cac9""]",0.5
Lapa Ninja (Post),Sofia Papadopoulou,PORTFOLIO,,,https://cdn.lapa.ninja/assets/images/1x/sofiapapadopoulou-thumb.webp,https://www.lapa.ninja/post/sofiapapadopoulou/,Minimalist portfolio showcasing a serene mood with a neutral color palette and clean layout.,,neutral tones,"[""#f5f5f5"", ""#e0e0e0"", ""#ffffff"", ""#cccccc""]",0.5
Lapa Ninja (Post),CartHook,DEVELOPMENT TOOLS,,,https://cdn.lapa.ninja/assets/images/1x/carthook-thumb.webp,https://www.lapa.ninja/post/carthook/,"Minimalist design with a neutral tone and clean layout, emphasizing functionality.",,neutral gray,"[""#f0f0f0"", ""#ffffff"", ""#cccccc"", ""#333333""]",0.5
Lapa Ninja (Post),Rive 2,DESIGN TOOLS,,,https://cdn.lapa.ninja/assets/images/1x/rive-thumb.webp,https://www.lapa.ninja/post/rive/,Minimalist design tool showcase with a neutral palette and clean layout.,,neutral,"[""#ffffff"", ""#f0f0f0"", ""#e0e0e0"", ""#cccccc""]",0.5
Lapa Ninja (Post),Sean Halpin,PORTFOLIO,,,https://cdn.lapa.ninja/assets/images/1x/seanhalpin-thumb.webp,https://www.lapa.ninja/post/seanhalpin/,Minimalist portfolio showcasing a clean layout with neutral tones and subtle design elements.,,neutral tones,"[""#ffffff"", ""#f0f0f0"", ""#e0e0e0"", ""#d0d0d0""]",0.5
Lapa Ninja (Post),MOY,ECOMMERCE,,,https://cdn.lapa.ninja/assets/images/1x/moy-thumb.webp,https://www.lapa.ninja/post/moy/,Minimalist eCommerce site with a clean layout and neutral tones.,,neutral gray,"[""#f0f0f0"", ""#ffffff"", ""#cccccc"", ""#333333""]",0.5
Lapa Ninja (Post),BrandLoyal,AGENCY,,,https://cdn.lapa.ninja/assets/images/1x/brandloyal-thumb.webp,https://www.lapa.ninja/post/brandloyal/,"Minimalist layout with a neutral tone, featuring a clean design and subtle visual elements.",,neutral,"[""#ffffff"", ""#f0f0f0"", ""#e0e0e0"", ""#d0d0d0""]",0.5
Lapa Ninja (Post),Meatable,CORPORATE,,,https://cdn.lapa.ninja/assets/images/1x/meatable-thumb.webp,https://www.lapa.ninja/post/meatable/,"Modern food tech site with a clean layout and neutral tones, emphasizing innovation.",,neutral tones,"[""#ffffff"", ""#f0f0f0"", ""#e0e0e0"", ""#cccccc""]",0.5
Lapa Ninja (Post),Alto,ILLUSTRATION,,,https://cdn.lapa.ninja/assets/images/1x/alto-thumb.webp,https://www.lapa.ninja/post/alto/,"Minimalist design with a serene mood, featuring soft tones and a clean layout.",,soft neutral,"[""#f0f0f0"", ""#d9d9d9"", ""#ffffff"", ""#cccccc""]",0.5
Lapa Ninja (Post),Dario,PORTFOLIO,,,https://cdn.lapa.ninja/assets/images/1x/dario-thumb.webp,https://www.lapa.ninja/post/dario/,Minimalist portfolio layout with a neutral tone and clean design elements.,,neutral,"[""#ffffff"", ""#f0f0f0"", ""#000000"", ""#cccccc""]",0.5
Lapa Ninja (Post),Anima,DESIGN TOOLS,,,https://cdn.lapa.ninja/assets/images/1x/animaapp-thumb.webp,https://www.lapa.ninja/post/animaapp/,Minimalist design tool interface with a clean layout and soft color tones.,,soft neutral,"[""#f0f0f0"", ""#ffffff"", ""#e0e0e0"", ""#d0d0d0""]",0.5
Lapa Ninja (Post),Atom,DEVELOPMENT TOOLS,,,https://cdn.lapa.ninja/assets/images/1x/atom-thumb.webp,https://www.lapa.ninja/post/atom/,Minimalist development tool showcase with a clean layout and neutral tones.,,neutral gray,"[""#f0f0f0"", ""#ffffff"", ""#cccccc"", ""#333333""]",0.5
Lapa Ninja (Post),Comme Si,FASHION,,,https://cdn.lapa.ninja/assets/images/1x/commesi-thumb.webp,https://www.lapa.ninja/post/commesi/,Elegant fashion post with a soft color palette and minimalistic layout.,,soft neutral,"[""#f5f5f5"", ""#dcdcdc"", ""#ffffff""]",0.5
Lapa Ninja (Post),Skuid,ILLUSTRATION,,,https://cdn.lapa.ninja/assets/images/1x/skuid-thumb.webp,https://www.lapa.ninja/post/skuid/,"Minimalist design with a serene mood, featuring a soft color palette and clean layout.",,soft neutral,"[""#f0f0f0"", ""#ffffff"", ""#d9d9d9"", ""#bfbfbf""]",0.5
Lapa Ninja (Post),Hugo Crozet,PORTFOLIO,,,https://cdn.lapa.ninja/assets/images/1x/hugocrozet-thumb.webp,https://www.lapa.ninja/post/hugocrozet/,Minimalist portfolio showcasing a modern aesthetic with a neutral color tone and clean layout.,,neutral,"[""#ffffff"", ""#f0f0f0"", ""#000000"", ""#cccccc""]",0.5
Lapa Ninja (Post),Kabuto Noodles,FOOD DRINKS,,,https://cdn.lapa.ninja/assets/images/1x/kabutonoodles-thumb.webp,https://www.lapa.ninja/post/kabutonoodles/,"Casual dining experience with warm beige tones and a simple, inviting layout.",,warm beige,"[""#f5f5dc"", ""#d2b48c"", ""#deb887"", ""#ffe4b5""]",0.5
Lapa Ninja (Post),Sonia Rykiel,FASHION,,,https://cdn.lapa.ninja/assets/images/1x/soniarykiel-thumb.webp,https://www.lapa.ninja/post/soniarykiel/,Elegant fashion post with a sophisticated mood and minimalist layout.,,neutral tones,"[""#ffffff"", ""#000000"", ""#f5f5f5"", ""#dcdcdc""]",0.5
Lapa Ninja (Post),Gusto Wallet,APP,,,https://cdn.lapa.ninja/assets/images/1x/gusto-wallet-thumb.webp,https://www.lapa.ninja/post/gusto-wallet/,Minimal wallet showcase with a clean layout and neutral tones.,,neutral,"[""#ffffff"", ""#f0f0f0"", ""#e0e0e0"", ""#cccccc""]",0.5
Lapa Ninja (Post),Cometeer,FOOD DRINKS,,,https://cdn.lapa.ninja/assets/images/1x/cometeer-thumb.webp,https://www.lapa.ninja/post/cometeer/,"Inviting food and drink post with warm tones and a clean, minimal layout.",,warm beige,"[""#f5f5dc"", ""#d2b48c"", ""#fff8dc"", ""#deb887""]",0.5
Lapa Ninja (Post),Worth It Docs,STUDIO,,,https://cdn.lapa.ninja/assets/images/1x/worthitdocs-thumb.webp,https://www.lapa.ninja/post/worthitdocs/,"Minimalist design with a clean layout and neutral tones, emphasizing clarity and professionalism.",,neutral gray,"[""#f0f0f0"", ""#ffffff"", ""#cccccc"", ""#333333""]",0.5
Lapa Ninja (Post),Wellory,APP,,,https://cdn.lapa.ninja/assets/images/1x/wellory-thumb.webp,https://www.lapa.ninja/post/wellory/,Minimalist wellness site with a serene palette and clean layout emphasizing health.,,calm green,"[""#a8e6cf"", ""#dcedc1"", ""#ffd3b6"", ""#ffaaa5""]",0.5
Lapa Ninja (Post),Raycast,PRODUCTIVITY,,,https://cdn.lapa.ninja/assets/images/1x/raycast-thumb.webp,https://www.lapa.ninja/post/raycast/,"Productivity-focused interface with a clean layout and a modern, neutral color tone.",,neutral gray,"[""#f5f5f5"", ""#ffffff"", ""#000000"", ""#cccccc""]",0.5
Lapa Ninja (Post),USBYUS,ECOMMERCE,,,https://cdn.lapa.ninja/assets/images/1x/usbyus-thumb.webp,https://www.lapa.ninja/post/usbyus/,Minimalist eCommerce site with a clean layout and neutral tones.,,neutral,"[""#f0f0f0"", ""#ffffff"", ""#000000"", ""#cccccc""]",0.5
Lapa Ninja (Post),Vibely,COMMUNITY,,,https://cdn.lapa.ninja/assets/images/1x/vibely-thumb.webp,https://www.lapa.ninja/post/vibely/,Energetic community platform with vibrant colors and a dynamic layout.,,bright and lively,"[""#ff6f61"", ""#6b5b93"", ""#88b04b"", ""#f7cac9""]",0.5
Lapa Ninja (Post),Clause,ILLUSTRATION,,,https://cdn.lapa.ninja/assets/images/1x/clause-thumb.webp,https://www.lapa.ninja/post/clause/,"Minimalist design with a neutral palette and spacious layout, emphasizing illustration.",,neutral tones,"[""#f0f0f0"", ""#ffffff"", ""#cccccc"", ""#999999""]",0.5
Lapa Ninja (Post),Stark,DESIGN TOOLS,,,https://cdn.lapa.ninja/assets/images/1x/getstark-10-28-2020-thumb.webp,https://www.lapa.ninja/post/getstark-2/,"Minimalist design with a sleek layout and a cool, understated color tone.",,cool gray,"[""#f0f0f0"", ""#cccccc"", ""#999999"", ""#666666""]",0.5
Lapa Ninja (Post),Grilli Type,FOUNDRY,,,https://cdn.lapa.ninja/assets/images/1x/grillitype-thumb.webp,https://www.lapa.ninja/post/grillitype/,Minimalist design showcasing Grilli Type with a clean layout and neutral tones.,,neutral tones,"[""#ffffff"", ""#f0f0f0"", ""#000000"", ""#cccccc""]",0.5
Lapa Ninja (Post),Tyrus,ILLUSTRATION,,,https://cdn.lapa.ninja/assets/images/1x/tyrus-thumb.webp,https://www.lapa.ninja/post/tyrus/,Minimalist illustration showcase with a vibrant color palette and clean layout.,,vibrant,"[""#ff6f61"", ""#6b5b95"", ""#88b04b"", ""#f7cac9""]",0.5
Lapa Ninja (Post),Kate Proulx,PORTFOLIO,,,https://cdn.lapa.ninja/assets/images/1x/kateproulx-thumb.webp,https://www.lapa.ninja/post/kateproulx/,Minimalist portfolio showcasing a serene mood with neutral tones and a clean layout.,,neutral tones,"[""#f0f0f0"", ""#ffffff"", ""#cccccc"", ""#999999""]",0.5
Lapa Ninja (Post),Jean Dawson,PORTFOLIO,,,https://cdn.lapa.ninja/assets/images/1x/jeandawson-thumb.webp,https://www.lapa.ninja/post/jeandawson/,Minimalist portfolio layout with a neutral tone and clean design elements.,,neutral,"[""#ffffff"", ""#f0f0f0"", ""#000000"", ""#cccccc""]",0.5
Lapa Ninja (Post),Emergence Magazine,MAGAZINE,,,https://cdn.lapa.ninja/assets/images/1x/emergencemagazine-thumb.webp,https://www.lapa.ninja/post/emergencemagazine/,Thought-provoking magazine layout with earthy tones and a minimalist aesthetic.,,earthy tones,"[""#8b5a2b"", ""#d2b48c"", ""#f5f5dc"", ""#ffffff""]",0.5
Lapa Ninja (Post),Acid League,ECOMMERCE,,,https://cdn.lapa.ninja/assets/images/1x/acidleague-thumb.webp,https://www.lapa.ninja/post/acidleague/,Vibrant ecommerce site with a lively color palette and engaging layout.,,bright and lively,"[""#ff5733"", ""#33ff57"", ""#3357ff"", ""#f1c40f""]",0.5
Lapa Ninja (Post),Blush,DESIGN TOOLS,,,https://cdn.lapa.ninja/assets/images/1x/blush-design-thumb.webp,https://www.lapa.ninja/post/blush-design/,Soft and inviting design with a warm beige palette and minimalistic layout.,,warm beige,"[""#f5e0d3"", ""#f9c9b6"", ""#f2b2a1"", ""#e8a99a""]",0.5
Lapa Ninja (Post),Loftgarten,PHOTOGRAPHY,,,https://cdn.lapa.ninja/assets/images/1x/loftgarten-thumb.webp,https://www.lapa.ninja/post/loftgarten/,"Minimalist design with a serene mood, featuring a neutral palette and spacious layout.",,neutral tones,"[""#f0f0f0"", ""#d9d9d9"", ""#ffffff"", ""#bfbfbf""]",0.5
Lapa Ninja (Post),Charlie Le Maignan,PORTFOLIO,,,https://cdn.lapa.ninja/assets/images/1x/charlielemaignan-thumb.webp,https://www.lapa.ninja/post/charlielemaignan/,Minimalist portfolio showcasing creative work with a neutral color palette and clean layout.,,neutral tones,"[""#ffffff"", ""#f0f0f0"", ""#000000"", ""#cccccc""]",0.5
Lapa Ninja (Post),Whiled,ECOMMERCE,,,https://cdn.lapa.ninja/assets/images/1x/whiled-thumb.webp,https://www.lapa.ninja/post/whiled/,Minimalist eCommerce site with a neutral palette and clean layout.,,neutral,"[""#f0f0f0"", ""#ffffff"", ""#cccccc"", ""#333333""]",0.5
Lapa Ninja (Post),helloMuller,PORTFOLIO,,,https://cdn.lapa.ninja/assets/images/1x/hellomuller-thumb.webp,https://www.lapa.ninja/post/hellomuller/,Minimalist portfolio site with a clean layout and neutral tones.,,neutral gray,"[""#f0f0f0"", ""#ffffff"", ""#000000"", ""#cccccc""]",0.5
Lapa Ninja (Post),Utrust,CRYPTOCURRENCY,,,https://cdn.lapa.ninja/assets/images/1x/utrust-thumb.webp,https://www.lapa.ninja/post/utrust/,Modern cryptocurrency site with a clean layout and a tech-inspired color tone.,,neutral gray,"[""#ffffff"", ""#f0f0f0"", ""#000000"", ""#007bff""]",0.5
Lapa Ninja (Post),Canvas Medical,CORPORATE,,,https://cdn.lapa.ninja/assets/images/1x/canvasmedical-thumb.webp,https://www.lapa.ninja/post/canvasmedical/,Professional healthcare site with a clean layout and muted tones for a calming effect.,,neutral tones,"[""#f0f4f8"", ""#ffffff"", ""#e0e7ef"", ""#cbd5e1""]",0.5
Lapa Ninja (Post),Feedly,NEWS,,,https://cdn.lapa.ninja/assets/images/1x/feedly-thumb.webp,https://www.lapa.ninja/post/feedly/,"Minimalist layout with a clean aesthetic, featuring a soft color palette and simple typography.",,neutral tones,"[""#ffffff"", ""#f0f0f0"", ""#e0e0e0"", ""#cccccc""]",0.5
Lapa Ninja (Post),Damn Good Beauty,BUSINESS,,,https://cdn.lapa.ninja/assets/images/1x/damngoodbeauty-thumb.webp,https://www.lapa.ninja/post/damngoodbeauty/,Elegant beauty site with a soft color palette and minimalist layout.,,soft neutral,"[""#f5f5f5"", ""#ffffff"", ""#e0e0e0"", ""#d1cfcf""]",0.5
Lapa Ninja (Post),Melyon,ECOMMERCE,,,https://cdn.lapa.ninja/assets/images/1x/melyon-thumb.webp,https://www.lapa.ninja/post/melyon/,Minimalist eCommerce site with a clean layout and neutral tones.,,neutral,"[""#f0f0f0"", ""#ffffff"", ""#000000"", ""#cccccc""]",0.5
Lapa Ninja (Post),Wunderbucket,DEVELOPMENT TOOLS,,,https://cdn.lapa.ninja/assets/images/1x/wunderbucket-thumb.webp,https://www.lapa.ninja/post/wunderbucket/,"Minimalist design with a neutral tone and clean layout, emphasizing functionality.",,neutral gray,"[""#f0f0f0"", ""#cccccc"", ""#ffffff"", ""#000000""]",0.5
Lapa Ninja (Post),Victor Berbel,PORTFOLIO,,,https://cdn.lapa.ninja/assets/images/1x/victorberbel-thumb.webp,https://www.lapa.ninja/post/victorberbel/,Minimalist portfolio showcasing a clean layout with neutral tones and subtle elegance.,,neutral tones,"[""#ffffff"", ""#f0f0f0"", ""#d9d9d9"", ""#bfbfbf""]",0.5
Lapa Ninja (Post),Hugo Maury,PORTFOLIO,,,https://cdn.lapa.ninja/assets/images/1x/maury-thumb.webp,https://www.lapa.ninja/post/maury/,Minimalist portfolio showcasing a neutral palette with a clean layout.,,neutral tones,"[""#ffffff"", ""#f0f0f0"", ""#000000"", ""#cccccc""]",0.5
Lapa Ninja (Post),Pitch,DESIGN TOOLS,,,https://cdn.lapa.ninja/assets/images/1x/pitch-21-10-2020-thumb.webp,https://www.lapa.ninja/post/pitch-3/,"Minimalist design post with a clean layout and neutral tones, emphasizing clarity.",,neutral tones,"[""#ffffff"", ""#f0f0f0"", ""#000000"", ""#cccccc""]",0.5
Lapa Ninja (Post),Aerial,APP,,,https://cdn.lapa.ninja/assets/images/1x/aerial-thumb.webp,https://www.lapa.ninja/post/aerial/,"Minimalist design with a serene mood, featuring a soft color palette and spacious layout.",,soft neutral,"[""#f0f0f0"", ""#ffffff"", ""#d9d9d9"", ""#bfbfbf""]",0.5
Lapa Ninja (Post),Sennep,AGENCY,,,https://cdn.lapa.ninja/assets/images/1x/sennep-thumb.webp,https://www.lapa.ninja/post/sennep/,"Minimalist design with warm beige tones and a clean, spacious layout.",,warm beige,"[""#f5f5dc"", ""#d3cfcf"", ""#e0e0e0"", ""#ffffff""]",0.5
Lapa Ninja (Post),Gavril Perov,PORTFOLIO,,,https://cdn.lapa.ninja/assets/images/1x/gavril-thumb.webp,https://www.lapa.ninja/post/gavril/,Minimalist portfolio showcasing a serene mood with a neutral color palette and clean layout.,,neutral,"[""#ffffff"", ""#f0f0f0"", ""#d9d9d9"", ""#bfbfbf""]",0.5
Lapa Ninja (Post),Natreve,ECOMMERCE,,,https://cdn.lapa.ninja/assets/images/1x/natreve-thumb.webp,https://www.lapa.ninja/post/natreve/,Minimalist e-commerce site with a clean layout and soft color tones.,,soft neutral,"[""#f5f5f5"", ""#ffffff"", ""#e0e0e0"", ""#bdbdbd""]",0.5
Lapa Ninja (Post),Slite,TECHNOLOGY,,,https://cdn.lapa.ninja/assets/images/1x/slite-21-10-2020-thumb.webp,https://www.lapa.ninja/post/slite-3/,Minimalist workspace tool with a clean layout and soft color tones.,,soft gray,"[""#f5f5f5"", ""#ffffff"", ""#e0e0e0"", ""#c0c0c0""]",0.5
Lapa Ninja (Post),Google TV,TECHNOLOGY,,,https://cdn.lapa.ninja/assets/images/1x/google-tv-thumb.webp,https://www.lapa.ninja/post/google-tv/,Modern tech showcase with a sleek layout and a neutral color tone.,,neutral gray,"[""#ffffff"", ""#f0f0f0"", ""#000000"", ""#cccccc""]",0.5
Lapa Ninja (Post),Unis Shoes,ECOMMERCE,,,https://cdn.lapa.ninja/assets/images/1x/unisfootwear-thumb.webp,https://www.lapa.ninja/post/unisfootwear/,Minimalist footwear showcase with a neutral palette and clean layout.,,neutral tones,"[""#f5f5f5"", ""#ffffff"", ""#000000"", ""#cccccc""]",0.5
Lapa Ninja (Post),Hey Bicycle,ECOMMERCE,,,https://cdn.lapa.ninja/assets/images/1x/heybicycle-thumb.webp,https://www.lapa.ninja/post/heybicycle/,Minimalist ecommerce site with a clean layout and neutral tones.,,neutral,"[""#ffffff"", ""#f0f0f0"", ""#000000"", ""#cccccc""]",0.5
Lapa Ninja (Post),Anton Repponen,PORTFOLIO,,,https://cdn.lapa.ninja/assets/images/1x/repponen-thumb.webp,https://www.lapa.ninja/post/repponen/,Minimalist portfolio showcasing a modern aesthetic with a neutral color tone and clean layout.,,neutral,"[""#ffffff"", ""#f0f0f0"", ""#000000"", ""#cccccc""]",0.5
Lapa Ninja (Post),Goliath Entertainment,ILLUSTRATION,,,https://cdn.lapa.ninja/assets/images/1x/goliath-entertainment-thumb.webp,https://www.lapa.ninja/post/goliath-entertainment/,Playful entertainment site with vibrant colors and a dynamic layout.,,bright and playful,"[""#ffcc00"", ""#ff6699"", ""#66ccff"", ""#ff3366""]",0.5
Lapa Ninja (Post),Raindrop.io,DESIGN TOOLS,,,https://cdn.lapa.ninja/assets/images/1x/raindrop-10-19-2020-thumb.webp,https://www.lapa.ninja/post/raindrop-3/,Minimalist design tool showcase with a serene mood and soft color tones.,,soft gray,"[""#f0f0f0"", ""#ffffff"", ""#d9d9d9"", ""#bfbfbf""]",0.5
Lapa Ninja (Post),Digital Dollar Store,ECOMMERCE,,,https://cdn.lapa.ninja/assets/images/1x/digital-dollar-thumb.webp,https://www.lapa.ninja/post/digital-dollar/,Minimalist ecommerce site with a clean layout and neutral color tones.,,neutral gray,"[""#f0f0f0"", ""#ffffff"", ""#cccccc"", ""#333333""]",0.5
Lapa Ninja (Post),Air,PRODUCTIVITY,,,https://cdn.lapa.ninja/assets/images/1x/air-inc-thumb.webp,https://www.lapa.ninja/post/air/,"Minimalist design with a serene mood, featuring a light color palette and spacious layout.",,light and airy,"[""#ffffff"", ""#f0f4f8"", ""#e0e7ef"", ""#cfd8e3""]",0.5
Lapa Ninja (Post),Paracelsia Le Saigné,TYPOGRAPHY,,,https://cdn.lapa.ninja/assets/images/1x/paracelsialesaigne-thumb.webp,https://www.lapa.ninja/post/paracelsialesaigne/,Elegant design showcasing a refined aesthetic with a minimalist layout and muted tones.,,neutral tones,"[""#f0f0f0"", ""#d9d9d9"", ""#bfbfbf"", ""#a6a6a6""]",0.5
Lapa Ninja (Post),Greenlist,TECHNOLOGY,,,https://cdn.lapa.ninja/assets/images/1x/greenlistapp-thumb.webp,https://www.lapa.ninja/post/greenlistapp/,Minimalist app design with a fresh green palette and clean layout.,,fresh green,"[""#4caf50"", ""#a5d6a7"", ""#c8e6c9"", ""#ffffff""]",0.5
Lapa Ninja (Post),Rowdy Mermaid Kombucha,ECOMMERCE,,,https://cdn.lapa.ninja/assets/images/1x/rowdymermaid-thumb.webp,https://www.lapa.ninja/post/rowdymermaid/,Vibrant kombucha brand with a playful layout and lively color tones.,,bright and lively,"[""#ff6f61"", ""#f7c6c7"", ""#f9e79f"", ""#f1c40f""]",0.5
Lapa Ninja (Post),Nabla,HEALTH FITNESS,,,https://cdn.lapa.ninja/assets/images/1x/nabla-thumb.webp,https://www.lapa.ninja/post/nabla/,"Energetic health-focused layout with vibrant colors and a clean, modern aesthetic.",,bright and energetic,"[""#ffcc00"", ""#ff5733"", ""#33ccff"", ""#ffffff""]",0.5
Lapa Ninja (Post),TreeCard,FINANCE,,,https://cdn.lapa.ninja/assets/images/1x/treecard-thumb.webp,https://www.lapa.ninja/post/treecard/,Minimalist finance interface with a fresh green palette and clean layout.,,fresh green,"[""#4caf50"", ""#e8f5e9"", ""#ffffff"", ""#c8e6c9""]",0.5
Lapa Ninja (Post),Overpass,BUSINESS,,,https://cdn.lapa.ninja/assets/images/1x/overpass-thumb.webp,https://www.lapa.ninja/post/overpass/,"Minimalist design with a neutral tone and clean layout, emphasizing simplicity.",,neutral gray,"[""#f0f0f0"", ""#cccccc"", ""#ffffff"", ""#000000""]",0.5
Lapa Ninja (Post),Design+Code,DESIGN TOOLS,,,https://cdn.lapa.ninja/assets/images/1x/designcode-16-10-2020-thumb.webp,https://www.lapa.ninja/post/designcode/,Minimalist design showcase with a clean layout and neutral tones.,,neutral tones,"[""#ffffff"", ""#f0f0f0"", ""#e0e0e0"", ""#cccccc""]",0.5
Lapa Ninja (Post),Mario Sanchez Maselli,PORTFOLIO,,,https://cdn.lapa.ninja/assets/images/1x/mariosmaselli-thumb.webp,https://www.lapa.ninja/post/mariosmaselli/,Minimalist portfolio showcasing a clean layout with neutral tones and subtle design elements.,,neutral tones,"[""#ffffff"", ""#f0f0f0"", ""#d9d9d9"", ""#000000""]",0.5
Lapa Ninja (Post),Oda,ECOMMERCE,,,https://cdn.lapa.ninja/assets/images/1x/oda-thumb.webp,https://www.lapa.ninja/post/oda/,Minimalist eCommerce layout with a neutral palette and clean design elements.,,neutral,"[""#f5f5f5"", ""#ffffff"", ""#000000"", ""#cccccc""]",0.5
Lapa Ninja (Post),Erik Herrström,PORTFOLIO,,,https://cdn.lapa.ninja/assets/images/1x/erikherrstrom-10-16-2020-thumb.webp,https://www.lapa.ninja/post/erikherrstrom-2/,Minimalist portfolio showcasing a serene mood with a neutral color palette and clean layout.,,neutral,"[""#ffffff"", ""#f0f0f0"", ""#000000"", ""#cccccc""]",0.5
Lapa Ninja (Post),Hylo Athletics,ECOMMERCE,,,https://cdn.lapa.ninja/assets/images/1x/hyloathletics-thumb.webp,https://www.lapa.ninja/post/hyloathletics/,Sporty and energetic layout with a vibrant color palette and dynamic imagery.,,vibrant green,"[""#4caf50"", ""#ffffff"", ""#f5f5f5"", ""#000000""]",0.5
Lapa Ninja (Post),Armand Sallé,PORTFOLIO,,,https://cdn.lapa.ninja/assets/images/1x/armand-salle-thumb.webp,https://www.lapa.ninja/post/armand-salle/,Minimalist portfolio showcasing a serene mood with a neutral color tone and clean layout.,,neutral,"[""#ffffff"", ""#f0f0f0"", ""#d9d9d9"", ""#bfbfbf""]",0.5
Lapa Ninja (Post),PeekUp,APP,,,https://cdn.lapa.ninja/assets/images/1x/peekup-thumb.webp,https://www.lapa.ninja/post/peekup/,Minimalist design with a soft color palette and a clean layout emphasizing simplicity.,,soft neutral,"[""#f0f0f0"", ""#ffffff"", ""#d9d9d9"", ""#bfbfbf""]",0.5
Lapa Ninja (Post),Museum of Peace & Quiet,ECOMMERCE,,,https://cdn.lapa.ninja/assets/images/1x/museumofpeaceandquiet-thumb.webp,https://www.lapa.ninja/post/museumofpeaceandquiet/,Serene website showcasing a tranquil theme with soft tones and minimalistic layout.,,soft neutral,"[""#f0f0f0"", ""#d9d9d9"", ""#ffffff"", ""#b0b0b0""]",0.5
Lapa Ninja (Post),UPQODE,AGENCY,,,https://cdn.lapa.ninja/assets/images/1x/upqode-thumb.webp,https://www.lapa.ninja/post/upqode/,Modern agency showcase with a clean layout and neutral tones.,,neutral,"[""#ffffff"", ""#f0f0f0"", ""#000000"", ""#cccccc""]",0.5
Lapa Ninja (Post),Koa,ECOMMERCE,,,https://cdn.lapa.ninja/assets/images/1x/livingkoa-thumb.webp,https://www.lapa.ninja/post/livingkoa/,"Minimalist design with a serene mood, featuring a warm beige palette and spacious layout.",,warm beige,"[""#f5f5dc"", ""#dcdcdc"", ""#ffffff"", ""#e0e0e0""]",0.5
Lapa Ninja (Post),Gorillaz,ILLUSTRATION,,,https://cdn.lapa.ninja/assets/images/1x/gorillaz-promo-thumb.webp,https://www.lapa.ninja/post/gorillaz-promo/,Eclectic visual style with vibrant colors and a dynamic layout featuring bold illustrations.,,vibrant eclectic,"[""#ff5722"", ""#4caf50"", ""#2196f3"", ""#ffc107""]",0.5
Lapa Ninja (Post),Monsieur M,PORTFOLIO,,,https://cdn.lapa.ninja/assets/images/1x/monsieurm-thumb.webp,https://www.lapa.ninja/post/monsieurm/,Minimalist portfolio site with a neutral tone and clean layout emphasizing imagery.,,neutral,"[""#ffffff"", ""#f0f0f0"", ""#000000"", ""#cccccc""]",0.5
Lapa Ninja (Post),Pachama,CORPORATE,,,https://cdn.lapa.ninja/assets/images/1x/pachama-thumb.webp,https://www.lapa.ninja/post/pachama/,"Nature-focused site with earthy tones and a clean, spacious layout.",,earthy green,"[""#4caf50"", ""#a5d6a7"", ""#ffffff"", ""#f0f4c3""]",0.5
Lapa Ninja (Post),Mehrotra,ECOMMERCE,,,https://cdn.lapa.ninja/assets/images/1x/mehrotrasthlm-thumb.webp,https://www.lapa.ninja/post/mehrotrasthlm/,Minimalist eCommerce site with a neutral palette and clean layout emphasizing product imagery.,,neutral tones,"[""#ffffff"", ""#f0f0f0"", ""#000000"", ""#cccccc""]",0.5
Lapa Ninja (Post),Flamingo Estate,ECOMMERCE,,,https://cdn.lapa.ninja/assets/images/1x/flamingoestate-thumb.webp,https://www.lapa.ninja/post/flamingoestate/,Vibrant estate showcase with warm tones and an inviting layout emphasizing nature.,,warm tones,"[""#ff6f61"", ""#f7c6a5"", ""#f0e68c"", ""#d1e8e2""]",0.5
Lapa Ninja (Post),Mezcal Rosaluna,FOOD DRINKS,,,https://cdn.lapa.ninja/assets/images/1x/mezcalrosaluna-thumb.webp,https://www.lapa.ninja/post/mezcalrosaluna/,"Sophisticated beverage post with earthy tones and a clean, minimal layout.",,earthy tones,"[""#d9c9b6"", ""#a76d5d"", ""#f5f5f5"", ""#3b2a2a""]",0.5
Lapa Ninja (Post),Mike Lamont,PORTFOLIO,,,https://cdn.lapa.ninja/assets/images/1x/mike-thumb.webp,https://www.lapa.ninja/post/mike/,Minimalist portfolio showcasing a clean layout with neutral tones and subtle elegance.,,neutral tones,"[""#ffffff"", ""#f0f0f0"", ""#d9d9d9"", ""#bfbfbf""]",0.5
Lapa Ninja (Post),Good Measure,AGENCY,,,https://cdn.lapa.ninja/assets/images/1x/findgoodmeasure-thumb.webp,https://www.lapa.ninja/post/findgoodmeasure/,Minimalist layout with a warm beige tone and soft visual elements.,,warm beige,"[""#f5f5dc"", ""#dcdcdc"", ""#ffffff"", ""#e0e0e0""]",0.5
Lapa Ninja (Post),Extraset,FOUNDRY,,,https://cdn.lapa.ninja/assets/images/1x/extraset-thumb.webp,https://www.lapa.ninja/post/extraset/,"Minimalist design with a neutral tone and clean layout, emphasizing simplicity.",,neutral gray,"[""#f0f0f0"", ""#cccccc"", ""#ffffff"", ""#000000""]",0.5
Lapa Ninja (Post),Æbele Interiors,FURNITURE INTERIORS,,,https://cdn.lapa.ninja/assets/images/1x/aebeleinteriors-thumb.webp,https://www.lapa.ninja/post/aebeleinteriors/,Elegant interior design showcase with a warm beige palette and minimalist layout.,,warm beige,"[""#f5f5dc"", ""#dcdcdc"", ""#ffffff"", ""#c0c0c0""]",0.5
Lapa Ninja (Post),Faculty,STUDIO,,,https://cdn.lapa.ninja/assets/images/1x/faculty-thumb.webp,https://www.lapa.ninja/post/faculty/,"Minimalist design with a neutral palette and spacious layout, emphasizing clarity and simplicity.",,neutral tones,"[""#f5f5f5"", ""#ffffff"", ""#000000"", ""#cccccc""]",0.5
Lapa Ninja (Post),Oculus,TECHNOLOGY,,,https://cdn.lapa.ninja/assets/images/1x/oculus-10-07-2020-thumb.webp,https://www.lapa.ninja/post/oculus-3/,"Futuristic tech post with a sleek layout and a dark, moody color tone.",,dark gray,"[""#000000"", ""#1a1a1a"", ""#ffffff"", ""#ffcc00""]",0.5
Lapa Ninja (Post),Ayaka B. Ito,PORTFOLIO,,,https://cdn.lapa.ninja/assets/images/1x/ayakaito-thumb.webp,https://www.lapa.ninja/post/ayakaito/,Minimalist portfolio showcasing a serene mood with a neutral color tone and clean layout.,,neutral,"[""#ffffff"", ""#f0f0f0"", ""#e0e0e0"", ""#d0d0d0""]",0.5
Lapa Ninja (Post),Canny,DEVELOPMENT TOOLS,,,https://cdn.lapa.ninja/assets/images/1x/canny-10-07-2020-thumb.webp,https://www.lapa.ninja/post/canny-2/,"Minimalist design with a neutral tone, featuring a clean layout and subtle visual elements.",,neutral gray,"[""#f0f0f0"", ""#cccccc"", ""#ffffff"", ""#000000""]",0.5
Lapa Ninja (Post),Dore Partnership,BUSINESS,,,https://cdn.lapa.ninja/assets/images/1x/dorepartnership-thumb.webp,https://www.lapa.ninja/post/dorepartnership/,"Professional layout with a neutral tone, featuring a clean design and minimalistic elements.",,neutral,"[""#f0f0f0"", ""#ffffff"", ""#000000"", ""#cccccc""]",0.5
Lapa Ninja (Post),Asana,PRODUCTIVITY,,,https://cdn.lapa.ninja/assets/images/1x/asana-10-03-2020-thumb.webp,https://www.lapa.ninja/post/asana-4/,Productivity-focused layout with a clean aesthetic and a balanced color scheme.,,neutral tones,"[""#f5f5f5"", ""#ffffff"", ""#e0e0e0"", ""#bdbdbd""]",0.5
Lapa Ninja (Post),Bizzon,ILLUSTRATION,,,https://cdn.lapa.ninja/assets/images/1x/bizzon-thumb.webp,https://www.lapa.ninja/post/bizzon/,"Minimalist design with a neutral palette and clean layout, emphasizing simplicity.",,neutral,"[""#f0f0f0"", ""#ffffff"", ""#cccccc"", ""#000000""]",0.5
Lapa Ninja (Post),Gianluca Armenio,PORTFOLIO,,,https://cdn.lapa.ninja/assets/images/1x/gianlucarmenio-thumb.webp,https://www.lapa.ninja/post/gianlucarmenio/,Minimalist portfolio showcasing a clean layout with a neutral color tone.,,neutral,"[""#ffffff"", ""#f0f0f0"", ""#000000"", ""#cccccc""]",0.5
Lapa Ninja (Post),Harry Moses,PORTFOLIO,,,https://cdn.lapa.ninja/assets/images/1x/harrymoses-thumb.webp,https://www.lapa.ninja/post/harrymoses/,Minimalist portfolio showcasing a clean layout with neutral tones and subtle elegance.,,neutral tones,"[""#ffffff"", ""#f0f0f0"", ""#d9d9d9"", ""#bfbfbf""]",0.5
Lapa Ninja (Post),Tiny,CORPORATE,,,https://cdn.lapa.ninja/assets/images/1x/tinycapital-thumb.webp,https://www.lapa.ninja/post/tinycapital/,"Minimalist layout with a neutral tone, featuring a clean design and subtle visual elements.",,neutral gray,"[""#f0f0f0"", ""#cccccc"", ""#ffffff"", ""#000000""]",0.5
Lapa Ninja (Post),Locomotive Culture,AGENCY,,,https://cdn.lapa.ninja/assets/images/1x/locomotive-play-thumb.webp,https://www.lapa.ninja/post/locomotive-culture/,Dynamic post with a vibrant palette and engaging layout focused on locomotive culture.,,vibrant,"[""#ff5733"", ""#33c1ff"", ""#f1c40f"", ""#8e44ad""]",0.5
Lapa Ninja (Post),Philip Battin,PORTFOLIO,,,https://cdn.lapa.ninja/assets/images/1x/philipbattin-thumb.webp,https://www.lapa.ninja/post/philipbattin/,Minimalist portfolio showcasing a clean layout with a neutral color tone.,,neutral gray,"[""#ffffff"", ""#f0f0f0"", ""#000000"", ""#cccccc""]",0.5
Lapa Ninja (Post),NUGGS,FOOD DRINKS,,,https://cdn.lapa.ninja/assets/images/1x/eatnuggs-thumb.webp,https://www.lapa.ninja/post/eatnuggs/,Playful food post with a warm beige palette and casual layout.,,warm beige,"[""#f5f5dc"", ""#ffcc00"", ""#ff6347"", ""#ffffff""]",0.5
Lapa Ninja (Post),Google Store,ECOMMERCE,,,https://cdn.lapa.ninja/assets/images/1x/google-store-thumb.webp,https://www.lapa.ninja/post/google-store/,Modern e-commerce site with a clean layout and a neutral color palette.,,neutral gray,"[""#ffffff"", ""#f5f5f5"", ""#e0e0e0"", ""#000000""]",0.5
Lapa Ninja (Post),Karst,ECOMMERCE,,,https://cdn.lapa.ninja/assets/images/1x/karststonepaper-thumb.webp,https://www.lapa.ninja/post/karststonepaper/,Minimalist design with a neutral palette and clean layout emphasizing sustainability.,,neutral tones,"[""#ffffff"", ""#f0f0f0"", ""#d9d9d9"", ""#bfbfbf""]",0.5
Lapa Ninja (Post),Mollydooker Wines,FOOD DRINKS,,,https://cdn.lapa.ninja/assets/images/1x/mollydookerwines-thumb.webp,https://www.lapa.ninja/post/mollydookerwines/,Vibrant wine showcase with a warm color palette and engaging layout.,,warm tones,"[""#c74b3a"", ""#f2c94c"", ""#6b4f4f"", ""#ffffff""]",0.5
Lapa Ninja (Post),WTF.studio,STUDIO,,,https://cdn.lapa.ninja/assets/images/1x/wtf-studio-09-30-2020-thumb.webp,https://www.lapa.ninja/post/wtf-studio-2/,Minimalist studio website with a neutral palette and clean layout.,,neutral gray,"[""#f0f0f0"", ""#ffffff"", ""#000000"", ""#cccccc""]",0.5
Lapa Ninja (Post),The Met Museum,CULTURE,,,https://cdn.lapa.ninja/assets/images/1x/metmus-150-thumb.webp,https://www.lapa.ninja/post/metmus-150/,Elegant museum post with a refined layout and a sophisticated color tone.,,neutral tones,"[""#f0f0f0"", ""#d9d9d9"", ""#bfbfbf"", ""#a6a6a6""]",0.5
Lapa Ninja (Post),Quicksand,EDUCATION,,,https://cdn.lapa.ninja/assets/images/1x/quicksand-thumb.webp,https://www.lapa.ninja/post/airbnb-quicksand/,Minimalist design with a warm beige palette and spacious layout.,,warm beige,"[""#f5f5dc"", ""#dcdcdc"", ""#ffffff"", ""#e0e0e0""]",0.5
Lapa Ninja (Post),Waste Not,BUSINESS,,,https://cdn.lapa.ninja/assets/images/1x/wastenot-thumb.webp,https://www.lapa.ninja/post/wastenot/,Minimalist design with earthy tones and a clean layout emphasizing sustainability.,,earthy green,"[""#4caf50"", ""#a5d6a7"", ""#ffffff"", ""#f0f0f0""]",0.5
