source,title,url,image,dominant_colors,color_weights,primary_hex,primary_descriptor,elements,mood_keywords,confidence,caption,tags,cluster
Lapa Ninja (Post),Monologue,https://www.lapa.ninja/post/monologue/,https://cdn.lapa.ninja/assets/images/1x/monologue-thumb.jpg,"[""#0f0f0f"", ""#3f3f3f""]","{""#0f0f0f"": 0.8754, ""#3f3f3f"": 0.0662}",#0f0f0f,dark neutral,"rounded buttons, sidebar, large typography, video background, grid layout, cta button","modern, retro, futuristic",0.75,Modern grid layout with dark neutral background and large typography.,"modern, grid, dark, typography, video-background, rounded-buttons",4
Lapa Ninja (Post),Ona,https://www.lapa.ninja/post/ona/,https://cdn.lapa.ninja/assets/images/1x/ona-thumb.jpg,"[""#fefefe"", ""#92a7c8""]","{""#fefefe"": 0.8248, ""#92a7c8"": 0.0648}",#fefefe,light neutral,"search bar, rounded buttons, split screen, icon list, sidebar, footer","modern, minimal, professional",0.75,Modern split screen layout with light neutral background and rounded buttons.,"modern, minimal, neutral, split-screen, rounded-buttons, professional",0
Lapa Ninja (Post),Jon Howell,https://www.lapa.ninja/post/jonhowell/,https://cdn.lapa.ninja/assets/images/1x/jonhowell-thumb.jpg,"[""#020102"", ""#392f32""]","{""#020102"": 0.6162, ""#392f32"": 0.1356}",#020102,dark neutral,"avatar, grid layout, large typography, search bar, video background, sidebar","futuristic, modern, artistic",0.75,Modern grid layout with dark neutral background and large typography.,"modern, grid, dark, typography, futuristic, artistic",4
Lapa Ninja (Post),Brainfish,https://www.lapa.ninja/post/brainfishai/,https://cdn.lapa.ninja/assets/images/1x/brainfishai-thumb.jpg,"[""#aeebe7"", ""#e2f6f9""]","{""#aeebe7"": 0.4277, ""#e2f6f9"": 0.2702}",#aeebe7,bright teal,"rounded buttons, top navigation, sidebar, pricing cards, feature list, search bar","modern, minimal, cool",0.71,Modern layout with bright teal sidebar and rounded buttons.,"modern, minimal, bright-teal, sidebar, rounded-buttons, pricing-cards",7
Lapa Ninja (Post),Board.fun,https://www.lapa.ninja/post/board-fun/,https://cdn.lapa.ninja/assets/images/1x/board-fun-thumb.jpg,"[""#332825"", ""#fefdf1""]","{""#332825"": 0.2149, ""#fefdf1"": 0.3194}",#332825,dark muted red,"large typography, split screen, grid layout, sidebar, rounded buttons, video background","modern, creative, artistic",0.61,Modern split screen layout with dark muted red typography and rounded buttons.,"modern, creative, dark-muted-red, grid, sidebar, rounded-buttons",5
Lapa Ninja (Post),Chipsa,https://www.lapa.ninja/post/chipsa/,https://cdn.lapa.ninja/assets/images/1x/chipsa-thumb.jpg,"[""#f5f5f5"", ""#161615""]","{""#f5f5f5"": 0.7214, ""#161615"": 0.089}",#f5f5f5,light neutral,"large typography, rounded buttons, sidebar, top navigation, avatar, form","futuristic, modern, minimal",0.75,Modern layout with light neutral background and large typography elements.,"modern, minimal, light, typography, rounded-buttons, sidebar",1
Lapa Ninja (Post),Aeons,https://www.lapa.ninja/post/aeons/,https://cdn.lapa.ninja/assets/images/1x/aeons-thumb.jpg,"[""#010101""]","{""#010101"": 0.9231}",#010101,dark neutral,"centered hero, avatar, icon list, video background, large typography, data table","cool, creative, futuristic",0.75,Futuristic layout with dark neutral tones featuring a centered hero and large typography.,"cool, creative, dark, modern, typography, video-background",6
Lapa Ninja (Post),MØM,https://www.lapa.ninja/post/matter-of-mind-2/,https://cdn.lapa.ninja/assets/images/1x/matter-of-mind-2-thumb.jpg,"[""#272928""]","{""#272928"": 0.8408}",#272928,dark gray,"large typography, sidebar, rounded buttons, grid layout, video background, data table","modern, minimal, bold",0.75,Modern grid layout with dark gray background and large typography.,"modern, minimal, dark-gray, bold, grid, typography",4
Lapa Ninja (Post),Merlin,https://www.lapa.ninja/post/merlin/,https://cdn.lapa.ninja/assets/images/1x/merlin-thumb.jpg,"[""#fdfefe"", ""#4f9cc0""]","{""#fdfefe"": 0.8424, ""#4f9cc0"": 0.0608}",#fdfefe,light neutral,"search bar, rounded buttons, avatar, sidebar, cta button, split screen","professional, modern, futuristic",0.75,Professional split screen layout with light neutral background and rounded buttons.,"professional, modern, neutral, split-screen, rounded-buttons, clean",0
Lapa Ninja (Post),CHRLS.DSGN,https://www.lapa.ninja/post/chrls/,https://cdn.lapa.ninja/assets/images/1x/chrls-thumb.jpg,"[""#e9e9e9"", ""#f46d21""]","{""#e9e9e9"": 0.7222, ""#f46d21"": 0.1001}",#e9e9e9,light gray,"sidebar, cta button, grid layout, large typography, single column, pricing cards","modern, minimal, professional",0.75,Modern single-column layout with light gray background and large typography.,"modern, minimal, light-gray, grid, professional, sidebar, typography",1
Lapa Ninja (Post),Fantasy,https://www.lapa.ninja/post/fantasy/,https://cdn.lapa.ninja/assets/images/1x/fantasy-thumb.jpg,"[""#0b0c0f""]","{""#0b0c0f"": 0.9331}",#0b0c0f,dark neutral,"rounded buttons, search bar, large typography, grid layout, feature list, split screen","futuristic, modern, minimal",0.75,Modern grid layout with dark neutral tones and large typography.,"modern, minimal, dark, grid, futuristic, rounded-buttons",4
Lapa Ninja (Post),Vibe-X,https://www.lapa.ninja/post/vibex/,https://cdn.lapa.ninja/assets/images/1x/vibex-thumb.jpg,"[""#080808""]","{""#080808"": 0.9377}",#080808,dark neutral,"rounded buttons, sidebar, video background, search bar, avatar, form","minimal, futuristic, modern",0.75,Minimal layout with dark neutral tones featuring a video background and rounded buttons.,"minimal, modern, dark, video-background, rounded-buttons, sidebar, futuristic",6
Lapa Ninja (Post),Creech,https://www.lapa.ninja/post/creech/,https://cdn.lapa.ninja/assets/images/1x/creech-thumb.jpg,"[""#f1f1f0"", ""#ba9893""]","{""#f1f1f0"": 0.5104, ""#ba9893"": 0.1722}",#f1f1f0,light neutral,"grid layout, search bar, icon list, sidebar, rounded buttons, feature list","minimal, modern, artistic",0.75,Minimal grid layout with light neutral background and rounded buttons.,"minimal, modern, light, grid, rounded-buttons, sidebar, artistic",2
Lapa Ninja (Post),LORE,https://www.lapa.ninja/post/lore/,https://cdn.lapa.ninja/assets/images/1x/lore-thumb.jpg,"[""#f8f8f8"", ""#170b05""]","{""#f8f8f8"": 0.469, ""#170b05"": 0.174}",#f8f8f8,light neutral,"rounded buttons, sidebar, video background, grid layout, avatar, split screen","minimal, futuristic, modern",0.73,Minimal grid layout with dark muted gray sidebar and rounded buttons.,"minimal, modern, dark-muted-gray, grid, rounded-buttons, split-screen",2
Lapa Ninja (Post),Taara,https://www.lapa.ninja/post/taaraconnect/,https://cdn.lapa.ninja/assets/images/1x/taaraconnect-thumb.jpg,"[""#ffffff"", ""#c5c1c1""]","{""#ffffff"": 0.7985, ""#c5c1c1"": 0.1192}",#ffffff,light neutral,"rounded buttons, large typography, top navigation, form, cta button, hero image","futuristic, modern, luxury",0.75,Modern layout with light neutral tones featuring large typography and rounded buttons.,"modern, neutral, futuristic, luxury, rounded-buttons, typography, hero",1
Lapa Ninja (Post),Control,https://www.lapa.ninja/post/cntrl-2/,https://cdn.lapa.ninja/assets/images/1x/cntrl-2-thumb.jpg,"[""#ffffff"", ""#0b0b0b""]","{""#ffffff"": 0.7688, ""#0b0b0b"": 0.1556}",#ffffff,light neutral,"split screen, sidebar, rounded buttons, grid layout, feature list, two-column layout","modern, futuristic, creative",0.75,Modern split screen layout with light neutral background and rounded buttons.,"modern, split-screen, light, rounded-buttons, grid, creative",0
Lapa Ninja (Post),Stephanie Bruce,https://www.lapa.ninja/post/stephaniebruce-2/,https://cdn.lapa.ninja/assets/images/1x/stephaniebruce-2-thumb.jpg,"[""#0a0a0a"", ""#26523b""]","{""#0a0a0a"": 0.8201, ""#26523b"": 0.0594}",#0a0a0a,dark neutral,"large typography, grid layout, split screen, rounded buttons, sidebar, search bar","modern, minimal, futuristic",0.75,Modern grid layout with dark neutral tones and large typography.,"modern, minimal, dark, grid, typography, futuristic, sidebar",4
Lapa Ninja (Post),Cloudflare Sandbox,https://www.lapa.ninja/post/cloudflare-sandbox/,https://cdn.lapa.ninja/assets/images/1x/cloudflare-sandbox-thumb.jpg,"[""#0b0b0b""]","{""#0b0b0b"": 0.8904}",#0b0b0b,dark neutral,"grid layout, sidebar, rounded buttons, search bar, feature list, large typography","minimal, modern, luxury",0.75,Minimal grid layout with dark neutral tones and large typography.,"minimal, modern, dark, grid, typography, luxury",4
Lapa Ninja (Post),Quantum Body,https://www.lapa.ninja/post/quantumbody/,https://cdn.lapa.ninja/assets/images/1x/quantumbody-thumb.jpg,"[""#211d16"", ""#0c0f0d""]","{""#211d16"": 0.5245, ""#0c0f0d"": 0.2984}",#211d16,dark muted orange,"grid layout, video background, avatar, rounded buttons, large typography, sidebar","modern, minimal, artistic",0.75,Modern grid layout with dark muted orange video background and large typography.,"modern, minimal, dark-muted-orange, grid, video-background, rounded-buttons, artistic",6
Lapa Ninja (Post),FUTURE THREE,https://www.lapa.ninja/post/futurethree/,https://cdn.lapa.ninja/assets/images/1x/futurethree-thumb.jpg,"[""#efefef"", ""#afb89f""]","{""#efefef"": 0.495, ""#afb89f"": 0.1545}",#efefef,light neutral,"large typography, split screen, sidebar, form, rounded buttons, video background","modern, futuristic, creative",0.75,Modern split screen layout with light neutral background and large typography.,"modern, creative, light, split-screen, large-typography, rounded-buttons, sidebar",0
Lapa Ninja (Post),David AI,https://www.lapa.ninja/post/withdavid/,https://cdn.lapa.ninja/assets/images/1x/withdavid-thumb.jpg,"[""#f7f8f3""]","{""#f7f8f3"": 0.9652}",#f7f8f3,light neutral,"large typography, rounded buttons, pricing cards, grid layout, footer, sidebar","minimal, modern, cool",0.75,Minimal grid layout with light neutral background and large typography.,"minimal, modern, light, grid, typography, rounded-buttons, pricing-cards",3
Lapa Ninja (Post),poolside,https://www.lapa.ninja/post/poolside/,https://cdn.lapa.ninja/assets/images/1x/poolside-thumb.jpg,"[""#1a1a1a""]","{""#1a1a1a"": 0.956}",#1a1a1a,dark gray,"large typography, grid layout, data table, top navigation, footer, single column","minimal, modern, futuristic",0.75,Minimal grid layout with dark gray typography and a structured data table.,"minimal, modern, dark-gray, grid, typography, data-table, structured",4
Lapa Ninja (Post),xmcp,https://www.lapa.ninja/post/xmcp/,https://cdn.lapa.ninja/assets/images/1x/xmcp-thumb.jpg,"[""#010101""]","{""#010101"": 0.971}",#010101,dark neutral,"search bar, feature list, icon list, grid layout, top navigation, large typography","futuristic, cool, creative",0.75,Futuristic grid layout with dark neutral tones and large typography.,"futuristic, cool, dark, grid, typography, creative",4
Lapa Ninja (Post),GAÏO,https://www.lapa.ninja/post/gaio/,https://cdn.lapa.ninja/assets/images/1x/gaio-thumb.jpg,"[""#0a0909"", ""#fdf1d9""]","{""#0a0909"": 0.5182, ""#fdf1d9"": 0.3478}",#0a0909,dark neutral,"sidebar, pricing cards, footer, data table, large typography, feature list","luxury, modern, cool",0.75,Modern layout with dark neutral tones featuring large typography and a sidebar.,"modern, luxury, dark, sidebar, typography, pricing-cards",1
Lapa Ninja (Post),General Condition,https://www.lapa.ninja/post/generalcondition/,https://cdn.lapa.ninja/assets/images/1x/generalcondition-thumb.jpg,"[""#e7cbc6"", ""#141211""]","{""#e7cbc6"": 0.4151, ""#141211"": 0.3308}",#e7cbc6,bright red,"large typography, rounded buttons, icon list, pricing cards, feature list, sidebar","modern, creative, artistic",0.71,Modern layout with bright red typography and rounded buttons for a creative touch.,"modern, creative, bright-red, rounded-buttons, typography, pricing-cards",7
Lapa Ninja (Post),Null Studio,https://www.lapa.ninja/post/nullstudio/,https://cdn.lapa.ninja/assets/images/1x/nullstudio-thumb.jpg,"[""#131312"", ""#f6f6f6""]","{""#131312"": 0.2207, ""#f6f6f6"": 0.4872}",#131312,dark neutral,"large typography, grid layout, rounded buttons, sidebar, video background, footer","minimal, futuristic, modern",0.61,Minimal grid layout with dark neutral tones and large typography.,"minimal, modern, dark, grid, typography, futuristic, sidebar",4
Lapa Ninja (Post),Paradigm,https://www.lapa.ninja/post/paradigmai/,https://cdn.lapa.ninja/assets/images/1x/paradigmai-thumb.jpg,"[""#0a0c13"", ""#f5f7f9""]","{""#0a0c13"": 0.2956, ""#f5f7f9"": 0.5745}",#0a0c13,dark neutral,"grid layout, large typography, rounded buttons, feature list, footer, pricing cards","minimal, modern, futuristic",0.65,Minimal grid layout with dark neutral tones and large typography.,"minimal, modern, dark-neutral, grid, typography, rounded-buttons, futuristic",4
Lapa Ninja (Post),Kikk Festival 2025,https://www.lapa.ninja/post/kikk-2025/,https://cdn.lapa.ninja/assets/images/1x/kikk-2025-thumb.jpg,"[""#efefef"", ""#ef692f""]","{""#efefef"": 0.4084, ""#ef692f"": 0.2177}",#efefef,light neutral,"large typography, sidebar, footer, logo, video background, split screen","cool, minimal, retro",0.7,Minimal split screen layout with light neutral background and large typography.,"minimal, cool, light, typography, split-screen, retro",5
Lapa Ninja (Post),darkroom.engineering,https://www.lapa.ninja/post/darkroom-engineering/,https://cdn.lapa.ninja/assets/images/1x/darkroom-engineering-thumb.jpg,"[""#030102"", ""#2f2632""]","{""#030102"": 0.6214, ""#2f2632"": 0.1588}",#030102,dark neutral,"video background, rounded buttons, sidebar, feature list, grid layout, hero image","cool, retro, creative",0.75,Dark neutral layout featuring a video background with rounded buttons and a grid structure.,"dark, neutral, retro, creative, video-background, rounded-buttons, grid",6
Lapa Ninja (Post),React Email,https://www.lapa.ninja/post/react-email/,https://cdn.lapa.ninja/assets/images/1x/react-email-thumb.jpg,"[""#010102"", ""#05121c""]","{""#010102"": 0.7517, ""#05121c"": 0.1601}",#010102,dark neutral,"search bar, large typography, split screen, footer, rounded buttons, avatar","futuristic, modern, minimal",0.75,Modern split screen layout with dark neutral background and large typography.,"modern, minimal, dark, split-screen, typography, rounded-buttons",0
Lapa Ninja (Post),Liftoff,https://www.lapa.ninja/post/liftoff/,https://cdn.lapa.ninja/assets/images/1x/liftoff-thumb.jpg,"[""#fefaf4"", ""#dbd4d3""]","{""#fefaf4"": 0.8849, ""#dbd4d3"": 0.0601}",#fefaf4,light neutral,"rounded buttons, search bar, grid layout, sidebar, large typography, icon list","modern, trustworthy, minimal",0.75,Modern grid layout with light neutral background and large typography.,"modern, minimal, light, grid, typography, rounded-buttons, trustworthy",3
Lapa Ninja (Post),David Alaba,https://www.lapa.ninja/post/davidalaba/,https://cdn.lapa.ninja/assets/images/1x/davidalaba-thumb.jpg,"[""#fffefe"", ""#191016""]","{""#fffefe"": 0.5534, ""#191016"": 0.1574}",#fffefe,light neutral,"video background, sidebar, split screen, avatar, single column, large typography","modern, creative, professional",0.75,Modern split screen layout with light neutral background and large typography.,"modern, creative, professional, split-screen, large-typography, sidebar",5
Lapa Ninja (Post),Qatchup,https://www.lapa.ninja/post/qatchup/,https://cdn.lapa.ninja/assets/images/1x/qatchup-thumb.jpg,"[""#fafafa"", ""#29292a""]","{""#fafafa"": 0.852, ""#29292a"": 0.1008}",#fafafa,light neutral,"rounded buttons, grid layout, large typography, pricing cards, top navigation, footer","modern, minimal, vibrant",0.75,Modern grid layout with light neutral background and large typography.,"modern, minimal, light, grid, typography, rounded-buttons, vibrant",3
Lapa Ninja (Post),Era,https://www.lapa.ninja/post/era-app-2/,https://cdn.lapa.ninja/assets/images/1x/era-app-2-thumb.jpg,"[""#1a1a18"", ""#bfcdcc""]","{""#1a1a18"": 0.3528, ""#bfcdcc"": 0.3278}",#1a1a18,dark gray,"grid layout, large typography, rounded buttons, pricing cards, top navigation, sidebar","modern, minimal, cool",0.68,Modern grid layout with dark gray theme and large typography.,"modern, minimal, dark-gray, grid, typography, rounded-buttons",4
Lapa Ninja (Post),Sunset,https://www.lapa.ninja/post/hellosunset/,https://cdn.lapa.ninja/assets/images/1x/hellosunset-thumb.jpg,"[""#f0e9df"", ""#c6b8aa""]","{""#f0e9df"": 0.7832, ""#c6b8aa"": 0.0964}",#f0e9df,light bright orange,"rounded buttons, large typography, grid layout, footer, pricing cards, split screen","minimal, modern, professional",0.75,Minimal grid layout with light neutral tones and large typography.,"minimal, modern, neutral, grid, typography, professional",3
Lapa Ninja (Post),Taya,https://www.lapa.ninja/post/tayanecklace/,https://cdn.lapa.ninja/assets/images/1x/tayanecklace-thumb.jpg,"[""#fffefd"", ""#c4b6a4""]","{""#fffefd"": 0.5615, ""#c4b6a4"": 0.1454}",#fffefd,light neutral,"rounded buttons, video background, pricing cards, sidebar, feature list, large typography","modern, artistic, creative",0.75,Modern layout with light neutral tones featuring a video background and rounded buttons.,"modern, artistic, light, video-background, rounded-buttons, creative, pricing-cards",6
Lapa Ninja (Post),When We Love,https://www.lapa.ninja/post/whenwelove/,https://cdn.lapa.ninja/assets/images/1x/whenwelove-thumb.jpg,"[""#e6e4e4"", ""#d0c4cd""]","{""#e6e4e4"": 0.7472, ""#d0c4cd"": 0.1255}",#e6e4e4,light gray,"large typography, video background, sidebar, grid layout, footer, chart","minimal, creative, cool",0.75,Minimal grid layout with light gray background and large typography.,"minimal, grid, light-gray, creative, video-background, typography",3
Lapa Ninja (Post),Rob Figueredo,https://www.lapa.ninja/post/robably/,https://cdn.lapa.ninja/assets/images/1x/robably-thumb.jpg,"[""#fbfbfb""]","{""#fbfbfb"": 0.9289}",#fbfbfb,light neutral,"grid layout, large typography, top navigation, rounded buttons, video background, sidebar","modern, minimal, creative",0.75,Modern grid layout with light neutral background and large typography.,"modern, minimal, grid, typography, rounded-buttons, creative",3
Lapa Ninja (Post),Groth Studio,https://www.lapa.ninja/post/groth/,https://cdn.lapa.ninja/assets/images/1x/groth-thumb.jpg,"[""#dad5c1"", ""#fefefe""]","{""#dad5c1"": 0.4049, ""#fefefe"": 0.1921}",#dad5c1,muted yellow,"grid layout, large typography, footer, form, icon list, sidebar","modern, minimal, creative",0.7,Modern grid layout with muted yellow typography and a prominent sidebar.,"modern, minimal, muted-yellow, grid, typography, sidebar",4
Lapa Ninja (Post),Ditto,https://www.lapa.ninja/post/trustditto/,https://cdn.lapa.ninja/assets/images/1x/trustditto-thumb.jpg,"[""#eff1e4"", ""#4e6d5a""]","{""#eff1e4"": 0.8367, ""#4e6d5a"": 0.0526}",#eff1e4,light neutral,"grid layout, rounded buttons, pricing cards, large typography, feature list, video background","modern, minimal, vibrant",0.75,Modern grid layout with light neutral background and large typography.,"modern, minimal, light, grid, typography, vibrant, rounded-buttons",3
Lapa Ninja (Post),Essential,https://www.lapa.ninja/post/essential/,https://cdn.lapa.ninja/assets/images/1x/essential-thumb.jpg,"[""#f1f0f0"", ""#090909""]","{""#f1f0f0"": 0.7689, ""#090909"": 0.1243}",#f1f0f0,light neutral,"large typography, grid layout, split screen, rounded buttons, sidebar, footer","modern, futuristic, retro",0.75,Modern grid layout with light neutral background and large typography.,"modern, grid, light, large-typography, split-screen, rounded-buttons",3
Lapa Ninja (Post),Make It Real Fund Merch,https://www.lapa.ninja/post/mirfundmerch/,https://cdn.lapa.ninja/assets/images/1x/mirfundmerch-thumb.jpg,"[""#2a2aa4"", ""#010230""]","{""#2a2aa4"": 0.4124, ""#010230"": 0.3637}",#2a2aa4,bright blue,"large typography, video background, sidebar, logo, split screen, rounded buttons","cool, minimal, creative",0.71,Creative split screen layout with bright blue video background and large typography.,"cool, minimal, bright-blue, split-screen, video-background, rounded-buttons",5
Lapa Ninja (Post),Duna,https://www.lapa.ninja/post/duna/,https://cdn.lapa.ninja/assets/images/1x/duna-thumb.jpg,"[""#f2caac"", ""#fefefe""]","{""#f2caac"": 0.1861, ""#fefefe"": 0.702}",#f2caac,bright orange,"rounded buttons, top navigation, grid layout, footer, search bar, sidebar","minimal, modern, calm",0.59,Minimal grid layout with bright orange accents and rounded buttons.,"minimal, modern, bright-orange, grid, rounded-buttons, calm",2
Lapa Ninja (Post),Dulcedo,https://www.lapa.ninja/post/dulcedo/,https://cdn.lapa.ninja/assets/images/1x/dulcedo-thumb.jpg,"[""#0b0b0b"", ""#f4f4f4""]","{""#0b0b0b"": 0.6101, ""#f4f4f4"": 0.2778}",#0b0b0b,dark neutral,"sidebar, rounded buttons, feature list, video background, large typography, pricing cards","modern, minimal, moody",0.75,Modern layout with dark neutral tones featuring large typography and rounded buttons.,"modern, minimal, dark, typography, rounded-buttons, sidebar, video-background",1
Lapa Ninja (Post),REF Digital Agency,https://www.lapa.ninja/post/ref/,https://cdn.lapa.ninja/assets/images/1x/ref-thumb.jpg,"[""#c4b9ae"", ""#10086b""]","{""#c4b9ae"": 0.5056, ""#10086b"": 0.2417}",#c4b9ae,muted orange,"grid layout, video background, footer, split screen, icon list, sidebar","minimal, modern, artistic",0.75,Minimal split screen layout with muted orange video background and grid elements.,"minimal, modern, muted-orange, grid, video-background, artistic, sidebar",5
Lapa Ninja (Post),Genie,https://www.lapa.ninja/post/geniestudio/,https://cdn.lapa.ninja/assets/images/1x/geniestudio-thumb.jpg,"[""#fbfdff""]","{""#fbfdff"": 0.9585}",#fbfdff,light neutral,"search bar, rounded buttons, feature list, large typography, video background, sidebar","creative, cool, friendly",0.75,Creative layout with light neutral tones featuring large typography and a video background.,"creative, friendly, light, modern, video-background, rounded-buttons, sidebar",6
Lapa Ninja (Post),Coda,https://www.lapa.ninja/post/coda-co/,https://cdn.lapa.ninja/assets/images/1x/coda-co-thumb.jpg,"[""#f7f9eb"", ""#023e22""]","{""#f7f9eb"": 0.5496, ""#023e22"": 0.3339}",#f7f9eb,light neutral,"cta button, rounded buttons, sidebar, video background, avatar, pricing cards","trustworthy, creative, modern",0.75,Modern layout with light neutral background and rounded buttons alongside a video background.,"modern, light, neutral, rounded-buttons, video, sidebar, trustworthy",6
Lapa Ninja (Post),Cursor,https://www.lapa.ninja/post/cursor-2/,https://cdn.lapa.ninja/assets/images/1x/cursor-2-thumb.jpg,"[""#17140e"", ""#b9b6b1""]","{""#17140e"": 0.8103, ""#b9b6b1"": 0.0821}",#17140e,dark neutral,"split screen, grid layout, video background, sidebar, search bar, feature list","modern, minimal, professional",0.75,Modern split screen layout with dark neutral tones and a video background.,"modern, minimal, dark, grid, professional, video-background",5
Lapa Ninja (Post),Tilt,https://www.lapa.ninja/post/tilt/,https://cdn.lapa.ninja/assets/images/1x/tilt-thumb.jpg,"[""#171616"", ""#f8f7f3""]","{""#171616"": 0.5117, ""#f8f7f3"": 0.3631}",#171616,dark gray,"grid layout, pricing cards, sidebar, rounded buttons, centered hero, footer","modern, professional, retro",0.75,Modern grid layout with dark gray pricing cards and rounded buttons.,"modern, professional, dark-gray, grid, pricing-cards, rounded-buttons, hero",7
Lapa Ninja (Post),THE LINE Studio,https://www.lapa.ninja/post/thelinestudio/,https://cdn.lapa.ninja/assets/images/1x/thelinestudio-thumb.jpg,"[""#250410"", ""#eaebee""]","{""#250410"": 0.3233, ""#eaebee"": 0.3093}",#250410,dark neutral,"sidebar, video background, rounded buttons, hero image, split screen, footer","bold, cool, artistic",0.66,Bold split screen layout with dark neutral hero and rounded buttons.,"bold, artistic, dark-neutral, split-screen, video-background, modern",5
Lapa Ninja (Post),Super Chill,https://www.lapa.ninja/post/superchill/,https://cdn.lapa.ninja/assets/images/1x/superchill-thumb.jpg,"[""#f1ebde"", ""#ea95d3""]","{""#f1ebde"": 0.5965, ""#ea95d3"": 0.2051}",#f1ebde,light bright orange,"rounded buttons, sidebar, grid layout, split screen, large typography, footer","modern, calm, futuristic",0.75,Modern grid layout with light bright orange sidebar and large typography.,"modern, calm, light-orange, grid, rounded-buttons, sidebar, typography",4
Lapa Ninja (Post),Pikkas,https://www.lapa.ninja/post/pikkasinternational/,https://cdn.lapa.ninja/assets/images/1x/pikkasinternational-thumb.jpg,"[""#f5f7f5"", ""#957c52""]","{""#f5f7f5"": 0.6145, ""#957c52"": 0.1499}",#f5f7f5,light neutral,"sidebar, large typography, video background, grid layout, split screen, feature list","playful, modern, friendly",0.75,Modern split screen layout with light neutral background and large typography.,"playful, friendly, modern, grid, video-background, typography",5
Lapa Ninja (Post),Meracinque,https://www.lapa.ninja/post/meracinque/,https://cdn.lapa.ninja/assets/images/1x/meracinque-thumb.jpg,"[""#f9f5e5"", ""#84633b""]","{""#f9f5e5"": 0.4411, ""#84633b"": 0.149}",#f9f5e5,light neutral,"sidebar, video background, rounded buttons, feature list, footer, search bar","cool, creative, modern",0.72,Modern layout with light neutral background and rounded buttons for interaction.,"modern, creative, light, rounded-buttons, sidebar, video-background, footer",6
Lapa Ninja (Post),Hot Type,https://www.lapa.ninja/post/hottype/,https://cdn.lapa.ninja/assets/images/1x/hottype-thumb.jpg,"[""#fefefe"", ""#090a08""]","{""#fefefe"": 0.7616, ""#090a08"": 0.1096}",#fefefe,light neutral,"large typography, two-column layout, grid layout, icon list, feature list, form","modern, minimal, artistic",0.75,Modern two-column layout with dark typography and a structured grid design.,"modern, minimal, dark, grid, typography, layout",1
Lapa Ninja (Post),GT Pantheon,https://www.lapa.ninja/post/gt-pantheon/,https://cdn.lapa.ninja/assets/images/1x/gt-pantheon-thumb.jpg,"[""#010101"", ""#5b05e5""]","{""#010101"": 0.835, ""#5b05e5"": 0.0777}",#010101,dark neutral,"large typography, sidebar, icon list, logo, top navigation, video background","modern, cool, trustworthy",0.75,Modern layout with dark neutral tones featuring large typography and a video background.,"modern, dark, typography, video-background, sidebar, trustworthy",6
Lapa Ninja (Post),Duten,https://www.lapa.ninja/post/duten/,https://cdn.lapa.ninja/assets/images/1x/duten-thumb.jpg,"[""#e4e4e4""]","{""#e4e4e4"": 0.897}",#e4e4e4,light gray,"large typography, sidebar, footer, pricing cards, grid layout, form","modern, minimal, futuristic",0.75,Modern grid layout with light gray background and large typography elements.,"modern, minimal, light-gray, grid, typography, pricing-cards, sidebar",3
Lapa Ninja (Post),Dirty Vine,https://www.lapa.ninja/post/dirtyvine/,https://cdn.lapa.ninja/assets/images/1x/dirtyvine-thumb.jpg,"[""#f7f0e7"", ""#484023""]","{""#f7f0e7"": 0.4772, ""#484023"": 0.2247}",#f7f0e7,light neutral,"grid layout, rounded buttons, pricing cards, footer, sidebar, feature list","luxury, modern, calm",0.74,Modern grid layout with light neutral tones and rounded buttons.,"modern, grid, light, luxury, calm, rounded-buttons, pricing-cards",2
Lapa Ninja (Post),Arkeale,https://www.lapa.ninja/post/arkeale/,https://cdn.lapa.ninja/assets/images/1x/arkeale-thumb.jpg,"[""#1d2f27"", ""#4c5149""]","{""#1d2f27"": 0.5651, ""#4c5149"": 0.1691}",#1d2f27,dark muted green,"sidebar, grid layout, avatar, feature list, pricing cards, video background","modern, futuristic, minimal",0.75,Modern grid layout with dark muted green sidebar and video background.,"modern, grid, dark-muted-green, sidebar, minimal, futuristic",6
Lapa Ninja (Post),Portal,https://www.lapa.ninja/post/useportal/,https://cdn.lapa.ninja/assets/images/1x/useportal-thumb.jpg,"[""#7190f1"", ""#f6f6f6""]","{""#7190f1"": 0.1922, ""#f6f6f6"": 0.5878}",#7190f1,bright blue,"rounded buttons, grid layout, top navigation, search bar, cta button, sidebar","modern, minimal, calm",0.6,Modern grid layout with bright blue top navigation and rounded buttons.,"modern, minimal, bright-blue, grid, rounded-buttons, calm, navigation",2
Lapa Ninja (Post),Matic,https://www.lapa.ninja/post/maticrobots/,https://cdn.lapa.ninja/assets/images/1x/maticrobots-thumb.jpg,"[""#d6d6d4"", ""#ffffff""]","{""#d6d6d4"": 0.366, ""#ffffff"": 0.2725}",#d6d6d4,light gray,"grid layout, cta button, rounded buttons, search bar, avatar, sidebar","futuristic, modern, minimal",0.68,Modern grid layout with light gray tones and rounded buttons.,"modern, minimal, light-gray, grid, rounded-buttons, futuristic",2
Lapa Ninja (Post),Form&Fun,https://www.lapa.ninja/post/formandfun/,https://cdn.lapa.ninja/assets/images/1x/formandfun-thumb.jpg,"[""#fcc8e2"", ""#fffefe""]","{""#fcc8e2"": 0.36, ""#fffefe"": 0.4802}",#fcc8e2,light bright red,"form, large typography, footer, sidebar, avatar, feature list","futuristic, modern, artistic",0.68,Modern layout with light bright red typography and a structured sidebar.,"modern, futuristic, light-red, typography, sidebar, artistic",1
Lapa Ninja (Post),Bloom & Wolf,https://www.lapa.ninja/post/bloomandwolf/,https://cdn.lapa.ninja/assets/images/1x/bloomandwolf-thumb.jpg,"[""#772326"", ""#f7f7f5""]","{""#772326"": 0.2275, ""#f7f7f5"": 0.5531}",#772326,bright red,"grid layout, large typography, rounded buttons, pricing cards, video background, footer","creative, modern, artistic",0.61,Creative grid layout with bright red typography and rounded buttons.,"modern, artistic, grid, bright-red, typography, rounded-buttons, pricing-cards",7
Lapa Ninja (Post),Azione,https://www.lapa.ninja/post/azionepr/,https://cdn.lapa.ninja/assets/images/1x/azionepr-thumb.jpg,"[""#17201a"", ""#70452e""]","{""#17201a"": 0.3475, ""#70452e"": 0.3027}",#17201a,dark muted green,"sidebar, grid layout, rounded buttons, two-column layout, split screen, form","modern, artistic, minimal",0.67,Modern split screen layout with dark muted green sidebar and rounded buttons.,"modern, artistic, dark-muted-green, grid, rounded-buttons, minimal, form",0
Lapa Ninja (Post),Maggie App,https://www.lapa.ninja/post/maggie-app/,https://cdn.lapa.ninja/assets/images/1x/maggie-app-thumb.jpg,"[""#fcfe94"", ""#82eca7""]","{""#fcfe94"": 0.5433, ""#82eca7"": 0.3113}",#fcfe94,bright yellow,"icon list, sidebar, feature list, footer, search bar, card list","modern, creative, cool",0.75,Modern layout with bright yellow sidebar and organized feature list.,"modern, creative, bright-yellow, sidebar, feature-list, organized",1
Lapa Ninja (Post),Grit Pictures,https://www.lapa.ninja/post/grit/,https://cdn.lapa.ninja/assets/images/1x/grit-thumb.jpg,"[""#060606"", ""#f7f7f7""]","{""#060606"": 0.7411, ""#f7f7f7"": 0.0979}",#060606,dark neutral,"sidebar, large typography, video background, card list, footer, feature list","cool, creative, artistic",0.75,Creative layout with dark neutral tones featuring large typography and a video background.,"cool, artistic, dark-neutral, typography, video-background, sidebar, modern",6
Lapa Ninja (Post),That One Couple,https://www.lapa.ninja/post/thatonecouple/,https://cdn.lapa.ninja/assets/images/1x/thatonecouple-thumb.jpg,"[""#341b18"", ""#fcfcfc""]","{""#341b18"": 0.2701, ""#fcfcfc"": 0.3778}",#341b18,dark bright red,"rounded buttons, grid layout, sidebar, split screen, large typography, search bar","modern, retro, bold",0.64,Modern split screen layout with dark bright red sidebar and large typography.,"modern, bold, dark-red, split-screen, grid, rounded-buttons",0
Lapa Ninja (Post),Studio Tyrsa,https://www.lapa.ninja/post/studiotyrsa/,https://cdn.lapa.ninja/assets/images/1x/studiotyrsa-thumb.jpg,"[""#100b0c"", ""#fbfbfb""]","{""#100b0c"": 0.2289, ""#fbfbfb"": 0.3659}",#100b0c,dark neutral,"video background, sidebar, rounded buttons, footer, feature list, large typography","cool, retro, professional",0.61,Professional layout with dark neutral video background and large typography.,"professional, cool, dark-neutral, video-background, rounded-buttons, retro, sidebar",6
Lapa Ninja (Post),Revitin,https://www.lapa.ninja/post/revitin/,https://cdn.lapa.ninja/assets/images/1x/revitin-thumb.jpg,"[""#fbf6e8""]","{""#fbf6e8"": 0.8931}",#fbf6e8,light neutral,"rounded buttons, grid layout, large typography, footer, search bar, sidebar","minimal, luxury, modern",0.75,Minimal grid layout with light neutral tones and large typography.,"minimal, luxury, modern, grid, typography, rounded-buttons",3
Lapa Ninja (Post),Early Works,https://www.lapa.ninja/post/early/,https://cdn.lapa.ninja/assets/images/1x/early-thumb.jpg,"[""#010101"", ""#d7dfeb""]","{""#010101"": 0.6468, ""#d7dfeb"": 0.2162}",#010101,dark neutral,"rounded buttons, large typography, pricing cards, single column, sidebar, chart","modern, futuristic, professional",0.75,Modern single column layout with dark neutral tones and large typography.,"modern, professional, dark, single-column, typography, rounded-buttons",1
Lapa Ninja (Post),Exrcst,https://www.lapa.ninja/post/exrcst/,https://cdn.lapa.ninja/assets/images/1x/exrcst-thumb.jpg,"[""#f1f1f1"", ""#1b0e0e""]","{""#f1f1f1"": 0.4754, ""#1b0e0e"": 0.1778}",#f1f1f1,light neutral,"sidebar, large typography, video background, feature list, icon list, split screen","modern, artistic, minimal",0.74,Modern split screen layout with light neutral background and large typography.,"modern, minimal, light, split-screen, typography, artistic",5
Lapa Ninja (Post),Scout Motors,https://www.lapa.ninja/post/scoutmotors/,https://cdn.lapa.ninja/assets/images/1x/scoutmotors-thumb.jpg,"[""#1f1718"", ""#aaa3a0""]","{""#1f1718"": 0.2916, ""#aaa3a0"": 0.2236}",#1f1718,dark muted red,"video background, sidebar, top navigation, search bar, rounded buttons, feature list","retro, trustworthy, modern",0.65,Modern layout with dark muted red video background and rounded buttons.,"modern, retro, dark-red, video, sidebar, rounded-buttons",6
Lapa Ninja (Post),T3 by EquipmentShare,https://www.lapa.ninja/post/t3/,https://cdn.lapa.ninja/assets/images/1x/t3-thumb.jpg,"[""#161711"", ""#fdf3e9""]","{""#161711"": 0.3565, ""#fdf3e9"": 0.3272}",#161711,dark muted yellow,"grid layout, top navigation, large typography, footer, feature list, rounded buttons","modern, futuristic, minimal",0.68,Modern grid layout with dark muted yellow typography and rounded buttons.,"modern, grid, dark-muted-yellow, rounded-buttons, typography, minimal",4
Lapa Ninja (Post),Sunrise Robotics,https://www.lapa.ninja/post/sunriserobotics/,https://cdn.lapa.ninja/assets/images/1x/sunriserobotics-thumb.jpg,"[""#e3e3dd"", ""#0f100a""]","{""#e3e3dd"": 0.4856, ""#0f100a"": 0.2537}",#e3e3dd,light gray,"large typography, rounded buttons, sidebar, grid layout, form, top navigation","minimal, modern, cool",0.74,Minimal grid layout with light gray background and large typography.,"minimal, modern, light-gray, grid, typography, rounded-buttons",3
Lapa Ninja (Post),Normal Computing,https://www.lapa.ninja/post/normalcomputing/,https://cdn.lapa.ninja/assets/images/1x/normalcomputing-thumb.jpg,"[""#e0e0e4"", ""#0e191e""]","{""#e0e0e4"": 0.431, ""#0e191e"": 0.3739}",#e0e0e4,light gray,"large typography, rounded buttons, grid layout, split screen, top navigation, sidebar","modern, futuristic, calm",0.72,Modern split screen layout with light gray background and large typography.,"modern, calm, light-gray, grid, rounded-buttons, sidebar, top-navigation",0
Lapa Ninja (Post),Michael Aust,https://www.lapa.ninja/post/michael-aust/,https://cdn.lapa.ninja/assets/images/1x/michael-aust-thumb.jpg,"[""#d8d8d8"", ""#363636""]","{""#d8d8d8"": 0.5502, ""#363636"": 0.2836}",#d8d8d8,light gray,"large typography, split screen, sidebar, search bar, rounded buttons, footer","trustworthy, modern, professional",0.75,Modern split screen layout with light gray background and large typography.,"modern, professional, light-gray, split-screen, typography, rounded-buttons",0
Lapa Ninja (Post),Dorian Lods,https://www.lapa.ninja/post/dorianlods/,https://cdn.lapa.ninja/assets/images/1x/dorianlods-thumb.jpg,"[""#080509"", ""#dcdadc""]","{""#080509"": 0.8708, ""#dcdadc"": 0.0588}",#080509,dark neutral,"large typography, rounded buttons, video background, footer, pricing cards, sidebar","cool, creative, bold",0.75,Bold dark layout featuring large typography and rounded buttons with a video background.,"bold, dark, creative, typography, rounded-buttons, video-background, modern",6
Lapa Ninja (Post),Olha Lazarieva,https://www.lapa.ninja/post/olhalazarieva/,https://cdn.lapa.ninja/assets/images/1x/olhalazarieva-thumb.jpg,"[""#111110"", ""#f7f7f6""]","{""#111110"": 0.3269, ""#f7f7f6"": 0.5975}",#111110,dark neutral,"large typography, grid layout, pricing cards, sidebar, split screen, feature list","creative, modern, artistic",0.66,Creative grid layout with dark neutral tones and large typography.,"modern, artistic, grid, dark-neutral, typography, pricing-cards, sidebar",7
Lapa Ninja (Post),Panconesi,https://www.lapa.ninja/post/marcopanconesi/,https://cdn.lapa.ninja/assets/images/1x/marcopanconesi-thumb.jpg,"[""#fcfcfc"", ""#b8b2ad""]","{""#fcfcfc"": 0.4012, ""#b8b2ad"": 0.1608}",#fcfcfc,light neutral,"rounded buttons, grid layout, sidebar, icon list, avatar, feature list","modern, minimal, bold",0.7,Modern grid layout with light neutral background and rounded buttons.,"modern, minimal, light, grid, rounded-buttons, sidebar, bold",2
Lapa Ninja (Post),Ink Games,https://www.lapa.ninja/post/inkgames/,https://cdn.lapa.ninja/assets/images/1x/inkgames-thumb.jpg,"[""#0b0f12"", ""#e7ecee""]","{""#0b0f12"": 0.6113, ""#e7ecee"": 0.1145}",#0b0f12,dark neutral,"sidebar, video background, feature list, card list, icon list, split screen","retro, modern, futuristic",0.75,Modern split screen layout with dark neutral video background and feature list cards.,"modern, split-screen, dark-neutral, retro, video-background, feature-list",5
Lapa Ninja (Post),Celeres,https://www.lapa.ninja/post/celeresinvestments/,https://cdn.lapa.ninja/assets/images/1x/celeresinvestments-thumb.jpg,"[""#efe9e1"", ""#c6b3a9""]","{""#efe9e1"": 0.7687, ""#c6b3a9"": 0.0787}",#efe9e1,light muted orange,"sidebar, grid layout, video background, rounded buttons, pricing cards, feature list","professional, modern, minimal",0.75,Professional grid layout with light muted orange background and rounded buttons.,"professional, modern, minimal, light, grid, rounded-buttons, video-background",2
Lapa Ninja (Post),Cofounder,https://www.lapa.ninja/post/cofounder/,https://cdn.lapa.ninja/assets/images/1x/cofounder-thumb.jpg,"[""#fdfefc"", ""#54b1d7""]","{""#fdfefc"": 0.6023, ""#54b1d7"": 0.1248}",#fdfefc,light neutral,"rounded buttons, grid layout, search bar, video background, sidebar, large typography","minimal, modern, calm",0.75,Minimal grid layout with light neutral background and rounded buttons.,"minimal, modern, calm, grid, rounded-buttons, large-typography",2
Lapa Ninja (Post),Dayos,https://www.lapa.ninja/post/dayos/,https://cdn.lapa.ninja/assets/images/1x/dayos-thumb.jpg,"[""#010101"", ""#e6e6e6""]","{""#010101"": 0.5734, ""#e6e6e6"": 0.3502}",#010101,dark neutral,"large typography, data table, form, pricing cards, avatar, grid layout","modern, futuristic, cool",0.75,Modern grid layout featuring dark neutral tones with large typography and pricing cards.,"modern, grid, dark-neutral, typography, pricing-cards, data-table",7
Lapa Ninja (Post),Mouthwash Studio,https://www.lapa.ninja/post/mouthwash-studio-2/,https://cdn.lapa.ninja/assets/images/1x/mouthwash-studio-2-thumb.jpg,"[""#150e13"", ""#f6f6f6""]","{""#150e13"": 0.217, ""#f6f6f6"": 0.4203}",#150e13,dark neutral,"rounded buttons, sidebar, split screen, feature list, large typography, grid layout","modern, futuristic, minimal",0.61,Modern split screen layout with dark neutral tones and large typography.,"modern, minimal, dark, split-screen, rounded-buttons, grid, futuristic",0
Lapa Ninja (Post),Rue Haus,https://www.lapa.ninja/post/ruehaus/,https://cdn.lapa.ninja/assets/images/1x/ruehaus-thumb.jpg,"[""#1b1716"", ""#f5f5f1""]","{""#1b1716"": 0.1971, ""#f5f5f1"": 0.536}",#1b1716,dark muted red,"large typography, rounded buttons, sidebar, footer, search bar, feature list","luxury, bold, futuristic",0.6,Bold layout with dark muted red typography and rounded buttons.,"luxury, bold, dark-red, rounded-buttons, sidebar, modern",1
Lapa Ninja (Post),Craft,https://www.lapa.ninja/post/craft-do-4/,https://cdn.lapa.ninja/assets/images/1x/craft-do-4-thumb.jpg,"[""#b0d6ec"", ""#faf8f5""]","{""#b0d6ec"": 0.2362, ""#faf8f5"": 0.6586}",#b0d6ec,bright blue,"grid layout, pricing cards, rounded buttons, sidebar, feature list, icon list","modern, minimal, professional",0.62,Modern grid layout with bright blue pricing cards and rounded buttons.,"modern, minimal, bright-blue, grid, professional, pricing-cards",7
Lapa Ninja (Post),Stable,https://www.lapa.ninja/post/stable/,https://cdn.lapa.ninja/assets/images/1x/stable-thumb.jpg,"[""#ebf9f3"", ""#ffffff""]","{""#ebf9f3"": 0.3777, ""#ffffff"": 0.5168}",#ebf9f3,light neutral,"rounded buttons, form, sidebar, split screen, large typography, pricing cards","minimal, modern, retro",0.69,Minimal split screen layout with light neutral background and large typography.,"minimal, modern, light, split-screen, typography, rounded-buttons, pricing-cards",0
Lapa Ninja (Post),Daylight Health,https://www.lapa.ninja/post/daylight-health/,https://cdn.lapa.ninja/assets/images/1x/daylight-health-thumb.jpg,"[""#f7c231"", ""#f6ebbf""]","{""#f7c231"": 0.4498, ""#f6ebbf"": 0.2796}",#f7c231,bright orange,"grid layout, rounded buttons, search bar, large typography, split screen, video background","cool, minimal, creative",0.72,Minimal grid layout with bright orange accents and large typography.,"minimal, grid, bright-orange, rounded-buttons, creative, video-background",4
Lapa Ninja (Post),EverythingMoves,https://www.lapa.ninja/post/everythingmoves/,https://cdn.lapa.ninja/assets/images/1x/everythingmoves-thumb.jpg,"[""#f9f9f9"", ""#0d1117""]","{""#f9f9f9"": 0.8293, ""#0d1117"": 0.0784}",#f9f9f9,light neutral,"feature list, rounded buttons, sidebar, search bar, two-column layout, footer","modern, futuristic, cool",0.75,Modern two-column layout with light neutral background and rounded buttons.,"modern, two-column, light, rounded-buttons, sidebar, feature-list",1
Lapa Ninja (Post),Operate,https://www.lapa.ninja/post/operate/,https://cdn.lapa.ninja/assets/images/1x/operate-thumb.jpg,"[""#dfdfdf"", ""#8ac098""]","{""#dfdfdf"": 0.4997, ""#8ac098"": 0.3669}",#dfdfdf,light gray,"grid layout, large typography, footer, top navigation, rounded buttons, pricing cards","minimal, modern, creative",0.75,Minimal grid layout with light gray background and large typography.,"minimal, modern, light-gray, grid, typography, rounded-buttons, footer",3
Lapa Ninja (Post),ADCKER,https://www.lapa.ninja/post/adcker/,https://cdn.lapa.ninja/assets/images/1x/adcker-thumb.jpg,"[""#eeede9"", ""#242626""]","{""#eeede9"": 0.4921, ""#242626"": 0.2079}",#eeede9,light neutral,"sidebar, grid layout, icon list, video background, hero image, feature list","modern, bold, cool",0.75,Modern grid layout with light neutral background and a prominent video hero.,"modern, grid, light, video, sidebar, bold",6
Lapa Ninja (Post),Ben And Martin,https://www.lapa.ninja/post/benandmartin/,https://cdn.lapa.ninja/assets/images/1x/benandmartin-thumb.jpg,"[""#262417"", ""#6c5a40""]","{""#262417"": 0.3724, ""#6c5a40"": 0.2795}",#262417,dark muted yellow,"sidebar, video background, feature list, rounded buttons, split screen, icon list","modern, calm, bold",0.69,Modern split screen layout with dark muted yellow video background and rounded buttons.,"modern, calm, dark-muted-yellow, split-screen, rounded-buttons, video-background",5
Lapa Ninja (Post),L'Étude,https://www.lapa.ninja/post/letude/,https://cdn.lapa.ninja/assets/images/1x/letude-thumb.jpg,"[""#9497a3"", ""#eb362a""]","{""#9497a3"": 0.4813, ""#eb362a"": 0.3162}",#9497a3,muted gray,"large typography, sidebar, video background, feature list, centered hero, grid layout","futuristic, modern, minimal",0.74,Modern grid layout with muted gray background and large typography.,"modern, minimal, muted-gray, grid, typography, futuristic",4
Lapa Ninja (Post),Abhishek Jha,https://www.lapa.ninja/post/abhishekjha-3/,https://cdn.lapa.ninja/assets/images/1x/abhishekjha-3-thumb.jpg,"[""#b5c6d7"", ""#f2f3f5""]","{""#b5c6d7"": 0.2606, ""#f2f3f5"": 0.4229}",#b5c6d7,muted blue,"large typography, sidebar, avatar, video background, logo, footer","futuristic, modern, cool",0.63,Modern layout with muted blue sidebar and large typography elements.,"modern, futuristic, muted-blue, typography, sidebar, video-background",6
Lapa Ninja (Post),Jack Theobald,https://www.lapa.ninja/post/jacktheobald/,https://cdn.lapa.ninja/assets/images/1x/jacktheobald-thumb.jpg,"[""#fbfcfc"", ""#2c292b""]","{""#fbfcfc"": 0.7399, ""#2c292b"": 0.1069}",#fbfcfc,light neutral,"grid layout, rounded buttons, search bar, sidebar, split screen, footer","modern, minimal, futuristic",0.75,Modern split screen layout with dark accents and rounded buttons.,"modern, minimal, dark, grid, rounded-buttons, sidebar, footer",0
Lapa Ninja (Post),Anything,https://www.lapa.ninja/post/createanything/,https://cdn.lapa.ninja/assets/images/1x/createanything-thumb.jpg,"[""#181a1e"", ""#fefefe""]","{""#181a1e"": 0.2026, ""#fefefe"": 0.376}",#181a1e,dark muted blue,"grid layout, rounded buttons, video background, search bar, split screen, sidebar","modern, minimal, futuristic",0.6,Modern split screen layout with dark muted blue background and rounded buttons.,"modern, minimal, dark-muted-blue, grid, rounded-buttons, video-background",0
Lapa Ninja (Post),Hurt Feelings,https://www.lapa.ninja/post/hurt-feelings/,https://cdn.lapa.ninja/assets/images/1x/hurt-feelings-thumb.jpg,"[""#f896c9"", ""#faf9f5""]","{""#f896c9"": 0.4188, ""#faf9f5"": 0.4324}",#f896c9,bright magenta,"large typography, pricing cards, sidebar, video background, search bar, footer","modern, creative, cool",0.71,Modern layout featuring bright magenta typography with pricing cards and a video background.,"modern, creative, bright-magenta, typography, pricing-cards, video-background, sidebar",6
Lapa Ninja (Post),monopo NYC,https://www.lapa.ninja/post/monopo/,https://cdn.lapa.ninja/assets/images/1x/monopo-thumb.jpg,"[""#f5eee7"", ""#8b7e6a""]","{""#f5eee7"": 0.6357, ""#8b7e6a"": 0.1763}",#f5eee7,light neutral,"rounded buttons, top navigation, footer, sidebar, video background, large typography","cool, modern, minimal",0.75,Modern layout with light neutral tones featuring large typography and rounded buttons.,"modern, minimal, light, rounded-buttons, large-typography, video-background",1
Lapa Ninja (Post),Resolute AI,https://www.lapa.ninja/post/theresolute/,https://cdn.lapa.ninja/assets/images/1x/theresolute-thumb.jpg,"[""#101829"", ""#ffffff""]","{""#101829"": 0.261, ""#ffffff"": 0.4231}",#101829,dark bright blue,"grid layout, rounded buttons, large typography, top navigation, video background, search bar","minimal, modern, calm",0.63,Minimal grid layout with dark bright blue accents and large typography.,"minimal, modern, dark-blue, grid, typography, calm, video-background",4
Lapa Ninja (Post),Studio Nordost,https://www.lapa.ninja/post/studio-nordost/,https://cdn.lapa.ninja/assets/images/1x/studio-nordost-thumb.jpg,"[""#d9d7cb"", ""#201a17""]","{""#d9d7cb"": 0.8665, ""#201a17"": 0.0856}",#d9d7cb,muted yellow,"rounded buttons, footer, grid layout, large typography, sidebar, icon list","modern, minimal, bold",0.75,Modern grid layout with light neutral tones and large typography.,"modern, minimal, light, grid, bold, typography, rounded-buttons",3
Lapa Ninja (Post),SkinGame Media,https://www.lapa.ninja/post/skingamemedia/,https://cdn.lapa.ninja/assets/images/1x/skingamemedia-thumb.jpg,"[""#010101"", ""#553638""]","{""#010101"": 0.3579, ""#553638"": 0.3566}",#010101,dark neutral,"rounded buttons, split screen, video background, grid layout, sidebar, search bar","modern, futuristic, minimal",0.68,Modern split screen layout with dark neutral tones and rounded buttons.,"modern, minimal, dark, grid, video-background, rounded-buttons, sidebar",0
Lapa Ninja (Post),Rhumb Studio,https://www.lapa.ninja/post/rhumb/,https://cdn.lapa.ninja/assets/images/1x/rhumb-thumb.jpg,"[""#0f0d14"", ""#434b60""]","{""#0f0d14"": 0.7557, ""#434b60"": 0.0789}",#0f0d14,dark neutral,"grid layout, video background, top navigation, split screen, feature list, rounded buttons","modern, minimal, futuristic",0.75,Modern grid layout with dark neutral video background and rounded buttons.,"modern, minimal, dark, grid, video-background, rounded-buttons, futuristic",6
Lapa Ninja (Post),David Kushner,https://www.lapa.ninja/post/davidkushnermusic/,https://cdn.lapa.ninja/assets/images/1x/davidkushnermusic-thumb.jpg,"[""#171618"", ""#ad6d3b""]","{""#171618"": 0.4979, ""#ad6d3b"": 0.3769}",#171618,dark gray,"sidebar, icon list, feature list, video background, rounded buttons, centered hero","modern, serious, cool",0.75,Modern layout with dark gray background featuring a centered hero and rounded buttons.,"modern, serious, dark-gray, rounded-buttons, hero, video-background",6
Lapa Ninja (Post),A Present Force,https://www.lapa.ninja/post/apresentforce/,https://cdn.lapa.ninja/assets/images/1x/apresentforce-thumb.jpg,"[""#e8d9f0"", ""#b9b9ab""]","{""#e8d9f0"": 0.5119, ""#b9b9ab"": 0.1667}",#e8d9f0,light bright purple,"footer, large typography, rounded buttons, sidebar, form, grid layout","futuristic, modern, cool",0.75,Modern grid layout with light bright purple typography and rounded buttons.,"modern, grid, light-purple, rounded-buttons, typography, futuristic",4
Lapa Ninja (Post),Almost Pearfect,https://www.lapa.ninja/post/almost-pearfect/,https://cdn.lapa.ninja/assets/images/1x/almost-pearfect-thumb.jpg,"[""#fd1e01"", ""#fefefe""]","{""#fd1e01"": 0.4184, ""#fefefe"": 0.4061}",#fd1e01,bright red,"large typography, sidebar, footer, centered hero, chart, feature list","creative, professional, artistic",0.71,Creative layout with bright red hero and large typography elements.,"creative, professional, bright-red, typography, hero, sidebar, chart",1
Lapa Ninja (Post),Parallel,https://www.lapa.ninja/post/parallel/,https://cdn.lapa.ninja/assets/images/1x/parallel-thumb.jpg,"[""#fefefe"", ""#639bdd""]","{""#fefefe"": 0.7637, ""#639bdd"": 0.1076}",#fefefe,light neutral,"data table, grid layout, chart, large typography, rounded buttons, top navigation","modern, minimal, futuristic",0.75,Modern grid layout with light neutral background and large typography elements.,"modern, minimal, neutral, grid, typography, rounded-buttons, data-table",3
Lapa Ninja (Post),Digilab,https://www.lapa.ninja/post/digilab/,https://cdn.lapa.ninja/assets/images/1x/digilab-thumb.jpg,"[""#ebe6de"", ""#160d20""]","{""#ebe6de"": 0.5608, ""#160d20"": 0.3876}",#ebe6de,light muted orange,"large typography, rounded buttons, grid layout, video background, data table, search bar","minimal, modern, futuristic",0.75,Minimal grid layout with light muted orange background and large typography.,"minimal, modern, light-muted-orange, grid, typography, futuristic",4
Lapa Ninja (Post),Cap,https://www.lapa.ninja/post/cap-3/,https://cdn.lapa.ninja/assets/images/1x/cap-3-thumb.jpg,"[""#f2f2f3"", ""#5c5b5c""]","{""#f2f2f3"": 0.8603, ""#5c5b5c"": 0.0614}",#f2f2f3,light neutral,"rounded buttons, video background, search bar, split screen, feature list, sidebar","minimal, futuristic, professional",0.75,Minimal split screen layout with light neutral background and rounded buttons.,"minimal, professional, light, futuristic, split-screen, rounded-buttons",0
Lapa Ninja (Post),Stephen Hannon,https://www.lapa.ninja/post/stephenhannon/,https://cdn.lapa.ninja/assets/images/1x/stephenhannon-thumb.jpg,"[""#090808"", ""#ffffff""]","{""#090808"": 0.3215, ""#ffffff"": 0.2963}",#090808,dark neutral,"video background, split screen, grid layout, rounded buttons, sidebar, icon list","minimal, creative, calm",0.66,Minimal split screen layout with dark neutral video background and rounded buttons.,"minimal, calm, dark, grid, rounded-buttons, creative, sidebar",5
Lapa Ninja (Post),Dust Moto,https://www.lapa.ninja/post/dustmoto/,https://cdn.lapa.ninja/assets/images/1x/dustmoto-thumb.jpg,"[""#e7e6e5"", ""#020202""]","{""#e7e6e5"": 0.4639, ""#020202"": 0.4225}",#e7e6e5,light gray,"large typography, feature list, icon list, sidebar, video background, footer","cool, futuristic, luxury",0.73,Cool futuristic layout with light gray background and large typography.,"cool, futuristic, light-gray, large-typography, sidebar, video-background",6
Lapa Ninja (Post),RIERA,https://www.lapa.ninja/post/rierastudio/,https://cdn.lapa.ninja/assets/images/1x/rierastudio-thumb.jpg,"[""#134026"", ""#e6e8ea""]","{""#134026"": 0.7422, ""#e6e8ea"": 0.0833}",#134026,dark bright green,"grid layout, two-column layout, sidebar, large typography, video background, avatar","minimal, modern, cool",0.75,Minimal two-column layout with dark bright green sidebar and large typography.,"minimal, modern, dark-bright-green, grid, typography, video-background",6
Lapa Ninja (Post),Racepoint,https://www.lapa.ninja/post/racepointglobal/,https://cdn.lapa.ninja/assets/images/1x/racepointglobal-thumb.jpg,"[""#481911"", ""#ffffff""]","{""#481911"": 0.3982, ""#ffffff"": 0.5306}",#481911,dark bright red,"large typography, sidebar, split screen, two-column layout, form, video background","minimal, bold, modern",0.7,Minimal split screen layout with dark bright red sidebar and large typography.,"minimal, bold, modern, dark-red, split-screen, typography",5
Lapa Ninja (Post),Parable,https://www.lapa.ninja/post/parablevc/,https://cdn.lapa.ninja/assets/images/1x/parablevc-thumb.jpg,"[""#28598e"", ""#f4f2fd""]","{""#28598e"": 0.2592, ""#f4f2fd"": 0.3428}",#28598e,bright blue,"large typography, sidebar, avatar, video background, feature list, hero image","futuristic, modern, minimal",0.63,Modern layout with bright blue hero image and large typography.,"modern, minimal, bright-blue, hero, typography, futuristic",6
Lapa Ninja (Post),Nivedha Nirmal,https://www.lapa.ninja/post/nivedhanirmal/,https://cdn.lapa.ninja/assets/images/1x/nivedhanirmal-thumb.jpg,"[""#7da2c0"", ""#fefbf5""]","{""#7da2c0"": 0.1962, ""#fefbf5"": 0.6073}",#7da2c0,muted blue,"large typography, grid layout, two-column layout, rounded buttons, sidebar, icon list","minimal, modern, professional",0.6,Minimal grid layout with muted blue accents and large typography.,"minimal, modern, muted-blue, grid, professional, typography",4
Lapa Ninja (Post),Juice Agency,https://www.lapa.ninja/post/juice-agency/,https://cdn.lapa.ninja/assets/images/1x/juice-agency-thumb.jpg,"[""#5fa65d"", ""#fcfeea""]","{""#5fa65d"": 0.3013, ""#fcfeea"": 0.5816}",#5fa65d,muted green,"large typography, footer, sidebar, grid layout, rounded buttons, form","modern, futuristic, minimal",0.65,Modern grid layout with muted green typography and rounded buttons.,"modern, grid, muted-green, rounded-buttons, minimal, footer",4
Lapa Ninja (Post),Clearwater,https://www.lapa.ninja/post/clearwater/,https://cdn.lapa.ninja/assets/images/1x/clearwater-thumb.jpg,"[""#eaeef3"", ""#acafb1""]","{""#eaeef3"": 0.8698, ""#acafb1"": 0.0718}",#eaeef3,light neutral,"large typography, form, sidebar, pricing cards, centered hero, video background","modern, futuristic, minimal",0.75,Modern layout with light neutral background and large typography in a centered hero.,"modern, minimal, light, typography, hero, sidebar, pricing-cards",1
Lapa Ninja (Post),BEINGS,https://www.lapa.ninja/post/beings/,https://cdn.lapa.ninja/assets/images/1x/beings-thumb.jpg,"[""#2d1407"", ""#fafcfc""]","{""#2d1407"": 0.2967, ""#fafcfc"": 0.378}",#2d1407,dark bright orange,"sidebar, pricing cards, large typography, form, avatar, feature list","bold, creative, artistic",0.65,Bold layout with dark bright orange typography and a structured sidebar.,"bold, creative, dark-orange, sidebar, pricing-cards, artistic",7
Lapa Ninja (Post),TUX CREATIVE HOUSE,https://www.lapa.ninja/post/tux/,https://cdn.lapa.ninja/assets/images/1x/tux-thumb.jpg,"[""#90989e"", ""#fcfcfb""]","{""#90989e"": 0.227, ""#fcfcfb"": 0.3605}",#90989e,muted gray,"large typography, grid layout, rounded buttons, split screen, video background, sidebar","futuristic, modern, minimal",0.61,Modern split screen layout with muted gray background and large typography.,"modern, minimal, muted-gray, grid, rounded-buttons, video-background",5
Lapa Ninja (Post),The New Industrials,https://www.lapa.ninja/post/thenewindustrials/,https://cdn.lapa.ninja/assets/images/1x/thenewindustrials-thumb.jpg,"[""#fd8125"", ""#f2eadd""]","{""#fd8125"": 0.5507, ""#f2eadd"": 0.3062}",#fd8125,bright orange,"large typography, sidebar, top navigation, feature list, grid layout, pricing cards","modern, futuristic, cool",0.75,Modern grid layout with bright orange feature list and large typography.,"modern, grid, bright-orange, typography, sidebar, pricing-cards",7
Lapa Ninja (Post),LINE OF SIGHT,https://www.lapa.ninja/post/lineofsight/,https://cdn.lapa.ninja/assets/images/1x/lineofsight-thumb.jpg,"[""#041436"", ""#fefbeb""]","{""#041436"": 0.3714, ""#fefbeb"": 0.5063}",#041436,dark bright blue,"grid layout, avatar, large typography, sidebar, split screen, footer","minimal, artistic, futuristic",0.69,Minimal split screen layout with dark bright blue typography and a prominent sidebar.,"minimal, artistic, dark-blue, grid, sidebar, futuristic",0
Lapa Ninja (Post),Double Play,https://www.lapa.ninja/post/doubleplay/,https://cdn.lapa.ninja/assets/images/1x/doubleplay-thumb.jpg,"[""#11120e"", ""#fafafa""]","{""#11120e"": 0.2057, ""#fafafa"": 0.4254}",#11120e,dark neutral,"large typography, sidebar, rounded buttons, split screen, grid layout, search bar","modern, futuristic, minimal",0.6,Modern split screen layout with dark neutral tones and large typography.,"modern, minimal, dark, grid, sidebar, rounded-buttons",0
Lapa Ninja (Post),Alter Geneva,https://www.lapa.ninja/post/altergeneva/,https://cdn.lapa.ninja/assets/images/1x/altergeneva-thumb.jpg,"[""#696969"", ""#fdfdfd""]","{""#696969"": 0.2505, ""#fdfdfd"": 0.253}",#696969,muted gray,"large typography, rounded buttons, form, sidebar, top navigation, feature list","luxury, futuristic, modern",0.63,Modern layout with muted gray tones featuring large typography and rounded buttons.,"modern, luxury, muted-gray, typography, rounded-buttons, sidebar, navigation",1
Lapa Ninja (Post),Boring Industries,https://www.lapa.ninja/post/boring-industries/,https://cdn.lapa.ninja/assets/images/1x/boring-industries-thumb.jpg,"[""#f4f4ec"", ""#000000""]","{""#f4f4ec"": 0.8094, ""#000000"": 0.163}",#f4f4ec,light neutral,"large typography, pricing cards, top navigation, sidebar, rounded buttons, data table","trustworthy, minimal, luxury",0.75,Minimal layout with light neutral background and large typography for clear visibility.,"minimal, trustworthy, light, typography, pricing-cards, sidebar, rounded-buttons",1
Lapa Ninja (Post),Mike Kus,https://www.lapa.ninja/post/mikekus/,https://cdn.lapa.ninja/assets/images/1x/mikekus-thumb.jpg,"[""#f7f7f4"", ""#bac4c6""]","{""#f7f7f4"": 0.5753, ""#bac4c6"": 0.1469}",#f7f7f4,light neutral,"pricing cards, large typography, grid layout, rounded buttons, cta button, sidebar","modern, futuristic, retro",0.75,Modern grid layout with light neutral background and large typography.,"modern, grid, light, typography, pricing-cards, rounded-buttons",7
Lapa Ninja (Post),Superpower,https://www.lapa.ninja/post/superpower-2/,https://cdn.lapa.ninja/assets/images/1x/superpower-2-thumb.jpg,"[""#aa401d"", ""#fefefe""]","{""#aa401d"": 0.2265, ""#fefefe"": 0.5845}",#aa401d,bright red,"rounded buttons, grid layout, sidebar, avatar, feature list, top navigation","modern, minimal, cool",0.61,Modern grid layout with bright red sidebar and rounded buttons.,"modern, minimal, bright-red, grid, rounded-buttons, sidebar",2
Lapa Ninja (Post),Daniel Sun,https://www.lapa.ninja/post/danielsun-3/,https://cdn.lapa.ninja/assets/images/1x/danielsun-3-thumb.jpg,"[""#fbfbfa"", ""#efedc9""]","{""#fbfbfa"": 0.5732, ""#efedc9"": 0.1579}",#fbfbfa,light neutral,"large typography, sidebar, grid layout, split screen, rounded buttons, search bar","modern, futuristic, minimal",0.75,Modern split screen layout with light neutral background and large typography.,"modern, minimal, light, grid, sidebar, rounded-buttons",0
Lapa Ninja (Post),Cobot,https://www.lapa.ninja/post/cobot/,https://cdn.lapa.ninja/assets/images/1x/cobot-thumb.jpg,"[""#242424""]","{""#242424"": 0.9374}",#242424,dark gray,"video background, search bar, split screen, avatar, feature list, rounded buttons","minimal, modern, professional",0.75,Minimal split screen layout with dark gray video background and rounded buttons.,"minimal, modern, dark-gray, split-screen, video-background, professional, rounded-buttons",5
Lapa Ninja (Post),Vetric,https://www.lapa.ninja/post/vetric/,https://cdn.lapa.ninja/assets/images/1x/vetric-thumb.jpg,"[""#fefefe"", ""#fbf3e7""]","{""#fefefe"": 0.8139, ""#fbf3e7"": 0.0871}",#fefefe,light neutral,"rounded buttons, grid layout, search bar, feature list, footer, top navigation","minimal, futuristic, modern",0.75,Minimal grid layout with light neutral tones and rounded buttons.,"minimal, modern, light, grid, rounded-buttons, futuristic",2
Lapa Ninja (Post),Solflare,https://www.lapa.ninja/post/solflare/,https://cdn.lapa.ninja/assets/images/1x/solflare-thumb.jpg,"[""#03060b"", ""#f5f8fe""]","{""#03060b"": 0.3499, ""#f5f8fe"": 0.459}",#03060b,dark neutral,"sidebar, feature list, pricing cards, avatar, large typography, form","cool, futuristic, creative",0.67,Cool futuristic layout with dark neutral sidebar and large typography.,"cool, futuristic, dark, sidebar, typography, creative",1
Lapa Ninja (Post),Charm,https://www.lapa.ninja/post/charm/,https://cdn.lapa.ninja/assets/images/1x/charm-thumb.jpg,"[""#6957f3"", ""#1d1d23""]","{""#6957f3"": 0.3364, ""#1d1d23"": 0.3219}",#6957f3,bright blue,"video background, feature list, grid layout, sidebar, rounded buttons, search bar","futuristic, friendly, retro",0.67,Futuristic grid layout with bright blue video background and rounded buttons.,"futuristic, friendly, bright-blue, grid, video-background, rounded-buttons, sidebar",6
Lapa Ninja (Post),Cluely,https://www.lapa.ninja/post/cluely/,https://cdn.lapa.ninja/assets/images/1x/cluely-thumb.jpg,"[""#dde0ec"", ""#fcfdfe""]","{""#dde0ec"": 0.3948, ""#fcfdfe"": 0.4403}",#dde0ec,light muted blue,"split screen, sidebar, grid layout, rounded buttons, search bar, video background","modern, minimal, bold",0.7,Modern split screen layout with light muted blue background and rounded buttons.,"modern, minimal, light, grid, sidebar, rounded-buttons",0
Lapa Ninja (Post),Headroom,https://www.lapa.ninja/post/headroom/,https://cdn.lapa.ninja/assets/images/1x/headroom-thumb.jpg,"[""#213cfe"", ""#fafafb""]","{""#213cfe"": 0.3245, ""#fafafb"": 0.6427}",#213cfe,bright blue,"rounded buttons, feature list, grid layout, cta button, top navigation, pricing cards","futuristic, minimal, modern",0.66,Modern grid layout with bright blue feature list and rounded buttons.,"modern, grid, bright-blue, rounded-buttons, feature-list, minimal",2
Lapa Ninja (Post),Dream Recorder,https://www.lapa.ninja/post/dreamrecorder/,https://cdn.lapa.ninja/assets/images/1x/dreamrecorder-thumb.jpg,"[""#1e1b18"", ""#2d90c3""]","{""#1e1b18"": 0.63, ""#2d90c3"": 0.1119}",#1e1b18,dark muted orange,"video background, rounded buttons, search bar, large typography, pricing cards, sidebar","retro, futuristic, modern",0.75,Modern layout with dark muted orange background and large typography elements.,"modern, retro, dark-muted-orange, typography, video-background, rounded-buttons, sidebar",6
Lapa Ninja (Post),Everest Systems,https://www.lapa.ninja/post/everest-systems/,https://cdn.lapa.ninja/assets/images/1x/everest-systems-thumb.jpg,"[""#e6edf6"", ""#040405""]","{""#e6edf6"": 0.8205, ""#040405"": 0.0642}",#e6edf6,light neutral,"large typography, sidebar, data table, rounded buttons, video background, top navigation","modern, futuristic, professional",0.75,Modern layout with light neutral tones featuring large typography and a sidebar.,"modern, professional, light, sidebar, large-typography, data-table",1
Lapa Ninja (Post),Elevate,https://www.lapa.ninja/post/elevatehomescriptions/,https://cdn.lapa.ninja/assets/images/1x/elevatehomescriptions-thumb.jpg,"[""#f7d9a3"", ""#2c3d12""]","{""#f7d9a3"": 0.4567, ""#2c3d12"": 0.2337}",#f7d9a3,bright orange,"large typography, pricing cards, rounded buttons, sidebar, two-column layout, feature list","luxury, creative, cool",0.73,Two-column layout with bright orange pricing cards and large typography.,"luxury, creative, bright-orange, two-column, pricing-cards, rounded-buttons",7
Lapa Ninja (Post),Sebastian Curi,https://www.lapa.ninja/post/sebastiancuri/,https://cdn.lapa.ninja/assets/images/1x/sebastiancuri-thumb.jpg,"[""#e6e5e5"", ""#3b472e""]","{""#e6e5e5"": 0.5309, ""#3b472e"": 0.1642}",#e6e5e5,light gray,"sidebar, icon list, video background, carousel, grid layout, footer","artistic, cool, modern",0.75,Modern grid layout with light gray background and a video carousel.,"modern, grid, light-gray, artistic, carousel, footer",6
Lapa Ninja (Post),Dapper,https://www.lapa.ninja/post/dapper/,https://cdn.lapa.ninja/assets/images/1x/dapper-thumb.jpg,"[""#f1f1f1""]","{""#f1f1f1"": 0.9284}",#f1f1f1,light neutral,"large typography, pricing cards, sidebar, feature list, rounded buttons, split screen","modern, professional, bold",0.75,Modern layout with light neutral tones featuring large typography and rounded buttons.,"modern, professional, light, typography, rounded-buttons, split-screen, pricing-cards",1
Lapa Ninja (Post),Fishwife,https://www.lapa.ninja/post/eatfishwife-2/,https://cdn.lapa.ninja/assets/images/1x/eatfishwife-2-thumb.jpg,"[""#f0c651"", ""#fcf7ed""]","{""#f0c651"": 0.3285, ""#fcf7ed"": 0.4322}",#f0c651,bright orange,"pricing cards, rounded buttons, grid layout, feature list, sidebar, footer","luxury, cool, friendly",0.66,Friendly grid layout with bright orange pricing cards and rounded buttons.,"friendly, grid, bright-orange, pricing-cards, rounded-buttons, luxury",7
Lapa Ninja (Post),REN,https://www.lapa.ninja/post/matcharen/,https://cdn.lapa.ninja/assets/images/1x/matcharen-thumb.jpg,"[""#f4f1f0"", ""#01672b""]","{""#f4f1f0"": 0.4008, ""#01672b"": 0.3767}",#f4f1f0,light neutral,"grid layout, avatar, pricing cards, large typography, sidebar, video background","minimal, modern, creative",0.7,Minimal grid layout with light neutral background and large typography elements.,"minimal, modern, light, grid, creative, typography",3
Lapa Ninja (Post),Sarah Eisman Studio,https://www.lapa.ninja/post/saraheismanstudio/,https://cdn.lapa.ninja/assets/images/1x/saraheismanstudio-thumb.jpg,"[""#9e9b93"", ""#f9f7f2""]","{""#9e9b93"": 0.2945, ""#f9f7f2"": 0.3016}",#9e9b93,muted gray,"large typography, grid layout, rounded buttons, sidebar, form, pricing cards","luxury, creative, elegant",0.65,Elegant grid layout with muted gray typography and rounded buttons.,"luxury, creative, muted-gray, grid, rounded-buttons, elegant",7
Lapa Ninja (Post),Cyphr Studio,https://www.lapa.ninja/post/cyphr-studio/,https://cdn.lapa.ninja/assets/images/1x/cyphr-studio-thumb.jpg,"[""#e9eae5"", ""#0a0b0a""]","{""#e9eae5"": 0.526, ""#0a0b0a"": 0.2427}",#e9eae5,light muted green,"large typography, sidebar, video background, feature list, form, split screen","futuristic, retro, modern",0.75,Modern split screen layout with light muted green background and large typography.,"modern, split-screen, light-muted-green, large-typography, video-background, futuristic",5
Lapa Ninja (Post),Lottiefiles,https://www.lapa.ninja/post/lottiefiles/,https://cdn.lapa.ninja/assets/images/1x/lottiefiles-thumb.jpg,"[""#fdfdfd"", ""#358be3""]","{""#fdfdfd"": 0.8317, ""#358be3"": 0.0551}",#fdfdfd,light neutral,"rounded buttons, feature list, large typography, grid layout, footer, cta button","modern, minimal, futuristic",0.75,Modern grid layout with light neutral background and large typography.,"modern, minimal, neutral, grid, typography, rounded-buttons",3
Lapa Ninja (Post),Swehl,https://www.lapa.ninja/post/swehl/,https://cdn.lapa.ninja/assets/images/1x/swehl-thumb.jpg,"[""#be9f86"", ""#a4cffa""]","{""#be9f86"": 0.372, ""#a4cffa"": 0.2342}",#be9f86,muted orange,"pricing cards, rounded buttons, sidebar, video background, grid layout, feature list","creative, artistic, futuristic",0.69,Creative grid layout with muted orange pricing cards and rounded buttons.,"creative, grid, muted-orange, rounded-buttons, pricing-cards, artistic",7
Lapa Ninja (Post),Web Design London,https://www.lapa.ninja/post/web-designlondon/,https://cdn.lapa.ninja/assets/images/1x/web-designlondon-thumb.jpg,"[""#1c1d3f"", ""#fcfdfe""]","{""#1c1d3f"": 0.205, ""#fcfdfe"": 0.4052}",#1c1d3f,dark bright blue,"grid layout, feature list, split screen, sidebar, icon list, large typography","modern, minimal, futuristic",0.6,Modern split screen layout with dark bright blue accents and large typography.,"modern, minimal, dark-blue, grid, typography, split-screen, sidebar",0
Lapa Ninja (Post),Visual Domain,https://www.lapa.ninja/post/visualdomain/,https://cdn.lapa.ninja/assets/images/1x/visualdomain-thumb.jpg,"[""#010101"", ""#feffff""]","{""#010101"": 0.2514, ""#feffff"": 0.6992}",#010101,dark neutral,"sidebar, feature list, footer, grid layout, centered hero, cta button","creative, artistic, modern",0.63,Modern grid layout with dark neutral sidebar and centered hero featuring a CTA button.,"modern, grid, dark-neutral, creative, sidebar, hero, cta",4
Lapa Ninja (Post),Turn.io,https://www.lapa.ninja/post/turn/,https://cdn.lapa.ninja/assets/images/1x/turn-thumb.jpg,"[""#fd6841"", ""#66cee5""]","{""#fd6841"": 0.349, ""#66cee5"": 0.2453}",#fd6841,bright red,"grid layout, rounded buttons, split screen, large typography, sidebar, search bar","modern, minimal, vibrant",0.67,Modern split screen layout with bright red accents and large typography.,"modern, minimal, vibrant, grid, rounded-buttons, sidebar, typography",0
Lapa Ninja (Post),SquadEasy,https://www.lapa.ninja/post/squadeasy-2/,https://cdn.lapa.ninja/assets/images/1x/squadeasy-2-thumb.jpg,"[""#e1c19e""]","{""#e1c19e"": 0.8742}",#e1c19e,bright orange,"grid layout, sidebar, video background, split screen, two-column layout, feature list","modern, cool, creative",0.75,Modern split screen layout with bright orange video background and a structured feature list.,"modern, creative, bright-orange, grid, split-screen, video-background",5
Lapa Ninja (Post),Posthuman Lab,https://www.lapa.ninja/post/posthmnlab/,https://cdn.lapa.ninja/assets/images/1x/posthmnlab-thumb.jpg,"[""#4c5954"", ""#fdfdfe""]","{""#4c5954"": 0.2618, ""#fdfdfe"": 0.4253}",#4c5954,muted gray,"grid layout, pricing cards, sidebar, rounded buttons, video background, feature list","futuristic, modern, minimal",0.63,Modern grid layout with muted gray pricing cards and rounded buttons.,"modern, grid, muted-gray, pricing-cards, rounded-buttons, minimal",7
Lapa Ninja (Post),Portrait,https://www.lapa.ninja/post/portrait/,https://cdn.lapa.ninja/assets/images/1x/portrait-thumb.jpg,"[""#fbfcfc""]","{""#fbfcfc"": 0.8457}",#fbfcfc,light neutral,"grid layout, rounded buttons, footer, sidebar, search bar, feature list","modern, friendly, cool",0.75,Modern grid layout with light neutral tones and rounded buttons.,"modern, friendly, grid, light, rounded-buttons, sidebar, search-bar",2
Lapa Ninja (Post),Muse Group,https://www.lapa.ninja/post/muse/,https://cdn.lapa.ninja/assets/images/1x/muse-thumb.jpg,"[""#0f140f"", ""#fefefe""]","{""#0f140f"": 0.2173, ""#fefefe"": 0.5815}",#0f140f,dark neutral,"sidebar, feature list, rounded buttons, large typography, pricing cards, split screen","creative, futuristic, modern",0.61,Modern split screen layout with dark neutral sidebar and large typography.,"modern, split-screen, dark-neutral, creative, rounded-buttons, feature-list",0
Lapa Ninja (Post),Figma,https://www.lapa.ninja/post/figma-6/,https://cdn.lapa.ninja/assets/images/1x/figma-6-thumb.jpg,"[""#fefefe"", ""#292326""]","{""#fefefe"": 0.6629, ""#292326"": 0.1226}",#fefefe,light neutral,"grid layout, rounded buttons, split screen, feature list, large typography, icon list","modern, futuristic, minimal",0.75,Modern split screen layout with dark muted gray feature list and large typography.,"modern, minimal, dark-muted-gray, grid, typography, rounded-buttons, split-screen",0
Lapa Ninja (Post),Douze,https://www.lapa.ninja/post/drinkdouze/,https://cdn.lapa.ninja/assets/images/1x/drinkdouze-thumb.jpg,"[""#f3f0e9"", ""#453410""]","{""#f3f0e9"": 0.4462, ""#453410"": 0.1883}",#f3f0e9,light neutral,"sidebar, grid layout, rounded buttons, feature list, icon list, search bar","minimal, luxury, modern",0.72,Minimal grid layout with light neutral background and rounded buttons.,"minimal, luxury, modern, grid, rounded-buttons, sidebar",2
Lapa Ninja (Post),Coinsetters,https://www.lapa.ninja/post/coinsetters/,https://cdn.lapa.ninja/assets/images/1x/coinsetters-thumb.jpg,"[""#040315"", ""#faf8fd""]","{""#040315"": 0.1943, ""#faf8fd"": 0.5614}",#040315,dark neutral,"rounded buttons, pricing cards, sidebar, large typography, footer, cta button","futuristic, modern, professional",0.6,Modern layout with dark neutral tones featuring large typography and rounded buttons.,"modern, professional, dark-neutral, rounded-buttons, typography, layout",1
Lapa Ninja (Post),Clutch Sercurity,https://www.lapa.ninja/post/clutch/,https://cdn.lapa.ninja/assets/images/1x/clutch-thumb.jpg,"[""#fefeff""]","{""#fefeff"": 0.9032}",#fefeff,light neutral,"large typography, top navigation, grid layout, rounded buttons, data table, search bar","futuristic, minimal, modern",0.75,Minimal grid layout with light neutral background and large typography.,"minimal, modern, light, grid, typography, futuristic, clean",3
Lapa Ninja (Post),Studio Chong,https://www.lapa.ninja/post/chong-studio/,https://cdn.lapa.ninja/assets/images/1x/chong-studio-thumb.jpg,"[""#080808"", ""#cafe8d""]","{""#080808"": 0.6896, ""#cafe8d"": 0.2233}",#080808,dark neutral,"rounded buttons, large typography, grid layout, footer, feature list, cta button","modern, minimal, cool",0.75,Modern grid layout with dark neutral tones and large typography.,"modern, minimal, dark, grid, typography, rounded-buttons, footer",4
Lapa Ninja (Post),Please Call Me Champ,https://www.lapa.ninja/post/pleasecallmechamp/,https://cdn.lapa.ninja/assets/images/1x/pleasecallmechamp-thumb.jpg,"[""#010202"", ""#faf4fa""]","{""#010202"": 0.5717, ""#faf4fa"": 0.2186}",#010202,dark neutral,"large typography, cta button, avatar, top navigation, grid layout, sidebar","retro, futuristic, modern",0.75,Modern grid layout with dark neutral tones and large typography.,"modern, grid, dark, typography, sidebar, cta-button",4
Lapa Ninja (Post),PlanetScale,https://www.lapa.ninja/post/planetscale-3/,https://cdn.lapa.ninja/assets/images/1x/planetscale-3-thumb.jpg,"[""#111111""]","{""#111111"": 0.9184}",#111111,dark neutral,"grid layout, search bar, data table, rounded buttons, sidebar, two-column layout","minimal, modern, professional",0.75,Minimal two-column layout with dark neutral tones and a prominent search bar.,"minimal, modern, dark, grid, professional, sidebar",1
Lapa Ninja (Post),Mainframe,https://www.lapa.ninja/post/mainframe/,https://cdn.lapa.ninja/assets/images/1x/mainframe-thumb.jpg,"[""#e0ddd8"", ""#282828""]","{""#e0ddd8"": 0.4549, ""#282828"": 0.286}",#e0ddd8,light muted orange,"large typography, rounded buttons, grid layout, footer, pricing cards, top navigation","minimal, modern, creative",0.73,Minimal grid layout with light muted orange tones and large typography.,"minimal, modern, light-muted-orange, grid, typography, rounded-buttons",3
Lapa Ninja (Post),Clay Boan,https://www.lapa.ninja/post/clayboan-2/,https://cdn.lapa.ninja/assets/images/1x/clayboan-2-thumb.jpg,"[""#120d0d"", ""#553125""]","{""#120d0d"": 0.6153, ""#553125"": 0.1127}",#120d0d,dark neutral,"large typography, split screen, sidebar, rounded buttons, search bar, grid layout","luxury, modern, cool",0.75,Modern split screen layout with dark neutral tones and large typography.,"modern, luxury, dark-neutral, split-screen, large-typography, rounded-buttons, grid",0
Lapa Ninja (Post),F. MILLER,https://www.lapa.ninja/post/fmillerskincare-2/,https://cdn.lapa.ninja/assets/images/1x/fmillerskincare-2-thumb.jpg,"[""#404436"", ""#f9f8f4""]","{""#404436"": 0.2166, ""#f9f8f4"": 0.6686}",#404436,dark muted green,"grid layout, rounded buttons, sidebar, feature list, pricing cards, video background","minimal, modern, luxury",0.61,Minimal grid layout with dark muted green sidebar and rounded buttons.,"minimal, modern, dark-muted-green, grid, luxury, rounded-buttons",2
Lapa Ninja (Post),Hyperbolic,https://www.lapa.ninja/post/hyperbolic/,https://cdn.lapa.ninja/assets/images/1x/hyperbolic-thumb.jpg,"[""#171717""]","{""#171717"": 0.8941}",#171717,dark gray,"large typography, grid layout, form, sidebar, feature list, video background","modern, futuristic, minimal",0.75,Modern grid layout with dark gray background featuring large typography and a video element.,"modern, grid, dark-gray, minimal, typography, video-background",6
Lapa Ninja (Post),Reflection AI,https://www.lapa.ninja/post/reflection-ai/,https://cdn.lapa.ninja/assets/images/1x/reflection-ai-thumb.jpg,"[""#f6f5f2"", ""#d2d3cd""]","{""#f6f5f2"": 0.8076, ""#d2d3cd"": 0.0637}",#f6f5f2,light neutral,"grid layout, rounded buttons, split screen, sidebar, search bar, footer","modern, minimal, professional",0.75,Modern grid layout with light neutral tones and rounded buttons.,"modern, minimal, light, grid, professional, rounded-buttons",2
Lapa Ninja (Post),Sol,https://www.lapa.ninja/post/solreader-2/,https://cdn.lapa.ninja/assets/images/1x/solreader-2-thumb.jpg,"[""#110d0c"", ""#451d0b""]","{""#110d0c"": 0.6523, ""#451d0b"": 0.1472}",#110d0c,dark neutral,"large typography, footer, rounded buttons, feature list, video background, sidebar","modern, futuristic, cool",0.75,Modern layout with dark neutral tones featuring large typography and a video background.,"modern, futuristic, dark, typography, video-background, rounded-buttons, sidebar",6
Lapa Ninja (Post),Intents & Purposes,https://www.lapa.ninja/post/intents-purposes/,https://cdn.lapa.ninja/assets/images/1x/intents-purposes-thumb.jpg,"[""#53634b"", ""#201c18""]","{""#53634b"": 0.4559, ""#201c18"": 0.1993}",#53634b,muted green,"sidebar, feature list, video background, top navigation, rounded buttons, avatar","vibrant, creative, cool",0.73,Creative layout with muted green video background and rounded buttons.,"creative, vibrant, muted-green, sidebar, video-background, rounded-buttons",6
Lapa Ninja (Post),Haus,https://www.lapa.ninja/post/gohaus/,https://cdn.lapa.ninja/assets/images/1x/gohaus-thumb.jpg,"[""#050406"", ""#241e35""]","{""#050406"": 0.8713, ""#241e35"": 0.075}",#050406,dark neutral,"rounded buttons, large typography, video background, centered hero, feature list, sidebar","futuristic, modern, cool",0.75,Modern layout with dark neutral tones featuring a centered hero and large typography.,"modern, futuristic, dark, centered-hero, large-typography, video-background, rounded-buttons",6
Lapa Ninja (Post),Diego,https://www.lapa.ninja/post/diegoliv/,https://cdn.lapa.ninja/assets/images/1x/diegoliv-thumb.jpg,"[""#0b7b69"", ""#fcfdfd""]","{""#0b7b69"": 0.2792, ""#fcfdfd"": 0.497}",#0b7b69,bright teal,"large typography, sidebar, split screen, video background, grid layout, hero image","futuristic, modern, professional",0.64,Modern split screen layout with bright teal hero and large typography.,"modern, professional, bright-teal, split-screen, grid, video-background",5
Lapa Ninja (Post),Best Friend Finance,https://www.lapa.ninja/post/bestfriend/,https://cdn.lapa.ninja/assets/images/1x/bestfriend-thumb.jpg,"[""#f9d5da"", ""#fcfcff""]","{""#f9d5da"": 0.4714, ""#fcfcff"": 0.3348}",#f9d5da,light bright red,"video background, sidebar, single column, feature list, rounded buttons, pricing cards","friendly, trustworthy, cool",0.74,Friendly single column layout with light bright red video background and rounded buttons.,"friendly, single-column, light-bright-red, video-background, rounded-buttons, modern",6
Lapa Ninja (Post),Muse Studio,https://www.lapa.ninja/post/musestudio/,https://cdn.lapa.ninja/assets/images/1x/musestudio-thumb.jpg,"[""#d0dce8"", ""#fdfeec""]","{""#d0dce8"": 0.1924, ""#fdfeec"": 0.635}",#d0dce8,light muted blue,"pricing cards, rounded buttons, large typography, grid layout, icon list, sidebar","creative, professional, minimal",0.6,Professional grid layout with light muted blue pricing cards and large typography.,"professional, minimal, light-muted-blue, grid, pricing-cards, rounded-buttons, creative",7
Lapa Ninja (Post),Truus,https://www.lapa.ninja/post/truus/,https://cdn.lapa.ninja/assets/images/1x/truus-thumb.jpg,"[""#f0ebe5"", ""#c0902f""]","{""#f0ebe5"": 0.565, ""#c0902f"": 0.201}",#f0ebe5,light muted orange,"sidebar, large typography, split screen, video background, feature list, search bar","modern, artistic, futuristic",0.75,Modern split screen layout with light muted orange background and large typography.,"modern, artistic, light, split-screen, typography, video-background",5
Lapa Ninja (Post),Speakeasy,https://www.lapa.ninja/post/speakeasy/,https://cdn.lapa.ninja/assets/images/1x/speakeasy-thumb.jpg,"[""#000000""]","{""#000000"": 0.96}",#000000,dark neutral,"search bar, video background, feature list, large typography, avatar, sidebar","cool, futuristic, minimal",0.75,Minimal layout with dark neutral tones featuring large typography and a video background.,"minimal, cool, dark, futuristic, typography, sidebar",6
Lapa Ninja (Post),Somefolk,https://www.lapa.ninja/post/somefolk-2/,https://cdn.lapa.ninja/assets/images/1x/somefolk-2-thumb.jpg,"[""#781b1d"", ""#c25505""]","{""#781b1d"": 0.3189, ""#c25505"": 0.281}",#781b1d,bright red,"large typography, video background, footer, rounded buttons, sidebar, split screen","futuristic, modern, cool",0.66,Modern split screen layout with bright red video background and large typography.,"modern, futuristic, bright-red, split-screen, video-background, rounded-buttons",5
Lapa Ninja (Post),PRIMARY PAPER,https://www.lapa.ninja/post/primary-paper/,https://cdn.lapa.ninja/assets/images/1x/primary-paper-thumb.jpg,"[""#b8b5b3"", ""#fafafb""]","{""#b8b5b3"": 0.3199, ""#fafafb"": 0.322}",#b8b5b3,light gray,"grid layout, rounded buttons, video background, feature list, sidebar, avatar","modern, minimal, artistic",0.66,Modern grid layout with light gray background and rounded buttons.,"modern, minimal, light-gray, grid, rounded-buttons, video-background",2
Lapa Ninja (Post),Devouring Details,https://www.lapa.ninja/post/devouringdetails/,https://cdn.lapa.ninja/assets/images/1x/devouringdetails-thumb.jpg,"[""#f6f6f6""]","{""#f6f6f6"": 0.9563}",#f6f6f6,light neutral,"grid layout, large typography, rounded buttons, data table, footer, top navigation","minimal, modern, futuristic",0.75,Minimal grid layout with light neutral background and large typography.,"minimal, modern, light, grid, typography, rounded-buttons",3
Lapa Ninja (Post),Oscar Pecher,https://www.lapa.ninja/post/oscarpecher/,https://cdn.lapa.ninja/assets/images/1x/oscarpecher-thumb.jpg,"[""#f1f0f0"", ""#141119""]","{""#f1f0f0"": 0.4871, ""#141119"": 0.2422}",#f1f0f0,light neutral,"sidebar, feature list, icon list, large typography, avatar, video background","minimal, modern, futuristic",0.74,Minimal layout with light neutral background and large typography elements.,"minimal, modern, light, typography, sidebar, futuristic",1
Lapa Ninja (Post),Gang,https://www.lapa.ninja/post/gang-tv/,https://cdn.lapa.ninja/assets/images/1x/gang-tv-thumb.jpg,"[""#676966"", ""#fdfefe""]","{""#676966"": 0.2934, ""#fdfefe"": 0.481}",#676966,muted gray,"large typography, sidebar, grid layout, split screen, rounded buttons, avatar","creative, artistic, cool",0.65,Creative split screen layout with muted gray sidebar and large typography.,"creative, artistic, muted-gray, grid, sidebar, rounded-buttons",0
Lapa Ninja (Post),No-Mercy,https://www.lapa.ninja/post/nomercy/,https://cdn.lapa.ninja/assets/images/1x/nomercy-thumb.jpg,"[""#020202"", ""#b6b6b4""]","{""#020202"": 0.4363, ""#b6b6b4"": 0.2602}",#020202,dark neutral,"video background, sidebar, centered hero, avatar, rounded buttons, split screen","modern, futuristic, bold",0.72,Modern split screen layout with dark neutral video background and centered hero.,"modern, bold, dark, split-screen, video, rounded-buttons",5
Lapa Ninja (Post),Streamtime,https://www.lapa.ninja/post/streamtime/,https://cdn.lapa.ninja/assets/images/1x/streamtime-thumb.jpg,"[""#322e2a"", ""#fbfaf9""]","{""#322e2a"": 0.3734, ""#fbfaf9"": 0.4815}",#322e2a,dark gray,"sidebar, video background, split screen, large typography, feature list, footer","creative, modern, artistic",0.69,Creative split screen layout with dark gray video background and large typography.,"modern, artistic, dark-gray, split-screen, video-background, typography",5
Lapa Ninja (Post),Perplexity Comet,https://www.lapa.ninja/post/perplexity-comet/,https://cdn.lapa.ninja/assets/images/1x/perplexity-comet-thumb.jpg,"[""#121419"", ""#faf9f4""]","{""#121419"": 0.3846, ""#faf9f4"": 0.4088}",#121419,dark muted blue,"video background, split screen, search bar, footer, sidebar, avatar","creative, modern, futuristic",0.69,Modern split screen layout with dark muted blue video background and prominent search bar.,"modern, creative, dark-muted-blue, split-screen, video-background, futuristic",5
Lapa Ninja (Post),Example,https://www.lapa.ninja/post/weareexample/,https://cdn.lapa.ninja/assets/images/1x/weareexample-thumb.jpg,"[""#f3f4ef"", ""#202219""]","{""#f3f4ef"": 0.471, ""#202219"": 0.2344}",#f3f4ef,light neutral,"large typography, sidebar, two-column layout, grid layout, feature list, top navigation","modern, luxury, creative",0.74,Modern two-column layout with light neutral background and large typography.,"modern, luxury, creative, grid, sidebar, typography",1
Lapa Ninja (Post),Storyboard Agency,https://www.lapa.ninja/post/storyboard-agency/,https://cdn.lapa.ninja/assets/images/1x/storyboard-agency-thumb.jpg,"[""#eeeeee"", ""#56251d""]","{""#eeeeee"": 0.4798, ""#56251d"": 0.2554}",#eeeeee,light neutral,"rounded buttons, large typography, sidebar, grid layout, footer, feature list","modern, bold, professional",0.74,Modern grid layout with light neutral background and large typography.,"modern, grid, light, bold, professional, rounded-buttons",3
Lapa Ninja (Post),Daydream 1820,https://www.lapa.ninja/post/daydream1820/,https://cdn.lapa.ninja/assets/images/1x/daydream1820-thumb.jpg,"[""#beab9b"", ""#cdcac1""]","{""#beab9b"": 0.3194, ""#cdcac1"": 0.2161}",#beab9b,muted orange,"rounded buttons, grid layout, large typography, video background, split screen, sidebar","artistic, minimal, calm",0.66,Minimal grid layout with muted orange tones and large typography over a video background.,"minimal, calm, muted-orange, grid, large-typography, video-background, artistic",6
Lapa Ninja (Post),Unicorn.studio,https://www.lapa.ninja/post/unicorn-2/,https://cdn.lapa.ninja/assets/images/1x/unicorn-2-thumb.jpg,"[""#09090a"", ""#231b29""]","{""#09090a"": 0.8311, ""#231b29"": 0.0938}",#09090a,dark neutral,"rounded buttons, video background, pricing cards, search bar, feature list, large typography","futuristic, cool, modern",0.75,Modern layout with dark neutral tones featuring large typography and rounded buttons.,"modern, dark, futuristic, rounded-buttons, video-background, typography",6
Lapa Ninja (Post),All You Can,https://www.lapa.ninja/post/allyoucan-2/,https://cdn.lapa.ninja/assets/images/1x/allyoucan-2-thumb.jpg,"[""#fefefe"", ""#dceae0""]","{""#fefefe"": 0.7272, ""#dceae0"": 0.1148}",#fefefe,light neutral,"grid layout, rounded buttons, large typography, footer, sidebar, top navigation","minimal, bold, cool",0.75,Minimal grid layout with light neutral tones and bold large typography.,"minimal, grid, light, bold, typography, clean",3
Lapa Ninja (Post),Alone in New York,https://www.lapa.ninja/post/aloneinnewyork/,https://cdn.lapa.ninja/assets/images/1x/aloneinnewyork-thumb.jpg,"[""#38556a"", ""#090c12""]","{""#38556a"": 0.359, ""#090c12"": 0.342}",#38556a,muted blue,"sidebar, large typography, video background, grid layout, two-column layout, feature list","futuristic, serious, bold",0.68,Bold two-column layout with muted blue video background and large typography.,"futuristic, serious, muted-blue, grid, video-background, bold",6
Lapa Ninja (Post),Infinite Machine,https://www.lapa.ninja/post/infinitemachine-2/,https://cdn.lapa.ninja/assets/images/1x/infinitemachine-2-thumb.jpg,"[""#d5dde7"", ""#fcfdfd""]","{""#d5dde7"": 0.3237, ""#fcfdfd"": 0.3398}",#d5dde7,light muted blue,"large typography, rounded buttons, top navigation, icon list, search bar, footer","futuristic, modern, creative",0.66,Modern layout with light muted blue tones featuring large typography and rounded buttons.,"modern, futuristic, light-muted-blue, typography, rounded-buttons, creative, navigation",1
Lapa Ninja (Post),Resend,https://www.lapa.ninja/post/resend-2/,https://cdn.lapa.ninja/assets/images/1x/resend-2-thumb.jpg,"[""#030303""]","{""#030303"": 0.9779}",#030303,dark neutral,"grid layout, rounded buttons, large typography, form, icon list, footer","minimal, modern, futuristic",0.75,Minimal grid layout with dark neutral tones and large typography.,"minimal, modern, dark, grid, typography, futuristic",4
Lapa Ninja (Post),Super Evil Genius Corp,https://www.lapa.ninja/post/superevilgeniuscorp/,https://cdn.lapa.ninja/assets/images/1x/superevilgeniuscorp-thumb.jpg,"[""#000100""]","{""#000100"": 0.8984}",#000100,dark neutral,"video background, sidebar, large typography, feature list, grid layout, split screen","modern, creative, minimal",0.75,Modern split screen layout with dark neutral video background and large typography.,"modern, creative, minimal, dark, grid, sidebar, typography",5
Lapa Ninja (Post),Design Beyond Barriers,https://www.lapa.ninja/post/designbeyondbarriers/,https://cdn.lapa.ninja/assets/images/1x/designbeyondbarriers-thumb.jpg,"[""#fefefe""]","{""#fefefe"": 0.9057}",#fefefe,light neutral,"large typography, sidebar, icon list, grid layout, search bar, footer","modern, cool, minimal",0.75,Modern grid layout with light neutral background and large typography.,"modern, minimal, grid, typography, sidebar, cool",3
Lapa Ninja (Post),Dia Browser,https://www.lapa.ninja/post/diabrowser/,https://cdn.lapa.ninja/assets/images/1x/diabrowser-thumb.jpg,"[""#f8f7f7"", ""#dfcad8""]","{""#f8f7f7"": 0.8573, ""#dfcad8"": 0.0579}",#f8f7f7,light neutral,"rounded buttons, search bar, split screen, grid layout, sidebar, feature list","modern, minimal, professional",0.75,Modern split screen layout with light neutral background and rounded buttons.,"modern, minimal, light, grid, professional, sidebar",0
Lapa Ninja (Post),Detach,https://www.lapa.ninja/post/detach-app/,https://cdn.lapa.ninja/assets/images/1x/detach-app-thumb.jpg,"[""#fefefe"", ""#cbd9cc""]","{""#fefefe"": 0.8707, ""#cbd9cc"": 0.0706}",#fefefe,light neutral,"rounded buttons, grid layout, pricing cards, footer, split screen, large typography","modern, futuristic, minimal",0.75,Modern split screen layout with light neutral background and large typography.,"modern, minimal, light, grid, rounded-buttons, futuristic",0
Lapa Ninja (Post),unwell,https://www.lapa.ninja/post/drinkunwell/,https://cdn.lapa.ninja/assets/images/1x/drinkunwell-thumb.jpg,"[""#edddca"", ""#fffefe""]","{""#edddca"": 0.2785, ""#fffefe"": 0.3226}",#edddca,light bright orange,"rounded buttons, feature list, grid layout, sidebar, video background, footer","cool, creative, minimal",0.64,Minimal grid layout with light bright orange feature list and rounded buttons.,"minimal, grid, light-orange, rounded-buttons, creative, cool",2
Lapa Ninja (Post),Shelby,https://www.lapa.ninja/post/shelby/,https://cdn.lapa.ninja/assets/images/1x/shelby-thumb.jpg,"[""#ffd6ec"", ""#342314""]","{""#ffd6ec"": 0.5267, ""#342314"": 0.3276}",#ffd6ec,light neutral,"sidebar, feature list, icon list, search bar, footer, rounded buttons","modern, minimal, futuristic",0.75,Modern layout with light neutral background and rounded buttons for interaction.,"modern, minimal, light, rounded-buttons, sidebar, feature-list, futuristic",2
Lapa Ninja (Post),Karim Saab,https://www.lapa.ninja/post/karim-saab/,https://cdn.lapa.ninja/assets/images/1x/karim-saab-thumb.jpg,"[""#292016"", ""#fefefe""]","{""#292016"": 0.2484, ""#fefefe"": 0.3272}",#292016,dark muted orange,"rounded buttons, grid layout, large typography, video background, sidebar, split screen","modern, artistic, futuristic",0.62,Modern split screen layout with dark muted orange video background and large typography.,"modern, artistic, dark-muted-orange, grid, video-background, rounded-buttons, futuristic",5
Lapa Ninja (Post),Jkane,https://www.lapa.ninja/post/jkane/,https://cdn.lapa.ninja/assets/images/1x/jkane-thumb.jpg,"[""#d3d3d3"", ""#fdfdfd""]","{""#d3d3d3"": 0.2542, ""#fdfdfd"": 0.3054}",#d3d3d3,light gray,"split screen, grid layout, cta button, video background, sidebar, icon list","modern, creative, minimal",0.63,Modern split screen layout with light gray background and a prominent video background.,"modern, minimal, light-gray, grid, video, creative, sidebar",5
Lapa Ninja (Post),@bitcoin,https://www.lapa.ninja/post/atbitcoin/,https://cdn.lapa.ninja/assets/images/1x/atbitcoin-thumb.jpg,"[""#ecebeb"", ""#0b0b0e""]","{""#ecebeb"": 0.6201, ""#0b0b0e"": 0.3159}",#ecebeb,light neutral,"large typography, grid layout, top navigation, rounded buttons, footer, pricing cards","futuristic, modern, minimal",0.75,Modern grid layout with light neutral background and large typography.,"modern, grid, light, minimal, typography, rounded-buttons",3
Lapa Ninja (Post),Adaline,https://www.lapa.ninja/post/adaline/,https://cdn.lapa.ninja/assets/images/1x/adaline-thumb.jpg,"[""#f8f7ef"", ""#403d1a""]","{""#f8f7ef"": 0.7499, ""#403d1a"": 0.1005}",#f8f7ef,light neutral,"grid layout, rounded buttons, video background, footer, large typography, form","minimal, modern, calm",0.75,Minimal grid layout with light neutral tones and large typography elements.,"minimal, modern, calm, grid, light-neutral, typography, rounded-buttons",3
Lapa Ninja (Post),Jasper,https://www.lapa.ninja/post/jasper-2/,https://cdn.lapa.ninja/assets/images/1x/jasper-2-thumb.jpg,"[""#f8f9f7"", ""#6cbe54""]","{""#f8f9f7"": 0.8348, ""#6cbe54"": 0.0543}",#f8f9f7,light neutral,"grid layout, rounded buttons, large typography, sidebar, search bar, video background","modern, professional, minimal",0.75,Modern grid layout with light neutral background and large typography.,"modern, professional, minimal, grid, typography, rounded-buttons",3
Lapa Ninja (Post),Bunsen Studio,https://www.lapa.ninja/post/bunsenstudio-3/,https://cdn.lapa.ninja/assets/images/1x/bunsenstudio-3-thumb.jpg,"[""#0b0b0c"", ""#cac9d2""]","{""#0b0b0c"": 0.7867, ""#cac9d2"": 0.0968}",#0b0b0c,dark neutral,"feature list, sidebar, large typography, form, icon list, video background","futuristic, modern, minimal",0.75,Modern layout with dark neutral tones featuring large typography and a video background.,"modern, minimal, dark, futuristic, typography, video-background, sidebar",6
Lapa Ninja (Post),Visual Electric,https://www.lapa.ninja/post/visualelectric-3/,https://cdn.lapa.ninja/assets/images/1x/visualelectric-3-thumb.jpg,"[""#020202"", ""#c6c8c5""]","{""#020202"": 0.4058, ""#c6c8c5"": 0.3701}",#020202,dark neutral,"grid layout, large typography, rounded buttons, avatar, footer, split screen","modern, futuristic, minimal",0.7,Modern grid layout with dark neutral tones and large typography.,"modern, grid, dark, minimal, futuristic, rounded-buttons",4
Lapa Ninja (Post),Shed,https://www.lapa.ninja/post/shed/,https://cdn.lapa.ninja/assets/images/1x/shed-thumb.jpg,"[""#34271d"", ""#fdfdfc""]","{""#34271d"": 0.2104, ""#fdfdfc"": 0.4728}",#34271d,dark muted orange,"grid layout, sidebar, split screen, large typography, two-column layout, avatar","futuristic, modern, retro",0.61,Modern split screen layout with dark muted orange accents and large typography.,"modern, grid, dark-muted-orange, split-screen, large-typography, futuristic",0
Lapa Ninja (Post),SuperHi.cv,https://www.lapa.ninja/post/superhi-cv/,https://cdn.lapa.ninja/assets/images/1x/superhi-cv-thumb.jpg,"[""#1c211a"", ""#020202""]","{""#1c211a"": 0.6331, ""#020202"": 0.2286}",#1c211a,dark muted green,"rounded buttons, grid layout, sidebar, large typography, form, split screen","professional, modern, minimal",0.75,Professional split screen layout with dark muted green background and large typography.,"professional, modern, dark-muted-green, grid, rounded-buttons, minimal",0
Lapa Ninja (Post),Michael Brown,https://www.lapa.ninja/post/mbrown/,https://cdn.lapa.ninja/assets/images/1x/mbrown-thumb.jpg,"[""#281505"", ""#444343""]","{""#281505"": 0.6927, ""#444343"": 0.1651}",#281505,dark bright orange,"grid layout, large typography, sidebar, rounded buttons, footer, video background","modern, minimal, professional",0.75,Modern grid layout with dark bright orange typography and rounded buttons.,"modern, minimal, dark-bright-orange, grid, typography, professional, rounded-buttons",4
Lapa Ninja (Post),Dix Hectares,https://www.lapa.ninja/post/dixhectares/,https://cdn.lapa.ninja/assets/images/1x/dixhectares-thumb.jpg,"[""#ede4d5"", ""#5c5e2e""]","{""#ede4d5"": 0.4507, ""#5c5e2e"": 0.1602}",#ede4d5,light bright orange,"rounded buttons, sidebar, grid layout, large typography, feature list, video background","retro, luxury, minimal",0.73,Minimal grid layout with light bright orange background and large typography.,"minimal, retro, luxury, grid, rounded-buttons, typography, video-background",4
Lapa Ninja (Post),Emily Lonetto,https://www.lapa.ninja/post/emilylonetto/,https://cdn.lapa.ninja/assets/images/1x/emilylonetto-thumb.jpg,"[""#282e2e"", ""#f4f4f6""]","{""#282e2e"": 0.2438, ""#f4f4f6"": 0.5557}",#282e2e,dark gray,"sidebar, large typography, rounded buttons, form, footer, video background","friendly, futuristic, bold",0.62,Friendly layout with dark gray sidebar and large typography elements.,"friendly, bold, dark-gray, sidebar, typography, modern",1
Lapa Ninja (Post),ThreeTools,https://www.lapa.ninja/post/three-tools/,https://cdn.lapa.ninja/assets/images/1x/three-tools-thumb.jpg,"[""#010101"", ""#181d1d""]","{""#010101"": 0.6848, ""#181d1d"": 0.1476}",#010101,dark neutral,"large typography, rounded buttons, cta button, footer, top navigation, grid layout","futuristic, cool, modern",0.75,Modern grid layout with dark neutral tones and large typography.,"modern, grid, dark, futuristic, rounded-buttons, typography",4
Lapa Ninja (Post),Fin,https://www.lapa.ninja/post/fin-ai/,https://cdn.lapa.ninja/assets/images/1x/fin-ai-thumb.jpg,"[""#060c18"", ""#232026""]","{""#060c18"": 0.7255, ""#232026"": 0.1658}",#060c18,dark neutral,"search bar, feature list, sidebar, top navigation, rounded buttons, large typography","futuristic, modern, cool",0.75,Modern layout with dark neutral tones featuring a prominent search bar and large typography.,"modern, futuristic, dark, sidebar, rounded-buttons, typography",1
Lapa Ninja (Post),Radical Face,https://www.lapa.ninja/post/radicalface/,https://cdn.lapa.ninja/assets/images/1x/radicalface-thumb.jpg,"[""#eeeeea"", ""#cbd2dc""]","{""#eeeeea"": 0.4561, ""#cbd2dc"": 0.2995}",#eeeeea,light neutral,"rounded buttons, sidebar, grid layout, large typography, avatar, feature list","modern, minimal, professional",0.73,Modern grid layout with light neutral background and large typography.,"modern, minimal, professional, grid, typography, rounded-buttons",3
Lapa Ninja (Post),Jordan Rosenberg,https://www.lapa.ninja/post/jordanrosenberg/,https://cdn.lapa.ninja/assets/images/1x/jordanrosenberg-thumb.jpg,"[""#c8c7c3"", ""#232124""]","{""#c8c7c3"": 0.481, ""#232124"": 0.1877}",#c8c7c3,light gray,"large typography, sidebar, grid layout, icon list, feature list, video background","retro, modern, cool",0.74,Modern grid layout with light gray background and large typography.,"modern, grid, light-gray, typography, sidebar, retro",4
Lapa Ninja (Post),Swift,https://www.lapa.ninja/post/swift/,https://cdn.lapa.ninja/assets/images/1x/swift-thumb.jpg,"[""#ebf3f8"", ""#f4cb98""]","{""#ebf3f8"": 0.4137, ""#f4cb98"": 0.3317}",#ebf3f8,light neutral,"rounded buttons, sidebar, large typography, search bar, video background, split screen","minimal, modern, cool",0.71,Minimal split screen layout with light neutral background and large typography.,"minimal, modern, light, split-screen, typography, rounded-buttons",0
Lapa Ninja (Post),kit:,https://www.lapa.ninja/post/kitskinkind/,https://cdn.lapa.ninja/assets/images/1x/kitskinkind-thumb.jpg,"[""#4b2520"", ""#f0ebe0""]","{""#4b2520"": 0.211, ""#f0ebe0"": 0.2072}",#4b2520,dark bright red,"grid layout, pricing cards, sidebar, rounded buttons, search bar, large typography","luxury, trustworthy, creative",0.61,Luxurious grid layout with dark bright red pricing cards and rounded buttons.,"luxury, grid, dark-bright-red, pricing-cards, rounded-buttons, trustworthy",7
Lapa Ninja (Post),Ngan Nguyen,https://www.lapa.ninja/post/ngan-nguyen/,https://cdn.lapa.ninja/assets/images/1x/ngan-nguyen-thumb.jpg,"[""#f4f5f5"", ""#0e1619""]","{""#f4f5f5"": 0.6596, ""#0e1619"": 0.1614}",#f4f5f5,light neutral,"grid layout, icon list, large typography, sidebar, rounded buttons, feature list","minimal, professional, modern",0.75,Minimal grid layout with light neutral background and large typography.,"minimal, professional, grid, light, typography, modern, rounded-buttons",3
Lapa Ninja (Post),Altitude Beverages,https://www.lapa.ninja/post/altitudebev/,https://cdn.lapa.ninja/assets/images/1x/altitudebev-thumb.jpg,"[""#3e5060"", ""#272631""]","{""#3e5060"": 0.2742, ""#272631"": 0.2244}",#3e5060,muted blue,"large typography, grid layout, sidebar, video background, rounded buttons, split screen","minimal, luxury, modern",0.64,Modern grid layout with muted blue tones and large typography.,"modern, minimal, muted-blue, grid, luxury, rounded-buttons",4
Lapa Ninja (Post),Level Money,https://www.lapa.ninja/post/level-money/,https://cdn.lapa.ninja/assets/images/1x/level-money-thumb.jpg,"[""#1d43ea"", ""#f2f2f3""]","{""#1d43ea"": 0.3321, ""#f2f2f3"": 0.4147}",#1d43ea,bright blue,"grid layout, large typography, rounded buttons, pricing cards, feature list, search bar","minimal, modern, futuristic",0.67,Minimal grid layout with bright blue accents and large typography.,"minimal, modern, bright-blue, grid, typography, futuristic",4
Lapa Ninja (Post),MakeReign,https://www.lapa.ninja/post/makereign/,https://cdn.lapa.ninja/assets/images/1x/makereign-thumb.jpg,"[""#d8dcdb"", ""#262628""]","{""#d8dcdb"": 0.5285, ""#262628"": 0.2495}",#d8dcdb,light gray,"large typography, sidebar, pricing cards, rounded buttons, feature list, footer","modern, professional, minimal",0.75,Modern layout with light gray background featuring large typography and rounded buttons.,"modern, professional, light-gray, minimal, typography, rounded-buttons, sidebar",1
Lapa Ninja (Post),OVNA OVICH,https://www.lapa.ninja/post/ovnaovich/,https://cdn.lapa.ninja/assets/images/1x/ovnaovich-thumb.jpg,"[""#f3f2ee"", ""#afc3ce""]","{""#f3f2ee"": 0.4768, ""#afc3ce"": 0.155}",#f3f2ee,light neutral,"grid layout, sidebar, video background, avatar, feature list, form","minimal, modern, retro",0.74,Minimal grid layout with light neutral background and a video feature in the sidebar.,"minimal, modern, light, grid, video, sidebar, retro",6
Lapa Ninja (Post),ONBOX,https://www.lapa.ninja/post/onboxcreative/,https://cdn.lapa.ninja/assets/images/1x/onboxcreative-thumb.jpg,"[""#ece9e4"", ""#180f0c""]","{""#ece9e4"": 0.4216, ""#180f0c"": 0.2863}",#ece9e4,light muted orange,"large typography, rounded buttons, grid layout, sidebar, footer, feature list","luxury, minimal, professional",0.71,Minimal grid layout with light muted orange typography and rounded buttons.,"minimal, luxury, light, grid, professional, rounded-buttons",4
Lapa Ninja (Post),TERMS,https://www.lapa.ninja/post/terms/,https://cdn.lapa.ninja/assets/images/1x/terms-thumb.jpg,"[""#d4d4d3"", ""#ffffff""]","{""#d4d4d3"": 0.3605, ""#ffffff"": 0.3616}",#d4d4d3,light gray,"form, large typography, two-column layout, data table, single column, rounded buttons","modern, minimal, futuristic",0.68,Modern two-column layout with light gray background and large typography.,"modern, minimal, light-gray, two-column, typography, rounded-buttons",1
Lapa Ninja (Post),AWE,https://www.lapa.ninja/post/awenetwork/,https://cdn.lapa.ninja/assets/images/1x/awenetwork-thumb.jpg,"[""#020202"", ""#dd8162""]","{""#020202"": 0.5094, ""#dd8162"": 0.1346}",#020202,dark neutral,"large typography, split screen, grid layout, sidebar, form, video background","modern, creative, artistic",0.75,Modern split screen layout with dark neutral background and large typography.,"modern, creative, dark, grid, sidebar, video-background",5
Lapa Ninja (Post),Defiant,https://www.lapa.ninja/post/defiant/,https://cdn.lapa.ninja/assets/images/1x/defiant-thumb.jpg,"[""#f6f6f6"", ""#c9c9c9""]","{""#f6f6f6"": 0.884, ""#c9c9c9"": 0.0711}",#f6f6f6,light neutral,"large typography, search bar, footer, rounded buttons, split screen, video background","futuristic, modern, minimal",0.75,Modern split screen layout with light neutral background and large typography.,"modern, minimal, light, futuristic, rounded-buttons, video-background",0
Lapa Ninja (Post),Made With Gsap,https://www.lapa.ninja/post/madewithgsap/,https://cdn.lapa.ninja/assets/images/1x/madewithgsap-thumb.jpg,"[""#131413"", ""#f1f1f1""]","{""#131413"": 0.3208, ""#f1f1f1"": 0.5442}",#131413,dark neutral,"large typography, grid layout, rounded buttons, pricing cards, sidebar, footer","retro, futuristic, modern",0.66,Modern grid layout with dark neutral background and large typography.,"modern, grid, dark, typography, rounded-buttons, pricing-cards",4
Lapa Ninja (Post),Lué Studio,https://www.lapa.ninja/post/lue/,https://cdn.lapa.ninja/assets/images/1x/lue-thumb.jpg,"[""#fefcfd"", ""#e7d2e3""]","{""#fefcfd"": 0.6284, ""#e7d2e3"": 0.1029}",#fefcfd,light neutral,"video background, sidebar, large typography, pricing cards, rounded buttons, grid layout","luxury, artistic, cool",0.75,Light neutral layout with large typography and rounded buttons in a grid structure.,"luxury, artistic, grid, large-typography, rounded-buttons, video-background",3
Lapa Ninja (Post),Yolanta Birkhane,https://www.lapa.ninja/post/yolantabirkhane/,https://cdn.lapa.ninja/assets/images/1x/yolantabirkhane-thumb.jpg,"[""#f9f6ef"", ""#515151""]","{""#f9f6ef"": 0.539, ""#515151"": 0.1427}",#f9f6ef,light neutral,"sidebar, video background, carousel, rounded buttons, large typography, grid layout","retro, artistic, cool",0.75,Retro grid layout with light neutral background and large typography featuring rounded buttons.,"retro, artistic, light, grid, typography, rounded-buttons, carousel",3
Lapa Ninja (Post),Blackalgo,https://www.lapa.ninja/post/blackalgo/,https://cdn.lapa.ninja/assets/images/1x/blackalgo-thumb.jpg,"[""#070618""]","{""#070618"": 0.9618}",#070618,dark neutral,"feature list, icon list, video background, search bar, sidebar, split screen","futuristic, modern, cool",0.75,Modern split screen layout with dark neutral video background and feature list.,"modern, futuristic, dark, split-screen, video-background, feature-list",5
Lapa Ninja (Post),STEL,https://www.lapa.ninja/post/stelstores/,https://cdn.lapa.ninja/assets/images/1x/stelstores-thumb.jpg,"[""#302625"", ""#fbfbfb""]","{""#302625"": 0.2275, ""#fbfbfb"": 0.3909}",#302625,dark muted red,"rounded buttons, grid layout, sidebar, pricing cards, icon list, split screen","professional, modern, futuristic",0.61,Professional grid layout with dark muted red sidebar and rounded buttons.,"professional, modern, dark-muted-red, grid, rounded-buttons, sidebar, pricing-cards",7
Lapa Ninja (Post),Letters,https://www.lapa.ninja/post/letters/,https://cdn.lapa.ninja/assets/images/1x/letters-thumb.jpg,"[""#85a8ca"", ""#fbfbfb""]","{""#85a8ca"": 0.1926, ""#fbfbfb"": 0.5811}",#85a8ca,bright blue,"rounded buttons, grid layout, footer, feature list, search bar, sidebar","minimal, modern, calm",0.6,Minimal grid layout with light neutral background and rounded buttons.,"minimal, modern, calm, grid, rounded-buttons, footer, search-bar",2
Lapa Ninja (Post),The Variable,https://www.lapa.ninja/post/thevariable/,https://cdn.lapa.ninja/assets/images/1x/thevariable-thumb.jpg,"[""#1d1d1d""]","{""#1d1d1d"": 0.9057}",#1d1d1d,dark gray,"large typography, split screen, video background, logo, grid layout, sidebar","minimal, modern, professional",0.75,Minimal split screen layout with dark gray video background and large typography.,"minimal, modern, dark-gray, split-screen, video, professional",5
Lapa Ninja (Post),247PLUS,https://www.lapa.ninja/post/247plus/,https://cdn.lapa.ninja/assets/images/1x/247plus-thumb.jpg,"[""#f8f7f6"", ""#241e18""]","{""#f8f7f6"": 0.6366, ""#241e18"": 0.1262}",#f8f7f6,light neutral,"grid layout, rounded buttons, sidebar, feature list, large typography, form","modern, minimal, bold",0.75,Modern grid layout with dark muted gray sidebar and large typography.,"modern, minimal, dark-muted-gray, grid, typography, rounded-buttons",4
Lapa Ninja (Post),Molly,https://www.lapa.ninja/post/molly-studio/,https://cdn.lapa.ninja/assets/images/1x/molly-studio-thumb.jpg,"[""#f9f9f7"", ""#767b4f""]","{""#f9f9f7"": 0.761, ""#767b4f"": 0.1351}",#f9f9f7,light neutral,"rounded buttons, large typography, footer, grid layout, cta button, sidebar","minimal, modern, creative",0.75,Minimal grid layout with light neutral background and large typography.,"minimal, modern, light, grid, typography, creative, rounded-buttons",3
Lapa Ninja (Post),Drop,https://www.lapa.ninja/post/drop/,https://cdn.lapa.ninja/assets/images/1x/drop-thumb.jpg,"[""#02030d"", ""#fbfbfb""]","{""#02030d"": 0.2934, ""#fbfbfb"": 0.4573}",#02030d,dark neutral,"rounded buttons, grid layout, video background, feature list, sidebar, footer","minimal, futuristic, modern",0.65,Minimal grid layout with dark neutral video background and rounded buttons.,"minimal, modern, dark, grid, video, rounded-buttons, futuristic",2
Lapa Ninja (Post),Wildy Riftian,https://www.lapa.ninja/post/wildyriftian/,https://cdn.lapa.ninja/assets/images/1x/wildyriftian-thumb.jpg,"[""#020202"", ""#7b7e7d""]","{""#020202"": 0.4213, ""#7b7e7d"": 0.2255}",#020202,dark neutral,"large typography, video background, rounded buttons, grid layout, form, sidebar","minimal, futuristic, modern",0.71,Modern grid layout with dark neutral video background and large typography.,"modern, minimal, dark, grid, video-background, rounded-buttons, typography",6
Lapa Ninja (Post),Studio Three,https://www.lapa.ninja/post/three-studio/,https://cdn.lapa.ninja/assets/images/1x/three-studio-thumb.jpg,"[""#080808"", ""#535155""]","{""#080808"": 0.7859, ""#535155"": 0.0849}",#080808,dark neutral,"rounded buttons, large typography, sidebar, feature list, search bar, icon list","minimal, futuristic, modern",0.75,Minimal layout with dark neutral tones featuring large typography and a sidebar.,"minimal, modern, dark, sidebar, typography, futuristic",1
Lapa Ninja (Post),Meet Your Legend,https://www.lapa.ninja/post/meetyourlegend/,https://cdn.lapa.ninja/assets/images/1x/meetyourlegend-thumb.jpg,"[""#180302"", ""#f68f14""]","{""#180302"": 0.5692, ""#f68f14"": 0.1776}",#180302,dark neutral,"sidebar, video background, large typography, feature list, split screen, data table","cool, friendly, modern",0.75,Modern split screen layout with dark neutral background and large typography.,"modern, split-screen, dark-neutral, friendly, video-background, typography",5
Lapa Ninja (Post),Face Formula,https://www.lapa.ninja/post/faceformula/,https://cdn.lapa.ninja/assets/images/1x/faceformula-thumb.jpg,"[""#231c17"", ""#fcfcfb""]","{""#231c17"": 0.3196, ""#fcfcfb"": 0.2195}",#231c17,dark muted orange,"sidebar, grid layout, large typography, footer, rounded buttons, search bar","modern, futuristic, minimal",0.66,Modern grid layout with dark muted orange typography and a prominent sidebar.,"modern, grid, dark-muted-orange, sidebar, minimal, rounded-buttons",4
Lapa Ninja (Post),Coercive Control,https://www.lapa.ninja/post/coercive-control/,https://cdn.lapa.ninja/assets/images/1x/coercive-control-thumb.jpg,"[""#1c1e1d""]","{""#1c1e1d"": 0.9219}",#1c1e1d,dark gray,"pricing cards, large typography, footer, centered hero, avatar, form","luxury, modern, professional",0.75,Modern layout with dark gray centered hero and large typography for emphasis.,"modern, professional, dark-gray, centered-hero, large-typography, luxury",7
Lapa Ninja (Post),Reform Collective,https://www.lapa.ninja/post/reformcollective-4/,https://cdn.lapa.ninja/assets/images/1x/reformcollective-4-thumb.jpg,"[""#251c19"", ""#a89178""]","{""#251c19"": 0.2747, ""#a89178"": 0.2297}",#251c19,dark muted red,"form, rounded buttons, sidebar, large typography, footer, feature list","modern, bold, vibrant",0.64,Modern layout with dark muted red sidebar and large typography elements.,"modern, bold, dark-red, sidebar, typography, rounded-buttons",1
Lapa Ninja (Post),Chicago Kare,https://www.lapa.ninja/post/chicagokare/,https://cdn.lapa.ninja/assets/images/1x/chicagokare-thumb.jpg,"[""#010101"", ""#222222""]","{""#010101"": 0.7159, ""#222222"": 0.0958}",#010101,dark neutral,"large typography, sidebar, footer, video background, data table, hero image","retro, cool, friendly",0.75,Retro layout with dark neutral tones featuring large typography and a video background.,"retro, cool, dark, typography, video-background, friendly, layout",6
Lapa Ninja (Post),LEOLEO Studio,https://www.lapa.ninja/post/leoleo-studio-2/,https://cdn.lapa.ninja/assets/images/1x/leoleo-studio-2-thumb.jpg,"[""#b1b0b0"", ""#fefefe""]","{""#b1b0b0"": 0.272, ""#fefefe"": 0.2861}",#b1b0b0,muted gray,"large typography, grid layout, pricing cards, rounded buttons, sidebar, form","modern, creative, futuristic",0.64,Modern grid layout with muted gray typography and rounded buttons.,"modern, grid, muted-gray, typography, rounded-buttons, creative",4
Lapa Ninja (Post),Seasoned,https://www.lapa.ninja/post/seasoned/,https://cdn.lapa.ninja/assets/images/1x/seasoned-thumb.jpg,"[""#f2f1e9"", ""#ebe1b2""]","{""#f2f1e9"": 0.3412, ""#ebe1b2"": 0.2826}",#f2f1e9,light neutral,"video background, rounded buttons, large typography, sidebar, pricing cards, split screen","luxury, professional, elegant",0.67,Elegant split screen layout with light neutral background and large typography.,"luxury, professional, light, split-screen, rounded-buttons, video-background, pricing-cards",5
Lapa Ninja (Post),Kindsight,https://www.lapa.ninja/post/kindsight/,https://cdn.lapa.ninja/assets/images/1x/kindsight-thumb.jpg,"[""#3d4028"", ""#f9f5f2""]","{""#3d4028"": 0.313, ""#f9f5f2"": 0.5584}",#3d4028,dark muted yellow,"grid layout, rounded buttons, split screen, search bar, sidebar, large typography","modern, minimal, professional",0.66,Modern grid layout with dark muted yellow sidebar and large typography.,"modern, minimal, dark-muted-yellow, grid, professional, rounded-buttons",4
Lapa Ninja (Post),Astral Frontier,https://www.lapa.ninja/post/theastralfrontier/,https://cdn.lapa.ninja/assets/images/1x/theastralfrontier-thumb.jpg,"[""#0c0f12"", ""#2a3435""]","{""#0c0f12"": 0.8809, ""#2a3435"": 0.0542}",#0c0f12,dark neutral,"video background, large typography, footer, sidebar, avatar, search bar","futuristic, friendly, trustworthy",0.75,Futuristic layout with dark neutral tones featuring a video background and large typography.,"futuristic, friendly, dark, video-background, large-typography, sidebar",6
Lapa Ninja (Post),FLORA,https://www.lapa.ninja/post/florafauna/,https://cdn.lapa.ninja/assets/images/1x/florafauna-thumb.jpg,"[""#000000"", ""#1f1f1f""]","{""#000000"": 0.8793, ""#1f1f1f"": 0.0897}",#000000,dark neutral,"top navigation, avatar, feature list, video background, large typography, split screen","cool, futuristic, modern",0.75,Modern split screen layout with dark neutral background and large typography.,"modern, cool, dark, split-screen, typography, futuristic",5
Lapa Ninja (Post),Firebase Studio,https://www.lapa.ninja/post/firebase-2/,https://cdn.lapa.ninja/assets/images/1x/firebase-2-thumb.jpg,"[""#050302"", ""#2a1e14""]","{""#050302"": 0.4528, ""#2a1e14"": 0.2757}",#050302,dark neutral,"split screen, feature list, icon list, sidebar, grid layout, video background","modern, professional, futuristic",0.73,Modern split screen layout with dark neutral tones and a video background.,"modern, professional, dark, split-screen, grid, video-background",5
Lapa Ninja (Post),Charlie Osborne,https://www.lapa.ninja/post/charlieosborne-2/,https://cdn.lapa.ninja/assets/images/1x/charlieosborne-2-thumb.jpg,"[""#050202"", ""#fbfaf9""]","{""#050202"": 0.36, ""#fbfaf9"": 0.3371}",#050202,dark neutral,"rounded buttons, large typography, feature list, data table, sidebar, video background","modern, minimal, futuristic",0.68,Modern layout with dark neutral tones featuring large typography and rounded buttons.,"modern, minimal, dark-neutral, rounded-buttons, typography, futuristic",1
Lapa Ninja (Post),Ranlus,https://www.lapa.ninja/post/ranlus/,https://cdn.lapa.ninja/assets/images/1x/ranlus-thumb.jpg,"[""#191919"", ""#140321""]","{""#191919"": 0.6976, ""#140321"": 0.1628}",#191919,dark gray,"large typography, sidebar, rounded buttons, grid layout, search bar, split screen","futuristic, minimal, retro",0.75,Minimal split screen layout with dark gray background and large typography.,"minimal, dark-gray, futuristic, grid, rounded-buttons, sidebar",0
Lapa Ninja (Post),Mallard & Claret,https://www.lapa.ninja/post/mallardandclaret/,https://cdn.lapa.ninja/assets/images/1x/mallardandclaret-thumb.jpg,"[""#0a090d"", ""#2a2735""]","{""#0a090d"": 0.3276, ""#2a2735"": 0.2733}",#0a090d,dark neutral,"video background, large typography, split screen, sidebar, grid layout, rounded buttons","modern, futuristic, cool",0.66,Modern split screen layout with dark neutral video background and large typography.,"modern, futuristic, dark, grid, sidebar, rounded-buttons",5
Lapa Ninja (Post),Jules,https://www.lapa.ninja/post/jules/,https://cdn.lapa.ninja/assets/images/1x/jules-thumb.jpg,"[""#1d0246"", ""#140826""]","{""#1d0246"": 0.7117, ""#140826"": 0.1936}",#1d0246,dark bright purple,"grid layout, rounded buttons, sidebar, footer, search bar, large typography","modern, vibrant, creative",0.75,Modern grid layout with dark bright purple sidebar and large typography.,"modern, vibrant, dark-purple, grid, rounded-buttons, creative",4
Lapa Ninja (Post),Jack McDade,https://www.lapa.ninja/post/jackmcdade/,https://cdn.lapa.ninja/assets/images/1x/jackmcdade-thumb.jpg,"[""#04fafc"", ""#01303a""]","{""#04fafc"": 0.4382, ""#01303a"": 0.3979}",#04fafc,bright teal,"sidebar, video background, large typography, grid layout, rounded buttons, avatar","modern, creative, futuristic",0.72,Modern grid layout with bright teal video background and large typography.,"modern, creative, bright-teal, grid, video-background, rounded-buttons",6
Lapa Ninja (Post),Flow,https://www.lapa.ninja/post/google-flow/,https://cdn.lapa.ninja/assets/images/1x/google-flow-thumb.jpg,"[""#050606"", ""#1f313b""]","{""#050606"": 0.345, ""#1f313b"": 0.2658}",#050606,dark neutral,"form, footer, video background, large typography, sidebar, feature list","futuristic, calm, creative",0.67,Dark neutral layout featuring large typography with a video background and a sidebar.,"futuristic, calm, dark, typography, video-background, sidebar, creative",6
Lapa Ninja (Post),dola,https://www.lapa.ninja/post/thedola/,https://cdn.lapa.ninja/assets/images/1x/thedola-thumb.jpg,"[""#d54e2a"", ""#ddd6cd""]","{""#d54e2a"": 0.4527, ""#ddd6cd"": 0.2925}",#d54e2a,bright red,"sidebar, feature list, icon list, grid layout, search bar, rounded buttons","modern, minimal, retro",0.73,Modern grid layout with bright red sidebar and rounded buttons.,"modern, minimal, bright-red, grid, sidebar, rounded-buttons",2
Lapa Ninja (Post),Distributional,https://www.lapa.ninja/post/distributional/,https://cdn.lapa.ninja/assets/images/1x/distributional-thumb.jpg,"[""#1f1f1f"", ""#e7e7e7""]","{""#1f1f1f"": 0.6056, ""#e7e7e7"": 0.371}",#1f1f1f,dark gray,"grid layout, large typography, rounded buttons, footer, split screen, top navigation","minimal, modern, futuristic",0.75,Minimal split screen layout with dark gray background and large typography.,"minimal, modern, dark-gray, grid, typography, rounded-buttons",0
Lapa Ninja (Post),JIDDO,https://www.lapa.ninja/post/jiddo/,https://cdn.lapa.ninja/assets/images/1x/jiddo-thumb.jpg,"[""#f6f4f5"", ""#f75002""]","{""#f6f4f5"": 0.7613, ""#f75002"": 0.1762}",#f6f4f5,light neutral,"top navigation, avatar, sidebar, feature list, large typography, centered hero","futuristic, creative, calm",0.75,Creative layout with light neutral background and centered hero featuring large typography.,"futuristic, calm, light, centered-hero, large-typography, sidebar",1
Lapa Ninja (Post),General Proximity,https://www.lapa.ninja/post/generalproximity/,https://cdn.lapa.ninja/assets/images/1x/generalproximity-thumb.jpg,"[""#020203"", ""#16182b""]","{""#020203"": 0.7316, ""#16182b"": 0.1229}",#020203,dark neutral,"large typography, sidebar, avatar, video background, footer, form","futuristic, modern, cool",0.75,Modern layout with dark neutral tones featuring large typography and a video background.,"modern, futuristic, dark-neutral, large-typography, video-background, sidebar",6
Lapa Ninja (Post),Moti,https://www.lapa.ninja/post/motiapp/,https://cdn.lapa.ninja/assets/images/1x/motiapp-thumb.jpg,"[""#fed838"", ""#20201f""]","{""#fed838"": 0.5688, ""#20201f"": 0.3457}",#fed838,bright yellow,"footer, rounded buttons, search bar, sidebar, video background, cta button","modern, creative, minimal",0.75,Modern layout with bright yellow video background and rounded buttons.,"modern, creative, minimal, bright-yellow, rounded-buttons, video-background",6
Lapa Ninja (Post),Doğukan Karapınar,https://www.lapa.ninja/post/doughkan/,https://cdn.lapa.ninja/assets/images/1x/doughkan-thumb.jpg,"[""#eaebe9"", ""#f1523d""]","{""#eaebe9"": 0.5811, ""#f1523d"": 0.121}",#eaebe9,light gray,"large typography, grid layout, form, rounded buttons, icon list, two-column layout","modern, futuristic, minimal",0.75,Modern grid layout with light gray background and large typography.,"modern, minimal, light-gray, grid, typography, rounded-buttons",3
Lapa Ninja (Post),Joi Planner,https://www.lapa.ninja/post/joi/,https://cdn.lapa.ninja/assets/images/1x/joi-thumb.jpg,"[""#ffffff"", ""#080404""]","{""#ffffff"": 0.8739, ""#080404"": 0.0872}",#ffffff,light neutral,"sidebar, top navigation, rounded buttons, feature list, large typography, footer","modern, professional, minimal",0.75,Modern layout with light neutral background and dark sidebar navigation.,"modern, professional, minimal, sidebar, navigation, rounded-buttons",1
Lapa Ninja (Post),Cassette,https://www.lapa.ninja/post/cassettemusic/,https://cdn.lapa.ninja/assets/images/1x/cassettemusic-thumb.jpg,"[""#1a1a1c"", ""#e2d427""]","{""#1a1a1c"": 0.7429, ""#e2d427"": 0.1252}",#1a1a1c,dark gray,"video background, sidebar, large typography, feature list, icon list, rounded buttons","minimal, retro, cool",0.75,Minimal layout with dark gray video background and large typography.,"minimal, dark-gray, video, typography, retro, rounded-buttons",6
Lapa Ninja (Post),Amaterasu,https://www.lapa.ninja/post/amaterasu/,https://cdn.lapa.ninja/assets/images/1x/amaterasu-thumb.jpg,"[""#fefefe"", ""#4997b7""]","{""#fefefe"": 0.3561, ""#4997b7"": 0.177}",#fefefe,light neutral,"large typography, split screen, grid layout, rounded buttons, avatar, sidebar","modern, minimal, futuristic",0.68,Modern split screen layout with light neutral background and large typography.,"modern, minimal, light, grid, rounded-buttons, sidebar, futuristic",0
Lapa Ninja (Post),Onboard,https://www.lapa.ninja/post/onboard/,https://cdn.lapa.ninja/assets/images/1x/onboard-thumb.jpg,"[""#f9f6e4"", ""#9fa5a2""]","{""#f9f6e4"": 0.4161, ""#9fa5a2"": 0.2046}",#f9f6e4,light neutral,"grid layout, sidebar, rounded buttons, video background, split screen, hero image","modern, trustworthy, creative",0.71,Modern grid layout with light neutral background and rounded buttons.,"modern, grid, light, rounded-buttons, sidebar, video-background",2
Lapa Ninja (Post),STUDIO HERRSTRÖM,https://www.lapa.ninja/post/studioherrstrom-2/,https://cdn.lapa.ninja/assets/images/1x/studioherrstrom-2-thumb.jpg,"[""#010101"", ""#b4bea7""]","{""#010101"": 0.7114, ""#b4bea7"": 0.1318}",#010101,dark neutral,"grid layout, rounded buttons, sidebar, icon list, video background, feature list","futuristic, modern, artistic",0.75,Modern grid layout with dark neutral tones and rounded buttons.,"modern, grid, dark, rounded-buttons, futuristic, artistic",2
Lapa Ninja (Post),Daniella Marynov,https://www.lapa.ninja/post/hellodani/,https://cdn.lapa.ninja/assets/images/1x/hellodani-thumb.jpg,"[""#f4f2ef"", ""#8ed3e8""]","{""#f4f2ef"": 0.8041, ""#8ed3e8"": 0.0587}",#f4f2ef,light neutral,"rounded buttons, grid layout, sidebar, search bar, feature list, icon list","minimal, modern, futuristic",0.75,Minimal grid layout with light neutral background and rounded buttons.,"minimal, modern, light, grid, rounded-buttons, sidebar, clean",2
Lapa Ninja (Post),SVZ,https://www.lapa.ninja/post/svz-2/,https://cdn.lapa.ninja/assets/images/1x/svz-2-thumb.jpg,"[""#030303"", ""#626262""]","{""#030303"": 0.5463, ""#626262"": 0.3847}",#030303,dark neutral,"large typography, logo, video background, form, data table, pricing cards","futuristic, modern, minimal",0.75,Modern layout with dark neutral tones featuring large typography and a video background.,"modern, minimal, dark, typography, video, layout, futuristic",6
Lapa Ninja (Post),YOU=US,https://www.lapa.ninja/post/destigmatize/,https://cdn.lapa.ninja/assets/images/1x/destigmatize-thumb.jpg,"[""#0e0f0f"", ""#fbe0e1""]","{""#0e0f0f"": 0.8239, ""#fbe0e1"": 0.0597}",#0e0f0f,dark neutral,"large typography, sidebar, video background, avatar, form, rounded buttons","minimal, futuristic, modern",0.75,Minimal layout with dark neutral tones featuring large typography and a video background.,"minimal, modern, dark, typography, video-background, rounded-buttons, sidebar",6
Lapa Ninja (Post),Bisou Gallery,https://www.lapa.ninja/post/bisougallery/,https://cdn.lapa.ninja/assets/images/1x/bisougallery-thumb.jpg,"[""#471211"", ""#f3f4f2""]","{""#471211"": 0.4453, ""#f3f4f2"": 0.3435}",#471211,dark bright red,"single column, two-column layout, grid layout, large typography, rounded buttons, sidebar","modern, cool, artistic",0.72,Modern grid layout with dark bright red accents and large typography.,"modern, artistic, dark-red, grid, typography, rounded-buttons",4
Lapa Ninja (Post),Ada,https://www.lapa.ninja/post/ada/,https://cdn.lapa.ninja/assets/images/1x/ada-thumb.jpg,"[""#fae78c"", ""#fafaf9""]","{""#fae78c"": 0.2473, ""#fafaf9"": 0.4259}",#fae78c,bright yellow,"pricing cards, grid layout, data table, large typography, rounded buttons, top navigation","modern, professional, trustworthy",0.62,Modern grid layout with bright yellow pricing cards and large typography.,"modern, professional, bright-yellow, grid, pricing-cards, typography, rounded-buttons",7
Lapa Ninja (Post),Fine Thought,https://www.lapa.ninja/post/finethought/,https://cdn.lapa.ninja/assets/images/1x/finethought-thumb.jpg,"[""#282828"", ""#b9b9b9""]","{""#282828"": 0.7683, ""#b9b9b9"": 0.1256}",#282828,dark gray,"large typography, feature list, sidebar, grid layout, icon list, video background","creative, professional, artistic",0.75,Professional grid layout with dark gray background and large typography.,"professional, creative, dark-gray, grid, typography, artistic",6
Lapa Ninja (Post),Your Creative,https://www.lapa.ninja/post/yourcreative/,https://cdn.lapa.ninja/assets/images/1x/yourcreative-thumb.jpg,"[""#f9f6f5"", ""#c6cfe3""]","{""#f9f6f5"": 0.621, ""#c6cfe3"": 0.1419}",#f9f6f5,light neutral,"avatar, rounded buttons, search bar, grid layout, video background, footer","modern, futuristic, minimal",0.75,Modern grid layout with light neutral background and rounded buttons.,"modern, minimal, light, grid, rounded-buttons, avatar, video-background",2
Lapa Ninja (Post),Amelia Wattenberger,https://www.lapa.ninja/post/wattenberger-2/,https://cdn.lapa.ninja/assets/images/1x/wattenberger-2-thumb.jpg,"[""#ffffff""]","{""#ffffff"": 0.9173}",#ffffff,light neutral,"large typography, logo, two-column layout, sidebar, avatar, single column","professional, cool, modern",0.75,Professional two-column layout with light neutral background and large typography.,"professional, modern, two-column, light, typography, clean",1
Lapa Ninja (Post),Clue Perfumery,https://www.lapa.ninja/post/clueperfumery/,https://cdn.lapa.ninja/assets/images/1x/clueperfumery-thumb.jpg,"[""#f1f1e9"", ""#beb0a8""]","{""#f1f1e9"": 0.5122, ""#beb0a8"": 0.2789}",#f1f1e9,light neutral,"large typography, sidebar, rounded buttons, grid layout, icon list, pricing cards","creative, cool, artistic",0.75,Creative grid layout with light neutral background and large typography.,"creative, grid, light, typography, rounded-buttons, artistic",3
Lapa Ninja (Post),Slite,https://www.lapa.ninja/post/slite-7/,https://cdn.lapa.ninja/assets/images/1x/slite-7-thumb.jpg,"[""#f9eee4"", ""#fbfbfc""]","{""#f9eee4"": 0.7066, ""#fbfbfc"": 0.2319}",#f9eee4,light neutral,"grid layout, rounded buttons, sidebar, feature list, footer, split screen","modern, minimal, cool",0.75,Modern grid layout with light neutral tones and rounded buttons.,"modern, minimal, light, grid, rounded-buttons, sidebar, clean",2
Lapa Ninja (Post),Devin,https://www.lapa.ninja/post/devin/,https://cdn.lapa.ninja/assets/images/1x/devin-thumb.jpg,"[""#111620"", ""#2b446a""]","{""#111620"": 0.6411, ""#2b446a"": 0.1811}",#111620,dark muted blue,"sidebar, feature list, split screen, data table, pricing cards, rounded buttons","modern, minimal, futuristic",0.75,Modern split screen layout with dark muted blue sidebar and rounded buttons.,"modern, minimal, dark-muted-blue, split-screen, rounded-buttons, pricing-cards",0
Lapa Ninja (Post),Mesh Architects,https://www.lapa.ninja/post/mesharchitects/,https://cdn.lapa.ninja/assets/images/1x/mesharchitects-thumb.jpg,"[""#efeada"", ""#372e1e""]","{""#efeada"": 0.418, ""#372e1e"": 0.1859}",#efeada,light bright yellow,"grid layout, large typography, hero image, feature list, pricing cards, sidebar","modern, luxury, futuristic",0.71,Modern grid layout with light bright yellow hero and large typography.,"modern, luxury, yellow, grid, hero, typography, futuristic",7
Lapa Ninja (Post),Glow Finance,https://www.lapa.ninja/post/glowfinance/,https://cdn.lapa.ninja/assets/images/1x/glowfinance-thumb.jpg,"[""#151517"", ""#29293b""]","{""#151517"": 0.6604, ""#29293b"": 0.1631}",#151517,dark gray,"large typography, video background, sidebar, rounded buttons, feature list, search bar","modern, minimal, futuristic",0.75,Modern layout with dark gray video background and large typography.,"modern, minimal, dark-gray, video-background, rounded-buttons, sidebar",6
Lapa Ninja (Post),Hugo Baron,https://www.lapa.ninja/post/nuageboi/,https://cdn.lapa.ninja/assets/images/1x/nuageboi-thumb.jpg,"[""#020302"", ""#11c030""]","{""#020302"": 0.6974, ""#11c030"": 0.1994}",#020302,dark neutral,"video background, sidebar, split screen, large typography, hero image, search bar","futuristic, modern, minimal",0.75,Modern split screen layout with dark neutral video background and large typography.,"modern, minimal, dark, split-screen, video-background, futuristic, typography",5
Lapa Ninja (Post),Lightship,https://www.lapa.ninja/post/lightshiprv/,https://cdn.lapa.ninja/assets/images/1x/lightshiprv-thumb.jpg,"[""#464030"", ""#f3f3f2""]","{""#464030"": 0.1857, ""#f3f3f2"": 0.5031}",#464030,dark muted orange,"top navigation, large typography, footer, form, sidebar, centered hero","futuristic, minimal, modern",0.59,Minimal layout with dark muted orange hero and large typography.,"minimal, modern, dark-muted-orange, hero, typography, sidebar",1
Lapa Ninja (Post),Midlife Engineering,https://www.lapa.ninja/post/midlife-engineering/,https://cdn.lapa.ninja/assets/images/1x/midlife-engineering-thumb.jpg,"[""#eaeaea"", ""#232326""]","{""#eaeaea"": 0.7053, ""#232326"": 0.186}",#eaeaea,light gray,"rounded buttons, large typography, grid layout, two-column layout, pricing cards, footer","modern, minimal, retro",0.75,Modern two-column layout with light gray background and large typography.,"modern, minimal, light-gray, grid, rounded-buttons, typography",3
Lapa Ninja (Post),Valio Con 2025,https://www.lapa.ninja/post/valiocon/,https://cdn.lapa.ninja/assets/images/1x/valiocon-thumb.jpg,"[""#7c7171"", ""#f6f6f4""]","{""#7c7171"": 0.1957, ""#f6f6f4"": 0.4031}",#7c7171,muted gray,"rounded buttons, grid layout, sidebar, footer, large typography, avatar","cool, bold, minimal",0.6,Minimal grid layout with muted gray tones and large typography elements.,"minimal, grid, muted-gray, bold, typography, rounded-buttons",4
Lapa Ninja (Post),SOMAREALITY,https://www.lapa.ninja/post/somareality/,https://cdn.lapa.ninja/assets/images/1x/somareality-thumb.jpg,"[""#060606"", ""#fefefe""]","{""#060606"": 0.3976, ""#fefefe"": 0.4689}",#060606,dark neutral,"sidebar, avatar, split screen, search bar, top navigation, feature list","futuristic, modern, serious",0.7,Modern split screen layout with dark neutral sidebar and top navigation.,"modern, serious, dark, split-screen, sidebar, navigation",0
Lapa Ninja (Post),WØRKS,https://www.lapa.ninja/post/works-studio-2/,https://cdn.lapa.ninja/assets/images/1x/works-studio-2-thumb.jpg,"[""#cec8c4"", ""#fefefe""]","{""#cec8c4"": 0.2145, ""#fefefe"": 0.4517}",#cec8c4,light gray,"grid layout, sidebar, video background, icon list, rounded buttons, form","minimal, modern, elegant",0.61,Minimal grid layout with light gray background and rounded buttons.,"minimal, modern, light-gray, grid, elegant, rounded-buttons",2
Lapa Ninja (Post),Bulletproof,https://www.lapa.ninja/post/wearebulletproof-2/,https://cdn.lapa.ninja/assets/images/1x/wearebulletproof-2-thumb.jpg,"[""#010101"", ""#f1f1f1""]","{""#010101"": 0.3516, ""#f1f1f1"": 0.4632}",#010101,dark neutral,"large typography, video background, sidebar, feature list, rounded buttons, search bar","minimal, creative, modern",0.68,Minimal layout with dark neutral tones featuring large typography and a video background.,"minimal, modern, dark-neutral, typography, video-background, rounded-buttons, sidebar",6
Lapa Ninja (Post),DocTocToc,https://www.lapa.ninja/post/doctoctoc/,https://cdn.lapa.ninja/assets/images/1x/doctoctoc-thumb.jpg,"[""#f5f2e8"", ""#f0e5c9""]","{""#f5f2e8"": 0.4569, ""#f0e5c9"": 0.3927}",#f5f2e8,light neutral,"large typography, rounded buttons, pricing cards, top navigation, grid layout, search bar","friendly, creative, modern",0.73,Friendly grid layout with light neutral background and large typography.,"friendly, modern, grid, light, typography, rounded-buttons, pricing-cards",3
Lapa Ninja (Post),Eva Sánchez,https://www.lapa.ninja/post/evasanchez/,https://cdn.lapa.ninja/assets/images/1x/evasanchez-thumb.jpg,"[""#f5f4f0"", ""#131314""]","{""#f5f4f0"": 0.8576, ""#131314"": 0.0723}",#f5f4f0,light neutral,"large typography, grid layout, rounded buttons, pricing cards, sidebar, search bar","minimal, modern, professional",0.75,Minimal grid layout with light neutral background and large typography.,"minimal, modern, light, grid, professional, typography",3
Lapa Ninja (Post),Tomas Kmet,https://www.lapa.ninja/post/tomaskmet/,https://cdn.lapa.ninja/assets/images/1x/tomaskmet-thumb.jpg,"[""#1c1817"", ""#bfc0b2""]","{""#1c1817"": 0.605, ""#bfc0b2"": 0.224}",#1c1817,dark gray,"large typography, sidebar, avatar, centered hero, form, video background","professional, minimal, trustworthy",0.75,Professional layout with dark gray background featuring large typography and a centered hero.,"professional, minimal, dark-gray, typography, hero, sidebar",6
Lapa Ninja (Post),3200 Kelvin,https://www.lapa.ninja/post/3200kelvin/,https://cdn.lapa.ninja/assets/images/1x/3200kelvin-thumb.jpg,"[""#bd410d""]","{""#bd410d"": 0.9687}",#bd410d,bright orange,"large typography, video background, two-column layout, top navigation, footer, pricing cards","minimal, cool, futuristic",0.75,Minimal two-column layout with bright orange video background and large typography.,"minimal, cool, bright-orange, futuristic, layout, typography",6
Lapa Ninja (Post),Helmut Agency,https://www.lapa.ninja/post/helmutagency/,https://cdn.lapa.ninja/assets/images/1x/helmutagency-thumb.jpg,"[""#070508"", ""#fcfcfd""]","{""#070508"": 0.3617, ""#fcfcfd"": 0.4592}",#070508,dark neutral,"hero image, centered hero, rounded buttons, sidebar, avatar, form","futuristic, minimal, elegant",0.68,Minimal layout with dark neutral hero image and centered rounded buttons.,"minimal, dark, futuristic, elegant, hero, rounded-buttons, sidebar",2
Lapa Ninja (Post),Atoll Digital,https://www.lapa.ninja/post/atolldigital/,https://cdn.lapa.ninja/assets/images/1x/atolldigital-thumb.jpg,"[""#e7e8ea"", ""#0b1624""]","{""#e7e8ea"": 0.8442, ""#0b1624"": 0.0751}",#e7e8ea,light gray,"large typography, grid layout, pricing cards, rounded buttons, icon list, footer","modern, cool, minimal",0.75,Modern grid layout with light gray background and large typography.,"modern, minimal, light-gray, grid, typography, rounded-buttons",3
Lapa Ninja (Post),Matre,https://www.lapa.ninja/post/matre/,https://cdn.lapa.ninja/assets/images/1x/matre-thumb.jpg,"[""#f2f0e1"", ""#cbb39a""]","{""#f2f0e1"": 0.5412, ""#cbb39a"": 0.1924}",#f2f0e1,light neutral,"large typography, rounded buttons, grid layout, sidebar, top navigation, footer","minimal, luxury, modern",0.75,Minimal grid layout with light neutral background and large typography.,"minimal, luxury, modern, grid, typography, rounded-buttons",3
Lapa Ninja (Post),Infinite Machine,https://www.lapa.ninja/post/infinitemachine/,https://cdn.lapa.ninja/assets/images/1x/infinitemachine-thumb.jpg,"[""#fefefe"", ""#7d8082""]","{""#fefefe"": 0.4653, ""#7d8082"": 0.1623}",#fefefe,light neutral,"grid layout, top navigation, feature list, video background, rounded buttons, footer","futuristic, modern, minimal",0.73,Modern grid layout with light neutral background and rounded buttons.,"modern, minimal, grid, light, rounded-buttons, futuristic, video-background",2
Lapa Ninja (Post),Rabbits Black,https://www.lapa.ninja/post/rabbitsblack/,https://cdn.lapa.ninja/assets/images/1x/rabbitsblack-thumb.jpg,"[""#261311"", ""#a791e0""]","{""#261311"": 0.3685, ""#a791e0"": 0.3255}",#261311,dark bright red,"video background, split screen, sidebar, cta button, rounded buttons, large typography","retro, futuristic, modern",0.68,Modern split screen layout with dark bright red video background and large typography.,"modern, retro, dark-red, split-screen, video, rounded-buttons",5
Lapa Ninja (Post),Mews FM,https://www.lapa.ninja/post/mews-fm/,https://cdn.lapa.ninja/assets/images/1x/mews-fm-thumb.jpg,"[""#e5b8f4"", ""#f3491f""]","{""#e5b8f4"": 0.8292, ""#f3491f"": 0.073}",#e5b8f4,bright purple,"sidebar, large typography, rounded buttons, video background, feature list, icon list","minimal, retro, modern",0.75,Minimal layout with bright purple sidebar and large typography.,"minimal, bright-purple, modern, sidebar, typography, rounded-buttons",6
Lapa Ninja (Post),Sunny Bonnell,https://www.lapa.ninja/post/sunnybonnell/,https://cdn.lapa.ninja/assets/images/1x/sunnybonnell-thumb.jpg,"[""#cac6c7"", ""#ffffff""]","{""#cac6c7"": 0.192, ""#ffffff"": 0.539}",#cac6c7,light gray,"sidebar, split screen, search bar, video background, rounded buttons, feature list","modern, futuristic, professional",0.6,Modern split screen layout with light gray background and rounded buttons.,"modern, professional, light-gray, split-screen, rounded-buttons, video-background",0
Lapa Ninja (Post),State of AI Agents,https://www.lapa.ninja/post/state-of-ai-agents/,https://cdn.lapa.ninja/assets/images/1x/state-of-ai-agents-thumb.jpg,"[""#a8a8f2"", ""#ffffff""]","{""#a8a8f2"": 0.1933, ""#ffffff"": 0.5959}",#a8a8f2,bright blue,"sidebar, data table, feature list, rounded buttons, pricing cards, two-column layout","professional, futuristic, cool",0.6,Professional two-column layout with light neutral background and rounded buttons.,"professional, futuristic, neutral, two-column, rounded-buttons, data-table, pricing-cards",1
Lapa Ninja (Post),Pop Site,https://www.lapa.ninja/post/pop-site/,https://cdn.lapa.ninja/assets/images/1x/pop-site-thumb.jpg,"[""#fbfcfd"", ""#141919""]","{""#fbfcfd"": 0.6871, ""#141919"": 0.1214}",#fbfcfd,light neutral,"rounded buttons, feature list, pricing cards, search bar, sidebar, icon list","minimal, modern, futuristic",0.75,Minimal layout with dark muted gray sidebar and rounded buttons.,"minimal, modern, dark-muted-gray, rounded-buttons, sidebar, pricing-cards",2
Lapa Ninja (Post),Drewl,https://www.lapa.ninja/post/drewl/,https://cdn.lapa.ninja/assets/images/1x/drewl-thumb.jpg,"[""#f8f8f9""]","{""#f8f8f9"": 0.9432}",#f8f8f9,light neutral,"grid layout, rounded buttons, large typography, footer, search bar, pricing cards","minimal, modern, futuristic",0.75,Minimal grid layout with light neutral tones and large typography.,"minimal, modern, light, grid, typography, rounded-buttons",3
Lapa Ninja (Post),Clear Street,https://www.lapa.ninja/post/clearstreet/,https://cdn.lapa.ninja/assets/images/1x/clearstreet-thumb.jpg,"[""#2e22dc"", ""#1f2075""]","{""#2e22dc"": 0.6145, ""#1f2075"": 0.1487}",#2e22dc,bright blue,"grid layout, large typography, video background, rounded buttons, search bar, data table","modern, futuristic, minimal",0.75,Modern grid layout with bright blue video background and large typography.,"modern, grid, bright-blue, video, rounded-buttons, minimal",6
Lapa Ninja (Post),CRI,https://www.lapa.ninja/post/cri-sf/,https://cdn.lapa.ninja/assets/images/1x/cri-sf-thumb.jpg,"[""#fb9b33"", ""#fefefe""]","{""#fb9b33"": 0.3993, ""#fefefe"": 0.2082}",#fb9b33,bright orange,"grid layout, feature list, sidebar, two-column layout, data table, large typography","modern, futuristic, cool",0.7,Modern two-column layout with bright orange accents and large typography.,"modern, grid, bright-orange, two-column, typography, feature-list",1
Lapa Ninja (Post),Ko-fi,https://www.lapa.ninja/post/ko-fi-3/,https://cdn.lapa.ninja/assets/images/1x/ko-fi-3-thumb.jpg,"[""#f4f0e8""]","{""#f4f0e8"": 0.9553}",#f4f0e8,light neutral,"rounded buttons, grid layout, pricing cards, footer, sidebar, feature list","friendly, modern, minimal",0.75,Friendly minimal layout with light neutral tones and rounded buttons.,"minimal, friendly, light, modern, grid, rounded-buttons",2
Lapa Ninja (Post),Emre Kayganaci,https://www.lapa.ninja/post/emrekayganaci-2/,https://cdn.lapa.ninja/assets/images/1x/emrekayganaci-2-thumb.jpg,"[""#f9f8f8"", ""#d9d3cf""]","{""#f9f8f8"": 0.8669, ""#d9d3cf"": 0.0592}",#f9f8f8,light neutral,"grid layout, rounded buttons, pricing cards, icon list, large typography, sidebar","minimal, modern, cool",0.75,Minimal grid layout with light neutral tones and large typography elements.,"minimal, modern, light, grid, typography, rounded-buttons, pricing-cards",3
Lapa Ninja (Post),Voicenotes,https://www.lapa.ninja/post/voicenotes/,https://cdn.lapa.ninja/assets/images/1x/voicenotes-thumb.jpg,"[""#e4c7b3"", ""#fbfaf8""]","{""#e4c7b3"": 0.2071, ""#fbfaf8"": 0.7558}",#e4c7b3,bright orange,"rounded buttons, grid layout, two-column layout, pricing cards, sidebar, footer","minimal, modern, trustworthy",0.6,Minimal two-column layout with light neutral background and rounded buttons.,"minimal, modern, light, grid, rounded-buttons, trustworthy, layout",2
Lapa Ninja (Post),Viewport,https://www.lapa.ninja/post/viewport/,https://cdn.lapa.ninja/assets/images/1x/viewport-thumb.jpg,"[""#e0f0f5"", ""#fbfdfe""]","{""#e0f0f5"": 0.2104, ""#fbfdfe"": 0.6921}",#e0f0f5,light neutral,"grid layout, rounded buttons, search bar, footer, split screen, video background","modern, futuristic, minimal",0.61,Modern split screen layout with light neutral background and rounded buttons.,"modern, minimal, light, grid, rounded-buttons, futuristic, video-background",0
Lapa Ninja (Post),Casa Lunara,https://www.lapa.ninja/post/casa-lunara/,https://cdn.lapa.ninja/assets/images/1x/casa-lunara-thumb.jpg,"[""#232222"", ""#524d50""]","{""#232222"": 0.5187, ""#524d50"": 0.1774}",#232222,dark gray,"sidebar, grid layout, avatar, rounded buttons, video background, large typography","futuristic, modern, retro",0.75,Modern grid layout with dark gray background and large typography elements.,"modern, grid, dark-gray, futuristic, rounded-buttons, video-background",4
Lapa Ninja (Post),Caldera,https://www.lapa.ninja/post/caldera/,https://cdn.lapa.ninja/assets/images/1x/caldera-thumb.jpg,"[""#e2e2de"", ""#f95607""]","{""#e2e2de"": 0.6252, ""#f95607"": 0.1724}",#e2e2de,light gray,"large typography, grid layout, chart, feature list, data table, sidebar","modern, cool, futuristic",0.75,Modern grid layout with light gray background and large typography elements.,"modern, grid, light-gray, typography, data, cool",4
Lapa Ninja (Post),Amie,https://www.lapa.ninja/post/amie-3/,https://cdn.lapa.ninja/assets/images/1x/amie-3-thumb.jpg,"[""#fafafa""]","{""#fafafa"": 0.9457}",#fafafa,light neutral,"rounded buttons, feature list, form, search bar, sidebar, cta button","modern, professional, minimal",0.75,Modern layout with light neutral background and rounded buttons.,"modern, professional, minimal, light, rounded-buttons, form, sidebar",2
Lapa Ninja (Post),Pizzatoits,https://www.lapa.ninja/post/pizzatoits/,https://cdn.lapa.ninja/assets/images/1x/pizzatoits-thumb.jpg,"[""#f2f1e5"", ""#96b1ea""]","{""#f2f1e5"": 0.6044, ""#96b1ea"": 0.119}",#f2f1e5,light neutral,"sidebar, large typography, logo, pricing cards, data table, top navigation","professional, retro, trustworthy",0.75,Professional layout with light neutral background and large typography for clear visibility.,"professional, retro, neutral, sidebar, typography, data-table, navigation",1
Lapa Ninja (Post),Gamma,https://www.lapa.ninja/post/gamma-2/,https://cdn.lapa.ninja/assets/images/1x/gamma-2-thumb.jpg,"[""#bedef9"", ""#f9fbfd""]","{""#bedef9"": 0.2465, ""#f9fbfd"": 0.5589}",#bedef9,light bright blue,"grid layout, rounded buttons, sidebar, pricing cards, feature list, large typography","modern, futuristic, minimal",0.62,Modern grid layout with light bright blue sidebar and large typography.,"modern, grid, light-blue, rounded-buttons, sidebar, minimal",7
Lapa Ninja (Post),M.Fisher,https://www.lapa.ninja/post/mfisher-3/,https://cdn.lapa.ninja/assets/images/1x/mfisher-3-thumb.jpg,"[""#f8f2eb"", ""#6a3823""]","{""#f8f2eb"": 0.4196, ""#6a3823"": 0.3263}",#f8f2eb,light neutral,"large typography, grid layout, sidebar, two-column layout, top navigation, form","minimal, modern, artistic",0.71,Minimal two-column layout with light neutral background and large typography.,"minimal, modern, light, grid, typography, sidebar",3
Lapa Ninja (Post),Yummygum,https://www.lapa.ninja/post/yummygum-3/,https://cdn.lapa.ninja/assets/images/1x/yummygum-3-thumb.jpg,"[""#1b1826"", ""#f7f5f4""]","{""#1b1826"": 0.269, ""#f7f5f4"": 0.6467}",#1b1826,dark muted blue,"top navigation, grid layout, search bar, feature list, rounded buttons, footer","modern, minimal, futuristic",0.63,Modern grid layout with dark muted blue theme and rounded buttons.,"modern, minimal, dark-muted-blue, grid, rounded-buttons, footer",2
Lapa Ninja (Post),Jitter,https://www.lapa.ninja/post/jitter-2/,https://cdn.lapa.ninja/assets/images/1x/jitter-2-thumb.jpg,"[""#fcfcfc""]","{""#fcfcfc"": 0.9076}",#fcfcfc,light neutral,"rounded buttons, large typography, feature list, split screen, footer, search bar","modern, minimal, futuristic",0.75,Modern split screen layout with light neutral background and large typography.,"modern, minimal, light, split-screen, rounded-buttons, typography",0
Lapa Ninja (Post),Purpose Talent,https://www.lapa.ninja/post/purposetalent/,https://cdn.lapa.ninja/assets/images/1x/purposetalent-thumb.jpg,"[""#f8f0e5""]","{""#f8f0e5"": 0.8975}",#f8f0e5,light neutral,"large typography, sidebar, pricing cards, rounded buttons, avatar, footer","professional, creative, modern",0.75,Professional layout with light neutral tones featuring large typography and rounded buttons.,"professional, modern, light, typography, rounded-buttons, sidebar, pricing-cards",1
Lapa Ninja (Post),Odinaut,https://www.lapa.ninja/post/odinaut/,https://cdn.lapa.ninja/assets/images/1x/odinaut-thumb.jpg,"[""#100e0f"", ""#4b2315""]","{""#100e0f"": 0.6927, ""#4b2315"": 0.1313}",#100e0f,dark neutral,"sidebar, video background, rounded buttons, avatar, split screen, centered hero","futuristic, modern, minimal",0.75,Modern split screen layout with dark neutral video background and centered hero.,"modern, minimal, dark, split-screen, video-background, rounded-buttons",5
Lapa Ninja (Post),Heyo,https://www.lapa.ninja/post/heyo-2/,https://cdn.lapa.ninja/assets/images/1x/heyo-2-thumb.jpg,"[""#faf9fb"", ""#111117""]","{""#faf9fb"": 0.7826, ""#111117"": 0.0778}",#faf9fb,light neutral,"search bar, feature list, video background, rounded buttons, sidebar, grid layout","modern, futuristic, retro",0.75,Modern grid layout with light neutral background and dark sidebar elements.,"modern, grid, light, neutral, sidebar, rounded-buttons, futuristic",2
Lapa Ninja (Post),GRAPHICHUNTERS,https://www.lapa.ninja/post/graphichunters/,https://cdn.lapa.ninja/assets/images/1x/graphichunters-thumb.jpg,"[""#f1f1f0"", ""#262324""]","{""#f1f1f0"": 0.4474, ""#262324"": 0.2331}",#f1f1f0,light neutral,"large typography, grid layout, sidebar, split screen, video background, rounded buttons","creative, artistic, modern",0.72,Creative grid layout with light neutral background and large typography.,"creative, modern, grid, light, typography, rounded-buttons, split-screen",3
Lapa Ninja (Post),BOND,https://www.lapa.ninja/post/thisisbond/,https://cdn.lapa.ninja/assets/images/1x/thisisbond-thumb.jpg,"[""#fe5d60"", ""#040505""]","{""#fe5d60"": 0.4124, ""#040505"": 0.2124}",#fe5d60,bright red,"large typography, sidebar, video background, form, rounded buttons, grid layout","retro, bold, futuristic",0.71,Bold retro layout with bright red accents and large typography.,"retro, bold, bright-red, grid, video-background, rounded-buttons",6
Lapa Ninja (Post),Heynds,https://www.lapa.ninja/post/heynds/,https://cdn.lapa.ninja/assets/images/1x/heynds-thumb.jpg,"[""#fdf8f7"", ""#17111e""]","{""#fdf8f7"": 0.8268, ""#17111e"": 0.1188}",#fdf8f7,light neutral,"rounded buttons, sidebar, large typography, search bar, split screen, grid layout","minimal, modern, professional",0.75,Minimal split screen layout with dark accents and large typography.,"minimal, modern, professional, dark, grid, rounded-buttons, sidebar",0
Lapa Ninja (Post),Micro,https://www.lapa.ninja/post/micro/,https://cdn.lapa.ninja/assets/images/1x/micro-thumb.jpg,"[""#0f1215"", ""#f5ceb6""]","{""#0f1215"": 0.681, ""#f5ceb6"": 0.1663}",#0f1215,dark neutral,"rounded buttons, grid layout, top navigation, video background, search bar, split screen","minimal, modern, futuristic",0.75,Minimal grid layout with dark neutral tones and rounded buttons.,"minimal, modern, dark, grid, rounded-buttons, video-background",2
Lapa Ninja (Post),From Scratch,https://www.lapa.ninja/post/fromscratch/,https://cdn.lapa.ninja/assets/images/1x/fromscratch-thumb.jpg,"[""#e9e5dc"", ""#fbfbfc""]","{""#e9e5dc"": 0.7504, ""#fbfbfc"": 0.1017}",#e9e5dc,light muted orange,"grid layout, large typography, rounded buttons, pricing cards, footer, top navigation","modern, minimal, professional",0.75,Modern grid layout with light muted orange typography and rounded buttons.,"modern, minimal, light, grid, typography, professional, rounded-buttons",7
Lapa Ninja (Post),Diana's Seafood,https://www.lapa.ninja/post/dianasseafood/,https://cdn.lapa.ninja/assets/images/1x/dianasseafood-thumb.jpg,"[""#fcf4df"", ""#133635""]","{""#fcf4df"": 0.3354, ""#133635"": 0.2282}",#fcf4df,light neutral,"sidebar, footer, large typography, feature list, grid layout, hero image","bold, retro, creative",0.67,Bold retro grid layout with light neutral background and large typography.,"retro, bold, grid, large-typography, creative, layout",3
Lapa Ninja (Post),Entreautre,https://www.lapa.ninja/post/entreautre/,https://cdn.lapa.ninja/assets/images/1x/entreautre-thumb.jpg,"[""#ffffff"", ""#a49a86""]","{""#ffffff"": 0.6355, ""#a49a86"": 0.1558}",#ffffff,light neutral,"sidebar, large typography, feature list, rounded buttons, grid layout, top navigation","modern, futuristic, calm",0.75,Modern grid layout with light neutral background and large typography features.,"modern, calm, light, grid, typography, sidebar, rounded-buttons",3
Lapa Ninja (Post),Oleg Coada,https://www.lapa.ninja/post/olegcoada/,https://cdn.lapa.ninja/assets/images/1x/olegcoada-thumb.jpg,"[""#010001"", ""#c4c9e9""]","{""#010001"": 0.7644, ""#c4c9e9"": 0.1229}",#010001,dark neutral,"feature list, data table, sidebar, grid layout, video background, large typography","futuristic, artistic, cool",0.75,Futuristic grid layout with dark neutral background and large typography.,"futuristic, artistic, dark, grid, sidebar, video-background",6
Lapa Ninja (Post),Magical Toys,https://www.lapa.ninja/post/magicaltoys/,https://cdn.lapa.ninja/assets/images/1x/magicaltoys-thumb.jpg,"[""#fafafb"", ""#b9b3bb""]","{""#fafafb"": 0.7859, ""#b9b3bb"": 0.1157}",#fafafb,light neutral,"pricing cards, rounded buttons, grid layout, sidebar, feature list, split screen","modern, futuristic, cool",0.75,Modern split screen layout with light neutral background and rounded buttons.,"modern, grid, light, rounded-buttons, pricing-cards, sidebar",0
Lapa Ninja (Post),Sublime,https://www.lapa.ninja/post/sublime/,https://cdn.lapa.ninja/assets/images/1x/sublime-thumb.jpg,"[""#ffffff""]","{""#ffffff"": 0.8825}",#ffffff,light neutral,"large typography, video background, sidebar, split screen, form, avatar","creative, artistic, modern",0.75,Creative split screen layout with light neutral background and large typography.,"modern, artistic, light, split-screen, video-background, sidebar, typography",5
Lapa Ninja (Post),TrueKind,https://www.lapa.ninja/post/truekindskincare/,https://cdn.lapa.ninja/assets/images/1x/truekindskincare-thumb.jpg,"[""#b1ada0"", ""#fdfdfd""]","{""#b1ada0"": 0.2451, ""#fdfdfd"": 0.4337}",#b1ada0,muted gray,"rounded buttons, grid layout, avatar, pricing cards, sidebar, split screen","minimal, futuristic, modern",0.62,Minimal grid layout with muted gray accents and rounded buttons.,"minimal, modern, muted-gray, grid, rounded-buttons, clean",2
Lapa Ninja (Post),Cap,https://www.lapa.ninja/post/cap-2/,https://cdn.lapa.ninja/assets/images/1x/cap-2-thumb.jpg,"[""#fcfdfe"", ""#c1d3eb""]","{""#fcfdfe"": 0.8952, ""#c1d3eb"": 0.0599}",#fcfdfe,light neutral,"search bar, grid layout, video background, sidebar, data table, split screen","minimal, modern, warm",0.75,Minimal split screen layout with light neutral background and a video background feature.,"minimal, modern, light, grid, video, sidebar, warm",5
Lapa Ninja (Post),makeover,https://www.lapa.ninja/post/makeover/,https://cdn.lapa.ninja/assets/images/1x/makeover-thumb.jpg,"[""#fcfcfd""]","{""#fcfcfd"": 0.9003}",#fcfcfd,light neutral,"rounded buttons, search bar, split screen, grid layout, feature list, video background","modern, futuristic, minimal",0.75,Modern split screen layout with light neutral background and rounded buttons.,"modern, minimal, light, grid, rounded-buttons, futuristic, video-background",0
Lapa Ninja (Post),Trawelt,https://www.lapa.ninja/post/trawelt/,https://cdn.lapa.ninja/assets/images/1x/trawelt-thumb.jpg,"[""#010101"", ""#e0e7c7""]","{""#010101"": 0.8069, ""#e0e7c7"": 0.0868}",#010101,dark neutral,"grid layout, pricing cards, top navigation, video background, large typography, split screen","cool, luxury, trustworthy",0.75,Dark neutral grid layout featuring large typography and split screen elements.,"modern, grid, dark, luxury, trustworthy, video-background",5
Lapa Ninja (Post),The Playa,https://www.lapa.ninja/post/theplaya/,https://cdn.lapa.ninja/assets/images/1x/theplaya-thumb.jpg,"[""#5a7684"", ""#fffeff""]","{""#5a7684"": 0.1952, ""#fffeff"": 0.5857}",#5a7684,muted teal,"data table, pricing cards, rounded buttons, centered hero, split screen, sidebar","professional, modern, cool",0.6,Professional split screen layout with muted teal sidebar and rounded buttons.,"professional, modern, muted-teal, split-screen, rounded-buttons, data-table",0
Lapa Ninja (Post),J-Vers,https://www.lapa.ninja/post/j-vers/,https://cdn.lapa.ninja/assets/images/1x/j-vers-thumb.jpg,"[""#ebeaed"", ""#ccbae2""]","{""#ebeaed"": 0.5702, ""#ccbae2"": 0.2187}",#ebeaed,light neutral,"split screen, large typography, video background, rounded buttons, form, sidebar","professional, futuristic, modern",0.75,Professional split screen layout with light neutral tones and large typography.,"professional, modern, split-screen, light-neutral, rounded-buttons, video-background",5
Lapa Ninja (Post),Proper Prompts,https://www.lapa.ninja/post/properprompts/,https://cdn.lapa.ninja/assets/images/1x/properprompts-thumb.jpg,"[""#cbd0d8"", ""#f9f7f6""]","{""#cbd0d8"": 0.2957, ""#f9f7f6"": 0.3853}",#cbd0d8,muted blue,"avatar, large typography, sidebar, footer, feature list, icon list","professional, creative, trustworthy",0.65,Professional layout with muted blue typography and a structured sidebar.,"professional, creative, muted-blue, sidebar, typography, layout",1
Lapa Ninja (Post),Gander,https://www.lapa.ninja/post/takeagander/,https://cdn.lapa.ninja/assets/images/1x/takeagander-thumb.jpg,"[""#fdf3ec"", ""#5d490d""]","{""#fdf3ec"": 0.4364, ""#5d490d"": 0.2408}",#fdf3ec,light neutral,"grid layout, large typography, sidebar, rounded buttons, footer, top navigation","modern, vibrant, creative",0.72,Modern grid layout with light neutral background and large typography.,"modern, grid, light, vibrant, creative, rounded-buttons",3
Lapa Ninja (Post),Fishs Eddy,https://www.lapa.ninja/post/fishseddy/,https://cdn.lapa.ninja/assets/images/1x/fishseddy-thumb.jpg,"[""#423e39"", ""#d2cabc""]","{""#423e39"": 0.2882, ""#d2cabc"": 0.2444}",#423e39,dark gray,"pricing cards, rounded buttons, grid layout, large typography, feature list, footer","luxury, minimal, creative",0.64,Minimal grid layout with dark gray pricing cards and large typography.,"minimal, luxury, dark-gray, grid, pricing-cards, rounded-buttons",7
Lapa Ninja (Post),Matthieu Renaut,https://www.lapa.ninja/post/matthieurenaut/,https://cdn.lapa.ninja/assets/images/1x/matthieurenaut-thumb.jpg,"[""#141414"", ""#f6f9f6""]","{""#141414"": 0.7835, ""#f6f9f6"": 0.1064}",#141414,dark neutral,"grid layout, feature list, sidebar, icon list, rounded buttons, large typography","modern, minimal, futuristic",0.75,Modern grid layout with dark neutral tones and large typography elements.,"modern, minimal, dark, grid, typography, rounded-buttons, sidebar",4
Lapa Ninja (Post),Daybreak Studio,https://www.lapa.ninja/post/daybreak-2/,https://cdn.lapa.ninja/assets/images/1x/daybreak-2-thumb.jpg,"[""#f7f4f6"", ""#cab49c""]","{""#f7f4f6"": 0.7689, ""#cab49c"": 0.1099}",#f7f4f6,light neutral,"grid layout, rounded buttons, sidebar, feature list, footer, large typography","modern, minimal, futuristic",0.75,Modern grid layout with light neutral tones and large typography.,"modern, minimal, grid, light, typography, rounded-buttons",3
Lapa Ninja (Post),Lumen Artspace,https://www.lapa.ninja/post/lumenartspace/,https://cdn.lapa.ninja/assets/images/1x/lumenartspace-thumb.jpg,"[""#050708"", ""#8b4827""]","{""#050708"": 0.8299, ""#8b4827"": 0.0639}",#050708,dark neutral,"large typography, form, hero image, grid layout, feature list, video background","artistic, modern, retro",0.75,Modern grid layout with dark neutral hero and large typography.,"modern, artistic, dark, grid, hero, typography, video-background",6
Lapa Ninja (Post),Cloudflare Agents,https://www.lapa.ninja/post/cloudflare-agents/,https://cdn.lapa.ninja/assets/images/1x/cloudflare-agents-thumb.jpg,"[""#fffefe""]","{""#fffefe"": 0.9152}",#fffefe,light neutral,"rounded buttons, sidebar, two-column layout, grid layout, search bar, large typography","minimal, modern, trustworthy",0.75,Minimal two-column layout with light neutral background and large typography.,"minimal, modern, light, two-column, grid, trustworthy, typography",3
Lapa Ninja (Post),REJOUICE,https://www.lapa.ninja/post/rejouice-3/,https://cdn.lapa.ninja/assets/images/1x/rejouice-3-thumb.jpg,"[""#010101"", ""#ccbbb2""]","{""#010101"": 0.5179, ""#ccbbb2"": 0.1903}",#010101,dark neutral,"sidebar, feature list, large typography, top navigation, hero image, video background","futuristic, modern, professional",0.75,Modern layout with dark neutral tones featuring a large typography hero and sidebar navigation.,"modern, professional, dark, sidebar, typography, hero, futuristic",1
Lapa Ninja (Post),Scribe,https://www.lapa.ninja/post/scribetx/,https://cdn.lapa.ninja/assets/images/1x/scribetx-thumb.jpg,"[""#010101"", ""#fdfdfd""]","{""#010101"": 0.5472, ""#fdfdfd"": 0.326}",#010101,dark neutral,"large typography, data table, grid layout, two-column layout, form, video background","modern, cool, minimal",0.75,Modern two-column layout with dark neutral tones and large typography.,"modern, minimal, dark, grid, typography, cool, layout",1
Lapa Ninja (Post),Vapi,https://www.lapa.ninja/post/vapi/,https://cdn.lapa.ninja/assets/images/1x/vapi-thumb.jpg,"[""#0f0e13"", ""#f6eee4""]","{""#0f0e13"": 0.9023, ""#f6eee4"": 0.0556}",#0f0e13,dark neutral,"large typography, rounded buttons, search bar, footer, grid layout, data table","modern, futuristic, cool",0.75,Modern grid layout with dark neutral tones and large typography.,"modern, grid, dark-neutral, large-typography, rounded-buttons, futuristic",4
Lapa Ninja (Post),Jack’s Best,https://www.lapa.ninja/post/jacksbest/,https://cdn.lapa.ninja/assets/images/1x/jacksbest-thumb.jpg,"[""#88c4da"", ""#fbf8f1""]","{""#88c4da"": 0.2293, ""#fbf8f1"": 0.5132}",#88c4da,bright teal,"pricing cards, large typography, footer, grid layout, sidebar, feature list","cool, retro, minimal",0.61,Minimal grid layout with bright teal pricing cards and large typography.,"minimal, cool, bright-teal, grid, retro, typography",7
Lapa Ninja (Post),TIWD,https://www.lapa.ninja/post/tiwd/,https://cdn.lapa.ninja/assets/images/1x/tiwd-thumb.jpg,"[""#10110f"", ""#fefefe""]","{""#10110f"": 0.4633, ""#fefefe"": 0.4324}",#10110f,dark neutral,"sidebar, pricing cards, split screen, large typography, rounded buttons, feature list","retro, cool, professional",0.73,Professional split screen layout with dark neutral background and large typography.,"retro, cool, dark-neutral, split-screen, typography, rounded-buttons, pricing-cards",0
Lapa Ninja (Post),Deta Surf,https://www.lapa.ninja/post/deta/,https://cdn.lapa.ninja/assets/images/1x/deta-thumb.jpg,"[""#eff2f1"", ""#b5c1a1""]","{""#eff2f1"": 0.5391, ""#b5c1a1"": 0.1709}",#eff2f1,light neutral,"search bar, video background, split screen, top navigation, footer, grid layout","minimal, modern, trustworthy",0.75,Minimal split screen layout with light neutral background and a prominent search bar.,"minimal, modern, light, grid, trustworthy, video-background",5
Lapa Ninja (Post),theprocess,https://www.lapa.ninja/post/carlhauser-2/,https://cdn.lapa.ninja/assets/images/1x/carlhauser-2-thumb.jpg,"[""#f2f2f2""]","{""#f2f2f2"": 0.9033}",#f2f2f2,light neutral,"grid layout, rounded buttons, top navigation, large typography, pricing cards, footer","modern, minimal, cool",0.75,Modern grid layout with light neutral background and large typography.,"modern, minimal, grid, light, typography, rounded-buttons, pricing-cards",3
Lapa Ninja (Post),Irys,https://www.lapa.ninja/post/irys/,https://cdn.lapa.ninja/assets/images/1x/irys-thumb.jpg,"[""#171c1d"", ""#2b5157""]","{""#171c1d"": 0.6717, ""#2b5157"": 0.1458}",#171c1d,dark muted teal,"sidebar, video background, icon list, avatar, feature list, footer","futuristic, cool, modern",0.75,Modern layout with dark muted teal sidebar and video background.,"modern, futuristic, dark-muted-teal, sidebar, video-background, cool",6
Lapa Ninja (Post),La Petite Jumelle,https://www.lapa.ninja/post/lapetitejumelle/,https://cdn.lapa.ninja/assets/images/1x/lapetitejumelle-thumb.jpg,"[""#222931"", ""#fefefe""]","{""#222931"": 0.2648, ""#fefefe"": 0.4847}",#222931,dark muted blue,"large typography, grid layout, sidebar, video background, top navigation, rounded buttons","professional, modern, futuristic",0.63,Professional grid layout with dark muted blue background and large typography.,"modern, professional, dark-muted-blue, grid, typography, rounded-buttons",4
Lapa Ninja (Post),OFF MENU,https://www.lapa.ninja/post/offmenu-2/,https://cdn.lapa.ninja/assets/images/1x/offmenu-2-thumb.jpg,"[""#d2d4d2"", ""#f4f4f4""]","{""#d2d4d2"": 0.2324, ""#f4f4f4"": 0.5631}",#d2d4d2,light gray,"large typography, grid layout, form, pricing cards, rounded buttons, sidebar","modern, futuristic, minimal",0.62,Modern grid layout with light gray background and large typography elements.,"modern, grid, light-gray, minimal, typography, rounded-buttons",3
Lapa Ninja (Post),Freewrite Valentine,https://www.lapa.ninja/post/getfreewrite/,https://cdn.lapa.ninja/assets/images/1x/getfreewrite-thumb.jpg,"[""#e23038"", ""#f2f2f1""]","{""#e23038"": 0.2711, ""#f2f2f1"": 0.5659}",#e23038,bright red,"large typography, rounded buttons, grid layout, sidebar, two-column layout, form","creative, modern, retro",0.64,Creative two-column layout with bright red typography and rounded buttons.,"creative, modern, bright-red, grid, rounded-buttons, sidebar, form",1
Lapa Ninja (Post),Oliver Gareis,https://www.lapa.ninja/post/olivergareis/,https://cdn.lapa.ninja/assets/images/1x/olivergareis-thumb.jpg,"[""#eaeaea"", ""#060606""]","{""#eaeaea"": 0.6958, ""#060606"": 0.1146}",#eaeaea,light gray,"sidebar, grid layout, large typography, split screen, rounded buttons, two-column layout","minimal, modern, bold",0.75,Minimal grid layout with light gray background and large typography in a split screen design.,"minimal, modern, light-gray, grid, bold, rounded-buttons",3
Lapa Ninja (Post),Luma AI,https://www.lapa.ninja/post/lumalabs/,https://cdn.lapa.ninja/assets/images/1x/lumalabs-thumb.jpg,"[""#e9e8e9"", ""#0e0d0a""]","{""#e9e8e9"": 0.6281, ""#0e0d0a"": 0.1216}",#e9e8e9,light gray,"large typography, sidebar, avatar, grid layout, feature list, rounded buttons","futuristic, modern, minimal",0.75,Modern grid layout with light gray background and large typography.,"modern, minimal, light-gray, grid, typography, rounded-buttons",3
Lapa Ninja (Post),Toca Boca,https://www.lapa.ninja/post/tocaboca/,https://cdn.lapa.ninja/assets/images/1x/tocaboca-thumb.jpg,"[""#fdfdfe"", ""#5aacff""]","{""#fdfdfe"": 0.8022, ""#5aacff"": 0.0675}",#fdfdfe,light neutral,"pricing cards, rounded buttons, sidebar, card list, feature list, large typography","modern, cool, creative",0.75,Modern layout with light neutral background and prominent pricing cards.,"modern, neutral, pricing-cards, rounded-buttons, sidebar, creative",7
Lapa Ninja (Post),Elegant Seagulls,https://www.lapa.ninja/post/elegantseagulls-3/,https://cdn.lapa.ninja/assets/images/1x/elegantseagulls-3-thumb.jpg,"[""#fefefe"", ""#1f181c""]","{""#fefefe"": 0.5898, ""#1f181c"": 0.12}",#fefefe,light neutral,"grid layout, large typography, sidebar, rounded buttons, feature list, video background","creative, artistic, modern",0.75,Creative grid layout with light neutral background and large typography.,"modern, artistic, grid, light, typography, rounded-buttons, video-background",3
Lapa Ninja (Post),BATCH,https://www.lapa.ninja/post/batch/,https://cdn.lapa.ninja/assets/images/1x/batch-thumb.jpg,"[""#060607"", ""#d5d5cd""]","{""#060607"": 0.487, ""#d5d5cd"": 0.338}",#060607,dark neutral,"grid layout, large typography, sidebar, video background, cta button, rounded buttons","futuristic, modern, retro",0.74,Modern grid layout with dark neutral tones and large typography.,"modern, grid, dark, futuristic, typography, video-background, rounded-buttons",4
Lapa Ninja (Post),Acctual,https://www.lapa.ninja/post/acctual-2/,https://cdn.lapa.ninja/assets/images/1x/acctual-2-thumb.jpg,"[""#f5f8fa""]","{""#f5f8fa"": 0.9431}",#f5f8fa,light neutral,"rounded buttons, grid layout, pricing cards, large typography, search bar, top navigation","minimal, cool, modern",0.75,Minimal grid layout with light neutral background and large typography.,"minimal, grid, light, modern, rounded-buttons, pricing-cards",3
Lapa Ninja (Post),Manuel Tocanne,https://www.lapa.ninja/post/manueltocanne/,https://cdn.lapa.ninja/assets/images/1x/manueltocanne-thumb.jpg,"[""#fefefe"", ""#caa48f""]","{""#fefefe"": 0.7912, ""#caa48f"": 0.0638}",#fefefe,light neutral,"grid layout, sidebar, feature list, icon list, video background, rounded buttons","minimal, modern, artistic",0.75,Minimal grid layout with light neutral background and rounded buttons.,"minimal, modern, neutral, grid, rounded-buttons, artistic",2
Lapa Ninja (Post),MEK.txt,https://www.lapa.ninja/post/mek/,https://cdn.lapa.ninja/assets/images/1x/mek-thumb.jpg,"[""#0c0b0e"", ""#8d7055""]","{""#0c0b0e"": 0.5633, ""#8d7055"": 0.1724}",#0c0b0e,dark neutral,"grid layout, icon list, card list, video background, sidebar, feature list","retro, modern, futuristic",0.75,Modern grid layout with dark neutral background and video background elements.,"modern, grid, dark-neutral, retro, video-background, structured",6
Lapa Ninja (Post),THE1,https://www.lapa.ninja/post/the1/,https://cdn.lapa.ninja/assets/images/1x/the1-thumb.jpg,"[""#d8d8d8"", ""#234733""]","{""#d8d8d8"": 0.6325, ""#234733"": 0.1146}",#d8d8d8,light gray,"large typography, grid layout, two-column layout, pricing cards, icon list, sidebar","modern, creative, minimal",0.75,Modern grid layout with light gray background and large typography elements.,"modern, grid, light-gray, minimal, typography, creative",3
Lapa Ninja (Post),Portal,https://www.lapa.ninja/post/portal/,https://cdn.lapa.ninja/assets/images/1x/portal-thumb.jpg,"[""#1f1f1f"", ""#dfdede""]","{""#1f1f1f"": 0.4321, ""#dfdede"": 0.3617}",#1f1f1f,dark gray,"large typography, grid layout, split screen, pricing cards, form, avatar","professional, minimal, modern",0.72,Professional split screen layout with dark gray background and large typography.,"professional, minimal, dark-gray, grid, modern, pricing-cards",0
Lapa Ninja (Post),Default,https://www.lapa.ninja/post/default/,https://cdn.lapa.ninja/assets/images/1x/default-thumb.jpg,"[""#f8f8f8""]","{""#f8f8f8"": 0.9487}",#f8f8f8,light neutral,"grid layout, rounded buttons, large typography, data table, feature list, search bar","minimal, modern, professional",0.75,Minimal grid layout with light neutral background and large typography.,"minimal, modern, professional, grid, typography, rounded-buttons",3
Lapa Ninja (Post),Obscura VPN,https://www.lapa.ninja/post/obscura/,https://cdn.lapa.ninja/assets/images/1x/obscura-thumb.jpg,"[""#ddedfc"", ""#f6f9fd""]","{""#ddedfc"": 0.8223, ""#f6f9fd"": 0.149}",#ddedfc,light neutral,"rounded buttons, top navigation, feature list, grid layout, sidebar, search bar","modern, minimal, cool",0.75,Modern grid layout with light neutral background and rounded buttons.,"modern, minimal, light, grid, rounded-buttons, sidebar, feature-list",2
Lapa Ninja (Post),BLOOM.,https://www.lapa.ninja/post/bloomparis/,https://cdn.lapa.ninja/assets/images/1x/bloomparis-thumb.jpg,"[""#16171c"", ""#315836""]","{""#16171c"": 0.5064, ""#315836"": 0.1787}",#16171c,dark muted blue,"video background, pricing cards, split screen, sidebar, feature list, rounded buttons","professional, creative, futuristic",0.75,Professional split screen layout with dark muted blue video background and rounded buttons.,"professional, creative, dark-muted-blue, split-screen, video-background, rounded-buttons",5
Lapa Ninja (Post),Maeve Chocolate,https://www.lapa.ninja/post/maevechocolate/,https://cdn.lapa.ninja/assets/images/1x/maevechocolate-thumb.jpg,"[""#04c2b8"", ""#fcf4ea""]","{""#04c2b8"": 0.4415, ""#fcf4ea"": 0.2285}",#04c2b8,bright teal,"carousel, video background, sidebar, avatar, pricing cards, feature list","artistic, creative, retro",0.72,Artistic layout with bright teal video background and a prominent carousel.,"artistic, creative, bright-teal, retro, carousel, sidebar",6
Lapa Ninja (Post),Cortical Labs,https://www.lapa.ninja/post/corticallabs/,https://cdn.lapa.ninja/assets/images/1x/corticallabs-thumb.jpg,"[""#babab9"", ""#3b4650""]","{""#babab9"": 0.2893, ""#3b4650"": 0.2744}",#babab9,light gray,"icon list, sidebar, grid layout, split screen, rounded buttons, pricing cards","modern, futuristic, cool",0.64,Modern split screen layout with light gray sidebar and rounded buttons.,"modern, grid, light-gray, rounded-buttons, sidebar, futuristic",0
Lapa Ninja (Post),Crappy Presentation,https://www.lapa.ninja/post/crappypresentations/,https://cdn.lapa.ninja/assets/images/1x/crappypresentations-thumb.jpg,"[""#fd6801"", ""#fefff5""]","{""#fd6801"": 0.4524, ""#fefff5"": 0.4989}",#fd6801,bright orange,"sidebar, rounded buttons, grid layout, large typography, pricing cards, split screen","professional, creative, modern",0.73,Professional split screen layout with bright orange sidebar and large typography.,"professional, modern, bright-orange, grid, sidebar, rounded-buttons",0
Lapa Ninja (Post),Edu Carrillo,https://www.lapa.ninja/post/educarrillo/,https://cdn.lapa.ninja/assets/images/1x/educarrillo-thumb.jpg,"[""#323f36"", ""#fefefe""]","{""#323f36"": 0.2144, ""#fefefe"": 0.5601}",#323f36,dark muted green,"two-column layout, large typography, sidebar, hero illustration, centered hero, hero image","artistic, creative, retro",0.61,Artistic two-column layout with dark muted green hero illustration and large typography.,"artistic, creative, dark-muted-green, two-column, retro, hero-illustration",1
Lapa Ninja (Post),Clay,https://www.lapa.ninja/post/clay-com-2/,https://cdn.lapa.ninja/assets/images/1x/clay-com-2-thumb.jpg,"[""#1469d8"", ""#fbfbfb""]","{""#1469d8"": 0.2634, ""#fbfbfb"": 0.5628}",#1469d8,bright blue,"large typography, footer, avatar, sidebar, search bar, grid layout","minimal, modern, professional",0.63,Minimal grid layout with bright blue accents and large typography.,"minimal, modern, bright-blue, grid, professional, typography",4
Lapa Ninja (Post),TOBACCO Theater,https://www.lapa.ninja/post/tobaccotheater/,https://cdn.lapa.ninja/assets/images/1x/tobaccotheater-thumb.jpg,"[""#08080a"", ""#e0bbd0""]","{""#08080a"": 0.3139, ""#e0bbd0"": 0.2824}",#08080a,dark neutral,"sidebar, footer, video background, split screen, feature list, icon list","cool, retro, bold",0.66,Bold split screen layout with dark neutral background and video elements.,"cool, retro, dark, split-screen, video, layout, feature-list",5
Lapa Ninja (Post),Photoncycle,https://www.lapa.ninja/post/photoncycle/,https://cdn.lapa.ninja/assets/images/1x/photoncycle-thumb.jpg,"[""#f9f9f8"", ""#2e3527""]","{""#f9f9f8"": 0.6407, ""#2e3527"": 0.1789}",#f9f9f8,light neutral,"grid layout, large typography, form, rounded buttons, split screen, footer","modern, minimal, cool",0.75,Modern grid layout with light neutral background and large typography.,"modern, minimal, light, grid, typography, rounded-buttons, split-screen",3
Lapa Ninja (Post),Eclo Beauty,https://www.lapa.ninja/post/eclobeauty/,https://cdn.lapa.ninja/assets/images/1x/eclobeauty-thumb.jpg,"[""#f4f2f0"", ""#c7b6ac""]","{""#f4f2f0"": 0.4498, ""#c7b6ac"": 0.2187}",#f4f2f0,light neutral,"grid layout, rounded buttons, search bar, pricing cards, feature list, large typography","minimal, modern, futuristic",0.72,Minimal grid layout with light neutral background and large typography elements.,"minimal, modern, light, grid, typography, rounded-buttons, clean",3
Lapa Ninja (Post),Tripletta,https://www.lapa.ninja/post/triplettapizza/,https://cdn.lapa.ninja/assets/images/1x/triplettapizza-thumb.jpg,"[""#fdf8dd"", ""#0a3b2d""]","{""#fdf8dd"": 0.3474, ""#0a3b2d"": 0.309}",#fdf8dd,light neutral,"grid layout, sidebar, video background, top navigation, feature list, logo","retro, trustworthy, luxury",0.67,Retro grid layout with light neutral background and a prominent video feature.,"retro, grid, light, video, sidebar, trustworthy, luxury",6
Lapa Ninja (Post),ERLY,https://www.lapa.ninja/post/itserly/,https://cdn.lapa.ninja/assets/images/1x/itserly-thumb.jpg,"[""#d3bcb0"", ""#faf9f8""]","{""#d3bcb0"": 0.2256, ""#faf9f8"": 0.3131}",#d3bcb0,muted orange,"grid layout, sidebar, large typography, rounded buttons, single column, two-column layout","futuristic, vibrant, modern",0.61,Modern grid layout with muted orange typography and rounded buttons.,"modern, grid, muted-orange, vibrant, rounded-buttons, typography",4
Lapa Ninja (Post),Paper Design,https://www.lapa.ninja/post/paper-design/,https://cdn.lapa.ninja/assets/images/1x/paper-design-thumb.jpg,"[""#f8f8f3"", ""#0c0c0b""]","{""#f8f8f3"": 0.8527, ""#0c0c0b"": 0.0796}",#f8f8f3,light neutral,"large typography, grid layout, rounded buttons, icon list, feature list, split screen","minimal, modern, creative",0.75,Minimal grid layout with light neutral background and large typography.,"minimal, modern, light, grid, typography, creative",3
Lapa Ninja (Post),McALPINE,https://www.lapa.ninja/post/mcalpinehouse/,https://cdn.lapa.ninja/assets/images/1x/mcalpinehouse-thumb.jpg,"[""#ffffff"", ""#aca8a4""]","{""#ffffff"": 0.5323, ""#aca8a4"": 0.1735}",#ffffff,light neutral,"large typography, video background, sidebar, rounded buttons, pricing cards, grid layout","minimal, modern, calm",0.75,Minimal grid layout with light neutral background and large typography.,"minimal, modern, calm, grid, typography, rounded-buttons",3
Lapa Ninja (Post),Making Software,https://www.lapa.ninja/post/makingsoftware/,https://cdn.lapa.ninja/assets/images/1x/makingsoftware-thumb.jpg,"[""#fafafb""]","{""#fafafb"": 0.9262}",#fafafb,light neutral,"large typography, grid layout, data table, rounded buttons, footer, two-column layout","minimal, modern, futuristic",0.75,Minimal two-column layout with light neutral background and large typography.,"minimal, modern, light, grid, typography, rounded-buttons, data-table",3
Lapa Ninja (Post),The Banshies,https://www.lapa.ninja/post/thebanshies/,https://cdn.lapa.ninja/assets/images/1x/thebanshies-thumb.jpg,"[""#d9d4cd"", ""#1e271e""]","{""#d9d4cd"": 0.5065, ""#1e271e"": 0.1505}",#d9d4cd,muted orange,"large typography, grid layout, video background, sidebar, split screen, feature list","modern, bold, cool",0.75,Modern grid layout with muted orange background and large typography.,"modern, grid, muted-orange, bold, video-background, split-screen",6
Lapa Ninja (Post),Rocco Barbaro,https://www.lapa.ninja/post/roccobarbaro/,https://cdn.lapa.ninja/assets/images/1x/roccobarbaro-thumb.jpg,"[""#aec3b0"", ""#7d8c7f""]","{""#aec3b0"": 0.4087, ""#7d8c7f"": 0.3266}",#aec3b0,muted green,"large typography, grid layout, pricing cards, icon list, sidebar, card list","retro, cool, modern",0.7,Modern grid layout with muted green typography and structured pricing cards.,"modern, grid, muted-green, typography, pricing-cards, retro",7
Lapa Ninja (Post),Zenwood,https://www.lapa.ninja/post/zenwood/,https://cdn.lapa.ninja/assets/images/1x/zenwood-thumb.jpg,"[""#70b7e9"", ""#f3f4f4""]","{""#70b7e9"": 0.7882, ""#f3f4f4"": 0.1259}",#70b7e9,bright blue,"rounded buttons, grid layout, pricing cards, top navigation, large typography, footer","minimal, modern, creative",0.75,Minimal grid layout with bright blue accents and rounded buttons.,"minimal, modern, bright-blue, grid, rounded-buttons, creative",2
Lapa Ninja (Post),Mees Verberne,https://www.lapa.ninja/post/meesverberne/,https://cdn.lapa.ninja/assets/images/1x/meesverberne-thumb.jpg,"[""#d5c5ab"", ""#202d4a""]","{""#d5c5ab"": 0.6053, ""#202d4a"": 0.1597}",#d5c5ab,muted orange,"sidebar, grid layout, video background, large typography, form, feature list","retro, modern, artistic",0.75,Modern grid layout with muted orange background and large typography.,"modern, grid, muted-orange, retro, artistic, sidebar, video-background",6
Lapa Ninja (Post),Color Monkey,https://www.lapa.ninja/post/color-monkey/,https://cdn.lapa.ninja/assets/images/1x/color-monkey-thumb.jpg,"[""#1c1a1a"", ""#cdd0d1""]","{""#1c1a1a"": 0.6224, ""#cdd0d1"": 0.1953}",#1c1a1a,dark gray,"rounded buttons, video background, pricing cards, grid layout, large typography, search bar","modern, minimal, cool",0.75,Modern grid layout with dark gray video background and large typography.,"modern, minimal, dark-gray, grid, video-background, rounded-buttons",6
Lapa Ninja (Post),Flipside,https://www.lapa.ninja/post/flipsidecrypto/,https://cdn.lapa.ninja/assets/images/1x/flipsidecrypto-thumb.jpg,"[""#121212"", ""#f4f4f5""]","{""#121212"": 0.3873, ""#f4f4f5"": 0.4786}",#121212,dark neutral,"large typography, grid layout, video background, form, rounded buttons, split screen","minimal, modern, futuristic",0.69,Minimal split screen layout with dark neutral tones and large typography.,"minimal, modern, dark, grid, video-background, rounded-buttons",5
Lapa Ninja (Post),Sania Saleh,https://www.lapa.ninja/post/sania/,https://cdn.lapa.ninja/assets/images/1x/sania-thumb.jpg,"[""#b1c4c2"", ""#f7f7f6""]","{""#b1c4c2"": 0.3334, ""#f7f7f6"": 0.507}",#b1c4c2,muted teal,"grid layout, large typography, sidebar, icon list, rounded buttons, avatar","modern, minimal, futuristic",0.67,Modern grid layout with muted teal typography and rounded buttons.,"modern, minimal, muted-teal, grid, typography, rounded-buttons, sidebar",4
Lapa Ninja (Post),Starhaven,https://www.lapa.ninja/post/starhaven/,https://cdn.lapa.ninja/assets/images/1x/starhaven-thumb.jpg,"[""#100f10"", ""#281c1f""]","{""#100f10"": 0.6037, ""#281c1f"": 0.2718}",#100f10,dark neutral,"sidebar, split screen, video background, large typography, avatar, top navigation","futuristic, elegant, artistic",0.75,Elegant split screen layout with dark neutral video background and large typography.,"futuristic, elegant, dark, split-screen, video-background, typography, artistic",5
Lapa Ninja (Post),Few and Far,https://www.lapa.ninja/post/fewandfar/,https://cdn.lapa.ninja/assets/images/1x/fewandfar-thumb.jpg,"[""#010101"", ""#f2eeeb""]","{""#010101"": 0.5441, ""#f2eeeb"": 0.2207}",#010101,dark neutral,"grid layout, large typography, rounded buttons, footer, pricing cards, search bar","minimal, modern, professional",0.75,Minimal grid layout with dark neutral tones and large typography.,"minimal, modern, dark, grid, typography, professional, rounded-buttons",4
Lapa Ninja (Post),Paul Macgregor,https://www.lapa.ninja/post/works/,https://cdn.lapa.ninja/assets/images/1x/works-thumb.jpg,"[""#ff3300"", ""#f8f8fa""]","{""#ff3300"": 0.2297, ""#f8f8fa"": 0.6038}",#ff3300,bright red,"rounded buttons, search bar, cta button, footer, sidebar, icon list","minimal, modern, professional",0.61,Minimal layout with bright red accents and rounded buttons for interactive elements.,"minimal, modern, bright-red, rounded-buttons, professional, layout",2
Lapa Ninja (Post),Background Noise,https://www.lapa.ninja/post/backgroundnoise/,https://cdn.lapa.ninja/assets/images/1x/backgroundnoise-thumb.jpg,"[""#282238"", ""#f4f4f4""]","{""#282238"": 0.6672, ""#f4f4f4"": 0.1189}",#282238,dark muted blue,"grid layout, sidebar, large typography, pricing cards, video background, feature list","futuristic, professional, modern",0.75,Modern grid layout with dark muted blue sidebar and large typography.,"modern, professional, dark-muted-blue, grid, typography, futuristic",4
Lapa Ninja (Post),Off-Menu,https://www.lapa.ninja/post/off-menu-2/,https://cdn.lapa.ninja/assets/images/1x/off-menu-2-thumb.jpg,"[""#f3f1eb"", ""#414b9e""]","{""#f3f1eb"": 0.5168, ""#414b9e"": 0.3485}",#f3f1eb,light neutral,"sidebar, pricing cards, large typography, video background, hero image, icon list","serious, trustworthy, bold",0.75,Serious layout with light neutral background and bold large typography.,"serious, trustworthy, bold, large-typography, sidebar, video-background",6
Lapa Ninja (Post),Willy Brauner,https://www.lapa.ninja/post/willybrauner/,https://cdn.lapa.ninja/assets/images/1x/willybrauner-thumb.jpg,"[""#f3f3f3""]","{""#f3f3f3"": 0.9424}",#f3f3f3,light neutral,"large typography, grid layout, data table, icon list, feature list, pricing cards","minimal, cool, modern",0.75,Minimal grid layout with light neutral background and large typography.,"minimal, grid, light, modern, typography, data-table",3
Lapa Ninja (Post),Telepathic Instruments,https://www.lapa.ninja/post/telepathicinstruments/,https://cdn.lapa.ninja/assets/images/1x/telepathicinstruments-thumb.jpg,"[""#df5b35"", ""#a59b8c""]","{""#df5b35"": 0.3499, ""#a59b8c"": 0.2302}",#df5b35,bright red,"rounded buttons, sidebar, grid layout, large typography, two-column layout, search bar","friendly, retro, modern",0.67,Friendly grid layout with bright red accents and large typography.,"friendly, retro, modern, bright-red, grid, rounded-buttons, two-column",4
Lapa Ninja (Post),Family Style,https://www.lapa.ninja/post/wearefamilystyle-2/,https://cdn.lapa.ninja/assets/images/1x/wearefamilystyle-2-thumb.jpg,"[""#070a05"", ""#fffffe""]","{""#070a05"": 0.322, ""#fffffe"": 0.5288}",#070a05,dark neutral,"large typography, footer, pricing cards, logo, sidebar, video background","creative, cool, luxury",0.66,Creative layout featuring dark neutral tones with large typography and a video background.,"creative, cool, dark-neutral, large-typography, video-background, luxury",6
Lapa Ninja (Post),Rendezvous Barbers,https://www.lapa.ninja/post/myrendezvous/,https://cdn.lapa.ninja/assets/images/1x/myrendezvous-thumb.jpg,"[""#fe622d"", ""#060301""]","{""#fe622d"": 0.7163, ""#060301"": 0.1837}",#fe622d,bright orange,"large typography, two-column layout, sidebar, rounded buttons, split screen, grid layout","modern, retro, futuristic",0.75,Modern two-column layout with bright orange large typography and rounded buttons.,"modern, two-column, bright-orange, rounded-buttons, typography, grid",1
Lapa Ninja (Post),Founders Future,https://www.lapa.ninja/post/foundersfuture/,https://cdn.lapa.ninja/assets/images/1x/foundersfuture-thumb.jpg,"[""#c2d6d5"", ""#a0b9b9""]","{""#c2d6d5"": 0.6605, ""#a0b9b9"": 0.2619}",#c2d6d5,muted teal,"large typography, footer, rounded buttons, form, top navigation, sidebar","modern, futuristic, creative",0.75,Modern layout with muted teal tones featuring large typography and rounded buttons.,"modern, futuristic, muted-teal, large-typography, rounded-buttons, sidebar",1
Lapa Ninja (Post),PAISANA,https://www.lapa.ninja/post/paisana/,https://cdn.lapa.ninja/assets/images/1x/paisana-thumb.jpg,"[""#1e1f17"", ""#fffffe""]","{""#1e1f17"": 0.2838, ""#fffffe"": 0.4287}",#1e1f17,dark muted yellow,"rounded buttons, grid layout, sidebar, large typography, split screen, icon list","modern, minimal, trustworthy",0.64,Modern grid layout with dark muted yellow sidebar and large typography.,"modern, minimal, dark-muted-yellow, grid, sidebar, typography, trustworthy",4
Lapa Ninja (Post),Katrine Pil,https://www.lapa.ninja/post/katrinepil/,https://cdn.lapa.ninja/assets/images/1x/katrinepil-thumb.jpg,"[""#121317"", ""#363932""]","{""#121317"": 0.6488, ""#363932"": 0.1641}",#121317,dark neutral,"video background, split screen, large typography, sidebar, rounded buttons, search bar","professional, futuristic, modern",0.75,Professional split screen layout with dark neutral video background and large typography.,"professional, modern, dark-neutral, split-screen, video-background, rounded-buttons",5
Lapa Ninja (Post),Ocean,https://www.lapa.ninja/post/oceanldn/,https://cdn.lapa.ninja/assets/images/1x/oceanldn-thumb.jpg,"[""#010101"", ""#ada197""]","{""#010101"": 0.6221, ""#ada197"": 0.1061}",#010101,dark neutral,"icon list, large typography, grid layout, sidebar, video background, avatar","modern, minimal, futuristic",0.75,Modern grid layout with dark neutral background and large typography.,"modern, minimal, dark, grid, typography, sidebar, video-background",4
Lapa Ninja (Post),Yellow Fellow,https://www.lapa.ninja/post/yellowfellow/,https://cdn.lapa.ninja/assets/images/1x/yellowfellow-thumb.jpg,"[""#f4fae1"", ""#e0e20a""]","{""#f4fae1"": 0.7796, ""#e0e20a"": 0.0948}",#f4fae1,light neutral,"sidebar, hero image, top navigation, footer, form, large typography","cool, modern, futuristic",0.75,Modern layout with light neutral tones featuring a prominent hero image and large typography.,"modern, light, neutral, hero, large-typography, sidebar, futuristic",1
Lapa Ninja (Post),David Ukauwa,https://www.lapa.ninja/post/commissioner/,https://cdn.lapa.ninja/assets/images/1x/commissioner-thumb.jpg,"[""#eee7dd"", ""#b5b0ac""]","{""#eee7dd"": 0.7387, ""#b5b0ac"": 0.0939}",#eee7dd,light muted orange,"grid layout, top navigation, sidebar, video background, icon list, large typography","modern, retro, futuristic",0.75,Modern grid layout with light neutral background and large typography.,"modern, grid, light, typography, sidebar, video-background",3
Lapa Ninja (Post),ID—C,https://www.lapa.ninja/post/id-c/,https://cdn.lapa.ninja/assets/images/1x/id-c-thumb.jpg,"[""#f3f3f4"", ""#606060""]","{""#f3f3f4"": 0.6543, ""#606060"": 0.1696}",#f3f3f4,light neutral,"large typography, grid layout, sidebar, avatar, icon list, rounded buttons","modern, futuristic, creative",0.75,Modern grid layout with light neutral background and large typography.,"modern, grid, light, typography, creative, rounded-buttons",3
Lapa Ninja (Post),Raad,https://www.lapa.ninja/post/raad/,https://cdn.lapa.ninja/assets/images/1x/raad-thumb.jpg,"[""#fdfbf2"", ""#9fa3a6""]","{""#fdfbf2"": 0.593, ""#9fa3a6"": 0.1487}",#fdfbf2,light neutral,"large typography, top navigation, grid layout, sidebar, data table, split screen","modern, minimal, professional",0.75,Modern grid layout with light neutral background and large typography.,"modern, minimal, professional, grid, typography, sidebar",3
Lapa Ninja (Post),People Made Machines,https://www.lapa.ninja/post/peoplemademachines/,https://cdn.lapa.ninja/assets/images/1x/peoplemademachines-thumb.jpg,"[""#212324"", ""#ecece4""]","{""#212324"": 0.4658, ""#ecece4"": 0.461}",#212324,dark gray,"sidebar, video background, split screen, hero image, avatar, large typography","creative, futuristic, minimal",0.73,Creative split screen layout with dark gray hero and large typography.,"creative, minimal, dark-gray, split-screen, hero, video-background",5
Lapa Ninja (Post),Lil Frog,https://www.lapa.ninja/post/lilfrogeth/,https://cdn.lapa.ninja/assets/images/1x/lilfrogeth-thumb.jpg,"[""#0b080b"", ""#f0f096""]","{""#0b080b"": 0.3516, ""#f0f096"": 0.2419}",#0b080b,dark neutral,"video background, sidebar, footer, hero image, centered hero, split screen","futuristic, retro, artistic",0.68,Dark neutral split screen layout with a centered hero and video background.,"futuristic, artistic, dark, split-screen, video, hero",5
Lapa Ninja (Post),exactly.ai,https://www.lapa.ninja/post/exactly-ai/,https://cdn.lapa.ninja/assets/images/1x/exactly-ai-thumb.jpg,"[""#f8f7f7"", ""#d3c3c2""]","{""#f8f7f7"": 0.824, ""#d3c3c2"": 0.0742}",#f8f7f7,light neutral,"feature list, grid layout, icon list, rounded buttons, large typography, sidebar","minimal, modern, artistic",0.75,Minimal grid layout with light neutral background and large typography.,"minimal, modern, light, grid, typography, rounded-buttons, artistic",3
Lapa Ninja (Post),Pasha Ink,https://www.lapa.ninja/post/pashaink/,https://cdn.lapa.ninja/assets/images/1x/pashaink-thumb.jpg,"[""#f0f0f0"", ""#0d0b12""]","{""#f0f0f0"": 0.4224, ""#0d0b12"": 0.2897}",#f0f0f0,light neutral,"grid layout, large typography, video background, sidebar, split screen, hero image","modern, futuristic, vibrant",0.71,Modern grid layout with light neutral tones and a split screen featuring a video background.,"modern, grid, light, video-background, split-screen, large-typography",5
Lapa Ninja (Post),Alpine Bio,https://www.lapa.ninja/post/alpbio/,https://cdn.lapa.ninja/assets/images/1x/alpbio-thumb.jpg,"[""#dbd6ce"", ""#a6dade""]","{""#dbd6ce"": 0.2364, ""#a6dade"": 0.2348}",#dbd6ce,muted orange,"video background, large typography, sidebar, carousel, grid layout, split screen","modern, creative, futuristic",0.62,Modern split screen layout with light muted orange background and large typography.,"modern, creative, light, muted-orange, grid, sidebar, video-background",5
Lapa Ninja (Post),Plaid,https://www.lapa.ninja/post/plaid-2/,https://cdn.lapa.ninja/assets/images/1x/plaid-2-thumb.jpg,"[""#0e756b"", ""#196e97""]","{""#0e756b"": 0.4456, ""#196e97"": 0.2403}",#0e756b,bright teal,"rounded buttons, sidebar, pricing cards, grid layout, video background, feature list","minimal, modern, friendly",0.72,Minimal grid layout with bright teal sidebar and rounded buttons.,"minimal, modern, bright-teal, grid, friendly, sidebar",2
Lapa Ninja (Post),By Matthew,https://www.lapa.ninja/post/bymatthew/,https://cdn.lapa.ninja/assets/images/1x/bymatthew-thumb.jpg,"[""#fefefd"", ""#1d2209""]","{""#fefefd"": 0.5113, ""#1d2209"": 0.1511}",#fefefd,light neutral,"large typography, rounded buttons, grid layout, video background, sidebar, pricing cards","professional, bold, modern",0.75,Professional grid layout with dark muted gray video background and large typography.,"professional, modern, grid, dark-muted-gray, typography, rounded-buttons",6
Lapa Ninja (Post),Rerun,https://www.lapa.ninja/post/rerun/,https://cdn.lapa.ninja/assets/images/1x/rerun-thumb.jpg,"[""#111111""]","{""#111111"": 0.9233}",#111111,dark neutral,"grid layout, search bar, video background, feature list, icon list, top navigation","minimal, modern, futuristic",0.75,Minimal grid layout with dark neutral video background and top navigation.,"minimal, modern, dark, grid, video-background, navigation",6
Lapa Ninja (Post),Theseus,https://www.lapa.ninja/post/theseus/,https://cdn.lapa.ninja/assets/images/1x/theseus-thumb.jpg,"[""#141515"", ""#bdc3c1""]","{""#141515"": 0.3545, ""#bdc3c1"": 0.3079}",#141515,dark gray,"data table, large typography, video background, rounded buttons, form, pricing cards","futuristic, modern, professional",0.68,Modern layout with dark gray background featuring large typography and rounded buttons.,"modern, professional, dark-gray, futuristic, rounded-buttons, data-table, video-background",6
Lapa Ninja (Post),Incention,https://www.lapa.ninja/post/incention/,https://cdn.lapa.ninja/assets/images/1x/incention-thumb.jpg,"[""#fdfff4"", ""#0e0e12""]","{""#fdfff4"": 0.7138, ""#0e0e12"": 0.1494}",#fdfff4,light neutral,"sidebar, large typography, rounded buttons, grid layout, feature list, video background","futuristic, modern, retro",0.75,Modern grid layout with light neutral background and large typography.,"modern, grid, light, large-typography, rounded-buttons, futuristic",3
Lapa Ninja (Post),Yolo,https://www.lapa.ninja/post/yolo/,https://cdn.lapa.ninja/assets/images/1x/yolo-thumb.jpg,"[""#2b42f8"", ""#fefeff""]","{""#2b42f8"": 0.3331, ""#fefeff"": 0.4223}",#2b42f8,bright blue,"rounded buttons, pricing cards, avatar, split screen, grid layout, sidebar","modern, cool, professional",0.67,Modern split screen layout with bright blue pricing cards and rounded buttons.,"modern, split-screen, bright-blue, rounded-buttons, grid, professional",0
Lapa Ninja (Post),Ridiculous Design,https://www.lapa.ninja/post/ridiculous/,https://cdn.lapa.ninja/assets/images/1x/ridiculous-thumb.jpg,"[""#f5f5f5"", ""#92b6a0""]","{""#f5f5f5"": 0.7417, ""#92b6a0"": 0.093}",#f5f5f5,light neutral,"rounded buttons, sidebar, footer, large typography, search bar, top navigation","minimal, modern, cool",0.75,Minimal layout with light neutral background and large typography elements.,"minimal, modern, neutral, large-typography, rounded-buttons, sidebar",1
Lapa Ninja (Post),Vibrant,https://www.lapa.ninja/post/vibrantpractice/,https://cdn.lapa.ninja/assets/images/1x/vibrantpractice-thumb.jpg,"[""#f7f5f0"", ""#e7822e""]","{""#f7f5f0"": 0.4102, ""#e7822e"": 0.1968}",#f7f5f0,light neutral,"rounded buttons, pricing cards, search bar, split screen, large typography, grid layout","modern, cool, minimal",0.71,Modern grid layout with light neutral background and large typography elements.,"modern, minimal, light, grid, typography, rounded-buttons, pricing-cards",3
Lapa Ninja (Post),Framer Studio,https://www.lapa.ninja/post/framer-studio/,https://cdn.lapa.ninja/assets/images/1x/framer-studio-thumb.jpg,"[""#020204"", ""#dad2d5""]","{""#020204"": 0.7578, ""#dad2d5"": 0.0671}",#020204,dark neutral,"grid layout, icon list, sidebar, feature list, rounded buttons, large typography","modern, futuristic, minimal",0.75,Modern grid layout with dark neutral tones and large typography elements.,"modern, grid, dark-neutral, minimal, typography, rounded-buttons",4
Lapa Ninja (Post),Sato Eyewear,https://www.lapa.ninja/post/sato-eyewear/,https://cdn.lapa.ninja/assets/images/1x/sato-eyewear-thumb.jpg,"[""#812219"", ""#fcfcfc""]","{""#812219"": 0.2152, ""#fcfcfc"": 0.5171}",#812219,bright red,"rounded buttons, video background, avatar, split screen, sidebar, search bar","retro, futuristic, minimal",0.61,Retro split screen layout with bright red video background and rounded buttons.,"retro, minimal, bright-red, split-screen, video-background, rounded-buttons",5
Lapa Ninja (Post),Literary Sport,https://www.lapa.ninja/post/literarysport/,https://cdn.lapa.ninja/assets/images/1x/literarysport-thumb.jpg,"[""#dbdcdd"", ""#f9f9f7""]","{""#dbdcdd"": 0.282, ""#f9f9f7"": 0.3533}",#dbdcdd,light gray,"grid layout, rounded buttons, feature list, large typography, search bar, footer","minimal, modern, luxury",0.64,Minimal grid layout with light gray background and large typography.,"minimal, modern, light-gray, grid, typography, luxury",3
Lapa Ninja (Post),Basedash,https://www.lapa.ninja/post/basedash/,https://cdn.lapa.ninja/assets/images/1x/basedash-thumb.jpg,"[""#050505""]","{""#050505"": 0.9646}",#050505,dark neutral,"data table, large typography, chart, top navigation, search bar, footer","minimal, futuristic, modern",0.75,Minimal layout with dark neutral tones featuring large typography and a data table.,"minimal, modern, dark, typography, data-table, futuristic",1
Lapa Ninja (Post),Henri Heymans,https://www.lapa.ninja/post/henriheymans-2/,https://cdn.lapa.ninja/assets/images/1x/henriheymans-2-thumb.jpg,"[""#ffffff"", ""#060e09""]","{""#ffffff"": 0.7393, ""#060e09"": 0.1228}",#ffffff,light neutral,"sidebar, large typography, hero image, icon list, split screen, feature list","modern, serious, cool",0.75,Modern split screen layout with light neutral background and large typography.,"modern, serious, light, split-screen, typography, hero-image, cool",0
Lapa Ninja (Post),Emmpo,https://www.lapa.ninja/post/emmpo/,https://cdn.lapa.ninja/assets/images/1x/emmpo-thumb.jpg,"[""#f8f4ec"", ""#c0b2b3""]","{""#f8f4ec"": 0.4191, ""#c0b2b3"": 0.2998}",#f8f4ec,light neutral,"sidebar, large typography, form, split screen, avatar, grid layout","professional, modern, bold",0.71,Professional split screen layout with light neutral background and large typography.,"modern, professional, light, grid, sidebar, bold",0
Lapa Ninja (Post),Tana,https://www.lapa.ninja/post/tana-2/,https://cdn.lapa.ninja/assets/images/1x/tana-2-thumb.jpg,"[""#daefa2"", ""#f5f5f7""]","{""#daefa2"": 0.2042, ""#f5f5f7"": 0.6372}",#daefa2,bright green,"rounded buttons, grid layout, pricing cards, large typography, footer, feature list","modern, minimal, futuristic",0.6,Modern grid layout with light neutral background and rounded buttons.,"modern, minimal, light, grid, rounded-buttons, pricing-cards, typography",2
Lapa Ninja (Post),Johanna Arrieta,https://www.lapa.ninja/post/johannadarrieta/,https://cdn.lapa.ninja/assets/images/1x/johannadarrieta-thumb.jpg,"[""#ffffff"", ""#e1e6ec""]","{""#ffffff"": 0.8238, ""#e1e6ec"": 0.0692}",#ffffff,light neutral,"footer, rounded buttons, large typography, grid layout, video background, sidebar","minimal, modern, friendly",0.75,Minimal grid layout with light neutral background and large typography.,"minimal, modern, light, grid, friendly, typography",3
Lapa Ninja (Post),Hardik Bhansali,https://www.lapa.ninja/post/hardikbhansali/,https://cdn.lapa.ninja/assets/images/1x/hardikbhansali-thumb.jpg,"[""#070201"", ""#450203""]","{""#070201"": 0.6308, ""#450203"": 0.1462}",#070201,dark neutral,"large typography, sidebar, split screen, grid layout, hero image, video background","minimal, bold, futuristic",0.75,Bold split screen layout with dark neutral tones and large typography.,"minimal, bold, dark, futuristic, grid, hero, video-background",5
Lapa Ninja (Post),Craft 3,https://www.lapa.ninja/post/craft-do-3/,https://cdn.lapa.ninja/assets/images/1x/craft-do-3-thumb.jpg,"[""#e6e3db"", ""#acadaf""]","{""#e6e3db"": 0.7056, ""#acadaf"": 0.126}",#e6e3db,light muted orange,"rounded buttons, grid layout, data table, top navigation, pricing cards, sidebar","minimal, modern, professional",0.75,Minimal grid layout with light muted orange tones and rounded buttons.,"minimal, modern, light, grid, rounded-buttons, professional",2
Lapa Ninja (Post),Daisy AI,https://www.lapa.ninja/post/hidaisy/,https://cdn.lapa.ninja/assets/images/1x/hidaisy-thumb.jpg,"[""#f6f5f2"", ""#cbc8bd""]","{""#f6f5f2"": 0.7888, ""#cbc8bd"": 0.0781}",#f6f5f2,light neutral,"grid layout, pricing cards, sidebar, rounded buttons, large typography, icon list","modern, artistic, minimal",0.75,Modern grid layout with light neutral background and large typography.,"modern, grid, light, minimal, pricing-cards, rounded-buttons",3
Lapa Ninja (Post),Orchestra,https://www.lapa.ninja/post/orchestraco/,https://cdn.lapa.ninja/assets/images/1x/orchestraco-thumb.jpg,"[""#24320a"", ""#f1f2f0""]","{""#24320a"": 0.815, ""#f1f2f0"": 0.1234}",#24320a,dark bright green,"icon list, video background, large typography, grid layout, rounded buttons, sidebar","modern, minimal, professional",0.75,Modern grid layout with dark bright green typography and rounded buttons.,"modern, minimal, dark-bright-green, grid, rounded-buttons, professional",4
Lapa Ninja (Post),Equals,https://www.lapa.ninja/post/equals-3/,https://cdn.lapa.ninja/assets/images/1x/equals-3-thumb.jpg,"[""#f3f3f3"", ""#b6c7ba""]","{""#f3f3f3"": 0.8656, ""#b6c7ba"": 0.0508}",#f3f3f3,light neutral,"grid layout, data table, large typography, pricing cards, search bar, rounded buttons","modern, minimal, futuristic",0.75,Modern grid layout with light neutral background and large typography.,"modern, minimal, grid, typography, data-table, rounded-buttons",3
Lapa Ninja (Post),Check,https://www.lapa.ninja/post/wearecheck/,https://cdn.lapa.ninja/assets/images/1x/wearecheck-thumb.jpg,"[""#f9fbfa"", ""#040404""]","{""#f9fbfa"": 0.8203, ""#040404"": 0.1026}",#f9fbfa,light neutral,"large typography, grid layout, sidebar, avatar, video background, pricing cards","futuristic, modern, artistic",0.75,"Modern grid layout with dark accents, featuring large typography and a video background.","modern, grid, dark, futuristic, artistic, video-background",6
Lapa Ninja (Post),Tailwind CSS v4.0,https://www.lapa.ninja/post/tailwindcss-2/,https://cdn.lapa.ninja/assets/images/1x/tailwindcss-2-thumb.jpg,"[""#060a15""]","{""#060a15"": 0.9208}",#060a15,dark neutral,"grid layout, feature list, split screen, search bar, sidebar, footer","modern, minimal, futuristic",0.75,Modern split screen layout with dark neutral tones and a prominent search bar.,"modern, minimal, dark, grid, split-screen, search-bar, footer",0
Lapa Ninja (Post),OrdinaryFolks,https://www.lapa.ninja/post/weareordinaryfolks/,https://cdn.lapa.ninja/assets/images/1x/weareordinaryfolks-thumb.jpg,"[""#fe6503"", ""#fc99d8""]","{""#fe6503"": 0.505, ""#fc99d8"": 0.2993}",#fe6503,bright orange,"sidebar, video background, search bar, large typography, rounded buttons, icon list","minimal, bold, modern",0.75,Minimal layout with bright orange video background and large typography.,"minimal, bold, bright-orange, modern, video-background, rounded-buttons",6
Lapa Ninja (Post),Hedge,https://www.lapa.ninja/post/hedge/,https://cdn.lapa.ninja/assets/images/1x/hedge-thumb.jpg,"[""#131411"", ""#18261d""]","{""#131411"": 0.4581, ""#18261d"": 0.4112}",#131411,dark neutral,"grid layout, rounded buttons, footer, split screen, feature list, video background","minimal, modern, futuristic",0.73,Minimal split screen layout with dark neutral tones and rounded buttons.,"minimal, modern, dark, grid, rounded-buttons, futuristic, video-background",0
Lapa Ninja (Post),Ghost,https://www.lapa.ninja/post/ghst/,https://cdn.lapa.ninja/assets/images/1x/ghst-thumb.jpg,"[""#050506"", ""#fdfdfd""]","{""#050506"": 0.4117, ""#fdfdfd"": 0.282}",#050506,dark neutral,"rounded buttons, large typography, avatar, pricing cards, split screen, sidebar","minimal, futuristic, modern",0.71,Minimal split screen layout with dark neutral tones and large typography.,"minimal, modern, dark, split-screen, typography, rounded-buttons",0
Lapa Ninja (Post),Sons & Daughters,https://www.lapa.ninja/post/sonsanddaughters/,https://cdn.lapa.ninja/assets/images/1x/sonsanddaughters-thumb.jpg,"[""#ede7db"", ""#c7c3bc""]","{""#ede7db"": 0.5147, ""#c7c3bc"": 0.1996}",#ede7db,light muted orange,"grid layout, large typography, sidebar, split screen, search bar, video background","minimal, modern, retro",0.75,Minimal grid layout with light muted orange background and large typography.,"minimal, modern, light, grid, typography, retro, sidebar",4
Lapa Ninja (Post),Jasper,https://www.lapa.ninja/post/jasper/,https://cdn.lapa.ninja/assets/images/1x/jasper-thumb.jpg,"[""#fefdfd"", ""#f7dac1""]","{""#fefdfd"": 0.6097, ""#f7dac1"": 0.1595}",#fefdfd,light neutral,"rounded buttons, pricing cards, sidebar, grid layout, large typography, feature list","minimal, modern, professional",0.75,Minimal grid layout with light neutral background and rounded buttons.,"minimal, modern, light, rounded-buttons, grid, professional",2
Lapa Ninja (Post),Magma,https://www.lapa.ninja/post/magmamusicagency/,https://cdn.lapa.ninja/assets/images/1x/magmamusicagency-thumb.jpg,"[""#040302"", ""#302611""]","{""#040302"": 0.4377, ""#302611"": 0.239}",#040302,dark neutral,"split screen, video background, search bar, large typography, sidebar, avatar","modern, trustworthy, creative",0.72,Modern split screen layout with dark neutral video background and large typography.,"modern, trustworthy, creative, dark, split-screen, video-background, large-typography",5
Lapa Ninja (Post),Halo,https://www.lapa.ninja/post/halodental/,https://cdn.lapa.ninja/assets/images/1x/halodental-thumb.jpg,"[""#f5f1ee"", ""#080707""]","{""#f5f1ee"": 0.4557, ""#080707"": 0.3305}",#f5f1ee,light neutral,"large typography, rounded buttons, sidebar, hero image, centered hero, split screen","futuristic, minimal, bold",0.73,Minimal split screen layout with light neutral background and large typography.,"minimal, futuristic, light, bold, split-screen, typography",0
Lapa Ninja (Post),HOLIDAYS,https://www.lapa.ninja/post/holidays/,https://cdn.lapa.ninja/assets/images/1x/holidays-thumb.jpg,"[""#0d1011"", ""#2a2931""]","{""#0d1011"": 0.406, ""#2a2931"": 0.2415}",#0d1011,dark neutral,"video background, grid layout, sidebar, feature list, rounded buttons, hero image","minimal, modern, cool",0.7,Minimal grid layout with dark neutral tones featuring a video background and rounded buttons.,"minimal, modern, dark-neutral, grid, video-background, rounded-buttons",6
Lapa Ninja (Post),Function Health,https://www.lapa.ninja/post/functionhealth/,https://cdn.lapa.ninja/assets/images/1x/functionhealth-thumb.jpg,"[""#fcf8ee"", ""#877b73""]","{""#fcf8ee"": 0.6584, ""#877b73"": 0.1014}",#fcf8ee,light neutral,"large typography, grid layout, sidebar, pricing cards, avatar, rounded buttons","modern, futuristic, trustworthy",0.75,Modern grid layout with light neutral background and large typography.,"modern, grid, light, typography, sidebar, rounded-buttons",3
Lapa Ninja (Post),Walbi,https://www.lapa.ninja/post/walbi/,https://cdn.lapa.ninja/assets/images/1x/walbi-thumb.jpg,"[""#080808"", ""#fcfcfc""]","{""#080808"": 0.9166, ""#fcfcfc"": 0.0587}",#080808,dark neutral,"video background, sidebar, rounded buttons, data table, grid layout, icon list","modern, futuristic, minimal",0.75,Modern grid layout with dark neutral video background and rounded buttons.,"modern, minimal, dark, grid, video-background, rounded-buttons, futuristic",6
Lapa Ninja (Post),Osmo Supply,https://www.lapa.ninja/post/osmo-supply/,https://cdn.lapa.ninja/assets/images/1x/osmo-supply-thumb.jpg,"[""#030303"", ""#e2dede""]","{""#030303"": 0.8407, ""#e2dede"": 0.0936}",#030303,dark neutral,"grid layout, large typography, rounded buttons, footer, search bar, feature list","modern, minimal, futuristic",0.75,Modern grid layout with dark neutral tones and large typography.,"modern, minimal, dark, grid, typography, rounded-buttons, footer",4
Lapa Ninja (Post),BLUEMARBLE,https://www.lapa.ninja/post/bluemarbleparis/,https://cdn.lapa.ninja/assets/images/1x/bluemarbleparis-thumb.jpg,"[""#eeebe3"", ""#231b16""]","{""#eeebe3"": 0.3144, ""#231b16"": 0.2528}",#eeebe3,light muted orange,"rounded buttons, grid layout, feature list, icon list, sidebar, search bar","warm, modern, minimal",0.66,Modern grid layout with light neutral background and rounded buttons.,"modern, minimal, grid, light, rounded-buttons, warm",2
Lapa Ninja (Post),Mercredi Studio,https://www.lapa.ninja/post/mercredistudio/,https://cdn.lapa.ninja/assets/images/1x/mercredistudio-thumb.jpg,"[""#eff2ea"", ""#b9bbb7""]","{""#eff2ea"": 0.5009, ""#b9bbb7"": 0.2469}",#eff2ea,light neutral,"pricing cards, grid layout, video background, sidebar, feature list, avatar","professional, modern, creative",0.75,Professional grid layout with light neutral background and pricing cards.,"professional, modern, grid, light, pricing-cards, creative",7
Lapa Ninja (Post),Rootly,https://www.lapa.ninja/post/rootly/,https://cdn.lapa.ninja/assets/images/1x/rootly-thumb.jpg,"[""#dac9cc"", ""#fdfdfd""]","{""#dac9cc"": 0.216, ""#fdfdfd"": 0.5435}",#dac9cc,muted red,"rounded buttons, search bar, sidebar, footer, feature list, top navigation","modern, minimal, calm",0.61,Modern layout with light neutral background and rounded buttons.,"modern, minimal, calm, light, rounded-buttons, sidebar, navigation",2
Lapa Ninja (Post),Polène,https://www.lapa.ninja/post/polene/,https://cdn.lapa.ninja/assets/images/1x/polene-thumb.jpg,"[""#555951"", ""#fefefe""]","{""#555951"": 0.2336, ""#fefefe"": 0.2305}",#555951,muted gray,"rounded buttons, sidebar, video background, grid layout, pricing cards, feature list","minimal, luxury, bold",0.62,Minimal grid layout with muted gray video background and rounded buttons.,"minimal, luxury, muted-gray, grid, rounded-buttons, video-background",2
Lapa Ninja (Post),Airborne,https://www.lapa.ninja/post/airborne/,https://cdn.lapa.ninja/assets/images/1x/airborne-thumb.jpg,"[""#010101"", ""#fbf3e6""]","{""#010101"": 0.6274, ""#fbf3e6"": 0.2722}",#010101,dark neutral,"large typography, grid layout, sidebar, avatar, rounded buttons, data table","cool, futuristic, modern",0.75,Modern grid layout with dark neutral tones and large typography.,"modern, grid, dark, typography, rounded-buttons, sidebar",4
Lapa Ninja (Post),VWLAB,https://www.lapa.ninja/post/vwlab/,https://cdn.lapa.ninja/assets/images/1x/vwlab-thumb.jpg,"[""#f5ebdf"", ""#ffffff""]","{""#f5ebdf"": 0.3293, ""#ffffff"": 0.5123}",#f5ebdf,light bright orange,"rounded buttons, pricing cards, sidebar, video background, grid layout, split screen","minimal, modern, professional",0.66,Minimal grid layout with light bright orange pricing cards and rounded buttons.,"minimal, modern, light-orange, grid, professional, rounded-buttons",7
Lapa Ninja (Post),Cyd Stumpel,https://www.lapa.ninja/post/cydstumpel/,https://cdn.lapa.ninja/assets/images/1x/cydstumpel-thumb.jpg,"[""#fff4ee""]","{""#fff4ee"": 0.846}",#fff4ee,light neutral,"feature list, sidebar, icon list, grid layout, footer, large typography","creative, modern, retro",0.75,Modern grid layout with light neutral tones and large typography elements.,"modern, grid, light, creative, typography, sidebar, retro",3
Lapa Ninja (Post),Modem,https://www.lapa.ninja/post/modemworks/,https://cdn.lapa.ninja/assets/images/1x/modemworks-thumb.jpg,"[""#0a0c06"", ""#fbf9f3""]","{""#0a0c06"": 0.2277, ""#fbf9f3"": 0.4642}",#0a0c06,dark neutral,"rounded buttons, grid layout, cta button, sidebar, footer, top navigation","modern, futuristic, minimal",0.61,Modern grid layout with dark neutral tones and rounded buttons.,"modern, grid, dark-neutral, rounded-buttons, minimal, futuristic",2
Lapa Ninja (Post),brand.ai,https://www.lapa.ninja/post/brand-ai/,https://cdn.lapa.ninja/assets/images/1x/brand-ai-thumb.jpg,"[""#f5f4f1"", ""#100f10""]","{""#f5f4f1"": 0.8179, ""#100f10"": 0.0642}",#f5f4f1,light neutral,"large typography, grid layout, rounded buttons, pricing cards, search bar, sidebar","modern, minimal, futuristic",0.75,Modern grid layout with light neutral background and large typography.,"modern, minimal, grid, light, typography, rounded-buttons, sidebar",3
Lapa Ninja (Post),Popcorn,https://www.lapa.ninja/post/popcorn/,https://cdn.lapa.ninja/assets/images/1x/popcorn-thumb.jpg,"[""#f5f6f6""]","{""#f5f6f6"": 0.9586}",#f5f6f6,light neutral,"rounded buttons, search bar, footer, pricing cards, grid layout, sidebar","minimal, modern, cool",0.75,Minimal grid layout with light neutral tones and rounded buttons.,"minimal, modern, light, grid, rounded-buttons, sidebar, pricing-cards",2
Lapa Ninja (Post),Bee Computer,https://www.lapa.ninja/post/bee-computer/,https://cdn.lapa.ninja/assets/images/1x/bee-computer-thumb.jpg,"[""#e9e3e8"", ""#fdd903""]","{""#e9e3e8"": 0.2433, ""#fdd903"": 0.2405}",#e9e3e8,light muted magenta,"rounded buttons, search bar, sidebar, avatar, feature list, data table","futuristic, modern, cool",0.62,Modern layout with light neutral tones featuring a rounded button design and a prominent search bar.,"modern, futuristic, light, rounded-buttons, search-bar, sidebar, data-table",1
Lapa Ninja (Post),Henry Desroches,https://www.lapa.ninja/post/henry-codes-2/,https://cdn.lapa.ninja/assets/images/1x/henry-codes-2-thumb.jpg,"[""#2a2722"", ""#f9f9f9""]","{""#2a2722"": 0.3995, ""#f9f9f9"": 0.5329}",#2a2722,dark muted orange,"sidebar, large typography, icon list, search bar, two-column layout, feature list","minimal, modern, trustworthy",0.7,Minimal two-column layout with dark muted orange typography and a prominent sidebar.,"minimal, modern, dark-muted-orange, typography, sidebar, trustworthy",1
Lapa Ninja (Post),M.Rodzik,https://www.lapa.ninja/post/mrodzik/,https://cdn.lapa.ninja/assets/images/1x/mrodzik-thumb.jpg,"[""#f5f5f4"", ""#25173d""]","{""#f5f5f4"": 0.8339, ""#25173d"": 0.0887}",#f5f5f4,light neutral,"rounded buttons, icon list, large typography, grid layout, top navigation, sidebar","minimal, modern, artistic",0.75,Minimal grid layout with light neutral background and large typography.,"minimal, modern, light, grid, typography, rounded-buttons, sidebar",3
Lapa Ninja (Post),Daniel Sun,https://www.lapa.ninja/post/danielsun-2/,https://cdn.lapa.ninja/assets/images/1x/danielsun-2-thumb.jpg,"[""#fcfcf8"", ""#f8f0af""]","{""#fcfcf8"": 0.6121, ""#f8f0af"": 0.1306}",#fcfcf8,light neutral,"large typography, sidebar, search bar, split screen, grid layout, rounded buttons","modern, minimal, professional",0.75,Modern split screen layout with light neutral background and large typography.,"modern, minimal, professional, grid, sidebar, rounded-buttons",0
Lapa Ninja (Post),Nodaleto,https://www.lapa.ninja/post/nodaleto/,https://cdn.lapa.ninja/assets/images/1x/nodaleto-thumb.jpg,"[""#1d0302"", ""#f3f2f1""]","{""#1d0302"": 0.2079, ""#f3f2f1"": 0.398}",#1d0302,dark neutral,"footer, rounded buttons, sidebar, grid layout, form, feature list","modern, minimal, cool",0.6,Modern grid layout with dark neutral sidebar and rounded buttons.,"modern, minimal, dark, grid, rounded-buttons, sidebar, footer",2
Lapa Ninja (Post),Büro,https://www.lapa.ninja/post/burocratik-2/,https://cdn.lapa.ninja/assets/images/1x/burocratik-2-thumb.jpg,"[""#2a231c"", ""#fefefe""]","{""#2a231c"": 0.1905, ""#fefefe"": 0.5201}",#2a231c,dark muted orange,"large typography, sidebar, feature list, pricing cards, rounded buttons, grid layout","modern, minimal, futuristic",0.6,Modern grid layout with dark muted orange typography and rounded buttons.,"modern, minimal, dark-muted-orange, grid, typography, rounded-buttons",4
Lapa Ninja (Post),Adopt,https://www.lapa.ninja/post/weareadopt/,https://cdn.lapa.ninja/assets/images/1x/weareadopt-thumb.jpg,"[""#fffef9""]","{""#fffef9"": 0.9216}",#fffef9,light neutral,"large typography, sidebar, rounded buttons, feature list, pricing cards, top navigation","professional, trustworthy, luxury",0.75,Professional layout with light neutral tones featuring large typography and rounded buttons.,"professional, neutral, typography, rounded-buttons, sidebar, luxury",1
Lapa Ninja (Post),Mickey Friedman,https://www.lapa.ninja/post/mickeyfriedman/,https://cdn.lapa.ninja/assets/images/1x/mickeyfriedman-thumb.jpg,"[""#dbd9d4""]","{""#dbd9d4"": 0.9264}",#dbd9d4,light gray,"large typography, grid layout, rounded buttons, sidebar, form, footer","minimal, modern, elegant",0.75,Minimal grid layout with light gray background and large typography.,"minimal, modern, light-gray, grid, typography, elegant, rounded-buttons",3
Lapa Ninja (Post),Lovework Studio,https://www.lapa.ninja/post/lovework-studio/,https://cdn.lapa.ninja/assets/images/1x/lovework-studio-thumb.jpg,"[""#05dea1"", ""#fffefa""]","{""#05dea1"": 0.2403, ""#fffefa"": 0.5919}",#05dea1,bright teal,"rounded buttons, two-column layout, grid layout, sidebar, large typography, feature list","modern, minimal, futuristic",0.62,Modern two-column layout with bright teal accents and large typography.,"modern, minimal, bright-teal, grid, rounded-buttons, sidebar, typography",1
Lapa Ninja (Post),Mintlify,https://www.lapa.ninja/post/mintlify/,https://cdn.lapa.ninja/assets/images/1x/mintlify-thumb.jpg,"[""#090b0c"", ""#08201f""]","{""#090b0c"": 0.6457, ""#08201f"": 0.2271}",#090b0c,dark neutral,"search bar, grid layout, rounded buttons, top navigation, feature list, large typography","minimal, futuristic, modern",0.75,Modern grid layout with dark neutral tones and large typography elements.,"minimal, futuristic, dark, grid, typography, rounded-buttons",4
Lapa Ninja (Post),Relocate Now,https://www.lapa.ninja/post/relocatenow/,https://cdn.lapa.ninja/assets/images/1x/relocatenow-thumb.jpg,"[""#600135"", ""#fcf8ed""]","{""#600135"": 0.5619, ""#fcf8ed"": 0.2663}",#600135,dark bright magenta,"rounded buttons, grid layout, large typography, sidebar, split screen, footer","modern, calm, minimal",0.75,Modern split screen layout with dark bright magenta accents and large typography.,"modern, calm, dark-bright-magenta, grid, rounded-buttons, minimal, sidebar",0
Lapa Ninja (Post),Happy Droid,https://www.lapa.ninja/post/happydroid/,https://cdn.lapa.ninja/assets/images/1x/happydroid-thumb.jpg,"[""#eaf6db"", ""#bfbeb5""]","{""#eaf6db"": 0.4538, ""#bfbeb5"": 0.36}",#eaf6db,light bright green,"rounded buttons, large typography, sidebar, avatar, grid layout, footer","futuristic, minimal, creative",0.73,Minimal grid layout with light bright green accents and rounded buttons.,"minimal, grid, light-green, futuristic, rounded-buttons, creative",2
Lapa Ninja (Post),Stas Bondar,https://www.lapa.ninja/post/stabondar/,https://cdn.lapa.ninja/assets/images/1x/stabondar-thumb.jpg,"[""#0a0a0a"", ""#6f6f6f""]","{""#0a0a0a"": 0.8646, ""#6f6f6f"": 0.0584}",#0a0a0a,dark neutral,"large typography, sidebar, split screen, grid layout, video background, hero image","modern, minimal, futuristic",0.75,Modern split screen layout with dark neutral tones and large typography.,"modern, minimal, dark, grid, sidebar, hero, video-background",5
Lapa Ninja (Post),The Happy Few,https://www.lapa.ninja/post/thehappyfew/,https://cdn.lapa.ninja/assets/images/1x/thehappyfew-thumb.jpg,"[""#d8cfc8"", ""#faeb74""]","{""#d8cfc8"": 0.4591, ""#faeb74"": 0.2772}",#d8cfc8,muted orange,"sidebar, large typography, rounded buttons, footer, split screen, feature list","modern, friendly, minimal",0.73,Modern split screen layout with muted orange typography and rounded buttons.,"modern, friendly, muted-orange, split-screen, minimal, typography",0
Lapa Ninja (Post),AYOCIN,https://www.lapa.ninja/post/ayocin/,https://cdn.lapa.ninja/assets/images/1x/ayocin-thumb.jpg,"[""#272717"", ""#cbbc9f""]","{""#272717"": 0.4351, ""#cbbc9f"": 0.2066}",#272717,dark muted yellow,"large typography, split screen, single column, video background, sidebar, avatar","modern, minimal, futuristic",0.72,Modern split screen layout with dark muted yellow background and large typography.,"modern, minimal, dark-muted-yellow, split-screen, typography, video-background",5
Lapa Ninja (Post),Maria Santos,https://www.lapa.ninja/post/saintsmary/,https://cdn.lapa.ninja/assets/images/1x/saintsmary-thumb.jpg,"[""#f1e6f6"", ""#603d4d""]","{""#f1e6f6"": 0.8032, ""#603d4d"": 0.0788}",#f1e6f6,light neutral,"large typography, sidebar, feature list, grid layout, avatar, logo","creative, artistic, modern",0.75,Modern grid layout with light neutral background and large typography.,"modern, grid, light, creative, artistic, sidebar, typography",3
Lapa Ninja (Post),Inette,https://www.lapa.ninja/post/inette/,https://cdn.lapa.ninja/assets/images/1x/inette-thumb.jpg,"[""#ebebeb"", ""#121213""]","{""#ebebeb"": 0.7877, ""#121213"": 0.1008}",#ebebeb,light neutral,"large typography, rounded buttons, cta button, sidebar, footer, search bar","modern, minimal, futuristic",0.75,Modern layout with light neutral background and large typography elements.,"modern, minimal, light, typography, rounded-buttons, sidebar",1
Lapa Ninja (Post),Wand,https://www.lapa.ninja/post/wand-2/,https://cdn.lapa.ninja/assets/images/1x/wand-2-thumb.jpg,"[""#594a3f"", ""#fcfcfb""]","{""#594a3f"": 0.1843, ""#fcfcfb"": 0.4525}",#594a3f,muted orange,"search bar, split screen, feature list, grid layout, large typography, sidebar","artistic, creative, modern",0.59,Modern split screen layout with muted orange sidebar and large typography.,"modern, artistic, creative, muted-orange, grid, sidebar",0
Lapa Ninja (Post),Qudrix,https://www.lapa.ninja/post/qudrix/,https://cdn.lapa.ninja/assets/images/1x/qudrix-thumb.jpg,"[""#d2d1d1"", ""#e4e8f6""]","{""#d2d1d1"": 0.6721, ""#e4e8f6"": 0.0998}",#d2d1d1,light gray,"grid layout, large typography, sidebar, pricing cards, feature list, form","modern, professional, minimal",0.75,Modern grid layout with light gray background and large typography.,"modern, professional, minimal, grid, typography, sidebar, pricing-cards",3
Lapa Ninja (Post),Hiking Patrol,https://www.lapa.ninja/post/hikingpatrol/,https://cdn.lapa.ninja/assets/images/1x/hikingpatrol-thumb.jpg,"[""#22221e"", ""#f2f0eb""]","{""#22221e"": 0.2853, ""#f2f0eb"": 0.267}",#22221e,dark gray,"sidebar, grid layout, rounded buttons, footer, form, feature list","modern, futuristic, warm",0.64,Modern grid layout with dark gray sidebar and rounded buttons.,"modern, grid, dark-gray, rounded-buttons, sidebar, warm",2
Lapa Ninja (Post),Ori,https://www.lapa.ninja/post/ori/,https://cdn.lapa.ninja/assets/images/1x/ori-thumb.jpg,"[""#60a3a7"", ""#fbfcfb""]","{""#60a3a7"": 0.2889, ""#fbfcfb"": 0.3266}",#60a3a7,muted teal,"rounded buttons, cta button, grid layout, sidebar, video background, form","minimal, futuristic, modern",0.64,Minimal grid layout with muted teal video background and rounded buttons.,"minimal, modern, muted-teal, grid, video-background, rounded-buttons",2
Lapa Ninja (Post),Prept,https://www.lapa.ninja/post/prept-foundation/,https://cdn.lapa.ninja/assets/images/1x/prept-foundation-thumb.jpg,"[""#0a682e"", ""#fefcf6""]","{""#0a682e"": 0.2068, ""#fefcf6"": 0.6812}",#0a682e,dark bright green,"large typography, rounded buttons, pricing cards, footer, sidebar, grid layout","minimal, friendly, cool",0.6,Minimal grid layout with dark bright green typography and rounded buttons.,"minimal, friendly, dark-green, grid, typography, rounded-buttons",4
Lapa Ninja (Post),Bakken & Bæck,https://www.lapa.ninja/post/bakkenbaeck-4/,https://cdn.lapa.ninja/assets/images/1x/bakkenbaeck-4-thumb.jpg,"[""#b4b3ae"", ""#fefefe""]","{""#b4b3ae"": 0.2251, ""#fefefe"": 0.4107}",#b4b3ae,muted gray,"grid layout, rounded buttons, pricing cards, large typography, feature list, form","modern, minimal, futuristic",0.61,Modern grid layout with muted gray tones and large typography elements.,"modern, minimal, muted-gray, grid, typography, rounded-buttons, futuristic",4
Lapa Ninja (Post),Oxide Computer,https://www.lapa.ninja/post/oxide-computer-2/,https://cdn.lapa.ninja/assets/images/1x/oxide-computer-2-thumb.jpg,"[""#061012""]","{""#061012"": 0.9428}",#061012,dark neutral,"data table, grid layout, rounded buttons, large typography, chart, feature list","minimal, modern, calm",0.75,Minimal grid layout with dark neutral tones and large typography elements.,"minimal, modern, dark, grid, typography, calm, rounded-buttons",4
Lapa Ninja (Post),AniMattor,https://www.lapa.ninja/post/animattor/,https://cdn.lapa.ninja/assets/images/1x/animattor-thumb.jpg,"[""#f9f9fc"", ""#d2c9d1""]","{""#f9f9fc"": 0.7561, ""#d2c9d1"": 0.112}",#f9f9fc,light neutral,"video background, feature list, icon list, grid layout, sidebar, rounded buttons","cool, modern, minimal",0.75,Modern grid layout with light neutral background and rounded buttons.,"modern, minimal, light, grid, video-background, rounded-buttons",2
Lapa Ninja (Post),Say Briefly,https://www.lapa.ninja/post/saybriefly/,https://cdn.lapa.ninja/assets/images/1x/saybriefly-thumb.jpg,"[""#faf9f4"", ""#223a0d""]","{""#faf9f4"": 0.8449, ""#223a0d"": 0.0693}",#faf9f4,light neutral,"sidebar, rounded buttons, split screen, search bar, video background, pricing cards","minimal, modern, professional",0.75,Minimal split screen layout with light neutral background and rounded buttons.,"minimal, modern, light, split-screen, rounded-buttons, professional",0
Lapa Ninja (Post),ITEM Amsterdam,https://www.lapa.ninja/post/item-amsterdam/,https://cdn.lapa.ninja/assets/images/1x/item-amsterdam-thumb.jpg,"[""#1c1c21"", ""#f7f7f7""]","{""#1c1c21"": 0.1856, ""#f7f7f7"": 0.5747}",#1c1c21,dark gray,"large typography, form, data table, grid layout, icon list, two-column layout","modern, minimal, cool",0.59,Modern two-column layout with dark gray typography and a structured data table.,"modern, minimal, dark-gray, grid, typography, data-table, two-column",1
Lapa Ninja (Post),Designgal Studio,https://www.lapa.ninja/post/designgal-studio/,https://cdn.lapa.ninja/assets/images/1x/designgal-studio-thumb.jpg,"[""#f9f4e6"", ""#e59add""]","{""#f9f4e6"": 0.555, ""#e59add"": 0.1844}",#f9f4e6,light neutral,"grid layout, pricing cards, rounded buttons, sidebar, large typography, data table","modern, minimal, artistic",0.75,Modern grid layout with light neutral background and large typography.,"modern, minimal, light, grid, typography, artistic, pricing-cards",3
Lapa Ninja (Post),Heyday Canning,https://www.lapa.ninja/post/heydaycanning/,https://cdn.lapa.ninja/assets/images/1x/heydaycanning-thumb.jpg,"[""#faf5d7"", ""#434019""]","{""#faf5d7"": 0.3505, ""#434019"": 0.2644}",#faf5d7,light neutral,"grid layout, large typography, pricing cards, footer, sidebar, feature list","retro, cool, creative",0.68,Creative grid layout with light neutral background and large typography for pricing cards.,"retro, cool, grid, typography, pricing-cards, sidebar, feature-list",7
Lapa Ninja (Post),Fleerackers,https://www.lapa.ninja/post/fleerackers/,https://cdn.lapa.ninja/assets/images/1x/fleerackers-thumb.jpg,"[""#fefefd"", ""#5c2b0d""]","{""#fefefd"": 0.5369, ""#5c2b0d"": 0.1711}",#fefefd,light neutral,"footer, sidebar, icon list, card list, hero image, logo","bold, cool, modern",0.75,Modern layout with light neutral background and bold hero image.,"modern, bold, light, hero, sidebar, card-list",1
Lapa Ninja (Post),Desdoigts,https://www.lapa.ninja/post/desdoigts/,https://cdn.lapa.ninja/assets/images/1x/desdoigts-thumb.jpg,"[""#dbd1c9"", ""#f5f4f3""]","{""#dbd1c9"": 0.2435, ""#f5f4f3"": 0.3177}",#dbd1c9,muted orange,"rounded buttons, large typography, grid layout, pricing cards, icon list, sidebar","luxury, modern, professional",0.62,Modern grid layout with muted orange typography and rounded buttons.,"modern, grid, muted-orange, luxury, professional, rounded-buttons",7
Lapa Ninja (Post),Native,https://www.lapa.ninja/post/native/,https://cdn.lapa.ninja/assets/images/1x/native-thumb.jpg,"[""#def05d"", ""#fdfdfd""]","{""#def05d"": 0.2516, ""#fdfdfd"": 0.6047}",#def05d,bright yellow,"large typography, grid layout, search bar, sidebar, rounded buttons, footer","minimal, futuristic, modern",0.63,Minimal grid layout with bright yellow typography and rounded buttons.,"minimal, modern, bright-yellow, grid, rounded-buttons, futuristic",4
Lapa Ninja (Post),Entuitive,https://www.lapa.ninja/post/entuitiveengineering/,https://cdn.lapa.ninja/assets/images/1x/entuitiveengineering-thumb.jpg,"[""#f1f2f0"", ""#685346""]","{""#f1f2f0"": 0.4138, ""#685346"": 0.1974}",#f1f2f0,light neutral,"large typography, feature list, grid layout, form, two-column layout, sidebar","futuristic, modern, luxury",0.71,Modern grid layout with light neutral tones and large typography.,"modern, grid, light, typography, two-column, sidebar",3
Lapa Ninja (Post),OMMO,https://www.lapa.ninja/post/ommo/,https://cdn.lapa.ninja/assets/images/1x/ommo-thumb.jpg,"[""#141313"", ""#e8e9e5""]","{""#141313"": 0.8117, ""#e8e9e5"": 0.0955}",#141313,dark neutral,"split screen, grid layout, footer, sidebar, rounded buttons, feature list","modern, professional, cool",0.75,Modern split screen layout with dark neutral tones and rounded buttons.,"modern, professional, dark, grid, rounded-buttons, sidebar, footer",0
Lapa Ninja (Post),Reveal Studio,https://www.lapa.ninja/post/revealstudio/,https://cdn.lapa.ninja/assets/images/1x/revealstudio-thumb.jpg,"[""#f5f4e9"", ""#e7d0fb""]","{""#f5f4e9"": 0.5, ""#e7d0fb"": 0.3027}",#f5f4e9,light neutral,"grid layout, sidebar, top navigation, feature list, rounded buttons, search bar","minimal, modern, creative",0.75,Minimal grid layout with light neutral background and rounded buttons.,"minimal, modern, light, grid, rounded-buttons, creative, sidebar",2
Lapa Ninja (Post),OODOS,https://www.lapa.ninja/post/oodos/,https://cdn.lapa.ninja/assets/images/1x/oodos-thumb.jpg,"[""#101314"", ""#f8f8f8""]","{""#101314"": 0.6188, ""#f8f8f8"": 0.2573}",#101314,dark neutral,"large typography, grid layout, video background, top navigation, search bar, rounded buttons","modern, minimal, calm",0.75,Modern grid layout with dark neutral tones and large typography.,"modern, minimal, dark, grid, typography, video-background, rounded-buttons",4
Lapa Ninja (Post),New Valley Labs,https://www.lapa.ninja/post/newvalleylabs/,https://cdn.lapa.ninja/assets/images/1x/newvalleylabs-thumb.jpg,"[""#e4d8ba"", ""#5f3a2d""]","{""#e4d8ba"": 0.5739, ""#5f3a2d"": 0.3596}",#e4d8ba,bright orange,"large typography, video background, sidebar, avatar, hero illustration, pricing cards","friendly, creative, minimal",0.75,Friendly layout with bright orange hero illustration and large typography.,"friendly, creative, bright-orange, minimal, hero, typography",7
Lapa Ninja (Post),Hyperplex,https://www.lapa.ninja/post/hyperplex/,https://cdn.lapa.ninja/assets/images/1x/hyperplex-thumb.jpg,"[""#0e0e0e"", ""#292314""]","{""#0e0e0e"": 0.729, ""#292314"": 0.2301}",#0e0e0e,dark neutral,"data table, grid layout, search bar, rounded buttons, sidebar, video background","minimal, modern, cool",0.75,Minimal grid layout with dark neutral tones and a prominent data table.,"minimal, modern, dark, grid, data-table, rounded-buttons, sidebar",4
Lapa Ninja (Post),Monolith,https://www.lapa.ninja/post/monolith-nyc/,https://cdn.lapa.ninja/assets/images/1x/monolith-nyc-thumb.jpg,"[""#100f0f"", ""#c8c4bf""]","{""#100f0f"": 0.4127, ""#c8c4bf"": 0.3166}",#100f0f,dark neutral,"large typography, two-column layout, form, grid layout, data table, rounded buttons","modern, minimal, artistic",0.71,Modern two-column layout with dark neutral tones and large typography.,"modern, minimal, dark, grid, typography, rounded-buttons",1
Lapa Ninja (Post),Roberta Ungaro,https://www.lapa.ninja/post/robertaungaro/,https://cdn.lapa.ninja/assets/images/1x/robertaungaro-thumb.jpg,"[""#edebe8"", ""#1d1916""]","{""#edebe8"": 0.3225, ""#1d1916"": 0.2788}",#edebe8,light muted orange,"grid layout, sidebar, feature list, icon list, form, rounded buttons","modern, minimal, artistic",0.66,Modern grid layout with light neutral sidebar and rounded buttons.,"modern, minimal, grid, sidebar, rounded-buttons, artistic",2
Lapa Ninja (Post),Statamic,https://www.lapa.ninja/post/statamic-2/,https://cdn.lapa.ninja/assets/images/1x/statamic-2-thumb.jpg,"[""#fbf9fa"", ""#ead8cf""]","{""#fbf9fa"": 0.8069, ""#ead8cf"": 0.1127}",#fbf9fa,light neutral,"rounded buttons, sidebar, feature list, search bar, grid layout, footer","minimal, modern, calm",0.75,Minimal grid layout with light neutral background and rounded buttons.,"minimal, modern, calm, light, grid, rounded-buttons",2
Lapa Ninja (Post),111 West 57th Street,https://www.lapa.ninja/post/111w57/,https://cdn.lapa.ninja/assets/images/1x/111w57-thumb.jpg,"[""#5f503a"", ""#fefefe""]","{""#5f503a"": 0.272, ""#fefefe"": 0.2574}",#5f503a,muted orange,"two-column layout, single column, rounded buttons, large typography, grid layout, feature list","modern, luxury, warm",0.64,Modern two-column layout with muted orange accents and large typography.,"modern, luxury, warm, muted-orange, grid, rounded-buttons",1
Lapa Ninja (Post),Spellbook,https://www.lapa.ninja/post/spellbook/,https://cdn.lapa.ninja/assets/images/1x/spellbook-thumb.jpg,"[""#151a1d"", ""#e9edf0""]","{""#151a1d"": 0.7513, ""#e9edf0"": 0.1114}",#151a1d,dark muted blue,"large typography, search bar, rounded buttons, sidebar, top navigation, grid layout","modern, minimal, futuristic",0.75,Modern grid layout with dark muted blue theme and large typography.,"modern, minimal, dark-muted-blue, grid, typography, rounded-buttons",4
Lapa Ninja (Post),Cap,https://www.lapa.ninja/post/cap/,https://cdn.lapa.ninja/assets/images/1x/cap-thumb.jpg,"[""#6397fe"", ""#fefefe""]","{""#6397fe"": 0.3137, ""#fefefe"": 0.4646}",#6397fe,bright blue,"rounded buttons, pricing cards, cta button, search bar, top navigation, grid layout","minimal, modern, futuristic",0.66,Minimal grid layout with bright blue pricing cards and rounded buttons.,"minimal, modern, bright-blue, grid, pricing-cards, rounded-buttons",7
Lapa Ninja (Post),Koffiracha,https://www.lapa.ninja/post/koffiracha/,https://cdn.lapa.ninja/assets/images/1x/koffiracha-thumb.jpg,"[""#e9e15a"", ""#f9faf8""]","{""#e9e15a"": 0.3215, ""#f9faf8"": 0.2747}",#e9e15a,bright yellow,"sidebar, large typography, pricing cards, grid layout, feature list, rounded buttons","bold, luxury, creative",0.66,Bold grid layout with bright yellow pricing cards and large typography.,"bold, luxury, yellow, grid, creative, rounded-buttons",7
Lapa Ninja (Post),Portal,https://www.lapa.ninja/post/portalgaming/,https://cdn.lapa.ninja/assets/images/1x/portalgaming-thumb.jpg,"[""#e3dcfc"", ""#fefdfe""]","{""#e3dcfc"": 0.3271, ""#fefdfe"": 0.6177}",#e3dcfc,light bright blue,"sidebar, avatar, video background, search bar, grid layout, split screen","minimal, modern, futuristic",0.66,Minimal split screen layout with light bright blue video background and a prominent search bar.,"minimal, modern, light-blue, split-screen, video-background, grid",5
Lapa Ninja (Post),Jasmina Denner,https://www.lapa.ninja/post/jasminadenner/,https://cdn.lapa.ninja/assets/images/1x/jasminadenner-thumb.jpg,"[""#0b0926""]","{""#0b0926"": 0.8987}",#0b0926,dark neutral,"large typography, rounded buttons, avatar, grid layout, centered hero, form","futuristic, minimal, modern",0.75,Modern grid layout with dark neutral tones and large typography in a centered hero.,"modern, minimal, dark, grid, typography, rounded-buttons, futuristic",4
Lapa Ninja (Post),Genesis Creative,https://www.lapa.ninja/post/genesiscreative/,https://cdn.lapa.ninja/assets/images/1x/genesiscreative-thumb.jpg,"[""#fbfaf9"", ""#222120""]","{""#fbfaf9"": 0.6249, ""#222120"": 0.1412}",#fbfaf9,light neutral,"large typography, rounded buttons, grid layout, pricing cards, sidebar, feature list","modern, bold, creative",0.75,Modern grid layout with dark muted gray typography and rounded buttons.,"modern, grid, dark-muted-gray, rounded-buttons, bold, creative",4
Lapa Ninja (Post),Airtree,https://www.lapa.ninja/post/airtree/,https://cdn.lapa.ninja/assets/images/1x/airtree-thumb.jpg,"[""#f6f4e2"", ""#d2d9db""]","{""#f6f4e2"": 0.545, ""#d2d9db"": 0.1996}",#f6f4e2,light neutral,"rounded buttons, grid layout, video background, split screen, sidebar, footer","modern, professional, minimal",0.75,Modern grid layout with light neutral background and rounded buttons.,"modern, professional, minimal, grid, rounded-buttons, video-background",2
Lapa Ninja (Post),Melrosepr,https://www.lapa.ninja/post/melrosepr/,https://cdn.lapa.ninja/assets/images/1x/melrosepr-thumb.jpg,"[""#f6f2ea"", ""#f0c79c""]","{""#f6f2ea"": 0.5145, ""#f0c79c"": 0.1941}",#f6f2ea,light neutral,"large typography, rounded buttons, sidebar, grid layout, two-column layout, centered hero","retro, professional, minimal",0.75,Professional two-column layout with light neutral background and large typography.,"retro, minimal, grid, centered-hero, rounded-buttons, professional",1
Lapa Ninja (Post),ODA,https://www.lapa.ninja/post/oda-services/,https://cdn.lapa.ninja/assets/images/1x/oda-services-thumb.jpg,"[""#010101"", ""#a2a2a2""]","{""#010101"": 0.7335, ""#a2a2a2"": 0.1125}",#010101,dark neutral,"large typography, grid layout, icon list, footer, rounded buttons, search bar","minimal, retro, modern",0.75,Minimal grid layout with dark neutral tones and large typography.,"minimal, dark, grid, typography, modern, rounded-buttons",4
Lapa Ninja (Post),Summer Smash Tennis,https://www.lapa.ninja/post/summersmashtennis/,https://cdn.lapa.ninja/assets/images/1x/summersmashtennis-thumb.jpg,"[""#fefbf5"", ""#294435""]","{""#fefbf5"": 0.7464, ""#294435"": 0.0943}",#fefbf5,light neutral,"sidebar, feature list, pricing cards, video background, two-column layout, rounded buttons","professional, friendly, creative",0.75,Professional two-column layout with dark green pricing cards and rounded buttons.,"professional, friendly, dark-green, two-column, pricing-cards, rounded-buttons",7
Lapa Ninja (Post),Pudgy Penguins,https://www.lapa.ninja/post/pudgypenguins/,https://cdn.lapa.ninja/assets/images/1x/pudgypenguins-thumb.jpg,"[""#faf1ea"", ""#3595cd""]","{""#faf1ea"": 0.2961, ""#3595cd"": 0.2757}",#faf1ea,light neutral,"sidebar, hero illustration, rounded buttons, hero image, top navigation, feature list","modern, minimal, cool",0.65,Modern layout with light neutral background and a prominent hero illustration.,"modern, minimal, light, hero, rounded-buttons, sidebar, illustration",1
Lapa Ninja (Post),Euphemia,https://www.lapa.ninja/post/euphemia/,https://cdn.lapa.ninja/assets/images/1x/euphemia-thumb.jpg,"[""#f7f7f7"", ""#feac37""]","{""#f7f7f7"": 0.4998, ""#feac37"": 0.1566}",#f7f7f7,light neutral,"large typography, pricing cards, data table, grid layout, video background, chart","minimal, modern, artistic",0.75,Minimal grid layout with light neutral background and large typography for pricing cards.,"minimal, modern, light, grid, typography, artistic, pricing-cards",7
Lapa Ninja (Post),Paloceras,https://www.lapa.ninja/post/paloceras/,https://cdn.lapa.ninja/assets/images/1x/paloceras-thumb.jpg,"[""#e6e8e1"", ""#cdc9c8""]","{""#e6e8e1"": 0.4853, ""#cdc9c8"": 0.199}",#e6e8e1,light muted green,"grid layout, rounded buttons, avatar, large typography, split screen, video background","futuristic, modern, minimal",0.74,Modern grid layout with light muted green background and large typography.,"modern, minimal, light, grid, rounded-buttons, futuristic, typography",4
Lapa Ninja (Post),Woset,https://www.lapa.ninja/post/woset-2/,https://cdn.lapa.ninja/assets/images/1x/woset-2-thumb.jpg,"[""#e2e3e2"", ""#b0b2c2""]","{""#e2e3e2"": 0.5379, ""#b0b2c2"": 0.228}",#e2e3e2,light gray,"grid layout, top navigation, large typography, search bar, rounded buttons, icon list","modern, creative, artistic",0.75,Modern grid layout with light gray background and large typography.,"modern, grid, light-gray, typography, creative, rounded-buttons",3
Lapa Ninja (Post),Studio 38,https://www.lapa.ninja/post/weare38/,https://cdn.lapa.ninja/assets/images/1x/weare38-thumb.jpg,"[""#200202"", ""#403227""]","{""#200202"": 0.703, ""#403227"": 0.1477}",#200202,dark neutral,"sidebar, large typography, video background, rounded buttons, footer, search bar","modern, minimal, serious",0.75,Modern layout with dark neutral tones featuring large typography and a video background.,"modern, minimal, dark-neutral, large-typography, video-background, serious",6
Lapa Ninja (Post),St Kilda Orthodontics,https://www.lapa.ninja/post/stkildaorthodontics/,https://cdn.lapa.ninja/assets/images/1x/stkildaorthodontics-thumb.jpg,"[""#7e8db3"", ""#f5f7fb""]","{""#7e8db3"": 0.2623, ""#f5f7fb"": 0.6876}",#7e8db3,muted blue,"sidebar, video background, feature list, pricing cards, cta button, rounded buttons","creative, artistic, futuristic",0.63,Creative layout with muted blue video background and rounded buttons.,"creative, artistic, muted-blue, video-background, rounded-buttons, modern",6
Lapa Ninja (Post),Bruut,https://www.lapa.ninja/post/bruut-media/,https://cdn.lapa.ninja/assets/images/1x/bruut-media-thumb.jpg,"[""#ecf0ef"", ""#9c846d""]","{""#ecf0ef"": 0.4982, ""#9c846d"": 0.1672}",#ecf0ef,light neutral,"grid layout, large typography, sidebar, video background, feature list, rounded buttons","modern, professional, minimal",0.75,Modern grid layout with light neutral background and large typography.,"modern, professional, minimal, grid, typography, rounded-buttons",3
Lapa Ninja (Post),Dub.co,https://www.lapa.ninja/post/dub/,https://cdn.lapa.ninja/assets/images/1x/dub-thumb.jpg,"[""#fefdfc""]","{""#fefdfc"": 0.9723}",#fefdfc,light neutral,"rounded buttons, search bar, grid layout, footer, top navigation, sidebar","minimal, modern, calm",0.75,Minimal grid layout with light neutral background and rounded buttons.,"minimal, modern, calm, grid, rounded-buttons, footer, navigation",2
Lapa Ninja (Post),Riotters,https://www.lapa.ninja/post/riotters/,https://cdn.lapa.ninja/assets/images/1x/riotters-thumb.jpg,"[""#fcfcfc""]","{""#fcfcfc"": 0.9029}",#fcfcfc,light neutral,"large typography, grid layout, rounded buttons, pricing cards, feature list, sidebar","modern, futuristic, professional",0.75,Modern grid layout with light neutral background and large typography.,"modern, grid, light, professional, typography, rounded-buttons",3
Lapa Ninja (Post),Humane CosmOS,https://www.lapa.ninja/post/humane-cosmos/,https://cdn.lapa.ninja/assets/images/1x/humane-cosmos-thumb.jpg,"[""#0b0c0e"", ""#484b53""]","{""#0b0c0e"": 0.78, ""#484b53"": 0.1253}",#0b0c0e,dark neutral,"sidebar, feature list, search bar, icon list, large typography, centered hero","futuristic, cool, retro",0.75,Futuristic layout with dark neutral tones and a centered hero featuring large typography.,"futuristic, dark, neutral, centered-hero, large-typography, sidebar, feature-list",1
Lapa Ninja (Post),Hellotime,https://www.lapa.ninja/post/hellotime/,https://cdn.lapa.ninja/assets/images/1x/hellotime-thumb.jpg,"[""#fcfcfc""]","{""#fcfcfc"": 0.9497}",#fcfcfc,light neutral,"rounded buttons, search bar, grid layout, pricing cards, sidebar, split screen","modern, minimal, trustworthy",0.75,Modern grid layout with light neutral background and rounded buttons.,"modern, minimal, light, grid, rounded-buttons, trustworthy",2
Lapa Ninja (Post),Casa Malka,https://www.lapa.ninja/post/casamalka/,https://cdn.lapa.ninja/assets/images/1x/casamalka-thumb.jpg,"[""#fefefe"", ""#020202""]","{""#fefefe"": 0.7419, ""#020202"": 0.1639}",#fefefe,light neutral,"large typography, grid layout, sidebar, pricing cards, chart, top navigation","luxury, creative, modern",0.75,Modern grid layout with light neutral background and large typography.,"modern, grid, light, luxury, creative, sidebar",3
Lapa Ninja (Post),Index Inc,https://www.lapa.ninja/post/index-inc/,https://cdn.lapa.ninja/assets/images/1x/index-inc-thumb.jpg,"[""#0c0f20"", ""#34224c""]","{""#0c0f20"": 0.6919, ""#34224c"": 0.1991}",#0c0f20,dark neutral,"rounded buttons, grid layout, feature list, search bar, sidebar, top navigation","minimal, modern, calm",0.75,Minimal grid layout with dark neutral tones and rounded buttons.,"minimal, modern, dark, grid, rounded-buttons, calm",2
Lapa Ninja (Post),ANALOGUE,https://www.lapa.ninja/post/madebyanalogue/,https://cdn.lapa.ninja/assets/images/1x/madebyanalogue-thumb.jpg,"[""#e3dbd6"", ""#fffffe""]","{""#e3dbd6"": 0.4097, ""#fffffe"": 0.4904}",#e3dbd6,light muted orange,"large typography, form, sidebar, single column, footer, rounded buttons","modern, professional, creative",0.7,Modern single column layout with light muted orange typography and rounded buttons.,"modern, professional, light-muted-orange, single-column, rounded-buttons, creative",1
Lapa Ninja (Post),Jimmy Fairly,https://www.lapa.ninja/post/jimmyfairly/,https://cdn.lapa.ninja/assets/images/1x/jimmyfairly-thumb.jpg,"[""#aabfc2"", ""#eae8e0""]","{""#aabfc2"": 0.3157, ""#eae8e0"": 0.27}",#aabfc2,muted teal,"grid layout, sidebar, split screen, large typography, rounded buttons, top navigation","modern, futuristic, cool",0.66,Modern split screen layout with muted teal sidebar and large typography.,"modern, grid, muted-teal, sidebar, typography, rounded-buttons",0
Lapa Ninja (Post),Zach Hamed,https://www.lapa.ninja/post/zmh/,https://cdn.lapa.ninja/assets/images/1x/zmh-thumb.jpg,"[""#f4efe9"", ""#f9d35f""]","{""#f4efe9"": 0.6597, ""#f9d35f"": 0.1489}",#f4efe9,light neutral,"rounded buttons, large typography, search bar, grid layout, video background, top navigation","modern, futuristic, minimal",0.75,Modern grid layout with light neutral background and large typography.,"modern, minimal, light, grid, rounded-buttons, video-background",3
Lapa Ninja (Post),Stompers,https://www.lapa.ninja/post/stompers/,https://cdn.lapa.ninja/assets/images/1x/stompers-thumb.jpg,"[""#f7ac38"", ""#fbeacc""]","{""#f7ac38"": 0.4772, ""#fbeacc"": 0.3574}",#f7ac38,bright orange,"rounded buttons, search bar, grid layout, video background, feature list, sidebar","minimal, creative, modern",0.74,Minimal grid layout with bright orange video background and rounded buttons.,"minimal, modern, bright-orange, grid, video-background, rounded-buttons",2
Lapa Ninja (Post),Karina Makarova,https://www.lapa.ninja/post/karina-makarova/,https://cdn.lapa.ninja/assets/images/1x/karina-makarova-thumb.jpg,"[""#dadada"", ""#232323""]","{""#dadada"": 0.7528, ""#232323"": 0.174}",#dadada,light gray,"grid layout, rounded buttons, split screen, large typography, sidebar, video background","modern, minimal, cool",0.75,Modern split screen layout with light gray background and large typography.,"modern, minimal, light-gray, grid, rounded-buttons, video-background",5
Lapa Ninja (Post),TechTO,https://www.lapa.ninja/post/techto/,https://cdn.lapa.ninja/assets/images/1x/techto-thumb.jpg,"[""#fffffd"", ""#f2fba3""]","{""#fffffd"": 0.7494, ""#f2fba3"": 0.0792}",#fffffd,light neutral,"rounded buttons, grid layout, large typography, sidebar, split screen, search bar","modern, minimal, futuristic",0.75,Modern split screen layout with light neutral background and large typography.,"modern, minimal, light, grid, rounded-buttons, futuristic",0
Lapa Ninja (Post),Cassandre Levrard,https://www.lapa.ninja/post/cassandrelevrard/,https://cdn.lapa.ninja/assets/images/1x/cassandrelevrard-thumb.jpg,"[""#f5f3ef"", ""#c6ab91""]","{""#f5f3ef"": 0.7353, ""#c6ab91"": 0.1256}",#f5f3ef,light neutral,"rounded buttons, grid layout, carousel, large typography, video background, cta button","minimal, creative, modern",0.75,Minimal grid layout with light neutral tones and large typography featuring a video background.,"minimal, creative, modern, grid, video-background, large-typography, rounded-buttons",6
Lapa Ninja (Post),Things Inc,https://www.lapa.ninja/post/things-inc/,https://cdn.lapa.ninja/assets/images/1x/things-inc-thumb.jpg,"[""#b7d4fc"", ""#73bbfd""]","{""#b7d4fc"": 0.5061, ""#73bbfd"": 0.3121}",#b7d4fc,light bright blue,"pricing cards, rounded buttons, feature list, cta button, video background, sidebar","minimal, futuristic, modern",0.75,Minimal layout featuring light bright blue pricing cards and rounded buttons.,"minimal, modern, bright-blue, pricing-cards, rounded-buttons, futuristic",7
Lapa Ninja (Post),Jaffa,https://www.lapa.ninja/post/jaffa/,https://cdn.lapa.ninja/assets/images/1x/jaffa-thumb.jpg,"[""#1333ab"", ""#fdfdfd""]","{""#1333ab"": 0.4493, ""#fdfdfd"": 0.2524}",#1333ab,bright blue,"large typography, pricing cards, sidebar, grid layout, footer, data table","creative, cool, friendly",0.72,Creative grid layout with bright blue typography and structured pricing cards.,"creative, grid, bright-blue, typography, friendly, pricing-cards",7
Lapa Ninja (Post),Moved Network,https://www.lapa.ninja/post/moved-network/,https://cdn.lapa.ninja/assets/images/1x/moved-network-thumb.jpg,"[""#fdfdfe"", ""#0f80fb""]","{""#fdfdfe"": 0.7543, ""#0f80fb"": 0.1269}",#fdfdfe,light neutral,"rounded buttons, search bar, grid layout, video background, footer, sidebar","minimal, modern, calm",0.75,Minimal grid layout with light neutral background and rounded buttons.,"minimal, modern, calm, light, grid, rounded-buttons",2
Lapa Ninja (Post),Prand,https://www.lapa.ninja/post/prand/,https://cdn.lapa.ninja/assets/images/1x/prand-thumb.jpg,"[""#ccd6ee"", ""#c6d95a""]","{""#ccd6ee"": 0.5628, ""#c6d95a"": 0.3764}",#ccd6ee,light bright blue,"avatar, video background, sidebar, feature list, icon list, rounded buttons","minimal, creative, artistic",0.75,Minimal layout with light bright blue video background and rounded buttons.,"minimal, creative, light-blue, video-background, rounded-buttons, artistic",6
Lapa Ninja (Post),Arch Agency,https://www.lapa.ninja/post/arch-agency/,https://cdn.lapa.ninja/assets/images/1x/arch-agency-thumb.jpg,"[""#1f273e"", ""#fbfcfd""]","{""#1f273e"": 0.2313, ""#fbfcfd"": 0.334}",#1f273e,dark muted blue,"feature list, sidebar, rounded buttons, grid layout, pricing cards, icon list","modern, professional, futuristic",0.62,Modern grid layout with dark muted blue sidebar and rounded buttons.,"modern, professional, dark-muted-blue, grid, rounded-buttons, feature-list, pricing-cards",2
Lapa Ninja (Post),Clim Studio,https://www.lapa.ninja/post/studioclim-2/,https://cdn.lapa.ninja/assets/images/1x/studioclim-2-thumb.jpg,"[""#020101"", ""#fefefe""]","{""#020101"": 0.5169, ""#fefefe"": 0.2442}",#020101,dark neutral,"rounded buttons, feature list, sidebar, split screen, avatar, search bar","modern, minimal, futuristic",0.75,Modern split screen layout with dark neutral tones and rounded buttons.,"modern, minimal, dark, split-screen, rounded-buttons, sidebar",0
Lapa Ninja (Post),Rhythm Influence,https://www.lapa.ninja/post/rhythminfluence/,https://cdn.lapa.ninja/assets/images/1x/rhythminfluence-thumb.jpg,"[""#000000"", ""#fbfbfa""]","{""#000000"": 0.8179, ""#fbfbfa"": 0.0924}",#000000,dark neutral,"sidebar, video background, avatar, footer, feature list, logo","cool, modern, professional",0.75,Modern layout with dark neutral video background and a prominent sidebar.,"modern, professional, dark, sidebar, video, layout",6
Lapa Ninja (Post),Shareio,https://www.lapa.ninja/post/shareio/,https://cdn.lapa.ninja/assets/images/1x/shareio-thumb.jpg,"[""#040404"", ""#3b4e59""]","{""#040404"": 0.911, ""#3b4e59"": 0.0504}",#040404,dark neutral,"search bar, rounded buttons, large typography, video background, footer, avatar","futuristic, minimal, modern",0.75,Modern layout with dark neutral tones featuring a large typography and a video background.,"modern, minimal, dark, futuristic, video-background, typography, rounded-buttons",6
Lapa Ninja (Post),Idol,https://www.lapa.ninja/post/idol-partners/,https://cdn.lapa.ninja/assets/images/1x/idol-partners-thumb.jpg,"[""#ffffff"", ""#1c2023""]","{""#ffffff"": 0.5458, ""#1c2023"": 0.1597}",#ffffff,light neutral,"pricing cards, rounded buttons, large typography, sidebar, video background, footer","modern, minimal, professional",0.75,Modern layout with light neutral background and prominent pricing cards.,"modern, minimal, professional, pricing-cards, rounded-buttons, large-typography",7
Lapa Ninja (Post),Lens,https://www.lapa.ninja/post/lens-2/,https://cdn.lapa.ninja/assets/images/1x/lens-2-thumb.jpg,"[""#ffffff""]","{""#ffffff"": 0.9682}",#ffffff,light neutral,"rounded buttons, grid layout, feature list, sidebar, top navigation, search bar","modern, minimal, cool",0.75,Modern grid layout with light neutral background and rounded buttons.,"modern, minimal, light, grid, rounded-buttons, sidebar, navigation",2
Lapa Ninja (Post),Purée Maison,https://www.lapa.ninja/post/pureemaison/,https://cdn.lapa.ninja/assets/images/1x/pureemaison-thumb.jpg,"[""#efede4"", ""#c4bcb3""]","{""#efede4"": 0.5563, ""#c4bcb3"": 0.1602}",#efede4,light muted yellow,"large typography, icon list, top navigation, sidebar, rounded buttons, split screen","creative, artistic, professional",0.75,Creative split screen layout with light muted yellow background and large typography.,"creative, artistic, light, professional, typography, split-screen, rounded-buttons",0
Lapa Ninja (Post),Gone Fishing Studio,https://www.lapa.ninja/post/gonefishing-studio-2/,https://cdn.lapa.ninja/assets/images/1x/gonefishing-studio-2-thumb.jpg,"[""#faf5ec"", ""#252220""]","{""#faf5ec"": 0.4776, ""#252220"": 0.2841}",#faf5ec,light neutral,"grid layout, sidebar, rounded buttons, feature list, testimonial, pricing cards","luxury, futuristic, modern",0.74,Modern grid layout with light neutral tones and rounded buttons.,"modern, grid, light, luxury, rounded-buttons, sidebar, testimonials",2
Lapa Ninja (Post),Huey Lightshop,https://www.lapa.ninja/post/hueylightshop/,https://cdn.lapa.ninja/assets/images/1x/hueylightshop-thumb.jpg,"[""#fef8e6"", ""#22231d""]","{""#fef8e6"": 0.5396, ""#22231d"": 0.1744}",#fef8e6,light neutral,"grid layout, pricing cards, rounded buttons, video background, feature list, icon list","minimal, elegant, luxury",0.75,Minimal grid layout with light neutral background and rounded buttons for pricing cards.,"minimal, elegant, light, grid, luxury, rounded-buttons",7
Lapa Ninja (Post),Vic Rojo,https://www.lapa.ninja/post/vicrojo/,https://cdn.lapa.ninja/assets/images/1x/vicrojo-thumb.jpg,"[""#2a3e3f"", ""#fdfdf5""]","{""#2a3e3f"": 0.225, ""#fdfdf5"": 0.4752}",#2a3e3f,dark muted teal,"large typography, grid layout, footer, rounded buttons, sidebar, form","modern, futuristic, minimal",0.61,Modern grid layout with dark muted teal accents and large typography.,"modern, grid, dark-muted-teal, rounded-buttons, sidebar, minimal",4
Lapa Ninja (Post),Kurate Music,https://www.lapa.ninja/post/kuratemusic/,https://cdn.lapa.ninja/assets/images/1x/kuratemusic-thumb.jpg,"[""#070808"", ""#202a2b""]","{""#070808"": 0.8584, ""#202a2b"": 0.0578}",#070808,dark neutral,"sidebar, video background, large typography, feature list, grid layout, split screen","futuristic, retro, artistic",0.75,Dark neutral split screen layout with large typography and a video background.,"futuristic, artistic, dark, grid, sidebar, video-background",5
Lapa Ninja (Post),Eric Hu Studio,https://www.lapa.ninja/post/erichu-2/,https://cdn.lapa.ninja/assets/images/1x/erichu-2-thumb.jpg,"[""#060708"", ""#d2eed4""]","{""#060708"": 0.3748, ""#d2eed4"": 0.2175}",#060708,dark neutral,"icon list, sidebar, video background, card list, feature list, form","minimal, artistic, creative",0.69,Minimal layout with dark neutral tones featuring a video background and a structured card list.,"minimal, dark, artistic, video-background, card-list, creative, sidebar",6
Lapa Ninja (Post),CAHU,https://www.lapa.ninja/post/cahuparis/,https://cdn.lapa.ninja/assets/images/1x/cahuparis-thumb.jpg,"[""#e5e5e4"", ""#0c1116""]","{""#e5e5e4"": 0.5654, ""#0c1116"": 0.1973}",#e5e5e4,light gray,"rounded buttons, grid layout, sidebar, feature list, large typography, top navigation","futuristic, minimal, modern",0.75,Minimal grid layout with light gray background and large typography elements.,"minimal, modern, light-gray, grid, typography, rounded-buttons",3
Lapa Ninja (Post),Ava Protocol,https://www.lapa.ninja/post/avaprotocol/,https://cdn.lapa.ninja/assets/images/1x/avaprotocol-thumb.jpg,"[""#050405""]","{""#050405"": 0.9643}",#050405,dark neutral,"grid layout, large typography, top navigation, data table, centered hero, feature list","modern, futuristic, minimal",0.75,Modern grid layout with dark neutral tones and large typography.,"modern, grid, dark, minimal, futuristic, typography",4
Lapa Ninja (Post),neil.graphics,https://www.lapa.ninja/post/neil/,https://cdn.lapa.ninja/assets/images/1x/neil-thumb.jpg,"[""#fefefe"", ""#d0b7c5""]","{""#fefefe"": 0.694, ""#d0b7c5"": 0.0937}",#fefefe,light neutral,"pricing cards, large typography, sidebar, form, video background, carousel","creative, artistic, cool",0.75,Creative layout with light neutral background and large typography elements.,"creative, artistic, neutral, typography, pricing-cards, sidebar, carousel",7
Lapa Ninja (Post),Beepy Bella,https://www.lapa.ninja/post/beepybella/,https://cdn.lapa.ninja/assets/images/1x/beepybella-thumb.jpg,"[""#2e342d"", ""#fdfcfc""]","{""#2e342d"": 0.2468, ""#fdfcfc"": 0.4676}",#2e342d,dark gray,"video background, search bar, rounded buttons, sidebar, icon list, grid layout","artistic, cool, creative",0.62,Artistic grid layout with dark gray video background and rounded buttons.,"artistic, cool, dark-gray, grid, rounded-buttons, creative",6
Lapa Ninja (Post),Modal,https://www.lapa.ninja/post/modal/,https://cdn.lapa.ninja/assets/images/1x/modal-thumb.jpg,"[""#000000"", ""#4fdb7a""]","{""#000000"": 0.7707, ""#4fdb7a"": 0.09}",#000000,dark neutral,"large typography, grid layout, video background, pricing cards, footer, rounded buttons","modern, futuristic, cool",0.75,Modern grid layout with dark neutral background and large typography.,"modern, grid, dark, typography, video-background, rounded-buttons",4
Lapa Ninja (Post),Attio,https://www.lapa.ninja/post/attio-2/,https://cdn.lapa.ninja/assets/images/1x/attio-2-thumb.jpg,"[""#fefefe""]","{""#fefefe"": 0.949}",#fefefe,light neutral,"feature list, icon list, sidebar, large typography, two-column layout, search bar","modern, minimal, calm",0.75,Modern two-column layout with light neutral background and large typography for clarity.,"modern, minimal, calm, two-column, large-typography, sidebar",1
Lapa Ninja (Post),Mitchell Eaton,https://www.lapa.ninja/post/mitchelleaton/,https://cdn.lapa.ninja/assets/images/1x/mitchelleaton-thumb.jpg,"[""#101010"", ""#a5a7ad""]","{""#101010"": 0.4436, ""#a5a7ad"": 0.2271}",#101010,dark neutral,"video background, split screen, icon list, large typography, sidebar, rounded buttons","modern, futuristic, retro",0.72,Modern split screen layout with dark neutral video background and large typography.,"modern, split-screen, dark-neutral, video, large-typography, rounded-buttons, futuristic",5
Lapa Ninja (Post),Treize grammes,https://www.lapa.ninja/post/13g/,https://cdn.lapa.ninja/assets/images/1x/13g-thumb.jpg,"[""#141414""]","{""#141414"": 0.9444}",#141414,dark neutral,"large typography, rounded buttons, grid layout, footer, pricing cards, data table","minimal, modern, futuristic",0.75,Minimal grid layout with dark neutral tones and large typography.,"minimal, modern, dark, grid, typography, futuristic, buttons",4
Lapa Ninja (Post),Clark Hosting,https://www.lapa.ninja/post/hostwithclark/,https://cdn.lapa.ninja/assets/images/1x/hostwithclark-thumb.jpg,"[""#ffffff""]","{""#ffffff"": 0.9528}",#ffffff,light neutral,"large typography, sidebar, rounded buttons, grid layout, footer, centered hero","minimal, modern, creative",0.75,Minimal layout with light neutral tones featuring large typography and a centered hero.,"minimal, modern, light, typography, grid, creative, rounded-buttons",3
Lapa Ninja (Post),eBay Playbook,https://www.lapa.ninja/post/playbook-ebay/,https://cdn.lapa.ninja/assets/images/1x/playbook-ebay-thumb.jpg,"[""#f5c040"", ""#fefefe""]","{""#f5c040"": 0.2216, ""#fefefe"": 0.5432}",#f5c040,bright orange,"large typography, sidebar, rounded buttons, split screen, grid layout, avatar","modern, minimal, artistic",0.61,Modern split screen layout with bright orange accents and large typography.,"modern, minimal, bright-orange, split-screen, typography, grid",0
Lapa Ninja (Post),P448,https://www.lapa.ninja/post/p448/,https://cdn.lapa.ninja/assets/images/1x/p448-thumb.jpg,"[""#e4e0e5"", ""#aea9b6""]","{""#e4e0e5"": 0.3755, ""#aea9b6"": 0.2955}",#e4e0e5,light gray,"footer, rounded buttons, feature list, large typography, sidebar, grid layout","retro, minimal, cool",0.69,Minimal grid layout with light gray background and large typography elements.,"minimal, retro, light-gray, grid, typography, clean",3
Lapa Ninja (Post),ChainGPT Labs,https://www.lapa.ninja/post/chaingpt-labs/,https://cdn.lapa.ninja/assets/images/1x/chaingpt-labs-thumb.jpg,"[""#e6e6e6""]","{""#e6e6e6"": 0.8875}",#e6e6e6,light gray,"large typography, rounded buttons, cta button, grid layout, icon list, top navigation","futuristic, modern, creative",0.75,Modern grid layout with light neutral tones and large typography.,"modern, grid, light, rounded-buttons, typography, creative",3
Lapa Ninja (Post),27b,https://www.lapa.ninja/post/27-b/,https://cdn.lapa.ninja/assets/images/1x/27-b-thumb.jpg,"[""#0e0e0e"", ""#ffffff""]","{""#0e0e0e"": 0.3943, ""#ffffff"": 0.3699}",#0e0e0e,dark neutral,"large typography, pricing cards, rounded buttons, search bar, footer, sidebar","modern, futuristic, minimal",0.7,Modern layout with dark neutral tones featuring large typography and rounded buttons.,"modern, minimal, dark, typography, rounded-buttons, pricing-cards, sidebar",1
Lapa Ninja (Post),bella,https://www.lapa.ninja/post/bellakitchenware/,https://cdn.lapa.ninja/assets/images/1x/bellakitchenware-thumb.jpg,"[""#e0e5de"", ""#37bcfa""]","{""#e0e5de"": 0.6325, ""#37bcfa"": 0.1176}",#e0e5de,light muted green,"large typography, cta button, sidebar, rounded buttons, feature list, video background","minimal, modern, retro",0.75,Minimal layout with light muted green background and large typography.,"minimal, modern, light, typography, rounded-buttons, sidebar, video-background",6
Lapa Ninja (Post),Rains,https://www.lapa.ninja/post/rains-3/,https://cdn.lapa.ninja/assets/images/1x/rains-3-thumb.jpg,"[""#271d22"", ""#131216""]","{""#271d22"": 0.4391, ""#131216"": 0.3187}",#271d22,dark muted red,"rounded buttons, sidebar, feature list, top navigation, icon list, form","modern, luxury, warm",0.72,Modern layout with dark muted red sidebar and rounded buttons.,"modern, luxury, warm, dark-muted-red, sidebar, rounded-buttons",1
Lapa Ninja (Post),Artemisa Beauty,https://www.lapa.ninja/post/artemisabeauty/,https://cdn.lapa.ninja/assets/images/1x/artemisabeauty-thumb.jpg,"[""#f8f1e0"", ""#d8c9be""]","{""#f8f1e0"": 0.418, ""#d8c9be"": 0.1987}",#f8f1e0,light neutral,"large typography, grid layout, rounded buttons, sidebar, single column, form","modern, minimal, futuristic",0.71,Modern grid layout with light neutral tones and large typography.,"modern, minimal, light, grid, typography, rounded-buttons",3
Lapa Ninja (Post),Sundae Creative,https://www.lapa.ninja/post/sundaecreative/,https://cdn.lapa.ninja/assets/images/1x/sundaecreative-thumb.jpg,"[""#1f2121"", ""#fcfcfc""]","{""#1f2121"": 0.4739, ""#fcfcfc"": 0.1801}",#1f2121,dark gray,"sidebar, large typography, top navigation, icon list, feature list, split screen","modern, professional, serious",0.74,Modern split screen layout with dark gray sidebar and large typography.,"modern, professional, dark-gray, sidebar, typography, layout",0
Lapa Ninja (Post),Wodniack,https://www.lapa.ninja/post/wodniack/,https://cdn.lapa.ninja/assets/images/1x/wodniack-thumb.jpg,"[""#f30e3f"", ""#1a0101""]","{""#f30e3f"": 0.7447, ""#1a0101"": 0.0897}",#f30e3f,bright red,"large typography, sidebar, feature list, grid layout, pricing cards, footer","creative, modern, artistic",0.75,Creative grid layout with bright red typography and a structured sidebar.,"creative, modern, bright-red, grid, sidebar, artistic",7
Lapa Ninja (Post),OrbitX,https://www.lapa.ninja/post/orbitxpay/,https://cdn.lapa.ninja/assets/images/1x/orbitxpay-thumb.jpg,"[""#060608"", ""#232426""]","{""#060608"": 0.6641, ""#232426"": 0.2409}",#060608,dark neutral,"grid layout, pricing cards, rounded buttons, sidebar, avatar, split screen","modern, futuristic, luxury",0.75,Modern grid layout with dark neutral pricing cards and rounded buttons.,"modern, grid, dark, luxury, pricing-cards, rounded-buttons, sidebar",7
Lapa Ninja (Post),The Coding Train,https://www.lapa.ninja/post/thecodingtrain/,https://cdn.lapa.ninja/assets/images/1x/thecodingtrain-thumb.jpg,"[""#231e22"", ""#9e4b66""]","{""#231e22"": 0.8086, ""#9e4b66"": 0.0865}",#231e22,dark gray,"grid layout, feature list, video background, sidebar, search bar, icon list","cool, retro, futuristic",0.75,Cool retro grid layout with dark gray video background and a prominent sidebar.,"cool, retro, dark-gray, grid, sidebar, video-background",6
Lapa Ninja (Post),Wild Thingz,https://www.lapa.ninja/post/wildthingz/,https://cdn.lapa.ninja/assets/images/1x/wildthingz-thumb.jpg,"[""#0c200d"", ""#b0f43f""]","{""#0c200d"": 0.6062, ""#b0f43f"": 0.163}",#0c200d,dark neutral,"video background, avatar, sidebar, logo, large typography, footer","cool, serious, trustworthy",0.75,Serious layout with dark neutral tones featuring a video background and large typography.,"serious, cool, dark-neutral, video-background, large-typography, trustworthy",6
Lapa Ninja (Post),By Hollie Arnett,https://www.lapa.ninja/post/byholliearnett/,https://cdn.lapa.ninja/assets/images/1x/byholliearnett-thumb.jpg,"[""#f0ede3"", ""#909e90""]","{""#f0ede3"": 0.5241, ""#909e90"": 0.1976}",#f0ede3,light muted yellow,"grid layout, sidebar, large typography, rounded buttons, avatar, icon list","modern, retro, futuristic",0.75,Modern grid layout with light neutral background and large typography.,"modern, grid, light, typography, rounded-buttons, sidebar",3
Lapa Ninja (Post),Browserbase,https://www.lapa.ninja/post/browserbase/,https://cdn.lapa.ninja/assets/images/1x/browserbase-thumb.jpg,"[""#fefefe""]","{""#fefefe"": 0.945}",#fefefe,light neutral,"rounded buttons, search bar, icon list, feature list, grid layout, avatar","professional, modern, futuristic",0.75,Professional grid layout with light neutral background and rounded buttons.,"professional, modern, grid, light, rounded-buttons, clean, futuristic",2
Lapa Ninja (Post),DoThings,https://www.lapa.ninja/post/dothingsnyc-2/,https://cdn.lapa.ninja/assets/images/1x/dothingsnyc-2-thumb.jpg,"[""#a9a9a8"", ""#ffffff""]","{""#a9a9a8"": 0.3884, ""#ffffff"": 0.5018}",#a9a9a8,muted gray,"large typography, sidebar, grid layout, rounded buttons, feature list, pricing cards","creative, modern, artistic",0.69,Modern grid layout with muted gray sidebar and large typography.,"modern, grid, muted-gray, large-typography, creative, sidebar",4
Lapa Ninja (Post),Social Impact Capital,https://www.lapa.ninja/post/social-impact-capital/,https://cdn.lapa.ninja/assets/images/1x/social-impact-capital-thumb.jpg,"[""#fbfbfc"", ""#878cd9""]","{""#fbfbfc"": 0.8042, ""#878cd9"": 0.0758}",#fbfbfc,light neutral,"form, logo, illustration, two-column layout, sidebar, large typography","futuristic, cool, retro",0.75,Two-column layout with light neutral background and large typography featuring an illustration.,"neutral, two-column, illustration, large-typography, futuristic, cool",1
Lapa Ninja (Post),FABRIC,https://www.lapa.ninja/post/fabric-vc-2/,https://cdn.lapa.ninja/assets/images/1x/fabric-vc-2-thumb.jpg,"[""#f1f2f7""]","{""#f1f2f7"": 0.8759}",#f1f2f7,light neutral,"large typography, grid layout, rounded buttons, form, pricing cards, footer","futuristic, modern, vibrant",0.75,Modern grid layout with light neutral background and large typography.,"modern, grid, light, rounded-buttons, typography, pricing-cards",3
Lapa Ninja (Post),Writing Examples,https://www.lapa.ninja/post/writingexamples/,https://cdn.lapa.ninja/assets/images/1x/writingexamples-thumb.jpg,"[""#674740"", ""#fef8ec""]","{""#674740"": 0.2469, ""#fef8ec"": 0.3036}",#674740,muted red,"pricing cards, card list, icon list, grid layout, feature list, sidebar","creative, trustworthy, retro",0.62,Creative grid layout with muted red pricing cards and a structured sidebar.,"creative, retro, muted-red, grid, pricing-cards, sidebar",7
Lapa Ninja (Post),expand.ai,https://www.lapa.ninja/post/expand/,https://cdn.lapa.ninja/assets/images/1x/expand-thumb.jpg,"[""#f1f2ed""]","{""#f1f2ed"": 0.9493}",#f1f2ed,light neutral,"grid layout, large typography, rounded buttons, footer, sidebar, top navigation","minimal, modern, cool",0.75,Minimal grid layout with light neutral tones and large typography.,"minimal, modern, light, grid, typography, rounded-buttons, sidebar",3
Lapa Ninja (Post),Index,https://www.lapa.ninja/post/index-app/,https://cdn.lapa.ninja/assets/images/1x/index-app-thumb.jpg,"[""#fdfdfc""]","{""#fdfdfc"": 0.9519}",#fdfdfc,light neutral,"data table, pricing cards, rounded buttons, grid layout, feature list, chart","minimal, modern, professional",0.75,Minimal grid layout with light neutral background and rounded buttons for interactive elements.,"minimal, modern, light, grid, professional, rounded-buttons",2
Lapa Ninja (Post),BRĒZ,https://www.lapa.ninja/post/drinkbrez-2/,https://cdn.lapa.ninja/assets/images/1x/drinkbrez-2-thumb.jpg,"[""#eeeaf6"", ""#ffffff""]","{""#eeeaf6"": 0.3004, ""#ffffff"": 0.5334}",#eeeaf6,light neutral,"large typography, sidebar, single column, grid layout, video background, two-column layout","futuristic, modern, luxury",0.65,Modern single column layout with light neutral background and large typography.,"modern, grid, light, typography, luxury, futuristic",3
Lapa Ninja (Post),One Manor Place,https://www.lapa.ninja/post/omp/,https://cdn.lapa.ninja/assets/images/1x/omp-thumb.jpg,"[""#fbf4c6"", ""#fefefe""]","{""#fbf4c6"": 0.4618, ""#fefefe"": 0.2607}",#fbf4c6,light bright yellow,"rounded buttons, grid layout, sidebar, pricing cards, feature list, large typography","professional, modern, friendly",0.73,Professional grid layout with light bright yellow accents and rounded buttons.,"modern, friendly, grid, light-yellow, rounded-buttons, pricing-cards, large-typography",7
Lapa Ninja (Post),FISK,https://www.lapa.ninja/post/fiskprojects/,https://cdn.lapa.ninja/assets/images/1x/fiskprojects-thumb.jpg,"[""#f5f6ef"", ""#d5b39c""]","{""#f5f6ef"": 0.5891, ""#d5b39c"": 0.1285}",#f5f6ef,light neutral,"pricing cards, grid layout, sidebar, card list, feature list, icon list","retro, artistic, creative",0.75,Light neutral grid layout featuring pricing cards and a structured sidebar.,"retro, artistic, creative, grid, sidebar, pricing-cards",7
Lapa Ninja (Post),NOBL,https://www.lapa.ninja/post/nobl/,https://cdn.lapa.ninja/assets/images/1x/nobl-thumb.jpg,"[""#f9efe3""]","{""#f9efe3"": 0.9469}",#f9efe3,light neutral,"sidebar, rounded buttons, top navigation, feature list, large typography, centered hero","modern, trustworthy, professional",0.75,Modern layout with light neutral tones featuring a centered hero and rounded buttons.,"modern, professional, light, sidebar, rounded-buttons, typography, hero",1
Lapa Ninja (Post),HeroKit,https://www.lapa.ninja/post/herokit/,https://cdn.lapa.ninja/assets/images/1x/herokit-thumb.jpg,"[""#000000"", ""#fefca5""]","{""#000000"": 0.4625, ""#fefca5"": 0.3775}",#000000,dark neutral,"search bar, rounded buttons, video background, avatar, sidebar, form","futuristic, minimal, professional",0.73,Minimal dark layout featuring a video background and rounded buttons for interaction.,"minimal, dark, futuristic, professional, video-background, rounded-buttons",6
Lapa Ninja (Post),Davide Baratta,https://www.lapa.ninja/post/davidebaratta-2/,https://cdn.lapa.ninja/assets/images/1x/davidebaratta-2-thumb.jpg,"[""#fefefd"", ""#151413""]","{""#fefefd"": 0.6884, ""#151413"": 0.1414}",#fefefd,light neutral,"grid layout, rounded buttons, icon list, large typography, two-column layout, sidebar","modern, minimal, luxury",0.75,Modern two-column layout with dark muted gray typography and rounded buttons.,"modern, minimal, dark-muted-gray, grid, luxury, rounded-buttons",1
Lapa Ninja (Post),Valentin Cheval,https://www.lapa.ninja/post/valentincheval/,https://cdn.lapa.ninja/assets/images/1x/valentincheval-thumb.jpg,"[""#0e0d0f""]","{""#0e0d0f"": 0.8806}",#0e0d0f,dark neutral,"rounded buttons, grid layout, feature list, sidebar, footer, icon list","futuristic, modern, professional",0.75,Modern grid layout with dark neutral tones and rounded buttons.,"modern, grid, dark, rounded-buttons, professional, futuristic",2
Lapa Ninja (Post),Fabric,https://www.lapa.ninja/post/fabric-so-2/,https://cdn.lapa.ninja/assets/images/1x/fabric-so-2-thumb.jpg,"[""#f9f9f9""]","{""#f9f9f9"": 0.9562}",#f9f9f9,light neutral,"large typography, rounded buttons, grid layout, sidebar, search bar, feature list","minimal, modern, creative",0.75,Minimal grid layout with light neutral background and large typography.,"minimal, modern, light, grid, typography, rounded-buttons",3
Lapa Ninja (Post),Oakâme,https://www.lapa.ninja/post/oakame/,https://cdn.lapa.ninja/assets/images/1x/oakame-thumb.jpg,"[""#f5f0eb"", ""#d7d3cd""]","{""#f5f0eb"": 0.495, ""#d7d3cd"": 0.2539}",#f5f0eb,light neutral,"large typography, rounded buttons, pricing cards, form, data table, grid layout","minimal, modern, futuristic",0.75,Minimal grid layout with light neutral background and large typography elements.,"minimal, modern, light, grid, typography, rounded-buttons, clean",3
Lapa Ninja (Post),Genway,https://www.lapa.ninja/post/genway/,https://cdn.lapa.ninja/assets/images/1x/genway-thumb.jpg,"[""#6b5edc"", ""#fcfbfe""]","{""#6b5edc"": 0.3117, ""#fcfbfe"": 0.5206}",#6b5edc,bright blue,"rounded buttons, sidebar, feature list, avatar, centered hero, search bar","futuristic, minimal, modern",0.66,Modern layout with bright blue hero and rounded buttons alongside a sidebar.,"modern, minimal, bright-blue, rounded-buttons, sidebar, futuristic",1
Lapa Ninja (Post),shoyokoko,https://www.lapa.ninja/post/shoyokoko/,https://cdn.lapa.ninja/assets/images/1x/shoyokoko-thumb.jpg,"[""#6e6222"", ""#151015""]","{""#6e6222"": 0.3207, ""#151015"": 0.2919}",#6e6222,bright yellow,"sidebar, video background, rounded buttons, large typography, feature list, split screen","creative, futuristic, cool",0.66,Creative split screen layout with bright yellow video background and large typography.,"creative, futuristic, bright-yellow, split-screen, video-background, rounded-buttons",5
Lapa Ninja (Post),Otherlife,https://www.lapa.ninja/post/otherlife/,https://cdn.lapa.ninja/assets/images/1x/otherlife-thumb.jpg,"[""#3a201a"", ""#fefffe""]","{""#3a201a"": 0.2605, ""#fefffe"": 0.3173}",#3a201a,dark bright red,"large typography, video background, sidebar, split screen, avatar, rounded buttons","creative, modern, artistic",0.63,Creative split screen layout with dark bright red typography and rounded buttons.,"modern, artistic, dark-bright-red, split-screen, rounded-buttons, video-background",5
Lapa Ninja (Post),Humane Ai Pin,https://www.lapa.ninja/post/humane/,https://cdn.lapa.ninja/assets/images/1x/humane-thumb.jpg,"[""#676149"", ""#f2f4f4""]","{""#676149"": 0.2918, ""#f2f4f4"": 0.3447}",#676149,muted yellow,"grid layout, rounded buttons, split screen, feature list, search bar, avatar","modern, futuristic, cool",0.65,Modern split screen layout with muted yellow accents and rounded buttons.,"modern, grid, muted-yellow, rounded-buttons, futuristic, cool",0
Lapa Ninja (Post),Warp,https://www.lapa.ninja/post/warp/,https://cdn.lapa.ninja/assets/images/1x/warp-thumb.jpg,"[""#121313"", ""#242928""]","{""#121313"": 0.5612, ""#242928"": 0.2168}",#121313,dark neutral,"split screen, video background, search bar, sidebar, grid layout, icon list","minimal, modern, professional",0.75,Minimal split screen layout with dark neutral tones and a video background.,"minimal, modern, dark, professional, grid, video-background",5
Lapa Ninja (Post),PARADOX Series,https://www.lapa.ninja/post/paradox-series/,https://cdn.lapa.ninja/assets/images/1x/paradox-series-thumb.jpg,"[""#e1e2e3"", ""#c4c4bb""]","{""#e1e2e3"": 0.555, ""#c4c4bb"": 0.1259}",#e1e2e3,light gray,"grid layout, rounded buttons, two-column layout, data table, feature list, sidebar","modern, luxury, futuristic",0.75,Modern two-column layout with light gray background and rounded buttons.,"modern, grid, light-gray, rounded-buttons, luxury, futuristic",2
Lapa Ninja (Post),Onward,https://www.lapa.ninja/post/thisisonward-2/,https://cdn.lapa.ninja/assets/images/1x/thisisonward-2-thumb.jpg,"[""#f0ede9"", ""#020101""]","{""#f0ede9"": 0.575, ""#020101"": 0.2845}",#f0ede9,light neutral,"large typography, top navigation, split screen, rounded buttons, sidebar, pricing cards","modern, professional, futuristic",0.75,Modern split screen layout with light neutral background and large typography.,"modern, professional, light, split-screen, typography, rounded-buttons, pricing-cards",0
Lapa Ninja (Post),Kreatives,https://www.lapa.ninja/post/kreatives/,https://cdn.lapa.ninja/assets/images/1x/kreatives-thumb.jpg,"[""#fdfbfa"", ""#b7b7b6""]","{""#fdfbfa"": 0.5894, ""#b7b7b6"": 0.1631}",#fdfbfa,light neutral,"sidebar, large typography, grid layout, feature list, rounded buttons, avatar","modern, creative, futuristic",0.75,Modern grid layout with light neutral background and large typography.,"modern, grid, light, typography, creative, rounded-buttons",3
Lapa Ninja (Post),Jack Redley Design,https://www.lapa.ninja/post/jackredley/,https://cdn.lapa.ninja/assets/images/1x/jackredley-thumb.jpg,"[""#070607"", ""#f5f5f5""]","{""#070607"": 0.5375, ""#f5f5f5"": 0.3047}",#070607,dark neutral,"sidebar, large typography, video background, footer, feature list, search bar","modern, futuristic, creative",0.75,Modern layout with dark neutral tones featuring large typography and a video background.,"modern, dark, typography, video, sidebar, creative, futuristic",6
Lapa Ninja (Post),Leya,https://www.lapa.ninja/post/leya/,https://cdn.lapa.ninja/assets/images/1x/leya-thumb.jpg,"[""#fefeff"", ""#edbb9c""]","{""#fefeff"": 0.8885, ""#edbb9c"": 0.0564}",#fefeff,light neutral,"rounded buttons, footer, grid layout, sidebar, search bar, form","minimal, modern, professional",0.75,Minimal grid layout with light neutral background and rounded buttons.,"minimal, modern, professional, grid, rounded-buttons, footer",2
Lapa Ninja (Post),Granola,https://www.lapa.ninja/post/granola/,https://cdn.lapa.ninja/assets/images/1x/granola-thumb.jpg,"[""#fefefd"", ""#eff8db""]","{""#fefefd"": 0.8219, ""#eff8db"": 0.139}",#fefefd,light neutral,"grid layout, sidebar, rounded buttons, feature list, split screen, data table","minimal, professional, modern",0.75,Minimal grid layout with light neutral background and rounded buttons.,"minimal, professional, grid, light, rounded-buttons, modern, sidebar",2
Lapa Ninja (Post),Kino,https://www.lapa.ninja/post/shotwithkino/,https://cdn.lapa.ninja/assets/images/1x/shotwithkino-thumb.jpg,"[""#010102"", ""#1d1d2c""]","{""#010102"": 0.8213, ""#1d1d2c"": 0.1155}",#010102,dark neutral,"video background, top navigation, cta button, split screen, rounded buttons, sidebar","retro, modern, futuristic",0.75,Dark neutral split screen layout with video background and rounded buttons.,"modern, retro, dark, split-screen, video, rounded-buttons",5
Lapa Ninja (Post),Front,https://www.lapa.ninja/post/front/,https://cdn.lapa.ninja/assets/images/1x/front-2-thumb.webp,"[""#24082f"", ""#fefeff""]","{""#24082f"": 0.3883, ""#fefeff"": 0.4338}",#24082f,dark bright purple,"rounded buttons, pricing cards, sidebar, cta button, search bar, footer","modern, professional, cool",0.69,Modern layout with dark bright purple sidebar and rounded buttons.,"modern, professional, dark-purple, rounded-buttons, sidebar, cta",1
Lapa Ninja (Post),Checkmyfile,https://www.lapa.ninja/post/checkmyfile/,https://cdn.lapa.ninja/assets/images/1x/checkmyfile-thumb.webp,"[""#fafaf9"", ""#f09c6e""]","{""#fafaf9"": 0.8092, ""#f09c6e"": 0.0536}",#fafaf9,light neutral,"pricing cards, rounded buttons, sidebar, grid layout, large typography, cta button","minimal, modern, trustworthy",0.75,Minimal grid layout with light neutral background and prominent pricing cards.,"minimal, modern, neutral, pricing-cards, grid, trustworthy",7
Lapa Ninja (Post),Podia,https://www.lapa.ninja/post/podia/,https://cdn.lapa.ninja/assets/images/1x/podia-thumb.webp,"[""#f9f9f8"", ""#b0afcc""]","{""#f9f9f8"": 0.6794, ""#b0afcc"": 0.121}",#f9f9f8,light neutral,"rounded buttons, grid layout, sidebar, pricing cards, feature list, large typography","modern, minimal, professional",0.75,Modern grid layout with light neutral background and rounded buttons.,"modern, minimal, light, grid, rounded-buttons, professional",2
Lapa Ninja (Post),Gev,https://www.lapa.ninja/post/gev/,https://cdn.lapa.ninja/assets/images/1x/gev-thumb.webp,"[""#ffffff"", ""#0e0d12""]","{""#ffffff"": 0.5894, ""#0e0d12"": 0.1618}",#ffffff,light neutral,"rounded buttons, sidebar, search bar, split screen, footer, large typography","professional, modern, futuristic",0.75,Professional split screen layout with dark muted gray sidebar and large typography.,"modern, professional, dark-muted-gray, split-screen, rounded-buttons, typography",0
Lapa Ninja (Post),Monkey Talkie,https://www.lapa.ninja/post/monkeytalkie/,https://cdn.lapa.ninja/assets/images/1x/monkeytalkie-thumb.webp,"[""#040201"", ""#917248""]","{""#040201"": 0.4827, ""#917248"": 0.1787}",#040201,dark neutral,"large typography, sidebar, split screen, video background, rounded buttons, avatar","minimal, modern, creative",0.74,Minimal split screen layout with dark neutral background and large typography.,"minimal, modern, dark, split-screen, video-background, rounded-buttons",5
Lapa Ninja (Post),Busy Status Bar,https://www.lapa.ninja/post/busy-bar/,https://cdn.lapa.ninja/assets/images/1x/busy-bar-thumb.webp,"[""#f2f2f2"", ""#201717""]","{""#f2f2f2"": 0.8195, ""#201717"": 0.0684}",#f2f2f2,light neutral,"grid layout, large typography, rounded buttons, pricing cards, top navigation, sidebar","modern, professional, minimal",0.75,Modern grid layout with light neutral background and large typography.,"modern, professional, minimal, grid, typography, rounded-buttons",3
Lapa Ninja (Post),Polkadot,https://www.lapa.ninja/post/polkadot/,https://cdn.lapa.ninja/assets/images/1x/polkadot-thumb.webp,"[""#f0f4f6"", ""#241f32""]","{""#f0f4f6"": 0.62, ""#241f32"": 0.1398}",#f0f4f6,light neutral,"avatar, sidebar, grid layout, search bar, centered hero, split screen","futuristic, modern, minimal",0.75,Modern split screen layout with light neutral background and centered hero image.,"modern, minimal, light, grid, futuristic, sidebar",0
Lapa Ninja (Post),DivBlockers,https://www.lapa.ninja/post/divblockers/,https://cdn.lapa.ninja/assets/images/1x/divblockers-thumb.webp,"[""#0a0b0b"", ""#f7f7f7""]","{""#0a0b0b"": 0.8452, ""#f7f7f7"": 0.0784}",#0a0b0b,dark neutral,"rounded buttons, sidebar, top navigation, avatar, large typography, icon list","minimal, modern, bold",0.75,Minimal layout with dark neutral tones featuring large typography and a sidebar.,"minimal, modern, dark, typography, sidebar, rounded-buttons",1
Lapa Ninja (Post),Buddy,https://www.lapa.ninja/post/buddy-works-2/,https://cdn.lapa.ninja/assets/images/1x/buddy-works-2-thumb.webp,"[""#f9f9fb""]","{""#f9f9fb"": 0.9497}",#f9f9fb,light neutral,"search bar, rounded buttons, grid layout, footer, feature list, data table","minimal, modern, cool",0.75,Minimal grid layout with light neutral background and rounded buttons.,"minimal, modern, light, grid, rounded-buttons, clean",2
Lapa Ninja (Post),August Health,https://www.lapa.ninja/post/augusthealth/,https://cdn.lapa.ninja/assets/images/1x/augusthealth-thumb.webp,"[""#fcfbf9"", ""#cbb1c6""]","{""#fcfbf9"": 0.8272, ""#cbb1c6"": 0.0769}",#fcfbf9,light neutral,"rounded buttons, sidebar, feature list, search bar, grid layout, pricing cards","modern, minimal, professional",0.75,Modern grid layout with light neutral background and rounded buttons.,"modern, minimal, neutral, grid, rounded-buttons, professional",2
Lapa Ninja (Post),Mach Studio,https://www.lapa.ninja/post/mach-studio/,https://cdn.lapa.ninja/assets/images/1x/mach-studio-thumb.webp,"[""#0b0c05"", ""#98e2e0""]","{""#0b0c05"": 0.4176, ""#98e2e0"": 0.2056}",#0b0c05,dark neutral,"large typography, video background, top navigation, sidebar, split screen, feature list","futuristic, artistic, modern",0.71,Modern split screen layout with dark neutral tones and large typography.,"modern, split-screen, dark-neutral, artistic, video-background, feature-list",5
Lapa Ninja (Post),Vazzi,https://www.lapa.ninja/post/vazzi/,https://cdn.lapa.ninja/assets/images/1x/vazzi-thumb.webp,"[""#88a89d"", ""#579895""]","{""#88a89d"": 0.3904, ""#579895"": 0.384}",#88a89d,muted green,"large typography, video background, top navigation, sidebar, footer, avatar","modern, creative, cool",0.7,Modern layout featuring muted green video background with large typography and a sidebar.,"modern, creative, muted-green, video-background, typography, sidebar",6
Lapa Ninja (Post),Mathieu Crepel,https://www.lapa.ninja/post/mathieu-crepel/,https://cdn.lapa.ninja/assets/images/1x/mathieu-crepel-thumb.webp,"[""#353a47"", ""#0b0e1a""]","{""#353a47"": 0.4096, ""#0b0e1a"": 0.3141}",#353a47,dark muted blue,"top navigation, rounded buttons, grid layout, large typography, footer, sidebar","modern, minimal, trustworthy",0.7,Modern grid layout with dark muted blue theme and large typography.,"modern, minimal, dark-muted-blue, grid, typography, trustworthy, rounded-buttons",4
Lapa Ninja (Post),Unichain,https://www.lapa.ninja/post/unichain/,https://cdn.lapa.ninja/assets/images/1x/unichain-thumb.webp,"[""#f905c0"", ""#fdfcfd""]","{""#f905c0"": 0.2952, ""#fdfcfd"": 0.6721}",#f905c0,bright magenta,"large typography, pricing cards, grid layout, data table, rounded buttons, sidebar","modern, minimal, futuristic",0.65,Modern grid layout with bright magenta typography and rounded buttons.,"modern, minimal, bright-magenta, grid, typography, rounded-buttons",7
Lapa Ninja (Post),Jonathan Grado,https://www.lapa.ninja/post/jonathangrado/,https://cdn.lapa.ninja/assets/images/1x/jonathangrado-thumb.webp,"[""#080f13"", ""#e5e1dc""]","{""#080f13"": 0.7286, ""#e5e1dc"": 0.2262}",#080f13,dark neutral,"split screen, sidebar, avatar, video background, search bar, large typography","minimal, creative, artistic",0.75,Minimal split screen layout with dark neutral background and large typography.,"minimal, creative, dark, split-screen, typography, sidebar",5
Lapa Ninja (Post),GP Communication,https://www.lapa.ninja/post/gaelleperrin/,https://cdn.lapa.ninja/assets/images/1x/gaelleperrin-thumb.webp,"[""#fefefe"", ""#1b1710""]","{""#fefefe"": 0.5719, ""#1b1710"": 0.117}",#fefefe,light neutral,"single column, large typography, grid layout, rounded buttons, sidebar, video background","modern, luxury, minimal",0.75,Modern single column layout with dark accents and large typography.,"modern, minimal, dark, grid, luxury, rounded-buttons",1
Lapa Ninja (Post),Diana Toloza,https://www.lapa.ninja/post/dianatoloza/,https://cdn.lapa.ninja/assets/images/1x/dianatoloza-thumb.webp,"[""#ffffff"", ""#16110c""]","{""#ffffff"": 0.6865, ""#16110c"": 0.1255}",#ffffff,light neutral,"grid layout, rounded buttons, icon list, footer, sidebar, search bar","minimal, modern, calm",0.75,Minimal grid layout with light neutral background and rounded buttons.,"minimal, modern, calm, grid, rounded-buttons, footer, sidebar",2
Lapa Ninja (Post),Arcade AI,https://www.lapa.ninja/post/arcade-ai/,https://cdn.lapa.ninja/assets/images/1x/arcade-ai-thumb.webp,"[""#f4f3f3"", ""#b69d86""]","{""#f4f3f3"": 0.4383, ""#b69d86"": 0.1746}",#f4f3f3,light neutral,"rounded buttons, grid layout, feature list, search bar, sidebar, icon list","minimal, modern, luxury",0.72,Minimal grid layout with light neutral background and rounded buttons.,"minimal, modern, light, grid, rounded-buttons, luxury",2
Lapa Ninja (Post),Kit,https://www.lapa.ninja/post/kit/,https://cdn.lapa.ninja/assets/images/1x/kit-thumb.webp,"[""#1f1e1e"", ""#f1eee8""]","{""#1f1e1e"": 0.4524, ""#f1eee8"": 0.4351}",#1f1e1e,dark gray,"grid layout, rounded buttons, large typography, sidebar, split screen, feature list","modern, professional, minimal",0.73,Modern grid layout with dark gray tones and large typography elements.,"modern, professional, dark-gray, grid, minimal, typography",4
Lapa Ninja (Post),Shopify,https://www.lapa.ninja/post/shopify-2/,https://cdn.lapa.ninja/assets/images/1x/shopify-2-thumb.webp,"[""#020202"", ""#614e44""]","{""#020202"": 0.5149, ""#614e44"": 0.1998}",#020202,dark neutral,"feature list, search bar, sidebar, rounded buttons, avatar, icon list","modern, minimal, cool",0.75,Modern layout with dark neutral tones featuring a sidebar and rounded buttons.,"modern, minimal, dark, sidebar, rounded-buttons, feature-list",1
Lapa Ninja (Post),Pass App,https://www.lapa.ninja/post/pass-app/,https://cdn.lapa.ninja/assets/images/1x/pass-app-thumb.webp,"[""#e7ebea"", ""#affc81""]","{""#e7ebea"": 0.7724, ""#affc81"": 0.1095}",#e7ebea,light gray,"grid layout, pricing cards, cta button, rounded buttons, data table, large typography","futuristic, modern, cool",0.75,Modern grid layout with light gray background and prominent pricing cards.,"modern, grid, light-gray, pricing-cards, rounded-buttons, large-typography",7
Lapa Ninja (Post),poolside,https://www.lapa.ninja/post/poolside-ai/,https://cdn.lapa.ninja/assets/images/1x/poolside-ai-thumb.webp,"[""#121212"", ""#161527""]","{""#121212"": 0.64, ""#161527"": 0.3256}",#121212,dark neutral,"grid layout, rounded buttons, search bar, sidebar, footer, video background","modern, minimal, futuristic",0.75,Modern grid layout with dark neutral tones and rounded buttons.,"modern, minimal, dark, grid, rounded-buttons, video-background",2
Lapa Ninja (Post),Sketch,https://www.lapa.ninja/post/sketch-5/,https://cdn.lapa.ninja/assets/images/1x/sketch-5-thumb.webp,"[""#e5dbee"", ""#f7f6f7""]","{""#e5dbee"": 0.2846, ""#f7f6f7"": 0.5516}",#e5dbee,light bright purple,"rounded buttons, grid layout, split screen, search bar, video background, feature list","modern, futuristic, minimal",0.64,Modern split screen layout with light bright purple background and rounded buttons.,"modern, minimal, light-purple, grid, rounded-buttons, futuristic",0
Lapa Ninja (Post),Family Style,https://www.lapa.ninja/post/wearefamilystyle/,https://cdn.lapa.ninja/assets/images/1x/wearefamilystyle-thumb.webp,"[""#fffeff"", ""#c1b3b3""]","{""#fffeff"": 0.7527, ""#c1b3b3"": 0.084}",#fffeff,light neutral,"rounded buttons, sidebar, large typography, grid layout, feature list, search bar","cool, modern, minimal",0.75,Modern grid layout with light neutral background and large typography.,"modern, minimal, grid, light, rounded-buttons, sidebar, typography",3
Lapa Ninja (Post),Social Web Foundation,https://www.lapa.ninja/post/socialwebfoundation/,https://cdn.lapa.ninja/assets/images/1x/socialwebfoundation-thumb.webp,"[""#fefefe"", ""#cecec9""]","{""#fefefe"": 0.8334, ""#cecec9"": 0.0501}",#fefefe,light neutral,"sidebar, grid layout, rounded buttons, search bar, feature list, icon list","modern, minimal, friendly",0.75,Modern grid layout with light neutral background and rounded buttons.,"modern, minimal, light, grid, friendly, rounded-buttons",2
Lapa Ninja (Post),Patch,https://www.lapa.ninja/post/patch-io/,https://cdn.lapa.ninja/assets/images/1x/patch-io-thumb.webp,"[""#fefefd"", ""#131412""]","{""#fefefd"": 0.7429, ""#131412"": 0.1694}",#fefefd,light neutral,"sidebar, search bar, split screen, video background, rounded buttons, avatar","futuristic, trustworthy, minimal",0.75,Minimal split screen layout with dark muted gray video background and rounded buttons.,"minimal, futuristic, dark-muted-gray, split-screen, video-background, rounded-buttons",5
Lapa Ninja (Post),Nod Coding,https://www.lapa.ninja/post/nodcoding/,https://cdn.lapa.ninja/assets/images/1x/nodcoding-thumb.webp,"[""#fcfbf7"", ""#fabc88""]","{""#fcfbf7"": 0.6972, ""#fabc88"": 0.1352}",#fcfbf7,light neutral,"large typography, sidebar, grid layout, pricing cards, split screen, feature list","modern, cool, bold",0.75,Modern grid layout with light neutral background and bold typography.,"modern, grid, light, typography, sidebar, pricing-cards",3
Lapa Ninja (Post),Kernel,https://www.lapa.ninja/post/eatkernel/,https://cdn.lapa.ninja/assets/images/1x/eatkernel-thumb.webp,"[""#ba6d2f"", ""#fafbf9""]","{""#ba6d2f"": 0.1886, ""#fafbf9"": 0.4525}",#ba6d2f,bright orange,"rounded buttons, grid layout, sidebar, large typography, feature list, split screen","bold, modern, creative",0.59,Modern split screen layout with bold orange accents and large typography.,"modern, bold, orange, grid, rounded-buttons, creative, sidebar",0
Lapa Ninja (Post),Mélanie Tillie,https://www.lapa.ninja/post/melanie-tillie/,https://cdn.lapa.ninja/assets/images/1x/melanie-tillie-thumb.webp,"[""#fefeff"", ""#f5e3e6""]","{""#fefeff"": 0.7997, ""#f5e3e6"": 0.1229}",#fefeff,light neutral,"grid layout, rounded buttons, sidebar, large typography, footer, avatar","minimal, modern, friendly",0.75,Minimal grid layout with light neutral tones and large typography accents.,"minimal, modern, light, grid, friendly, typography, rounded-buttons",3
Lapa Ninja (Post),Decathlon AFLF,https://www.lapa.ninja/post/decathlon-aflf/,https://cdn.lapa.ninja/assets/images/1x/decathlon-aflf-thumb.webp,"[""#1c1d1d"", ""#fbfbfa""]","{""#1c1d1d"": 0.2312, ""#fbfbfa"": 0.3514}",#1c1d1d,dark gray,"top navigation, sidebar, feature list, avatar, icon list, grid layout","futuristic, retro, cool",0.62,Futuristic grid layout with dark gray sidebar and top navigation.,"futuristic, grid, dark-gray, sidebar, navigation, cool",4
Lapa Ninja (Post),Magicstreet,https://www.lapa.ninja/post/magicstreet/,https://cdn.lapa.ninja/assets/images/1x/magicstreet-thumb.webp,"[""#040101"", ""#1f0607""]","{""#040101"": 0.634, ""#1f0607"": 0.2115}",#040101,dark neutral,"large typography, video background, grid layout, split screen, rounded buttons, form","futuristic, minimal, modern",0.75,Modern split screen layout with dark neutral video background and large typography.,"modern, minimal, dark, grid, futuristic, rounded-buttons",5
Lapa Ninja (Post),Fig.1 Beauty,https://www.lapa.ninja/post/fig-1-2/,https://cdn.lapa.ninja/assets/images/1x/fig-1-2-thumb.webp,"[""#f9f5f4"", ""#d1b982""]","{""#f9f5f4"": 0.5644, ""#d1b982"": 0.158}",#f9f5f4,light neutral,"rounded buttons, grid layout, large typography, sidebar, split screen, two-column layout","modern, futuristic, creative",0.75,Modern split screen layout with light neutral tones and large typography.,"modern, creative, light, grid, rounded-buttons, two-column",0
Lapa Ninja (Post),Decide AI,https://www.lapa.ninja/post/decideai/,https://cdn.lapa.ninja/assets/images/1x/decideai-thumb.webp,"[""#030403"", ""#fefefe""]","{""#030403"": 0.6404, ""#fefefe"": 0.2564}",#030403,dark neutral,"data table, large typography, rounded buttons, feature list, grid layout, icon list","futuristic, modern, cool",0.75,Modern grid layout with dark neutral tones and large typography.,"modern, grid, dark-neutral, large-typography, rounded-buttons, futuristic",4
Lapa Ninja (Post),Coinshift,https://www.lapa.ninja/post/coinshift/,https://cdn.lapa.ninja/assets/images/1x/coinshift-thumb.webp,"[""#141314""]","{""#141314"": 0.8946}",#141314,dark neutral,"pricing cards, video background, cta button, rounded buttons, sidebar, search bar","modern, trustworthy, luxury",0.75,Modern layout featuring dark neutral pricing cards with rounded buttons and a video background.,"modern, dark, neutral, pricing-cards, rounded-buttons, video-background, trustworthy",7
Lapa Ninja (Post),Mother Studio,https://www.lapa.ninja/post/mother/,https://cdn.lapa.ninja/assets/images/1x/mother-thumb.webp,"[""#f0a1f4"", ""#f177a8""]","{""#f0a1f4"": 0.274, ""#f177a8"": 0.2308}",#f0a1f4,bright purple,"video background, rounded buttons, large typography, sidebar, grid layout, feature list","creative, modern, retro",0.64,Creative grid layout with bright purple video background and large typography.,"creative, modern, bright-purple, grid, video-background, rounded-buttons",6
Lapa Ninja (Post),Lâm Bảo,https://www.lapa.ninja/post/lam-bao/,https://cdn.lapa.ninja/assets/images/1x/lam-bao-thumb.webp,"[""#dbdbdb"", ""#fdfcfc""]","{""#dbdbdb"": 0.3724, ""#fdfcfc"": 0.5156}",#dbdbdb,light gray,"large typography, sidebar, icon list, search bar, two-column layout, avatar","cool, creative, friendly",0.69,Friendly two-column layout with light gray background and large typography.,"cool, creative, light-gray, two-column, typography, sidebar, friendly",1
Lapa Ninja (Post),Good Looking Design,https://www.lapa.ninja/post/goodlookingdesign/,https://cdn.lapa.ninja/assets/images/1x/goodlookingdesign-thumb.webp,"[""#1502cb"", ""#e2e2f8""]","{""#1502cb"": 0.5462, ""#e2e2f8"": 0.3674}",#1502cb,bright blue,"grid layout, sidebar, pricing cards, large typography, rounded buttons, search bar","modern, professional, cool",0.75,Modern grid layout with bright blue sidebar and large typography.,"modern, professional, bright-blue, grid, sidebar, rounded-buttons",7
Lapa Ninja (Post),Sunny Within,https://www.lapa.ninja/post/sunnywithin/,https://cdn.lapa.ninja/assets/images/1x/sunnywithin-thumb.webp,"[""#f5efdd"", ""#63aca5""]","{""#f5efdd"": 0.4003, ""#63aca5"": 0.1969}",#f5efdd,light neutral,"pricing cards, rounded buttons, grid layout, sidebar, split screen, search bar","modern, cool, creative",0.7,Modern grid layout with light neutral background and rounded buttons.,"modern, grid, light, rounded-buttons, pricing-cards, creative",2
Lapa Ninja (Post),Sound Ethics,https://www.lapa.ninja/post/soundethics/,https://cdn.lapa.ninja/assets/images/1x/soundethics-thumb.webp,"[""#121316"", ""#fdfefe""]","{""#121316"": 0.5344, ""#fdfefe"": 0.2925}",#121316,dark neutral,"large typography, sidebar, rounded buttons, video background, feature list, grid layout","futuristic, retro, cool",0.75,Dark neutral grid layout with large typography and rounded buttons.,"dark, grid, typography, rounded-buttons, futuristic, cool",4
Lapa Ninja (Post),SAPIENS,https://www.lapa.ninja/post/sapiens-vision/,https://cdn.lapa.ninja/assets/images/1x/sapiens-vision-thumb.webp,"[""#7e7a79"", ""#161513""]","{""#7e7a79"": 0.3618, ""#161513"": 0.3277}",#7e7a79,muted gray,"avatar, icon list, sidebar, split screen, large typography, search bar","minimal, futuristic, modern",0.68,Minimal split screen layout with muted gray tones and large typography elements.,"minimal, modern, muted-gray, split-screen, large-typography, sidebar",0
Lapa Ninja (Post),Rune,https://www.lapa.ninja/post/rune/,https://cdn.lapa.ninja/assets/images/1x/rune-thumb.jpg,"[""#a9aab1"", ""#fafbfc""]","{""#a9aab1"": 0.2549, ""#fafbfc"": 0.2768}",#a9aab1,muted gray,"pricing cards, data table, grid layout, video background, top navigation, form","futuristic, modern, luxury",0.63,Modern grid layout with muted gray pricing cards and a video background.,"modern, grid, muted-gray, pricing-cards, video-background, luxury",7
Lapa Ninja (Post),Nile Postgres,https://www.lapa.ninja/post/thenile/,https://cdn.lapa.ninja/assets/images/1x/thenile-thumb.webp,"[""#050505"", ""#a8cae7""]","{""#050505"": 0.8631, ""#a8cae7"": 0.0708}",#050505,dark neutral,"rounded buttons, feature list, grid layout, pricing cards, sidebar, large typography","minimal, professional, futuristic",0.75,Minimal grid layout with dark neutral tones and large typography elements.,"minimal, professional, dark, grid, typography, rounded-buttons, futuristic",4
Lapa Ninja (Post),fal.ai,https://www.lapa.ninja/post/fal/,https://cdn.lapa.ninja/assets/images/1x/fal-thumb.webp,"[""#87e4f4"", ""#fbfdf9""]","{""#87e4f4"": 0.3409, ""#fbfdf9"": 0.4044}",#87e4f4,bright teal,"pricing cards, feature list, avatar, sidebar, grid layout, large typography","modern, cool, creative",0.67,Modern grid layout with bright teal pricing cards and large typography.,"modern, grid, bright-teal, pricing-cards, large-typography, creative",7
Lapa Ninja (Post),Aptos Build,https://www.lapa.ninja/post/aptosbuild/,https://cdn.lapa.ninja/assets/images/1x/aptosbuild-thumb.webp,"[""#0c0c0c""]","{""#0c0c0c"": 0.9574}",#0c0c0c,dark neutral,"large typography, grid layout, footer, top navigation, feature list, data table","modern, futuristic, minimal",0.75,Modern grid layout with dark neutral tones and large typography.,"modern, grid, dark, minimal, typography, footer",4
Lapa Ninja (Post),ORKEN,https://www.lapa.ninja/post/orkenworld/,https://cdn.lapa.ninja/assets/images/1x/orkenworld-thumb.webp,"[""#f85910"", ""#140704""]","{""#f85910"": 0.3089, ""#140704"": 0.2825}",#f85910,bright orange,"large typography, video background, grid layout, split screen, sidebar, icon list","creative, cool, bold",0.65,Bold split screen layout with bright orange video background and large typography.,"bold, creative, bright-orange, grid, video-background, modern, sidebar",5
Lapa Ninja (Post),Oriol.Design,https://www.lapa.ninja/post/oriol/,https://cdn.lapa.ninja/assets/images/1x/oriol-thumb.webp,"[""#fefefe""]","{""#fefefe"": 0.8816}",#fefefe,light neutral,"large typography, pricing cards, grid layout, rounded buttons, footer, sidebar","professional, futuristic, minimal",0.75,Professional grid layout with light neutral background and large typography.,"professional, minimal, grid, light, typography, rounded-buttons, pricing-cards",3
Lapa Ninja (Post),Cumulus Coffee,https://www.lapa.ninja/post/cumuluscoffee/,https://cdn.lapa.ninja/assets/images/1x/cumuluscoffee-thumb.webp,"[""#160d09"", ""#ece9da""]","{""#160d09"": 0.2726, ""#ece9da"": 0.2319}",#160d09,dark neutral,"rounded buttons, grid layout, single column, pricing cards, video background, footer","modern, minimal, luxury",0.64,Modern single-column layout with dark neutral tones and rounded buttons.,"modern, minimal, dark-neutral, grid, luxury, rounded-buttons",7
Lapa Ninja (Post),CrunchDAO,https://www.lapa.ninja/post/crunchdao/,https://cdn.lapa.ninja/assets/images/1x/crunchdao-thumb.webp,"[""#101010"", ""#5f5f5f""]","{""#101010"": 0.5663, ""#5f5f5f"": 0.3006}",#101010,dark neutral,"grid layout, large typography, rounded buttons, search bar, video background, data table","minimal, modern, futuristic",0.75,Modern grid layout with dark neutral tones and large typography.,"minimal, modern, dark, grid, rounded-buttons, video-background",4
Lapa Ninja (Post),Buzzsprout,https://www.lapa.ninja/post/buzzsprout/,https://cdn.lapa.ninja/assets/images/1x/buzzsprout-thumb.webp,"[""#1e201e"", ""#f9f9f9""]","{""#1e201e"": 0.2796, ""#f9f9f9"": 0.6644}",#1e201e,dark gray,"rounded buttons, grid layout, large typography, footer, top navigation, search bar","modern, minimal, futuristic",0.64,Modern grid layout with dark gray background and large typography.,"modern, minimal, dark-gray, grid, rounded-buttons, typography",4
Lapa Ninja (Post),Anterior,https://www.lapa.ninja/post/anterior/,https://cdn.lapa.ninja/assets/images/1x/anterior-thumb.webp,"[""#1f1a23"", ""#fefcf1""]","{""#1f1a23"": 0.1964, ""#fefcf1"": 0.6759}",#1f1a23,dark muted purple,"large typography, sidebar, cta button, pricing cards, form, rounded buttons","futuristic, modern, retro",0.6,Modern layout with dark muted purple sidebar and large typography.,"modern, futuristic, dark-muted-purple, sidebar, typography, rounded-buttons",1
Lapa Ninja (Post),andhuman,https://www.lapa.ninja/post/andhuman/,https://cdn.lapa.ninja/assets/images/1x/andhuman-thumb.webp,"[""#f7f6f7"", ""#131012""]","{""#f7f6f7"": 0.6262, ""#131012"": 0.1365}",#f7f6f7,light neutral,"rounded buttons, sidebar, video background, split screen, search bar, feature list","modern, futuristic, minimal",0.75,Modern split screen layout with dark muted gray video background and rounded buttons.,"modern, minimal, dark-muted-gray, split-screen, rounded-buttons, video-background",5
Lapa Ninja (Post),AgentQL,https://www.lapa.ninja/post/agentql/,https://cdn.lapa.ninja/assets/images/1x/agentql-thumb.webp,"[""#080a0b"", ""#141725""]","{""#080a0b"": 0.7734, ""#141725"": 0.1346}",#080a0b,dark neutral,"video background, search bar, grid layout, split screen, sidebar, feature list","futuristic, modern, minimal",0.75,Modern split screen layout with dark neutral video background and a prominent search bar.,"modern, minimal, dark-neutral, grid, split-screen, video-background",5
Lapa Ninja (Post),0to100,https://www.lapa.ninja/post/0to100/,https://cdn.lapa.ninja/assets/images/1x/0to100-thumb.webp,"[""#ebebeb"", ""#343a3c""]","{""#ebebeb"": 0.5802, ""#343a3c"": 0.2267}",#ebebeb,light neutral,"rounded buttons, grid layout, search bar, pricing cards, large typography, data table","minimal, modern, futuristic",0.75,Minimal grid layout with light neutral background and large typography elements.,"minimal, modern, light, grid, typography, rounded-buttons, clean",3
Lapa Ninja (Post),Height,https://www.lapa.ninja/post/height-app-4/,https://cdn.lapa.ninja/assets/images/1x/height-app-4-thumb.webp,"[""#101011""]","{""#101011"": 0.9666}",#101011,dark neutral,"rounded buttons, large typography, grid layout, sidebar, search bar, feature list","modern, futuristic, minimal",0.75,Modern grid layout with dark neutral tones and large typography.,"modern, grid, dark, rounded-buttons, sidebar, minimal",4
Lapa Ninja (Post),Stratus Ventures,https://www.lapa.ninja/post/stratus-ventures/,https://cdn.lapa.ninja/assets/images/1x/stratus-ventures-thumb.webp,"[""#4c5856"", ""#f9f9f9""]","{""#4c5856"": 0.1805, ""#f9f9f9"": 0.6257}",#4c5856,muted gray,"large typography, sidebar, grid layout, rounded buttons, top navigation, feature list","minimal, futuristic, modern",0.59,Minimal grid layout with muted gray sidebar and large typography.,"minimal, modern, muted-gray, grid, typography, sidebar",4
Lapa Ninja (Post),Peppermint,https://www.lapa.ninja/post/paywithpeppermint/,https://cdn.lapa.ninja/assets/images/1x/paywithpeppermint-thumb.webp,"[""#131739"", ""#603fee""]","{""#131739"": 0.5118, ""#603fee"": 0.222}",#131739,dark bright blue,"pricing cards, large typography, video background, sidebar, feature list, split screen","cool, modern, retro",0.75,Modern split screen layout with dark bright blue background and large typography.,"modern, cool, dark-blue, split-screen, typography, video-background",5
Lapa Ninja (Post),A Creative Partner,https://www.lapa.ninja/post/acreativepartner-2/,https://cdn.lapa.ninja/assets/images/1x/acreativepartner-2-thumb.webp,"[""#a9a19d"", ""#fefefe""]","{""#a9a19d"": 0.2686, ""#fefefe"": 0.2857}",#a9a19d,muted gray,"sidebar, video background, rounded buttons, feature list, large typography, split screen","bold, creative, cool",0.63,Bold split screen layout with muted gray video background and large typography.,"bold, creative, muted-gray, split-screen, video-background, rounded-buttons",5
Lapa Ninja (Post),Corners,https://www.lapa.ninja/post/cornersnewyork/,https://cdn.lapa.ninja/assets/images/1x/cornersnewyork-thumb.webp,"[""#faf9f8"", ""#7e6b4c""]","{""#faf9f8"": 0.6066, ""#7e6b4c"": 0.1389}",#faf9f8,light neutral,"rounded buttons, form, sidebar, two-column layout, large typography, grid layout","modern, futuristic, artistic",0.75,Modern two-column layout with light neutral background and large typography.,"modern, two-column, light, rounded-buttons, grid, artistic",1
Lapa Ninja (Post),Freetrade,https://www.lapa.ninja/post/freetrade-3/,https://cdn.lapa.ninja/assets/images/1x/freetrade-3-thumb.webp,"[""#0b0a0b"", ""#24182f""]","{""#0b0a0b"": 0.8557, ""#24182f"": 0.0531}",#0b0a0b,dark neutral,"large typography, video background, sidebar, chart, pricing cards, grid layout","futuristic, minimal, modern",0.75,Modern grid layout with dark neutral background and large typography.,"modern, minimal, dark, grid, typography, video-background",4
Lapa Ninja (Post),MBRS,https://www.lapa.ninja/post/mb/,https://cdn.lapa.ninja/assets/images/1x/mb-thumb.webp,"[""#ebebe8"", ""#1f130a""]","{""#ebebe8"": 0.4271, ""#1f130a"": 0.1742}",#ebebe8,light gray,"large typography, sidebar, rounded buttons, grid layout, two-column layout, video background","modern, futuristic, minimal",0.71,Modern two-column layout with light gray background and large typography.,"modern, minimal, light-gray, grid, rounded-buttons, sidebar, video-background",1
Lapa Ninja (Post),Amplemarket,https://www.lapa.ninja/post/amplemarket/,https://cdn.lapa.ninja/assets/images/1x/amplemarket-thumb.webp,"[""#eae9e2"", ""#0f0f0f""]","{""#eae9e2"": 0.6696, ""#0f0f0f"": 0.2006}",#eae9e2,light muted yellow,"search bar, sidebar, split screen, top navigation, feature list, rounded buttons","modern, minimal, futuristic",0.75,Modern split screen layout with light muted yellow background and rounded buttons.,"modern, minimal, light, split-screen, rounded-buttons, sidebar",0
Lapa Ninja (Post),Max Milkin,https://www.lapa.ninja/post/max-milkin/,https://cdn.lapa.ninja/assets/images/1x/max-milkin-thumb.webp,"[""#2f3231"", ""#f5f7f6""]","{""#2f3231"": 0.1948, ""#f5f7f6"": 0.7233}",#2f3231,dark gray,"large typography, grid layout, sidebar, rounded buttons, footer, two-column layout","friendly, modern, professional",0.6,Modern two-column layout with dark gray typography and rounded buttons.,"modern, grid, dark-gray, friendly, professional, rounded-buttons",1
Lapa Ninja (Post),Mystic,https://www.lapa.ninja/post/mystic/,https://cdn.lapa.ninja/assets/images/1x/mystic-thumb.webp,"[""#141314"", ""#281c28""]","{""#141314"": 0.8024, ""#281c28"": 0.1269}",#141314,dark neutral,"large typography, grid layout, video background, avatar, split screen, centered hero","futuristic, modern, cool",0.75,Modern grid layout with dark neutral background and large typography.,"modern, grid, dark, futuristic, video-background, centered-hero",4
Lapa Ninja (Post),Qatalog,https://www.lapa.ninja/post/qatalog-5/,https://cdn.lapa.ninja/assets/images/1x/qatalog-5-thumb.webp,"[""#f2f4f4""]","{""#f2f4f4"": 0.964}",#f2f4f4,light neutral,"large typography, grid layout, rounded buttons, top navigation, avatar, search bar","minimal, modern, creative",0.75,Minimal grid layout with light neutral background and large typography.,"minimal, modern, light, grid, typography, rounded-buttons",3
Lapa Ninja (Post),Eisku,https://www.lapa.ninja/post/eisku/,https://cdn.lapa.ninja/assets/images/1x/eisku-thumb.webp,"[""#cac7c6"", ""#fefefe""]","{""#cac7c6"": 0.2734, ""#fefefe"": 0.3466}",#cac7c6,light gray,"rounded buttons, grid layout, footer, feature list, large typography, data table","modern, creative, minimal",0.64,Modern grid layout with light gray tones and large typography elements.,"modern, minimal, light-gray, grid, rounded-buttons, creative",3
Lapa Ninja (Post),Brightscout,https://www.lapa.ninja/post/brightscout-3/,https://cdn.lapa.ninja/assets/images/1x/brightscout-3-thumb.webp,"[""#111111"", ""#f1f2eb""]","{""#111111"": 0.5546, ""#f1f2eb"": 0.3996}",#111111,dark neutral,"large typography, rounded buttons, top navigation, search bar, grid layout, split screen","futuristic, cool, modern",0.75,Modern split screen layout with dark neutral tones and large typography.,"modern, futuristic, dark, grid, rounded-buttons, top-navigation",0
Lapa Ninja (Post),Better Stack,https://www.lapa.ninja/post/betterstack/,https://cdn.lapa.ninja/assets/images/1x/betterstack-thumb.webp,"[""#0c0b11""]","{""#0c0b11"": 0.9576}",#0c0b11,dark neutral,"large typography, grid layout, rounded buttons, top navigation, split screen, sidebar","futuristic, modern, minimal",0.75,Modern grid layout with dark neutral tones and large typography.,"modern, minimal, dark, grid, typography, futuristic, sidebar",4
Lapa Ninja (Post),Iván Willenberg,https://www.lapa.ninja/post/ivanwillenberg/,https://cdn.lapa.ninja/assets/images/1x/ivanwillenberg-thumb.webp,"[""#0a0a0a"", ""#37373a""]","{""#0a0a0a"": 0.4587, ""#37373a"": 0.2095}",#0a0a0a,dark neutral,"large typography, grid layout, avatar, split screen, video background, sidebar","artistic, modern, minimal",0.73,Modern grid layout with dark neutral tones and large typography.,"modern, grid, dark, artistic, minimal, sidebar",4
Lapa Ninja (Post),Yann Kubacki,https://www.lapa.ninja/post/yannkubacki/,https://cdn.lapa.ninja/assets/images/1x/yannkubacki-thumb.webp,"[""#ededee"", ""#989591""]","{""#ededee"": 0.8815, ""#989591"": 0.0574}",#ededee,light neutral,"grid layout, rounded buttons, large typography, footer, split screen, sidebar","minimal, modern, futuristic",0.75,Minimal grid layout with light neutral tones and large typography.,"minimal, modern, light, grid, typography, clean, sidebar",3
Lapa Ninja (Post),Sellix,https://www.lapa.ninja/post/sellix/,https://cdn.lapa.ninja/assets/images/1x/sellix-thumb.webp,"[""#0f0f11"", ""#2a2148""]","{""#0f0f11"": 0.8758, ""#2a2148"": 0.0711}",#0f0f11,dark neutral,"large typography, top navigation, search bar, grid layout, avatar, footer","futuristic, modern, minimal",0.75,Modern grid layout with dark neutral tones and large typography.,"modern, grid, dark, minimal, typography, futuristic",4
Lapa Ninja (Post),Spaag,https://www.lapa.ninja/post/spaag/,https://cdn.lapa.ninja/assets/images/1x/spaag-thumb.webp,"[""#7fce82"", ""#fefefe""]","{""#7fce82"": 0.4268, ""#fefefe"": 0.2997}",#7fce82,bright green,"footer, rounded buttons, sidebar, pricing cards, feature list, form","modern, luxury, futuristic",0.71,Modern layout with bright green pricing cards and rounded buttons.,"modern, luxury, bright-green, rounded-buttons, pricing-cards, sidebar",7
Lapa Ninja (Post),PIVOT,https://www.lapa.ninja/post/pivotmade/,https://cdn.lapa.ninja/assets/images/1x/pivotmade-thumb.webp,"[""#201e1d"", ""#58453b""]","{""#201e1d"": 0.4724, ""#58453b"": 0.18}",#201e1d,dark gray,"sidebar, grid layout, split screen, rounded buttons, feature list, search bar","professional, modern, futuristic",0.74,Professional split screen layout with dark gray sidebar and rounded buttons.,"professional, modern, dark-gray, grid, rounded-buttons, split-screen",0
Lapa Ninja (Post),Eraser,https://www.lapa.ninja/post/eraser/,https://cdn.lapa.ninja/assets/images/1x/eraser-thumb.webp,"[""#111212""]","{""#111212"": 0.952}",#111212,dark neutral,"sidebar, feature list, grid layout, data table, search bar, icon list","modern, professional, minimal",0.75,Modern grid layout with dark neutral sidebar and organized feature list.,"modern, professional, minimal, grid, sidebar, feature-list",1
Lapa Ninja (Post),Retool,https://www.lapa.ninja/post/retool-3/,https://cdn.lapa.ninja/assets/images/1x/retool-3-thumb.webp,"[""#131312"", ""#f0f6f5""]","{""#131312"": 0.5987, ""#f0f6f5"": 0.2314}",#131312,dark neutral,"search bar, grid layout, top navigation, feature list, data table, large typography","minimal, modern, futuristic",0.75,Minimal grid layout with dark neutral tones and large typography for clear visibility.,"minimal, modern, dark, grid, typography, clean",4
Lapa Ninja (Post),Atlas,https://www.lapa.ninja/post/atlas/,https://cdn.lapa.ninja/assets/images/1x/atlas-thumb.webp,"[""#fdfdfd"", ""#bfdbf3""]","{""#fdfdfd"": 0.6609, ""#bfdbf3"": 0.1247}",#fdfdfd,light neutral,"grid layout, large typography, rounded buttons, pricing cards, feature list, sidebar","modern, futuristic, creative",0.75,Modern grid layout with light neutral background and large typography.,"modern, grid, light, typography, rounded-buttons, creative",3
Lapa Ninja (Post),Departure Mono,https://www.lapa.ninja/post/departuremono/,https://cdn.lapa.ninja/assets/images/1x/departuremono-thumb.webp,"[""#ecedec"", ""#363635""]","{""#ecedec"": 0.7768, ""#363635"": 0.1302}",#ecedec,light neutral,"pricing cards, grid layout, two-column layout, data table, large typography, rounded buttons","modern, minimal, professional",0.75,Modern two-column layout with light neutral background and prominent pricing cards.,"modern, minimal, light, grid, professional, rounded-buttons",7
Lapa Ninja (Post),Sweety Ice Cream,https://www.lapa.ninja/post/sweetyicecream/,https://cdn.lapa.ninja/assets/images/1x/sweetyicecream-thumb.webp,"[""#fad9a1"", ""#1d59e8""]","{""#fad9a1"": 0.4053, ""#1d59e8"": 0.2001}",#fad9a1,bright orange,"rounded buttons, feature list, sidebar, pricing cards, video background, grid layout","luxury, retro, cool",0.7,Retro grid layout with bright orange feature list and rounded buttons.,"retro, luxury, bright-orange, grid, rounded-buttons, video-background",7
Lapa Ninja (Post),Terra,https://www.lapa.ninja/post/terrainnovation/,https://cdn.lapa.ninja/assets/images/1x/terrainnovation-thumb.webp,"[""#ffffff"", ""#dfdbd5""]","{""#ffffff"": 0.701, ""#dfdbd5"": 0.1553}",#ffffff,light neutral,"grid layout, pricing cards, avatar, feature list, split screen, rounded buttons","futuristic, minimal, modern",0.75,Minimal grid layout with light neutral background and rounded buttons for pricing cards.,"minimal, modern, light, grid, rounded-buttons, futuristic, clean",2
Lapa Ninja (Post),MindPalace,https://www.lapa.ninja/post/mindpalace/,https://cdn.lapa.ninja/assets/images/1x/mindpalace-thumb.webp,"[""#1a1212"", ""#f7f9f6""]","{""#1a1212"": 0.1817, ""#f7f9f6"": 0.4578}",#1a1212,dark muted red,"sidebar, grid layout, large typography, split screen, search bar, rounded buttons","minimal, modern, cool",0.59,Minimal grid layout with dark muted red sidebar and large typography.,"minimal, modern, dark-red, grid, sidebar, typography, rounded-buttons",4
Lapa Ninja (Post),HYVE.SYSTEMS,https://www.lapa.ninja/post/hyve/,https://cdn.lapa.ninja/assets/images/1x/hyve-thumb.webp,"[""#131519"", ""#f3f7f6""]","{""#131519"": 0.6647, ""#f3f7f6"": 0.2347}",#131519,dark muted blue,"rounded buttons, sidebar, large typography, grid layout, search bar, pricing cards","futuristic, trustworthy, modern",0.75,Modern grid layout with dark muted blue sidebar and large typography.,"modern, grid, dark-muted-blue, rounded-buttons, sidebar, trustworthy",4
Lapa Ninja (Post),GitButler,https://www.lapa.ninja/post/gitbutler/,https://cdn.lapa.ninja/assets/images/1x/gitbutler-thumb.webp,"[""#f5f6f4"", ""#8be6de""]","{""#f5f6f4"": 0.7968, ""#8be6de"": 0.0995}",#f5f6f4,light neutral,"grid layout, rounded buttons, pricing cards, large typography, two-column layout, footer","minimal, modern, professional",0.75,Minimal grid layout with light neutral background and large typography.,"minimal, modern, professional, grid, typography, rounded-buttons",3
Lapa Ninja (Post),Galxe,https://www.lapa.ninja/post/galxe/,https://cdn.lapa.ninja/assets/images/1x/galxe-thumb.webp,"[""#07040d"", ""#6c15e6""]","{""#07040d"": 0.5854, ""#6c15e6"": 0.1368}",#07040d,dark neutral,"grid layout, video background, large typography, feature list, form, rounded buttons","futuristic, modern, minimal",0.75,Modern grid layout with dark neutral background and large typography.,"modern, grid, dark, futuristic, minimal, rounded-buttons",4
Lapa Ninja (Post),Echo and Nate,https://www.lapa.ninja/post/echoandnate/,https://cdn.lapa.ninja/assets/images/1x/echoandnate-thumb.webp,"[""#0c101d"", ""#63a3a9""]","{""#0c101d"": 0.5755, ""#63a3a9"": 0.1754}",#0c101d,dark neutral,"sidebar, avatar, video background, split screen, icon list, feature list","bold, artistic, creative",0.75,Bold split screen layout with dark neutral background and video background elements.,"bold, artistic, dark-neutral, split-screen, video, creative",5
Lapa Ninja (Post),Built for Archives,https://www.lapa.ninja/post/builtforarchives/,https://cdn.lapa.ninja/assets/images/1x/builtforarchives-thumb.webp,"[""#f5f6f6"", ""#e72a44""]","{""#f5f6f6"": 0.8083, ""#e72a44"": 0.121}",#f5f6f6,light neutral,"large typography, feature list, sidebar, two-column layout, icon list, rounded buttons","minimal, modern, futuristic",0.75,Minimal two-column layout with light neutral background and large typography.,"minimal, modern, light, two-column, typography, rounded-buttons",1
Lapa Ninja (Post),The Arena,https://www.lapa.ninja/post/th3arena/,https://cdn.lapa.ninja/assets/images/1x/th3arena-thumb.webp,"[""#060507"", ""#3b2a46""]","{""#060507"": 0.761, ""#3b2a46"": 0.0977}",#060507,dark neutral,"sidebar, split screen, video background, feature list, rounded buttons, grid layout","modern, cool, minimal",0.75,Modern split screen layout with dark neutral video background and rounded buttons.,"modern, split-screen, dark-neutral, video-background, rounded-buttons, minimal",5
Lapa Ninja (Post),Stripe Dot Dev,https://www.lapa.ninja/post/stripe-dev/,https://cdn.lapa.ninja/assets/images/1x/stripe-dev-thumb.webp,"[""#f3eff5"", ""#cdccd0""]","{""#f3eff5"": 0.8688, ""#cdccd0"": 0.06}",#f3eff5,light neutral,"large typography, data table, top navigation, rounded buttons, pricing cards, footer","modern, futuristic, luxury",0.75,Modern layout with light neutral tones featuring large typography and rounded buttons.,"modern, light, typography, rounded-buttons, data-table, luxury",1
Lapa Ninja (Post),Delcap,https://www.lapa.ninja/post/delcap/,https://cdn.lapa.ninja/assets/images/1x/delcap-thumb.webp,"[""#f9fcfe"", ""#c7dbef""]","{""#f9fcfe"": 0.5338, ""#c7dbef"": 0.1526}",#f9fcfe,light neutral,"grid layout, rounded buttons, pricing cards, large typography, footer, form","minimal, modern, professional",0.75,Minimal grid layout with light neutral background and prominent pricing cards.,"minimal, modern, light, grid, professional, pricing-cards",7
Lapa Ninja (Post),Earthr,https://www.lapa.ninja/post/earthr-3/,https://cdn.lapa.ninja/assets/images/1x/earthr-3-thumb.webp,"[""#0c0b0e"", ""#fefefe""]","{""#0c0b0e"": 0.438, ""#fefefe"": 0.4502}",#0c0b0e,dark neutral,"large typography, rounded buttons, form, footer, split screen, feature list","futuristic, modern, cool",0.72,Modern split screen layout with dark neutral tones and large typography.,"modern, split-screen, dark-neutral, large-typography, rounded-buttons, futuristic",0
Lapa Ninja (Post),Morgenmete,https://www.lapa.ninja/post/morgenmete/,https://cdn.lapa.ninja/assets/images/1x/morgenmete-thumb.webp,"[""#f1e5ca"", ""#251a28""]","{""#f1e5ca"": 0.4987, ""#251a28"": 0.1942}",#f1e5ca,light bright orange,"rounded buttons, sidebar, large typography, footer, video background, grid layout","modern, creative, minimal",0.75,Modern grid layout with light bright orange background and large typography.,"modern, creative, minimal, light-orange, grid, rounded-buttons",4
Lapa Ninja (Post),we_sounds,https://www.lapa.ninja/post/we-sounds/,https://cdn.lapa.ninja/assets/images/1x/we-sounds-thumb.webp,"[""#000000"", ""#fefefe""]","{""#000000"": 0.7887, ""#fefefe"": 0.1777}",#000000,dark neutral,"video background, rounded buttons, sidebar, icon list, avatar, feature list","minimal, cool, futuristic",0.75,Minimal layout with dark neutral video background and rounded buttons.,"minimal, cool, dark, futuristic, video-background, rounded-buttons, sidebar",6
Lapa Ninja (Post),The Garage,https://www.lapa.ninja/post/thegarage/,https://cdn.lapa.ninja/assets/images/1x/thegarage-thumb.webp,"[""#f6f6f6""]","{""#f6f6f6"": 0.9237}",#f6f6f6,light neutral,"large typography, pricing cards, sidebar, icon list, top navigation, grid layout","cool, modern, minimal",0.75,Modern grid layout with light neutral background and large typography.,"modern, minimal, grid, light, typography, pricing-cards",3
Lapa Ninja (Post),Talgh,https://www.lapa.ninja/post/talgh/,https://cdn.lapa.ninja/assets/images/1x/talgh-thumb.webp,"[""#e4e4e3"", ""#151312""]","{""#e4e4e3"": 0.357, ""#151312"": 0.271}",#e4e4e3,light gray,"large typography, rounded buttons, top navigation, form, single column, footer","futuristic, modern, minimal",0.68,Modern single column layout with light gray background and large typography.,"modern, minimal, light-gray, typography, rounded-buttons, footer",1
Lapa Ninja (Post),Switch-Lit,https://www.lapa.ninja/post/switch-lit/,https://cdn.lapa.ninja/assets/images/1x/switch-lit-thumb.webp,"[""#f7f7f4""]","{""#f7f7f4"": 0.8977}",#f7f7f4,light neutral,"grid layout, rounded buttons, large typography, sidebar, data table, pricing cards","minimal, modern, professional",0.75,Minimal grid layout with light neutral tones and large typography.,"minimal, modern, professional, grid, typography, rounded-buttons",3
Lapa Ninja (Post),Privy,https://www.lapa.ninja/post/privy/,https://cdn.lapa.ninja/assets/images/1x/privy-thumb.webp,"[""#e9e4f5"", ""#fbfafc""]","{""#e9e4f5"": 0.2133, ""#fbfafc"": 0.736}",#e9e4f5,light neutral,"grid layout, rounded buttons, search bar, feature list, sidebar, large typography","modern, minimal, futuristic",0.61,Modern grid layout with light neutral tones and large typography elements.,"modern, minimal, light, grid, typography, rounded-buttons, sidebar",3
Lapa Ninja (Post),Arcadia,https://www.lapa.ninja/post/playarcadia/,https://cdn.lapa.ninja/assets/images/1x/playarcadia-thumb.webp,"[""#111011"", ""#444143""]","{""#111011"": 0.5373, ""#444143"": 0.2404}",#111011,dark neutral,"video background, grid layout, split screen, rounded buttons, large typography, sidebar","modern, cool, professional",0.75,Modern split screen layout with dark neutral video background and large typography.,"modern, professional, dark, grid, video-background, rounded-buttons, typography",5
Lapa Ninja (Post),Gestisoft,https://www.lapa.ninja/post/gestisoft/,https://cdn.lapa.ninja/assets/images/1x/gestisoft-thumb.webp,"[""#fba517"", ""#fefefe""]","{""#fba517"": 0.3786, ""#fefefe"": 0.5257}",#fba517,bright orange,"grid layout, rounded buttons, large typography, sidebar, split screen, footer","modern, professional, futuristic",0.69,Modern grid layout with bright orange sidebar and large typography.,"modern, professional, bright-orange, grid, rounded-buttons, futuristic",4
Lapa Ninja (Post),Fol,https://www.lapa.ninja/post/fol-2/,https://cdn.lapa.ninja/assets/images/1x/fol-2-thumb.webp,"[""#505050"", ""#ffffff""]","{""#505050"": 0.2303, ""#ffffff"": 0.4531}",#505050,muted gray,"large typography, video background, split screen, sidebar, grid layout, avatar","minimal, modern, artistic",0.62,Minimal split screen layout with muted gray typography and a video background.,"minimal, modern, muted-gray, split-screen, video-background, grid",5
Lapa Ninja (Post),Dan Tase,https://www.lapa.ninja/post/dantase/,https://cdn.lapa.ninja/assets/images/1x/dantase-thumb.webp,"[""#fcfbfb""]","{""#fcfbfb"": 0.8911}",#fcfbfb,light neutral,"grid layout, large typography, rounded buttons, pricing cards, feature list, sidebar","minimal, modern, professional",0.75,Minimal grid layout with light neutral background and large typography.,"minimal, modern, professional, grid, typography, rounded-buttons",3
Lapa Ninja (Post),Creativecom,https://www.lapa.ninja/post/creativecom/,https://cdn.lapa.ninja/assets/images/1x/creativecom-thumb.webp,"[""#171717""]","{""#171717"": 0.935}",#171717,dark gray,"sidebar, feature list, centered hero, split screen, pricing cards, grid layout","modern, futuristic, friendly",0.75,Modern split screen layout with dark gray sidebar and centered hero.,"modern, dark-gray, split-screen, grid, friendly, layout",0
Lapa Ninja (Post),Antonio Calvo,https://www.lapa.ninja/post/antoniocalvoartandsoul/,https://cdn.lapa.ninja/assets/images/1x/antoniocalvoartandsoul-thumb.webp,"[""#030202"", ""#222123""]","{""#030202"": 0.4509, ""#222123"": 0.3081}",#030202,dark neutral,"large typography, avatar, video background, icon list, feature list, sidebar","artistic, creative, professional",0.73,Artistic layout with dark neutral tones featuring large typography and a video background.,"artistic, creative, dark-neutral, typography, video-background, professional",6
Lapa Ninja (Post),Alligator Studio,https://www.lapa.ninja/post/alligatorstudio/,https://cdn.lapa.ninja/assets/images/1x/alligatorstudio-thumb.webp,"[""#020202"", ""#1e1d1b""]","{""#020202"": 0.6873, ""#1e1d1b"": 0.1684}",#020202,dark neutral,"sidebar, avatar, video background, feature list, footer, large typography","minimal, futuristic, cool",0.75,Minimal layout with dark neutral tones featuring large typography and a video background.,"minimal, dark, futuristic, video-background, typography, sidebar",6
Lapa Ninja (Post),ALF,https://www.lapa.ninja/post/alittlefly/,https://cdn.lapa.ninja/assets/images/1x/alittlefly-thumb.webp,"[""#bfbcad"", ""#ffffff""]","{""#bfbcad"": 0.1968, ""#ffffff"": 0.3385}",#bfbcad,muted yellow,"grid layout, sidebar, avatar, feature list, hero image, icon list","minimal, modern, artistic",0.6,Minimal grid layout with muted yellow sidebar and featured hero image.,"minimal, modern, muted-yellow, grid, sidebar, artistic",4
Lapa Ninja (Post),admilk,https://www.lapa.ninja/post/admilk/,https://cdn.lapa.ninja/assets/images/1x/admilk-thumb.webp,"[""#020201"", ""#faf9f3""]","{""#020201"": 0.4908, ""#faf9f3"": 0.3686}",#020201,dark neutral,"sidebar, large typography, video background, footer, avatar, search bar","futuristic, modern, bold",0.75,Modern layout with dark neutral tones featuring large typography and a video background.,"modern, bold, dark, futuristic, typography, video-background, sidebar",6
Lapa Ninja (Post),hey.Valentin,https://www.lapa.ninja/post/heyvalentin-2/,https://cdn.lapa.ninja/assets/images/1x/heyvalentin-2-thumb.webp,"[""#111112"", ""#fae5e1""]","{""#111112"": 0.8212, ""#fae5e1"": 0.1085}",#111112,dark neutral,"grid layout, sidebar, pricing cards, footer, card list, search bar","modern, artistic, creative",0.75,Modern grid layout with dark neutral tones and a prominent sidebar.,"modern, grid, dark, sidebar, pricing-cards, creative",7
Lapa Ninja (Post),CRSL Carosello Lab,https://www.lapa.ninja/post/crsl/,https://cdn.lapa.ninja/assets/images/1x/crsl-thumb.webp,"[""#19140f"", ""#f5f3ef""]","{""#19140f"": 0.3585, ""#f5f3ef"": 0.2093}",#19140f,dark neutral,"split screen, grid layout, sidebar, video background, large typography, search bar","minimal, modern, bold",0.68,Minimal split screen layout with dark neutral background and large typography.,"minimal, modern, dark, grid, video-background, bold, sidebar",5
Lapa Ninja (Post),Bad Omens,https://www.lapa.ninja/post/badomensofficial/,https://cdn.lapa.ninja/assets/images/1x/badomensofficial-thumb.webp,"[""#141415"", ""#2e2c2d""]","{""#141415"": 0.6555, ""#2e2c2d"": 0.1747}",#141415,dark gray,"sidebar, video background, large typography, centered hero, split screen, grid layout","minimal, futuristic, modern",0.75,Minimal split screen layout with dark gray background and large typography.,"minimal, modern, dark-gray, split-screen, grid, video-background",5
Lapa Ninja (Post),BUTT STUDIO,https://www.lapa.ninja/post/butt-studio/,https://cdn.lapa.ninja/assets/images/1x/butt-studio-thumb.webp,"[""#bca9bb"", ""#fcfcfc""]","{""#bca9bb"": 0.2076, ""#fcfcfc"": 0.4248}",#bca9bb,muted magenta,"sidebar, video background, large typography, split screen, feature list, icon list","futuristic, modern, artistic",0.6,Modern split screen layout with muted magenta typography and a video background.,"modern, artistic, muted-magenta, split-screen, video-background, large-typography",5
Lapa Ninja (Post),Roxane Hassler,https://www.lapa.ninja/post/roxanehassler/,https://cdn.lapa.ninja/assets/images/1x/roxanehassler-thumb.webp,"[""#171717"", ""#f3f3f3""]","{""#171717"": 0.216, ""#f3f3f3"": 0.7585}",#171717,dark gray,"pricing cards, grid layout, rounded buttons, avatar, large typography, sidebar","minimal, modern, professional",0.61,Minimal grid layout with dark gray pricing cards and rounded buttons.,"minimal, modern, dark-gray, grid, professional, pricing-cards",7
Lapa Ninja (Post),The OCT Game,https://www.lapa.ninja/post/theoct/,https://cdn.lapa.ninja/assets/images/1x/theoct-thumb.webp,"[""#020202"", ""#808986""]","{""#020202"": 0.7365, ""#808986"": 0.0855}",#020202,dark neutral,"top navigation, avatar, sidebar, icon list, large typography, video background","futuristic, modern, minimal",0.75,Modern layout with dark neutral tones featuring large typography and a video background.,"modern, minimal, dark, futuristic, typography, video-background",6
Lapa Ninja (Post),Horatio,https://www.lapa.ninja/post/hirehoratio/,https://cdn.lapa.ninja/assets/images/1x/hirehoratio-thumb.webp,"[""#f7f4ef"", ""#282420""]","{""#f7f4ef"": 0.4601, ""#282420"": 0.2853}",#f7f4ef,light neutral,"sidebar, rounded buttons, feature list, icon list, cta button, search bar","trustworthy, bold, friendly",0.73,Trustworthy layout with light neutral tones featuring a sidebar and rounded buttons.,"trustworthy, friendly, light, sidebar, rounded-buttons, feature-list, cta-button",1
Lapa Ninja (Post),Big Human,https://www.lapa.ninja/post/bighuman-2/,https://cdn.lapa.ninja/assets/images/1x/bighuman-2-thumb.webp,"[""#0a070e"", ""#ffffff""]","{""#0a070e"": 0.2033, ""#ffffff"": 0.6438}",#0a070e,dark neutral,"video background, sidebar, feature list, pricing cards, split screen, rounded buttons","professional, cool, futuristic",0.6,Professional split screen layout with dark neutral video background and rounded buttons.,"professional, cool, dark-neutral, split-screen, rounded-buttons, futuristic",5
Lapa Ninja (Post),Aave,https://www.lapa.ninja/post/aave-2/,https://cdn.lapa.ninja/assets/images/1x/aave-2-thumb.webp,"[""#fefefe"", ""#99c1f1""]","{""#fefefe"": 0.8694, ""#99c1f1"": 0.0573}",#fefefe,light neutral,"rounded buttons, grid layout, large typography, pricing cards, footer, search bar","minimal, modern, futuristic",0.75,Minimal grid layout with light neutral background and large typography for clear pricing cards.,"minimal, modern, neutral, grid, typography, pricing-cards, rounded-buttons",3
Lapa Ninja (Post),Sketch Blog,https://www.lapa.ninja/post/sketch-blog/,https://cdn.lapa.ninja/assets/images/1x/sketch-blog-thumb.webp,"[""#dae9de"", ""#fffeff""]","{""#dae9de"": 0.3062, ""#fffeff"": 0.4473}",#dae9de,light muted green,"grid layout, split screen, sidebar, rounded buttons, video background, two-column layout","modern, futuristic, retro",0.65,Modern split screen layout with light muted green background and rounded buttons.,"modern, grid, light-muted-green, rounded-buttons, sidebar, video-background",0
Lapa Ninja (Post),Claynosaurz,https://www.lapa.ninja/post/claynosaurz/,https://cdn.lapa.ninja/assets/images/1x/claynosaurz-thumb.webp,"[""#b5855b"", ""#fcfeef""]","{""#b5855b"": 0.2829, ""#fcfeef"": 0.3202}",#b5855b,bright orange,"pricing cards, rounded buttons, video background, avatar, feature list, card list","creative, cool, playful",0.64,Playful layout with bright orange pricing cards and rounded buttons.,"playful, creative, bright-orange, rounded-buttons, video-background, card-list",7
Lapa Ninja (Post),Théâtre-Sénart,https://www.lapa.ninja/post/theatre-senart/,https://cdn.lapa.ninja/assets/images/1x/theatre-senart-thumb.webp,"[""#9e5477"", ""#110e19""]","{""#9e5477"": 0.4418, ""#110e19"": 0.2901}",#9e5477,muted red,"video background, sidebar, split screen, feature list, footer, grid layout","friendly, modern, cool",0.72,Modern split screen layout with muted red video background and a structured feature list.,"modern, split-screen, muted-red, video-background, grid, friendly",5
Lapa Ninja (Post),Rodeo Club,https://www.lapa.ninja/post/rodeo/,https://cdn.lapa.ninja/assets/images/1x/rodeo-thumb.webp,"[""#eeeeef"", ""#c791ef""]","{""#eeeeef"": 0.8337, ""#c791ef"": 0.0643}",#eeeeef,light neutral,"sidebar, pricing cards, feature list, grid layout, icon list, video background","cool, professional, creative",0.75,Professional grid layout with light neutral background and sidebar navigation.,"professional, grid, light, sidebar, pricing-cards, creative",7
Lapa Ninja (Post),Piccalilli,https://www.lapa.ninja/post/piccalilli/,https://cdn.lapa.ninja/assets/images/1x/piccalilli-thumb.webp,"[""#141212"", ""#fac80e""]","{""#141212"": 0.8183, ""#fac80e"": 0.1031}",#141212,dark neutral,"large typography, grid layout, sidebar, rounded buttons, two-column layout, pricing cards","modern, professional, minimal",0.75,Modern grid layout with dark neutral tones and large typography.,"modern, professional, dark, grid, typography, minimal",4
Lapa Ninja (Post),Webisoft,https://www.lapa.ninja/post/webisoft/,https://cdn.lapa.ninja/assets/images/1x/webisoft-thumb.webp,"[""#cc403b"", ""#959595""]","{""#cc403b"": 0.2783, ""#959595"": 0.2767}",#cc403b,bright red,"logo, video background, avatar, sidebar, grid layout, icon list","professional, retro, futuristic",0.64,Professional grid layout with bright red video background and sidebar elements.,"professional, retro, bright-red, grid, video-background, sidebar, modern",6
Lapa Ninja (Post),Intrepid Automation,https://www.lapa.ninja/post/intrepidautomation/,https://cdn.lapa.ninja/assets/images/1x/intrepidautomation-thumb.webp,"[""#ebf1ea"", ""#040403""]","{""#ebf1ea"": 0.5598, ""#040403"": 0.3423}",#ebf1ea,light neutral,"large typography, pricing cards, data table, video background, search bar, feature list","modern, minimal, futuristic",0.75,Modern layout with light neutral background featuring large typography and pricing cards.,"modern, minimal, light, typography, pricing-cards, data-table, futuristic",7
Lapa Ninja (Post),Cake Equity,https://www.lapa.ninja/post/cakeequity/,https://cdn.lapa.ninja/assets/images/1x/cakeequity-thumb.webp,"[""#fafafc"", ""#c8d1fa""]","{""#fafafc"": 0.6524, ""#c8d1fa"": 0.1697}",#fafafc,light neutral,"grid layout, rounded buttons, pricing cards, footer, search bar, sidebar","minimal, modern, professional",0.75,Minimal grid layout with light neutral background and rounded buttons for interaction.,"minimal, modern, light, grid, rounded-buttons, professional",2
Lapa Ninja (Post),Anteverti,https://www.lapa.ninja/post/anteverti/,https://cdn.lapa.ninja/assets/images/1x/anteverti-thumb.webp,"[""#88a2bd"", ""#fcf8fc""]","{""#88a2bd"": 0.2966, ""#fcf8fc"": 0.358}",#88a2bd,muted blue,"grid layout, sidebar, two-column layout, data table, single column, large typography","modern, futuristic, artistic",0.65,Modern two-column layout with muted blue sidebar and large typography.,"modern, grid, muted-blue, sidebar, artistic, typography",1
Lapa Ninja (Post),CrowdCargo,https://www.lapa.ninja/post/crowdcargo/,https://cdn.lapa.ninja/assets/images/1x/crowdcargo-thumb.webp,"[""#131021"", ""#fcfefe""]","{""#131021"": 0.4627, ""#fcfefe"": 0.3367}",#131021,dark muted blue,"rounded buttons, search bar, top navigation, sidebar, split screen, video background","futuristic, modern, cool",0.73,Modern split screen layout with dark muted blue background and rounded buttons.,"modern, split-screen, dark-muted-blue, rounded-buttons, futuristic, video-background",0
Lapa Ninja (Post),Dope Security,https://www.lapa.ninja/post/dope-security/,https://cdn.lapa.ninja/assets/images/1x/dope-security-thumb.webp,"[""#0e1013"", ""#feffff""]","{""#0e1013"": 0.3502, ""#feffff"": 0.5359}",#0e1013,dark neutral,"sidebar, feature list, data table, search bar, icon list, cta button","cool, futuristic, professional",0.68,Professional layout with dark neutral tones featuring a sidebar and a prominent search bar.,"professional, cool, dark-neutral, sidebar, search-bar, futuristic, data-table",1
Lapa Ninja (Post),LAS Art Foundation,https://www.lapa.ninja/post/las-art/,https://cdn.lapa.ninja/assets/images/1x/las-art-thumb.webp,"[""#3b2d29"", ""#fdfdfd""]","{""#3b2d29"": 0.2721, ""#fdfdfd"": 0.246}",#3b2d29,dark muted red,"sidebar, grid layout, video background, search bar, rounded buttons, feature list","modern, futuristic, minimal",0.64,Modern grid layout with dark muted red sidebar and rounded buttons.,"modern, grid, dark-muted-red, rounded-buttons, video-background, minimal",2
Lapa Ninja (Post),Sergey Lisovskiy,https://www.lapa.ninja/post/lisovskiy/,https://cdn.lapa.ninja/assets/images/1x/lisovskiy-thumb.webp,"[""#0e0d0d"", ""#f8f6f3""]","{""#0e0d0d"": 0.8595, ""#f8f6f3"": 0.0683}",#0e0d0d,dark neutral,"grid layout, large typography, icon list, feature list, search bar, sidebar","minimal, modern, cool",0.75,Minimal grid layout with dark neutral tones and large typography.,"minimal, modern, dark, grid, typography, sidebar",4
Lapa Ninja (Post),Long Wknd,https://www.lapa.ninja/post/longwknd/,https://cdn.lapa.ninja/assets/images/1x/longwknd-thumb.webp,"[""#b5c2c0"", ""#f6f8f9""]","{""#b5c2c0"": 0.2298, ""#f6f8f9"": 0.4353}",#b5c2c0,light gray,"grid layout, video background, sidebar, rounded buttons, pricing cards, top navigation","modern, minimal, creative",0.61,Modern grid layout with light gray video background and rounded buttons.,"modern, minimal, light-gray, grid, video-background, rounded-buttons",2
Lapa Ninja (Post),Ohmiego,https://www.lapa.ninja/post/ohmiego/,https://cdn.lapa.ninja/assets/images/1x/ohmiego-thumb.webp,"[""#111319"", ""#fbfcfd""]","{""#111319"": 0.2951, ""#fbfcfd"": 0.6719}",#111319,dark muted blue,"rounded buttons, feature list, large typography, grid layout, icon list, footer","modern, futuristic, minimal",0.65,Modern grid layout with dark muted blue typography and rounded buttons.,"modern, grid, dark-muted-blue, rounded-buttons, typography, minimal",4
Lapa Ninja (Post),Tuple,https://www.lapa.ninja/post/tuple/,https://cdn.lapa.ninja/assets/images/1x/tuple-thumb.webp,"[""#fcfcfc""]","{""#fcfcfc"": 0.8669}",#fcfcfc,light neutral,"search bar, rounded buttons, grid layout, split screen, sidebar, feature list","minimal, modern, professional",0.75,Minimal grid layout with light neutral background and rounded buttons.,"minimal, modern, professional, grid, rounded-buttons, sidebar",2
Lapa Ninja (Post),UnD NY,https://www.lapa.ninja/post/und-ny/,https://cdn.lapa.ninja/assets/images/1x/und-ny-thumb.webp,"[""#e9eae9"", ""#cb862f""]","{""#e9eae9"": 0.7227, ""#cb862f"": 0.1183}",#e9eae9,light gray,"video background, sidebar, logo, icon list, grid layout, large typography","retro, minimal, modern",0.75,Minimal grid layout with light gray video background and large typography.,"minimal, retro, modern, light-gray, grid, video-background",6
Lapa Ninja (Post),Spectrum.Life,https://www.lapa.ninja/post/spectrum-life/,https://cdn.lapa.ninja/assets/images/1x/spectrum-life-thumb.webp,"[""#dbcdf7"", ""#f9f9f9""]","{""#dbcdf7"": 0.2327, ""#f9f9f9"": 0.6081}",#dbcdf7,light bright purple,"rounded buttons, sidebar, grid layout, large typography, split screen, search bar","futuristic, minimal, modern",0.62,Modern grid layout with light bright purple sidebar and large typography.,"modern, minimal, light-purple, grid, rounded-buttons, futuristic",4
Lapa Ninja (Post),Make with Notion,https://www.lapa.ninja/post/makewithnotion/,https://cdn.lapa.ninja/assets/images/1x/makewithnotion-thumb.webp,"[""#fefefe"", ""#141414""]","{""#fefefe"": 0.7524, ""#141414"": 0.0996}",#fefefe,light neutral,"icon list, sidebar, feature list, large typography, search bar, grid layout","modern, creative, minimal",0.75,Modern grid layout with dark accents and large typography elements.,"modern, creative, minimal, dark, grid, typography, sidebar",4
Lapa Ninja (Post),Arc Search,https://www.lapa.ninja/post/arc-search/,https://cdn.lapa.ninja/assets/images/1x/arc-search-thumb.webp,"[""#fbfafd"", ""#5743d5""]","{""#fbfafd"": 0.7345, ""#5743d5"": 0.1159}",#fbfafd,light neutral,"search bar, split screen, sidebar, rounded buttons, video background, footer","modern, minimal, futuristic",0.75,Modern split screen layout with light neutral background and rounded buttons.,"modern, minimal, neutral, split-screen, rounded-buttons, futuristic",0
Lapa Ninja (Post),CALA,https://www.lapa.ninja/post/eatcala/,https://cdn.lapa.ninja/assets/images/1x/eatcala-thumb.webp,"[""#feeed4"", ""#e6c59c""]","{""#feeed4"": 0.4202, ""#e6c59c"": 0.1789}",#feeed4,light bright orange,"pricing cards, grid layout, sidebar, feature list, footer, hero image","luxury, cool, modern",0.71,Modern grid layout with light bright orange hero and pricing cards.,"modern, grid, light-orange, luxury, pricing-cards, hero",7
Lapa Ninja (Post),OpenHome,https://www.lapa.ninja/post/openhome/,https://cdn.lapa.ninja/assets/images/1x/openhome-thumb.webp,"[""#0d0c0f"", ""#fefbf5""]","{""#0d0c0f"": 0.4217, ""#fefbf5"": 0.517}",#0d0c0f,dark neutral,"large typography, grid layout, rounded buttons, feature list, sidebar, top navigation","modern, creative, cool",0.71,Modern grid layout with dark neutral tones and large typography.,"modern, grid, dark, typography, rounded-buttons, sidebar",4
Lapa Ninja (Post),The Neuron,https://www.lapa.ninja/post/theneuron/,https://cdn.lapa.ninja/assets/images/1x/theneuron-thumb.webp,"[""#2a2c16"", ""#fbf6ee""]","{""#2a2c16"": 0.4707, ""#fbf6ee"": 0.404}",#2a2c16,dark muted yellow,"pricing cards, top navigation, rounded buttons, footer, sidebar, grid layout","modern, cool, retro",0.74,Modern grid layout with dark muted yellow pricing cards and rounded buttons.,"modern, grid, dark-muted-yellow, pricing-cards, rounded-buttons, sidebar",7
Lapa Ninja (Post),Twice,https://www.lapa.ninja/post/smiletwice/,https://cdn.lapa.ninja/assets/images/1x/smiletwice-thumb.webp,"[""#f9d50d"", ""#d3c7a0""]","{""#f9d50d"": 0.3673, ""#d3c7a0"": 0.3525}",#f9d50d,bright yellow,"large typography, split screen, pricing cards, grid layout, sidebar, footer","trustworthy, modern, luxury",0.68,Modern split screen layout with bright yellow large typography and structured pricing cards.,"modern, split-screen, bright-yellow, large-typography, pricing-cards, grid, luxury",7
Lapa Ninja (Post),Atla AI,https://www.lapa.ninja/post/atla-ai/,https://cdn.lapa.ninja/assets/images/1x/atla-ai-thumb.webp,"[""#efeef4"", ""#111111""]","{""#efeef4"": 0.6113, ""#111111"": 0.2621}",#efeef4,light neutral,"data table, avatar, large typography, pricing cards, search bar, grid layout","futuristic, modern, minimal",0.75,Modern grid layout with light neutral background and large typography elements.,"modern, minimal, grid, light, futuristic, typography",3
Lapa Ninja (Post),SERIOUS.BUSINESS,https://www.lapa.ninja/post/serious-business-2/,https://cdn.lapa.ninja/assets/images/1x/serious-business-2-thumb.webp,"[""#f5aec7"", ""#dbdbda""]","{""#f5aec7"": 0.5804, ""#dbdbda"": 0.288}",#f5aec7,bright red,"rounded buttons, video background, sidebar, cta button, footer, icon list","artistic, creative, minimal",0.75,Creative layout with bright red video background and rounded buttons.,"artistic, minimal, bright-red, video-background, rounded-buttons, sidebar",6
Lapa Ninja (Post),VOLTA,https://www.lapa.ninja/post/voltayachts/,https://cdn.lapa.ninja/assets/images/1x/voltayachts-thumb.webp,"[""#17202d"", ""#f9f9f9""]","{""#17202d"": 0.219, ""#f9f9f9"": 0.4064}",#17202d,dark muted blue,"top navigation, rounded buttons, grid layout, feature list, footer, large typography","calm, luxury, modern",0.61,Modern grid layout with dark muted blue accents and large typography.,"modern, calm, dark-muted-blue, grid, luxury, rounded-buttons",4
Lapa Ninja (Post),Runway AI,https://www.lapa.ninja/post/runway-3/,https://cdn.lapa.ninja/assets/images/1x/runway-3-thumb.webp,"[""#0e5165"", ""#1e7688""]","{""#0e5165"": 0.6664, ""#1e7688"": 0.1214}",#0e5165,dark bright teal,"sidebar, logo, large typography, video background, avatar, data table","modern, futuristic, minimal",0.75,Modern layout with dark bright teal background featuring large typography and a video background.,"modern, futuristic, dark-bright-teal, typography, video-background, minimal, sidebar",6
Lapa Ninja (Post),Rodeo Club,https://www.lapa.ninja/post/rodeo-club/,https://cdn.lapa.ninja/assets/images/1x/rodeo-club-thumb.webp,"[""#fdfefe"", ""#171411""]","{""#fdfefe"": 0.6711, ""#171411"": 0.1275}",#fdfefe,light neutral,"sidebar, grid layout, feature list, video background, large typography, split screen","modern, futuristic, minimal",0.75,Modern split screen layout with dark muted gray video background and large typography.,"modern, minimal, dark-muted-gray, grid, sidebar, futuristic",5
Lapa Ninja (Post),Pano,https://www.lapa.ninja/post/gopano/,https://cdn.lapa.ninja/assets/images/1x/gopano-thumb.webp,"[""#eeecdc"", ""#c2e5af""]","{""#eeecdc"": 0.505, ""#c2e5af"": 0.2322}",#eeecdc,light muted yellow,"rounded buttons, pricing cards, top navigation, grid layout, feature list, icon list","modern, minimal, cool",0.75,Modern grid layout with light muted yellow pricing cards and rounded buttons.,"modern, minimal, light, grid, pricing-cards, rounded-buttons, clean",7
Lapa Ninja (Post),SOGAI,https://www.lapa.ninja/post/sogaiart/,https://cdn.lapa.ninja/assets/images/1x/sogaiart-thumb.webp,"[""#15201e"", ""#0c0b07""]","{""#15201e"": 0.6139, ""#0c0b07"": 0.1746}",#15201e,dark muted teal,"large typography, avatar, split screen, feature list, video background, data table","futuristic, artistic, modern",0.75,Modern split screen layout with dark muted teal background and large typography.,"modern, futuristic, dark-muted-teal, split-screen, typography, artistic",5
Lapa Ninja (Post),Wondermake,https://www.lapa.ninja/post/wondermake/,https://cdn.lapa.ninja/assets/images/1x/wondermake-thumb.webp,"[""#131324"", ""#f6f6f6""]","{""#131324"": 0.2356, ""#f6f6f6"": 0.7166}",#131324,dark muted blue,"pricing cards, rounded buttons, grid layout, large typography, sidebar, feature list","professional, modern, bold",0.62,Professional grid layout with dark muted blue pricing cards and large typography.,"modern, grid, dark-muted-blue, pricing-cards, bold, rounded-buttons",7
Lapa Ninja (Post),Mrazek Tomas,https://www.lapa.ninja/post/mrazek-tomas/,https://cdn.lapa.ninja/assets/images/1x/mrazek-tomas-thumb.webp,"[""#19171b"", ""#6d5b46""]","{""#19171b"": 0.8155, ""#6d5b46"": 0.0738}",#19171b,dark gray,"pricing cards, large typography, sidebar, feature list, hero image, video background","cool, trustworthy, creative",0.75,Dark gray layout featuring large typography and a video background with pricing cards.,"dark, gray, modern, video-background, typography, creative, trustworthy",6
Lapa Ninja (Post),Wimp,https://www.lapa.ninja/post/wimpdecaf-2/,https://cdn.lapa.ninja/assets/images/1x/wimpdecaf-2-thumb.webp,"[""#fcfbfa"", ""#2d2827""]","{""#fcfbfa"": 0.8479, ""#2d2827"": 0.0702}",#fcfbfa,light neutral,"pricing cards, large typography, sidebar, two-column layout, rounded buttons, card list","professional, luxury, cool",0.75,Professional two-column layout with dark accents and large typography alongside rounded buttons.,"professional, luxury, dark, two-column, typography, rounded-buttons, layout",1
Lapa Ninja (Post),TradeZero,https://www.lapa.ninja/post/tradezero/,https://cdn.lapa.ninja/assets/images/1x/tradezero-thumb.webp,"[""#f5faef"", ""#213230""]","{""#f5faef"": 0.4883, ""#213230"": 0.2686}",#f5faef,light neutral,"sidebar, pricing cards, top navigation, grid layout, rounded buttons, feature list","modern, professional, minimal",0.74,Modern grid layout with light neutral background and rounded buttons for navigation.,"modern, professional, minimal, grid, rounded-buttons, sidebar, pricing-cards",2
Lapa Ninja (Post),Spacekayak,https://www.lapa.ninja/post/spacekayak-2/,https://cdn.lapa.ninja/assets/images/1x/spacekayak-2-thumb.webp,"[""#060404"", ""#d28579""]","{""#060404"": 0.5628, ""#d28579"": 0.1756}",#060404,dark neutral,"video background, sidebar, avatar, split screen, large typography, feature list","futuristic, artistic, creative",0.75,Futuristic split screen layout with dark neutral video background and large typography.,"futuristic, artistic, dark, split-screen, video, creative",5
Lapa Ninja (Post),Lowe's Innovation Labs,https://www.lapa.ninja/post/lowesinnovationlabs/,https://cdn.lapa.ninja/assets/images/1x/lowesinnovationlabs-thumb.webp,"[""#f7f7f7"", ""#111214""]","{""#f7f7f7"": 0.7086, ""#111214"": 0.1356}",#f7f7f7,light neutral,"large typography, form, video background, feature list, pricing cards, sidebar","futuristic, modern, minimal",0.75,Modern layout with light neutral background and large typography featuring a video background.,"modern, minimal, light, futuristic, typography, video-background, layout",6
Lapa Ninja (Post),Rekorder Studios,https://www.lapa.ninja/post/rekorderstudios/,https://cdn.lapa.ninja/assets/images/1x/rekorderstudios-thumb.webp,"[""#d8d6cf"", ""#0f0d0b""]","{""#d8d6cf"": 0.5939, ""#0f0d0b"": 0.2416}",#d8d6cf,muted yellow,"large typography, rounded buttons, sidebar, grid layout, avatar, form","futuristic, minimal, modern",0.75,Modern grid layout with muted yellow typography and rounded buttons.,"modern, minimal, muted-yellow, grid, rounded-buttons, futuristic",4
Lapa Ninja (Post),Significo,https://www.lapa.ninja/post/significo/,https://cdn.lapa.ninja/assets/images/1x/significo-thumb.webp,"[""#020202"", ""#9ea09e""]","{""#020202"": 0.4628, ""#9ea09e"": 0.2562}",#020202,dark neutral,"large typography, split screen, sidebar, video background, search bar, footer","modern, futuristic, trustworthy",0.73,Modern split screen layout with dark neutral background and large typography.,"modern, split-screen, dark-neutral, typography, video-background, trustworthy",5
Lapa Ninja (Post),The Little Grey Film,https://www.lapa.ninja/post/thelittlegreyfilm/,https://cdn.lapa.ninja/assets/images/1x/thelittlegreyfilm-thumb.webp,"[""#121212"", ""#b1a4a4""]","{""#121212"": 0.6001, ""#b1a4a4"": 0.1288}",#121212,dark neutral,"grid layout, video background, large typography, sidebar, split screen, rounded buttons","creative, artistic, cool",0.75,Creative grid layout with dark neutral background and large typography.,"creative, artistic, dark, grid, video-background, rounded-buttons",6
Lapa Ninja (Post),QUITE NICE,https://www.lapa.ninja/post/quitenice/,https://cdn.lapa.ninja/assets/images/1x/quitenice-thumb.webp,"[""#243320"", ""#fdf9ea""]","{""#243320"": 0.3167, ""#fdf9ea"": 0.4913}",#243320,dark muted green,"sidebar, pricing cards, video background, hero image, grid layout, chart","modern, minimal, luxury",0.66,Modern grid layout with dark muted green hero and sidebar elements.,"modern, minimal, dark-muted-green, grid, luxury, sidebar",7
Lapa Ninja (Post),Reworkd AI,https://www.lapa.ninja/post/reworkd/,https://cdn.lapa.ninja/assets/images/1x/reworkd-thumb.webp,"[""#f2f6fd""]","{""#f2f6fd"": 0.9513}",#f2f6fd,light neutral,"rounded buttons, grid layout, search bar, feature list, top navigation, icon list","minimal, modern, futuristic",0.75,Minimal grid layout with light neutral background and rounded buttons.,"minimal, modern, light, grid, rounded-buttons, clean",2
Lapa Ninja (Post),Round Round,https://www.lapa.ninja/post/roundandround/,https://cdn.lapa.ninja/assets/images/1x/roundandround-thumb.webp,"[""#6165f2"", ""#2f2b24""]","{""#6165f2"": 0.3047, ""#2f2b24"": 0.2202}",#6165f2,bright blue,"sidebar, rounded buttons, two-column layout, large typography, video background, grid layout","bold, retro, modern",0.65,Bold two-column layout with bright blue accents and rounded buttons.,"modern, bold, bright-blue, rounded-buttons, grid, retro",1
Lapa Ninja (Post),Sebastian Camargo,https://www.lapa.ninja/post/sebastiancamargo/,https://cdn.lapa.ninja/assets/images/1x/sebastiancamargo-thumb.webp,"[""#010101"", ""#fafbfb""]","{""#010101"": 0.6324, ""#fafbfb"": 0.1287}",#010101,dark neutral,"sidebar, large typography, avatar, hero image, video background, feature list","artistic, serious, professional",0.75,Serious layout with dark neutral tones featuring large typography and a video background.,"artistic, professional, dark, typography, video-background, sidebar, hero",6
Lapa Ninja (Post),Spoil Me,https://www.lapa.ninja/post/spoil/,https://cdn.lapa.ninja/assets/images/1x/spoil-thumb.webp,"[""#ebe4d5""]","{""#ebe4d5"": 0.9412}",#ebe4d5,light bright orange,"rounded buttons, grid layout, search bar, feature list, icon list, footer","modern, cool, minimal",0.75,Modern grid layout with light neutral background and rounded buttons.,"modern, minimal, grid, rounded-buttons, neutral, clean",2
Lapa Ninja (Post),Stata Design,https://www.lapa.ninja/post/stata/,https://cdn.lapa.ninja/assets/images/1x/stata-thumb.webp,"[""#f6f6f6"", ""#0d1012""]","{""#f6f6f6"": 0.7023, ""#0d1012"": 0.1069}",#f6f6f6,light neutral,"video background, feature list, footer, grid layout, sidebar, large typography","modern, minimal, professional",0.75,Modern grid layout with light neutral background and large typography features.,"modern, minimal, professional, grid, typography, video-background",3
Lapa Ninja (Post),Supabase,https://www.lapa.ninja/post/supabase/,https://cdn.lapa.ninja/assets/images/1x/supabase-thumb.webp,"[""#171717""]","{""#171717"": 0.9534}",#171717,dark gray,"grid layout, large typography, rounded buttons, icon list, footer, data table","modern, minimal, futuristic",0.75,Modern grid layout with dark gray background and large typography.,"modern, minimal, dark-gray, grid, typography, rounded-buttons",4
Lapa Ninja (Post),Animus Studios,https://www.lapa.ninja/post/animusstudios-2/,https://cdn.lapa.ninja/assets/images/1x/animusstudios-2-thumb.webp,"[""#1a1a1b"", ""#ddddde""]","{""#1a1a1b"": 0.5737, ""#ddddde"": 0.3035}",#1a1a1b,dark gray,"large typography, split screen, rounded buttons, sidebar, video background, cta button","modern, futuristic, minimal",0.75,Modern split screen layout with dark gray background and large typography.,"modern, split-screen, dark-gray, large-typography, minimal, rounded-buttons",5
Lapa Ninja (Post),Framer,https://www.lapa.ninja/post/framer-9/,https://cdn.lapa.ninja/assets/images/1x/framer-9-thumb.webp,"[""#020304"", ""#1d263d""]","{""#020304"": 0.7378, ""#1d263d"": 0.1102}",#020304,dark neutral,"split screen, rounded buttons, sidebar, search bar, video background, feature list","modern, futuristic, professional",0.75,Modern split screen layout with dark neutral background and rounded buttons.,"modern, professional, dark, split-screen, rounded-buttons, video-background",5
Lapa Ninja (Post),Redbrick Coffee,https://www.lapa.ninja/post/redbrick-coffee-2/,https://cdn.lapa.ninja/assets/images/1x/redbrick-coffee-2-thumb.webp,"[""#faf9f9"", ""#c89b7f""]","{""#faf9f9"": 0.6761, ""#c89b7f"": 0.1247}",#faf9f9,light neutral,"rounded buttons, pricing cards, grid layout, icon list, two-column layout, feature list","modern, luxury, creative",0.75,Modern two-column layout with light neutral background and rounded buttons.,"modern, luxury, grid, rounded-buttons, creative, pricing-cards",2
Lapa Ninja (Post),Campsite,https://www.lapa.ninja/post/campsite-3/,https://cdn.lapa.ninja/assets/images/1x/campsite-3-thumb.webp,"[""#0a0a0a"", ""#2c4132""]","{""#0a0a0a"": 0.8054, ""#2c4132"": 0.0667}",#0a0a0a,dark neutral,"top navigation, search bar, video background, sidebar, rounded buttons, grid layout","modern, professional, minimal",0.75,Modern grid layout with dark neutral background and rounded buttons.,"modern, professional, dark, grid, minimal, rounded-buttons",2
Lapa Ninja (Post),Suzy Welch,https://www.lapa.ninja/post/suzywelch/,https://cdn.lapa.ninja/assets/images/1x/suzywelch-thumb.webp,"[""#763421"", ""#fdfeea""]","{""#763421"": 0.1959, ""#fdfeea"": 0.4287}",#763421,bright red,"sidebar, rounded buttons, pricing cards, grid layout, video background, large typography","modern, retro, cool",0.6,Modern grid layout with bright red sidebar and large typography.,"modern, retro, bright-red, grid, sidebar, video-background, pricing-cards",7
Lapa Ninja (Post),Git Merge 2024,https://www.lapa.ninja/post/git-merge/,https://cdn.lapa.ninja/assets/images/1x/git-merge-thumb.webp,"[""#1b1a1a"", ""#328284""]","{""#1b1a1a"": 0.6852, ""#328284"": 0.1125}",#1b1a1a,dark gray,"large typography, data table, grid layout, pricing cards, sidebar, search bar","modern, futuristic, professional",0.75,Modern grid layout with dark gray typography and prominent data tables.,"modern, grid, dark-gray, professional, data-table, pricing-cards",7
Lapa Ninja (Post),Recess,https://www.lapa.ninja/post/ourrecess/,https://cdn.lapa.ninja/assets/images/1x/ourrecess-thumb.webp,"[""#f9f8f6"", ""#181514""]","{""#f9f8f6"": 0.7908, ""#181514"": 0.1038}",#f9f8f6,light neutral,"rounded buttons, grid layout, feature list, sidebar, form, pricing cards","modern, futuristic, playful",0.75,Modern grid layout with light neutral background and dark rounded buttons.,"modern, grid, light, rounded-buttons, playful, sidebar",2
Lapa Ninja (Post),Never Sit Still,https://www.lapa.ninja/post/neversitstill-2/,https://cdn.lapa.ninja/assets/images/1x/neversitstill-2-thumb.webp,"[""#1c2a1c"", ""#f3f3f4""]","{""#1c2a1c"": 0.2879, ""#f3f3f4"": 0.3742}",#1c2a1c,dark muted green,"sidebar, search bar, split screen, feature list, video background, large typography","modern, futuristic, minimal",0.64,Modern split screen layout with dark muted green background and large typography.,"modern, split-screen, dark-muted-green, minimal, video-background, typography",5
Lapa Ninja (Post),teenage engineering,https://www.lapa.ninja/post/teenage-engineering-3/,https://cdn.lapa.ninja/assets/images/1x/teenage-engineering-3-thumb.webp,"[""#100a08"", ""#d4cec4""]","{""#100a08"": 0.6537, ""#d4cec4"": 0.1575}",#100a08,dark neutral,"carousel, sidebar, centered hero, icon list, search bar, top navigation","cool, warm, trustworthy",0.75,Dark neutral layout featuring a centered hero with a carousel and top navigation.,"dark, neutral, carousel, centered, navigation, trustworthy, modern",1
Lapa Ninja (Post),Earthr,https://www.lapa.ninja/post/earthr-2/,https://cdn.lapa.ninja/assets/images/1x/earthr-2-thumb.webp,"[""#010101"", ""#fefefe""]","{""#010101"": 0.2988, ""#fefefe"": 0.6554}",#010101,dark neutral,"rounded buttons, pricing cards, footer, large typography, grid layout, sidebar","modern, minimal, futuristic",0.65,Modern grid layout with dark neutral tones and large typography elements.,"modern, minimal, dark, grid, typography, rounded-buttons, pricing-cards",4
Lapa Ninja (Post),Studio Sentempo,https://www.lapa.ninja/post/studiosentempo-2/,https://cdn.lapa.ninja/assets/images/1x/studiosentempo-2-thumb.webp,"[""#030201"", ""#463a1e""]","{""#030201"": 0.5685, ""#463a1e"": 0.1652}",#030201,dark neutral,"video background, large typography, sidebar, testimonial, feature list, pricing cards","artistic, creative, cool",0.75,Artistic layout with dark neutral tones featuring large typography and a video background.,"artistic, creative, dark-neutral, video-background, typography, modern",6
Lapa Ninja (Post),CTRL Wallet,https://www.lapa.ninja/post/ctrl/,https://cdn.lapa.ninja/assets/images/1x/ctrl-thumb.webp,"[""#fbfbfb""]","{""#fbfbfb"": 0.9233}",#fbfbfb,light neutral,"cta button, sidebar, rounded buttons, pricing cards, grid layout, split screen","minimal, modern, professional",0.75,Minimal split screen layout with light neutral background and rounded buttons.,"minimal, modern, professional, light, grid, cta-buttons",0
Lapa Ninja (Post),erthos,https://www.lapa.ninja/post/planeterthos/,https://cdn.lapa.ninja/assets/images/1x/planeterthos-thumb.webp,"[""#eaeceb"", ""#161a0f""]","{""#eaeceb"": 0.3372, ""#161a0f"": 0.3009}",#eaeceb,light neutral,"large typography, video background, form, split screen, sidebar, grid layout","modern, cool, artistic",0.67,Modern split screen layout with light neutral background and large typography.,"modern, split-screen, light, artistic, grid, video-background",5
Lapa Ninja (Post),Shuttle,https://www.lapa.ninja/post/shuttle/,https://cdn.lapa.ninja/assets/images/1x/shuttle-thumb.webp,"[""#040404""]","{""#040404"": 0.9355}",#040404,dark neutral,"grid layout, feature list, rounded buttons, icon list, split screen, sidebar","modern, minimal, cool",0.75,Modern grid layout with dark neutral tones and rounded buttons.,"modern, minimal, dark, grid, rounded-buttons, sidebar, feature-list",2
Lapa Ninja (Post),Salus Ice,https://www.lapa.ninja/post/salusice/,https://cdn.lapa.ninja/assets/images/1x/salusice-thumb.webp,"[""#030205"", ""#7c6b6a""]","{""#030205"": 0.5849, ""#7c6b6a"": 0.1088}",#030205,dark neutral,"sidebar, logo, feature list, icon list, video background, pricing cards","cool, professional, serious",0.75,Professional layout with dark neutral background and prominent sidebar elements.,"professional, serious, dark, sidebar, layout, cool",6
Lapa Ninja (Post),Sabato Studio,https://www.lapa.ninja/post/sabato-studio-2/,https://cdn.lapa.ninja/assets/images/1x/sabato-studio-2-thumb.webp,"[""#030303"", ""#faf9f8""]","{""#030303"": 0.3604, ""#faf9f8"": 0.2401}",#030303,dark neutral,"grid layout, split screen, video background, data table, avatar, icon list","modern, futuristic, professional",0.68,Modern split screen layout with dark neutral tones and a video background.,"modern, professional, dark, grid, split-screen, video-background",5
Lapa Ninja (Post),Poo Paper,https://www.lapa.ninja/post/poopaper/,https://cdn.lapa.ninja/assets/images/1x/poopaper-thumb.webp,"[""#f2ece1"", ""#fcc245""]","{""#f2ece1"": 0.4882, ""#fcc245"": 0.3616}",#f2ece1,light bright orange,"rounded buttons, pricing cards, top navigation, grid layout, sidebar, cta button","cool, friendly, modern",0.74,Modern grid layout with light neutral background and rounded buttons.,"modern, grid, light, friendly, rounded-buttons, pricing-cards",2
Lapa Ninja (Post),Full Hearts,https://www.lapa.ninja/post/fullhearts/,https://cdn.lapa.ninja/assets/images/1x/fullhearts-thumb.webp,"[""#e8eef2""]","{""#e8eef2"": 0.872}",#e8eef2,light neutral,"sidebar, avatar, hero image, centered hero, icon list, large typography","friendly, modern, professional",0.75,Friendly modern layout with light neutral tones and a centered hero image.,"friendly, modern, light, professional, centered-hero, large-typography",1
Lapa Ninja (Post),Open Statement,https://www.lapa.ninja/post/openstatement/,https://cdn.lapa.ninja/assets/images/1x/openstatement-thumb.webp,"[""#f6f6f6"", ""#9a9b9c""]","{""#f6f6f6"": 0.65, ""#9a9b9c"": 0.1096}",#f6f6f6,light neutral,"rounded buttons, split screen, video background, search bar, pricing cards, footer","minimal, modern, professional",0.75,Minimal split screen layout with dark muted gray video background and rounded buttons.,"minimal, modern, dark-muted-gray, split-screen, video-background, professional",5
Lapa Ninja (Post),⌘ Langbase,https://www.lapa.ninja/post/langbase/,https://cdn.lapa.ninja/assets/images/1x/langbase-thumb.webp,"[""#000002"", ""#040645""]","{""#000002"": 0.8444, ""#040645"": 0.1169}",#000002,dark neutral,"large typography, search bar, video background, feature list, rounded buttons, grid layout","futuristic, minimal, cool",0.75,Futuristic grid layout with dark neutral background and large typography.,"futuristic, minimal, dark, grid, typography, video-background, rounded-buttons",4
Lapa Ninja (Post),Astro Party,https://www.lapa.ninja/post/astro-party/,https://cdn.lapa.ninja/assets/images/1x/astro-party-thumb.webp,"[""#337e43"", ""#fdfefd""]","{""#337e43"": 0.6834, ""#fdfefd"": 0.2676}",#337e43,bright green,"sidebar, large typography, footer, pricing cards, top navigation, logo","creative, bold, professional",0.75,Bold layout with bright green sidebar and large typography elements.,"creative, bold, green, professional, typography, sidebar",7
Lapa Ninja (Post),Retronova,https://www.lapa.ninja/post/retronovaworld/,https://cdn.lapa.ninja/assets/images/1x/retronovaworld-thumb.webp,"[""#0b0a0a"", ""#39271e""]","{""#0b0a0a"": 0.5076, ""#39271e"": 0.1759}",#0b0a0a,dark neutral,"large typography, video background, rounded buttons, sidebar, top navigation, split screen","futuristic, artistic, creative",0.75,Futuristic split screen layout with dark neutral tones and large typography.,"futuristic, artistic, dark-neutral, split-screen, large-typography, creative",5
Lapa Ninja (Post),CRED money,https://www.lapa.ninja/post/cred/,https://cdn.lapa.ninja/assets/images/1x/cred-thumb.webp,"[""#fdfffe"", ""#def1e6""]","{""#fdfffe"": 0.754, ""#def1e6"": 0.1368}",#fdfffe,light neutral,"large typography, rounded buttons, pricing cards, sidebar, grid layout, video background","minimal, modern, trustworthy",0.75,Minimal grid layout with light neutral background and large typography elements.,"minimal, modern, light, grid, typography, trustworthy, rounded-buttons",3
Lapa Ninja (Post),Miro Intelligent Canvas,https://www.lapa.ninja/post/miro-3/,https://cdn.lapa.ninja/assets/images/1x/miro-3-thumb.webp,"[""#eeecf0""]","{""#eeecf0"": 0.9514}",#eeecf0,light neutral,"cta button, feature list, rounded buttons, top navigation, grid layout, sidebar","minimal, professional, modern",0.75,Minimal grid layout with light neutral background and rounded buttons for navigation.,"minimal, professional, light, grid, rounded-buttons, modern, sidebar",2
Lapa Ninja (Post),(Re)vive,https://www.lapa.ninja/post/byrevive/,https://cdn.lapa.ninja/assets/images/1x/byrevive-thumb.webp,"[""#190404"", ""#e6e5de""]","{""#190404"": 0.3785, ""#e6e5de"": 0.2898}",#190404,dark neutral,"sidebar, pricing cards, grid layout, large typography, video background, form","minimal, trustworthy, professional",0.69,Minimal grid layout with dark neutral pricing cards and large typography.,"minimal, professional, dark-neutral, grid, pricing-cards, sidebar",7
Lapa Ninja (Post),Aave,https://www.lapa.ninja/post/aave/,https://cdn.lapa.ninja/assets/images/1x/aave-thumb.webp,"[""#161927"", ""#4a1857""]","{""#161927"": 0.6868, ""#4a1857"": 0.1792}",#161927,dark muted blue,"rounded buttons, grid layout, footer, large typography, search bar, pricing cards","minimal, modern, futuristic",0.75,Minimal grid layout with dark muted blue tones and large typography elements.,"minimal, modern, dark-muted-blue, grid, typography, futuristic",4
Lapa Ninja (Post),Visual Electric,https://www.lapa.ninja/post/visualelectric-2/,https://cdn.lapa.ninja/assets/images/1x/visualelectric-2-thumb.webp,"[""#0c151d"", ""#fefeff""]","{""#0c151d"": 0.2943, ""#fefeff"": 0.5113}",#0c151d,dark bright blue,"sidebar, hero image, grid layout, footer, pricing cards, video background","bold, cool, modern",0.65,Modern grid layout with dark bright blue hero and sidebar elements.,"modern, grid, dark-blue, hero, sidebar, bold",7
Lapa Ninja (Post),Alcest,https://www.lapa.ninja/post/alcestmusic/,https://cdn.lapa.ninja/assets/images/1x/alcestmusic-thumb.webp,"[""#5b2e13"", ""#a38e63""]","{""#5b2e13"": 0.4118, ""#a38e63"": 0.1945}",#5b2e13,dark bright orange,"video background, sidebar, avatar, carousel, centered hero, hero illustration","artistic, modern, calm",0.71,Modern artistic layout with dark bright orange hero and a video background.,"modern, artistic, dark-orange, video-background, hero, calm",6
Lapa Ninja (Post),LOBATO,https://www.lapa.ninja/post/lobatos/,https://cdn.lapa.ninja/assets/images/1x/lobatos-thumb.webp,"[""#1f2020"", ""#efeee8""]","{""#1f2020"": 0.4793, ""#efeee8"": 0.3258}",#1f2020,dark gray,"large typography, grid layout, sidebar, logo, footer, top navigation","professional, creative, modern",0.74,Professional grid layout with dark gray typography and a structured sidebar.,"professional, modern, dark-gray, grid, typography, sidebar",4
Lapa Ninja (Post),Blok,https://www.lapa.ninja/post/blok/,https://cdn.lapa.ninja/assets/images/1x/blok-thumb.webp,"[""#030303"", ""#2d2f2f""]","{""#030303"": 0.8953, ""#2d2f2f"": 0.0888}",#030303,dark neutral,"rounded buttons, search bar, cta button, large typography, avatar, video background","futuristic, modern, minimal",0.75,Modern layout with dark neutral tones featuring large typography and rounded buttons.,"modern, minimal, dark, rounded-buttons, typography, futuristic",1
Lapa Ninja (Post),Rome,https://www.lapa.ninja/post/rome/,https://cdn.lapa.ninja/assets/images/1x/rome-thumb.webp,"[""#ffffff""]","{""#ffffff"": 0.928}",#ffffff,light neutral,"rounded buttons, two-column layout, large typography, grid layout, sidebar, single column","modern, minimal, cool",0.75,Modern two-column layout with light neutral background and large typography.,"modern, minimal, light, two-column, typography, clean",1
Lapa Ninja (Post),Appart Agency,https://www.lapa.ninja/post/appart-agency/,https://cdn.lapa.ninja/assets/images/1x/appart-agency-thumb.webp,"[""#b62718"", ""#f4f3f1""]","{""#b62718"": 0.4268, ""#f4f3f1"": 0.3542}",#b62718,bright red,"large typography, rounded buttons, grid layout, split screen, sidebar, search bar","minimal, modern, retro",0.71,Minimal split screen layout with bright red accents and large typography.,"minimal, modern, bright-red, grid, rounded-buttons, sidebar, retro",0
Lapa Ninja (Post),FastHTML,https://www.lapa.ninja/post/fasthtml/,https://cdn.lapa.ninja/assets/images/1x/fasthtml-thumb.webp,"[""#2d1928"", ""#f1ebea""]","{""#2d1928"": 0.373, ""#f1ebea"": 0.3696}",#2d1928,dark muted magenta,"grid layout, rounded buttons, search bar, icon list, sidebar, large typography","modern, minimal, futuristic",0.69,Modern grid layout with dark muted magenta accents and large typography.,"modern, minimal, dark-muted-magenta, grid, typography, rounded-buttons",4
Lapa Ninja (Post),IISE,https://www.lapa.ninja/post/iise/,https://cdn.lapa.ninja/assets/images/1x/iise-thumb.webp,"[""#eef0f3"", ""#456867""]","{""#eef0f3"": 0.4468, ""#456867"": 0.1817}",#eef0f3,light neutral,"large typography, split screen, rounded buttons, sidebar, search bar, video background","minimal, modern, futuristic",0.72,Minimal split screen layout with light neutral background and large typography.,"minimal, modern, light, split-screen, large-typography, rounded-buttons",0
Lapa Ninja (Post),Harvard University,https://www.lapa.ninja/post/harvard-2/,https://cdn.lapa.ninja/assets/images/1x/harvard-2-thumb.webp,"[""#101011"", ""#0f293e""]","{""#101011"": 0.5849, ""#0f293e"": 0.208}",#101011,dark neutral,"sidebar, feature list, split screen, grid layout, search bar, video background","cool, modern, bold",0.75,Modern split screen layout with dark neutral background and a prominent sidebar.,"modern, split-screen, dark, sidebar, grid, bold",5
Lapa Ninja (Post),Fabric,https://www.lapa.ninja/post/fabric-so/,https://cdn.lapa.ninja/assets/images/1x/fabric-so-thumb.webp,"[""#ffffff""]","{""#ffffff"": 0.9646}",#ffffff,light neutral,"rounded buttons, search bar, sidebar, feature list, cta button, large typography","modern, minimal, futuristic",0.75,Modern layout with light neutral background and prominent rounded buttons.,"modern, minimal, light, rounded-buttons, sidebar, typography",1
Lapa Ninja (Post),Vadim Makeev,https://www.lapa.ninja/post/pepelsbey/,https://cdn.lapa.ninja/assets/images/1x/pepelsbey-thumb.webp,"[""#0b0a1d"", ""#272535""]","{""#0b0a1d"": 0.7241, ""#272535"": 0.17}",#0b0a1d,dark neutral,"grid layout, rounded buttons, large typography, sidebar, feature list, two-column layout","modern, minimal, futuristic",0.75,Modern grid layout with dark neutral tones and large typography.,"modern, minimal, dark, grid, typography, rounded-buttons, two-column",4
Lapa Ninja (Post),GRAYSCALE STUDIO,https://www.lapa.ninja/post/grayscale-studio/,https://cdn.lapa.ninja/assets/images/1x/grayscale-studio-thumb.webp,"[""#161518"", ""#f3f3f3""]","{""#161518"": 0.4417, ""#f3f3f3"": 0.2908}",#161518,dark gray,"sidebar, video background, feature list, grid layout, rounded buttons, split screen","futuristic, cool, artistic",0.72,Futuristic split screen layout with dark gray video background and rounded buttons.,"futuristic, cool, dark-gray, grid, sidebar, artistic, rounded-buttons",5
Lapa Ninja (Post),The Other Glasses,https://www.lapa.ninja/post/theotherglasses/,https://cdn.lapa.ninja/assets/images/1x/theotherglasses-thumb.webp,"[""#000000"", ""#ffffff""]","{""#000000"": 0.4234, ""#ffffff"": 0.5236}",#000000,dark neutral,"large typography, form, search bar, sidebar, hero image, feature list","minimal, modern, cool",0.71,Minimal layout with dark neutral tones featuring large typography and a prominent hero image.,"minimal, modern, dark, typography, hero, clean",1
Lapa Ninja (Post),Joyeux Repas,https://www.lapa.ninja/post/joyeux-repas/,https://cdn.lapa.ninja/assets/images/1x/joyeux-repas-thumb.webp,"[""#efeae4"", ""#a7a198""]","{""#efeae4"": 0.5178, ""#a7a198"": 0.2189}",#efeae4,light muted orange,"grid layout, sidebar, large typography, footer, icon list, rounded buttons","modern, cool, minimal",0.75,Modern grid layout with light neutral sidebar and large typography.,"modern, grid, light, minimal, typography, rounded-buttons",3
Lapa Ninja (Post),Silv Studio,https://www.lapa.ninja/post/silvstudio/,https://cdn.lapa.ninja/assets/images/1x/silvstudio-thumb.webp,"[""#f1f1f0"", ""#ebc3a8""]","{""#f1f1f0"": 0.5297, ""#ebc3a8"": 0.1574}",#f1f1f0,light neutral,"grid layout, sidebar, large typography, split screen, search bar, rounded buttons","minimal, modern, bold",0.75,Minimal split screen layout with light neutral background and large typography.,"minimal, modern, light, grid, bold, sidebar, rounded-buttons",0
Lapa Ninja (Post),Better Off Studio,https://www.lapa.ninja/post/betteroff-studio/,https://cdn.lapa.ninja/assets/images/1x/betteroff-studio-thumb.webp,"[""#e5e7df"", ""#1f2121""]","{""#e5e7df"": 0.8268, ""#1f2121"": 0.1033}",#e5e7df,light muted green,"pricing cards, large typography, sidebar, rounded buttons, grid layout, split screen","modern, professional, futuristic",0.75,Modern split screen layout with light muted green background and large typography.,"modern, professional, light, grid, sidebar, rounded-buttons",0
Lapa Ninja (Post),Eclipse,https://www.lapa.ninja/post/eclipse-xyz/,https://cdn.lapa.ninja/assets/images/1x/eclipse-xyz-thumb.webp,"[""#a1faa0"", ""#fdfffd""]","{""#a1faa0"": 0.2963, ""#fdfffd"": 0.2913}",#a1faa0,bright green,"grid layout, large typography, chart, icon list, sidebar, data table","minimal, modern, futuristic",0.65,Minimal grid layout with bright green typography and a structured sidebar.,"minimal, modern, bright-green, grid, sidebar, typography",4
Lapa Ninja (Post),SNEAKER,https://www.lapa.ninja/post/sneaker/,https://cdn.lapa.ninja/assets/images/1x/sneaker-thumb.webp,"[""#cacccc"", ""#fefefe""]","{""#cacccc"": 0.6329, ""#fefefe"": 0.2198}",#cacccc,light gray,"large typography, sidebar, search bar, footer, avatar, video background","creative, artistic, minimal",0.75,Creative layout with light gray background featuring large typography and a video background.,"creative, minimal, light-gray, typography, video, sidebar",6
Lapa Ninja (Post),Be The Buzz,https://www.lapa.ninja/post/bethebuzz/,https://cdn.lapa.ninja/assets/images/1x/bethebuzz-thumb.webp,"[""#140327"", ""#fcfcfd""]","{""#140327"": 0.2042, ""#fcfcfd"": 0.5601}",#140327,dark bright purple,"footer, large typography, grid layout, rounded buttons, sidebar, pricing cards","professional, futuristic, modern",0.6,Professional grid layout with dark bright purple typography and rounded buttons.,"professional, modern, dark-purple, grid, rounded-buttons, typography, futuristic",7
Lapa Ninja (Post),Clay,https://www.lapa.ninja/post/clay-com/,https://cdn.lapa.ninja/assets/images/1x/clay-com-thumb.webp,"[""#cfd8fb"", ""#f9f9f9""]","{""#cfd8fb"": 0.3946, ""#f9f9f9"": 0.5401}",#cfd8fb,light bright blue,"large typography, rounded buttons, search bar, top navigation, cta button, footer","modern, minimal, futuristic",0.7,Modern layout with light bright blue accents and large typography.,"modern, minimal, light-blue, typography, rounded-buttons, cta",1
Lapa Ninja (Post),DAILY BRANDING,https://www.lapa.ninja/post/dailybranding/,https://cdn.lapa.ninja/assets/images/1x/dailybranding-thumb.webp,"[""#040404"", ""#6e63e2""]","{""#040404"": 0.3196, ""#6e63e2"": 0.2962}",#040404,dark neutral,"large typography, split screen, sidebar, video background, search bar, grid layout","futuristic, creative, bold",0.66,Bold split screen layout with dark neutral tones and large typography.,"futuristic, creative, dark, split-screen, typography, grid",5
Lapa Ninja (Post),Watson,https://www.lapa.ninja/post/watson-2/,https://cdn.lapa.ninja/assets/images/1x/watson-2-thumb.webp,"[""#fefefe"", ""#040404""]","{""#fefefe"": 0.8917, ""#040404"": 0.0579}",#fefefe,light neutral,"sidebar, large typography, icon list, two-column layout, feature list, top navigation","creative, professional, artistic",0.75,Professional two-column layout with dark typography and a prominent sidebar.,"professional, creative, dark, two-column, sidebar, typography",1
Lapa Ninja (Post),Standard Equipment,https://www.lapa.ninja/post/standardequipment/,https://cdn.lapa.ninja/assets/images/1x/standardequipment-thumb.webp,"[""#e2e1e1"", ""#d37f26""]","{""#e2e1e1"": 0.8163, ""#d37f26"": 0.0718}",#e2e1e1,light gray,"large typography, grid layout, icon list, data table, rounded buttons, search bar","modern, minimal, creative",0.75,Modern grid layout with light gray background and large typography.,"modern, minimal, light-gray, grid, typography, rounded-buttons",3
Lapa Ninja (Post),Super Hello,https://www.lapa.ninja/post/superhello/,https://cdn.lapa.ninja/assets/images/1x/superhello-thumb.webp,"[""#f7ca49"", ""#ee98e3""]","{""#f7ca49"": 0.4533, ""#ee98e3"": 0.337}",#f7ca49,bright orange,"large typography, grid layout, rounded buttons, sidebar, footer, top navigation","futuristic, modern, retro",0.73,Modern grid layout with bright orange typography and rounded buttons.,"modern, grid, bright-orange, rounded-buttons, typography, futuristic",4
Lapa Ninja (Post),Seline,https://www.lapa.ninja/post/seline/,https://cdn.lapa.ninja/assets/images/1x/seline-thumb.webp,"[""#fafbf8""]","{""#fafbf8"": 0.9556}",#fafbf8,light neutral,"rounded buttons, sidebar, search bar, grid layout, footer, data table","minimal, modern, professional",0.75,Minimal grid layout with light neutral background and rounded buttons.,"minimal, modern, professional, grid, rounded-buttons, sidebar",2
Lapa Ninja (Post),DesignStudio,https://www.lapa.ninja/post/design-studio/,https://cdn.lapa.ninja/assets/images/1x/design-studio-thumb.webp,"[""#fdfdfd"", ""#312321""]","{""#fdfdfd"": 0.779, ""#312321"": 0.0726}",#fdfdfd,light neutral,"rounded buttons, sidebar, grid layout, large typography, feature list, top navigation","modern, professional, futuristic",0.75,Modern grid layout with dark accents and large typography alongside rounded buttons.,"modern, professional, dark, grid, rounded-buttons, typography, sidebar",4
Lapa Ninja (Post),YOWIE,https://www.lapa.ninja/post/helloyowie/,https://cdn.lapa.ninja/assets/images/1x/helloyowie-thumb.webp,"[""#f0eee8"", ""#8d9f60""]","{""#f0eee8"": 0.497, ""#8d9f60"": 0.2136}",#f0eee8,light neutral,"grid layout, rounded buttons, pricing cards, large typography, feature list, two-column layout","modern, minimal, luxury",0.75,Modern grid layout with light neutral background and large typography.,"modern, minimal, light, grid, luxury, typography, rounded-buttons",3
Lapa Ninja (Post),Chrono,https://www.lapa.ninja/post/chronothreads/,https://cdn.lapa.ninja/assets/images/1x/chronothreads-thumb.webp,"[""#111115"", ""#313241""]","{""#111115"": 0.7882, ""#313241"": 0.0605}",#111115,dark neutral,"large typography, form, video background, avatar, centered hero, sidebar","futuristic, retro, creative",0.75,Futuristic centered hero with dark neutral background and large typography.,"futuristic, creative, dark, centered-hero, large-typography, sidebar",6
Lapa Ninja (Post),Haus,https://www.lapa.ninja/post/madeinhaus/,https://cdn.lapa.ninja/assets/images/1x/madeinhaus-thumb.webp,"[""#f3f4ef"", ""#fe8743""]","{""#f3f4ef"": 0.4438, ""#fe8743"": 0.4014}",#f3f4ef,light neutral,"large typography, sidebar, grid layout, feature list, icon list, form","modern, bold, minimal",0.72,Modern grid layout with light neutral background and large typography.,"modern, grid, light, bold, minimal, sidebar",3
Lapa Ninja (Post),Nicolas Giannantonio,https://www.lapa.ninja/post/nicolas-giannantonio/,https://cdn.lapa.ninja/assets/images/1x/nicolas-giannantonio-thumb.webp,"[""#ffffff""]","{""#ffffff"": 0.9172}",#ffffff,light neutral,"large typography, two-column layout, sidebar, feature list, card list, pricing cards","minimal, modern, futuristic",0.75,Minimal two-column layout with light neutral background and large typography.,"minimal, modern, light, typography, layout, clean",1
Lapa Ninja (Post),Vitali Zahharov,https://www.lapa.ninja/post/vitali-2/,https://cdn.lapa.ninja/assets/images/1x/vitali-2-thumb.webp,"[""#f6ebe5"", ""#17100e""]","{""#f6ebe5"": 0.5255, ""#17100e"": 0.1958}",#f6ebe5,light neutral,"grid layout, video background, split screen, sidebar, rounded buttons, large typography","modern, professional, futuristic",0.75,Modern grid layout with light neutral background and large typography in a split screen design.,"modern, professional, grid, light, split-screen, rounded-buttons, video-background",0
Lapa Ninja (Post),Isle of Skye Whisky,https://www.lapa.ninja/post/isleofskyewhisky/,https://cdn.lapa.ninja/assets/images/1x/isleofskyewhisky-thumb.webp,"[""#070605"", ""#231f1e""]","{""#070605"": 0.4251, ""#231f1e"": 0.3468}",#070605,dark neutral,"large typography, video background, sidebar, grid layout, top navigation, rounded buttons","bold, moody, cool",0.71,Bold grid layout with dark neutral tones and large typography over a video background.,"bold, moody, dark, grid, video-background, typography, rounded-buttons",6
Lapa Ninja (Post),Titan,https://www.lapa.ninja/post/titan/,https://cdn.lapa.ninja/assets/images/1x/titan-thumb.webp,"[""#252d35"", ""#fcfcfc""]","{""#252d35"": 0.4567, ""#fcfcfc"": 0.3209}",#252d35,dark muted blue,"grid layout, rounded buttons, large typography, pricing cards, top navigation, sidebar","minimal, modern, futuristic",0.73,Minimal grid layout with dark muted blue theme and large typography for emphasis.,"minimal, modern, dark-muted-blue, grid, typography, futuristic",4
Lapa Ninja (Post),Jess Wang,https://www.lapa.ninja/post/jwang/,https://cdn.lapa.ninja/assets/images/1x/jwang-thumb.webp,"[""#010101"", ""#b8d0ee""]","{""#010101"": 0.6285, ""#b8d0ee"": 0.232}",#010101,dark neutral,"top navigation, search bar, icon list, feature list, sidebar, grid layout","minimal, cool, modern",0.75,Minimal grid layout with dark neutral tones and a prominent top navigation.,"minimal, modern, dark, grid, navigation, sidebar",4
Lapa Ninja (Post),Mill,https://www.lapa.ninja/post/mill-2/,https://cdn.lapa.ninja/assets/images/1x/mill-2-thumb.webp,"[""#29130d"", ""#fdfaf5""]","{""#29130d"": 0.2065, ""#fdfaf5"": 0.4236}",#29130d,dark bright red,"sidebar, pricing cards, feature list, grid layout, footer, rounded buttons","professional, minimal, modern",0.6,Professional grid layout with dark bright red pricing cards and rounded buttons.,"professional, minimal, dark-red, grid, pricing-cards, rounded-buttons",7
Lapa Ninja (Post),Librairie Expérience,https://www.lapa.ninja/post/librairie-experience/,https://cdn.lapa.ninja/assets/images/1x/librairie-experience-thumb.webp,"[""#fef6e6"", ""#2a1f19""]","{""#fef6e6"": 0.8251, ""#2a1f19"": 0.056}",#fef6e6,light neutral,"large typography, sidebar, search bar, feature list, two-column layout, video background","modern, minimal, cool",0.75,Modern two-column layout with light neutral background and large typography.,"modern, minimal, light, two-column, typography, sidebar",1
Lapa Ninja (Post),Raus,https://www.lapa.ninja/post/raus/,https://cdn.lapa.ninja/assets/images/1x/raus-thumb.webp,"[""#fef9ef"", ""#a79b7f""]","{""#fef9ef"": 0.5439, ""#a79b7f"": 0.1312}",#fef9ef,light neutral,"grid layout, sidebar, split screen, feature list, icon list, video background","minimal, luxury, modern",0.75,Minimal split screen layout with light neutral background and a sidebar feature list.,"minimal, modern, light, grid, luxury, sidebar",0
Lapa Ninja (Post),MYTH,https://www.lapa.ninja/post/myth/,https://cdn.lapa.ninja/assets/images/1x/myth-thumb.webp,"[""#040404"", ""#1a1d1f""]","{""#040404"": 0.4825, ""#1a1d1f"": 0.4194}",#040404,dark neutral,"video background, split screen, large typography, sidebar, search bar, avatar","minimal, trustworthy, modern",0.74,Minimal split screen layout with dark neutral video background and large typography.,"minimal, modern, dark, split-screen, video-background, typography, trustworthy",5
Lapa Ninja (Post),"Hey, Bay City!",https://www.lapa.ninja/post/heybaycity/,https://cdn.lapa.ninja/assets/images/1x/heybaycity-thumb.webp,"[""#1e2128"", ""#f3f2eb""]","{""#1e2128"": 0.3525, ""#f3f2eb"": 0.3415}",#1e2128,dark muted blue,"grid layout, sidebar, feature list, video background, two-column layout, icon list","modern, artistic, retro",0.68,Modern grid layout with dark muted blue tones and a two-column structure.,"modern, grid, dark-muted-blue, sidebar, video-background, artistic",6
Lapa Ninja (Post),Heva Health,https://www.lapa.ninja/post/hevahealth/,https://cdn.lapa.ninja/assets/images/1x/hevahealth-thumb.webp,"[""#4987a9"", ""#fbfbee""]","{""#4987a9"": 0.245, ""#fbfbee"": 0.4302}",#4987a9,bright blue,"rounded buttons, video background, grid layout, sidebar, large typography, split screen","minimal, modern, bold",0.62,Minimal grid layout with bright blue video background and large typography.,"minimal, modern, bright-blue, grid, video-background, bold, typography",6
Lapa Ninja (Post),Yann-Edern Gillet,https://www.lapa.ninja/post/yannglt-2/,https://cdn.lapa.ninja/assets/images/1x/yannglt-2-thumb.webp,"[""#040609""]","{""#040609"": 0.9663}",#040609,dark neutral,"large typography, feature list, rounded buttons, grid layout, sidebar, icon list","modern, cool, futuristic",0.75,Modern grid layout with dark neutral tones and large typography.,"modern, grid, dark, typography, rounded-buttons, sidebar",4
Lapa Ninja (Post),SFI,https://www.lapa.ninja/post/starfadesinternational/,https://cdn.lapa.ninja/assets/images/1x/starfadesinternational-thumb.webp,"[""#f9f3ef"", ""#d0d1ca""]","{""#f9f3ef"": 0.4306, ""#d0d1ca"": 0.1957}",#f9f3ef,light neutral,"rounded buttons, grid layout, large typography, form, sidebar, footer","minimal, modern, futuristic",0.72,Minimal grid layout with light neutral tones and large typography elements.,"minimal, modern, light, grid, typography, rounded-buttons, sidebar",3
Lapa Ninja (Post),Codex,https://www.lapa.ninja/post/codex/,https://cdn.lapa.ninja/assets/images/1x/codex-thumb.webp,"[""#111111""]","{""#111111"": 0.9132}",#111111,dark neutral,"data table, large typography, chart, icon list, avatar, search bar","modern, minimal, cool",0.75,Modern layout featuring dark neutral tones with large typography and a data table.,"modern, minimal, dark, typography, data-table, cool",1
Lapa Ninja (Post),tinyPod,https://www.lapa.ninja/post/thetinypod/,https://cdn.lapa.ninja/assets/images/1x/thetinypod-thumb.webp,"[""#559dfc"", ""#080d1b""]","{""#559dfc"": 0.3244, ""#080d1b"": 0.2857}",#559dfc,bright blue,"video background, split screen, search bar, rounded buttons, sidebar, top navigation","futuristic, modern, creative",0.66,Modern split screen layout with bright blue video background and rounded buttons.,"modern, futuristic, bright-blue, split-screen, video, rounded-buttons",5
Lapa Ninja (Post),Cob,https://www.lapa.ninja/post/cobfoods/,https://cdn.lapa.ninja/assets/images/1x/cobfoods-thumb.webp,"[""#f4f2e5"", ""#331016""]","{""#f4f2e5"": 0.2985, ""#331016"": 0.286}",#f4f2e5,light neutral,"pricing cards, rounded buttons, sidebar, large typography, footer, feature list","cool, luxury, friendly",0.65,Light neutral layout featuring large typography and rounded buttons in the pricing cards.,"neutral, friendly, luxury, typography, rounded-buttons, pricing-cards, sidebar",7
Lapa Ninja (Post),Dogelon Mars,https://www.lapa.ninja/post/dogelonmars/,https://cdn.lapa.ninja/assets/images/1x/dogelonmars-thumb.webp,"[""#15101c"", ""#42313a""]","{""#15101c"": 0.6037, ""#42313a"": 0.1716}",#15101c,dark muted purple,"video background, top navigation, sidebar, avatar, feature list, card list","retro, artistic, cool",0.75,Retro layout with dark muted purple video background and prominent sidebar navigation.,"retro, artistic, dark-purple, video-background, sidebar, cool",6
Lapa Ninja (Post),Quin,https://www.lapa.ninja/post/heyquin/,https://cdn.lapa.ninja/assets/images/1x/heyquin-thumb.jpg,"[""#f3f5ef"", ""#0e3f35""]","{""#f3f5ef"": 0.4762, ""#0e3f35"": 0.3832}",#f3f5ef,light neutral,"grid layout, rounded buttons, pricing cards, sidebar, footer, split screen","modern, professional, friendly",0.74,Modern grid layout with light neutral tones and rounded buttons.,"modern, professional, light, grid, rounded-buttons, friendly",2
Lapa Ninja (Post),Strategyzer,https://www.lapa.ninja/post/strategyzer/,https://cdn.lapa.ninja/assets/images/1x/strategyzer-thumb.webp,"[""#0226e0"", ""#fefbff""]","{""#0226e0"": 0.3477, ""#fefbff"": 0.4783}",#0226e0,bright blue,"large typography, pricing cards, rounded buttons, grid layout, top navigation, footer","futuristic, modern, minimal",0.67,Modern grid layout with bright blue typography and rounded buttons.,"modern, grid, bright-blue, rounded-buttons, pricing-cards, minimal",7
Lapa Ninja (Post),Ray Philly,https://www.lapa.ninja/post/rayphilly/,https://cdn.lapa.ninja/assets/images/1x/rayphilly-thumb.webp,"[""#e0dbd6"", ""#b8a795""]","{""#e0dbd6"": 0.4462, ""#b8a795"": 0.1752}",#e0dbd6,light muted orange,"grid layout, large typography, split screen, form, single column, pricing cards","modern, minimal, futuristic",0.72,Modern grid layout with light muted orange sections and large typography.,"modern, minimal, light, grid, typography, split-screen",4
Lapa Ninja (Post),Populous,https://www.lapa.ninja/post/populous/,https://cdn.lapa.ninja/assets/images/1x/populous-thumb.webp,"[""#080a0e"", ""#fefefe""]","{""#080a0e"": 0.2535, ""#fefefe"": 0.3342}",#080a0e,dark neutral,"large typography, split screen, sidebar, feature list, grid layout, rounded buttons","modern, futuristic, bold",0.63,Modern split screen layout with dark neutral tones and large typography.,"modern, bold, dark, split-screen, typography, grid, rounded-buttons",0
Lapa Ninja (Post),GitBook,https://www.lapa.ninja/post/gitbook-4/,https://cdn.lapa.ninja/assets/images/1x/gitbook-4-thumb.webp,"[""#badce5"", ""#1a2022""]","{""#badce5"": 0.3968, ""#1a2022"": 0.374}",#badce5,bright teal,"grid layout, rounded buttons, split screen, search bar, footer, top navigation","minimal, modern, futuristic",0.7,Minimal grid layout with bright teal split screen and rounded buttons.,"minimal, modern, bright-teal, grid, rounded-buttons, futuristic",2
Lapa Ninja (Post),Eun Jeong Yoo,https://www.lapa.ninja/post/eunjeongyoo-3/,https://cdn.lapa.ninja/assets/images/1x/eunjeongyoo-3-thumb.webp,"[""#fdfdfd"", ""#070707""]","{""#fdfdfd"": 0.5194, ""#070707"": 0.1508}",#fdfdfd,light neutral,"video background, grid layout, sidebar, rounded buttons, pricing cards, feature list","luxury, modern, minimal",0.75,Modern grid layout with light neutral background and video feature.,"modern, minimal, grid, video, luxury, rounded-buttons",6
Lapa Ninja (Post),Benjamin Hutter,https://www.lapa.ninja/post/benjaminhutter/,https://cdn.lapa.ninja/assets/images/1x/benjaminhutter-thumb.webp,"[""#acacac"", ""#191919""]","{""#acacac"": 0.8307, ""#191919"": 0.0572}",#acacac,muted gray,"grid layout, icon list, feature list, sidebar, split screen, video background","modern, minimal, cool",0.75,Modern split screen layout with muted gray background and a video feature.,"modern, minimal, muted-gray, grid, video, sidebar",5
Lapa Ninja (Post),Harvard University,https://www.lapa.ninja/post/harvard/,https://cdn.lapa.ninja/assets/images/1x/harvard-thumb.webp,"[""#edefee"", ""#bab8b1""]","{""#edefee"": 0.7975, ""#bab8b1"": 0.1023}",#edefee,light neutral,"grid layout, rounded buttons, footer, large typography, sidebar, search bar","modern, cool, friendly",0.75,Modern grid layout with light neutral tones and large typography.,"modern, grid, light, friendly, rounded-buttons, sidebar",3
Lapa Ninja (Post),ARTXCODE,https://www.lapa.ninja/post/artxcode/,https://cdn.lapa.ninja/assets/images/1x/artxcode-thumb.webp,"[""#fffefe""]","{""#fffefe"": 0.8959}",#fffefe,light neutral,"pricing cards, feature list, rounded buttons, card list, sidebar, icon list","modern, minimal, artistic",0.75,Modern layout featuring light neutral pricing cards and rounded buttons.,"modern, minimal, light, pricing-cards, rounded-buttons, artistic",7
Lapa Ninja (Post),Morphic,https://www.lapa.ninja/post/morphic/,https://cdn.lapa.ninja/assets/images/1x/morphic-thumb.webp,"[""#050605"", ""#b68ea2""]","{""#050605"": 0.5647, ""#b68ea2"": 0.1404}",#050605,dark neutral,"video background, split screen, search bar, grid layout, rounded buttons, sidebar","modern, futuristic, artistic",0.75,Modern split screen layout with dark neutral video background and rounded buttons.,"modern, futuristic, dark, grid, video, rounded-buttons",5
Lapa Ninja (Post),Kinfolk,https://www.lapa.ninja/post/kinfolk/,https://cdn.lapa.ninja/assets/images/1x/kinfolk-thumb.webp,"[""#adaaa1"", ""#fefefe""]","{""#adaaa1"": 0.2794, ""#fefefe"": 0.512}",#adaaa1,muted gray,"video background, sidebar, split screen, carousel, rounded buttons, hero image","modern, creative, minimal",0.64,Modern split screen layout with muted gray video background and rounded buttons.,"modern, creative, minimal, muted-gray, split-screen, rounded-buttons",5
Lapa Ninja (Post),Pursuit,https://www.lapa.ninja/post/pursuit/,https://cdn.lapa.ninja/assets/images/1x/pursuit-thumb.webp,"[""#19152c""]","{""#19152c"": 0.8358}",#19152c,dark bright blue,"icon list, pricing cards, feature list, cta button, grid layout, video background","futuristic, artistic, retro",0.75,Futuristic grid layout with dark bright blue video background and prominent pricing cards.,"futuristic, grid, dark-blue, video-background, pricing-cards, artistic",7
Lapa Ninja (Post),Fonts Ninja,https://www.lapa.ninja/post/fonts-ninja-2/,https://cdn.lapa.ninja/assets/images/1x/fonts-ninja-2-thumb.webp,"[""#ffffff"", ""#161616""]","{""#ffffff"": 0.8499, ""#161616"": 0.0591}",#ffffff,light neutral,"large typography, icon list, pricing cards, two-column layout, grid layout, feature list","modern, creative, cool",0.75,Modern two-column layout with light neutral background and large typography.,"modern, creative, light, typography, grid, layout",1
Lapa Ninja (Post),Wimp,https://www.lapa.ninja/post/wimpdecaf/,https://cdn.lapa.ninja/assets/images/1x/wimpdecaf-thumb.webp,"[""#fdfcfb""]","{""#fdfcfb"": 0.8859}",#fdfcfb,light neutral,"rounded buttons, large typography, sidebar, two-column layout, search bar, video background","retro, minimal, cool",0.75,Minimal two-column layout with light neutral tones and large typography.,"minimal, retro, light, two-column, typography, sidebar",1
Lapa Ninja (Post),Uxkosta,https://www.lapa.ninja/post/uxkosta/,https://cdn.lapa.ninja/assets/images/1x/uxkosta-thumb.webp,"[""#fefefd"", ""#d46940""]","{""#fefefd"": 0.7609, ""#d46940"": 0.0863}",#fefefd,light neutral,"search bar, sidebar, icon list, feature list, rounded buttons, top navigation","modern, minimal, futuristic",0.75,Modern layout with light neutral background and rounded buttons for navigation.,"modern, minimal, neutral, rounded-buttons, navigation, clean",2
Lapa Ninja (Post),STUDIO,https://www.lapa.ninja/post/studio-design-4/,https://cdn.lapa.ninja/assets/images/1x/studio-design-4-thumb.webp,"[""#f5f5f5"", ""#151514""]","{""#f5f5f5"": 0.7449, ""#151514"": 0.1184}",#f5f5f5,light neutral,"grid layout, rounded buttons, large typography, sidebar, search bar, footer","modern, minimal, futuristic",0.75,Modern grid layout with light neutral background and large typography.,"modern, minimal, light, grid, typography, sidebar, rounded-buttons",3
Lapa Ninja (Post),makemeplay,https://www.lapa.ninja/post/makemepulse-3/,https://cdn.lapa.ninja/assets/images/1x/makemepulse-3-thumb.webp,"[""#2a292a"", ""#fdfcfe""]","{""#2a292a"": 0.3822, ""#fdfcfe"": 0.5369}",#2a292a,dark gray,"rounded buttons, sidebar, video background, large typography, pricing cards, logo","creative, professional, modern",0.69,Professional layout with dark gray sidebar and large typography elements.,"modern, creative, dark-gray, sidebar, typography, rounded-buttons",6
Lapa Ninja (Post),Little Troop,https://www.lapa.ninja/post/littletroop/,https://cdn.lapa.ninja/assets/images/1x/littletroop-thumb.webp,"[""#fcfcfb"", ""#c8c3cb""]","{""#fcfcfb"": 0.554, ""#c8c3cb"": 0.131}",#fcfcfb,light neutral,"grid layout, rounded buttons, icon list, cta button, video background, sidebar","modern, minimal, futuristic",0.75,Modern grid layout with light neutral tones and rounded buttons.,"modern, minimal, light, grid, rounded-buttons, sidebar, video-background",2
Lapa Ninja (Post),DePoly,https://www.lapa.ninja/post/depoly/,https://cdn.lapa.ninja/assets/images/1x/depoly-thumb.webp,"[""#eaeae1"", ""#405056""]","{""#eaeae1"": 0.7786, ""#405056"": 0.0655}",#eaeae1,light muted yellow,"sidebar, logo, avatar, form, feature list, pricing cards","futuristic, retro, creative",0.75,Light neutral layout featuring a sidebar with a logo and a structured pricing card section.,"neutral, sidebar, structured, creative, pricing-cards, modern",7
Lapa Ninja (Post),Artboard Studio,https://www.lapa.ninja/post/artboard-studio-3/,https://cdn.lapa.ninja/assets/images/1x/artboard-studio-3-thumb.webp,"[""#f9f9f9"", ""#393b30""]","{""#f9f9f9"": 0.6664, ""#393b30"": 0.1481}",#f9f9f9,light neutral,"split screen, sidebar, rounded buttons, video background, grid layout, large typography","modern, artistic, creative",0.75,Modern split screen layout with dark muted gray sidebar and large typography.,"modern, artistic, dark-muted-gray, sidebar, grid, creative",5
Lapa Ninja (Post),Alex Hunting,https://www.lapa.ninja/post/alexhunting/,https://cdn.lapa.ninja/assets/images/1x/alexhunting-thumb.webp,"[""#162229"", ""#020407""]","{""#162229"": 0.5954, ""#020407"": 0.1398}",#162229,dark muted blue,"large typography, grid layout, video background, split screen, footer, search bar","modern, minimal, futuristic",0.75,Modern grid layout with dark muted blue background and large typography.,"modern, minimal, dark-muted-blue, grid, typography, video-background",4
Lapa Ninja (Post),Summa Equity,https://www.lapa.ninja/post/summaequity/,https://cdn.lapa.ninja/assets/images/1x/summaequity-thumb.webp,"[""#fbfcfc"", ""#4a6562""]","{""#fbfcfc"": 0.8308, ""#4a6562"": 0.0571}",#fbfcfc,light neutral,"grid layout, large typography, rounded buttons, sidebar, video background, footer","modern, minimal, professional",0.75,Modern grid layout with light neutral background and large typography.,"modern, minimal, professional, grid, typography, rounded-buttons",3
Lapa Ninja (Post),Cristina Gómez,https://www.lapa.ninja/post/cristinagomezruiz/,https://cdn.lapa.ninja/assets/images/1x/cristinagomezruiz-thumb.webp,"[""#ebebeb"", ""#4c3924""]","{""#ebebeb"": 0.7801, ""#4c3924"": 0.1352}",#ebebeb,light neutral,"grid layout, large typography, sidebar, rounded buttons, two-column layout, centered hero","minimal, professional, modern",0.75,Minimal two-column layout with light neutral background and large typography.,"minimal, professional, light, grid, modern, rounded-buttons",3
Lapa Ninja (Post),+13322566869,https://www.lapa.ninja/post/13322566869/,https://cdn.lapa.ninja/assets/images/1x/13322566869-thumb.webp,"[""#9f142d"", ""#fefefd""]","{""#9f142d"": 0.3666, ""#fefefd"": 0.3616}",#9f142d,bright red,"large typography, grid layout, footer, sidebar, video background, rounded buttons","professional, serious, futuristic",0.68,Professional grid layout with bright red typography and rounded buttons.,"professional, serious, bright-red, grid, rounded-buttons, video-background",6
Lapa Ninja (Post),Decathland,https://www.lapa.ninja/post/decathland/,https://cdn.lapa.ninja/assets/images/1x/decathland-thumb.webp,"[""#fbd7db"", ""#0a0b0e""]","{""#fbd7db"": 0.7256, ""#0a0b0e"": 0.1191}",#fbd7db,light bright red,"pricing cards, sidebar, feature list, card list, grid layout, icon list","retro, cool, luxury",0.75,Retro grid layout with light bright red pricing cards and a sidebar.,"retro, grid, light-red, pricing-cards, sidebar, cool, luxury",7
Lapa Ninja (Post),unplain,https://www.lapa.ninja/post/unplainofficial/,https://cdn.lapa.ninja/assets/images/1x/unplainofficial-thumb.webp,"[""#fbf6e4"", ""#d2d2c8""]","{""#fbf6e4"": 0.2974, ""#d2d2c8"": 0.2381}",#fbf6e4,light neutral,"large typography, grid layout, video background, sidebar, avatar, rounded buttons","minimal, modern, luxury",0.65,Minimal grid layout with light neutral tones and large typography featuring rounded buttons.,"minimal, modern, light, grid, luxury, typography, rounded-buttons",3
Lapa Ninja (Post),Made Crate,https://www.lapa.ninja/post/madecrate/,https://cdn.lapa.ninja/assets/images/1x/madecrate-thumb.webp,"[""#edece8"", ""#322a19""]","{""#edece8"": 0.3273, ""#322a19"": 0.2488}",#edece8,light neutral,"grid layout, rounded buttons, pricing cards, two-column layout, sidebar, footer","modern, minimal, luxury",0.66,Modern grid layout with light neutral tones and rounded buttons.,"modern, minimal, light, grid, luxury, rounded-buttons",2
Lapa Ninja (Post),Alipo,https://www.lapa.ninja/post/alipo/,https://cdn.lapa.ninja/assets/images/1x/alipo-thumb.webp,"[""#edebeb"", ""#aeacab""]","{""#edebeb"": 0.3732, ""#aeacab"": 0.2675}",#edebeb,light neutral,"video background, large typography, rounded buttons, grid layout, search bar, top navigation","minimal, creative, modern",0.69,Minimal grid layout with light neutral background and large typography.,"minimal, modern, light, grid, rounded-buttons, video-background",3
Lapa Ninja (Post),ENS Domains,https://www.lapa.ninja/post/ens-domains/,https://cdn.lapa.ninja/assets/images/1x/ens-domains-thumb.webp,"[""#d9e2e8"", ""#f6f6f6""]","{""#d9e2e8"": 0.2795, ""#f6f6f6"": 0.6641}",#d9e2e8,light muted blue,"search bar, sidebar, top navigation, icon list, footer, grid layout","modern, minimal, futuristic",0.64,Modern grid layout with light muted blue sidebar and a prominent search bar.,"modern, minimal, light, grid, sidebar, search-bar, clean",2
Lapa Ninja (Post),Ethos Network,https://www.lapa.ninja/post/ethos-network/,https://cdn.lapa.ninja/assets/images/1x/ethos-network-thumb.webp,"[""#131415"", ""#cde5f9""]","{""#131415"": 0.4365, ""#cde5f9"": 0.2563}",#131415,dark neutral,"large typography, split screen, grid layout, video background, sidebar, search bar","creative, modern, minimal",0.72,Modern split screen layout with dark neutral tones and large typography.,"modern, minimal, dark, grid, creative, video-background",5
Lapa Ninja (Post),Yuna,https://www.lapa.ninja/post/yunastories/,https://cdn.lapa.ninja/assets/images/1x/yunastories-thumb.webp,"[""#fcf3ef"", ""#41328d""]","{""#fcf3ef"": 0.3958, ""#41328d"": 0.2349}",#fcf3ef,light neutral,"video background, rounded buttons, sidebar, search bar, avatar, footer","minimal, cool, calm",0.7,Minimal layout with light neutral video background and rounded buttons.,"minimal, calm, light, video-background, rounded-buttons, sidebar",6
Lapa Ninja (Post),Studio Size,https://www.lapa.ninja/post/studio-size/,https://cdn.lapa.ninja/assets/images/1x/studio-size-thumb.webp,"[""#040405"", ""#e8e3e4""]","{""#040405"": 0.456, ""#e8e3e4"": 0.1782}",#040405,dark neutral,"video background, rounded buttons, large typography, feature list, grid layout, sidebar","modern, futuristic, minimal",0.73,Modern grid layout with dark neutral video background and large typography.,"modern, minimal, dark, grid, video-background, rounded-buttons, typography",6
Lapa Ninja (Post),Den.Cool,https://www.lapa.ninja/post/den-cool/,https://cdn.lapa.ninja/assets/images/1x/den-cool-thumb.webp,"[""#f5f5f5"", ""#0d0d0d""]","{""#f5f5f5"": 0.7955, ""#0d0d0d"": 0.1324}",#f5f5f5,light neutral,"large typography, grid layout, icon list, rounded buttons, sidebar, video background","minimal, modern, futuristic",0.75,Minimal grid layout with light neutral background and large typography.,"minimal, modern, light, grid, typography, rounded-buttons, sidebar",3
Lapa Ninja (Post),LFG,https://www.lapa.ninja/post/lfg-cash/,https://cdn.lapa.ninja/assets/images/1x/lfg-cash-thumb.webp,"[""#050309"", ""#d65332""]","{""#050309"": 0.7157, ""#d65332"": 0.0974}",#050309,dark neutral,"icon list, feature list, video background, pricing cards, grid layout, sidebar","luxury, futuristic, cool",0.75,Dark neutral grid layout featuring a video background and an icon list.,"dark, grid, luxury, futuristic, video-background, icons",6
Lapa Ninja (Post),Sugar,https://www.lapa.ninja/post/sugar/,https://cdn.lapa.ninja/assets/images/1x/sugar-thumb.webp,"[""#eee3e0"", ""#2c2d32""]","{""#eee3e0"": 0.362, ""#2c2d32"": 0.2491}",#eee3e0,light muted red,"search bar, sidebar, rounded buttons, split screen, footer, video background","modern, futuristic, minimal",0.68,Modern split screen layout with light muted red background and rounded buttons.,"modern, minimal, light-muted-red, split-screen, rounded-buttons, sidebar",0
Lapa Ninja (Post),Todoist,https://www.lapa.ninja/post/todoist-5/,https://cdn.lapa.ninja/assets/images/1x/todoist-5-thumb.webp,"[""#fefcfb"", ""#f5e8dc""]","{""#fefcfb"": 0.859, ""#f5e8dc"": 0.0706}",#fefcfb,light neutral,"grid layout, rounded buttons, footer, large typography, search bar, top navigation","modern, minimal, professional",0.75,Modern grid layout with light neutral tones and large typography.,"modern, minimal, professional, grid, typography, rounded-buttons",3
Lapa Ninja (Post),Jose Ocando,https://www.lapa.ninja/post/joseocando/,https://cdn.lapa.ninja/assets/images/1x/joseocando-thumb.webp,"[""#e5e5df"", ""#0a2733""]","{""#e5e5df"": 0.4871, ""#0a2733"": 0.2701}",#e5e5df,light muted yellow,"rounded buttons, large typography, grid layout, icon list, search bar, sidebar","minimal, modern, professional",0.74,Minimal grid layout with light muted yellow background and large typography.,"minimal, modern, light, grid, professional, typography, rounded-buttons",3
Lapa Ninja (Post),Accordion,https://www.lapa.ninja/post/accordion/,https://cdn.lapa.ninja/assets/images/1x/accordion-thumb.webp,"[""#020202"", ""#e9c209""]","{""#020202"": 0.512, ""#e9c209"": 0.2373}",#020202,dark neutral,"video background, sidebar, rounded buttons, large typography, logo, feature list","modern, cool, artistic",0.75,Modern layout with dark neutral video background and large typography.,"modern, cool, dark, artistic, sidebar, rounded-buttons, feature-list",6
Lapa Ninja (Post),Alastair Strong Studio,https://www.lapa.ninja/post/alastairstrong/,https://cdn.lapa.ninja/assets/images/1x/alastairstrong-thumb.webp,"[""#ffffff"", ""#151313""]","{""#ffffff"": 0.6315, ""#151313"": 0.1613}",#ffffff,light neutral,"icon list, grid layout, large typography, video background, rounded buttons, avatar","futuristic, modern, minimal",0.75,Modern grid layout with light neutral background and large typography.,"modern, minimal, grid, light, large-typography, rounded-buttons, futuristic",3
Lapa Ninja (Post),FEASTIE,https://www.lapa.ninja/post/feastie/,https://cdn.lapa.ninja/assets/images/1x/feastie-thumb.webp,"[""#fcf1f8"", ""#4a285a""]","{""#fcf1f8"": 0.59, ""#4a285a"": 0.1438}",#fcf1f8,light neutral,"pricing cards, sidebar, feature list, grid layout, card list, video background","cool, retro, futuristic",0.75,Light neutral grid layout featuring pricing cards and a video background.,"cool, retro, grid, video-background, pricing-cards, futuristic",7
Lapa Ninja (Post),Matrix,https://www.lapa.ninja/post/matrix/,https://cdn.lapa.ninja/assets/images/1x/matrix-thumb.webp,"[""#f6f6f6"", ""#c4c7c8""]","{""#f6f6f6"": 0.7525, ""#c4c7c8"": 0.1277}",#f6f6f6,light neutral,"grid layout, large typography, rounded buttons, sidebar, icon list, feature list","minimal, modern, professional",0.75,Minimal grid layout with light neutral background and large typography.,"minimal, modern, professional, grid, typography, rounded-buttons",3
Lapa Ninja (Post),Lithic,https://www.lapa.ninja/post/lithic-2/,https://cdn.lapa.ninja/assets/images/1x/lithic-2-thumb.webp,"[""#f9f9f9"", ""#4564d6""]","{""#f9f9f9"": 0.8997, ""#4564d6"": 0.0515}",#f9f9f9,light neutral,"grid layout, rounded buttons, large typography, pricing cards, feature list, footer","minimal, modern, futuristic",0.75,Minimal grid layout with light neutral background and large typography.,"minimal, modern, neutral, grid, typography, futuristic",3
Lapa Ninja (Post),Oddit,https://www.lapa.ninja/post/oddit/,https://cdn.lapa.ninja/assets/images/1x/oddit-thumb.webp,"[""#f8fdfd""]","{""#f8fdfd"": 0.8836}",#f8fdfd,light neutral,"footer, large typography, sidebar, split screen, video background, rounded buttons","futuristic, modern, cool",0.75,Modern split screen layout with light neutral background and large typography.,"modern, futuristic, light, split-screen, large-typography, rounded-buttons",0
Lapa Ninja (Post),Linda Ikechukwu,https://www.lapa.ninja/post/lindaikechukwu/,https://cdn.lapa.ninja/assets/images/1x/lindaikechukwu-thumb.webp,"[""#f6f4f0"", ""#373736""]","{""#f6f4f0"": 0.6652, ""#373736"": 0.1332}",#f6f4f0,light neutral,"sidebar, grid layout, large typography, rounded buttons, centered hero, two-column layout","modern, professional, bold",0.75,Modern grid layout with light neutral background and large typography.,"modern, professional, grid, large-typography, rounded-buttons, centered-hero",3
Lapa Ninja (Post),Tinyman,https://www.lapa.ninja/post/tinyman/,https://cdn.lapa.ninja/assets/images/1x/tinyman-thumb.webp,"[""#3bc881"", ""#fdfdf9""]","{""#3bc881"": 0.4701, ""#fdfdf9"": 0.3087}",#3bc881,bright green,"rounded buttons, cta button, grid layout, pricing cards, sidebar, footer","modern, futuristic, cool",0.74,Modern grid layout with bright green pricing cards and rounded buttons.,"modern, grid, bright-green, rounded-buttons, pricing-cards, cool",7
Lapa Ninja (Post),Drex,https://www.lapa.ninja/post/drex/,https://cdn.lapa.ninja/assets/images/1x/drex-thumb.webp,"[""#e8e5dd"", ""#fefefe""]","{""#e8e5dd"": 0.1941, ""#fefefe"": 0.7601}",#e8e5dd,light muted orange,"rounded buttons, grid layout, pricing cards, large typography, sidebar, video background","minimal, modern, artistic",0.6,Minimal grid layout with light muted orange accents and rounded buttons.,"minimal, modern, light-muted-orange, grid, rounded-buttons, artistic",2
Lapa Ninja (Post),Thibaut Crépelle,https://www.lapa.ninja/post/thibaut/,https://cdn.lapa.ninja/assets/images/1x/thibaut-thumb.webp,"[""#010101"", ""#1c322b""]","{""#010101"": 0.8488, ""#1c322b"": 0.082}",#010101,dark neutral,"sidebar, video background, top navigation, data table, icon list, search bar","modern, retro, cool",0.75,Modern layout with dark neutral tones featuring a video background and top navigation.,"modern, dark, video-background, sidebar, navigation, data-table",6
Lapa Ninja (Post),Anyways,https://www.lapa.ninja/post/anyways/,https://cdn.lapa.ninja/assets/images/1x/anyways-thumb.webp,"[""#d9d6d5"", ""#f8f8f8""]","{""#d9d6d5"": 0.4316, ""#f8f8f8"": 0.1594}",#d9d6d5,light gray,"video background, grid layout, sidebar, top navigation, avatar, feature list","minimal, creative, professional",0.72,Minimal grid layout with light gray video background and top navigation.,"minimal, grid, light-gray, professional, video-background, creative",6
Lapa Ninja (Post),Litebox,https://www.lapa.ninja/post/litebox/,https://cdn.lapa.ninja/assets/images/1x/litebox-thumb.webp,"[""#f0efe8"", ""#22360f""]","{""#f0efe8"": 0.7267, ""#22360f"": 0.0947}",#f0efe8,light neutral,"large typography, rounded buttons, grid layout, pricing cards, two-column layout, sidebar","modern, minimal, professional",0.75,Modern grid layout with light neutral background and large typography.,"modern, minimal, light, grid, professional, typography",3
Lapa Ninja (Post),STR8FIRE,https://www.lapa.ninja/post/str8fire/,https://cdn.lapa.ninja/assets/images/1x/str8fire-thumb.webp,"[""#090e21"", ""#091744""]","{""#090e21"": 0.4899, ""#091744"": 0.3935}",#090e21,dark neutral,"video background, sidebar, rounded buttons, pricing cards, split screen, feature list","retro, modern, futuristic",0.74,Modern split screen layout with dark neutral video background and rounded buttons.,"modern, split-screen, dark-neutral, video-background, rounded-buttons, pricing-cards",5
Lapa Ninja (Post),Zero Studios,https://www.lapa.ninja/post/zero-2/,https://cdn.lapa.ninja/assets/images/1x/zero-2-thumb.webp,"[""#000000"", ""#59c5b2""]","{""#000000"": 0.4451, ""#59c5b2"": 0.3841}",#000000,dark neutral,"video background, hero image, sidebar, logo, split screen, centered hero","retro, creative, modern",0.72,Modern split screen layout with dark neutral video background and centered hero image.,"modern, creative, dark, split-screen, video-background, hero",5
Lapa Ninja (Post),Due,https://www.lapa.ninja/post/opendue/,https://cdn.lapa.ninja/assets/images/1x/opendue-thumb.webp,"[""#ffffff""]","{""#ffffff"": 0.9121}",#ffffff,light neutral,"pricing cards, rounded buttons, split screen, sidebar, large typography, video background","modern, creative, friendly",0.75,Modern split screen layout with light neutral background and large typography.,"modern, creative, friendly, split-screen, large-typography, pricing-cards",0
Lapa Ninja (Post),Bike Time,https://www.lapa.ninja/post/bike-time/,https://cdn.lapa.ninja/assets/images/1x/bike-time-thumb.webp,"[""#f3f1ef"", ""#282621""]","{""#f3f1ef"": 0.7523, ""#282621"": 0.08}",#f3f1ef,light neutral,"grid layout, large typography, top navigation, footer, rounded buttons, feature list","modern, futuristic, minimal",0.75,Modern grid layout with light neutral tones and large typography.,"modern, grid, light, minimal, typography, rounded-buttons",3
Lapa Ninja (Post),Underline Colorado Springs,https://www.lapa.ninja/post/underline/,https://cdn.lapa.ninja/assets/images/1x/underline-thumb.webp,"[""#fecee5"", ""#fef7ec""]","{""#fecee5"": 0.5161, ""#fef7ec"": 0.3612}",#fecee5,light bright red,"top navigation, pricing cards, sidebar, two-column layout, grid layout, rounded buttons","modern, futuristic, minimal",0.75,Modern two-column layout with light bright red pricing cards and rounded buttons.,"modern, minimal, light-bright-red, grid, pricing-cards, rounded-buttons",7
Lapa Ninja (Post),Guts Agency,https://www.lapa.ninja/post/guts/,https://cdn.lapa.ninja/assets/images/1x/guts-thumb.webp,"[""#010001"", ""#3220f0""]","{""#010001"": 0.7028, ""#3220f0"": 0.1566}",#010001,dark neutral,"rounded buttons, sidebar, split screen, large typography, search bar, feature list","futuristic, modern, cool",0.75,Modern split screen layout with dark neutral tones and large typography.,"modern, split-screen, dark-neutral, rounded-buttons, futuristic, cool",0
Lapa Ninja (Post),tbh,https://www.lapa.ninja/post/tbh/,https://cdn.lapa.ninja/assets/images/1x/tbh-thumb.webp,"[""#fcfaf8"", ""#afc49d""]","{""#fcfaf8"": 0.8542, ""#afc49d"": 0.0553}",#fcfaf8,light neutral,"grid layout, sidebar, split screen, rounded buttons, large typography, pricing cards","modern, minimal, bold",0.75,Modern split screen layout with light neutral background and large typography.,"modern, minimal, light, grid, bold, rounded-buttons",0
Lapa Ninja (Post),Little Plains,https://www.lapa.ninja/post/littleplains/,https://cdn.lapa.ninja/assets/images/1x/littleplains-thumb.webp,"[""#ffffff""]","{""#ffffff"": 0.983}",#ffffff,light neutral,"large typography, footer, rounded buttons, grid layout, pricing cards, top navigation","minimal, creative, modern",0.75,Minimal layout with light neutral tones featuring large typography and a grid structure.,"minimal, modern, light, grid, typography, creative, footer",3
Lapa Ninja (Post),BYPG,https://www.lapa.ninja/post/bypg/,https://cdn.lapa.ninja/assets/images/1x/bypg-thumb.webp,"[""#fededb"", ""#ea0412""]","{""#fededb"": 0.571, ""#ea0412"": 0.1729}",#fededb,light bright red,"large typography, rounded buttons, grid layout, sidebar, feature list, avatar","modern, bold, futuristic",0.75,Modern grid layout with light bright red typography and rounded buttons.,"modern, bold, light-red, grid, rounded-buttons, sidebar, feature-list",4
Lapa Ninja (Post),The Modern Dentist,https://www.lapa.ninja/post/themoderndentist/,https://cdn.lapa.ninja/assets/images/1x/themoderndentist-thumb.webp,"[""#e1dfdc"", ""#6ac2b4""]","{""#e1dfdc"": 0.5436, ""#6ac2b4"": 0.3035}",#e1dfdc,light gray,"split screen, rounded buttons, sidebar, grid layout, large typography, footer","modern, minimal, friendly",0.75,Modern split screen layout with light gray background and rounded buttons.,"modern, minimal, light-gray, rounded-buttons, grid, friendly",0
Lapa Ninja (Post),SĀDH,https://www.lapa.ninja/post/sadh/,https://cdn.lapa.ninja/assets/images/1x/sadh-thumb.webp,"[""#80a78c"", ""#a3bea7""]","{""#80a78c"": 0.3808, ""#a3bea7"": 0.3215}",#80a78c,muted green,"grid layout, sidebar, form, video background, avatar, carousel","retro, bold, serious",0.69,Retro grid layout with muted green sidebar and video background.,"retro, bold, muted-green, grid, serious, layout",6
Lapa Ninja (Post),Tricky Knot,https://www.lapa.ninja/post/trickyknot/,https://cdn.lapa.ninja/assets/images/1x/trickyknot-thumb.webp,"[""#3454a2"", ""#162d49""]","{""#3454a2"": 0.4917, ""#162d49"": 0.2121}",#3454a2,bright blue,"video background, split screen, sidebar, search bar, top navigation, feature list","modern, cool, futuristic",0.75,Modern split screen layout with bright blue video background and top navigation.,"modern, split-screen, bright-blue, video-background, sidebar, cool",5
Lapa Ninja (Post),Fasset,https://www.lapa.ninja/post/fasset/,https://cdn.lapa.ninja/assets/images/1x/fasset-thumb.webp,"[""#797b70"", ""#44382c""]","{""#797b70"": 0.4966, ""#44382c"": 0.285}",#797b70,muted gray,"feature list, rounded buttons, sidebar, pricing cards, form, footer","futuristic, modern, minimal",0.75,Modern layout with muted gray feature list and rounded buttons.,"modern, minimal, gray, rounded-buttons, sidebar, pricing-cards",2
Lapa Ninja (Post),Krepling,https://www.lapa.ninja/post/krepling/,https://cdn.lapa.ninja/assets/images/1x/krepling-thumb.webp,"[""#f8f8f8"", ""#e5d0e2""]","{""#f8f8f8"": 0.7846, ""#e5d0e2"": 0.1422}",#f8f8f8,light neutral,"pricing cards, feature list, top navigation, rounded buttons, footer, data table","modern, professional, minimal",0.75,Modern layout with light neutral background and rounded buttons for navigation.,"modern, professional, minimal, light, rounded-buttons, pricing-cards, data-table",7
Lapa Ninja (Post),DES,https://www.lapa.ninja/post/des-by-obys/,https://cdn.lapa.ninja/assets/images/1x/des-by-obys-thumb.webp,"[""#efefef"", ""#989a9c""]","{""#efefef"": 0.707, ""#989a9c"": 0.1229}",#efefef,light neutral,"large typography, grid layout, sidebar, cta button, split screen, feature list","modern, professional, cool",0.75,Modern grid layout with light neutral background and large typography.,"modern, professional, grid, light, typography, sidebar, cta-button",3
Lapa Ninja (Post),Bihua,https://www.lapa.ninja/post/bihua/,https://cdn.lapa.ninja/assets/images/1x/bihua-thumb.webp,"[""#f3f5f9""]","{""#f3f5f9"": 0.8685}",#f3f5f9,light neutral,"grid layout, sidebar, split screen, video background, feature list, avatar","creative, artistic, professional",0.75,Creative split screen layout with light neutral background and video background feature.,"creative, professional, light, grid, split-screen, video-background, sidebar",5
Lapa Ninja (Post),Léonard Oliviéro,https://www.lapa.ninja/post/leonardoliviero/,https://cdn.lapa.ninja/assets/images/1x/leonardoliviero-thumb.webp,"[""#998b9f"", ""#fafafa""]","{""#998b9f"": 0.1932, ""#fafafa"": 0.4223}",#998b9f,muted gray,"rounded buttons, sidebar, video background, icon list, search bar, feature list","modern, minimal, artistic",0.6,Modern layout with muted gray sidebar and rounded buttons.,"modern, minimal, muted-gray, sidebar, rounded-buttons, artistic",2
Lapa Ninja (Post),Superhuman,https://www.lapa.ninja/post/superhuman/,https://cdn.lapa.ninja/assets/images/1x/superhuman-thumb.webp,"[""#07060a"", ""#181c29""]","{""#07060a"": 0.5341, ""#181c29"": 0.3463}",#07060a,dark neutral,"icon list, feature list, split screen, video background, sidebar, search bar","modern, futuristic, artistic",0.75,Modern split screen layout with dark neutral video background and sidebar elements.,"modern, split-screen, dark-neutral, video-background, sidebar, artistic",5
Lapa Ninja (Post),Revenant,https://www.lapa.ninja/post/revenant/,https://cdn.lapa.ninja/assets/images/1x/revenant-thumb.webp,"[""#0a0b09"", ""#212522""]","{""#0a0b09"": 0.4695, ""#212522"": 0.2819}",#0a0b09,dark neutral,"large typography, video background, split screen, sidebar, hero image, grid layout","modern, luxury, minimal",0.73,Modern split screen layout with dark neutral tones and large typography over a video background.,"modern, luxury, minimal, dark-neutral, split-screen, typography, video-background",5
Lapa Ninja (Post),Figma,https://www.lapa.ninja/post/figma-5/,https://cdn.lapa.ninja/assets/images/1x/figma-5-thumb.webp,"[""#fdfefd"", ""#9ba69e""]","{""#fdfefd"": 0.6537, ""#9ba69e"": 0.0934}",#fdfefd,light neutral,"feature list, icon list, sidebar, large typography, pricing cards, split screen","modern, minimal, cool",0.75,Modern split screen layout with light neutral background and large typography elements.,"modern, minimal, neutral, split-screen, typography, clean",0
Lapa Ninja (Post),CargoKite,https://www.lapa.ninja/post/cargokite/,https://cdn.lapa.ninja/assets/images/1x/cargokite-thumb.webp,"[""#053547"", ""#fbfcfc""]","{""#053547"": 0.3342, ""#fbfcfc"": 0.5158}",#053547,dark bright teal,"large typography, grid layout, sidebar, top navigation, rounded buttons, cta button","modern, futuristic, minimal",0.67,Modern grid layout with dark bright teal typography and rounded buttons.,"modern, grid, dark-teal, rounded-buttons, typography, minimal",4
Lapa Ninja (Post),Kanak,https://www.lapa.ninja/post/kanaknaturals/,https://cdn.lapa.ninja/assets/images/1x/kanaknaturals-thumb.webp,"[""#e9dfce"", ""#c4b8a1""]","{""#e9dfce"": 0.7655, ""#c4b8a1"": 0.0954}",#e9dfce,light bright orange,"pricing cards, rounded buttons, large typography, sidebar, top navigation, footer","professional, luxury, retro",0.75,Professional layout with light bright orange pricing cards and large typography.,"professional, luxury, retro, light-orange, pricing-cards, typography, rounded-buttons",7
Lapa Ninja (Post),Mercury,https://www.lapa.ninja/post/mercury/,https://cdn.lapa.ninja/assets/images/1x/mercury-thumb.webp,"[""#f0f1f8"", ""#cfc8d6""]","{""#f0f1f8"": 0.8943, ""#cfc8d6"": 0.0911}",#f0f1f8,light neutral,"grid layout, rounded buttons, top navigation, search bar, centered hero, data table","minimal, modern, futuristic",0.75,Minimal grid layout with light neutral background and centered hero section.,"minimal, modern, light, grid, centered-hero, futuristic",2
Lapa Ninja (Post),Babes by Petra Voice,https://www.lapa.ninja/post/babes/,https://cdn.lapa.ninja/assets/images/1x/babes-thumb.webp,"[""#040303"", ""#bb9d77""]","{""#040303"": 0.6751, ""#bb9d77"": 0.121}",#040303,dark neutral,"pricing cards, avatar, icon list, sidebar, card list, feature list","artistic, cool, creative",0.75,Artistic layout with dark neutral tones featuring prominent pricing cards and a sidebar.,"artistic, cool, dark-neutral, creative, layout, pricing-cards, sidebar",7
Lapa Ninja (Post),Sonar,https://www.lapa.ninja/post/sonarmusic/,https://cdn.lapa.ninja/assets/images/1x/sonarmusic-thumb.webp,"[""#241f18"", ""#525351""]","{""#241f18"": 0.3055, ""#525351"": 0.2837}",#241f18,dark muted orange,"video background, sidebar, avatar, icon list, search bar, feature list","cool, minimal, creative",0.65,Minimal layout with dark muted orange video background and a structured sidebar.,"minimal, cool, dark-muted-orange, video-background, sidebar, creative",6
Lapa Ninja (Post),METALWORKS,https://www.lapa.ninja/post/metalworks/,https://cdn.lapa.ninja/assets/images/1x/metalworks-thumb.webp,"[""#eeeeed"", ""#beb9ac""]","{""#eeeeed"": 0.5722, ""#beb9ac"": 0.1475}",#eeeeed,light neutral,"large typography, split screen, form, rounded buttons, data table, sidebar","modern, minimal, luxury",0.75,Modern split screen layout with light neutral background and large typography.,"modern, minimal, light, luxury, rounded-buttons, sidebar, data-table",0
Lapa Ninja (Post),Bored Cow,https://www.lapa.ninja/post/tryboredcow/,https://cdn.lapa.ninja/assets/images/1x/tryboredcow-thumb.webp,"[""#b5a4e0"", ""#f8f9f6""]","{""#b5a4e0"": 0.224, ""#f8f9f6"": 0.5992}",#b5a4e0,bright blue,"sidebar, rounded buttons, pricing cards, footer, large typography, grid layout","creative, cool, retro",0.61,Creative grid layout with bright blue pricing cards and large typography.,"creative, grid, bright-blue, retro, rounded-buttons, cool",7
Lapa Ninja (Post),Podscan.fm,https://www.lapa.ninja/post/podscan/,https://cdn.lapa.ninja/assets/images/1x/podscan-thumb.webp,"[""#fbfbfb"", ""#29272a""]","{""#fbfbfb"": 0.8936, ""#29272a"": 0.073}",#fbfbfb,light neutral,"rounded buttons, large typography, grid layout, search bar, sidebar, footer","modern, minimal, cool",0.75,Modern grid layout with dark accents and large typography alongside rounded buttons.,"modern, minimal, dark, grid, typography, rounded-buttons, layout",4
Lapa Ninja (Post),Clarisse Michard,https://www.lapa.ninja/post/clarissemichard/,https://cdn.lapa.ninja/assets/images/1x/clarissemichard-thumb.webp,"[""#ece8e5"", ""#070604""]","{""#ece8e5"": 0.8991, ""#070604"": 0.0504}",#ece8e5,light muted orange,"grid layout, sidebar, large typography, rounded buttons, avatar, pricing cards","professional, minimal, creative",0.75,Professional grid layout with light neutral tones and large typography.,"professional, minimal, grid, typography, rounded-buttons, creative",3
Lapa Ninja (Post),XOTC,https://www.lapa.ninja/post/xotc/,https://cdn.lapa.ninja/assets/images/1x/xotc-thumb.webp,"[""#181917"", ""#254241""]","{""#181917"": 0.782, ""#254241"": 0.0957}",#181917,dark gray,"pricing cards, video background, sidebar, large typography, grid layout, search bar","futuristic, cool, modern",0.75,Modern grid layout with dark gray background and large typography elements.,"modern, grid, dark-gray, futuristic, pricing-cards, video-background",7
Lapa Ninja (Post),Zenith VC,https://www.lapa.ninja/post/zenithvc/,https://cdn.lapa.ninja/assets/images/1x/zenithvc-thumb.webp,"[""#222427"", ""#f6f5f4""]","{""#222427"": 0.2658, ""#f6f5f4"": 0.4347}",#222427,dark gray,"sidebar, feature list, footer, top navigation, large typography, grid layout","futuristic, modern, cool",0.63,Modern grid layout with dark gray sidebar and large typography.,"modern, grid, dark-gray, sidebar, typography, futuristic",4
Lapa Ninja (Post),Planpoint,https://www.lapa.ninja/post/planpoint/,https://cdn.lapa.ninja/assets/images/1x/planpoint-thumb.webp,"[""#fefefe"", ""#090a1c""]","{""#fefefe"": 0.8112, ""#090a1c"": 0.1134}",#fefefe,light neutral,"feature list, grid layout, large typography, icon list, video background, split screen","modern, professional, luxury",0.75,Modern split screen layout with dark accents and large typography over a video background.,"modern, professional, dark, grid, typography, video-background, luxury",5
Lapa Ninja (Post),Planhat,https://www.lapa.ninja/post/planhat/,https://cdn.lapa.ninja/assets/images/1x/planhat-thumb.webp,"[""#fdfdfd"", ""#1d1609""]","{""#fdfdfd"": 0.5184, ""#1d1609"": 0.1794}",#fdfdfd,light neutral,"rounded buttons, search bar, sidebar, feature list, avatar, grid layout","modern, minimal, trustworthy",0.75,Modern grid layout with light neutral background and rounded buttons.,"modern, minimal, light, grid, rounded-buttons, trustworthy",2
Lapa Ninja (Post),Workflow,https://www.lapa.ninja/post/workflow/,https://cdn.lapa.ninja/assets/images/1x/workflow-thumb.webp,"[""#f5f4f0""]","{""#f5f4f0"": 0.9469}",#f5f4f0,light neutral,"grid layout, large typography, rounded buttons, feature list, footer, data table","minimal, modern, cool",0.75,Minimal grid layout with light neutral background and large typography.,"minimal, modern, light, grid, typography, rounded-buttons",3
Lapa Ninja (Post),PILOT.REPUBLIK,https://www.lapa.ninja/post/pilot-republic/,https://cdn.lapa.ninja/assets/images/1x/pilot-republic-thumb.webp,"[""#141414"", ""#433026""]","{""#141414"": 0.5387, ""#433026"": 0.2898}",#141414,dark neutral,"sidebar, form, large typography, feature list, video background, top navigation","professional, modern, futuristic",0.75,Professional layout with dark neutral tones featuring large typography and a video background.,"professional, modern, dark, typography, video-background, sidebar, layout",6
Lapa Ninja (Post),Axis,https://www.lapa.ninja/post/axis/,https://cdn.lapa.ninja/assets/images/1x/axis-thumb.webp,"[""#272228"", ""#efe089""]","{""#272228"": 0.3879, ""#efe089"": 0.272}",#272228,dark gray,"grid layout, rounded buttons, pricing cards, large typography, top navigation, feature list","minimal, modern, futuristic",0.69,Minimal grid layout with dark gray background and large typography elements.,"minimal, modern, dark-gray, grid, typography, futuristic",4
Lapa Ninja (Post),Acctual,https://www.lapa.ninja/post/acctual/,https://cdn.lapa.ninja/assets/images/1x/acctual-thumb.webp,"[""#f6f9fb""]","{""#f6f9fb"": 0.9643}",#f6f9fb,light neutral,"rounded buttons, feature list, pricing cards, grid layout, sidebar, icon list","modern, minimal, futuristic",0.75,Modern grid layout with light neutral background and rounded buttons.,"modern, minimal, light, grid, rounded-buttons, pricing-cards",2
Lapa Ninja (Post),Just Salad,https://www.lapa.ninja/post/justsalad/,https://cdn.lapa.ninja/assets/images/1x/justsalad-thumb.webp,"[""#f2ebe3"", ""#4386fc""]","{""#f2ebe3"": 0.3497, ""#4386fc"": 0.2399}",#f2ebe3,light bright orange,"grid layout, rounded buttons, top navigation, pricing cards, feature list, sidebar","modern, bold, vibrant",0.67,Modern grid layout with light neutral background and rounded buttons.,"modern, grid, light, rounded-buttons, pricing-cards, vibrant",7
Lapa Ninja (Post),ANAI,https://www.lapa.ninja/post/anaiwood/,https://cdn.lapa.ninja/assets/images/1x/anaiwood-thumb.webp,"[""#ffffff"", ""#818178""]","{""#ffffff"": 0.7866, ""#818178"": 0.0784}",#ffffff,light neutral,"single column, form, large typography, sidebar, feature list, two-column layout","minimal, modern, artistic",0.75,Minimal two-column layout with light neutral background and large typography.,"minimal, modern, neutral, typography, layout, artistic",1
Lapa Ninja (Post),Contra,https://www.lapa.ninja/post/contra-4/,https://cdn.lapa.ninja/assets/images/1x/contra-4-thumb.webp,"[""#ffffff""]","{""#ffffff"": 0.8707}",#ffffff,light neutral,"sidebar, search bar, split screen, feature list, rounded buttons, large typography","modern, futuristic, professional",0.75,Modern split screen layout with light neutral background and large typography.,"modern, professional, light, split-screen, large-typography, rounded-buttons",0
Lapa Ninja (Post),Uizard,https://www.lapa.ninja/post/uizard-2/,https://cdn.lapa.ninja/assets/images/1x/uizard-2-thumb.webp,"[""#030106"", ""#201830""]","{""#030106"": 0.6055, ""#201830"": 0.2482}",#030106,dark neutral,"rounded buttons, grid layout, search bar, video background, feature list, sidebar","minimal, modern, futuristic",0.75,Minimal grid layout with dark neutral tones and rounded buttons.,"minimal, modern, dark, grid, rounded-buttons, futuristic",2
Lapa Ninja (Post),Okay Dev,https://www.lapa.ninja/post/okaydev/,https://cdn.lapa.ninja/assets/images/1x/okaydev-thumb.webp,"[""#281e21"", ""#fdfdfd""]","{""#281e21"": 0.1888, ""#fdfdfd"": 0.4694}",#281e21,dark muted red,"sidebar, feature list, grid layout, split screen, video background, icon list","creative, cool, artistic",0.59,Creative split screen layout with dark muted red sidebar and video background.,"creative, split-screen, dark-muted-red, grid, video-background, artistic",5
Lapa Ninja (Post),FOLLOW,https://www.lapa.ninja/post/followarchitecture/,https://cdn.lapa.ninja/assets/images/1x/followarchitecture-thumb.webp,"[""#f1f0eb"", ""#342e22""]","{""#f1f0eb"": 0.7669, ""#342e22"": 0.081}",#f1f0eb,light neutral,"large typography, grid layout, footer, feature list, rounded buttons, form","modern, luxury, bold",0.75,Modern grid layout with light neutral tones and large typography.,"modern, grid, light, typography, luxury, rounded-buttons",3
Lapa Ninja (Post),Flow,https://www.lapa.ninja/post/justgowiththeflow/,https://cdn.lapa.ninja/assets/images/1x/justgowiththeflow-thumb.webp,"[""#020202"", ""#ffffff""]","{""#020202"": 0.2219, ""#ffffff"": 0.6918}",#020202,dark neutral,"large typography, form, top navigation, feature list, sidebar, footer","futuristic, modern, creative",0.61,Modern layout with dark neutral tones featuring large typography and a structured sidebar.,"modern, futuristic, dark-neutral, typography, sidebar, creative",1
Lapa Ninja (Post),Feast Studio,https://www.lapa.ninja/post/feast/,https://cdn.lapa.ninja/assets/images/1x/feast-thumb.webp,"[""#fcfcfc"", ""#030303""]","{""#fcfcfc"": 0.7002, ""#030303"": 0.1326}",#fcfcfc,light neutral,"large typography, feature list, sidebar, search bar, grid layout, footer","futuristic, creative, cool",0.75,"Creative grid layout with dark accents, featuring large typography and a sidebar.","futuristic, grid, dark, typography, sidebar, cool",4
Lapa Ninja (Post),QuadroDesign,https://www.lapa.ninja/post/quadrodesign/,https://cdn.lapa.ninja/assets/images/1x/quadrodesign-thumb.webp,"[""#b9b2a5"", ""#747372""]","{""#b9b2a5"": 0.3278, ""#747372"": 0.2633}",#b9b2a5,muted orange,"large typography, grid layout, single column, sidebar, split screen, data table","modern, futuristic, creative",0.66,Modern grid layout with muted orange typography and a split screen design.,"modern, grid, muted-orange, creative, sidebar, futuristic",4
Lapa Ninja (Post),Nike Winter ‘24,https://www.lapa.ninja/post/nikewinter24/,https://cdn.lapa.ninja/assets/images/1x/nikewinter24-thumb.webp,"[""#f9fbfd"", ""#d6dfe9""]","{""#f9fbfd"": 0.5722, ""#d6dfe9"": 0.1748}",#f9fbfd,light neutral,"video background, sidebar, large typography, logo, feature list, avatar","minimal, cool, warm",0.75,Minimal layout with light neutral background and large typography featuring a video background.,"minimal, light, video, typography, sidebar, cool",6
Lapa Ninja (Post),Fly,https://www.lapa.ninja/post/fly-2/,https://cdn.lapa.ninja/assets/images/1x/fly-2-thumb.webp,"[""#f8f8fd"", ""#e1dfee""]","{""#f8f8fd"": 0.789, ""#e1dfee"": 0.1244}",#f8f8fd,light neutral,"grid layout, top navigation, pricing cards, feature list, rounded buttons, data table","modern, futuristic, cool",0.75,Modern grid layout with light neutral background and rounded buttons for interaction.,"modern, grid, light, neutral, rounded-buttons, futuristic, cool",2
Lapa Ninja (Post),Paper + Land,https://www.lapa.ninja/post/paperandland/,https://cdn.lapa.ninja/assets/images/1x/paperandland-thumb.webp,"[""#fad2f3"", ""#a89399""]","{""#fad2f3"": 0.4972, ""#a89399"": 0.1716}",#fad2f3,light bright magenta,"large typography, grid layout, rounded buttons, sidebar, feature list, video background","modern, artistic, minimal",0.75,Modern grid layout with light bright magenta typography and rounded buttons.,"modern, artistic, minimal, grid, rounded-buttons, typography, video-background",4
Lapa Ninja (Post),Juxtapose,https://www.lapa.ninja/post/juxtapose/,https://cdn.lapa.ninja/assets/images/1x/juxtapose-thumb.webp,"[""#f9f9f9"", ""#b7b6a0""]","{""#f9f9f9"": 0.7341, ""#b7b6a0"": 0.0906}",#f9f9f9,light neutral,"sidebar, grid layout, video background, top navigation, large typography, icon list","modern, creative, futuristic",0.75,Modern grid layout with light neutral background and large typography.,"modern, grid, light, typography, sidebar, creative",3
Lapa Ninja (Post),ORBIT,https://www.lapa.ninja/post/orbitaudiovisuals/,https://cdn.lapa.ninja/assets/images/1x/orbitaudiovisuals-thumb.webp,"[""#e22e19"", ""#0f100c""]","{""#e22e19"": 0.5431, ""#0f100c"": 0.2893}",#e22e19,bright red,"avatar, sidebar, footer, form, feature list, video background","modern, futuristic, retro",0.75,Modern layout with bright red video background and a structured sidebar.,"modern, futuristic, bright-red, video-background, sidebar, clean",6
Lapa Ninja (Post),Allfeat,https://www.lapa.ninja/post/allfeat/,https://cdn.lapa.ninja/assets/images/1x/allfeat-thumb.webp,"[""#171918"", ""#203a33""]","{""#171918"": 0.593, ""#203a33"": 0.2168}",#171918,dark gray,"sidebar, video background, feature list, rounded buttons, avatar, grid layout","modern, minimal, cool",0.75,Modern grid layout with dark gray video background and rounded buttons.,"modern, minimal, dark-gray, grid, video-background, rounded-buttons",6
Lapa Ninja (Post),Huly,https://www.lapa.ninja/post/huly/,https://cdn.lapa.ninja/assets/images/1x/huly-thumb.webp,"[""#0b0c0f"", ""#f3f2f3""]","{""#0b0c0f"": 0.4611, ""#f3f2f3"": 0.2777}",#0b0c0f,dark neutral,"grid layout, rounded buttons, video background, split screen, large typography, search bar","modern, minimal, futuristic",0.73,Modern split screen layout with dark neutral tones and large typography.,"modern, minimal, dark, grid, video-background, rounded-buttons",5
Lapa Ninja (Post),Hatch,https://www.lapa.ninja/post/hatch-fm/,https://cdn.lapa.ninja/assets/images/1x/hatch-fm-thumb.webp,"[""#f6f5f1""]","{""#f6f5f1"": 0.9046}",#f6f5f1,light neutral,"rounded buttons, large typography, grid layout, centered hero, sidebar, search bar","modern, futuristic, minimal",0.75,Modern grid layout with light neutral background and large typography.,"modern, minimal, light, grid, rounded-buttons, centered-hero, sidebar",3
Lapa Ninja (Post),Kevin Mao,https://www.lapa.ninja/post/kmao/,https://cdn.lapa.ninja/assets/images/1x/kmao-thumb.webp,"[""#18171b""]","{""#18171b"": 0.9343}",#18171b,dark gray,"top navigation, grid layout, rounded buttons, data table, search bar, chart","modern, futuristic, minimal",0.75,Modern grid layout with dark gray theme and rounded buttons for interaction.,"modern, grid, dark-gray, rounded-buttons, minimal, futuristic",2
Lapa Ninja (Post),Linear,https://www.lapa.ninja/post/linear-4/,https://cdn.lapa.ninja/assets/images/1x/linear-4-thumb.webp,"[""#0c0e0f""]","{""#0c0e0f"": 0.9615}",#0c0e0f,dark neutral,"search bar, rounded buttons, feature list, icon list, video background, sidebar","modern, minimal, futuristic",0.75,Modern layout with dark neutral tones featuring a video background and rounded buttons.,"modern, minimal, dark, video-background, rounded-buttons, sidebar, futuristic",6
Lapa Ninja (Post),Siddharth,https://www.lapa.ninja/post/itsiddharth/,https://cdn.lapa.ninja/assets/images/1x/itsiddharth-thumb.webp,"[""#fffffe""]","{""#fffffe"": 0.9328}",#fffffe,light neutral,"large typography, rounded buttons, feature list, sidebar, grid layout, icon list","modern, minimal, cool",0.75,Modern grid layout with light neutral background and large typography.,"modern, minimal, light, grid, typography, rounded-buttons, sidebar",3
Lapa Ninja (Post),Sebastiaan de With,https://www.lapa.ninja/post/sdw/,https://cdn.lapa.ninja/assets/images/1x/sdw-thumb.webp,"[""#efedeb"", ""#1d2121""]","{""#efedeb"": 0.7937, ""#1d2121"": 0.0571}",#efedeb,light neutral,"grid layout, sidebar, rounded buttons, feature list, large typography, hero image","minimal, modern, professional",0.75,Minimal grid layout with light neutral background and large typography.,"minimal, modern, professional, grid, typography, sidebar, rounded-buttons",3
Lapa Ninja (Post),Refokus,https://www.lapa.ninja/post/refokus/,https://cdn.lapa.ninja/assets/images/1x/refokus-thumb.webp,"[""#020203"", ""#110628""]","{""#020203"": 0.4923, ""#110628"": 0.2451}",#020203,dark neutral,"video background, footer, large typography, sidebar, icon list, grid layout","futuristic, minimal, modern",0.75,Modern grid layout with dark neutral video background and large typography.,"modern, minimal, dark, grid, video-background, typography, futuristic",6
Lapa Ninja (Post),All You Can Design,https://www.lapa.ninja/post/allyoucan/,https://cdn.lapa.ninja/assets/images/1x/allyoucan-thumb.webp,"[""#f4e2d7"", ""#fdfbf0""]","{""#f4e2d7"": 0.197, ""#fdfbf0"": 0.7095}",#f4e2d7,light bright orange,"rounded buttons, sidebar, search bar, icon list, video background, large typography","futuristic, modern, minimal",0.6,Modern layout with light bright orange sidebar and large typography elements.,"modern, minimal, light-orange, sidebar, rounded-buttons, futuristic",1
Lapa Ninja (Post),Liveblocks,https://www.lapa.ninja/post/liveblocks-3/,https://cdn.lapa.ninja/assets/images/1x/liveblocks-3-thumb.webp,"[""#010101"", ""#1e1e1e""]","{""#010101"": 0.8642, ""#1e1e1e"": 0.0918}",#010101,dark neutral,"video background, rounded buttons, search bar, sidebar, icon list, feature list","minimal, futuristic, modern",0.75,Minimal layout with dark neutral video background and rounded buttons.,"minimal, modern, dark, video-background, rounded-buttons, sidebar",6
Lapa Ninja (Post),Decoding Bio,https://www.lapa.ninja/post/decodingbio/,https://cdn.lapa.ninja/assets/images/1x/decodingbio-thumb.webp,"[""#010303"", ""#0e252f""]","{""#010303"": 0.5404, ""#0e252f"": 0.2407}",#010303,dark neutral,"large typography, search bar, video background, grid layout, rounded buttons, top navigation","futuristic, modern, cool",0.75,Modern grid layout with dark neutral tones and large typography.,"modern, grid, dark, futuristic, typography, video-background, rounded-buttons",4
Lapa Ninja (Post),Pirsch,https://www.lapa.ninja/post/pirsch-2/,https://cdn.lapa.ninja/assets/images/1x/pirsch-2-thumb.webp,"[""#0f0f0f""]","{""#0f0f0f"": 0.9643}",#0f0f0f,dark neutral,"feature list, data table, grid layout, rounded buttons, search bar, sidebar","modern, minimal, futuristic",0.75,Modern grid layout with dark neutral tones and rounded buttons for user interaction.,"modern, minimal, dark, grid, rounded-buttons, sidebar, data-table",2
Lapa Ninja (Post),Charter Wallet,https://www.lapa.ninja/post/charterlabs/,https://cdn.lapa.ninja/assets/images/1x/charterlabs-thumb.webp,"[""#ffffff"", ""#302e2e""]","{""#ffffff"": 0.8918, ""#302e2e"": 0.0503}",#ffffff,light neutral,"pricing cards, rounded buttons, sidebar, cta button, large typography, feature list","modern, minimal, cool",0.75,Modern layout with light neutral background and prominent pricing cards.,"modern, minimal, light, pricing-cards, rounded-buttons, sidebar",7
Lapa Ninja (Post),OpenServ,https://www.lapa.ninja/post/openserv/,https://cdn.lapa.ninja/assets/images/1x/openserv-thumb.webp,"[""#08010d"", ""#ebeaeb""]","{""#08010d"": 0.6289, ""#ebeaeb"": 0.1792}",#08010d,dark neutral,"split screen, search bar, video background, large typography, sidebar, grid layout","modern, minimal, friendly",0.75,Modern split screen layout with dark neutral background and large typography.,"modern, minimal, dark, split-screen, typography, grid",5
Lapa Ninja (Post),Impilo,https://www.lapa.ninja/post/impilo/,https://cdn.lapa.ninja/assets/images/1x/impilo-thumb.webp,"[""#4541d8""]","{""#4541d8"": 0.963}",#4541d8,bright blue,"grid layout, rounded buttons, large typography, feature list, footer, data table","minimal, modern, futuristic",0.75,Minimal grid layout with bright blue accents and large typography.,"minimal, modern, bright-blue, grid, typography, futuristic",4
Lapa Ninja (Post),Colin & Samir,https://www.lapa.ninja/post/colinandsamir/,https://cdn.lapa.ninja/assets/images/1x/colinandsamir-thumb.webp,"[""#f5e823"", ""#202526""]","{""#f5e823"": 0.3277, ""#202526"": 0.2916}",#f5e823,bright yellow,"split screen, sidebar, grid layout, two-column layout, single column, footer","cool, modern, calm",0.66,Modern split screen layout with bright yellow accents and a structured grid design.,"modern, grid, bright-yellow, split-screen, calm, sidebar",0
Lapa Ninja (Post),207ouest,https://www.lapa.ninja/post/207ouest/,https://cdn.lapa.ninja/assets/images/1x/207ouest-thumb.webp,"[""#b7ae94"", ""#f8f8f8""]","{""#b7ae94"": 0.2412, ""#f8f8f8"": 0.3876}",#b7ae94,muted orange,"rounded buttons, grid layout, search bar, feature list, sidebar, footer","modern, minimal, luxury",0.62,Modern grid layout with muted orange sidebar and rounded buttons.,"modern, minimal, muted-orange, grid, rounded-buttons, luxury",2
Lapa Ninja (Post),Guy Morgan,https://www.lapa.ninja/post/guy-morgan/,https://cdn.lapa.ninja/assets/images/1x/guy-morgan-thumb.webp,"[""#3b566e"", ""#fefefd""]","{""#3b566e"": 0.2962, ""#fefefd"": 0.3926}",#3b566e,muted blue,"sidebar, large typography, split screen, video background, grid layout, avatar","futuristic, modern, creative",0.65,Modern split screen layout with muted blue video background and large typography.,"modern, split-screen, muted-blue, video-background, grid, creative",5
Lapa Ninja (Post),Apron,https://www.lapa.ninja/post/getapron/,https://cdn.lapa.ninja/assets/images/1x/getapron-thumb.webp,"[""#faeeaf"", ""#fcf9f3""]","{""#faeeaf"": 0.3785, ""#fcf9f3"": 0.5527}",#faeeaf,bright yellow,"pricing cards, rounded buttons, grid layout, large typography, feature list, footer","modern, minimal, professional",0.69,Modern grid layout with light yellow pricing cards and large typography.,"modern, minimal, light-yellow, grid, professional, rounded-buttons",7
Lapa Ninja (Post),Luis Bizarro,https://www.lapa.ninja/post/bizarro/,https://cdn.lapa.ninja/assets/images/1x/bizarro-thumb.webp,"[""#000001"", ""#fafbfc""]","{""#000001"": 0.7942, ""#fafbfc"": 0.0822}",#000001,dark neutral,"large typography, logo, hero image, form, sidebar, video background","futuristic, modern, retro",0.75,Modern layout with dark neutral tones featuring large typography and a prominent hero image.,"modern, futuristic, dark-neutral, typography, hero, sidebar, video-background",6
Lapa Ninja (Post),NYBG,https://www.lapa.ninja/post/nybg/,https://cdn.lapa.ninja/assets/images/1x/nybg-thumb.webp,"[""#d0c0d2"", ""#fefefe""]","{""#d0c0d2"": 0.2656, ""#fefefe"": 0.4053}",#d0c0d2,muted purple,"grid layout, feature list, sidebar, rounded buttons, icon list, pricing cards","vibrant, modern, artistic",0.63,Modern grid layout with muted purple feature list and rounded buttons.,"modern, grid, muted-purple, vibrant, rounded-buttons, artistic",2
Lapa Ninja (Post),SLOT,https://www.lapa.ninja/post/slotapp/,https://cdn.lapa.ninja/assets/images/1x/slotapp-thumb.webp,"[""#000000"", ""#252121""]","{""#000000"": 0.8753, ""#252121"": 0.0686}",#000000,dark neutral,"large typography, feature list, avatar, split screen, sidebar, cta button","futuristic, modern, minimal",0.75,Modern split screen layout with dark neutral background and large typography.,"modern, minimal, dark, futuristic, typography, layout",0
Lapa Ninja (Post),Victoria Heim,https://www.lapa.ninja/post/victoriaheim/,https://cdn.lapa.ninja/assets/images/1x/victoriaheim-thumb.webp,"[""#29473e"", ""#2f0017""]","{""#29473e"": 0.3999, ""#2f0017"": 0.3418}",#29473e,dark muted teal,"large typography, grid layout, rounded buttons, footer, sidebar, video background","vibrant, modern, minimal",0.7,Modern grid layout with dark muted teal typography and rounded buttons.,"modern, grid, dark-muted-teal, vibrant, rounded-buttons, minimal",4
Lapa Ninja (Post),Glyphy,https://www.lapa.ninja/post/glyphy-2/,https://cdn.lapa.ninja/assets/images/1x/glyphy-2-thumb.webp,"[""#fcf7e0"", ""#080807""]","{""#fcf7e0"": 0.5533, ""#080807"": 0.1975}",#fcf7e0,light neutral,"large typography, grid layout, icon list, rounded buttons, footer, pricing cards","modern, retro, cool",0.75,Modern grid layout with light neutral background and large typography.,"modern, grid, light, typography, rounded-buttons, pricing-cards",3
Lapa Ninja (Post),Patch,https://www.lapa.ninja/post/thepatchsystem/,https://cdn.lapa.ninja/assets/images/1x/thepatchsystem-thumb.webp,"[""#0a28f6"", ""#fefeff""]","{""#0a28f6"": 0.3856, ""#fefeff"": 0.449}",#0a28f6,bright blue,"sidebar, rounded buttons, feature list, grid layout, large typography, footer","modern, futuristic, cool",0.69,Modern grid layout with bright blue sidebar and large typography features.,"modern, grid, bright-blue, sidebar, rounded-buttons, futuristic",4
Lapa Ninja (Post),Stenger Bike,https://www.lapa.ninja/post/stenger-bike/,https://cdn.lapa.ninja/assets/images/1x/stenger-bike-thumb.webp,"[""#18120d"", ""#fefefe""]","{""#18120d"": 0.1927, ""#fefefe"": 0.3835}",#18120d,dark neutral,"grid layout, sidebar, feature list, large typography, hero image, centered hero","modern, retro, minimal",0.6,Modern grid layout with dark neutral sidebar and large typography in the centered hero.,"modern, grid, dark-neutral, sidebar, typography, minimal",4
Lapa Ninja (Post),Unfold,https://www.lapa.ninja/post/unfold-3/,https://cdn.lapa.ninja/assets/images/1x/unfold-3-thumb.webp,"[""#e8f0f9"", ""#06090f""]","{""#e8f0f9"": 0.6167, ""#06090f"": 0.2023}",#e8f0f9,light neutral,"sidebar, large typography, rounded buttons, pricing cards, grid layout, form","futuristic, modern, professional",0.75,Modern grid layout with light neutral background and large typography.,"modern, professional, light, grid, typography, rounded-buttons, sidebar",3
Lapa Ninja (Post),Holograph,https://www.lapa.ninja/post/holograph/,https://cdn.lapa.ninja/assets/images/1x/holograph-thumb.webp,"[""#010101"", ""#2e3d38""]","{""#010101"": 0.8027, ""#2e3d38"": 0.062}",#010101,dark neutral,"large typography, data table, grid layout, video background, pricing cards, form","futuristic, modern, cool",0.75,Modern grid layout with dark neutral background and large typography.,"modern, grid, dark, futuristic, typography, data-table",4
Lapa Ninja (Post),Huy Nguyen,https://www.lapa.ninja/post/huyng/,https://cdn.lapa.ninja/assets/images/1x/huyng-thumb.webp,"[""#0c0c0a"", ""#e4e4df""]","{""#0c0c0a"": 0.5467, ""#e4e4df"": 0.3627}",#0c0c0a,dark neutral,"large typography, grid layout, rounded buttons, pricing cards, sidebar, footer","minimal, modern, professional",0.75,Minimal grid layout with dark neutral tones and large typography.,"minimal, modern, dark, grid, professional, typography",4
Lapa Ninja (Post),Amina Muaddi,https://www.lapa.ninja/post/aminamuaddi/,https://cdn.lapa.ninja/assets/images/1x/aminamuaddi-thumb.webp,"[""#b3b6ac"", ""#2b2722""]","{""#b3b6ac"": 0.275, ""#2b2722"": 0.2095}",#b3b6ac,muted gray,"sidebar, footer, grid layout, avatar, feature list, icon list","vibrant, retro, playful",0.64,Vibrant grid layout with muted gray sidebar and playful icons.,"vibrant, retro, playful, grid, muted-gray, sidebar, icons",4
Lapa Ninja (Post),Buy Me a Coffee,https://www.lapa.ninja/post/buymeacoffee/,https://cdn.lapa.ninja/assets/images/1x/buymeacoffee-thumb.webp,"[""#fefefe""]","{""#fefefe"": 0.9405}",#fefefe,light neutral,"rounded buttons, large typography, pricing cards, sidebar, grid layout, avatar","creative, modern, minimal",0.75,Minimal grid layout with light neutral background and large typography for pricing cards.,"minimal, modern, light, grid, creative, typography",7
Lapa Ninja (Post),SupClub,https://www.lapa.ninja/post/supclub/,https://cdn.lapa.ninja/assets/images/1x/supclub-thumb.webp,"[""#e4dac5"", ""#03291b""]","{""#e4dac5"": 0.4468, ""#03291b"": 0.3914}",#e4dac5,bright orange,"sidebar, grid layout, large typography, video background, pricing cards, footer","modern, friendly, cool",0.72,Modern grid layout with light neutral background and large typography.,"modern, friendly, grid, large-typography, video-background, pricing-cards",7
Lapa Ninja (Post),ERL Clothing,https://www.lapa.ninja/post/erl/,https://cdn.lapa.ninja/assets/images/1x/erl-thumb.webp,"[""#3e5aa4"", ""#a7b7c4""]","{""#3e5aa4"": 0.3666, ""#a7b7c4"": 0.3184}",#3e5aa4,bright blue,"sidebar, footer, hero image, icon list, feature list, rounded buttons","creative, retro, warm",0.68,Creative layout with bright blue hero and rounded buttons alongside a structured sidebar.,"creative, bright-blue, retro, sidebar, rounded-buttons, warm, modern",1
Lapa Ninja (Post),Jan AI,https://www.lapa.ninja/post/jan-ai/,https://cdn.lapa.ninja/assets/images/1x/jan-ai-thumb.webp,"[""#fefefe"", ""#c5ceda""]","{""#fefefe"": 0.8629, ""#c5ceda"": 0.0595}",#fefefe,light neutral,"rounded buttons, grid layout, search bar, feature list, top navigation, sidebar","modern, minimal, professional",0.75,Modern grid layout with light neutral background and rounded buttons.,"modern, minimal, light, grid, professional, rounded-buttons",2
Lapa Ninja (Post),ListenUp!,https://www.lapa.ninja/post/listenup/,https://cdn.lapa.ninja/assets/images/1x/listenup-thumb.webp,"[""#f9f9f9""]","{""#f9f9f9"": 0.9271}",#f9f9f9,light neutral,"sidebar, grid layout, data table, split screen, pricing cards, large typography","modern, professional, minimal",0.75,Modern split screen layout with light neutral background and large typography.,"modern, professional, minimal, grid, sidebar, typography",0
Lapa Ninja (Post),THE MERGE,https://www.lapa.ninja/post/merge/,https://cdn.lapa.ninja/assets/images/1x/merge-thumb.webp,"[""#262338"", ""#765852""]","{""#262338"": 0.7328, ""#765852"": 0.0813}",#262338,dark muted blue,"sidebar, icon list, pricing cards, search bar, video background, feature list","professional, modern, cool",0.75,Professional layout with dark muted blue sidebar and video background.,"professional, modern, dark-muted-blue, sidebar, video-background, pricing-cards",6
Lapa Ninja (Post),Moxie Strategies,https://www.lapa.ninja/post/moxie-strategies/,https://cdn.lapa.ninja/assets/images/1x/moxie-strategies-thumb.webp,"[""#020e20"", ""#efedec""]","{""#020e20"": 0.4539, ""#efedec"": 0.2929}",#020e20,dark neutral,"large typography, split screen, sidebar, video background, rounded buttons, grid layout","modern, minimal, futuristic",0.73,Modern split screen layout with dark neutral tones and large typography.,"modern, minimal, dark, split-screen, typography, rounded-buttons, grid",5
Lapa Ninja (Post),Flux Academy,https://www.lapa.ninja/post/flux-academy-2/,https://cdn.lapa.ninja/assets/images/1x/flux-academy-2-thumb.webp,"[""#171427"", ""#020102""]","{""#171427"": 0.4718, ""#020102"": 0.2937}",#171427,dark muted blue,"video background, large typography, grid layout, rounded buttons, sidebar, cta button","futuristic, modern, cool",0.74,Modern grid layout with dark muted blue video background and large typography.,"modern, grid, dark-muted-blue, video-background, large-typography, rounded-buttons",6
Lapa Ninja (Post),Nord Quantique,https://www.lapa.ninja/post/nordquantique/,https://cdn.lapa.ninja/assets/images/1x/nordquantique-thumb.webp,"[""#9d626c"", ""#271f21""]","{""#9d626c"": 0.5655, ""#271f21"": 0.1982}",#9d626c,muted red,"video background, grid layout, logo, split screen, search bar, sidebar","professional, serious, retro",0.75,Professional split screen layout with muted red video background and grid elements.,"professional, serious, muted-red, grid, video-background, retro",5
Lapa Ninja (Post),Adùn,https://www.lapa.ninja/post/getadun/,https://cdn.lapa.ninja/assets/images/1x/getadun-thumb.webp,"[""#a11806"", ""#ab8266""]","{""#a11806"": 0.4133, ""#ab8266"": 0.1797}",#a11806,bright red,"sidebar, pricing cards, feature list, card list, video background, avatar","artistic, retro, vibrant",0.71,Artistic layout with bright red sidebar and vibrant pricing cards.,"artistic, retro, vibrant, sidebar, pricing-cards, feature-list",7
Lapa Ninja (Post),Inkfish,https://www.lapa.ninja/post/inkfishnyc/,https://cdn.lapa.ninja/assets/images/1x/inkfishnyc-thumb.webp,"[""#0b0c0b"", ""#fcfefd""]","{""#0b0c0b"": 0.3807, ""#fcfefd"": 0.2298}",#0b0c0b,dark neutral,"split screen, video background, search bar, large typography, grid layout, rounded buttons","modern, professional, serious",0.69,Modern split screen layout with dark neutral video background and large typography.,"modern, professional, dark, grid, video-background, rounded-buttons",5
Lapa Ninja (Post),Penpot,https://www.lapa.ninja/post/penpot/,https://cdn.lapa.ninja/assets/images/1x/penpot-thumb.webp,"[""#f7f9fc"", ""#201e35""]","{""#f7f9fc"": 0.8393, ""#201e35"": 0.0542}",#f7f9fc,light neutral,"grid layout, rounded buttons, top navigation, feature list, pricing cards, sidebar","futuristic, modern, professional",0.75,Modern grid layout with light neutral background and rounded buttons.,"modern, grid, light, rounded-buttons, professional, futuristic",2
Lapa Ninja (Post),PUBLIC SERV-CE,https://www.lapa.ninja/post/publicserv-ce/,https://cdn.lapa.ninja/assets/images/1x/publicserv-ce-thumb.webp,"[""#ffffff"", ""#11161d""]","{""#ffffff"": 0.8044, ""#11161d"": 0.1661}",#ffffff,light neutral,"grid layout, large typography, sidebar, form, rounded buttons, video background","minimal, futuristic, modern",0.75,Minimal grid layout with dark muted gray sidebar and large typography.,"minimal, modern, dark-muted-gray, grid, typography, rounded-buttons",4
Lapa Ninja (Post),Artemii Lebedev,https://www.lapa.ninja/post/artemiilebedev-3/,https://cdn.lapa.ninja/assets/images/1x/artemiilebedev-3-thumb.webp,"[""#040404"", ""#2d3736""]","{""#040404"": 0.7848, ""#2d3736"": 0.1178}",#040404,dark neutral,"grid layout, video background, sidebar, feature list, icon list, centered hero","minimal, futuristic, modern",0.75,Minimal grid layout with dark neutral tones and a centered hero section.,"minimal, modern, dark, grid, video-background, sidebar, futuristic",6
Lapa Ninja (Post),Present Space,https://www.lapa.ninja/post/presentspace/,https://cdn.lapa.ninja/assets/images/1x/presentspace-thumb.webp,"[""#c4c9c1"", ""#fdfefe""]","{""#c4c9c1"": 0.2142, ""#fdfefe"": 0.2434}",#c4c9c1,light gray,"grid layout, hero image, sidebar, centered hero, large typography, rounded buttons","modern, creative, artistic",0.61,Modern grid layout with light gray hero and large typography.,"modern, creative, light-gray, grid, artistic, rounded-buttons",3
Lapa Ninja (Post),Mobbin,https://www.lapa.ninja/post/mobbin/,https://cdn.lapa.ninja/assets/images/1x/mobbin-thumb.webp,"[""#fefefe"", ""#121212""]","{""#fefefe"": 0.8577, ""#121212"": 0.099}",#fefefe,light neutral,"search bar, rounded buttons, large typography, feature list, icon list, top navigation","modern, minimal, futuristic",0.75,Modern layout with light neutral background and prominent large typography.,"modern, minimal, light, typography, rounded-buttons, navigation",1
Lapa Ninja (Post),Heyday,https://www.lapa.ninja/post/heydaystudio/,https://cdn.lapa.ninja/assets/images/1x/heydaystudio-thumb.webp,"[""#fdfefd"", ""#b7b3ae""]","{""#fdfefd"": 0.6856, ""#b7b3ae"": 0.1387}",#fdfefd,light neutral,"large typography, two-column layout, grid layout, sidebar, pricing cards, split screen","minimal, modern, cool",0.75,Minimal two-column layout with light neutral background and large typography.,"minimal, modern, light, grid, typography, sidebar, pricing-cards",3
Lapa Ninja (Post),Bemo,https://www.lapa.ninja/post/bemo/,https://cdn.lapa.ninja/assets/images/1x/bemo-thumb.webp,"[""#050603"", ""#3e4219""]","{""#050603"": 0.6216, ""#3e4219"": 0.2032}",#050603,dark neutral,"video background, grid layout, feature list, rounded buttons, avatar, sidebar","artistic, modern, creative",0.75,Modern grid layout with dark neutral video background and rounded buttons.,"modern, grid, dark, artistic, video-background, rounded-buttons, creative",6
Lapa Ninja (Post),Afina,https://www.lapa.ninja/post/afina/,https://cdn.lapa.ninja/assets/images/1x/afina-thumb.webp,"[""#fdfdfc"", ""#c5bdc0""]","{""#fdfdfc"": 0.8073, ""#c5bdc0"": 0.0838}",#fdfdfc,light neutral,"single column, sidebar, two-column layout, large typography, chart, avatar","modern, minimal, futuristic",0.75,Modern two-column layout with light neutral background and large typography elements.,"modern, minimal, neutral, two-column, large-typography, sidebar",1
Lapa Ninja (Post),Work is Play,https://www.lapa.ninja/post/workisplay/,https://cdn.lapa.ninja/assets/images/1x/workisplay-thumb.webp,"[""#fbf9ce"", ""#211d1b""]","{""#fbf9ce"": 0.5468, ""#211d1b"": 0.2341}",#fbf9ce,light neutral,"sidebar, rounded buttons, footer, grid layout, video background, pricing cards","creative, artistic, modern",0.75,Creative grid layout with light neutral background and rounded buttons.,"creative, modern, grid, light, rounded-buttons, sidebar, video-background",2
Lapa Ninja (Post),Daylight Computer,https://www.lapa.ninja/post/daylightcomputer/,https://cdn.lapa.ninja/assets/images/1x/daylightcomputer-thumb.webp,"[""#f0f0ef"", ""#2b2718""]","{""#f0f0ef"": 0.3142, ""#2b2718"": 0.2721}",#f0f0ef,light neutral,"split screen, video background, sidebar, feature list, avatar, footer","artistic, modern, creative",0.66,Modern split screen layout with light neutral background and video background feature.,"modern, artistic, split-screen, video, creative, sidebar, footer",5
Lapa Ninja (Post),Quilt,https://www.lapa.ninja/post/quilt/,https://cdn.lapa.ninja/assets/images/1x/quilt-thumb.webp,"[""#fdf7e8"", ""#cfcab9""]","{""#fdf7e8"": 0.5344, ""#cfcab9"": 0.2201}",#fdf7e8,light neutral,"sidebar, search bar, feature list, split screen, hero image, avatar","modern, cool, friendly",0.75,Modern split screen layout with light neutral hero and sidebar elements.,"modern, friendly, light, split-screen, sidebar, hero, cool",0
Lapa Ninja (Post),Bitesized,https://www.lapa.ninja/post/bitesized/,https://cdn.lapa.ninja/assets/images/1x/bitesized-thumb.webp,"[""#faf3df"", ""#2e5a35""]","{""#faf3df"": 0.6515, ""#2e5a35"": 0.1682}",#faf3df,light neutral,"pricing cards, large typography, sidebar, footer, rounded buttons, feature list","creative, futuristic, professional",0.75,Creative layout with light neutral background and prominent pricing cards.,"creative, professional, light, pricing-cards, rounded-buttons, modern",7
Lapa Ninja (Post),Baseline Design,https://www.lapa.ninja/post/baselinedesign/,https://cdn.lapa.ninja/assets/images/1x/baselinedesign-thumb.webp,"[""#fefefe""]","{""#fefefe"": 0.9173}",#fefefe,light neutral,"sidebar, split screen, search bar, rounded buttons, grid layout, feature list","modern, futuristic, minimal",0.75,Modern split screen layout with light neutral background and rounded buttons.,"modern, minimal, light, grid, sidebar, futuristic",0
Lapa Ninja (Post),specs.berlin,https://www.lapa.ninja/post/specs-berlin/,https://cdn.lapa.ninja/assets/images/1x/specs-berlin-thumb.webp,"[""#d06f58"", ""#f7f7f6""]","{""#d06f58"": 0.2099, ""#f7f7f6"": 0.3321}",#d06f58,bright red,"sidebar, grid layout, icon list, rounded buttons, split screen, large typography","minimal, modern, futuristic",0.6,Minimal grid layout with bright red accents and large typography elements.,"minimal, modern, bright-red, grid, typography, rounded-buttons",4
Lapa Ninja (Post),Textla,https://www.lapa.ninja/post/textla/,https://cdn.lapa.ninja/assets/images/1x/textla-thumb.webp,"[""#eaea9c"", ""#fefee9""]","{""#eaea9c"": 0.244, ""#fefee9"": 0.551}",#eaea9c,bright yellow,"pricing cards, video background, grid layout, sidebar, avatar, footer","professional, bold, creative",0.62,Professional grid layout with light yellow pricing cards and a video background.,"professional, grid, light-yellow, pricing-cards, video-background, creative",7
Lapa Ninja (Post),SaveDay,https://www.lapa.ninja/post/save-day-2/,https://cdn.lapa.ninja/assets/images/1x/save-day-2-thumb.webp,"[""#fcfcfc"", ""#8da9df""]","{""#fcfcfc"": 0.8568, ""#8da9df"": 0.0513}",#fcfcfc,light neutral,"top navigation, pricing cards, rounded buttons, sidebar, grid layout, feature list","modern, creative, minimal",0.75,Modern grid layout with light neutral background and rounded buttons.,"modern, minimal, grid, rounded-buttons, pricing-cards, sidebar",2
Lapa Ninja (Post),Circle,https://www.lapa.ninja/post/circleso-2/,https://cdn.lapa.ninja/assets/images/1x/circleso-2-thumb.webp,"[""#231551"", ""#fdfefe""]","{""#231551"": 0.2749, ""#fdfefe"": 0.463}",#231551,dark bright blue,"search bar, rounded buttons, footer, grid layout, form, split screen","modern, minimal, professional",0.64,Modern split screen layout with dark bright blue accents and rounded buttons.,"modern, minimal, dark-blue, grid, professional, rounded-buttons",0
Lapa Ninja (Post),Figdam,https://www.lapa.ninja/post/figdam/,https://cdn.lapa.ninja/assets/images/1x/figdam-thumb.webp,"[""#232423"", ""#fefefe""]","{""#232423"": 0.2998, ""#fefefe"": 0.5567}",#232423,dark gray,"grid layout, rounded buttons, icon list, feature list, top navigation, sidebar","modern, futuristic, minimal",0.65,Modern grid layout with dark gray sidebar and rounded buttons.,"modern, grid, dark-gray, rounded-buttons, sidebar, minimal",2
Lapa Ninja (Post),ToyFight,https://www.lapa.ninja/post/toyfight-2/,https://cdn.lapa.ninja/assets/images/1x/toyfight-2-thumb.webp,"[""#f9f6ee"", ""#0d0e0f""]","{""#f9f6ee"": 0.473, ""#0d0e0f"": 0.3867}",#f9f6ee,light neutral,"large typography, grid layout, pricing cards, rounded buttons, sidebar, video background","minimal, professional, modern",0.74,Minimal grid layout with light neutral background and large typography.,"minimal, professional, light, grid, typography, modern, rounded-buttons",3
Lapa Ninja (Post),ApeFest 2024 in Lisbon,https://www.lapa.ninja/post/apefest/,https://cdn.lapa.ninja/assets/images/1x/apefest-thumb.webp,"[""#ede8de"", ""#dba8b3""]","{""#ede8de"": 0.5116, ""#dba8b3"": 0.2457}",#ede8de,light muted orange,"sidebar, avatar, video background, top navigation, illustration, footer","artistic, modern, retro",0.75,Modern layout with light muted orange background and sidebar navigation.,"modern, artistic, light, sidebar, video-background, illustration",6
Lapa Ninja (Post),Tobias van Schneider,https://www.lapa.ninja/post/vanschneider-2/,https://cdn.lapa.ninja/assets/images/1x/vanschneider-2-thumb.webp,"[""#030303"", ""#adacac""]","{""#030303"": 0.533, ""#adacac"": 0.2719}",#030303,dark neutral,"large typography, grid layout, pricing cards, sidebar, footer, feature list","modern, minimal, creative",0.75,Modern grid layout with dark neutral tones and large typography.,"modern, minimal, dark, grid, typography, creative",4
Lapa Ninja (Post),Venga,https://www.lapa.ninja/post/venga/,https://cdn.lapa.ninja/assets/images/1x/venga-thumb.webp,"[""#fdfdf9"", ""#24282a""]","{""#fdfdf9"": 0.7175, ""#24282a"": 0.0869}",#fdfdf9,light neutral,"grid layout, rounded buttons, single column, sidebar, video background, large typography","modern, futuristic, friendly",0.75,Modern grid layout with light neutral background and large typography.,"modern, grid, light, friendly, rounded-buttons, sidebar",3
Lapa Ninja (Post),Shoez Gallery,https://www.lapa.ninja/post/shoezgallery/,https://cdn.lapa.ninja/assets/images/1x/shoezgallery-thumb.webp,"[""#040203"", ""#c76c76""]","{""#040203"": 0.3701, ""#c76c76"": 0.1819}",#040203,dark neutral,"footer, grid layout, sidebar, search bar, icon list, feature list","futuristic, modern, retro",0.69,Modern grid layout with dark neutral tones and a prominent sidebar.,"modern, grid, dark, sidebar, footer, futuristic",4
Lapa Ninja (Post),Nick Velten,https://www.lapa.ninja/post/nickvelten/,https://cdn.lapa.ninja/assets/images/1x/nickvelten-thumb.webp,"[""#e2e3e1"", ""#262829""]","{""#e2e3e1"": 0.4712, ""#262829"": 0.3427}",#e2e3e1,light gray,"grid layout, sidebar, large typography, split screen, icon list, top navigation","modern, minimal, cool",0.74,Modern split screen layout with light gray background and large typography.,"modern, minimal, light-gray, grid, typography, sidebar, cool",0
Lapa Ninja (Post),Fruitful,https://www.lapa.ninja/post/fruitful/,https://cdn.lapa.ninja/assets/images/1x/fruitful-thumb.webp,"[""#f2ebd8"", ""#fffffe""]","{""#f2ebd8"": 0.2674, ""#fffffe"": 0.4186}",#f2ebd8,light bright orange,"rounded buttons, sidebar, grid layout, split screen, footer, feature list","professional, futuristic, minimal",0.63,Professional grid layout with light bright orange sidebar and rounded buttons.,"professional, minimal, grid, light-orange, rounded-buttons, sidebar, futuristic",2
Lapa Ninja (Post),Equals,https://www.lapa.ninja/post/equals/,https://cdn.lapa.ninja/assets/images/1x/equals-thumb.webp,"[""#bfbcd9"", ""#fafaf7""]","{""#bfbcd9"": 0.2845, ""#fafaf7"": 0.5934}",#bfbcd9,muted blue,"grid layout, search bar, data table, sidebar, feature list, video background","modern, minimal, futuristic",0.64,Modern grid layout with muted blue sidebar and a prominent search bar.,"modern, minimal, muted-blue, grid, sidebar, search-bar, futuristic",4
Lapa Ninja (Post),Six Socks Studio,https://www.lapa.ninja/post/sixsocks/,https://cdn.lapa.ninja/assets/images/1x/sixsocks-thumb.webp,"[""#8a2e20"", ""#f8f7f5""]","{""#8a2e20"": 0.3513, ""#f8f7f5"": 0.2901}",#8a2e20,bright red,"rounded buttons, grid layout, large typography, sidebar, top navigation, split screen","modern, cool, futuristic",0.68,Modern split screen layout with bright red accents and large typography.,"modern, grid, bright-red, rounded-buttons, sidebar, typography",0
Lapa Ninja (Post),Agora,https://www.lapa.ninja/post/agora/,https://cdn.lapa.ninja/assets/images/1x/agora-thumb.webp,"[""#fafbf8""]","{""#fafbf8"": 0.9372}",#fafbf8,light neutral,"rounded buttons, grid layout, pricing cards, footer, top navigation, sidebar","modern, minimal, vibrant",0.75,Modern grid layout with light neutral background and rounded buttons.,"modern, minimal, light, grid, rounded-buttons, vibrant",2
Lapa Ninja (Post),Dovetail,https://www.lapa.ninja/post/dovetail-3/,https://cdn.lapa.ninja/assets/images/1x/dovetail-3-thumb.webp,"[""#0d021e"", ""#fbfbfb""]","{""#0d021e"": 0.1967, ""#fbfbfb"": 0.6546}",#0d021e,dark neutral,"video background, feature list, sidebar, rounded buttons, grid layout, icon list","modern, professional, minimal",0.6,Modern grid layout with dark neutral video background and rounded buttons.,"modern, professional, dark-neutral, grid, rounded-buttons, minimal",6
Lapa Ninja (Post),Jackson Holcomb,https://www.lapa.ninja/post/jacksonholcomb/,https://cdn.lapa.ninja/assets/images/1x/jacksonholcomb-thumb.webp,"[""#252525"", ""#f4f3f3""]","{""#252525"": 0.1912, ""#f4f3f3"": 0.4972}",#252525,dark gray,"large typography, two-column layout, grid layout, rounded buttons, icon list, form","modern, minimal, futuristic",0.6,Modern two-column layout with dark gray typography and rounded buttons.,"modern, minimal, dark-gray, grid, rounded-buttons, layout",4
Lapa Ninja (Post),Latus,https://www.lapa.ninja/post/latusbio/,https://cdn.lapa.ninja/assets/images/1x/latusbio-thumb.webp,"[""#fdfdfe"", ""#9e95e7""]","{""#fdfdfe"": 0.5516, ""#9e95e7"": 0.1483}",#fdfdfe,light neutral,"large typography, rounded buttons, grid layout, form, search bar, footer","minimal, futuristic, modern",0.75,Minimal grid layout with light neutral background and large typography.,"minimal, modern, grid, light, typography, rounded-buttons",3
Lapa Ninja (Post),Crazy Creative,https://www.lapa.ninja/post/crazycreative/,https://cdn.lapa.ninja/assets/images/1x/crazycreative-thumb.webp,"[""#010101"", ""#fc68c6""]","{""#010101"": 0.3581, ""#fc68c6"": 0.3061}",#010101,dark neutral,"sidebar, video background, avatar, hero image, feature list, icon list","creative, modern, artistic",0.68,Modern layout with dark neutral tones featuring a video background and sidebar elements.,"modern, creative, dark, video-background, sidebar, artistic",6
Lapa Ninja (Post),Valarlabs,https://www.lapa.ninja/post/valarlabs/,https://cdn.lapa.ninja/assets/images/1x/valarlabs-thumb.webp,"[""#154d51"", ""#fbfbfb""]","{""#154d51"": 0.2421, ""#fbfbfb"": 0.3323}",#154d51,dark bright teal,"grid layout, rounded buttons, large typography, top navigation, footer, pricing cards","modern, futuristic, minimal",0.62,Modern grid layout with dark bright teal accents and large typography.,"modern, grid, dark-bright-teal, rounded-buttons, typography, minimal",4
Lapa Ninja (Post),lyon béton,https://www.lapa.ninja/post/lyon-beton/,https://cdn.lapa.ninja/assets/images/1x/lyon-beton-thumb.webp,"[""#e9e8e7"", ""#d6cec7""]","{""#e9e8e7"": 0.5475, ""#d6cec7"": 0.2353}",#e9e8e7,light gray,"large typography, pricing cards, grid layout, icon list, form, feature list","modern, futuristic, minimal",0.75,Modern grid layout with light gray background and large typography elements.,"modern, minimal, light-gray, grid, typography, pricing-cards",7
Lapa Ninja (Post),thingness.world,https://www.lapa.ninja/post/thingness/,https://cdn.lapa.ninja/assets/images/1x/thingness-thumb.webp,"[""#fefefe"", ""#bdb2b6""]","{""#fefefe"": 0.7256, ""#bdb2b6"": 0.0899}",#fefefe,light neutral,"sidebar, illustration, form, logo, carousel, video background","friendly, modern, professional",0.75,Friendly layout with light neutral background and engaging carousel elements.,"friendly, modern, neutral, carousel, professional, illustration",1
Lapa Ninja (Post),Sneha Sanksar,https://www.lapa.ninja/post/snehasanks/,https://cdn.lapa.ninja/assets/images/1x/snehasanks-thumb.webp,"[""#0b0b0b"", ""#e1e2e5""]","{""#0b0b0b"": 0.7493, ""#e1e2e5"": 0.0983}",#0b0b0b,dark neutral,"video background, sidebar, icon list, grid layout, feature list, large typography","retro, futuristic, modern",0.75,Modern grid layout with dark neutral video background and large typography.,"modern, grid, dark, video-background, large-typography, sidebar",6
Lapa Ninja (Post),Integrated Reasoning,https://www.lapa.ninja/post/integrated-reasoning/,https://cdn.lapa.ninja/assets/images/1x/integrated-reasoning-thumb.webp,"[""#1c1c1a""]","{""#1c1c1a"": 0.9089}",#1c1c1a,dark gray,"data table, sidebar, pricing cards, large typography, cta button, top navigation","professional, retro, modern",0.75,Professional layout with dark gray background featuring a data table and prominent typography.,"professional, modern, dark-gray, data-table, typography, sidebar, pricing-cards",7
Lapa Ninja (Post),Liqium,https://www.lapa.ninja/post/liqium/,https://cdn.lapa.ninja/assets/images/1x/liqium-thumb.webp,"[""#f9fafc"", ""#aeb8c8""]","{""#f9fafc"": 0.7683, ""#aeb8c8"": 0.1315}",#f9fafc,light neutral,"large typography, rounded buttons, form, avatar, pricing cards, grid layout","futuristic, modern, minimal",0.75,Modern grid layout with light neutral background and large typography.,"modern, minimal, light, grid, typography, rounded-buttons, futuristic",3
Lapa Ninja (Post),Local Studio,https://www.lapa.ninja/post/localstudio/,https://cdn.lapa.ninja/assets/images/1x/localstudio-thumb.webp,"[""#6a984f"", ""#fefefe""]","{""#6a984f"": 0.2007, ""#fefefe"": 0.5842}",#6a984f,muted green,"logo, pricing cards, sidebar, large typography, video background, feature list","professional, modern, creative",0.6,Professional layout with muted green accents and large typography elements.,"professional, modern, muted-green, typography, sidebar, creative",6
Lapa Ninja (Post),Bryn Taylor,https://www.lapa.ninja/post/bryntaylor-2/,https://cdn.lapa.ninja/assets/images/1x/bryntaylor-2-thumb.webp,"[""#f1f5e4"", ""#ffffff""]","{""#f1f5e4"": 0.3366, ""#ffffff"": 0.6054}",#f1f5e4,light neutral,"pricing cards, rounded buttons, grid layout, large typography, feature list, sidebar","minimal, professional, modern",0.67,Minimal grid layout with light neutral background and prominent pricing cards.,"minimal, professional, light, grid, pricing-cards, modern, rounded-buttons",7
Lapa Ninja (Post),HOVN STUDIOS,https://www.lapa.ninja/post/hovnstudios/,https://cdn.lapa.ninja/assets/images/1x/hovnstudios-thumb.webp,"[""#fb651a"", ""#6a3e1e""]","{""#fb651a"": 0.2321, ""#6a3e1e"": 0.2298}",#fb651a,bright orange,"pricing cards, video background, rounded buttons, avatar, form, grid layout","professional, modern, creative",0.62,Professional grid layout with bright orange pricing cards and rounded buttons.,"modern, creative, bright-orange, grid, pricing-cards, rounded-buttons",7
Lapa Ninja (Post),Ballet De Marseille,https://www.lapa.ninja/post/ballet-de-marseille/,https://cdn.lapa.ninja/assets/images/1x/ballet-de-marseille-thumb.webp,"[""#fefefe"", ""#010101""]","{""#fefefe"": 0.7192, ""#010101"": 0.1007}",#fefefe,light neutral,"avatar, video background, sidebar, split screen, data table, grid layout","creative, futuristic, cool",0.75,Creative split screen layout with dark accents and a video background.,"creative, futuristic, dark, grid, video, sidebar",5
Lapa Ninja (Post),Taxfix,https://www.lapa.ninja/post/taxfix/,https://cdn.lapa.ninja/assets/images/1x/taxfix-thumb.webp,"[""#b0ed6b"", ""#fefefc""]","{""#b0ed6b"": 0.232, ""#fefefc"": 0.5878}",#b0ed6b,bright green,"rounded buttons, grid layout, pricing cards, top navigation, cta button, footer","modern, professional, futuristic",0.62,Modern grid layout with bright green pricing cards and rounded buttons.,"modern, professional, bright-green, grid, rounded-buttons, pricing-cards",7
Lapa Ninja (Post),Arcade Labs,https://www.lapa.ninja/post/arcade/,https://cdn.lapa.ninja/assets/images/1x/arcade-thumb.webp,"[""#0f0f0f"", ""#433c42""]","{""#0f0f0f"": 0.868, ""#433c42"": 0.0537}",#0f0f0f,dark neutral,"grid layout, icon list, feature list, large typography, video background, pricing cards","modern, futuristic, minimal",0.75,Modern grid layout with dark neutral tones and large typography elements.,"modern, grid, dark, minimal, typography, futuristic",4
Lapa Ninja (Post),Sock,https://www.lapa.ninja/post/sock/,https://cdn.lapa.ninja/assets/images/1x/sock-thumb.webp,"[""#fefefe""]","{""#fefefe"": 0.9237}",#fefefe,light neutral,"rounded buttons, top navigation, grid layout, sidebar, feature list, search bar","minimal, modern, cool",0.75,Minimal grid layout with light neutral background and rounded buttons.,"minimal, modern, light, grid, rounded-buttons, sidebar, clean",2
Lapa Ninja (Post),Augen,https://www.lapa.ninja/post/augen/,https://cdn.lapa.ninja/assets/images/1x/augen-thumb.webp,"[""#171819"", ""#f7f7f7""]","{""#171819"": 0.2837, ""#f7f7f7"": 0.6803}",#171819,dark gray,"avatar, sidebar, form, rounded buttons, search bar, video background","minimal, futuristic, modern",0.64,Minimal layout with dark gray sidebar and rounded buttons for user interaction.,"minimal, modern, dark-gray, sidebar, rounded-buttons, futuristic",2
Lapa Ninja (Post),FlowFest,https://www.lapa.ninja/post/flowfest/,https://cdn.lapa.ninja/assets/images/1x/flowfest-thumb.webp,"[""#f3ecd3"", ""#d5a19e""]","{""#f3ecd3"": 0.6571, ""#d5a19e"": 0.1058}",#f3ecd3,light bright yellow,"large typography, footer, sidebar, form, feature list, grid layout","modern, cool, futuristic",0.75,Modern grid layout with light bright yellow typography and a structured sidebar.,"modern, grid, light-yellow, typography, sidebar, clean",4
Lapa Ninja (Post),Cleo,https://www.lapa.ninja/post/meetcleo-2/,https://cdn.lapa.ninja/assets/images/1x/meetcleo-09-09-2021-thumb.webp,"[""#22258d"", ""#fafafd""]","{""#22258d"": 0.712, ""#fafafd"": 0.1275}",#22258d,bright blue,"sidebar, video background, search bar, split screen, footer, feature list","modern, bold, cool",0.75,Modern split screen layout with bold bright blue video background and prominent search bar.,"modern, bold, bright-blue, split-screen, video-background, search-bar",5
Lapa Ninja (Post),Cup of Couple,https://www.lapa.ninja/post/cupofcouple/,https://cdn.lapa.ninja/assets/images/1x/cupofcouple-thumb.webp,"[""#e6e6e8"", ""#b4b0ab""]","{""#e6e6e8"": 0.8229, ""#b4b0ab"": 0.0784}",#e6e6e8,light gray,"rounded buttons, grid layout, feature list, large typography, icon list, pricing cards","minimal, modern, luxury",0.75,Minimal grid layout with light gray background and large typography.,"minimal, modern, light-gray, grid, luxury, typography",3
Lapa Ninja (Post),Knickey,https://www.lapa.ninja/post/knickey/,https://cdn.lapa.ninja/assets/images/1x/knickey-thumb.webp,"[""#f6f3ef"", ""#f0d4ac""]","{""#f6f3ef"": 0.4375, ""#f0d4ac"": 0.3605}",#f6f3ef,light neutral,"sidebar, video background, grid layout, large typography, feature list, rounded buttons","minimal, modern, futuristic",0.72,Minimal grid layout with light neutral background and large typography featuring rounded buttons.,"minimal, modern, light, grid, typography, rounded-buttons, futuristic",3
Lapa Ninja (Post),Woven Whisky,https://www.lapa.ninja/post/wovenwhisky/,https://cdn.lapa.ninja/assets/images/1x/wovenwhisky-thumb.webp,"[""#e8e8e2"", ""#b4bdbe""]","{""#e8e8e2"": 0.5395, ""#b4bdbe"": 0.3254}",#e8e8e2,light muted yellow,"large typography, rounded buttons, grid layout, video background, form, pricing cards","modern, minimal, calm",0.75,Modern grid layout with light neutral background and large typography.,"modern, minimal, calm, grid, typography, rounded-buttons",3
Lapa Ninja (Post),Ritual Made,https://www.lapa.ninja/post/ritualmade/,https://cdn.lapa.ninja/assets/images/1x/ritualmade-thumb.webp,"[""#7c6663"", ""#fef7ef""]","{""#7c6663"": 0.1937, ""#fef7ef"": 0.6576}",#7c6663,muted red,"large typography, grid layout, pricing cards, rounded buttons, feature list, sidebar","minimal, modern, luxury",0.6,Minimal grid layout with light neutral background and large typography.,"minimal, modern, luxury, grid, typography, neutral",3
Lapa Ninja (Post),DashGo,https://www.lapa.ninja/post/dashgo/,https://cdn.lapa.ninja/assets/images/1x/dashgo-thumb.webp,"[""#000000"", ""#ffffff""]","{""#000000"": 0.3929, ""#ffffff"": 0.5784}",#000000,dark neutral,"large typography, pricing cards, grid layout, form, sidebar, footer","modern, creative, minimal",0.7,Modern grid layout with dark neutral background and large typography.,"modern, minimal, dark, grid, typography, creative",3
Lapa Ninja (Post),Nuu,https://www.lapa.ninja/post/explorenuu/,https://cdn.lapa.ninja/assets/images/1x/explorenuu-thumb.webp,"[""#fefefe"", ""#d5d4d0""]","{""#fefefe"": 0.6691, ""#d5d4d0"": 0.1557}",#fefefe,light neutral,"feature list, search bar, sidebar, rounded buttons, pricing cards, grid layout","modern, professional, luxury",0.75,Modern grid layout with light neutral background and rounded buttons.,"modern, professional, light, grid, rounded-buttons, feature-list, luxury",2
Lapa Ninja (Post),Stacker,https://www.lapa.ninja/post/stackerhq/,https://cdn.lapa.ninja/assets/images/1x/stackerhq-thumb.webp,"[""#fdfdfe""]","{""#fdfdfe"": 0.9144}",#fdfdfe,light neutral,"grid layout, large typography, feature list, pricing cards, sidebar, footer","modern, minimal, professional",0.75,Modern grid layout with light neutral background and large typography.,"modern, minimal, professional, grid, typography, layout",3
Lapa Ninja (Post),Steven Olimpio,https://www.lapa.ninja/post/olimpio/,https://cdn.lapa.ninja/assets/images/1x/olimpio-thumb.webp,"[""#000000""]","{""#000000"": 0.9675}",#000000,dark neutral,"large typography, feature list, footer, sidebar, icon list, rounded buttons","minimal, cool, modern",0.75,Minimal layout with dark neutral tones featuring large typography and rounded buttons.,"minimal, modern, dark, typography, rounded-buttons, sidebar, footer",1
Lapa Ninja (Post),Refuse Uline,https://www.lapa.ninja/post/refuseuline/,https://cdn.lapa.ninja/assets/images/1x/refuseuline-thumb.webp,"[""#eeedee"", ""#4b58d8""]","{""#eeedee"": 0.6377, ""#4b58d8"": 0.1598}",#eeedee,light neutral,"sidebar, large typography, two-column layout, single column, feature list, pricing cards","bold, cool, retro",0.75,Bold two-column layout with light neutral background and large typography.,"bold, cool, light, retro, two-column, typography",1
Lapa Ninja (Post),VR for Work,https://www.lapa.ninja/post/vrforwork/,https://cdn.lapa.ninja/assets/images/1x/vrforwork-thumb.webp,"[""#010102"", ""#2b1441""]","{""#010102"": 0.685, ""#2b1441"": 0.1726}",#010102,dark neutral,"video background, sidebar, logo, carousel, split screen, search bar","futuristic, retro, cool",0.75,Dark neutral split screen layout with a video background and a sidebar for navigation.,"futuristic, split-screen, dark, video, sidebar, modern",5
Lapa Ninja (Post),Madbox,https://www.lapa.ninja/post/madbox/,https://cdn.lapa.ninja/assets/images/1x/madbox-thumb.webp,"[""#6ddaf6"", ""#fcfdfd""]","{""#6ddaf6"": 0.2879, ""#fcfdfd"": 0.5603}",#6ddaf6,bright teal,"feature list, rounded buttons, sidebar, top navigation, split screen, video background","modern, cool, futuristic",0.64,Modern split screen layout with bright teal video background and rounded buttons.,"modern, split-screen, bright-teal, video-background, rounded-buttons, cool",5
Lapa Ninja (Post),Mickaël Larchevêque,https://www.lapa.ninja/post/dotmick/,https://cdn.lapa.ninja/assets/images/1x/dotmick-thumb.webp,"[""#f8e0dc"", ""#dbacad""]","{""#f8e0dc"": 0.6918, ""#dbacad"": 0.1065}",#f8e0dc,light bright red,"large typography, rounded buttons, pricing cards, grid layout, sidebar, form","modern, futuristic, artistic",0.75,Modern grid layout with light bright red typography and rounded buttons.,"modern, grid, light-red, rounded-buttons, pricing-cards, artistic",7
Lapa Ninja (Post),Hoboken Yogi,https://www.lapa.ninja/post/hobokenyogi/,https://cdn.lapa.ninja/assets/images/1x/hobokenyogi-thumb.webp,"[""#f9f9f9"", ""#bfc4cf""]","{""#f9f9f9"": 0.6982, ""#bfc4cf"": 0.1163}",#f9f9f9,light neutral,"grid layout, sidebar, video background, feature list, centered hero, avatar","modern, calm, professional",0.75,Modern grid layout with light neutral background and centered hero featuring a video.,"modern, calm, neutral, grid, video, professional, sidebar",6
Lapa Ninja (Post),Houses Of Malmö,https://www.lapa.ninja/post/hom-design/,https://cdn.lapa.ninja/assets/images/1x/hom-design-thumb.webp,"[""#191919"", ""#e3e3e2""]","{""#191919"": 0.5055, ""#e3e3e2"": 0.3582}",#191919,dark gray,"large typography, feature list, two-column layout, grid layout, icon list, sidebar","minimal, modern, artistic",0.75,Minimal two-column layout with dark gray large typography and a structured grid of icons.,"minimal, modern, dark-gray, grid, typography, sidebar",4
Lapa Ninja (Post),KITTEN,https://www.lapa.ninja/post/kittenproduction/,https://cdn.lapa.ninja/assets/images/1x/kittenproduction-thumb.webp,"[""#a2a7aa"", ""#f5f5f5""]","{""#a2a7aa"": 0.2062, ""#f5f5f5"": 0.4268}",#a2a7aa,muted gray,"large typography, grid layout, sidebar, icon list, feature list, two-column layout","modern, creative, elegant",0.6,Modern grid layout with muted gray typography and a two-column structure.,"modern, grid, muted-gray, elegant, creative, sidebar",4
Lapa Ninja (Post),Fuente Real,https://www.lapa.ninja/post/fuentereal/,https://cdn.lapa.ninja/assets/images/1x/fuentereal-thumb.webp,"[""#dfe1df"", ""#565446""]","{""#dfe1df"": 0.7722, ""#565446"": 0.0933}",#dfe1df,light gray,"rounded buttons, two-column layout, sidebar, large typography, footer, grid layout","bold, minimal, calm",0.75,Minimal two-column layout with light gray background and large typography.,"minimal, calm, light-gray, two-column, bold, grid",3
Lapa Ninja (Post),Altos Ventures,https://www.lapa.ninja/post/altos-ventures/,https://cdn.lapa.ninja/assets/images/1x/altos-ventures-thumb.webp,"[""#fbfbfb"", ""#c78d62""]","{""#fbfbfb"": 0.8094, ""#c78d62"": 0.0786}",#fbfbfb,light neutral,"large typography, form, rounded buttons, grid layout, footer, feature list","minimal, modern, futuristic",0.75,Minimal grid layout with light neutral background and large typography.,"minimal, modern, neutral, grid, typography, rounded-buttons",3
Lapa Ninja (Post),Daye,https://www.lapa.ninja/post/yourdaye/,https://cdn.lapa.ninja/assets/images/1x/yourdaye-thumb.webp,"[""#e1eee0"", ""#fefbe8""]","{""#e1eee0"": 0.2476, ""#fefbe8"": 0.6195}",#e1eee0,light muted green,"grid layout, rounded buttons, pricing cards, sidebar, footer, top navigation","minimal, professional, retro",0.62,Minimal grid layout with light muted green pricing cards and rounded buttons.,"minimal, professional, light-muted-green, grid, rounded-buttons, retro",7
Lapa Ninja (Post),F. Miller Skincare,https://www.lapa.ninja/post/fmillerskincare/,https://cdn.lapa.ninja/assets/images/1x/fmillerskincare-thumb.webp,"[""#3f4437"", ""#faf8f3""]","{""#3f4437"": 0.2202, ""#faf8f3"": 0.6141}",#3f4437,dark muted green,"grid layout, pricing cards, sidebar, feature list, rounded buttons, form","minimal, elegant, luxury",0.61,Minimal grid layout with dark muted green pricing cards and rounded buttons.,"minimal, elegant, dark-muted-green, grid, luxury, buttons",7
Lapa Ninja (Post),Claudia Rubin,https://www.lapa.ninja/post/claudiarubin/,https://cdn.lapa.ninja/assets/images/1x/claudiarubin-thumb.webp,"[""#000000"", ""#fefefe""]","{""#000000"": 0.2976, ""#fefefe"": 0.5151}",#000000,dark neutral,"sidebar, grid layout, split screen, feature list, two-column layout, card list","modern, minimal, artistic",0.65,Modern split screen layout with dark neutral sidebar and a structured grid of feature cards.,"modern, minimal, dark, grid, sidebar, artistic, structured",0
Lapa Ninja (Post),Fireside,https://www.lapa.ninja/post/fireside/,https://cdn.lapa.ninja/assets/images/1x/fireside-thumb.webp,"[""#f8f7ef"", ""#0f077f""]","{""#f8f7ef"": 0.5334, ""#0f077f"": 0.2371}",#f8f7ef,light neutral,"sidebar, data table, feature list, rounded buttons, pricing cards, footer","professional, minimal, modern",0.75,Professional layout with light neutral tones featuring a sidebar and rounded buttons.,"professional, minimal, light, modern, sidebar, rounded-buttons, data-table",1
Lapa Ninja (Post),Goodkids,https://www.lapa.ninja/post/goodkidsagency/,https://cdn.lapa.ninja/assets/images/1x/goodkidsagency-thumb.webp,"[""#1d1a16"", ""#fefefe""]","{""#1d1a16"": 0.2781, ""#fefefe"": 0.3728}",#1d1a16,dark muted orange,"large typography, rounded buttons, sidebar, grid layout, feature list, two-column layout","creative, modern, artistic",0.64,Creative grid layout with dark muted orange accents and large typography.,"modern, artistic, dark-muted-orange, grid, typography, rounded-buttons, sidebar",4
Lapa Ninja (Post),Seed,https://www.lapa.ninja/post/seed/,https://cdn.lapa.ninja/assets/images/1x/seed-thumb.webp,"[""#39462d"", ""#fcfcfc""]","{""#39462d"": 0.5283, ""#fcfcfc"": 0.4516}",#39462d,dark muted green,"rounded buttons, large typography, sidebar, footer, grid layout, avatar","minimal, creative, modern",0.75,Minimal grid layout with dark muted green sidebar and large typography.,"minimal, modern, dark-muted-green, grid, typography, rounded-buttons, creative",4
Lapa Ninja (Post),Sunny at Sea,https://www.lapa.ninja/post/sunnyatsea/,https://cdn.lapa.ninja/assets/images/1x/sunnyatsea-thumb.webp,"[""#e7dfd9"", ""#1d1e1e""]","{""#e7dfd9"": 0.8908, ""#1d1e1e"": 0.0519}",#e7dfd9,light muted orange,"large typography, rounded buttons, sidebar, pricing cards, grid layout, feature list","modern, professional, minimal",0.75,Modern grid layout with light muted orange sidebar and large typography.,"modern, professional, minimal, light, grid, typography, rounded-buttons",7
Lapa Ninja (Post),Cosmos,https://www.lapa.ninja/post/cosmos-network/,https://cdn.lapa.ninja/assets/images/1x/cosmos-network-thumb.webp,"[""#0c0a0c"", ""#49294d""]","{""#0c0a0c"": 0.5904, ""#49294d"": 0.1708}",#0c0a0c,dark neutral,"sidebar, chart, avatar, data table, icon list, logo","modern, futuristic, retro",0.75,Modern layout with dark neutral tones featuring a prominent sidebar and data table.,"modern, dark, sidebar, data-table, futuristic, structured",1
Lapa Ninja (Post),Kyle Wilkinson,https://www.lapa.ninja/post/wilkinson-studio/,https://cdn.lapa.ninja/assets/images/1x/wilkinson-studio-thumb.webp,"[""#020101"", ""#c4c6db""]","{""#020101"": 0.6861, ""#c4c6db"": 0.1015}",#020101,dark neutral,"large typography, video background, pricing cards, grid layout, sidebar, rounded buttons","modern, artistic, futuristic",0.75,Modern grid layout with dark neutral video background and large typography.,"modern, artistic, dark, grid, video-background, rounded-buttons, pricing-cards",6
Lapa Ninja (Post),Evan Corrigan,https://www.lapa.ninja/post/corrigan/,https://cdn.lapa.ninja/assets/images/1x/corrigan-thumb.webp,"[""#f2f4f1"", ""#221f0e""]","{""#f2f4f1"": 0.7862, ""#221f0e"": 0.0872}",#f2f4f1,light neutral,"rounded buttons, sidebar, feature list, icon list, footer, split screen","professional, minimal, modern",0.75,Professional split screen layout with light neutral background and rounded buttons.,"professional, minimal, light, modern, rounded-buttons, sidebar, feature-list",0
Lapa Ninja (Post),Seyi,https://www.lapa.ninja/post/seyi/,https://cdn.lapa.ninja/assets/images/1x/seyi-thumb.webp,"[""#111111"", ""#777776""]","{""#111111"": 0.8161, ""#777776"": 0.1621}",#111111,dark neutral,"large typography, pricing cards, footer, rounded buttons, feature list, grid layout","friendly, modern, creative",0.75,Modern grid layout with dark neutral tones and large typography.,"modern, grid, dark, friendly, typography, creative",4
Lapa Ninja (Post),Monster Box,https://www.lapa.ninja/post/mbpedia/,https://cdn.lapa.ninja/assets/images/1x/mbpedia-thumb.webp,"[""#f3f6f7"", ""#20505a""]","{""#f3f6f7"": 0.6221, ""#20505a"": 0.1244}",#f3f6f7,light neutral,"icon list, pricing cards, feature list, card list, grid layout, video background","vibrant, artistic, modern",0.75,Modern grid layout with light neutral background and vibrant video background.,"modern, grid, light, video, artistic, pricing-cards, feature-list",6
Lapa Ninja (Post),Contra,https://www.lapa.ninja/post/contra/,https://cdn.lapa.ninja/assets/images/1x/contra-thumb.webp,"[""#151414"", ""#fefefe""]","{""#151414"": 0.4629, ""#fefefe"": 0.4255}",#151414,dark gray,"grid layout, large typography, split screen, rounded buttons, sidebar, footer","modern, creative, minimal",0.73,Modern split screen layout with dark gray background and large typography.,"modern, creative, dark-gray, grid, minimal, rounded-buttons",0
Lapa Ninja (Post),INDEX,https://www.lapa.ninja/post/index-space/,https://cdn.lapa.ninja/assets/images/1x/index-space-thumb.webp,"[""#010101"", ""#fefefe""]","{""#010101"": 0.2039, ""#fefefe"": 0.7238}",#010101,dark neutral,"rounded buttons, split screen, sidebar, search bar, two-column layout, footer","modern, bold, cool",0.6,Modern two-column layout with dark neutral sidebar and rounded buttons.,"modern, bold, dark, two-column, sidebar, rounded-buttons",1
Lapa Ninja (Post),Versions,https://www.lapa.ninja/post/versions/,https://cdn.lapa.ninja/assets/images/1x/versions-thumb.webp,"[""#fdfdfd""]","{""#fdfdfd"": 0.9542}",#fdfdfd,light neutral,"large typography, rounded buttons, grid layout, feature list, pricing cards, sidebar","modern, minimal, cool",0.75,Modern grid layout with light neutral background and large typography.,"modern, minimal, grid, light, typography, rounded-buttons, pricing-cards",3
Lapa Ninja (Post),Erica Weiner,https://www.lapa.ninja/post/ericaweiner/,https://cdn.lapa.ninja/assets/images/1x/ericaweiner-thumb.webp,"[""#cfc3b3"", ""#1f1b22""]","{""#cfc3b3"": 0.3452, ""#1f1b22"": 0.2899}",#cfc3b3,muted orange,"grid layout, rounded buttons, pricing cards, icon list, form, sidebar","luxury, modern, elegant",0.67,Modern grid layout with muted orange pricing cards and rounded buttons.,"modern, grid, muted-orange, luxury, elegant, rounded-buttons",7
Lapa Ninja (Post),Bukwild,https://www.lapa.ninja/post/bukwild-2/,https://cdn.lapa.ninja/assets/images/1x/bukwild-09-01-2021-thumb.webp,"[""#fefefe"", ""#030304""]","{""#fefefe"": 0.7441, ""#030304"": 0.1081}",#fefefe,light neutral,"pricing cards, logo, sidebar, feature list, cta button, large typography","modern, futuristic, professional",0.75,Modern layout featuring light neutral pricing cards and large typography.,"modern, professional, light, pricing-cards, typography, sidebar",7
Lapa Ninja (Post),Tori Hinn,https://www.lapa.ninja/post/torihinn/,https://cdn.lapa.ninja/assets/images/1x/torihinn-thumb.webp,"[""#fefefe"", ""#199c5b""]","{""#fefefe"": 0.6892, ""#199c5b"": 0.1224}",#fefefe,light neutral,"sidebar, icon list, large typography, video background, search bar, grid layout","modern, artistic, professional",0.75,Modern grid layout with light neutral background and large typography elements.,"modern, artistic, professional, grid, large-typography, sidebar",3
Lapa Ninja (Post),THEY THE THEM ARE WE,https://www.lapa.ninja/post/theythethemarewe/,https://cdn.lapa.ninja/assets/images/1x/theythethemarewe-thumb.webp,"[""#100f14"", ""#fafafa""]","{""#100f14"": 0.1837, ""#fafafa"": 0.4582}",#100f14,dark neutral,"feature list, large typography, sidebar, icon list, grid layout, split screen","cool, modern, minimal",0.59,Modern split screen layout with dark neutral sidebar and large typography.,"modern, minimal, dark, grid, typography, sidebar, cool",0
Lapa Ninja (Post),Nofilter.space,https://www.lapa.ninja/post/nofilter-space/,https://cdn.lapa.ninja/assets/images/1x/nofilter-space-thumb.webp,"[""#fdfdfd"", ""#2b2524""]","{""#fdfdfd"": 0.6064, ""#2b2524"": 0.1786}",#fdfdfd,light neutral,"sidebar, feature list, rounded buttons, icon list, large typography, grid layout","modern, minimal, futuristic",0.75,Modern grid layout with light neutral background and large typography features.,"modern, minimal, light, grid, typography, rounded-buttons, sidebar",3
Lapa Ninja (Post),Infrared,https://www.lapa.ninja/post/infraredmindbody/,https://cdn.lapa.ninja/assets/images/1x/infraredmindbody-thumb.webp,"[""#e73502"", ""#f2ebe0""]","{""#e73502"": 0.3216, ""#f2ebe0"": 0.3007}",#e73502,bright red,"sidebar, video background, centered hero, split screen, avatar, form","futuristic, professional, retro",0.66,Professional split screen layout with bright red centered hero and video background.,"professional, futuristic, bright-red, split-screen, video-background, centered-hero",5
Lapa Ninja (Post),Serino,https://www.lapa.ninja/post/serino-studio/,https://cdn.lapa.ninja/assets/images/1x/serino-studio-thumb.webp,"[""#f4f0ea"", ""#b8a593""]","{""#f4f0ea"": 0.6016, ""#b8a593"": 0.1115}",#f4f0ea,light neutral,"grid layout, rounded buttons, form, sidebar, feature list, large typography","minimal, modern, futuristic",0.75,Minimal grid layout with light neutral background and large typography elements.,"minimal, modern, light, grid, typography, rounded-buttons, sidebar",3
Lapa Ninja (Post),Revolut,https://www.lapa.ninja/post/revolut-3/,https://cdn.lapa.ninja/assets/images/1x/revolut-08-28-2021-thumb.webp,"[""#f3f5f7"", ""#8d8893""]","{""#f3f5f7"": 0.7464, ""#8d8893"": 0.1247}",#f3f5f7,light neutral,"pricing cards, rounded buttons, grid layout, feature list, sidebar, search bar","minimal, modern, futuristic",0.75,Minimal grid layout with light neutral background and rounded buttons for interactive elements.,"minimal, modern, light, grid, rounded-buttons, pricing-cards, sidebar",2
Lapa Ninja (Post),Kieran Parker,https://www.lapa.ninja/post/kieranparker/,https://cdn.lapa.ninja/assets/images/1x/kieranparker-thumb.webp,"[""#f0f0ed"", ""#171717""]","{""#f0f0ed"": 0.7733, ""#171717"": 0.1914}",#f0f0ed,light neutral,"large typography, sidebar, feature list, footer, grid layout, avatar","modern, professional, minimal",0.75,Modern grid layout with light neutral background and large typography.,"modern, professional, minimal, grid, typography, sidebar",3
Lapa Ninja (Post),MOZOM,https://www.lapa.ninja/post/mozom-1/,https://cdn.lapa.ninja/assets/images/1x/mozom-1-thumb.webp,"[""#181818""]","{""#181818"": 0.872}",#181818,dark gray,"large typography, rounded buttons, form, icon list, video background, grid layout","modern, minimal, futuristic",0.75,Modern grid layout with dark gray background and large typography.,"modern, minimal, dark-gray, grid, typography, rounded-buttons",4
Lapa Ninja (Post),FENN,https://www.lapa.ninja/post/fennstore/,https://cdn.lapa.ninja/assets/images/1x/fennstore-thumb.webp,"[""#fdfcfc"", ""#d8d8d5""]","{""#fdfcfc"": 0.5701, ""#d8d8d5"": 0.1385}",#fdfcfc,light neutral,"sidebar, large typography, footer, two-column layout, split screen, feature list","modern, cool, bold",0.75,Modern two-column layout with light neutral background and large typography.,"modern, two-column, light, bold, sidebar, typography, split-screen",1
Lapa Ninja (Post),Mailchimp,https://www.lapa.ninja/post/mailchimp-4/,https://cdn.lapa.ninja/assets/images/1x/mailchimp-08-28-2021-thumb.webp,"[""#faeaca"", ""#f8e2fa""]","{""#faeaca"": 0.5449, ""#f8e2fa"": 0.3574}",#faeaca,light bright orange,"grid layout, rounded buttons, pricing cards, split screen, sidebar, large typography","modern, minimal, professional",0.75,Modern grid layout with light bright orange pricing cards and rounded buttons.,"modern, minimal, light-orange, grid, professional, rounded-buttons",7
Lapa Ninja (Post),Macro,https://www.lapa.ninja/post/macro/,https://cdn.lapa.ninja/assets/images/1x/macro-thumb.webp,"[""#020201"", ""#8463ac""]","{""#020201"": 0.7562, ""#8463ac"": 0.1166}",#020201,dark neutral,"video background, sidebar, split screen, search bar, feature list, footer","cool, futuristic, bold",0.75,Bold split screen layout with dark neutral video background and prominent sidebar.,"bold, cool, dark-neutral, split-screen, video-background, futuristic, sidebar",5
Lapa Ninja (Post),UNION©,https://www.lapa.ninja/post/unionconstruction/,https://cdn.lapa.ninja/assets/images/1x/unionconstruction-thumb.webp,"[""#000000"", ""#cdcfd4""]","{""#000000"": 0.8275, ""#cdcfd4"": 0.0885}",#000000,dark neutral,"large typography, rounded buttons, icon list, video background, logo, feature list","futuristic, modern, minimal",0.75,Modern layout with dark neutral tones featuring large typography and a video background.,"modern, minimal, dark, typography, video-background, futuristic, rounded-buttons",6
Lapa Ninja (Post),Clain,https://www.lapa.ninja/post/clain/,https://cdn.lapa.ninja/assets/images/1x/clain-thumb.webp,"[""#000362"", ""#eef2f5""]","{""#000362"": 0.5145, ""#eef2f5"": 0.467}",#000362,dark bright blue,"rounded buttons, grid layout, large typography, feature list, form, search bar","minimal, modern, friendly",0.75,Minimal grid layout with dark bright blue accents and large typography.,"minimal, modern, dark-blue, grid, friendly, typography, rounded-buttons",4
Lapa Ninja (Post),Podcorn,https://www.lapa.ninja/post/podcorn/,https://cdn.lapa.ninja/assets/images/1x/podcorn-thumb.webp,"[""#fffbf9""]","{""#fffbf9"": 0.9499}",#fffbf9,light neutral,"rounded buttons, pricing cards, sidebar, feature list, grid layout, top navigation","modern, professional, cool",0.75,Modern grid layout with light neutral background and rounded buttons.,"modern, professional, light, grid, rounded-buttons, pricing-cards",2
Lapa Ninja (Post),Scruples Studio,https://www.lapa.ninja/post/scruples-studio/,https://cdn.lapa.ninja/assets/images/1x/scruples-studio-thumb.webp,"[""#f5efeb"", ""#010304""]","{""#f5efeb"": 0.7948, ""#010304"": 0.0616}",#f5efeb,light neutral,"rounded buttons, large typography, grid layout, footer, sidebar, top navigation","minimal, modern, futuristic",0.75,Minimal grid layout with light neutral background and large typography.,"minimal, modern, light, grid, typography, clean",3
Lapa Ninja (Post),antinomy,https://www.lapa.ninja/post/antinomy/,https://cdn.lapa.ninja/assets/images/1x/antinomy-thumb.webp,"[""#000000""]","{""#000000"": 0.951}",#000000,dark neutral,"large typography, form, video background, grid layout, rounded buttons, pricing cards","minimal, futuristic, modern",0.75,Minimal grid layout with dark neutral background and large typography.,"minimal, modern, dark, grid, typography, futuristic, rounded-buttons",4
Lapa Ninja (Post),Bastien Allard,https://www.lapa.ninja/post/bastienallard-2/,https://cdn.lapa.ninja/assets/images/1x/bastienallard-08-26-2021-thumb.webp,"[""#f6cfdc""]","{""#f6cfdc"": 0.9161}",#f6cfdc,light bright red,"large typography, two-column layout, sidebar, pricing cards, icon list, grid layout","minimal, creative, artistic",0.75,Minimal two-column layout with light bright red typography and structured pricing cards.,"minimal, creative, light-red, two-column, pricing-cards, grid",7
Lapa Ninja (Post),Camille Luang,https://www.lapa.ninja/post/camilleluang/,https://cdn.lapa.ninja/assets/images/1x/camilleluang-thumb.webp,"[""#fbf9f5"", ""#d4d4d3""]","{""#fbf9f5"": 0.8257, ""#d4d4d3"": 0.082}",#fbf9f5,light neutral,"large typography, grid layout, sidebar, avatar, split screen, feature list","modern, minimal, futuristic",0.75,Modern grid layout with light neutral background and large typography.,"modern, minimal, light, grid, typography, split-screen",3
Lapa Ninja (Post),Cleo,https://www.lapa.ninja/post/meetcleo/,https://cdn.lapa.ninja/assets/images/1x/meetcleo-thumb.webp,"[""#f9fafe""]","{""#f9fafe"": 0.9002}",#f9fafe,light neutral,"pricing cards, rounded buttons, grid layout, feature list, sidebar, split screen","modern, minimal, futuristic",0.75,Modern split screen layout with light neutral background and rounded buttons.,"modern, minimal, light, grid, rounded-buttons, pricing-cards, futuristic",0
Lapa Ninja (Post),Giulia Saporito,https://www.lapa.ninja/post/giuliasaporito/,https://cdn.lapa.ninja/assets/images/1x/giuliasaporito-thumb.webp,"[""#f2f2f2""]","{""#f2f2f2"": 0.9484}",#f2f2f2,light neutral,"large typography, rounded buttons, pricing cards, card list, feature list, icon list","modern, creative, cool",0.75,Modern layout with light neutral background featuring large typography and rounded buttons.,"modern, creative, light, rounded-buttons, typography, pricing-cards",1
Lapa Ninja (Post),Pipe,https://www.lapa.ninja/post/pipe/,https://cdn.lapa.ninja/assets/images/1x/pipe-thumb.webp,"[""#0a0b0b"", ""#2c3138""]","{""#0a0b0b"": 0.8623, ""#2c3138"": 0.0599}",#0a0b0b,dark neutral,"rounded buttons, pricing cards, feature list, grid layout, cta button, top navigation","modern, futuristic, minimal",0.75,Modern grid layout with dark neutral theme and rounded buttons.,"modern, grid, dark, rounded-buttons, minimal, futuristic",2
Lapa Ninja (Post),Potion Lifestyle,https://www.lapa.ninja/post/potionlifestyle/,https://cdn.lapa.ninja/assets/images/1x/potionlifestyle-thumb.webp,"[""#fdfdfd"", ""#302d2a""]","{""#fdfdfd"": 0.7274, ""#302d2a"": 0.0787}",#fdfdfd,light neutral,"pricing cards, sidebar, rounded buttons, video background, grid layout, split screen","modern, futuristic, vibrant",0.75,Modern split screen layout with dark accents and rounded buttons for pricing cards.,"modern, split-screen, dark, rounded-buttons, grid, vibrant",0
Lapa Ninja (Post),Kinn Home,https://www.lapa.ninja/post/kinnhome/,https://cdn.lapa.ninja/assets/images/1x/kinnhome-thumb.webp,"[""#f8f3e6"", ""#e5c7a1""]","{""#f8f3e6"": 0.5444, ""#e5c7a1"": 0.2557}",#f8f3e6,light neutral,"rounded buttons, sidebar, data table, top navigation, feature list, search bar","creative, modern, cool",0.75,Modern layout with light neutral tones featuring a sidebar and rounded buttons.,"modern, creative, light, sidebar, rounded-buttons, data-table",1
Lapa Ninja (Post),Occo Spices,https://www.lapa.ninja/post/eatocco/,https://cdn.lapa.ninja/assets/images/1x/eatocco-thumb.webp,"[""#15151c"", ""#f1f4fc""]","{""#15151c"": 0.2332, ""#f1f4fc"": 0.5135}",#15151c,dark muted blue,"grid layout, sidebar, rounded buttons, footer, large typography, feature list","modern, professional, minimal",0.62,Modern grid layout with dark muted blue sidebar and large typography.,"modern, professional, grid, dark-muted-blue, rounded-buttons, minimal",4
Lapa Ninja (Post),Parquet Courts,https://www.lapa.ninja/post/parquet-courts/,https://cdn.lapa.ninja/assets/images/1x/parquet-courts-thumb.webp,"[""#e7e9e2"", ""#4c7546""]","{""#e7e9e2"": 0.7118, ""#4c7546"": 0.0823}",#e7e9e2,light muted green,"sidebar, illustration, card list, logo, form, footer","modern, futuristic, luxury",0.75,Modern layout with light muted green sidebar and illustrated card list.,"modern, light, sidebar, illustration, card-list, luxury",1
Lapa Ninja (Post),The Well,https://www.lapa.ninja/post/the-well/,https://cdn.lapa.ninja/assets/images/1x/the-well-thumb.webp,"[""#f5f5f5""]","{""#f5f5f5"": 0.8997}",#f5f5f5,light neutral,"large typography, pricing cards, centered hero, feature list, rounded buttons, footer","modern, artistic, creative",0.75,Modern layout with light neutral tones featuring large typography and centered hero.,"modern, artistic, neutral, typography, centered, rounded-buttons",1
Lapa Ninja (Post),SUPERGLOW,https://www.lapa.ninja/post/superglow/,https://cdn.lapa.ninja/assets/images/1x/superglow-thumb.webp,"[""#f3fb84"", ""#9d4738""]","{""#f3fb84"": 0.3998, ""#9d4738"": 0.2538}",#f3fb84,bright yellow,"sidebar, feature list, large typography, carousel, icon list, footer","cool, serious, bold",0.7,Bold layout with bright yellow sidebar and large typography features.,"bold, serious, bright-yellow, sidebar, typography, carousel",1
Lapa Ninja (Post),Kookslams Hard Seltzer,https://www.lapa.ninja/post/kookslamshardseltzer/,https://cdn.lapa.ninja/assets/images/1x/kookslamshardseltzer-thumb.webp,"[""#d7fd9c"", ""#85e0fb""]","{""#d7fd9c"": 0.4185, ""#85e0fb"": 0.3231}",#d7fd9c,bright green,"sidebar, footer, search bar, video background, feature list, rounded buttons","friendly, cool, creative",0.71,Friendly layout with bright green video background and rounded buttons.,"friendly, creative, bright-green, video-background, rounded-buttons, sidebar, footer",6
Lapa Ninja (Post),Crosta & Mollica,https://www.lapa.ninja/post/crostamollica/,https://cdn.lapa.ninja/assets/images/1x/crostamollica-thumb.webp,"[""#f4f3ed"", ""#211911""]","{""#f4f3ed"": 0.5369, ""#211911"": 0.1558}",#f4f3ed,light neutral,"sidebar, large typography, pricing cards, grid layout, feature list, rounded buttons","minimal, modern, luxury",0.75,Minimal grid layout with light neutral background and large typography for pricing cards.,"minimal, modern, light, grid, luxury, typography, rounded-buttons",7
Lapa Ninja (Post),Nuno Pereira Sousa,https://www.lapa.ninja/post/nunops/,https://cdn.lapa.ninja/assets/images/1x/nunops-thumb.webp,"[""#192940"", ""#332434""]","{""#192940"": 0.7368, ""#332434"": 0.1443}",#192940,dark bright blue,"large typography, split screen, grid layout, feature list, sidebar, rounded buttons","minimal, modern, professional",0.75,Minimal split screen layout with dark bright blue background and large typography.,"minimal, modern, dark-blue, grid, professional, rounded-buttons",0
Lapa Ninja (Post),Mario Gogh,https://www.lapa.ninja/post/mariogogh/,https://cdn.lapa.ninja/assets/images/1x/mariogogh-thumb.webp,"[""#ee2625"", ""#ffa8e1""]","{""#ee2625"": 0.815, ""#ffa8e1"": 0.137}",#ee2625,bright red,"sidebar, large typography, rounded buttons, pricing cards, video background, feature list","retro, professional, minimal",0.75,Retro professional layout with bright red sidebar and large typography.,"retro, professional, bright-red, minimal, typography, sidebar",7
Lapa Ninja (Post),Maciej Mach,https://www.lapa.ninja/post/maciejmach/,https://cdn.lapa.ninja/assets/images/1x/maciejmach-thumb.webp,"[""#f5f5f5"", ""#c6cfce""]","{""#f5f5f5"": 0.6862, ""#c6cfce"": 0.1652}",#f5f5f5,light neutral,"grid layout, footer, large typography, pricing cards, sidebar, form","modern, professional, minimal",0.75,Modern grid layout with light neutral background and large typography elements.,"modern, professional, minimal, grid, typography, layout",3
Lapa Ninja (Post),Alike,https://www.lapa.ninja/post/alike/,https://cdn.lapa.ninja/assets/images/1x/alike-thumb.webp,"[""#fbc22e"", ""#fefbf7""]","{""#fbc22e"": 0.1975, ""#fefbf7"": 0.7205}",#fbc22e,bright orange,"rounded buttons, pricing cards, sidebar, footer, split screen, grid layout","modern, minimal, cool",0.6,Modern split screen layout with light neutral pricing cards and rounded buttons.,"modern, minimal, light, split-screen, rounded-buttons, grid, pricing-cards",0
Lapa Ninja (Post),Atlantis Technology,https://www.lapa.ninja/post/atlantistech/,https://cdn.lapa.ninja/assets/images/1x/atlantistech-thumb.webp,"[""#fafbfd""]","{""#fafbfd"": 0.9175}",#fafbfd,light neutral,"sidebar, pricing cards, data table, feature list, avatar, form","professional, modern, cool",0.75,Professional layout with light neutral background and structured pricing cards.,"professional, modern, light, sidebar, pricing-cards, data-table",7
Lapa Ninja (Post),Scope of Work,https://www.lapa.ninja/post/scopeofwork/,https://cdn.lapa.ninja/assets/images/1x/scopeofwork-thumb.webp,"[""#ffffff""]","{""#ffffff"": 0.9094}",#ffffff,light neutral,"large typography, grid layout, icon list, top navigation, rounded buttons, sidebar","modern, creative, futuristic",0.75,Modern grid layout with light neutral background and large typography.,"modern, grid, light, typography, sidebar, rounded-buttons",3
Lapa Ninja (Post),FUTUREVVORLD,https://www.lapa.ninja/post/futurevvorld/,https://cdn.lapa.ninja/assets/images/1x/futurevvorld-thumb.webp,"[""#f1f1f1"", ""#cdbbb1""]","{""#f1f1f1"": 0.7157, ""#cdbbb1"": 0.1351}",#f1f1f1,light neutral,"rounded buttons, pricing cards, grid layout, footer, sidebar, search bar","modern, futuristic, luxury",0.75,Modern grid layout with light neutral background and rounded buttons.,"modern, grid, light, rounded-buttons, luxury, clean",2
Lapa Ninja (Post),Fussy,https://www.lapa.ninja/post/getfussy/,https://cdn.lapa.ninja/assets/images/1x/getfussy-thumb.webp,"[""#cecece"", ""#f7f9fa""]","{""#cecece"": 0.2931, ""#f7f9fa"": 0.5591}",#cecece,light gray,"rounded buttons, large typography, top navigation, sidebar, footer, cta button","modern, futuristic, minimal",0.65,Modern layout with light gray background featuring large typography and rounded buttons.,"modern, minimal, light-gray, rounded-buttons, typography, sidebar",1
Lapa Ninja (Post),Bloomers,https://www.lapa.ninja/post/bloomers/,https://cdn.lapa.ninja/assets/images/1x/bloomers-thumb.webp,"[""#523599"", ""#dddcdd""]","{""#523599"": 0.413, ""#dddcdd"": 0.3439}",#523599,bright blue,"sidebar, video background, footer, large typography, rounded buttons, avatar","minimal, retro, modern",0.71,Minimal layout with bright blue video background and large typography.,"minimal, modern, bright-blue, video-background, typography, rounded-buttons",6
Lapa Ninja (Post),Henry Desroches,https://www.lapa.ninja/post/henry-codes/,https://cdn.lapa.ninja/assets/images/1x/henry-codes-thumb.webp,"[""#b9b2b0"", ""#f6f6f6""]","{""#b9b2b0"": 0.3891, ""#f6f6f6"": 0.3967}",#b9b2b0,light gray,"sidebar, single column, large typography, video background, form, footer","modern, minimal, cool",0.69,Modern single column layout with light gray background and large typography.,"modern, minimal, light-gray, single-column, large-typography, video-background",6
Lapa Ninja (Post),TOGETHXR,https://www.lapa.ninja/post/togethxr/,https://cdn.lapa.ninja/assets/images/1x/togethxr-thumb.webp,"[""#dc8c8f"", ""#54454c""]","{""#dc8c8f"": 0.3081, ""#54454c"": 0.1996}",#dc8c8f,bright red,"sidebar, split screen, video background, feature list, footer, hero image","modern, retro, luxury",0.65,Modern split screen layout with bright red hero and sidebar elements.,"modern, split-screen, bright-red, video-background, luxury, feature-list",5
Lapa Ninja (Post),Drive Capital,https://www.lapa.ninja/post/drivecapital/,https://cdn.lapa.ninja/assets/images/1x/drivecapital-thumb.webp,"[""#010202"", ""#353d3c""]","{""#010202"": 0.658, ""#353d3c"": 0.1452}",#010202,dark neutral,"large typography, sidebar, top navigation, video background, feature list, data table","trustworthy, cool, futuristic",0.75,Dark neutral layout with large typography and a video background.,"dark, neutral, trustworthy, modern, video-background, typography, sidebar",6
Lapa Ninja (Post),Hugo Nicaise,https://www.lapa.ninja/post/hugonicaise/,https://cdn.lapa.ninja/assets/images/1x/hugonicaise-thumb.webp,"[""#1d1d1d""]","{""#1d1d1d"": 0.9578}",#1d1d1d,dark gray,"large typography, rounded buttons, avatar, pricing cards, sidebar, feature list","minimal, professional, modern",0.75,Minimal layout with dark gray background featuring large typography and rounded buttons.,"minimal, professional, dark-gray, typography, rounded-buttons, modern",1
Lapa Ninja (Post),Stream Club,https://www.lapa.ninja/post/streamclub/,https://cdn.lapa.ninja/assets/images/1x/streamclub-thumb.webp,"[""#eac1d9"", ""#f7e8f0""]","{""#eac1d9"": 0.7104, ""#f7e8f0"": 0.1511}",#eac1d9,bright magenta,"rounded buttons, video background, sidebar, feature list, search bar, top navigation","modern, professional, trustworthy",0.75,Modern layout with bright magenta video background and rounded buttons.,"modern, professional, bright-magenta, video-background, rounded-buttons, sidebar",6
Lapa Ninja (Post),Leonid Kostetskyi,https://www.lapa.ninja/post/leonidkostetskyi/,https://cdn.lapa.ninja/assets/images/1x/leonidkostetskyi-thumb.webp,"[""#fbfaf5"", ""#070609""]","{""#fbfaf5"": 0.8629, ""#070609"": 0.0619}",#fbfaf5,light neutral,"large typography, icon list, feature list, rounded buttons, grid layout, footer","creative, artistic, modern",0.75,Creative grid layout with light neutral background and large typography.,"creative, modern, light, grid, typography, rounded-buttons, artistic",3
Lapa Ninja (Post),Epicurrence,https://www.lapa.ninja/post/epicurrence-2021/,https://cdn.lapa.ninja/assets/images/1x/epicurrence-2021-thumb.webp,"[""#010101"", ""#86a5ab""]","{""#010101"": 0.5851, ""#86a5ab"": 0.2178}",#010101,dark neutral,"large typography, sidebar, footer, video background, avatar, split screen","cool, modern, creative",0.75,Modern split screen layout with dark neutral background and large typography.,"modern, split-screen, dark, cool, creative, typography",5
Lapa Ninja (Post),Club local,https://www.lapa.ninja/post/clublocal/,https://cdn.lapa.ninja/assets/images/1x/clublocal-thumb.webp,"[""#e4e4eb"", ""#0d0d0d""]","{""#e4e4eb"": 0.4804, ""#0d0d0d"": 0.3245}",#e4e4eb,light muted blue,"large typography, sidebar, grid layout, single column, form, rounded buttons","minimal, modern, creative",0.74,Minimal grid layout with light muted blue background and large typography.,"minimal, modern, light, grid, typography, rounded-buttons, creative",3
Lapa Ninja (Post),Makeshift Brooklyn,https://www.lapa.ninja/post/makeshiftbk/,https://cdn.lapa.ninja/assets/images/1x/makeshiftbk-thumb.webp,"[""#e7b941"", ""#a4a4a4""]","{""#e7b941"": 0.4935, ""#a4a4a4"": 0.1664}",#e7b941,bright orange,"sidebar, split screen, grid layout, video background, footer, large typography","modern, professional, artistic",0.75,Modern split screen layout with bright orange video background and large typography.,"modern, professional, bright-orange, grid, video-background, artistic",5
Lapa Ninja (Post),Ljubicic Tennis Academy,https://www.lapa.ninja/post/ljubicicacademy/,https://cdn.lapa.ninja/assets/images/1x/ljubicicacademy-thumb.webp,"[""#202724"", ""#fdfdfd""]","{""#202724"": 0.3517, ""#fdfdfd"": 0.2955}",#202724,dark gray,"sidebar, large typography, two-column layout, split screen, grid layout, feature list","professional, modern, minimal",0.68,Professional split screen layout with dark gray sidebar and large typography.,"professional, modern, dark-gray, minimal, grid, two-column",0
Lapa Ninja (Post),Section Cut,https://www.lapa.ninja/post/sectioncut/,https://cdn.lapa.ninja/assets/images/1x/sectioncut-thumb.webp,"[""#eff0f0"", ""#020203""]","{""#eff0f0"": 0.8245, ""#020203"": 0.1189}",#eff0f0,light neutral,"pricing cards, large typography, sidebar, data table, split screen, rounded buttons","friendly, professional, creative",0.75,Friendly split screen layout with light neutral background and large typography.,"friendly, professional, light, split-screen, large-typography, rounded-buttons, data-table",0
Lapa Ninja (Post),Hyphen,https://www.lapa.ninja/post/usehyphen/,https://cdn.lapa.ninja/assets/images/1x/usehyphen-thumb.webp,"[""#17211f"", ""#6d6253""]","{""#17211f"": 0.2692, ""#6d6253"": 0.2523}",#17211f,dark muted teal,"grid layout, rounded buttons, footer, feature list, sidebar, large typography","modern, professional, futuristic",0.63,Modern grid layout with dark muted teal accents and large typography elements.,"modern, professional, dark-muted-teal, grid, typography, rounded-buttons",4
Lapa Ninja (Post),K72 Agency,https://www.lapa.ninja/post/k72/,https://cdn.lapa.ninja/assets/images/1x/k72-thumb.webp,"[""#121215"", ""#ffffff""]","{""#121215"": 0.3611, ""#ffffff"": 0.3313}",#121215,dark neutral,"sidebar, grid layout, video background, form, search bar, centered hero","modern, professional, minimal",0.68,Modern grid layout with dark neutral video background and centered hero.,"modern, professional, dark, grid, minimal, video-background",6
Lapa Ninja (Post),Kazuki Noda,https://www.lapa.ninja/post/kazukinoda/,https://cdn.lapa.ninja/assets/images/1x/kazukinoda-thumb.webp,"[""#e5dfd6"", ""#7d91aa""]","{""#e5dfd6"": 0.795, ""#7d91aa"": 0.091}",#e5dfd6,light muted orange,"large typography, grid layout, form, two-column layout, pricing cards, sidebar","modern, minimal, futuristic",0.75,Modern grid layout with light muted orange typography and two-column pricing cards.,"modern, minimal, light, grid, typography, pricing-cards, sidebar",7
Lapa Ninja (Post),Media.Monks,https://www.lapa.ninja/post/media-monks/,https://cdn.lapa.ninja/assets/images/1x/media-monks-thumb.webp,"[""#e9e8e4"", ""#06242e""]","{""#e9e8e4"": 0.643, ""#06242e"": 0.1741}",#e9e8e4,light muted yellow,"large typography, sidebar, logo, two-column layout, grid layout, feature list","modern, futuristic, minimal",0.75,Modern two-column layout with light muted yellow background and large typography.,"modern, minimal, light, two-column, grid, typography",1
Lapa Ninja (Post),Lucas Mesa Gouiffes,https://www.lapa.ninja/post/lucasmesagouiffes/,https://cdn.lapa.ninja/assets/images/1x/lucasmesagouiffes-thumb.webp,"[""#000000"", ""#201013""]","{""#000000"": 0.8744, ""#201013"": 0.0862}",#000000,dark neutral,"large typography, grid layout, video background, feature list, rounded buttons, pricing cards","creative, professional, friendly",0.75,Professional grid layout with dark neutral tones and large typography.,"professional, grid, dark, typography, video-background, rounded-buttons",6
Lapa Ninja (Post),twelveNYC,https://www.lapa.ninja/post/twelvenyc/,https://cdn.lapa.ninja/assets/images/1x/twelvenyc-thumb.webp,"[""#f7f5ea"", ""#9f9f9a""]","{""#f7f5ea"": 0.4946, ""#9f9f9a"": 0.2725}",#f7f5ea,light neutral,"pricing cards, sidebar, large typography, rounded buttons, video background, data table","professional, bold, cool",0.75,Professional layout with light neutral background and large typography featuring rounded buttons.,"professional, bold, light, typography, rounded-buttons, pricing-cards, sidebar",7
Lapa Ninja (Post),Cliphire,https://www.lapa.ninja/post/cliphire/,https://cdn.lapa.ninja/assets/images/1x/cliphire-thumb.webp,"[""#fcfcfe""]","{""#fcfcfe"": 0.9014}",#fcfcfe,light neutral,"grid layout, rounded buttons, sidebar, split screen, avatar, pricing cards","professional, minimal, friendly",0.75,Professional split screen layout with light neutral background and rounded buttons.,"professional, minimal, light, grid, friendly, sidebar, pricing-cards",0
Lapa Ninja (Post),Nobell Foods,https://www.lapa.ninja/post/nobellfoods/,https://cdn.lapa.ninja/assets/images/1x/nobellfoods-thumb.webp,"[""#f9a713"", ""#e0bd6a""]","{""#f9a713"": 0.6507, ""#e0bd6a"": 0.1557}",#f9a713,bright orange,"sidebar, video background, feature list, large typography, grid layout, footer","modern, minimal, creative",0.75,Modern grid layout with bright orange video background and large typography.,"modern, minimal, bright-orange, grid, video-background, creative",6
Lapa Ninja (Post),Palantir IR,https://www.lapa.ninja/post/palantir/,https://cdn.lapa.ninja/assets/images/1x/palantir-thumb.webp,"[""#1f2426"", ""#3f4f45""]","{""#1f2426"": 0.5075, ""#3f4f45"": 0.1767}",#1f2426,dark muted teal,"grid layout, large typography, sidebar, rounded buttons, top navigation, feature list","modern, futuristic, minimal",0.75,Modern grid layout with dark muted teal tones and large typography.,"modern, grid, dark-muted-teal, typography, minimal, sidebar",4
Lapa Ninja (Post),Steve Carr,https://www.lapa.ninja/post/stevecarr/,https://cdn.lapa.ninja/assets/images/1x/stevecarr-thumb.webp,"[""#f5f5f5"", ""#bbad90""]","{""#f5f5f5"": 0.6739, ""#bbad90"": 0.1321}",#f5f5f5,light neutral,"sidebar, top navigation, split screen, large typography, card list, pricing cards","modern, professional, creative",0.75,Modern split screen layout with light neutral background and prominent large typography.,"modern, professional, light, split-screen, large-typography, sidebar, card-list",0
Lapa Ninja (Post),GCG DAO,https://www.lapa.ninja/post/gcgdao/,https://cdn.lapa.ninja/assets/images/1x/gcgdao-thumb.webp,"[""#0e1f30""]","{""#0e1f30"": 0.8998}",#0e1f30,dark bright blue,"large typography, rounded buttons, grid layout, footer, split screen, data table","futuristic, modern, creative",0.75,Modern split screen layout with dark bright blue background and large typography.,"modern, futuristic, dark-blue, grid, rounded-buttons, creative, data-table",0
Lapa Ninja (Post),Felt,https://www.lapa.ninja/post/felt/,https://cdn.lapa.ninja/assets/images/1x/felt-thumb.webp,"[""#3e521e"", ""#f0f1ef""]","{""#3e521e"": 0.8284, ""#f0f1ef"": 0.1069}",#3e521e,dark bright green,"sidebar, large typography, avatar, top navigation, search bar, feature list","cool, retro, friendly",0.75,Cool retro layout with dark bright green sidebar and large typography.,"retro, cool, dark-green, sidebar, typography, friendly",1
Lapa Ninja (Post),Bryn Taylor,https://www.lapa.ninja/post/bryntaylor/,https://cdn.lapa.ninja/assets/images/1x/bryntaylor-thumb.webp,"[""#eefcea"", ""#fffdfc""]","{""#eefcea"": 0.3548, ""#fffdfc"": 0.5118}",#eefcea,light neutral,"pricing cards, rounded buttons, large typography, grid layout, sidebar, two-column layout","professional, modern, bold",0.68,Professional two-column layout with light neutral background and large typography for emphasis.,"professional, modern, light, grid, typography, rounded-buttons, pricing-cards",1
Lapa Ninja (Post),read.cv,https://www.lapa.ninja/post/read-cv/,https://cdn.lapa.ninja/assets/images/1x/read-cv-thumb.webp,"[""#2f2f2e"", ""#121211""]","{""#2f2f2e"": 0.5223, ""#121211"": 0.1805}",#2f2f2e,dark gray,"grid layout, icon list, feature list, search bar, video background, rounded buttons","modern, minimal, cool",0.75,Modern grid layout with dark gray background and rounded buttons.,"modern, minimal, dark-gray, grid, rounded-buttons, video-background",2
Lapa Ninja (Post),BAGGU,https://www.lapa.ninja/post/baggu/,https://cdn.lapa.ninja/assets/images/1x/baggu-thumb.webp,"[""#e9e5de"", ""#e28747""]","{""#e9e5de"": 0.5821, ""#e28747"": 0.1519}",#e9e5de,light muted orange,"rounded buttons, grid layout, video background, pricing cards, feature list, sidebar","luxury, cool, bold",0.75,Luxurious grid layout with light muted orange background and rounded buttons.,"luxury, grid, light-muted-orange, rounded-buttons, video-background, pricing-cards",7
Lapa Ninja (Post),Aura Bora,https://www.lapa.ninja/post/aurabora/,https://cdn.lapa.ninja/assets/images/1x/aurabora-thumb.webp,"[""#f6f3ec"", ""#bbbbcf""]","{""#f6f3ec"": 0.6158, ""#bbbbcf"": 0.1815}",#f6f3ec,light neutral,"pricing cards, sidebar, search bar, rounded buttons, video background, feature list","cool, creative, luxury",0.75,Light neutral layout featuring pricing cards and rounded buttons alongside a video background.,"cool, creative, luxury, light, rounded-buttons, pricing-cards, video-background",6
Lapa Ninja (Post),Navarra.is,https://www.lapa.ninja/post/navarra/,https://cdn.lapa.ninja/assets/images/1x/navarra-thumb.webp,"[""#ece9e7"", ""#161210""]","{""#ece9e7"": 0.8804, ""#161210"": 0.0553}",#ece9e7,light muted orange,"grid layout, rounded buttons, large typography, search bar, video background, footer","modern, minimal, cool",0.75,Modern grid layout with light neutral background and large typography.,"modern, minimal, grid, light, typography, rounded-buttons",3
Lapa Ninja (Post),Studio Bicyclette,https://www.lapa.ninja/post/studiobicyclette/,https://cdn.lapa.ninja/assets/images/1x/studiobicyclette-thumb.webp,"[""#dcdfdc"", ""#fbf7f4""]","{""#dcdfdc"": 0.2044, ""#fbf7f4"": 0.7149}",#dcdfdc,light gray,"rounded buttons, grid layout, sidebar, large typography, form, pricing cards","minimal, modern, luxury",0.6,Minimal grid layout with light gray background and large typography elements.,"minimal, modern, light-gray, grid, typography, luxury, rounded-buttons",3
Lapa Ninja (Post),Liquid Crystal,https://www.lapa.ninja/post/makebeautifulwork/,https://cdn.lapa.ninja/assets/images/1x/makebeautifulwork-thumb.webp,"[""#000000""]","{""#000000"": 0.9365}",#000000,dark neutral,"large typography, rounded buttons, grid layout, pricing cards, footer, data table","futuristic, modern, luxury",0.75,Modern grid layout with dark neutral tones and large typography.,"modern, grid, dark, futuristic, luxury, typography",4
Lapa Ninja (Post),Evermade,https://www.lapa.ninja/post/evermade/,https://cdn.lapa.ninja/assets/images/1x/evermade-thumb.webp,"[""#ffffff"", ""#242424""]","{""#ffffff"": 0.8664, ""#242424"": 0.0875}",#ffffff,light neutral,"avatar, sidebar, footer, search bar, split screen, video background","professional, modern, minimal",0.75,Professional split screen layout with dark sidebar and video background.,"professional, modern, minimal, dark, split-screen, video-background",5
Lapa Ninja (Post),luge,https://www.lapa.ninja/post/luge/,https://cdn.lapa.ninja/assets/images/1x/luge-thumb.webp,"[""#ffffff"", ""#02fee3""]","{""#ffffff"": 0.7786, ""#02fee3"": 0.1382}",#ffffff,light neutral,"large typography, sidebar, grid layout, icon list, two-column layout, split screen","professional, minimal, modern",0.75,Professional grid layout with light neutral background and large typography.,"professional, minimal, grid, typography, modern, two-column",3
Lapa Ninja (Post),Miew,https://www.lapa.ninja/post/miew/,https://cdn.lapa.ninja/assets/images/1x/miew-thumb.webp,"[""#000000""]","{""#000000"": 0.9551}",#000000,dark neutral,"large typography, sidebar, pricing cards, top navigation, rounded buttons, video background","minimal, cool, professional",0.75,Minimal layout with dark neutral tones featuring large typography and a video background.,"minimal, professional, dark, typography, video-background, sidebar, pricing-cards",6
Lapa Ninja (Post),How Many Plants,https://www.lapa.ninja/post/howmanyplants/,https://cdn.lapa.ninja/assets/images/1x/howmanyplants-thumb.webp,"[""#fbf9f1"", ""#bcaf4f""]","{""#fbf9f1"": 0.6964, ""#bcaf4f"": 0.1328}",#fbf9f1,light neutral,"large typography, grid layout, two-column layout, top navigation, sidebar, illustration","playful, creative, modern",0.75,Playful grid layout with light neutral background and large typography elements.,"playful, modern, grid, light, typography, creative, illustration",3
Lapa Ninja (Post),Instinct Origine,https://www.lapa.ninja/post/instinct-paris/,https://cdn.lapa.ninja/assets/images/1x/instinct-paris-thumb.webp,"[""#eeeced"", ""#030201""]","{""#eeeced"": 0.472, ""#030201"": 0.1982}",#eeeced,light neutral,"grid layout, sidebar, large typography, feature list, two-column layout, hero image","modern, retro, artistic",0.74,Modern grid layout with light neutral tones and large typography in a two-column structure.,"modern, grid, light, typography, two-column, artistic",3
Lapa Ninja (Post),McLane Teitel,https://www.lapa.ninja/post/mclane/,https://cdn.lapa.ninja/assets/images/1x/mclane-thumb.webp,"[""#f3e8e7""]","{""#f3e8e7"": 0.9361}",#f3e8e7,light neutral,"large typography, two-column layout, grid layout, sidebar, pricing cards, feature list","modern, minimal, futuristic",0.75,Modern two-column layout with light neutral background and large typography.,"modern, minimal, light, grid, sidebar, pricing-cards",1
Lapa Ninja (Post),Pluto,https://www.lapa.ninja/post/pluto/,https://cdn.lapa.ninja/assets/images/1x/pluto-thumb.webp,"[""#171718"", ""#3d285d""]","{""#171718"": 0.7083, ""#3d285d"": 0.1146}",#171718,dark gray,"large typography, grid layout, pricing cards, data table, footer, top navigation","futuristic, modern, cool",0.75,Modern grid layout with dark gray typography and prominent pricing cards.,"modern, grid, dark-gray, futuristic, pricing-cards, data-table",7
Lapa Ninja (Post),Gucci Osteria,https://www.lapa.ninja/post/gucciosteria/,https://cdn.lapa.ninja/assets/images/1x/gucciosteria-thumb.webp,"[""#ec9dad"", ""#1a1616""]","{""#ec9dad"": 0.8608, ""#1a1616"": 0.0569}",#ec9dad,bright red,"grid layout, sidebar, large typography, two-column layout, rounded buttons, video background","modern, luxury, cool",0.75,Modern grid layout with bright red sidebar and large typography.,"modern, luxury, bright-red, grid, sidebar, rounded-buttons",4
Lapa Ninja (Post),Flowmingo,https://www.lapa.ninja/post/flowmingo/,https://cdn.lapa.ninja/assets/images/1x/flowmingo-thumb.webp,"[""#f8f8f9"", ""#151414""]","{""#f8f8f9"": 0.7283, ""#151414"": 0.1332}",#f8f8f9,light neutral,"split screen, search bar, sidebar, rounded buttons, grid layout, feature list","professional, modern, bold",0.75,Professional split screen layout with dark muted gray sidebar and rounded buttons.,"modern, professional, dark-muted-gray, split-screen, rounded-buttons, grid, search-bar",0
Lapa Ninja (Post),Anti,https://www.lapa.ninja/post/anti-waste/,https://cdn.lapa.ninja/assets/images/1x/anti-waste-thumb.webp,"[""#141315"", ""#29282a""]","{""#141315"": 0.8138, ""#29282a"": 0.1292}",#141315,dark neutral,"large typography, rounded buttons, grid layout, feature list, video background, pricing cards","minimal, futuristic, modern",0.75,Minimal grid layout with dark neutral background and large typography.,"minimal, modern, dark, grid, typography, rounded-buttons, futuristic",4
Lapa Ninja (Post),Hello Astro,https://www.lapa.ninja/post/helloastro/,https://cdn.lapa.ninja/assets/images/1x/helloastro-thumb.webp,"[""#eefdfa"", ""#d7ddfb""]","{""#eefdfa"": 0.777, ""#d7ddfb"": 0.0961}",#eefdfa,light neutral,"large typography, sidebar, rounded buttons, pricing cards, avatar, video background","creative, futuristic, modern",0.75,Modern layout with light neutral background featuring large typography and rounded buttons.,"modern, creative, light, rounded-buttons, typography, sidebar, futuristic",1
Lapa Ninja (Post),Norimasa Inoue,https://www.lapa.ninja/post/nori-inoue/,https://cdn.lapa.ninja/assets/images/1x/nori-inoue-thumb.webp,"[""#101010"", ""#92837b""]","{""#101010"": 0.9102, ""#92837b"": 0.0528}",#101010,dark neutral,"large typography, sidebar, feature list, form, avatar, split screen","minimal, cool, futuristic",0.75,Minimal split screen layout with dark neutral background and large typography.,"minimal, dark, split-screen, typography, cool, futuristic",0
Lapa Ninja (Post),Airbnb,https://www.lapa.ninja/post/airbnb-3/,https://cdn.lapa.ninja/assets/images/1x/airbnb-08-06-2021-thumb.webp,"[""#111d2a"", ""#fefdf7""]","{""#111d2a"": 0.2141, ""#fefdf7"": 0.3725}",#111d2a,dark bright blue,"pricing cards, video background, grid layout, feature list, sidebar, avatar","modern, professional, cool",0.61,Modern grid layout with dark bright blue pricing cards and a video background.,"modern, professional, dark-blue, grid, video-background, pricing-cards, cool",7
Lapa Ninja (Post),GEN Z 💧,https://www.lapa.ninja/post/drinkgenz/,https://cdn.lapa.ninja/assets/images/1x/drinkgenz-thumb.webp,"[""#a9c4fb"", ""#4c50fa""]","{""#a9c4fb"": 0.4333, ""#4c50fa"": 0.3334}",#a9c4fb,bright blue,"video background, sidebar, split screen, pricing cards, top navigation, icon list","retro, cool, bold",0.72,Retro split screen layout with bright blue video background and top navigation.,"retro, bold, bright-blue, split-screen, video-background, sidebar",5
Lapa Ninja (Post),Cards Against Humanity,https://www.lapa.ninja/post/cardsagainsthumanity/,https://cdn.lapa.ninja/assets/images/1x/cardsagainsthumanity-thumb.webp,"[""#000000"", ""#ffffff""]","{""#000000"": 0.3171, ""#ffffff"": 0.6545}",#000000,dark neutral,"card list, pricing cards, sidebar, feature list, carousel, form","cool, creative, professional",0.66,Professional layout with dark neutral tones featuring a card list and sidebar navigation.,"professional, cool, dark, layout, sidebar, card-list, creative",1
Lapa Ninja (Post),Playdate,https://www.lapa.ninja/post/play-date-2/,https://cdn.lapa.ninja/assets/images/1x/play-date-08-06-2021-thumb.webp,"[""#7b8085"", ""#471d26""]","{""#7b8085"": 0.6924, ""#471d26"": 0.1504}",#7b8085,muted gray,"sidebar, rounded buttons, cta button, pricing cards, feature list, video background","retro, friendly, cool",0.75,Friendly retro layout with muted gray sidebar and rounded buttons.,"retro, friendly, muted-gray, sidebar, rounded-buttons, cool",2
Lapa Ninja (Post),Miti Navi,https://www.lapa.ninja/post/miti-navi/,https://cdn.lapa.ninja/assets/images/1x/miti-navi-thumb.webp,"[""#e7dece"", ""#3d5f69""]","{""#e7dece"": 0.6027, ""#3d5f69"": 0.1397}",#e7dece,light muted orange,"top navigation, sidebar, large typography, footer, chart, form","calm, artistic, minimal",0.75,Calm layout with light muted orange background and large typography elements.,"calm, minimal, light, artistic, typography, sidebar, footer",1
Lapa Ninja (Post),A Human Future,https://www.lapa.ninja/post/ahumanfuture/,https://cdn.lapa.ninja/assets/images/1x/ahumanfuture-thumb.webp,"[""#fefefe"", ""#0b1d0f""]","{""#fefefe"": 0.6956, ""#0b1d0f"": 0.1288}",#fefefe,light neutral,"avatar, split screen, sidebar, footer, hero image, centered hero","futuristic, modern, professional",0.75,Modern split screen layout with light neutral background and centered hero image.,"modern, professional, futuristic, split-screen, hero, neutral",0
Lapa Ninja (Post),Jacob Leech,https://www.lapa.ninja/post/jacobleech/,https://cdn.lapa.ninja/assets/images/1x/jacobleech-thumb.webp,"[""#f5e3b9""]","{""#f5e3b9"": 0.9241}",#f5e3b9,bright orange,"large typography, grid layout, two-column layout, rounded buttons, pricing cards, sidebar","professional, modern, creative",0.75,Professional grid layout with bright orange typography and rounded buttons.,"professional, modern, bright-orange, grid, rounded-buttons, creative",7
Lapa Ninja (Post),Vita Architecture,https://www.lapa.ninja/post/vitaarchitecture/,https://cdn.lapa.ninja/assets/images/1x/vitaarchitecture-thumb.webp,"[""#f8f8f8"", ""#e09b8c""]","{""#f8f8f8"": 0.6937, ""#e09b8c"": 0.1688}",#f8f8f8,light neutral,"large typography, rounded buttons, sidebar, feature list, video background, pricing cards","futuristic, artistic, modern",0.75,Modern layout with light neutral background and large typography featuring rounded buttons.,"modern, artistic, light, typography, rounded-buttons, sidebar, video-background",1
Lapa Ninja (Post),Hagi's Barber Shop,https://www.lapa.ninja/post/hagisbarbershop/,https://cdn.lapa.ninja/assets/images/1x/hagisbarbershop-thumb.webp,"[""#f5f5ef"", ""#161515""]","{""#f5f5ef"": 0.5427, ""#161515"": 0.3337}",#f5f5ef,light neutral,"large typography, rounded buttons, icon list, grid layout, split screen, top navigation","modern, professional, minimal",0.75,Modern split screen layout with light neutral background and large typography.,"modern, professional, minimal, grid, rounded-buttons, typography",0
Lapa Ninja (Post),GRETA,https://www.lapa.ninja/post/gretamusic/,https://cdn.lapa.ninja/assets/images/1x/gretamusic-thumb.webp,"[""#2b272d"", ""#664468""]","{""#2b272d"": 0.4103, ""#664468"": 0.2433}",#2b272d,dark gray,"video background, split screen, sidebar, icon list, feature list, search bar","futuristic, retro, artistic",0.71,Futuristic split screen layout with dark gray video background and a sidebar for navigation.,"futuristic, dark-gray, split-screen, video-background, sidebar, artistic",5
Lapa Ninja (Post),Mary & Maurizio,https://www.lapa.ninja/post/quattrostudio/,https://cdn.lapa.ninja/assets/images/1x/quattrostudio-01-thumb.webp,"[""#f1ece1"", ""#1c1a16""]","{""#f1ece1"": 0.6972, ""#1c1a16"": 0.1302}",#f1ece1,light bright orange,"video background, sidebar, large typography, grid layout, feature list, rounded buttons","minimal, professional, retro",0.75,Minimal grid layout with light neutral video background and large typography.,"minimal, professional, grid, video, large-typography, rounded-buttons, retro",6
Lapa Ninja (Post),SUPERCONTINENT,https://www.lapa.ninja/post/supercontinent/,https://cdn.lapa.ninja/assets/images/1x/supercontinent-thumb.webp,"[""#0f0e10"", ""#3c383a""]","{""#0f0e10"": 0.7576, ""#3c383a"": 0.0972}",#0f0e10,dark neutral,"video background, sidebar, split screen, icon list, card list, feature list","artistic, modern, professional",0.75,Modern split screen layout with dark neutral video background and organized card lists.,"modern, split-screen, dark-neutral, video-background, organized, professional",5
Lapa Ninja (Post),Liveblocks,https://www.lapa.ninja/post/liveblocks/,https://cdn.lapa.ninja/assets/images/1x/liveblocks-thumb.webp,"[""#070707""]","{""#070707"": 0.9675}",#070707,dark neutral,"grid layout, rounded buttons, search bar, top navigation, pricing cards, video background","modern, futuristic, minimal",0.75,Modern grid layout with dark neutral background and rounded buttons.,"modern, grid, dark, rounded-buttons, minimal, futuristic",2
Lapa Ninja (Post),Avalanche,https://www.lapa.ninja/post/avax-network/,https://cdn.lapa.ninja/assets/images/1x/avax-network-thumb.webp,"[""#5f19fd"", ""#fefdfe""]","{""#5f19fd"": 0.5213, ""#fefdfe"": 0.3339}",#5f19fd,bright blue,"grid layout, rounded buttons, large typography, pricing cards, feature list, footer","minimal, futuristic, friendly",0.75,Minimal grid layout with bright blue accents and rounded buttons.,"minimal, grid, bright-blue, rounded-buttons, futuristic, friendly",2
Lapa Ninja (Post),Lemon Squeezy,https://www.lapa.ninja/post/lemonsqueezy/,https://cdn.lapa.ninja/assets/images/1x/lemonsqueezy-thumb.webp,"[""#fdf9fc"", ""#b5a1d7""]","{""#fdf9fc"": 0.6553, ""#b5a1d7"": 0.1579}",#fdf9fc,light neutral,"rounded buttons, grid layout, sidebar, pricing cards, search bar, video background","modern, minimal, vibrant",0.75,Modern grid layout with light neutral background and rounded buttons.,"modern, minimal, light, grid, rounded-buttons, vibrant",2
Lapa Ninja (Post),No-Code Conference 2021,https://www.lapa.ninja/post/nocodeconf/,https://cdn.lapa.ninja/assets/images/1x/nocodeconf-thumb.webp,"[""#110b77"", ""#2e369f""]","{""#110b77"": 0.6421, ""#2e369f"": 0.1826}",#110b77,bright blue,"rounded buttons, icon list, large typography, sidebar, feature list, data table","cool, modern, retro",0.75,Modern layout with bright blue sidebar and large typography elements.,"modern, cool, bright-blue, sidebar, typography, rounded-buttons",1
Lapa Ninja (Post),Google Bug Hunters,https://www.lapa.ninja/post/bughunters/,https://cdn.lapa.ninja/assets/images/1x/bughunters-thumb.webp,"[""#1e1f23""]","{""#1e1f23"": 0.9575}",#1e1f23,dark gray,"rounded buttons, search bar, large typography, grid layout, top navigation, icon list","modern, minimal, futuristic",0.75,Modern grid layout with dark gray background and large typography.,"modern, minimal, dark-gray, grid, rounded-buttons, typography",4
Lapa Ninja (Post),Robotos,https://www.lapa.ninja/post/robotos/,https://cdn.lapa.ninja/assets/images/1x/robotos-thumb.webp,"[""#e71323"", ""#f1f7f9""]","{""#e71323"": 0.3037, ""#f1f7f9"": 0.2094}",#e71323,bright red,"sidebar, card list, video background, two-column layout, hero image, grid layout","retro, futuristic, artistic",0.65,Retro two-column layout with bright red hero and video background.,"retro, artistic, bright-red, two-column, grid, video-background",6
Lapa Ninja (Post),Glossarie,https://www.lapa.ninja/post/glossarie/,https://cdn.lapa.ninja/assets/images/1x/glossarie-thumb.webp,"[""#f6f3f0""]","{""#f6f3f0"": 0.93}",#f6f3f0,light neutral,"large typography, rounded buttons, footer, sidebar, centered hero, video background","modern, creative, artistic",0.75,Modern layout with light neutral tones featuring large typography and a centered hero video background.,"modern, creative, light, typography, video-background, rounded-buttons, artistic",6
Lapa Ninja (Post),Naomi Osaka,https://www.lapa.ninja/post/naomiosaka/,https://cdn.lapa.ninja/assets/images/1x/naomiosaka-thumb.webp,"[""#f3f3f0"", ""#100e0b""]","{""#f3f3f0"": 0.6363, ""#100e0b"": 0.1968}",#f3f3f0,light neutral,"large typography, feature list, icon list, rounded buttons, sidebar, avatar","minimal, futuristic, artistic",0.75,Minimal layout with light neutral background and large typography featuring rounded buttons.,"minimal, light, typography, rounded-buttons, sidebar, artistic",1
Lapa Ninja (Post),Post Familiar Wine,https://www.lapa.ninja/post/postfamiliar/,https://cdn.lapa.ninja/assets/images/1x/postfamiliar-thumb.webp,"[""#ffffff"", ""#020202""]","{""#ffffff"": 0.8711, ""#020202"": 0.1057}",#ffffff,light neutral,"form, sidebar, large typography, feature list, icon list, pricing cards","minimal, creative, bold",0.75,Minimal layout with dark accents featuring large typography and a structured sidebar.,"minimal, creative, dark, typography, sidebar, structured, bold",1
Lapa Ninja (Post),Rachel Austin,https://www.lapa.ninja/post/rachelaustin/,https://cdn.lapa.ninja/assets/images/1x/rachelaustin-thumb.webp,"[""#fcf5d6"", ""#fefeff""]","{""#fcf5d6"": 0.4774, ""#fefeff"": 0.2775}",#fcf5d6,light neutral,"sidebar, grid layout, large typography, rounded buttons, feature list, split screen","retro, minimal, modern",0.74,Minimal split screen layout with light neutral tones and large typography.,"minimal, retro, modern, grid, sidebar, rounded-buttons",0
Lapa Ninja (Post),D.M Brut,https://www.lapa.ninja/post/dmbrut/,https://cdn.lapa.ninja/assets/images/1x/dmbrut-thumb.webp,"[""#ffffff"", ""#d5d2d3""]","{""#ffffff"": 0.6538, ""#d5d2d3"": 0.149}",#ffffff,light neutral,"grid layout, search bar, large typography, pricing cards, rounded buttons, sidebar","minimal, bold, creative",0.75,Minimal grid layout with light neutral background and bold typography.,"minimal, grid, light, bold, creative, typography",3
Lapa Ninja (Post),Molly Stubbs,https://www.lapa.ninja/post/mollystubbs/,https://cdn.lapa.ninja/assets/images/1x/mollystubbs-thumb.webp,"[""#fcc1de"", ""#f9eeed""]","{""#fcc1de"": 0.7151, ""#f9eeed"": 0.1379}",#fcc1de,light bright red,"sidebar, search bar, rounded buttons, feature list, pricing cards, video background","professional, retro, cool",0.75,Professional layout with light bright red accents and rounded buttons.,"professional, retro, light-red, sidebar, rounded-buttons, video-background",6
Lapa Ninja (Post),WEVE,https://www.lapa.ninja/post/weve/,https://cdn.lapa.ninja/assets/images/1x/weve-thumb.webp,"[""#37319f"", ""#fefefe""]","{""#37319f"": 0.3046, ""#fefefe"": 0.471}",#37319f,bright blue,"grid layout, rounded buttons, sidebar, avatar, feature list, split screen","modern, futuristic, professional",0.65,Modern grid layout with bright blue sidebar and rounded buttons.,"modern, grid, bright-blue, rounded-buttons, professional, futuristic",2
Lapa Ninja (Post),NORF,https://www.lapa.ninja/post/norfstudio/,https://cdn.lapa.ninja/assets/images/1x/norfstudio-thumb.webp,"[""#cebdb8"", ""#ffffff""]","{""#cebdb8"": 0.222, ""#ffffff"": 0.4587}",#cebdb8,muted red,"large typography, form, sidebar, top navigation, grid layout, search bar","modern, minimal, futuristic",0.61,Modern grid layout with muted red typography and a prominent search bar.,"modern, minimal, muted-red, grid, typography, sidebar, search-bar",4
Lapa Ninja (Post),carbonplan,https://www.lapa.ninja/post/carbonplan/,https://cdn.lapa.ninja/assets/images/1x/carbonplan-thumb.webp,"[""#1a1e23"", ""#313934""]","{""#1a1e23"": 0.8635, ""#313934"": 0.0695}",#1a1e23,dark muted blue,"data table, chart, single column, search bar, large typography, sidebar","modern, futuristic, retro",0.75,Modern single column layout with dark muted blue sidebar and large typography.,"modern, single-column, dark-muted-blue, sidebar, data-table, chart",1
Lapa Ninja (Post),mmm.page,https://www.lapa.ninja/post/mmm-page/,https://cdn.lapa.ninja/assets/images/1x/mmm-page-thumb.webp,"[""#fefefe"", ""#e0d1bd""]","{""#fefefe"": 0.8005, ""#e0d1bd"": 0.0752}",#fefefe,light neutral,"sidebar, rounded buttons, pricing cards, feature list, cta button, video background","cool, creative, futuristic",0.75,Light neutral layout with a sidebar and rounded buttons for a creative feel.,"cool, creative, light, modern, rounded-buttons, sidebar, pricing-cards",1
Lapa Ninja (Post),Passbase,https://www.lapa.ninja/post/passbase/,https://cdn.lapa.ninja/assets/images/1x/passbase-thumb.webp,"[""#0e1321"", ""#1c233a""]","{""#0e1321"": 0.6666, ""#1c233a"": 0.257}",#0e1321,dark bright blue,"rounded buttons, large typography, pricing cards, form, footer, grid layout","futuristic, modern, minimal",0.75,Modern grid layout with dark bright blue typography and rounded buttons.,"modern, grid, dark-blue, rounded-buttons, typography, minimal",4
Lapa Ninja (Post),Typelab,https://www.lapa.ninja/post/typelab/,https://cdn.lapa.ninja/assets/images/1x/typelab-thumb.webp,"[""#fefefe"", ""#040404""]","{""#fefefe"": 0.8996, ""#040404"": 0.0606}",#fefefe,light neutral,"large typography, two-column layout, icon list, grid layout, top navigation, form","cool, creative, modern",0.75,Modern two-column layout with light neutral background and large typography.,"modern, creative, light, typography, grid, layout",1
Lapa Ninja (Post),Expo,https://www.lapa.ninja/post/expo-2/,https://cdn.lapa.ninja/assets/images/1x/expo-07-25-2021-thumb.webp,"[""#fbfbfc""]","{""#fbfbfc"": 0.9359}",#fbfbfc,light neutral,"rounded buttons, grid layout, feature list, search bar, top navigation, sidebar","minimal, modern, futuristic",0.75,Minimal grid layout with light neutral background and rounded buttons.,"minimal, modern, light, grid, rounded-buttons, futuristic",2
Lapa Ninja (Post),Arvin Leeuwis,https://www.lapa.ninja/post/arvinleeuwis/,https://cdn.lapa.ninja/assets/images/1x/arvinleeuwis-thumb.webp,"[""#95364d"", ""#fffefe""]","{""#95364d"": 0.2822, ""#fffefe"": 0.5796}",#95364d,bright red,"grid layout, rounded buttons, top navigation, pricing cards, large typography, sidebar","modern, minimal, futuristic",0.64,Modern grid layout with bright red pricing cards and large typography.,"modern, minimal, bright-red, grid, pricing-cards, typography",7
Lapa Ninja (Post),Drink Zuzu,https://www.lapa.ninja/post/drinkzuzu/,https://cdn.lapa.ninja/assets/images/1x/drinkzuzu-thumb.webp,"[""#eae5e3"", ""#d0cdb6""]","{""#eae5e3"": 0.7878, ""#d0cdb6"": 0.0844}",#eae5e3,light muted orange,"sidebar, large typography, pricing cards, rounded buttons, feature list, video background","creative, cool, futuristic",0.75,Creative layout with light neutral tones featuring large typography and rounded buttons.,"creative, cool, neutral, modern, typography, rounded-buttons, pricing-cards",7
Lapa Ninja (Post),10kdesigners,https://www.lapa.ninja/post/10kdesigners/,https://cdn.lapa.ninja/assets/images/1x/10kdesigners-thumb.webp,"[""#0a0514"", ""#252243""]","{""#0a0514"": 0.6837, ""#252243"": 0.179}",#0a0514,dark neutral,"large typography, grid layout, rounded buttons, video background, split screen, form","modern, futuristic, cool",0.75,Modern grid layout with dark neutral tones and large typography elements.,"modern, grid, dark-neutral, large-typography, rounded-buttons, video-background",4
Lapa Ninja (Post),C.W. Urban,https://www.lapa.ninja/post/builtbycw/,https://cdn.lapa.ninja/assets/images/1x/builtbycw-thumb.webp,"[""#7c7b79"", ""#fafafa""]","{""#7c7b79"": 0.3256, ""#fafafa"": 0.3937}",#7c7b79,muted gray,"rounded buttons, feature list, grid layout, sidebar, cta button, search bar","modern, minimal, futuristic",0.66,Modern grid layout with muted gray tones and rounded buttons.,"modern, minimal, muted-gray, grid, rounded-buttons, sidebar, cta",2
Lapa Ninja (Post),Enrojecerse,https://www.lapa.ninja/post/enrojecerse/,https://cdn.lapa.ninja/assets/images/1x/enrojecerse-thumb.webp,"[""#f7f7f5"", ""#212220""]","{""#f7f7f5"": 0.8358, ""#212220"": 0.1063}",#f7f7f5,light neutral,"large typography, icon list, card list, feature list, form, logo","creative, cool, minimal",0.75,Creative layout with light neutral background and dark typography elements.,"creative, minimal, light, dark, typography, card-list, icon-list",1
Lapa Ninja (Post),NoGood,https://www.lapa.ninja/post/nogood/,https://cdn.lapa.ninja/assets/images/1x/nogood-thumb.webp,"[""#131313""]","{""#131313"": 0.915}",#131313,dark neutral,"large typography, pricing cards, footer, sidebar, chart, video background","creative, futuristic, professional",0.75,Professional layout with dark neutral tones featuring large typography and pricing cards.,"professional, dark, creative, futuristic, typography, pricing-cards, layout",7
Lapa Ninja (Post),Dovetail,https://www.lapa.ninja/post/dovetailapp/,https://cdn.lapa.ninja/assets/images/1x/dovetailapp-thumb.webp,"[""#fdf8ef""]","{""#fdf8ef"": 0.9256}",#fdf8ef,light neutral,"search bar, data table, video background, sidebar, icon list, feature list","minimal, cool, modern",0.75,Minimal layout with light neutral background featuring a prominent search bar and video background.,"minimal, modern, light, search-bar, video-background, clean",6
Lapa Ninja (Post),Sarah Guo,https://www.lapa.ninja/post/sarahguo/,https://cdn.lapa.ninja/assets/images/1x/sarahguo-thumb.webp,"[""#47e0e2"", ""#c5d8f4""]","{""#47e0e2"": 0.5777, ""#c5d8f4"": 0.1879}",#47e0e2,bright teal,"large typography, video background, pricing cards, sidebar, feature list, grid layout","futuristic, professional, modern",0.75,Modern grid layout with bright teal video background and large typography.,"modern, professional, bright-teal, grid, video-background, typography",6
Lapa Ninja (Post),norda run,https://www.lapa.ninja/post/nordarun/,https://cdn.lapa.ninja/assets/images/1x/nordarun-thumb.webp,"[""#fdfdfd"", ""#7f8182""]","{""#fdfdfd"": 0.6109, ""#7f8182"": 0.1693}",#fdfdfd,light neutral,"sidebar, footer, rounded buttons, large typography, feature list, form","futuristic, modern, luxury",0.75,Modern layout with light neutral tones featuring a sidebar and large typography.,"modern, futuristic, light, sidebar, typography, luxury, rounded-buttons",1
Lapa Ninja (Post),Sundae Finest,https://www.lapa.ninja/post/sundaefinest/,https://cdn.lapa.ninja/assets/images/1x/sundaefinest-thumb.webp,"[""#7f57da"", ""#fbf9fb""]","{""#7f57da"": 0.7623, ""#fbf9fb"": 0.1357}",#7f57da,bright blue,"rounded buttons, grid layout, pricing cards, video background, form, sidebar","minimal, cool, modern",0.75,Minimal grid layout with bright blue pricing cards and rounded buttons.,"minimal, modern, bright-blue, grid, pricing-cards, rounded-buttons",7
Lapa Ninja (Post),TransactionLink,https://www.lapa.ninja/post/transactionlink/,https://cdn.lapa.ninja/assets/images/1x/transactionlink-thumb.webp,"[""#f8fafb"", ""#4769ee""]","{""#f8fafb"": 0.9227, ""#4769ee"": 0.051}",#f8fafb,light neutral,"large typography, grid layout, rounded buttons, footer, form, pricing cards","futuristic, modern, minimal",0.75,Modern grid layout with light neutral background and large typography.,"modern, grid, light, minimal, typography, rounded-buttons",3
Lapa Ninja (Post),Bio Link,https://www.lapa.ninja/post/bio-link/,https://cdn.lapa.ninja/assets/images/1x/bio-link-thumb.webp,"[""#020202"", ""#fefefe""]","{""#020202"": 0.262, ""#fefefe"": 0.6284}",#020202,dark neutral,"rounded buttons, footer, cta button, search bar, sidebar, feature list","modern, cool, minimal",0.63,Modern layout with dark neutral tones featuring rounded buttons and a prominent search bar.,"modern, minimal, dark, rounded-buttons, search-bar, layout",1
Lapa Ninja (Post),Entireworld,https://www.lapa.ninja/post/theentireworld/,https://cdn.lapa.ninja/assets/images/1x/theentireworld-thumb.webp,"[""#ddded8"", ""#ffffff""]","{""#ddded8"": 0.2429, ""#ffffff"": 0.5457}",#ddded8,light gray,"grid layout, rounded buttons, sidebar, feature list, icon list, search bar","minimal, modern, artistic",0.62,Minimal grid layout with light gray background and rounded buttons.,"minimal, modern, light-gray, grid, rounded-buttons, sidebar",2
Lapa Ninja (Post),by Humankind,https://www.lapa.ninja/post/byhumankind/,https://cdn.lapa.ninja/assets/images/1x/byhumankind-thumb.webp,"[""#c6b3a2"", ""#fdf9ed""]","{""#c6b3a2"": 0.655, ""#fdf9ed"": 0.2209}",#c6b3a2,muted orange,"pricing cards, grid layout, large typography, rounded buttons, sidebar, feature list","minimal, luxury, modern",0.75,Minimal grid layout with muted orange pricing cards and large typography.,"minimal, luxury, modern, grid, rounded-buttons, pricing-cards",7
Lapa Ninja (Post),Helft & Pinta,https://www.lapa.ninja/post/helftpinta/,https://cdn.lapa.ninja/assets/images/1x/helftpinta-thumb.webp,"[""#e9e2d7"", ""#c9bdab""]","{""#e9e2d7"": 0.6047, ""#c9bdab"": 0.1226}",#e9e2d7,light muted orange,"grid layout, large typography, single column, two-column layout, feature list, rounded buttons","luxury, modern, minimal",0.75,Modern grid layout with light muted orange tones and large typography.,"modern, minimal, luxury, grid, typography, rounded-buttons",4
Lapa Ninja (Post),Clover,https://www.lapa.ninja/post/cloverapp-2/,https://cdn.lapa.ninja/assets/images/1x/cloverapp-07-17-2021-thumb.webp,"[""#0d0f15"", ""#fefdfe""]","{""#0d0f15"": 0.6898, ""#fefdfe"": 0.213}",#0d0f15,dark neutral,"sidebar, grid layout, feature list, video background, large typography, pricing cards","futuristic, modern, minimal",0.75,Modern grid layout with dark neutral tones and large typography elements.,"modern, grid, dark-neutral, futuristic, minimal, sidebar",4
Lapa Ninja (Post),TWOTWO,https://www.lapa.ninja/post/twotwo/,https://cdn.lapa.ninja/assets/images/1x/twotwo-thumb.webp,"[""#f2e6d5"", ""#abc3c3""]","{""#f2e6d5"": 0.4655, ""#abc3c3"": 0.3057}",#f2e6d5,light bright orange,"rounded buttons, pricing cards, large typography, split screen, cta button, sidebar","retro, modern, bold",0.73,Modern split screen layout with light bright orange pricing cards and rounded buttons.,"modern, retro, bold, light-orange, split-screen, rounded-buttons, pricing-cards",0
Lapa Ninja (Post),Sketch,https://www.lapa.ninja/post/sketch-3/,https://cdn.lapa.ninja/assets/images/1x/sketch-07-17-2021-thumb.webp,"[""#fbb385"", ""#f9f8f7""]","{""#fbb385"": 0.206, ""#f9f8f7"": 0.5053}",#fbb385,bright orange,"feature list, grid layout, split screen, rounded buttons, search bar, sidebar","minimal, modern, futuristic",0.6,Minimal split screen layout with light neutral background and rounded buttons.,"minimal, modern, light, grid, rounded-buttons, sidebar, feature-list",0
Lapa Ninja (Post),Pixel True,https://www.lapa.ninja/post/pixeltrue/,https://cdn.lapa.ninja/assets/images/1x/pixeltrue-thumb.webp,"[""#13143e"", ""#3d3870""]","{""#13143e"": 0.5949, ""#3d3870"": 0.1773}",#13143e,dark bright blue,"rounded buttons, grid layout, top navigation, video background, sidebar, pricing cards","modern, futuristic, cool",0.75,Modern grid layout with dark bright blue background and rounded buttons.,"modern, grid, dark-blue, rounded-buttons, video-background, pricing-cards",2
Lapa Ninja (Post),Fresh Prince Store,https://www.lapa.ninja/post/freshprincestore/,https://cdn.lapa.ninja/assets/images/1x/freshprincestore-thumb.webp,"[""#b5b6be"", ""#fcfbfa""]","{""#b5b6be"": 0.1999, ""#fcfbfa"": 0.5083}",#b5b6be,light gray,"sidebar, icon list, video background, feature list, single column, grid layout","cool, bold, modern",0.6,Modern single column layout with light gray background and a prominent video feature.,"modern, cool, light-gray, grid, sidebar, video-background",6
Lapa Ninja (Post),Danilo Campos,https://www.lapa.ninja/post/danilocampos/,https://cdn.lapa.ninja/assets/images/1x/danilocampos-thumb.webp,"[""#0d0e0e"", ""#f5f5f5""]","{""#0d0e0e"": 0.6594, ""#f5f5f5"": 0.1253}",#0d0e0e,dark neutral,"grid layout, icon list, large typography, sidebar, feature list, rounded buttons","minimal, modern, futuristic",0.75,Minimal grid layout with dark neutral tones and large typography.,"minimal, modern, dark, grid, typography, rounded-buttons",4
Lapa Ninja (Post),Invision Freehand,https://www.lapa.ninja/post/invision-freehand/,https://cdn.lapa.ninja/assets/images/1x/invision-freehand-thumb.webp,"[""#f6f7f7"", ""#b7b2b0""]","{""#f6f7f7"": 0.8189, ""#b7b2b0"": 0.1308}",#f6f7f7,light neutral,"split screen, grid layout, rounded buttons, sidebar, search bar, form","modern, futuristic, professional",0.75,Modern split screen layout with light neutral background and rounded buttons.,"modern, professional, grid, rounded-buttons, sidebar, futuristic",0
Lapa Ninja (Post),Stay At Home Kids,https://www.lapa.ninja/post/stay-at-home-kids/,https://cdn.lapa.ninja/assets/images/1x/stay-at-home-kids-thumb.webp,"[""#fc5e2b"", ""#5b4ef5""]","{""#fc5e2b"": 0.4316, ""#5b4ef5"": 0.1789}",#fc5e2b,bright red,"card list, icon list, grid layout, pricing cards, feature list, sidebar","cool, modern, vibrant",0.72,Modern grid layout with vibrant red cards and a structured sidebar.,"modern, grid, vibrant-red, cards, sidebar, cool",7
Lapa Ninja (Post),Alexander Morris,https://www.lapa.ninja/post/alexandermorris/,https://cdn.lapa.ninja/assets/images/1x/alexandermorris-thumb.webp,"[""#0a0a0a""]","{""#0a0a0a"": 0.8754}",#0a0a0a,dark neutral,"pricing cards, large typography, footer, sidebar, rounded buttons, feature list","futuristic, modern, cool",0.75,Modern layout featuring dark neutral tones with large typography and rounded buttons.,"modern, dark, futuristic, typography, rounded-buttons, pricing-cards, sidebar",1
Lapa Ninja (Post),Steam Deck,https://www.lapa.ninja/post/steamdeck/,https://cdn.lapa.ninja/assets/images/1x/steamdeck-thumb.webp,"[""#1b1b1b"", ""#fefefe""]","{""#1b1b1b"": 0.2319, ""#fefefe"": 0.5011}",#1b1b1b,dark gray,"sidebar, rounded buttons, split screen, search bar, pricing cards, icon list","modern, retro, futuristic",0.62,Modern split screen layout with dark gray sidebar and rounded buttons.,"modern, split-screen, dark-gray, sidebar, rounded-buttons, pricing-cards",0
Lapa Ninja (Post),Kibana,https://www.lapa.ninja/post/wearekibana/,https://cdn.lapa.ninja/assets/images/1x/wearekibana-thumb.webp,"[""#82a3be"", ""#ecebdb""]","{""#82a3be"": 0.3117, ""#ecebdb"": 0.3095}",#82a3be,muted blue,"large typography, sidebar, two-column layout, single column, logo, top navigation","modern, luxury, creative",0.66,Modern two-column layout with muted blue typography and a prominent sidebar.,"modern, luxury, muted-blue, two-column, sidebar, creative",1
Lapa Ninja (Post),Dead Startup Toys,https://www.lapa.ninja/post/deadstartuptoys/,https://cdn.lapa.ninja/assets/images/1x/deadstartuptoys-thumb.webp,"[""#82afe2"", ""#c8b49d""]","{""#82afe2"": 0.2883, ""#c8b49d"": 0.2726}",#82afe2,bright blue,"footer, rounded buttons, sidebar, feature list, video background, top navigation","creative, cool, professional",0.64,Creative layout with bright blue video background and rounded buttons.,"creative, professional, bright-blue, video-background, rounded-buttons, sidebar",6
Lapa Ninja (Post),Apotheke,https://www.lapa.ninja/post/apothekeperfume/,https://cdn.lapa.ninja/assets/images/1x/apothekeperfume-thumb.webp,"[""#b388af"", ""#f4f1f4""]","{""#b388af"": 0.3312, ""#f4f1f4"": 0.2781}",#b388af,muted magenta,"large typography, video background, sidebar, avatar, split screen, carousel","artistic, creative, professional",0.67,Artistic split screen layout with muted magenta typography and a video background.,"artistic, creative, muted-magenta, professional, split-screen, video-background",5
Lapa Ninja (Post),hello harbor,https://www.lapa.ninja/post/helloharbor/,https://cdn.lapa.ninja/assets/images/1x/helloharbor-thumb.webp,"[""#f7f6f2""]","{""#f7f6f2"": 0.9067}",#f7f6f2,light neutral,"feature list, top navigation, rounded buttons, pricing cards, sidebar, icon list","modern, minimal, futuristic",0.75,Modern layout with light neutral background featuring rounded buttons and a structured sidebar.,"modern, minimal, light, rounded-buttons, sidebar, pricing-cards",1
Lapa Ninja (Post),Webbed Briefs,https://www.lapa.ninja/post/briefs/,https://cdn.lapa.ninja/assets/images/1x/briefs-thumb.webp,"[""#000000"", ""#fdfdfd""]","{""#000000"": 0.9023, ""#fdfdfd"": 0.0668}",#000000,dark neutral,"sidebar, feature list, footer, rounded buttons, icon list, large typography","cool, bold, retro",0.75,Bold dark layout featuring large typography and rounded buttons alongside a sidebar.,"bold, dark, retro, sidebar, typography, rounded-buttons",1
Lapa Ninja (Post),Batch,https://www.lapa.ninja/post/getbatch/,https://cdn.lapa.ninja/assets/images/1x/getbatch-thumb.webp,"[""#010001"", ""#d550ce""]","{""#010001"": 0.7233, ""#d550ce"": 0.1272}",#010001,dark neutral,"video background, sidebar, feature list, search bar, large typography, avatar","modern, futuristic, minimal",0.75,Modern layout with dark neutral video background and large typography.,"modern, futuristic, minimal, dark, video-background, sidebar, typography",6
Lapa Ninja (Post),Miquel Pons,https://www.lapa.ninja/post/miquelpons/,https://cdn.lapa.ninja/assets/images/1x/miquelpons-thumb.webp,"[""#010100"", ""#1e1917""]","{""#010100"": 0.5861, ""#1e1917"": 0.2795}",#010100,dark neutral,"sidebar, split screen, feature list, icon list, grid layout, video background","modern, minimal, futuristic",0.75,Modern split screen layout with dark neutral background and a feature list.,"modern, minimal, dark, split-screen, grid, futuristic",5
Lapa Ninja (Post),Break Maiden,https://www.lapa.ninja/post/breakmaiden/,https://cdn.lapa.ninja/assets/images/1x/breakmaiden-thumb.webp,"[""#eee2dd"", ""#193c46""]","{""#eee2dd"": 0.5925, ""#193c46"": 0.1458}",#eee2dd,light muted orange,"large typography, sidebar, pricing cards, rounded buttons, video background, grid layout","artistic, modern, professional",0.75,Modern grid layout with light muted orange sidebar and large typography.,"modern, grid, light, artistic, professional, typography, rounded-buttons",7
Lapa Ninja (Post),Gabriel Valdivia,https://www.lapa.ninja/post/gabrielvaldivia/,https://cdn.lapa.ninja/assets/images/1x/gabrielvaldivia-thumb.webp,"[""#fffefe"", ""#26292b""]","{""#fffefe"": 0.7383, ""#26292b"": 0.17}",#fffefe,light neutral,"grid layout, feature list, large typography, rounded buttons, sidebar, search bar","modern, minimal, futuristic",0.75,Modern grid layout with light neutral background and large typography.,"modern, minimal, light, grid, typography, rounded-buttons, sidebar",3
Lapa Ninja (Post),Obviously AI,https://www.lapa.ninja/post/obviously/,https://cdn.lapa.ninja/assets/images/1x/obviously-thumb.webp,"[""#fcfdfe"", ""#6579f0""]","{""#fcfdfe"": 0.8482, ""#6579f0"": 0.0686}",#fcfdfe,light neutral,"grid layout, data table, pricing cards, large typography, feature list, sidebar","modern, minimal, professional",0.75,Modern grid layout with light neutral background and large typography.,"modern, minimal, professional, grid, typography, data-table, pricing-cards",3
Lapa Ninja (Post),Taylor Nowotny,https://www.lapa.ninja/post/taylornowotny/,https://cdn.lapa.ninja/assets/images/1x/taylornowotny-thumb.webp,"[""#fdfbf0"", ""#050605""]","{""#fdfbf0"": 0.839, ""#050605"": 0.0728}",#fdfbf0,light neutral,"rounded buttons, grid layout, sidebar, large typography, pricing cards, feature list","professional, modern, bold",0.75,Professional grid layout with light neutral background and large typography.,"professional, modern, light, grid, typography, rounded-buttons, pricing-cards",3
Lapa Ninja (Post),Sometimes Always,https://www.lapa.ninja/post/sometimesalways/,https://cdn.lapa.ninja/assets/images/1x/sometimesalways-thumb.webp,"[""#fcebbc"", ""#e3bf51""]","{""#fcebbc"": 0.5978, ""#e3bf51"": 0.1587}",#fcebbc,light bright orange,"sidebar, pricing cards, top navigation, rounded buttons, grid layout, chart","luxury, trustworthy, cool",0.75,Light bright orange grid layout with rounded buttons and a sidebar for navigation.,"modern, grid, light-orange, rounded-buttons, sidebar, pricing-cards",7
Lapa Ninja (Post),Bad Boys,https://www.lapa.ninja/post/bad-boys/,https://cdn.lapa.ninja/assets/images/1x/bad-boys-thumb.webp,"[""#000000"", ""#ffffff""]","{""#000000"": 0.2394, ""#ffffff"": 0.4858}",#000000,dark neutral,"feature list, sidebar, pricing cards, grid layout, card list, two-column layout","cool, bold, serious",0.62,Bold two-column layout with dark neutral pricing cards and a structured feature list.,"bold, serious, dark, grid, two-column, layout, pricing-cards",7
Lapa Ninja (Post),Fred Nerby,https://www.lapa.ninja/post/nerby/,https://cdn.lapa.ninja/assets/images/1x/nerby-thumb.webp,"[""#feffff"", ""#cfcecd""]","{""#feffff"": 0.6975, ""#cfcecd"": 0.1132}",#feffff,light neutral,"large typography, grid layout, sidebar, rounded buttons, two-column layout, split screen","minimal, modern, professional",0.75,Minimal two-column layout with light neutral background and large typography.,"minimal, modern, professional, grid, typography, rounded-buttons",3
Lapa Ninja (Post),Alex Fisher Design,https://www.lapa.ninja/post/alexfisherdesign/,https://cdn.lapa.ninja/assets/images/1x/alexfisherdesign-thumb.webp,"[""#fef4de"", ""#63641e""]","{""#fef4de"": 0.5769, ""#63641e"": 0.1182}",#fef4de,light neutral,"video background, footer, sidebar, feature list, pricing cards, grid layout","professional, artistic, cool",0.75,Professional grid layout with light neutral background and video feature list.,"professional, grid, light, video, sidebar, pricing-cards",6
Lapa Ninja (Post),Glide,https://www.lapa.ninja/post/glideapps/,https://cdn.lapa.ninja/assets/images/1x/glideapps-thumb.webp,"[""#fbfbfb"", ""#076651""]","{""#fbfbfb"": 0.8257, ""#076651"": 0.0644}",#fbfbfb,light neutral,"grid layout, rounded buttons, feature list, sidebar, icon list, split screen","modern, minimal, futuristic",0.75,Modern grid layout with light neutral background and rounded buttons.,"modern, minimal, grid, rounded-buttons, sidebar, futuristic",2
Lapa Ninja (Post),GitHub Copilot,https://www.lapa.ninja/post/github-copilot/,https://cdn.lapa.ninja/assets/images/1x/github-copilot-thumb.webp,"[""#1d2328"", ""#feffff""]","{""#1d2328"": 0.7791, ""#feffff"": 0.1423}",#1d2328,dark muted blue,"sidebar, footer, avatar, grid layout, split screen, search bar","professional, modern, cool",0.75,Professional split screen layout with dark muted blue sidebar and a prominent search bar.,"professional, modern, dark-muted-blue, grid, split-screen, sidebar",0
Lapa Ninja (Post),Runway,https://www.lapa.ninja/post/runwayml-3/,https://cdn.lapa.ninja/assets/images/1x/runwayml-07-07-2021-thumb.webp,"[""#020202"", ""#fefefe""]","{""#020202"": 0.2893, ""#fefefe"": 0.5542}",#020202,dark neutral,"video background, avatar, split screen, footer, large typography, sidebar","modern, futuristic, creative",0.64,Modern split screen layout with dark neutral video background and large typography.,"modern, futuristic, dark, creative, split-screen, video-background",5
Lapa Ninja (Post),Welcome Software,https://www.lapa.ninja/post/welcomesoftware/,https://cdn.lapa.ninja/assets/images/1x/welcomesoftware-thumb.webp,"[""#3c066b"", ""#fdfbfe""]","{""#3c066b"": 0.3212, ""#fdfbfe"": 0.5385}",#3c066b,dark bright purple,"pricing cards, sidebar, rounded buttons, feature list, large typography, video background","professional, modern, minimal",0.66,Professional layout with dark bright purple pricing cards and large typography.,"professional, modern, dark-purple, minimal, pricing-cards, typography",7
Lapa Ninja (Post),Arthur Simonini,https://www.lapa.ninja/post/arthursimonini/,https://cdn.lapa.ninja/assets/images/1x/arthursimonini-thumb.webp,"[""#ffffff""]","{""#ffffff"": 0.8954}",#ffffff,light neutral,"card list, feature list, data table, pricing cards, large typography, icon list","cool, minimal, creative",0.75,Minimal layout featuring large typography and a light neutral background with structured card lists.,"minimal, cool, light, typography, card-list, structured, creative",1
Lapa Ninja (Post),Erdensen,https://www.lapa.ninja/post/erdensen/,https://cdn.lapa.ninja/assets/images/1x/erdensen-thumb.webp,"[""#f1efef"", ""#ccc4be""]","{""#f1efef"": 0.7977, ""#ccc4be"": 0.1373}",#f1efef,light neutral,"rounded buttons, grid layout, pricing cards, large typography, sidebar, top navigation","minimal, modern, futuristic",0.75,Minimal grid layout with light neutral background and large typography.,"minimal, modern, light, grid, typography, rounded-buttons",3
Lapa Ninja (Post),Glob,https://www.lapa.ninja/post/glob/,https://cdn.lapa.ninja/assets/images/1x/glob-thumb.webp,"[""#b9c2c1"", ""#fefefe""]","{""#b9c2c1"": 0.3606, ""#fefefe"": 0.334}",#b9c2c1,light gray,"sidebar, large typography, grid layout, feature list, carousel, video background","modern, vibrant, friendly",0.68,Modern grid layout with light gray sidebar and large typography.,"modern, grid, light-gray, sidebar, vibrant, friendly",4
Lapa Ninja (Post),Justified Studio,https://www.lapa.ninja/post/justified-studio/,https://cdn.lapa.ninja/assets/images/1x/justified-studio-thumb.webp,"[""#f8f8f9"", ""#efbdc5""]","{""#f8f8f9"": 0.6343, ""#efbdc5"": 0.1521}",#f8f8f9,light neutral,"sidebar, large typography, feature list, icon list, avatar, rounded buttons","futuristic, modern, vibrant",0.75,Modern layout with light neutral background and vibrant feature list.,"modern, futuristic, light, feature-list, rounded-buttons, sidebar, typography",1
Lapa Ninja (Post),Stutpak,https://www.lapa.ninja/post/stutpak/,https://cdn.lapa.ninja/assets/images/1x/stutpak-thumb.webp,"[""#fedacd"", ""#fefefe""]","{""#fedacd"": 0.7789, ""#fefefe"": 0.0862}",#fedacd,light bright orange,"grid layout, large typography, sidebar, rounded buttons, feature list, footer","minimal, modern, cool",0.75,Minimal grid layout with light bright orange typography and rounded buttons.,"minimal, modern, light-orange, grid, rounded-buttons, typography, clean",4
Lapa Ninja (Post),Joshua Söhn,https://www.lapa.ninja/post/joshuasoehn/,https://cdn.lapa.ninja/assets/images/1x/joshuasoehn-thumb.webp,"[""#010102"", ""#f1f0f0""]","{""#010102"": 0.9056, ""#f1f0f0"": 0.056}",#010102,dark neutral,"grid layout, rounded buttons, feature list, sidebar, top navigation, icon list","modern, professional, futuristic",0.75,Modern grid layout with dark neutral tones and rounded buttons.,"modern, professional, dark, grid, rounded-buttons, sidebar, navigation",2
Lapa Ninja (Post),Lance,https://www.lapa.ninja/post/lance/,https://cdn.lapa.ninja/assets/images/1x/lance-thumb.webp,"[""#000001""]","{""#000001"": 0.9081}",#000001,dark neutral,"rounded buttons, feature list, grid layout, sidebar, search bar, two-column layout","professional, minimal, friendly",0.75,Professional two-column layout with dark neutral tones and rounded buttons.,"professional, minimal, dark, grid, rounded-buttons, sidebar, feature-list",1
Lapa Ninja (Post),A Color Bright,https://www.lapa.ninja/post/acolorbright/,https://cdn.lapa.ninja/assets/images/1x/acolorbright-thumb.webp,"[""#ffffff"", ""#070707""]","{""#ffffff"": 0.7262, ""#070707"": 0.088}",#ffffff,light neutral,"sidebar, large typography, feature list, split screen, grid layout, avatar","modern, professional, futuristic",0.75,Modern split screen layout with dark accents and large typography.,"modern, professional, dark, grid, sidebar, typography, futuristic",0
Lapa Ninja (Post),Otta,https://www.lapa.ninja/post/otta/,https://cdn.lapa.ninja/assets/images/1x/otta-thumb.webp,"[""#f2f3ee"", ""#efda2a""]","{""#f2f3ee"": 0.3841, ""#efda2a"": 0.3007}",#f2f3ee,light neutral,"large typography, sidebar, rounded buttons, footer, form, pricing cards","modern, bold, cool",0.69,Modern layout with light neutral background and large typography featuring rounded buttons.,"modern, bold, light, typography, rounded-buttons, sidebar, pricing-cards",1
Lapa Ninja (Post),Haraldur Thorleifsson,https://www.lapa.ninja/post/haraldurthorleifsson/,https://cdn.lapa.ninja/assets/images/1x/haraldurthorleifsson-thumb.webp,"[""#fcc102"", ""#08c2ef""]","{""#fcc102"": 0.7686, ""#08c2ef"": 0.0864}",#fcc102,bright yellow,"sidebar, carousel, logo, illustration, hero image, hero illustration","trustworthy, cool, modern",0.75,Modern layout with bright yellow hero and engaging carousel elements.,"modern, bright-yellow, hero, carousel, trustworthy, illustration",1
Lapa Ninja (Post),KIKK Festival 2021,https://www.lapa.ninja/post/kikk-2021/,https://cdn.lapa.ninja/assets/images/1x/kikk-2021-thumb.webp,"[""#8674e1"", ""#c5a6ec""]","{""#8674e1"": 0.3256, ""#c5a6ec"": 0.2524}",#8674e1,bright blue,"large typography, icon list, logo, sidebar, video background, feature list","futuristic, cool, minimal",0.66,Minimal layout with bright blue typography and a video background.,"minimal, futuristic, bright-blue, typography, video-background, sidebar",6
Lapa Ninja (Post),Valeria Francis,https://www.lapa.ninja/post/valeriafrancis/,https://cdn.lapa.ninja/assets/images/1x/valeriafrancis-thumb.webp,"[""#140f0a"", ""#372917""]","{""#140f0a"": 0.5884, ""#372917"": 0.2137}",#140f0a,dark neutral,"grid layout, sidebar, footer, video background, large typography, feature list","modern, professional, artistic",0.75,Modern grid layout with dark neutral background and large typography.,"modern, professional, dark, grid, typography, video-background",6
Lapa Ninja (Post),Oku,https://www.lapa.ninja/post/oku/,https://cdn.lapa.ninja/assets/images/1x/oku-thumb.webp,"[""#161616""]","{""#161616"": 0.948}",#161616,dark gray,"grid layout, feature list, large typography, icon list, rounded buttons, sidebar","minimal, modern, futuristic",0.75,Minimal grid layout with dark gray typography and rounded buttons.,"minimal, modern, dark-gray, grid, typography, rounded-buttons, futuristic",4
Lapa Ninja (Post),Mojo SuperMarket,https://www.lapa.ninja/post/mojosuper-market/,https://cdn.lapa.ninja/assets/images/1x/mojosuper-market-thumb.webp,"[""#060606"", ""#f7f8f8""]","{""#060606"": 0.2779, ""#f7f8f8"": 0.5632}",#060606,dark neutral,"large typography, split screen, form, rounded buttons, grid layout, search bar","modern, cool, creative",0.64,Modern split screen layout with dark neutral tones and large typography.,"modern, split-screen, dark, typography, rounded-buttons, grid, creative",0
Lapa Ninja (Post),Beseda,https://www.lapa.ninja/post/beseda/,https://cdn.lapa.ninja/assets/images/1x/beseda-thumb.webp,"[""#c9fb02"", ""#fcfcfc""]","{""#c9fb02"": 0.4786, ""#fcfcfc"": 0.4009}",#c9fb02,bright green,"rounded buttons, sidebar, feature list, icon list, video background, grid layout","modern, futuristic, professional",0.74,Modern grid layout with bright green sidebar and rounded buttons.,"modern, grid, bright-green, rounded-buttons, professional, futuristic",2
Lapa Ninja (Post),Snapple Spiked,https://www.lapa.ninja/post/snapplespiked/,https://cdn.lapa.ninja/assets/images/1x/snapplespiked-thumb.webp,"[""#fffefe"", ""#b4a981""]","{""#fffefe"": 0.5146, ""#b4a981"": 0.1526}",#fffefe,light neutral,"sidebar, feature list, video background, large typography, data table, footer","creative, artistic, cool",0.75,Creative layout with light neutral tones featuring a large typography and a video background.,"creative, artistic, light, modern, video-background, typography, sidebar",6
Lapa Ninja (Post),Open Art,https://www.lapa.ninja/post/openui/,https://cdn.lapa.ninja/assets/images/1x/openui-thumb.webp,"[""#fefefd""]","{""#fefefd"": 0.9124}",#fefefd,light neutral,"grid layout, pricing cards, footer, rounded buttons, large typography, icon list","modern, minimal, futuristic",0.75,Modern grid layout with light neutral pricing cards and large typography.,"modern, minimal, grid, light, pricing-cards, typography, rounded-buttons",7
Lapa Ninja (Post),The Summer Drive,https://www.lapa.ninja/post/thesummerdrive/,https://cdn.lapa.ninja/assets/images/1x/thesummerdrive-thumb.webp,"[""#fdf8f0"", ""#076ef4""]","{""#fdf8f0"": 0.8911, ""#076ef4"": 0.0547}",#fdf8f0,light neutral,"large typography, sidebar, pricing cards, grid layout, footer, video background","minimal, cool, creative",0.75,Minimal grid layout with light neutral background and large typography.,"minimal, grid, light, creative, sidebar, pricing-cards",3
Lapa Ninja (Post),Figure 1 Beauty,https://www.lapa.ninja/post/fig-1/,https://cdn.lapa.ninja/assets/images/1x/fig-1-thumb.webp,"[""#f64c1c"", ""#f37b59""]","{""#f64c1c"": 0.4444, ""#f37b59"": 0.1884}",#f64c1c,bright red,"sidebar, large typography, footer, pricing cards, search bar, feature list","futuristic, modern, cool",0.72,Modern layout with bright red sidebar and large typography elements.,"modern, futuristic, bright-red, sidebar, typography, pricing-cards",7
Lapa Ninja (Post),Yann-Edern Gillet,https://www.lapa.ninja/post/yannglt/,https://cdn.lapa.ninja/assets/images/1x/yannglt-thumb.webp,"[""#00030a"", ""#fbb222""]","{""#00030a"": 0.852, ""#fbb222"": 0.1029}",#00030a,dark neutral,"sidebar, large typography, pricing cards, grid layout, rounded buttons, footer","cool, modern, friendly",0.75,Modern grid layout with dark neutral sidebar and large typography.,"modern, grid, dark, sidebar, typography, friendly, pricing-cards",7
Lapa Ninja (Post),Doo,https://www.lapa.ninja/post/getdooapp/,https://cdn.lapa.ninja/assets/images/1x/getdooapp-thumb.webp,"[""#fffdfd"", ""#caebe4""]","{""#fffdfd"": 0.8155, ""#caebe4"": 0.0748}",#fffdfd,light neutral,"feature list, rounded buttons, icon list, pricing cards, top navigation, sidebar","minimal, modern, futuristic",0.75,Minimal layout with light neutral background and rounded buttons for navigation.,"minimal, modern, light, rounded-buttons, navigation, clean",2
Lapa Ninja (Post),Authentic Artists,https://www.lapa.ninja/post/authentic-artists/,https://cdn.lapa.ninja/assets/images/1x/authentic-artists-thumb.webp,"[""#1c1c1c"", ""#fa5cc7""]","{""#1c1c1c"": 0.7414, ""#fa5cc7"": 0.1079}",#1c1c1c,dark gray,"sidebar, video background, avatar, large typography, grid layout, feature list","futuristic, artistic, professional",0.75,Professional grid layout with dark gray background and large typography featuring a video backdrop.,"professional, grid, dark-gray, futuristic, artistic, video-background",6
Lapa Ninja (Post),Pierre Hardy,https://www.lapa.ninja/post/pierrehardy/,https://cdn.lapa.ninja/assets/images/1x/pierrehardy-thumb.webp,"[""#fdfdfd"", ""#202311""]","{""#fdfdfd"": 0.6912, ""#202311"": 0.098}",#fdfdfd,light neutral,"grid layout, icon list, footer, feature list, sidebar, rounded buttons","modern, minimal, luxury",0.75,Modern grid layout with light neutral background and rounded buttons.,"modern, minimal, luxury, grid, rounded-buttons, footer, sidebar",2
Lapa Ninja (Post),Peppa Sauce,https://www.lapa.ninja/post/peppasauce/,https://cdn.lapa.ninja/assets/images/1x/peppasauce-thumb.webp,"[""#161429"", ""#faede5""]","{""#161429"": 0.6997, ""#faede5"": 0.1843}",#161429,dark muted blue,"sidebar, large typography, pricing cards, chart, feature list, logo","cool, trustworthy, bold",0.75,Bold layout with dark muted blue sidebar and large typography for clear pricing cards.,"bold, cool, dark-muted-blue, sidebar, typography, pricing-cards, trustworthy",7
Lapa Ninja (Post),Yubo,https://www.lapa.ninja/post/yubo/,https://cdn.lapa.ninja/assets/images/1x/yubo-thumb.webp,"[""#fee502"", ""#1fb5e9""]","{""#fee502"": 0.4132, ""#1fb5e9"": 0.2005}",#fee502,bright yellow,"sidebar, video background, hero image, feature list, split screen, search bar","modern, creative, cool",0.71,Modern split screen layout with bright yellow hero and video background.,"modern, creative, bright-yellow, split-screen, hero, video-background",5
Lapa Ninja (Post),AngelList Venture,https://www.lapa.ninja/post/angellist/,https://cdn.lapa.ninja/assets/images/1x/angellist-thumb.webp,"[""#edeffe"", ""#ffffff""]","{""#edeffe"": 0.2617, ""#ffffff"": 0.4641}",#edeffe,light neutral,"rounded buttons, grid layout, pricing cards, footer, feature list, split screen","modern, minimal, futuristic",0.63,Modern grid layout with light neutral tones and rounded buttons.,"modern, minimal, light, grid, rounded-buttons, pricing-cards",2
Lapa Ninja (Post),Fable,https://www.lapa.ninja/post/fable-2/,https://cdn.lapa.ninja/assets/images/1x/fable-06-18-2021-thumb.webp,"[""#34353c"", ""#f6f5f5""]","{""#34353c"": 0.1868, ""#f6f5f5"": 0.6359}",#34353c,dark gray,"grid layout, rounded buttons, large typography, top navigation, split screen, footer","modern, minimal, futuristic",0.59,Modern split screen layout with dark gray background and large typography.,"modern, minimal, dark-gray, grid, rounded-buttons, futuristic",0
Lapa Ninja (Post),Pitch,https://www.lapa.ninja/post/pitch-4/,https://cdn.lapa.ninja/assets/images/1x/pitch-06-18-2021-thumb.webp,"[""#fefefe"", ""#6f3ded""]","{""#fefefe"": 0.8343, ""#6f3ded"": 0.1101}",#fefefe,light neutral,"rounded buttons, grid layout, large typography, feature list, search bar, split screen","modern, minimal, futuristic",0.75,Modern split screen layout with light neutral background and large typography.,"modern, minimal, neutral, grid, rounded-buttons, futuristic",0
Lapa Ninja (Post),Relieve Furniture,https://www.lapa.ninja/post/relievefurniture/,https://cdn.lapa.ninja/assets/images/1x/relievefurniture-thumb.webp,"[""#0e805f"", ""#ccebf8""]","{""#0e805f"": 0.7379, ""#ccebf8"": 0.1893}",#0e805f,bright teal,"top navigation, large typography, data table, chart, sidebar, grid layout","modern, creative, minimal",0.75,Modern grid layout with bright teal typography and a structured data table.,"modern, grid, bright-teal, typography, data-table, minimal",4
Lapa Ninja (Post),Zero Egg,https://www.lapa.ninja/post/zeroeggfood/,https://cdn.lapa.ninja/assets/images/1x/zeroeggfood-thumb.webp,"[""#fdd147"", ""#fffefe""]","{""#fdd147"": 0.445, ""#fffefe"": 0.3271}",#fdd147,bright yellow,"sidebar, large typography, pricing cards, hero image, feature list, logo","creative, modern, bold",0.72,Creative layout with bright yellow hero and large typography elements.,"creative, modern, bold, yellow, hero, typography, pricing-cards",7
Lapa Ninja (Post),Petaluma,https://www.lapa.ninja/post/feedpetaluma/,https://cdn.lapa.ninja/assets/images/1x/feedpetaluma-thumb.webp,"[""#4ccee9"", ""#fafcfc""]","{""#4ccee9"": 0.331, ""#fafcfc"": 0.4148}",#4ccee9,bright teal,"pricing cards, large typography, sidebar, rounded buttons, feature list, footer","futuristic, modern, creative",0.67,Modern layout with bright teal pricing cards and large typography.,"modern, futuristic, bright-teal, pricing-cards, typography, creative",7
Lapa Ninja (Post),Harold AO,https://www.lapa.ninja/post/haroldao/,https://cdn.lapa.ninja/assets/images/1x/haroldao-thumb.webp,"[""#0e0e0e"", ""#2f2b28""]","{""#0e0e0e"": 0.6813, ""#2f2b28"": 0.1429}",#0e0e0e,dark neutral,"sidebar, video background, grid layout, split screen, large typography, rounded buttons","professional, modern, creative",0.75,Professional split screen layout with dark neutral tones and large typography.,"modern, grid, dark-neutral, sidebar, video-background, rounded-buttons",5
Lapa Ninja (Post),OK Motion Club,https://www.lapa.ninja/post/okmotion/,https://cdn.lapa.ninja/assets/images/1x/okmotion-thumb.webp,"[""#57bc61"", ""#fffeff""]","{""#57bc61"": 0.4815, ""#fffeff"": 0.4625}",#57bc61,bright green,"sidebar, icon list, feature list, footer, rounded buttons, cta button","modern, creative, artistic",0.74,Modern layout with bright green sidebar and rounded buttons for navigation.,"modern, creative, bright-green, sidebar, rounded-buttons, navigation",1
Lapa Ninja (Post),Ryan Miyoshi,https://www.lapa.ninja/post/ryry/,https://cdn.lapa.ninja/assets/images/1x/ryry-thumb.webp,"[""#000000"", ""#ffffff""]","{""#000000"": 0.5522, ""#ffffff"": 0.4331}",#000000,dark neutral,"large typography, rounded buttons, grid layout, sidebar, feature list, search bar","artistic, minimal, modern",0.75,Modern grid layout with dark neutral background and large typography.,"modern, minimal, dark, grid, typography, rounded-buttons, sidebar",4
Lapa Ninja (Post),Bathing Culture,https://www.lapa.ninja/post/bathingculture/,https://cdn.lapa.ninja/assets/images/1x/bathingculture-thumb.webp,"[""#2f341f"", ""#fffffe""]","{""#2f341f"": 0.2285, ""#fffffe"": 0.4312}",#2f341f,dark muted green,"sidebar, pricing cards, rounded buttons, grid layout, large typography, video background","modern, creative, professional",0.61,Modern grid layout with dark muted green pricing cards and large typography.,"modern, grid, dark-muted-green, pricing-cards, rounded-buttons, professional",7
Lapa Ninja (Post),Daniele Buffa,https://www.lapa.ninja/post/danielebuffa/,https://cdn.lapa.ninja/assets/images/1x/danielebuffa-thumb.webp,"[""#161616"", ""#e3e3e4""]","{""#161616"": 0.8836, ""#e3e3e4"": 0.0811}",#161616,dark gray,"large typography, rounded buttons, data table, sidebar, grid layout, video background","modern, minimal, artistic",0.75,Modern grid layout with dark gray background and large typography.,"modern, minimal, dark-gray, grid, rounded-buttons, artistic",4
Lapa Ninja (Post),Flow,https://www.lapa.ninja/post/createwithflow-3/,https://cdn.lapa.ninja/assets/images/1x/createwithflow-06-15-2021-thumb.webp,"[""#fdfdfd""]","{""#fdfdfd"": 0.93}",#fdfdfd,light neutral,"rounded buttons, grid layout, split screen, pricing cards, footer, sidebar","minimal, modern, professional",0.75,Minimal grid layout with light neutral tones and rounded buttons.,"minimal, modern, light, grid, professional, rounded-buttons",2
Lapa Ninja (Post),Draftbit,https://www.lapa.ninja/post/draftbit-2/,https://cdn.lapa.ninja/assets/images/1x/draftbit-06-15-2021-thumb.webp,"[""#f9f9fb"", ""#2d3854""]","{""#f9f9fb"": 0.7561, ""#2d3854"": 0.1159}",#f9f9fb,light neutral,"rounded buttons, grid layout, feature list, split screen, search bar, sidebar","modern, minimal, futuristic",0.75,Modern grid layout with light neutral background and rounded buttons.,"modern, minimal, neutral, rounded-buttons, grid, futuristic",2
Lapa Ninja (Post),Safe Security,https://www.lapa.ninja/post/safesecurity/,https://cdn.lapa.ninja/assets/images/1x/safesecurity-thumb.webp,"[""#000000"", ""#fafbfc""]","{""#000000"": 0.8858, ""#fafbfc"": 0.054}",#000000,dark neutral,"rounded buttons, video background, sidebar, logo, large typography, search bar","trustworthy, serious, futuristic",0.75,Serious layout with dark neutral tones featuring large typography and a video background.,"serious, trustworthy, dark, futuristic, video-background, rounded-buttons, sidebar",6
Lapa Ninja (Post),Adrien Gervaix,https://www.lapa.ninja/post/adriengervaix/,https://cdn.lapa.ninja/assets/images/1x/adriengervaix-thumb.webp,"[""#4210e5"", ""#f5f3fb""]","{""#4210e5"": 0.7911, ""#f5f3fb"": 0.124}",#4210e5,bright blue,"rounded buttons, sidebar, large typography, pricing cards, footer, grid layout","professional, modern, minimal",0.75,Professional grid layout with bright blue sidebar and large typography.,"modern, minimal, bright-blue, grid, professional, typography",7
Lapa Ninja (Post),Vacation,https://www.lapa.ninja/post/vacation/,https://cdn.lapa.ninja/assets/images/1x/vacation-thumb.webp,"[""#eae6db"", ""#aebacc""]","{""#eae6db"": 0.4626, ""#aebacc"": 0.2727}",#eae6db,light muted orange,"sidebar, video background, top navigation, feature list, pricing cards, large typography","luxury, modern, futuristic",0.73,Modern layout with light muted orange background and large typography elements.,"modern, luxury, light, sidebar, video-background, typography, pricing-cards",6
Lapa Ninja (Post),Isabel Moranta,https://www.lapa.ninja/post/isabelmoranta/,https://cdn.lapa.ninja/assets/images/1x/isabelmoranta-thumb.webp,"[""#ede5de""]","{""#ede5de"": 0.9379}",#ede5de,light muted orange,"large typography, rounded buttons, grid layout, footer, form, two-column layout","modern, futuristic, minimal",0.75,Modern two-column layout with light muted orange typography and rounded buttons.,"modern, minimal, light, grid, rounded-buttons, typography",1
Lapa Ninja (Post),Pattern Brands,https://www.lapa.ninja/post/patternbrands-2/,https://cdn.lapa.ninja/assets/images/1x/patternbrands-06-11-2021-thumb.webp,"[""#f8f3e8"", ""#c6a173""]","{""#f8f3e8"": 0.3402, ""#c6a173"": 0.274}",#f8f3e8,light neutral,"grid layout, rounded buttons, feature list, sidebar, pricing cards, search bar","modern, minimal, futuristic",0.67,Modern grid layout with light neutral background and rounded buttons.,"modern, minimal, grid, light, rounded-buttons, feature-list, pricing-cards",2
Lapa Ninja (Post),Short.io,https://www.lapa.ninja/post/short/,https://cdn.lapa.ninja/assets/images/1x/short-thumb.webp,"[""#fdfcfb""]","{""#fdfcfb"": 0.9245}",#fdfcfb,light neutral,"large typography, pricing cards, sidebar, footer, rounded buttons, data table","trustworthy, modern, minimal",0.75,Minimal layout with light neutral background featuring large typography and rounded buttons.,"minimal, modern, light, typography, rounded-buttons, trustworthy, layout",1
Lapa Ninja (Post),Moon Delivers Cakes,https://www.lapa.ninja/post/moondeliverscakes-2/,https://cdn.lapa.ninja/assets/images/1x/moondeliverscakes-06-11-2021-thumb.webp,"[""#96c7ec"", ""#0b129a""]","{""#96c7ec"": 0.5343, ""#0b129a"": 0.207}",#96c7ec,bright blue,"large typography, video background, rounded buttons, avatar, pricing cards, grid layout","modern, minimal, futuristic",0.75,Modern grid layout with bright blue video background and large typography.,"modern, minimal, bright-blue, video, rounded-buttons, grid, futuristic",6
Lapa Ninja (Post),Lithic,https://www.lapa.ninja/post/lithic/,https://cdn.lapa.ninja/assets/images/1x/lithic-thumb.webp,"[""#f8f6f5"", ""#ec935a""]","{""#f8f6f5"": 0.866, ""#ec935a"": 0.0923}",#f8f6f5,light neutral,"rounded buttons, pricing cards, grid layout, data table, top navigation, footer","minimal, modern, futuristic",0.75,Minimal grid layout with light neutral background and rounded buttons.,"minimal, modern, light, grid, rounded-buttons, pricing-cards, footer",2
Lapa Ninja (Post),Cricut,https://www.lapa.ninja/post/cricut/,https://cdn.lapa.ninja/assets/images/1x/cricut-thumb.webp,"[""#8c9285"", ""#fcfcfc""]","{""#8c9285"": 0.2681, ""#fcfcfc"": 0.4528}",#8c9285,muted gray,"rounded buttons, large typography, sidebar, pricing cards, split screen, grid layout","minimal, modern, futuristic",0.63,Minimal split screen layout with muted gray sidebar and large typography.,"minimal, modern, muted-gray, split-screen, grid, pricing-cards",0
Lapa Ninja (Post),Moment,https://www.lapa.ninja/post/drinkmoment/,https://cdn.lapa.ninja/assets/images/1x/drinkmoment-thumb.webp,"[""#fefffd"", ""#f7fa7d""]","{""#fefffd"": 0.633, ""#f7fa7d"": 0.1316}",#fefffd,light neutral,"sidebar, pricing cards, rounded buttons, video background, grid layout, large typography","modern, futuristic, cool",0.75,Modern grid layout with light neutral background and large typography elements.,"modern, grid, light, rounded-buttons, pricing-cards, video-background",3
Lapa Ninja (Post),Benefit3,https://www.lapa.ninja/post/benefit3/,https://cdn.lapa.ninja/assets/images/1x/benefit3-thumb.webp,"[""#a9c3ba"", ""#ffffff""]","{""#a9c3ba"": 0.2167, ""#ffffff"": 0.5556}",#a9c3ba,muted green,"sidebar, pricing cards, form, illustration, avatar, large typography","trustworthy, friendly, minimal",0.61,Minimal layout with muted green pricing cards and large typography.,"minimal, friendly, muted-green, pricing-cards, sidebar, trustworthy",7
Lapa Ninja (Post),Lightmatter,https://www.lapa.ninja/post/lightmatter/,https://cdn.lapa.ninja/assets/images/1x/lightmatter-thumb.webp,"[""#010001"", ""#fefefe""]","{""#010001"": 0.5158, ""#fefefe"": 0.4369}",#010001,dark neutral,"large typography, sidebar, footer, avatar, pricing cards, grid layout","futuristic, modern, minimal",0.75,Modern grid layout with dark neutral tones and large typography elements.,"modern, grid, dark, minimal, typography, futuristic",4
Lapa Ninja (Post),Grummies,https://www.lapa.ninja/post/eatyourgrummies/,https://cdn.lapa.ninja/assets/images/1x/eatyourgrummies-thumb.webp,"[""#fefefe"", ""#e3b1ab""]","{""#fefefe"": 0.7224, ""#e3b1ab"": 0.0974}",#fefefe,light neutral,"large typography, sidebar, pricing cards, video background, footer, form","trustworthy, cool, creative",0.75,Light neutral layout featuring large typography with a sidebar and pricing cards.,"neutral, trustworthy, creative, sidebar, pricing-cards, video-background",1
Lapa Ninja (Post),Bulletproof,https://www.lapa.ninja/post/wearebulletproof/,https://cdn.lapa.ninja/assets/images/1x/wearebulletproof-thumb.webp,"[""#111011"", ""#361168""]","{""#111011"": 0.4855, ""#361168"": 0.2694}",#111011,dark neutral,"large typography, sidebar, video background, split screen, pricing cards, footer","futuristic, modern, bold",0.74,Modern split screen layout with dark neutral background and large typography.,"modern, bold, dark, split-screen, typography, video-background",5
Lapa Ninja (Post),15Five,https://www.lapa.ninja/post/15five/,https://cdn.lapa.ninja/assets/images/1x/15five-thumb.webp,"[""#fef9f6""]","{""#fef9f6"": 0.8775}",#fef9f6,light neutral,"rounded buttons, grid layout, sidebar, split screen, feature list, search bar","modern, minimal, professional",0.75,Modern split screen layout with light neutral background and rounded buttons.,"modern, minimal, professional, light, grid, rounded-buttons, sidebar",0
Lapa Ninja (Post),Renan de Souza,https://www.lapa.ninja/post/renandesouza/,https://cdn.lapa.ninja/assets/images/1x/renandesouza-thumb.webp,"[""#f5f5f5""]","{""#f5f5f5"": 0.8963}",#f5f5f5,light neutral,"rounded buttons, feature list, grid layout, sidebar, search bar, pricing cards","minimal, modern, futuristic",0.75,Minimal grid layout with light neutral background and rounded buttons.,"minimal, modern, light, grid, rounded-buttons, sidebar, pricing-cards",2
Lapa Ninja (Post),July,https://www.lapa.ninja/post/july-2/,https://cdn.lapa.ninja/assets/images/1x/july-06-08-2021-thumb.webp,"[""#bfa682"", ""#fefaef""]","{""#bfa682"": 0.2164, ""#fefaef"": 0.376}",#bfa682,muted orange,"sidebar, grid layout, feature list, split screen, rounded buttons, footer","friendly, minimal, modern",0.61,Friendly split screen layout with muted orange accents and rounded buttons.,"friendly, minimal, modern, muted-orange, grid, rounded-buttons",0
Lapa Ninja (Post),The Doors of Dublin,https://www.lapa.ninja/post/doorsofdublin/,https://cdn.lapa.ninja/assets/images/1x/doorsofdublin-thumb.webp,"[""#f7f6f7"", ""#f2d0ba""]","{""#f7f6f7"": 0.6041, ""#f2d0ba"": 0.1678}",#f7f6f7,light neutral,"rounded buttons, grid layout, pricing cards, large typography, sidebar, single column","minimal, modern, creative",0.75,Minimal grid layout with light neutral background and rounded buttons.,"minimal, modern, light, grid, rounded-buttons, creative",2
Lapa Ninja (Post),Marc Silva Gonçalves,https://www.lapa.ninja/post/marcsilvagoncalves/,https://cdn.lapa.ninja/assets/images/1x/marcsilvagoncalves-thumb.webp,"[""#f8f8f8""]","{""#f8f8f8"": 0.9457}",#f8f8f8,light neutral,"large typography, feature list, grid layout, icon list, split screen, top navigation","professional, creative, futuristic",0.75,Professional grid layout with light neutral background and large typography.,"professional, grid, light, typography, split-screen, modern",3
Lapa Ninja (Post),O2 Monde,https://www.lapa.ninja/post/o2monde/,https://cdn.lapa.ninja/assets/images/1x/o2monde-thumb.webp,"[""#eee8dd"", ""#cdb29a""]","{""#eee8dd"": 0.4218, ""#cdb29a"": 0.243}",#eee8dd,light muted orange,"rounded buttons, grid layout, footer, feature list, search bar, sidebar","modern, bold, luxury",0.71,Modern grid layout with light neutral tones and rounded buttons.,"modern, grid, light, rounded-buttons, luxury, sidebar",2
Lapa Ninja (Post),Switchyards,https://www.lapa.ninja/post/switchyards/,https://cdn.lapa.ninja/assets/images/1x/switchyards-thumb.webp,"[""#120f0a"", ""#fafef4""]","{""#120f0a"": 0.1967, ""#fafef4"": 0.3951}",#120f0a,dark neutral,"large typography, sidebar, grid layout, feature list, rounded buttons, search bar","modern, professional, luxury",0.6,Modern grid layout with dark neutral tones and large typography.,"modern, professional, dark, grid, typography, luxury, rounded-buttons",4
Lapa Ninja (Post),Proto.io,https://www.lapa.ninja/post/proto/,https://cdn.lapa.ninja/assets/images/1x/proto-thumb.webp,"[""#fafbfd""]","{""#fafbfd"": 0.9407}",#fafbfd,light neutral,"grid layout, feature list, search bar, top navigation, sidebar, rounded buttons","minimal, modern, creative",0.75,Minimal grid layout with light neutral background and rounded buttons for navigation.,"minimal, modern, light, grid, rounded-buttons, creative",2
Lapa Ninja (Post),Moonbridge,https://www.lapa.ninja/post/moonbridge/,https://cdn.lapa.ninja/assets/images/1x/moonbridge-thumb.webp,"[""#19191b"", ""#458dec""]","{""#19191b"": 0.7943, ""#458dec"": 0.0829}",#19191b,dark gray,"video background, feature list, grid layout, sidebar, icon list, split screen","creative, futuristic, artistic",0.75,Creative split screen layout with dark gray video background and a feature list.,"creative, futuristic, dark-gray, grid, video-background, artistic",5
Lapa Ninja (Post),Spencer Camp,https://www.lapa.ninja/post/spencercamp/,https://cdn.lapa.ninja/assets/images/1x/spencercamp-thumb.webp,"[""#ffffff""]","{""#ffffff"": 0.9408}",#ffffff,light neutral,"rounded buttons, grid layout, cta button, sidebar, feature list, large typography","modern, minimal, futuristic",0.75,Modern grid layout with light neutral background and rounded buttons.,"modern, minimal, light, grid, rounded-buttons, typography",2
Lapa Ninja (Post),Works in Progress,https://www.lapa.ninja/post/worksinprogress/,https://cdn.lapa.ninja/assets/images/1x/worksinprogress-thumb.webp,"[""#fdf6f2"", ""#3d4080""]","{""#fdf6f2"": 0.6986, ""#3d4080"": 0.1489}",#fdf6f2,light neutral,"pricing cards, card list, sidebar, feature list, icon list, grid layout","modern, minimal, futuristic",0.75,Modern grid layout with light neutral background and structured pricing cards.,"modern, minimal, light, grid, pricing-cards, structured",7
Lapa Ninja (Post),Studio Ouam,https://www.lapa.ninja/post/studioouam-2/,https://cdn.lapa.ninja/assets/images/1x/studioouam-06-03-2021-thumb.webp,"[""#000000"", ""#ffffff""]","{""#000000"": 0.4998, ""#ffffff"": 0.4809}",#000000,dark neutral,"large typography, sidebar, icon list, rounded buttons, pricing cards, logo","modern, creative, minimal",0.75,Modern layout with dark neutral tones featuring large typography and rounded buttons.,"modern, minimal, dark, typography, rounded-buttons, creative",1
Lapa Ninja (Post),Marshmallow,https://www.lapa.ninja/post/marshmallow-2/,https://cdn.lapa.ninja/assets/images/1x/marshmallow-06-03-2021-thumb.webp,"[""#fdf9f6""]","{""#fdf9f6"": 0.9488}",#fdf9f6,light neutral,"pricing cards, feature list, video background, sidebar, rounded buttons, grid layout","minimal, cool, trustworthy",0.75,Minimal grid layout with light neutral background and rounded buttons for pricing cards.,"minimal, grid, light, rounded-buttons, pricing-cards, video-background",7
Lapa Ninja (Post),iET SA,https://www.lapa.ninja/post/iet/,https://cdn.lapa.ninja/assets/images/1x/iet-thumb.webp,"[""#fc702b"", ""#f8f8f8""]","{""#fc702b"": 0.4036, ""#f8f8f8"": 0.3121}",#fc702b,bright orange,"sidebar, rounded buttons, large typography, search bar, grid layout, pricing cards","professional, minimal, modern",0.7,Professional grid layout with bright orange pricing cards and large typography.,"professional, minimal, bright-orange, grid, rounded-buttons, typography",7
Lapa Ninja (Post),Flyby,https://www.lapa.ninja/post/flyby/,https://cdn.lapa.ninja/assets/images/1x/flyby-thumb.webp,"[""#ffffff"", ""#dfe1e5""]","{""#ffffff"": 0.7685, ""#dfe1e5"": 0.1437}",#ffffff,light neutral,"pricing cards, large typography, sidebar, video background, data table, cta button","cool, minimal, professional",0.75,Minimal layout with light neutral background and prominent pricing cards.,"minimal, professional, light, pricing-cards, sidebar, video-background",7
Lapa Ninja (Post),Ujjo,https://www.lapa.ninja/post/ujjo/,https://cdn.lapa.ninja/assets/images/1x/ujjo-thumb.webp,"[""#fcfbf8"", ""#6e584d""]","{""#fcfbf8"": 0.4785, ""#6e584d"": 0.1422}",#fcfbf8,light neutral,"sidebar, large typography, grid layout, pricing cards, rounded buttons, testimonial","cool, creative, friendly",0.74,Creative grid layout with light neutral background and large typography elements.,"cool, friendly, grid, large-typography, sidebar, rounded-buttons",3
Lapa Ninja (Post),Big Mail,https://www.lapa.ninja/post/getbigmail/,https://cdn.lapa.ninja/assets/images/1x/getbigmail-thumb.webp,"[""#fcfcfd"", ""#d2d1d1""]","{""#fcfcfd"": 0.7586, ""#d2d1d1"": 0.0737}",#fcfcfd,light neutral,"rounded buttons, sidebar, search bar, large typography, feature list, icon list","modern, minimal, futuristic",0.75,Modern layout with light neutral background and prominent sidebar for navigation.,"modern, minimal, light, sidebar, rounded-buttons, typography",1
Lapa Ninja (Post),OpenWeb,https://www.lapa.ninja/post/openweb/,https://cdn.lapa.ninja/assets/images/1x/openweb-thumb.webp,"[""#f2eae8""]","{""#f2eae8"": 0.931}",#f2eae8,light neutral,"rounded buttons, sidebar, large typography, footer, grid layout, feature list","modern, minimal, cool",0.75,Modern grid layout with light neutral tones and large typography elements.,"modern, minimal, light, grid, typography, rounded-buttons, sidebar",3
Lapa Ninja (Post),General Irving,https://www.lapa.ninja/post/generalirving/,https://cdn.lapa.ninja/assets/images/1x/generalirving-thumb.webp,"[""#4a2c33"", ""#e4e7f2""]","{""#4a2c33"": 0.6583, ""#e4e7f2"": 0.1346}",#4a2c33,dark muted red,"sidebar, feature list, pricing cards, video background, grid layout, icon list","retro, cool, creative",0.75,Retro grid layout with dark muted red sidebar and video background.,"retro, cool, dark-red, grid, creative, sidebar",6
Lapa Ninja (Post),Empower,https://www.lapa.ninja/post/empower/,https://cdn.lapa.ninja/assets/images/1x/empower-thumb.webp,"[""#ffffff"", ""#f8d8c9""]","{""#ffffff"": 0.7535, ""#f8d8c9"": 0.1038}",#ffffff,light neutral,"rounded buttons, large typography, grid layout, pricing cards, sidebar, footer","modern, minimal, futuristic",0.75,Modern grid layout with light neutral background and large typography.,"modern, minimal, light, grid, typography, rounded-buttons, pricing-cards",3
Lapa Ninja (Post),Hopin,https://www.lapa.ninja/post/hopin/,https://cdn.lapa.ninja/assets/images/1x/hopin-thumb.webp,"[""#295ce4"", ""#fbfcfd""]","{""#295ce4"": 0.2392, ""#fbfcfd"": 0.6538}",#295ce4,bright blue,"grid layout, split screen, rounded buttons, avatar, sidebar, search bar","modern, minimal, futuristic",0.62,Modern split screen layout with bright blue accents and rounded buttons.,"modern, minimal, bright-blue, grid, rounded-buttons, sidebar, futuristic",0
Lapa Ninja (Post),Jean Xincong He,https://www.lapa.ninja/post/jeanxhe/,https://cdn.lapa.ninja/assets/images/1x/jeanxhe-thumb.webp,"[""#12121d"", ""#f7e9dd""]","{""#12121d"": 0.7934, ""#f7e9dd"": 0.0792}",#12121d,dark muted blue,"video background, sidebar, feature list, avatar, grid layout, footer","modern, futuristic, luxury",0.75,Modern grid layout with dark muted blue video background and a structured sidebar.,"modern, grid, dark-muted-blue, video-background, sidebar, luxury",6
Lapa Ninja (Post),Hayden Bleasel,https://www.lapa.ninja/post/haydenbleasel-2/,https://cdn.lapa.ninja/assets/images/1x/haydenbleasel-06-01-2021-thumb.webp,"[""#101213"", ""#212736""]","{""#101213"": 0.792, ""#212736"": 0.0958}",#101213,dark neutral,"rounded buttons, grid layout, top navigation, feature list, sidebar, large typography","futuristic, modern, professional",0.75,Modern grid layout with dark neutral tones and large typography.,"modern, professional, dark, grid, rounded-buttons, typography",4
Lapa Ninja (Post),Perturbator,https://www.lapa.ninja/post/perturbator/,https://cdn.lapa.ninja/assets/images/1x/perturbator-thumb.webp,"[""#070306"", ""#c1c1c0""]","{""#070306"": 0.4481, ""#c1c1c0"": 0.2207}",#070306,dark neutral,"video background, logo, sidebar, top navigation, hero image, icon list","retro, warm, serious",0.72,Dark neutral layout featuring a video background with a prominent hero image and top navigation.,"retro, serious, dark, video-background, hero, sidebar, navigation",6
Lapa Ninja (Post),Anagram Club,https://www.lapa.ninja/post/anagram/,https://cdn.lapa.ninja/assets/images/1x/anagram-thumb.webp,"[""#0c0c0c"", ""#f6f0f0""]","{""#0c0c0c"": 0.5748, ""#f6f0f0"": 0.2486}",#0c0c0c,dark neutral,"grid layout, sidebar, search bar, feature list, rounded buttons, pricing cards","modern, minimal, futuristic",0.75,Modern grid layout with dark neutral tones and rounded buttons.,"modern, minimal, dark, grid, rounded-buttons, sidebar, pricing-cards",2
Lapa Ninja (Post),Amy Lima,https://www.lapa.ninja/post/amylima/,https://cdn.lapa.ninja/assets/images/1x/amylima-thumb.webp,"[""#fef6f0"", ""#d1d2e7""]","{""#fef6f0"": 0.8108, ""#d1d2e7"": 0.082}",#fef6f0,light neutral,"grid layout, large typography, rounded buttons, sidebar, pricing cards, feature list","minimal, modern, cool",0.75,Minimal grid layout with light neutral tones and large typography.,"minimal, modern, light, grid, typography, rounded-buttons, sidebar",3
Lapa Ninja (Post),Sandland,https://www.lapa.ninja/post/sandlandsleep/,https://cdn.lapa.ninja/assets/images/1x/sandlandsleep-thumb.webp,"[""#f4f1ea"", ""#a999b2""]","{""#f4f1ea"": 0.5754, ""#a999b2"": 0.1831}",#f4f1ea,light neutral,"sidebar, pricing cards, large typography, rounded buttons, feature list, footer","minimal, modern, retro",0.75,Minimal layout with light neutral background and large typography for emphasis.,"minimal, modern, light, typography, sidebar, pricing-cards, rounded-buttons",1
Lapa Ninja (Post),PlanetScale,https://www.lapa.ninja/post/planetscale/,https://cdn.lapa.ninja/assets/images/1x/planetscale-thumb.webp,"[""#fdfdfd""]","{""#fdfdfd"": 0.9568}",#fdfdfd,light neutral,"data table, rounded buttons, feature list, grid layout, sidebar, search bar","modern, minimal, futuristic",0.75,Modern grid layout with light neutral background and rounded buttons.,"modern, minimal, light, grid, rounded-buttons, data-table",2
Lapa Ninja (Post),Steven Taylor,https://www.lapa.ninja/post/steventaylor/,https://cdn.lapa.ninja/assets/images/1x/steventaylor-thumb.webp,"[""#f5f6f6"", ""#1b1a19""]","{""#f5f6f6"": 0.6596, ""#1b1a19"": 0.1438}",#f5f6f6,light neutral,"sidebar, grid layout, avatar, video background, feature list, icon list","minimal, modern, artistic",0.75,Minimal grid layout with light neutral background and a prominent sidebar.,"minimal, modern, light, grid, sidebar, artistic",3
Lapa Ninja (Post),A Message from Earth,https://www.lapa.ninja/post/amessagefromearth/,https://cdn.lapa.ninja/assets/images/1x/amessagefromearth-thumb.webp,"[""#000000""]","{""#000000"": 0.9706}",#000000,dark neutral,"large typography, sidebar, video background, icon list, feature list, form","minimal, professional, friendly",0.75,Minimal layout with dark neutral background featuring large typography and a video background.,"minimal, professional, dark, typography, video, layout",6
Lapa Ninja (Post),Jon Yablonski,https://www.lapa.ninja/post/jonyablonski-2/,https://cdn.lapa.ninja/assets/images/1x/jonyablonski-05-23-2021-thumb.webp,"[""#151617"", ""#e9e7d6""]","{""#151617"": 0.8026, ""#e9e7d6"": 0.0615}",#151617,dark gray,"grid layout, feature list, icon list, large typography, rounded buttons, sidebar","modern, futuristic, minimal",0.75,Modern grid layout with dark gray background and large typography.,"modern, grid, dark-gray, minimal, typography, rounded-buttons",4
Lapa Ninja (Post),Provider Store,https://www.lapa.ninja/post/providerstore/,https://cdn.lapa.ninja/assets/images/1x/providerstore-thumb.webp,"[""#e6e4e0"", ""#b6b2a9""]","{""#e6e4e0"": 0.455, ""#b6b2a9"": 0.293}",#e6e4e0,light muted orange,"rounded buttons, grid layout, form, icon list, feature list, footer","minimal, modern, artistic",0.73,Minimal grid layout with light muted orange accents and rounded buttons.,"minimal, modern, light, grid, rounded-buttons, artistic, clean",2
Lapa Ninja (Post),June,https://www.lapa.ninja/post/june/,https://cdn.lapa.ninja/assets/images/1x/june-thumb.webp,"[""#fffefe"", ""#e3dfed""]","{""#fffefe"": 0.8612, ""#e3dfed"": 0.109}",#fffefe,light neutral,"top navigation, rounded buttons, feature list, grid layout, data table, search bar","modern, minimal, cool",0.75,Modern grid layout with light neutral background and rounded buttons.,"modern, minimal, light, grid, rounded-buttons, feature-list",2
Lapa Ninja (Post),Doug Alves,https://www.lapa.ninja/post/dougalves/,https://cdn.lapa.ninja/assets/images/1x/dougalves-thumb.webp,"[""#16120d"", ""#d9d3ce""]","{""#16120d"": 0.7248, ""#d9d3ce"": 0.1086}",#16120d,dark neutral,"large typography, grid layout, icon list, feature list, rounded buttons, sidebar","modern, minimal, cool",0.75,Modern grid layout with dark neutral tones and large typography.,"modern, minimal, dark, grid, typography, rounded-buttons",4
Lapa Ninja (Post),Gather,https://www.lapa.ninja/post/gather-town/,https://cdn.lapa.ninja/assets/images/1x/gather-town-thumb.webp,"[""#ced6e9"", ""#fdfdfe""]","{""#ced6e9"": 0.2583, ""#fdfdfe"": 0.2274}",#ced6e9,light bright blue,"grid layout, split screen, rounded buttons, footer, large typography, video background","modern, creative, minimal",0.63,Modern split screen layout with light bright blue background and large typography.,"modern, creative, minimal, grid, rounded-buttons, video-background",5
Lapa Ninja (Post),Extra Vitamins,https://www.lapa.ninja/post/extra-vitamins/,https://cdn.lapa.ninja/assets/images/1x/extra-vitamins-thumb.webp,"[""#879fc0"", ""#ecf3f3""]","{""#879fc0"": 0.3212, ""#ecf3f3"": 0.2232}",#879fc0,muted blue,"pricing cards, video background, sidebar, feature list, card list, large typography","vibrant, cool, retro",0.66,Vibrant layout with muted blue pricing cards and large typography.,"vibrant, cool, muted-blue, retro, cards, typography",7
Lapa Ninja (Post),Sésame,https://www.lapa.ninja/post/supersesame/,https://cdn.lapa.ninja/assets/images/1x/supersesame-thumb.webp,"[""#dedae5"", ""#fefefe""]","{""#dedae5"": 0.2151, ""#fefefe"": 0.5718}",#dedae5,light muted purple,"rounded buttons, sidebar, footer, search bar, feature list, large typography","cool, friendly, minimal",0.61,Minimal layout with light muted purple sidebar and large typography.,"minimal, friendly, light, sidebar, rounded-buttons, typography",1
Lapa Ninja (Post),Solitario,https://www.lapa.ninja/post/solitario-studio/,https://cdn.lapa.ninja/assets/images/1x/solitario-studio-thumb.webp,"[""#feefdc""]","{""#feefdc"": 0.9651}",#feefdc,light neutral,"large typography, feature list, sidebar, two-column layout, search bar, grid layout","modern, futuristic, cool",0.75,Modern two-column layout with light neutral background and large typography.,"modern, two-column, light, typography, grid, sidebar",1
Lapa Ninja (Post),Overlooked Ventures,https://www.lapa.ninja/post/overlookedventures/,https://cdn.lapa.ninja/assets/images/1x/overlookedventures-thumb.webp,"[""#070d11"", ""#0c2118""]","{""#070d11"": 0.4841, ""#0c2118"": 0.3826}",#070d11,dark neutral,"large typography, sidebar, split screen, video background, form, footer","friendly, luxury, serious",0.74,Serious split screen layout with dark neutral tones and large typography.,"serious, split-screen, dark-neutral, large-typography, video-background, friendly",5
Lapa Ninja (Post),Instrument,https://www.lapa.ninja/post/instrument-4/,https://cdn.lapa.ninja/assets/images/1x/instrument-05-19-2021-thumb.webp,"[""#000000"", ""#d6a25d""]","{""#000000"": 0.6258, ""#d6a25d"": 0.2755}",#000000,dark neutral,"rounded buttons, cta button, search bar, sidebar, feature list, footer","modern, minimal, futuristic",0.75,Modern layout with dark neutral tones featuring rounded buttons and a prominent sidebar.,"modern, minimal, dark, rounded-buttons, sidebar, futuristic",1
Lapa Ninja (Post),Figlia,https://www.lapa.ninja/post/drinkfiglia/,https://cdn.lapa.ninja/assets/images/1x/drinkfiglia-thumb.webp,"[""#efeae7"", ""#dec8b6""]","{""#efeae7"": 0.4563, ""#dec8b6"": 0.2806}",#efeae7,light muted orange,"large typography, grid layout, rounded buttons, sidebar, form, pricing cards","cool, minimal, bold",0.73,Minimal grid layout with light muted orange typography and rounded buttons.,"minimal, grid, light-muted-orange, bold, typography, rounded-buttons",4
Lapa Ninja (Post),Made by Nacho,https://www.lapa.ninja/post/madebynacho/,https://cdn.lapa.ninja/assets/images/1x/madebynacho-thumb.webp,"[""#720c44"", ""#311124""]","{""#720c44"": 0.4698, ""#311124"": 0.3616}",#720c44,dark bright magenta,"pricing cards, sidebar, grid layout, feature list, footer, large typography","creative, professional, artistic",0.73,Creative grid layout with dark bright magenta pricing cards and large typography.,"creative, professional, dark-bright-magenta, grid, pricing-cards, large-typography",7
Lapa Ninja (Post),REPENTANCE,https://www.lapa.ninja/post/repentanceclo/,https://cdn.lapa.ninja/assets/images/1x/repentanceclo-thumb.webp,"[""#f6f6f6"", ""#141314""]","{""#f6f6f6"": 0.8292, ""#141314"": 0.0959}",#f6f6f6,light neutral,"icon list, feature list, rounded buttons, grid layout, sidebar, footer","minimal, luxury, modern",0.75,Minimal grid layout with light neutral background and dark rounded buttons.,"minimal, modern, light, grid, rounded-buttons, luxury, sidebar",2
Lapa Ninja (Post),Miro.design,https://www.lapa.ninja/post/miro-design/,https://cdn.lapa.ninja/assets/images/1x/miro-design-thumb.webp,"[""#fafafa"", ""#fdcd36""]","{""#fafafa"": 0.6062, ""#fdcd36"": 0.132}",#fafafa,light neutral,"grid layout, sidebar, large typography, two-column layout, footer, form","modern, cool, bold",0.75,Modern two-column layout with light neutral background and bold large typography.,"modern, grid, light, bold, typography, sidebar, footer",1
Lapa Ninja (Post),Shortcuts.design,https://www.lapa.ninja/post/shortcuts-design-2/,https://cdn.lapa.ninja/assets/images/1x/shortcuts-design-05-19-2021-thumb.webp,"[""#0e1524"", ""#6559fd""]","{""#0e1524"": 0.8727, ""#6559fd"": 0.0898}",#0e1524,dark bright blue,"icon list, feature list, rounded buttons, grid layout, sidebar, data table","modern, minimal, futuristic",0.75,Modern grid layout with dark bright blue sidebar and rounded buttons.,"modern, minimal, dark-blue, grid, rounded-buttons, sidebar, futuristic",2
Lapa Ninja (Post),Lovebug Pet Food,https://www.lapa.ninja/post/lovebugpetfood/,https://cdn.lapa.ninja/assets/images/1x/lovebugpetfood-thumb.webp,"[""#3d4162"", ""#04a5ad""]","{""#3d4162"": 0.4295, ""#04a5ad"": 0.3407}",#3d4162,muted blue,"pricing cards, sidebar, footer, rounded buttons, large typography, feature list","luxury, cool, creative",0.71,Luxury layout with muted blue pricing cards and large typography.,"luxury, cool, muted-blue, pricing-cards, rounded-buttons, creative",7
Lapa Ninja (Post),Moonlight,https://www.lapa.ninja/post/wearemoonlight/,https://cdn.lapa.ninja/assets/images/1x/wearemoonlight-thumb.webp,"[""#070606"", ""#98674c""]","{""#070606"": 0.7853, ""#98674c"": 0.0798}",#070606,dark neutral,"sidebar, icon list, video background, large typography, rounded buttons, split screen","minimal, modern, artistic",0.75,Minimal split screen layout with dark neutral background and large typography.,"minimal, modern, dark, typography, split-screen, rounded-buttons",5
Lapa Ninja (Post),Roadmap,https://www.lapa.ninja/post/onroadmap-4/,https://cdn.lapa.ninja/assets/images/1x/onroadmap-05-16-2021-thumb.webp,"[""#ffffff"", ""#060606""]","{""#ffffff"": 0.9052, ""#060606"": 0.0517}",#ffffff,light neutral,"sidebar, feature list, top navigation, rounded buttons, carousel, pricing cards","professional, modern, serious",0.75,Professional layout with dark accents featuring a sidebar and rounded buttons.,"professional, modern, dark, sidebar, rounded-buttons, serious, layout",1
Lapa Ninja (Post),ATID,https://www.lapa.ninja/post/atid/,https://cdn.lapa.ninja/assets/images/1x/atid-thumb.webp,"[""#4f525b"", ""#fdfdfd""]","{""#4f525b"": 0.2372, ""#fdfdfd"": 0.4135}",#4f525b,muted gray,"grid layout, rounded buttons, large typography, search bar, sidebar, icon list","minimal, futuristic, modern",0.62,Minimal grid layout with muted gray tones and large typography elements.,"minimal, modern, muted-gray, grid, typography, rounded-buttons",4
Lapa Ninja (Post),CraieCraie,https://www.lapa.ninja/post/craiecraie/,https://cdn.lapa.ninja/assets/images/1x/craiecraie-thumb.webp,"[""#fefbfa"", ""#d5cec8""]","{""#fefbfa"": 0.717, ""#d5cec8"": 0.1261}",#fefbfa,light neutral,"grid layout, rounded buttons, large typography, split screen, two-column layout, feature list","modern, luxury, cool",0.75,Modern split screen layout with light neutral tones and large typography.,"modern, luxury, grid, rounded-buttons, typography, two-column",0
Lapa Ninja (Post),George Kedenburg III,https://www.lapa.ninja/post/gk3/,https://cdn.lapa.ninja/assets/images/1x/gk3-thumb.webp,"[""#d4e1ff"", ""#ca077f""]","{""#d4e1ff"": 0.6191, ""#ca077f"": 0.349}",#d4e1ff,light bright blue,"video background, feature list, rounded buttons, grid layout, pricing cards, icon list","modern, cool, professional",0.75,Modern grid layout with light bright blue video background and rounded buttons.,"modern, grid, light-blue, video-background, rounded-buttons, professional",6
Lapa Ninja (Post),Prism Data,https://www.lapa.ninja/post/prismdata/,https://cdn.lapa.ninja/assets/images/1x/prismdata-thumb.webp,"[""#0b0908"", ""#bc1e43""]","{""#0b0908"": 0.7331, ""#bc1e43"": 0.0983}",#0b0908,dark neutral,"rounded buttons, pricing cards, large typography, search bar, video background, sidebar","modern, futuristic, vibrant",0.75,Modern layout with dark neutral background featuring large typography and rounded buttons.,"modern, dark, rounded-buttons, large-typography, sidebar, vibrant",1
Lapa Ninja (Post),Lina Forsgren,https://www.lapa.ninja/post/linaforsgren/,https://cdn.lapa.ninja/assets/images/1x/linaforsgren-thumb.webp,"[""#e6e1da"", ""#0d0c0b""]","{""#e6e1da"": 0.5919, ""#0d0c0b"": 0.2007}",#e6e1da,light muted orange,"grid layout, large typography, pricing cards, sidebar, rounded buttons, icon list","modern, artistic, cool",0.75,Modern grid layout with light muted orange typography and rounded buttons.,"modern, grid, light-muted-orange, typography, rounded-buttons, artistic",7
Lapa Ninja (Post),Sunday,https://www.lapa.ninja/post/sundayapp/,https://cdn.lapa.ninja/assets/images/1x/sundayapp-thumb.webp,"[""#fefefe"", ""#926755""]","{""#fefefe"": 0.7591, ""#926755"": 0.0775}",#fefefe,light neutral,"pricing cards, sidebar, large typography, grid layout, hero image, split screen","professional, modern, bold",0.75,Professional split screen layout with bold typography and neutral pricing cards.,"professional, modern, neutral, grid, sidebar, hero-image",7
Lapa Ninja (Post),Marco Calignano,https://www.lapa.ninja/post/marcocalignano/,https://cdn.lapa.ninja/assets/images/1x/marcocalignano-thumb.webp,"[""#010001""]","{""#010001"": 0.8679}",#010001,dark neutral,"large typography, rounded buttons, split screen, feature list, sidebar, top navigation","modern, artistic, minimal",0.75,Modern split screen layout with dark neutral tones and large typography.,"modern, minimal, dark, typography, split-screen, rounded-buttons",0
Lapa Ninja (Post),Mixcloud,https://www.lapa.ninja/post/mixcloud-2/,https://cdn.lapa.ninja/assets/images/1x/mixcloud-thumb.webp,"[""#5102fc"", ""#16171f""]","{""#5102fc"": 0.5529, ""#16171f"": 0.2556}",#5102fc,bright blue,"feature list, video background, sidebar, grid layout, rounded buttons, footer","futuristic, cool, modern",0.75,Modern grid layout with bright blue video background and rounded buttons.,"modern, grid, bright-blue, video-background, rounded-buttons, futuristic",6
Lapa Ninja (Post),arcarta,https://www.lapa.ninja/post/arcarta/,https://cdn.lapa.ninja/assets/images/1x/arcarta-thumb.webp,"[""#fef7ed""]","{""#fef7ed"": 0.9272}",#fef7ed,light neutral,"rounded buttons, large typography, grid layout, sidebar, top navigation, footer","modern, minimal, friendly",0.75,Modern grid layout with light neutral background and large typography.,"modern, minimal, light, grid, friendly, rounded-buttons",3
Lapa Ninja (Post),The Werk,https://www.lapa.ninja/post/thewerk/,https://cdn.lapa.ninja/assets/images/1x/thewerk-thumb.webp,"[""#ede8d9"", ""#feffff""]","{""#ede8d9"": 0.3288, ""#feffff"": 0.4146}",#ede8d9,light bright orange,"rounded buttons, sidebar, grid layout, large typography, split screen, centered hero","minimal, modern, cool",0.66,Minimal grid layout with light bright orange sidebar and large typography.,"minimal, modern, light, grid, rounded-buttons, sidebar, typography",4
Lapa Ninja (Post),Thierry Ambraisse,https://www.lapa.ninja/post/thierryambraisse/,https://cdn.lapa.ninja/assets/images/1x/thierryambraisse-thumb.webp,"[""#ebece7""]","{""#ebece7"": 0.9335}",#ebece7,light muted green,"large typography, feature list, icon list, sidebar, search bar, grid layout","modern, minimal, trustworthy",0.75,Modern grid layout with light muted green typography and a prominent sidebar.,"modern, minimal, light, grid, sidebar, trustworthy",4
Lapa Ninja (Post),George Francis,https://www.lapa.ninja/post/georgefrancis/,https://cdn.lapa.ninja/assets/images/1x/georgefrancis-thumb.webp,"[""#fdfdfe""]","{""#fdfdfe"": 0.9188}",#fdfdfe,light neutral,"grid layout, rounded buttons, feature list, pricing cards, large typography, sidebar","minimal, modern, professional",0.75,Minimal grid layout with light neutral tones and large typography.,"minimal, modern, professional, grid, typography, rounded-buttons",3
Lapa Ninja (Post),Polywork,https://www.lapa.ninja/post/polywork/,https://cdn.lapa.ninja/assets/images/1x/polywork-thumb.webp,"[""#fc9e4a"", ""#553dde""]","{""#fc9e4a"": 0.4674, ""#553dde"": 0.4359}",#fc9e4a,bright orange,"large typography, video background, sidebar, feature list, search bar, grid layout","minimal, modern, professional",0.73,Modern grid layout with bright orange video background and large typography.,"modern, minimal, bright-orange, grid, professional, video-background",6
Lapa Ninja (Post),Madeleine Dalla,https://www.lapa.ninja/post/madeleinedalla/,https://cdn.lapa.ninja/assets/images/1x/madeleinedalla-thumb.webp,"[""#000000"", ""#fffefe""]","{""#000000"": 0.4328, ""#fffefe"": 0.4875}",#000000,dark neutral,"large typography, video background, sidebar, split screen, icon list, grid layout","modern, artistic, creative",0.72,Modern split screen layout with dark neutral tones and large typography over a video background.,"modern, artistic, dark, split-screen, typography, grid, creative",5
Lapa Ninja (Post),Developments,https://www.lapa.ninja/post/developments/,https://cdn.lapa.ninja/assets/images/1x/developments-thumb.webp,"[""#ffffff"", ""#030303""]","{""#ffffff"": 0.8964, ""#030303"": 0.0749}",#ffffff,light neutral,"large typography, pricing cards, icon list, logo, feature list, rounded buttons","creative, professional, artistic",0.75,Creative layout with light neutral background and large typography for emphasis.,"creative, professional, light, typography, pricing-cards, rounded-buttons",7
Lapa Ninja (Post),Volley,https://www.lapa.ninja/post/drinkvolley/,https://cdn.lapa.ninja/assets/images/1x/drinkvolley-thumb.webp,"[""#363f19"", ""#fffffe""]","{""#363f19"": 0.2411, ""#fffffe"": 0.5797}",#363f19,dark bright green,"grid layout, video background, sidebar, large typography, footer, split screen","creative, artistic, modern",0.62,Creative split screen layout with dark bright green video background and large typography.,"creative, modern, dark-green, grid, video-background, artistic, typography",5
Lapa Ninja (Post),Oberlo,https://www.lapa.ninja/post/oberlo/,https://cdn.lapa.ninja/assets/images/1x/oberlo-thumb.webp,"[""#cdd4da"", ""#fafafb""]","{""#cdd4da"": 0.2483, ""#fafafb"": 0.5634}",#cdd4da,muted blue,"rounded buttons, sidebar, pricing cards, grid layout, large typography, video background","modern, professional, cool",0.62,Modern grid layout with muted blue sidebar and rounded buttons.,"modern, professional, muted-blue, grid, rounded-buttons, pricing-cards",7
Lapa Ninja (Post),Reform,https://www.lapa.ninja/post/reform-property/,https://cdn.lapa.ninja/assets/images/1x/reform-property-thumb.webp,"[""#e7e7e4"", ""#2e3422""]","{""#e7e7e4"": 0.5728, ""#2e3422"": 0.1427}",#e7e7e4,light gray,"form, two-column layout, sidebar, large typography, logo, illustration","modern, luxury, cool",0.75,Modern two-column layout with light gray background and large typography elements.,"modern, luxury, light-gray, two-column, typography, illustration",1
Lapa Ninja (Post),Hidden Valley,https://www.lapa.ninja/post/hiddenvalley/,https://cdn.lapa.ninja/assets/images/1x/hiddenvalley-thumb.webp,"[""#fefefe"", ""#dac7c3""]","{""#fefefe"": 0.6994, ""#dac7c3"": 0.086}",#fefefe,light neutral,"sidebar, rounded buttons, grid layout, pricing cards, footer, large typography","creative, professional, retro",0.75,Creative grid layout with light neutral tones and large typography elements.,"creative, professional, light, grid, typography, retro, rounded-buttons",3
Lapa Ninja (Post),Le Bibent,https://www.lapa.ninja/post/lebibent/,https://cdn.lapa.ninja/assets/images/1x/lebibent-thumb.webp,"[""#f2ede6"", ""#c2253f""]","{""#f2ede6"": 0.3601, ""#c2253f"": 0.3229}",#f2ede6,light neutral,"large typography, grid layout, two-column layout, icon list, pricing cards, video background","modern, minimal, elegant",0.68,Modern two-column grid layout with light neutral background and large typography.,"modern, minimal, light, grid, elegant, typography",3
Lapa Ninja (Post),Wisr,https://www.lapa.ninja/post/wisr/,https://cdn.lapa.ninja/assets/images/1x/wisr-thumb.webp,"[""#7abcb2"", ""#f2e176""]","{""#7abcb2"": 0.4413, ""#f2e176"": 0.3807}",#7abcb2,muted teal,"large typography, split screen, video background, sidebar, cta button, rounded buttons","creative, futuristic, trustworthy",0.72,Creative split screen layout with muted teal video background and large typography.,"creative, split-screen, muted-teal, video-background, large-typography, rounded-buttons",5
Lapa Ninja (Post),Loop Returns,https://www.lapa.ninja/post/loopreturns/,https://cdn.lapa.ninja/assets/images/1x/loopreturns-thumb.webp,"[""#fefffe"", ""#050507""]","{""#fefffe"": 0.8758, ""#050507"": 0.0514}",#fefffe,light neutral,"large typography, sidebar, two-column layout, rounded buttons, form, pricing cards","modern, retro, futuristic",0.75,Modern two-column layout with dark accents and large typography.,"modern, two-column, dark, typography, rounded-buttons, pricing-cards",1
Lapa Ninja (Post),Details of war,https://www.lapa.ninja/post/detailsofwar/,https://cdn.lapa.ninja/assets/images/1x/detailsofwar-thumb.webp,"[""#edeee9""]","{""#edeee9"": 0.8866}",#edeee9,light neutral,"rounded buttons, avatar, sidebar, icon list, grid layout, large typography","minimal, warm, elegant",0.75,Minimal grid layout with light neutral tones and rounded buttons.,"minimal, warm, elegant, grid, rounded-buttons, typography",2
Lapa Ninja (Post),Adetomiwa Isiaka,https://www.lapa.ninja/post/adetomiwa/,https://cdn.lapa.ninja/assets/images/1x/adetomiwa-thumb.webp,"[""#f6efe4"", ""#d8cebe""]","{""#f6efe4"": 0.8221, ""#d8cebe"": 0.0616}",#f6efe4,light neutral,"sidebar, rounded buttons, data table, search bar, avatar, feature list","minimal, modern, professional",0.75,Minimal layout with light neutral tones featuring a sidebar and rounded buttons.,"minimal, modern, professional, light, sidebar, rounded-buttons, data-table",1
Lapa Ninja (Post),FLATLIST,https://www.lapa.ninja/post/flatlisteyewear/,https://cdn.lapa.ninja/assets/images/1x/flatlisteyewear-thumb.webp,"[""#0a0907"", ""#fefefe""]","{""#0a0907"": 0.3671, ""#fefefe"": 0.3018}",#0a0907,dark neutral,"sidebar, centered hero, avatar, split screen, hero image, video background","modern, professional, futuristic",0.68,Modern split screen layout with dark neutral hero and centered avatar.,"modern, professional, dark-neutral, split-screen, hero, avatar",5
Lapa Ninja (Post),Feels,https://www.lapa.ninja/post/feels-app/,https://cdn.lapa.ninja/assets/images/1x/feels-app-thumb.webp,"[""#020101"", ""#785947""]","{""#020101"": 0.528, ""#785947"": 0.1378}",#020101,dark neutral,"sidebar, split screen, grid layout, feature list, search bar, video background","modern, cool, friendly",0.75,Modern split screen layout with dark neutral background and a prominent sidebar.,"modern, split-screen, dark-neutral, grid, friendly, sidebar",5
Lapa Ninja (Post),Rich Minority,https://www.lapa.ninja/post/richminority/,https://cdn.lapa.ninja/assets/images/1x/richminority-thumb.webp,"[""#050504"", ""#292927""]","{""#050504"": 0.3614, ""#292927"": 0.3143}",#050504,dark neutral,"sidebar, grid layout, avatar, large typography, feature list, video background","minimal, modern, bold",0.68,Minimal grid layout with dark neutral background and large typography elements.,"minimal, modern, dark, grid, typography, sidebar, bold",4
Lapa Ninja (Post),Robert Mayer,https://www.lapa.ninja/post/mayerr/,https://cdn.lapa.ninja/assets/images/1x/mayerr-thumb.webp,"[""#110f11"", ""#2f2523""]","{""#110f11"": 0.8115, ""#2f2523"": 0.1308}",#110f11,dark neutral,"large typography, rounded buttons, pricing cards, footer, icon list, form","modern, professional, futuristic",0.75,Modern layout with dark neutral tones featuring large typography and rounded buttons.,"modern, professional, dark-neutral, typography, rounded-buttons, pricing-cards, footer",1
Lapa Ninja (Post),Typeverything,https://www.lapa.ninja/post/typeverything/,https://cdn.lapa.ninja/assets/images/1x/typeverything-thumb.webp,"[""#ffffff"", ""#020202""]","{""#ffffff"": 0.874, ""#020202"": 0.0502}",#ffffff,light neutral,"large typography, icon list, feature list, rounded buttons, grid layout, sidebar","modern, professional, creative",0.75,Modern grid layout with light neutral background and large typography.,"modern, professional, light, grid, typography, rounded-buttons, sidebar",3
Lapa Ninja (Post),Billi,https://www.lapa.ninja/post/billi/,https://cdn.lapa.ninja/assets/images/1x/billi-thumb.webp,"[""#feffff"", ""#14171a""]","{""#feffff"": 0.7765, ""#14171a"": 0.1303}",#feffff,light neutral,"rounded buttons, large typography, grid layout, sidebar, search bar, feature list","minimal, modern, calm",0.75,Minimal grid layout with light neutral background and large typography.,"minimal, modern, calm, grid, typography, rounded-buttons",3
Lapa Ninja (Post),BIDE,https://www.lapa.ninja/post/bidemarket/,https://cdn.lapa.ninja/assets/images/1x/bidemarket-thumb.webp,"[""#14130f"", ""#f9faf7""]","{""#14130f"": 0.4655, ""#f9faf7"": 0.4354}",#14130f,dark neutral,"large typography, grid layout, form, rounded buttons, video background, feature list","minimal, luxury, modern",0.73,Modern grid layout with dark neutral tones and large typography featuring rounded buttons.,"minimal, luxury, dark, grid, typography, modern, rounded-buttons",4
Lapa Ninja (Post),The Ocean Agency,https://www.lapa.ninja/post/theoceanagency/,https://cdn.lapa.ninja/assets/images/1x/theoceanagency-thumb.webp,"[""#010000"", ""#fefefe""]","{""#010000"": 0.4572, ""#fefefe"": 0.4948}",#010000,dark neutral,"large typography, sidebar, pricing cards, logo, top navigation, avatar","creative, modern, luxury",0.73,Modern layout with dark neutral tones featuring large typography and a prominent sidebar.,"modern, creative, dark-neutral, typography, sidebar, luxury",1
Lapa Ninja (Post),A24,https://www.lapa.ninja/post/a24films/,https://cdn.lapa.ninja/assets/images/1x/a24films-thumb.webp,"[""#14130a"", ""#fcfbfc""]","{""#14130a"": 0.456, ""#fcfbfc"": 0.3474}",#14130a,dark neutral,"split screen, sidebar, rounded buttons, search bar, feature list, grid layout","minimal, modern, bold",0.73,Minimal split screen layout with dark neutral tones and rounded buttons.,"minimal, modern, dark, split-screen, rounded-buttons, grid",0
Lapa Ninja (Post),Joost Huver,https://www.lapa.ninja/post/joosthuver/,https://cdn.lapa.ninja/assets/images/1x/joosthuver-thumb.webp,"[""#0a0a0a"", ""#fcfcfc""]","{""#0a0a0a"": 0.8539, ""#fcfcfc"": 0.1038}",#0a0a0a,dark neutral,"large typography, video background, pricing cards, sidebar, footer, logo","minimal, cool, creative",0.75,Minimal layout with dark neutral tones featuring large typography and a video background.,"minimal, dark, typography, video, creative, layout",6
Lapa Ninja (Post),Taikonauten,https://www.lapa.ninja/post/taikonauten/,https://cdn.lapa.ninja/assets/images/1x/taikonauten-thumb.webp,"[""#faf9fa"", ""#042d48""]","{""#faf9fa"": 0.6626, ""#042d48"": 0.1724}",#faf9fa,light neutral,"large typography, rounded buttons, pricing cards, feature list, form, data table","futuristic, modern, minimal",0.75,Modern layout with light neutral background and large typography elements.,"modern, minimal, light, typography, rounded-buttons, futuristic",1
Lapa Ninja (Post),Enjjoy,https://www.lapa.ninja/post/enjjoy/,https://cdn.lapa.ninja/assets/images/1x/enjjoy-thumb.webp,"[""#fcd03d"", ""#e6aebe""]","{""#fcd03d"": 0.4849, ""#e6aebe"": 0.2629}",#fcd03d,bright yellow,"video background, sidebar, large typography, grid layout, feature list, pricing cards","futuristic, creative, cool",0.74,Creative grid layout with bright yellow video background and large typography.,"futuristic, creative, bright-yellow, grid, video-background, typography",6
Lapa Ninja (Post),my mind,https://www.lapa.ninja/post/mymind/,https://cdn.lapa.ninja/assets/images/1x/mymind-thumb.webp,"[""#f4f4f6"", ""#f8c7b9""]","{""#f4f4f6"": 0.9003, ""#f8c7b9"": 0.0556}",#f4f4f6,light neutral,"search bar, sidebar, large typography, rounded buttons, avatar, footer","minimal, modern, futuristic",0.75,Minimal layout with light neutral tones featuring large typography and rounded buttons.,"minimal, modern, light, typography, rounded-buttons, sidebar, footer",1
Lapa Ninja (Post),Jon Way Studio,https://www.lapa.ninja/post/jonway-studio-2/,https://cdn.lapa.ninja/assets/images/1x/jonway-studio-04-30-2021-thumb.webp,"[""#e3e4e6"", ""#171b1c""]","{""#e3e4e6"": 0.7282, ""#171b1c"": 0.1129}",#e3e4e6,light gray,"large typography, rounded buttons, two-column layout, sidebar, logo, icon list","minimal, modern, futuristic",0.75,Minimal two-column layout with light gray background and large typography.,"minimal, modern, light-gray, two-column, typography, rounded-buttons",1
Lapa Ninja (Post),Super Deluxe,https://www.lapa.ninja/post/superdelux/,https://cdn.lapa.ninja/assets/images/1x/superdelux-thumb.webp,"[""#1e2431"", ""#683fdb""]","{""#1e2431"": 0.8516, ""#683fdb"": 0.0627}",#1e2431,dark muted blue,"rounded buttons, feature list, grid layout, footer, search bar, sidebar","futuristic, modern, cool",0.75,Modern grid layout with dark muted blue theme and rounded buttons.,"modern, grid, dark-blue, rounded-buttons, futuristic, cool",2
Lapa Ninja (Post),Well Traveled,https://www.lapa.ninja/post/welltraveledclub/,https://cdn.lapa.ninja/assets/images/1x/welltraveledclub-thumb.webp,"[""#8d9aa0"", ""#faf8f3""]","{""#8d9aa0"": 0.1864, ""#faf8f3"": 0.4358}",#8d9aa0,muted gray,"rounded buttons, top navigation, grid layout, large typography, feature list, video background","modern, minimal, luxury",0.59,Modern grid layout with muted gray background and large typography.,"modern, minimal, muted-gray, grid, luxury, rounded-buttons",4
Lapa Ninja (Post),Mighty,https://www.lapa.ninja/post/mightyapp/,https://cdn.lapa.ninja/assets/images/1x/mightyapp-thumb.webp,"[""#210836"", ""#4e1c58""]","{""#210836"": 0.6061, ""#4e1c58"": 0.1606}",#210836,dark bright purple,"rounded buttons, search bar, data table, large typography, grid layout, split screen","modern, futuristic, retro",0.75,Modern split screen layout with dark bright purple background and large typography.,"modern, split-screen, dark-purple, rounded-buttons, data-table, futuristic",0
Lapa Ninja (Post),Marla Aaron,https://www.lapa.ninja/post/marlaaaron/,https://cdn.lapa.ninja/assets/images/1x/marlaaaron-thumb.webp,"[""#f5e2d0"", ""#fffffe""]","{""#f5e2d0"": 0.3368, ""#fffffe"": 0.4457}",#f5e2d0,light bright orange,"grid layout, rounded buttons, pricing cards, sidebar, feature list, carousel","luxury, minimal, cool",0.67,Minimal grid layout with light bright orange pricing cards and rounded buttons.,"minimal, luxury, grid, light-orange, rounded-buttons, pricing-cards, sidebar",7
Lapa Ninja (Post),Liist,https://www.lapa.ninja/post/liist/,https://cdn.lapa.ninja/assets/images/1x/liist-thumb.webp,"[""#302f5c"", ""#f8f3ea""]","{""#302f5c"": 0.5023, ""#f8f3ea"": 0.4148}",#302f5c,muted blue,"sidebar, rounded buttons, grid layout, top navigation, search bar, footer","modern, cool, creative",0.75,Modern grid layout with muted blue sidebar and rounded buttons.,"modern, grid, muted-blue, rounded-buttons, sidebar, creative",2
Lapa Ninja (Post),Sabato,https://www.lapa.ninja/post/sabato-studio/,https://cdn.lapa.ninja/assets/images/1x/sabato-studio-thumb.webp,"[""#020101"", ""#fefefe""]","{""#020101"": 0.3192, ""#fefefe"": 0.3416}",#020101,dark neutral,"video background, sidebar, pricing cards, split screen, rounded buttons, large typography","professional, futuristic, modern",0.66,Professional split screen layout with dark neutral video background and large typography.,"professional, modern, dark-neutral, split-screen, video-background, rounded-buttons",5
Lapa Ninja (Post),Everland,https://www.lapa.ninja/post/everland/,https://cdn.lapa.ninja/assets/images/1x/everland-thumb.webp,"[""#0175fd"", ""#efece9""]","{""#0175fd"": 0.4605, ""#efece9"": 0.3184}",#0175fd,bright blue,"large typography, grid layout, sidebar, rounded buttons, video background, avatar","minimal, modern, bold",0.73,Minimal grid layout with bright blue accents and large typography.,"minimal, modern, bold, grid, bright-blue, typography, rounded-buttons",4
Lapa Ninja (Post),Daniel See,https://www.lapa.ninja/post/danielsee/,https://cdn.lapa.ninja/assets/images/1x/danielsee-thumb.webp,"[""#000000"", ""#545659""]","{""#000000"": 0.7345, ""#545659"": 0.0833}",#000000,dark neutral,"video background, sidebar, split screen, icon list, feature list, footer","luxury, professional, modern",0.75,Professional split screen layout with dark neutral video background and sidebar elements.,"modern, luxury, dark, split-screen, video, professional",5
Lapa Ninja (Post),Spotify Jobs,https://www.lapa.ninja/post/spotifyjobs/,https://cdn.lapa.ninja/assets/images/1x/spotifyjobs-thumb.webp,"[""#dd352b"", ""#ffffff""]","{""#dd352b"": 0.382, ""#ffffff"": 0.4732}",#dd352b,bright red,"rounded buttons, large typography, sidebar, grid layout, feature list, pricing cards","minimal, modern, cool",0.69,Minimal grid layout with bright red sidebar and large typography.,"minimal, modern, bright-red, grid, typography, rounded-buttons",7
Lapa Ninja (Post),Over,https://www.lapa.ninja/post/madewithover/,https://cdn.lapa.ninja/assets/images/1x/madewithover-thumb.webp,"[""#f9f9f9""]","{""#f9f9f9"": 0.9389}",#f9f9f9,light neutral,"rounded buttons, grid layout, large typography, feature list, search bar, pricing cards","minimal, modern, futuristic",0.75,Minimal grid layout with light neutral background and large typography.,"minimal, modern, light, grid, typography, clean",3
Lapa Ninja (Post),Good Use,https://www.lapa.ninja/post/gooduse/,https://cdn.lapa.ninja/assets/images/1x/gooduse-thumb.webp,"[""#f7f6eb"", ""#039a77""]","{""#f7f6eb"": 0.4926, ""#039a77"": 0.4178}",#f7f6eb,light neutral,"sidebar, video background, large typography, footer, avatar, search bar","modern, minimal, friendly",0.75,Modern layout with light neutral background and large typography elements.,"modern, minimal, light, friendly, typography, sidebar",1
Lapa Ninja (Post),Rogue Studio Store,https://www.lapa.ninja/post/rogue-studio-store/,https://cdn.lapa.ninja/assets/images/1x/rogue-studio-store-thumb.webp,"[""#060606"", ""#b4a891""]","{""#060606"": 0.69, ""#b4a891"": 0.2674}",#060606,dark neutral,"sidebar, large typography, hero image, feature list, video background, footer","cool, artistic, warm",0.75,Dark neutral layout featuring large typography with a prominent hero image.,"dark, neutral, artistic, modern, hero, sidebar, video-background",6
Lapa Ninja (Post),Inflow,https://www.lapa.ninja/post/inflow/,https://cdn.lapa.ninja/assets/images/1x/inflow-thumb.webp,"[""#fbfbfd""]","{""#fbfbfd"": 0.8776}",#fbfbfd,light neutral,"feature list, sidebar, pricing cards, search bar, rounded buttons, top navigation","modern, minimal, cool",0.75,Modern layout with light neutral tones featuring a sidebar and rounded buttons.,"modern, minimal, light, sidebar, rounded-buttons, pricing-cards",1
Lapa Ninja (Post),The Kitchen,https://www.lapa.ninja/post/thekitchen/,https://cdn.lapa.ninja/assets/images/1x/thekitchen-thumb.webp,"[""#181819"", ""#f4f3ef""]","{""#181819"": 0.7822, ""#f4f3ef"": 0.0914}",#181819,dark gray,"sidebar, footer, grid layout, video background, split screen, large typography","modern, minimal, futuristic",0.75,Modern split screen layout with dark gray video background and large typography.,"modern, minimal, dark-gray, grid, video-background, typography",5
Lapa Ninja (Post),Dreamer Mode,https://www.lapa.ninja/post/dreamermode/,https://cdn.lapa.ninja/assets/images/1x/dreamermode-thumb.webp,"[""#aeb79b"", ""#3a392b""]","{""#aeb79b"": 0.7745, ""#3a392b"": 0.1514}",#aeb79b,muted green,"large typography, feature list, sidebar, video background, split screen, two-column layout","modern, creative, moody",0.75,Modern two-column layout with muted green background and large typography.,"modern, creative, muted-green, two-column, sidebar, video-background",6
Lapa Ninja (Post),Mouthwash Studio,https://www.lapa.ninja/post/mouthwash-studio/,https://cdn.lapa.ninja/assets/images/1x/mouthwash-studio-thumb.webp,"[""#1a1a1a"", ""#fefefe""]","{""#1a1a1a"": 0.8336, ""#fefefe"": 0.1397}",#1a1a1a,dark gray,"large typography, grid layout, feature list, sidebar, logo, data table","minimal, modern, futuristic",0.75,Minimal grid layout with dark gray typography and a prominent feature list.,"minimal, modern, dark-gray, grid, feature-list, typography",4
Lapa Ninja (Post),Gentle Guide,https://www.lapa.ninja/post/gentle-guide/,https://cdn.lapa.ninja/assets/images/1x/gentle-guide-thumb.webp,"[""#d7e1dc"", ""#faf0e9""]","{""#d7e1dc"": 0.4534, ""#faf0e9"": 0.2434}",#d7e1dc,light muted green,"sidebar, avatar, video background, large typography, pricing cards, top navigation","minimal, calm, futuristic",0.73,Minimal layout with light muted green background and large typography elements.,"minimal, calm, light-muted-green, typography, sidebar, futuristic",6
Lapa Ninja (Post),Varun Vachhar,https://www.lapa.ninja/post/varun/,https://cdn.lapa.ninja/assets/images/1x/varun-thumb.webp,"[""#131218"", ""#f7f6f6""]","{""#131218"": 0.8525, ""#f7f6f6"": 0.0879}",#131218,dark muted blue,"grid layout, large typography, pricing cards, feature list, rounded buttons, icon list","minimal, modern, futuristic",0.75,Minimal grid layout with dark muted blue background and large typography.,"minimal, modern, dark-muted-blue, grid, typography, pricing-cards, rounded-buttons",7
Lapa Ninja (Post),Auth0,https://www.lapa.ninja/post/auth0/,https://cdn.lapa.ninja/assets/images/1x/auth0-thumb.webp,"[""#f8f9fa""]","{""#f8f9fa"": 0.8896}",#f8f9fa,light neutral,"rounded buttons, grid layout, feature list, large typography, split screen, sidebar","futuristic, minimal, modern",0.75,Minimal grid layout with light neutral tones and rounded buttons.,"minimal, modern, light, grid, rounded-buttons, futuristic",2
Lapa Ninja (Post),Plus,https://www.lapa.ninja/post/cleanwithplus/,https://cdn.lapa.ninja/assets/images/1x/cleanwithplus-thumb.webp,"[""#e2d0ec"", ""#9fbbfb""]","{""#e2d0ec"": 0.6999, ""#9fbbfb"": 0.1525}",#e2d0ec,light bright purple,"sidebar, pricing cards, large typography, chart, form, testimonial","professional, cool, trustworthy",0.75,Professional layout with light bright purple sidebar and large typography elements.,"professional, cool, light-purple, sidebar, typography, trustworthy",1
Lapa Ninja (Post),Steam Logistics,https://www.lapa.ninja/post/steamlogistics/,https://cdn.lapa.ninja/assets/images/1x/steamlogistics-thumb.webp,"[""#102734"", ""#07151e""]","{""#102734"": 0.8204, ""#07151e"": 0.1469}",#102734,dark bright blue,"top navigation, pricing cards, large typography, feature list, sidebar, data table","modern, minimal, professional",0.75,Modern layout with dark bright blue navigation and large typography elements.,"modern, minimal, professional, dark-blue, navigation, typography",1
Lapa Ninja (Post),The Covid Art Museum,https://www.lapa.ninja/post/covidartmuseum/,https://cdn.lapa.ninja/assets/images/1x/covidartmuseum-thumb.webp,"[""#161616"", ""#fdfdfd""]","{""#161616"": 0.758, ""#fdfdfd"": 0.1528}",#161616,dark gray,"large typography, grid layout, sidebar, icon list, video background, feature list","artistic, modern, minimal",0.75,Modern grid layout with dark gray background and large typography.,"modern, grid, dark-gray, artistic, minimal, typography",4
Lapa Ninja (Post),Playspace,https://www.lapa.ninja/post/play-space/,https://cdn.lapa.ninja/assets/images/1x/play-space-thumb.webp,"[""#3d60fd"", ""#f6f8f8""]","{""#3d60fd"": 0.4522, ""#f6f8f8"": 0.4333}",#3d60fd,bright blue,"sidebar, large typography, video background, split screen, grid layout, feature list","modern, creative, minimal",0.73,Modern split screen layout with bright blue video background and large typography.,"modern, creative, bright-blue, grid, minimal, video-background",5
Lapa Ninja (Post),Baptiste Briel,https://www.lapa.ninja/post/bbriel/,https://cdn.lapa.ninja/assets/images/1x/bbriel-thumb.webp,"[""#000000"", ""#fefefe""]","{""#000000"": 0.7672, ""#fefefe"": 0.1898}",#000000,dark neutral,"icon list, feature list, sidebar, card list, avatar, large typography","professional, cool, modern",0.75,Professional layout with dark neutral tones featuring large typography and a sidebar.,"professional, modern, dark, sidebar, typography, layout",1
Lapa Ninja (Post),TOMAS THAN,https://www.lapa.ninja/post/tomasthan/,https://cdn.lapa.ninja/assets/images/1x/tomasthan-thumb.webp,"[""#738dab"", ""#c3af97""]","{""#738dab"": 0.3317, ""#c3af97"": 0.2155}",#738dab,muted blue,"rounded buttons, form, sidebar, large typography, video background, grid layout","minimal, luxury, elegant",0.67,Minimal grid layout with muted blue background and large typography.,"minimal, luxury, muted-blue, grid, elegant, rounded-buttons",4
Lapa Ninja (Post),FigJam,https://www.lapa.ninja/post/figjam/,https://cdn.lapa.ninja/assets/images/1x/figjam-thumb.webp,"[""#fdfdfe"", ""#9f60f6""]","{""#fdfdfe"": 0.8356, ""#9f60f6"": 0.0794}",#fdfdfe,light neutral,"feature list, video background, footer, form, sidebar, large typography","modern, futuristic, creative",0.75,Modern layout with light neutral background and large typography elements.,"modern, creative, light, typography, sidebar, footer",1
Lapa Ninja (Post),Zmaslo,https://www.lapa.ninja/post/zmaslo/,https://cdn.lapa.ninja/assets/images/1x/zmaslo-thumb.webp,"[""#010101"", ""#e9ebef""]","{""#010101"": 0.8362, ""#e9ebef"": 0.0727}",#010101,dark neutral,"testimonial, sidebar, large typography, video background, search bar, pricing cards","futuristic, cool, professional",0.75,Professional layout with dark neutral tones featuring large typography and a video background.,"professional, futuristic, dark-neutral, large-typography, video-background, sidebar",6
Lapa Ninja (Post),Richard Sancho,https://www.lapa.ninja/post/richardsancho/,https://cdn.lapa.ninja/assets/images/1x/richardsancho-thumb.webp,"[""#ebe0da"", ""#ffffff""]","{""#ebe0da"": 0.1996, ""#ffffff"": 0.4406}",#ebe0da,light muted orange,"rounded buttons, sidebar, large typography, logo, pricing cards, two-column layout","professional, bold, creative",0.6,Professional two-column layout with light muted orange sidebar and large typography.,"professional, bold, light-muted-orange, two-column, rounded-buttons, creative",1
Lapa Ninja (Post),WAOF,https://www.lapa.ninja/post/waof/,https://cdn.lapa.ninja/assets/images/1x/waof-thumb.webp,"[""#020102"", ""#462922""]","{""#020102"": 0.7466, ""#462922"": 0.125}",#020102,dark neutral,"large typography, video background, sidebar, split screen, form, top navigation","futuristic, cool, artistic",0.75,Futuristic split screen layout with dark neutral tones and large typography.,"futuristic, cool, dark-neutral, artistic, split-screen, typography",5
Lapa Ninja (Post),Future Noodles,https://www.lapa.ninja/post/futurenoodles/,https://cdn.lapa.ninja/assets/images/1x/futurenoodles-thumb.webp,"[""#fbe091"", ""#fefefe""]","{""#fbe091"": 0.3178, ""#fefefe"": 0.3795}",#fbe091,bright orange,"pricing cards, feature list, grid layout, footer, rounded buttons, sidebar","luxury, modern, minimal",0.66,Modern grid layout with light orange pricing cards and rounded buttons.,"modern, minimal, grid, light-orange, luxury, rounded-buttons",7
Lapa Ninja (Post),Flow Your Money,https://www.lapa.ninja/post/flowyourmoney/,https://cdn.lapa.ninja/assets/images/1x/flowyourmoney-thumb.webp,"[""#fafcfe""]","{""#fafcfe"": 0.9181}",#fafcfe,light neutral,"rounded buttons, sidebar, footer, pricing cards, form, large typography","modern, minimal, futuristic",0.75,Modern layout with light neutral tones featuring large typography and rounded buttons.,"modern, minimal, light, rounded-buttons, typography, clean",1
Lapa Ninja (Post),Weezy,https://www.lapa.ninja/post/weezy/,https://cdn.lapa.ninja/assets/images/1x/weezy-thumb.webp,"[""#f2f4f1"", ""#0e0d08""]","{""#f2f4f1"": 0.8674, ""#0e0d08"": 0.0639}",#f2f4f1,light neutral,"rounded buttons, sidebar, feature list, grid layout, pricing cards, footer","modern, minimal, friendly",0.75,Modern grid layout with light neutral background and rounded buttons.,"modern, minimal, light, grid, friendly, rounded-buttons",2
Lapa Ninja (Post),Max Kaplun,https://www.lapa.ninja/post/maxkaplun/,https://cdn.lapa.ninja/assets/images/1x/maxkaplun-thumb.webp,"[""#ffffff""]","{""#ffffff"": 0.9279}",#ffffff,light neutral,"sidebar, feature list, icon list, rounded buttons, large typography, pricing cards","modern, professional, futuristic",0.75,Modern layout with light neutral background featuring large typography and rounded buttons.,"modern, professional, light, typography, rounded-buttons, sidebar, pricing-cards",1
Lapa Ninja (Post),MEplace,https://www.lapa.ninja/post/meplace/,https://cdn.lapa.ninja/assets/images/1x/meplace-thumb.webp,"[""#f7dcca"", ""#ffffff""]","{""#f7dcca"": 0.4888, ""#ffffff"": 0.4505}",#f7dcca,light bright orange,"pricing cards, sidebar, grid layout, video background, footer, testimonial","creative, minimal, luxury",0.74,Creative grid layout with light bright orange pricing cards and a video background.,"creative, minimal, light-bright-orange, grid, video-background, luxury",7
Lapa Ninja (Post),Proxy,https://www.lapa.ninja/post/proxy/,https://cdn.lapa.ninja/assets/images/1x/proxy-thumb.webp,"[""#010000"", ""#8f80ad""]","{""#010000"": 0.8322, ""#8f80ad"": 0.0622}",#010000,dark neutral,"video background, sidebar, pricing cards, grid layout, feature list, split screen","futuristic, luxury, professional",0.75,Dark neutral split screen layout with video background and pricing cards.,"futuristic, luxury, professional, grid, sidebar, video-background",5
Lapa Ninja (Post),VVAND,https://www.lapa.ninja/post/vvand/,https://cdn.lapa.ninja/assets/images/1x/vvand-thumb.webp,"[""#fefefe"", ""#e5cda1""]","{""#fefefe"": 0.6833, ""#e5cda1"": 0.1747}",#fefefe,light neutral,"rounded buttons, large typography, sidebar, grid layout, pricing cards, split screen","creative, modern, cool",0.75,Creative grid layout with light neutral background and large typography elements.,"modern, grid, light, rounded-buttons, typography, sidebar, pricing-cards",3
Lapa Ninja (Post),Jonas Reymondin,https://www.lapa.ninja/post/jonasreymondin/,https://cdn.lapa.ninja/assets/images/1x/jonasreymondin-thumb.webp,"[""#d8d8d7"", ""#262924""]","{""#d8d8d7"": 0.8065, ""#262924"": 0.0855}",#d8d8d7,light gray,"large typography, rounded buttons, grid layout, pricing cards, icon list, sidebar","modern, creative, cool",0.75,Modern grid layout with light gray typography and rounded buttons.,"modern, grid, light-gray, rounded-buttons, pricing-cards, creative",7
Lapa Ninja (Post),Pauli & Sisters,https://www.lapa.ninja/post/pauliandsisters/,https://cdn.lapa.ninja/assets/images/1x/pauliandsisters-thumb.webp,"[""#d3cac5"", ""#f3f4f0""]","{""#d3cac5"": 0.4317, ""#f3f4f0"": 0.2743}",#d3cac5,muted orange,"footer, sidebar, pricing cards, rounded buttons, search bar, top navigation","futuristic, creative, playful",0.72,Creative layout with muted orange pricing cards and rounded buttons.,"futuristic, playful, muted-orange, pricing-cards, rounded-buttons, sidebar",7
Lapa Ninja (Post),Funeral,https://www.lapa.ninja/post/funeral-studio/,https://cdn.lapa.ninja/assets/images/1x/funeral-studio-thumb.webp,"[""#020202"", ""#fefcf9""]","{""#020202"": 0.5704, ""#fefcf9"": 0.2264}",#020202,dark neutral,"sidebar, grid layout, large typography, two-column layout, feature list, icon list","modern, futuristic, creative",0.75,Modern two-column grid layout with dark neutral tones and large typography.,"modern, grid, dark, typography, creative, layout",4
Lapa Ninja (Post),Vintageria,https://www.lapa.ninja/post/vintageria/,https://cdn.lapa.ninja/assets/images/1x/vintageria-thumb.webp,"[""#f0f1ef"", ""#0298b9""]","{""#f0f1ef"": 0.4817, ""#0298b9"": 0.179}",#f0f1ef,light neutral,"sidebar, large typography, rounded buttons, split screen, two-column layout, single column","modern, cool, bold",0.74,Modern split screen layout with light neutral background and large typography.,"modern, split-screen, light, bold, typography, rounded-buttons",0
Lapa Ninja (Post),Watermelon,https://www.lapa.ninja/post/watermelon/,https://cdn.lapa.ninja/assets/images/1x/watermelon-thumb.webp,"[""#fefefe""]","{""#fefefe"": 0.9479}",#fefefe,light neutral,"rounded buttons, footer, split screen, feature list, sidebar, cta button","modern, minimal, cool",0.75,Modern split screen layout with light neutral background and rounded buttons.,"modern, minimal, light, split-screen, rounded-buttons, footer",0
Lapa Ninja (Post),Smalls,https://www.lapa.ninja/post/smalls/,https://cdn.lapa.ninja/assets/images/1x/smalls-thumb.webp,"[""#c6b297"", ""#fefefd""]","{""#c6b297"": 0.3235, ""#fefefd"": 0.2959}",#c6b297,muted orange,"footer, rounded buttons, sidebar, grid layout, feature list, large typography","minimal, friendly, bold",0.66,Minimal grid layout with muted orange sidebar and large typography.,"minimal, friendly, muted-orange, grid, sidebar, bold",4
Lapa Ninja (Post),Nahel Moussi,https://www.lapa.ninja/post/nahelmoussi/,https://cdn.lapa.ninja/assets/images/1x/nahelmoussi-thumb.webp,"[""#956a6b""]","{""#956a6b"": 0.9269}",#956a6b,muted red,"rounded buttons, large typography, sidebar, grid layout, feature list, footer","professional, modern, futuristic",0.75,Professional grid layout with muted red sidebar and large typography.,"professional, modern, muted-red, grid, rounded-buttons, typography",4
Lapa Ninja (Post),Chill Music Club,https://www.lapa.ninja/post/chillmusic-club/,https://cdn.lapa.ninja/assets/images/1x/chillmusic-club-thumb.webp,"[""#fbf9ed"", ""#281b11""]","{""#fbf9ed"": 0.659, ""#281b11"": 0.1767}",#fbf9ed,light neutral,"split screen, sidebar, avatar, video background, icon list, large typography","modern, artistic, bold",0.75,Modern split screen layout with light neutral background and large typography.,"modern, artistic, light, split-screen, bold, typography",5
Lapa Ninja (Post),Focus Lab,https://www.lapa.ninja/post/focuslab-2/,https://cdn.lapa.ninja/assets/images/1x/focuslab-04-17-2021-thumb.webp,"[""#f5f3ef"", ""#5a40ab""]","{""#f5f3ef"": 0.5908, ""#5a40ab"": 0.2456}",#f5f3ef,light neutral,"large typography, sidebar, rounded buttons, pricing cards, feature list, grid layout","professional, modern, minimal",0.75,Professional grid layout with light neutral background and large typography.,"professional, modern, minimal, grid, typography, rounded-buttons, sidebar",3
Lapa Ninja (Post),Zorka,https://www.lapa.ninja/post/zorka-agency/,https://cdn.lapa.ninja/assets/images/1x/zorka-agency-thumb.webp,"[""#0f0f0f"", ""#d8d8d8""]","{""#0f0f0f"": 0.8872, ""#d8d8d8"": 0.0843}",#0f0f0f,dark neutral,"pricing cards, rounded buttons, large typography, feature list, top navigation, data table","modern, futuristic, professional",0.75,Modern layout with dark neutral tones featuring large typography and pricing cards.,"modern, professional, dark, typography, pricing-cards, futuristic",7
Lapa Ninja (Post),Cartoon Feelings,https://www.lapa.ninja/post/cartoonfeelings/,https://cdn.lapa.ninja/assets/images/1x/cartoonfeelings-thumb.webp,"[""#37193f"", ""#cdb77e""]","{""#37193f"": 0.317, ""#cdb77e"": 0.2477}",#37193f,dark bright purple,"sidebar, rounded buttons, feature list, footer, grid layout, pricing cards","cool, retro, professional",0.66,Professional grid layout with dark bright purple sidebar and rounded buttons.,"professional, grid, dark-purple, rounded-buttons, sidebar, retro",7
Lapa Ninja (Post),OpenAI,https://www.lapa.ninja/post/openai-2/,https://cdn.lapa.ninja/assets/images/1x/openai-04-17-2021-thumb.webp,"[""#fa7d3c"", ""#fcfcfb""]","{""#fa7d3c"": 0.2444, ""#fcfcfb"": 0.3015}",#fa7d3c,bright orange,"rounded buttons, large typography, grid layout, sidebar, video background, avatar","futuristic, modern, minimal",0.62,Modern grid layout with bright orange sidebar and large typography.,"modern, grid, bright-orange, rounded-buttons, video-background, minimal",4
Lapa Ninja (Post),Oboosho,https://www.lapa.ninja/post/oboosho/,https://cdn.lapa.ninja/assets/images/1x/oboosho-thumb.webp,"[""#4145c5"", ""#faf5f5""]","{""#4145c5"": 0.2331, ""#faf5f5"": 0.696}",#4145c5,bright blue,"rounded buttons, large typography, grid layout, pricing cards, split screen, form","modern, futuristic, professional",0.62,Modern grid layout with bright blue accents and large typography elements.,"modern, grid, bright-blue, rounded-buttons, professional, futuristic",7
Lapa Ninja (Post),Font Review Journal,https://www.lapa.ninja/post/fontreviewjournal/,https://cdn.lapa.ninja/assets/images/1x/fontreviewjournal-thumb.webp,"[""#fa3501"", ""#f7fdf6""]","{""#fa3501"": 0.2388, ""#f7fdf6"": 0.7}",#fa3501,bright red,"large typography, grid layout, top navigation, avatar, two-column layout, split screen","minimal, modern, creative",0.62,Minimal grid layout with bright red typography and a split screen design.,"minimal, modern, bright-red, grid, typography, creative, split-screen",4
Lapa Ninja (Post),Car Thing,https://www.lapa.ninja/post/carthing/,https://cdn.lapa.ninja/assets/images/1x/carthing-thumb.webp,"[""#fecfd4"", ""#503b4b""]","{""#fecfd4"": 0.3709, ""#503b4b"": 0.244}",#fecfd4,light bright red,"rounded buttons, top navigation, sidebar, pricing cards, feature list, grid layout","modern, futuristic, minimal",0.69,Modern grid layout with light bright red sidebar and rounded buttons.,"modern, minimal, light-red, grid, rounded-buttons, sidebar, pricing-cards",2
Lapa Ninja (Post),Brandpad,https://www.lapa.ninja/post/brandpad-2/,https://cdn.lapa.ninja/assets/images/1x/brandpad-04-14-2021-thumb.webp,"[""#000000"", ""#ffffff""]","{""#000000"": 0.3645, ""#ffffff"": 0.6131}",#000000,dark neutral,"grid layout, pricing cards, rounded buttons, sidebar, large typography, feature list","minimal, creative, artistic",0.68,Minimal grid layout with dark neutral pricing cards and large typography.,"minimal, grid, dark-neutral, pricing-cards, typography, creative",7
Lapa Ninja (Post),VOLK GLOBAL,https://www.lapa.ninja/post/volk-global/,https://cdn.lapa.ninja/assets/images/1x/volk-global-thumb.webp,"[""#000000"", ""#fafafa""]","{""#000000"": 0.8362, ""#fafafa"": 0.0739}",#000000,dark neutral,"sidebar, large typography, form, pricing cards, footer, logo","futuristic, modern, retro",0.75,Modern layout with dark neutral tones featuring large typography and a sidebar.,"modern, futuristic, dark, sidebar, typography, pricing-cards",1
Lapa Ninja (Post),Dan Woodger,https://www.lapa.ninja/post/danwoodger/,https://cdn.lapa.ninja/assets/images/1x/danwoodger-thumb.webp,"[""#f3aa64"", ""#fbfbfb""]","{""#f3aa64"": 0.2398, ""#fbfbfb"": 0.3665}",#f3aa64,bright orange,"icon list, sidebar, search bar, hero image, card list, grid layout","artistic, creative, modern",0.62,Creative grid layout with bright orange hero and an icon list.,"artistic, modern, bright-orange, grid, hero, sidebar",7
Lapa Ninja (Post),Luma,https://www.lapa.ninja/post/luma/,https://cdn.lapa.ninja/assets/images/1x/luma-thumb.webp,"[""#fefdf9"", ""#e1d5d7""]","{""#fefdf9"": 0.8369, ""#e1d5d7"": 0.0736}",#fefdf9,light neutral,"rounded buttons, grid layout, pricing cards, feature list, sidebar, split screen","modern, minimal, professional",0.75,Modern split screen layout with light neutral tones and rounded buttons.,"modern, minimal, light, grid, professional, rounded-buttons",0
Lapa Ninja (Post),Nuro,https://www.lapa.ninja/post/nuro-ai/,https://cdn.lapa.ninja/assets/images/1x/nuro-04-13-2021-thumb.webp,"[""#edf0f8"", ""#7d9bac""]","{""#edf0f8"": 0.4469, ""#7d9bac"": 0.1727}",#edf0f8,light neutral,"sidebar, large typography, rounded buttons, grid layout, feature list, video background","modern, futuristic, retro",0.72,Modern grid layout with light neutral background and large typography.,"modern, grid, light, typography, rounded-buttons, video-background",3
Lapa Ninja (Post),Schweppes,https://www.lapa.ninja/post/schweppes/,https://cdn.lapa.ninja/assets/images/1x/schweppes-thumb.webp,"[""#ffe501"", ""#0d0d0a""]","{""#ffe501"": 0.8235, ""#0d0d0a"": 0.0686}",#ffe501,bright yellow,"sidebar, video background, footer, top navigation, split screen, avatar","bold, cool, futuristic",0.75,Bold split screen layout with bright yellow video background and top navigation.,"bold, split-screen, bright-yellow, video-background, navigation, modern",5
Lapa Ninja (Post),Coffee Supreme,https://www.lapa.ninja/post/coffeesupreme/,https://cdn.lapa.ninja/assets/images/1x/coffeesupreme-thumb.webp,"[""#d7d0cd"", ""#fbfaf1""]","{""#d7d0cd"": 0.1871, ""#fbfaf1"": 0.5708}",#d7d0cd,muted orange,"pricing cards, grid layout, rounded buttons, large typography, top navigation, sidebar","luxury, modern, cool",0.59,Modern grid layout with light neutral pricing cards and large typography.,"modern, grid, neutral, luxury, pricing-cards, rounded-buttons",7
Lapa Ninja (Post),Gabriel Norman,https://www.lapa.ninja/post/gnrm/,https://cdn.lapa.ninja/assets/images/1x/gnrm-thumb.webp,"[""#16171b"", ""#f4f0e7""]","{""#16171b"": 0.8686, ""#f4f0e7"": 0.0699}",#16171b,dark muted blue,"large typography, grid layout, sidebar, icon list, feature list, form","modern, minimal, artistic",0.75,Modern grid layout with dark muted blue typography and a structured sidebar.,"modern, minimal, dark-muted-blue, grid, sidebar, artistic",4
Lapa Ninja (Post),Flow,https://www.lapa.ninja/post/flowfi/,https://cdn.lapa.ninja/assets/images/1x/flowfi-thumb.webp,"[""#010101"", ""#0f1323""]","{""#010101"": 0.7486, ""#0f1323"": 0.2048}",#010101,dark neutral,"data table, sidebar, large typography, video background, search bar, pricing cards","modern, futuristic, professional",0.75,Modern layout featuring dark neutral tones with large typography and a video background.,"modern, professional, dark, typography, video-background, layout",6
Lapa Ninja (Post),Clubhouse,https://www.lapa.ninja/post/clubhouse-2/,https://cdn.lapa.ninja/assets/images/1x/clubhouse-04-13-2021-thumb.webp,"[""#fdfdfd""]","{""#fdfdfd"": 0.8888}",#fdfdfd,light neutral,"rounded buttons, feature list, sidebar, top navigation, footer, icon list","modern, cool, minimal",0.75,Modern layout with light neutral tones featuring a sidebar and rounded buttons.,"modern, minimal, light, sidebar, rounded-buttons, clean",1
Lapa Ninja (Post),Ko-fi,https://www.lapa.ninja/post/ko-fi-2/,https://cdn.lapa.ninja/assets/images/1x/ko-fi-04-13-2021-thumb.webp,"[""#fefefe"", ""#c9bac6""]","{""#fefefe"": 0.7476, ""#c9bac6"": 0.0873}",#fefefe,light neutral,"grid layout, feature list, sidebar, video background, search bar, rounded buttons","cool, modern, professional",0.75,Modern grid layout with light neutral background and rounded buttons.,"modern, grid, light, professional, rounded-buttons, sidebar",2
Lapa Ninja (Post),Bitneki,https://www.lapa.ninja/post/bitneki/,https://cdn.lapa.ninja/assets/images/1x/bitneki-thumb.webp,"[""#fed404"", ""#4a9ec9""]","{""#fed404"": 0.4315, ""#4a9ec9"": 0.3342}",#fed404,bright yellow,"sidebar, search bar, rounded buttons, large typography, video background, pricing cards","retro, creative, cool",0.72,Creative layout with bright yellow sidebar and large typography over a video background.,"retro, creative, bright-yellow, sidebar, video-background, rounded-buttons, large-typography",6
Lapa Ninja (Post),Argon Ventures,https://www.lapa.ninja/post/argon-ventures/,https://cdn.lapa.ninja/assets/images/1x/argon-ventures-thumb.webp,"[""#ffffff"", ""#3e3666""]","{""#ffffff"": 0.8131, ""#3e3666"": 0.0629}",#ffffff,light neutral,"sidebar, pricing cards, form, feature list, avatar, large typography","modern, warm, cool",0.75,Modern layout with light neutral background and prominent pricing cards.,"modern, neutral, pricing-cards, sidebar, large-typography, feature-list",7
Lapa Ninja (Post),Sentempo,https://www.lapa.ninja/post/studiosentempo/,https://cdn.lapa.ninja/assets/images/1x/studiosentempo-thumb.webp,"[""#151414"", ""#d3c1c0""]","{""#151414"": 0.4267, ""#d3c1c0"": 0.3074}",#151414,dark gray,"video background, large typography, sidebar, search bar, split screen, feature list","serious, minimal, bold",0.71,Serious split screen layout with dark gray video background and large typography.,"serious, minimal, dark-gray, bold, split-screen, video-background",5
Lapa Ninja (Post),Valery Marier,https://www.lapa.ninja/post/marier/,https://cdn.lapa.ninja/assets/images/1x/marier-thumb.webp,"[""#fafafa""]","{""#fafafa"": 0.9162}",#fafafa,light neutral,"large typography, pricing cards, rounded buttons, grid layout, feature list, sidebar","modern, professional, minimal",0.75,Modern grid layout with light neutral background and large typography.,"modern, professional, minimal, grid, typography, rounded-buttons",3
Lapa Ninja (Post),Pragma,https://www.lapa.ninja/post/pragma/,https://cdn.lapa.ninja/assets/images/1x/pragma-thumb.webp,"[""#020202"", ""#fcfdfd""]","{""#020202"": 0.3974, ""#fcfdfd"": 0.5537}",#020202,dark neutral,"rounded buttons, grid layout, feature list, large typography, sidebar, top navigation","modern, futuristic, minimal",0.7,Modern grid layout with dark neutral tones and large typography.,"modern, grid, dark, rounded-buttons, minimal, futuristic",4
Lapa Ninja (Post),Iron Fish,https://www.lapa.ninja/post/ironfish/,https://cdn.lapa.ninja/assets/images/1x/ironfish-thumb.webp,"[""#1b016f"", ""#fefdfb""]","{""#1b016f"": 0.4643, ""#fefdfb"": 0.4108}",#1b016f,dark bright blue,"sidebar, grid layout, pricing cards, chart, feature list, large typography","trustworthy, futuristic, modern",0.73,Modern grid layout with dark bright blue sidebar and large typography.,"modern, grid, dark-blue, sidebar, trustworthy, futuristic",7
Lapa Ninja (Post),Materia,https://www.lapa.ninja/post/materia/,https://cdn.lapa.ninja/assets/images/1x/materia-thumb.webp,"[""#edebe9"", ""#1a0f0c""]","{""#edebe9"": 0.4213, ""#1a0f0c"": 0.199}",#edebe9,light neutral,"grid layout, large typography, video background, sidebar, rounded buttons, icon list","artistic, modern, cool",0.71,Modern grid layout with light neutral background and large typography.,"modern, grid, light, artistic, video-background, rounded-buttons",3
Lapa Ninja (Post),Charlie Osborne,https://www.lapa.ninja/post/charlieosborne/,https://cdn.lapa.ninja/assets/images/1x/charlieosborne-thumb.webp,"[""#0d1018""]","{""#0d1018"": 0.9358}",#0d1018,dark neutral,"large typography, search bar, rounded buttons, sidebar, split screen, grid layout","futuristic, minimal, creative",0.75,Minimal split screen layout with dark neutral tones and large typography.,"minimal, futuristic, dark, grid, rounded-buttons, creative",0
Lapa Ninja (Post),Jeremiah Shoaf,https://www.lapa.ninja/post/jeremiahshoaf/,https://cdn.lapa.ninja/assets/images/1x/jeremiahshoaf-thumb.webp,"[""#194929""]","{""#194929"": 0.9422}",#194929,dark bright green,"icon list, two-column layout, large typography, pricing cards, sidebar, feature list","professional, creative, cool",0.75,Professional two-column layout with dark bright green typography and an icon list.,"professional, creative, dark-green, two-column, typography, icons",1
Lapa Ninja (Post),Ombia Studio,https://www.lapa.ninja/post/ombiastudio/,https://cdn.lapa.ninja/assets/images/1x/ombiastudio-thumb.webp,"[""#88837d"", ""#1a1816""]","{""#88837d"": 0.6762, ""#1a1816"": 0.1954}",#88837d,muted gray,"grid layout, single column, icon list, video background, two-column layout, feature list","modern, minimal, futuristic",0.75,Modern grid layout with muted gray tones and a video background.,"modern, minimal, muted-gray, grid, video-background, futuristic",6
Lapa Ninja (Post),Martin Laxenaire,https://www.lapa.ninja/post/martin-laxenaire-2/,https://cdn.lapa.ninja/assets/images/1x/martin-laxenaire-04-07-2021-thumb.webp,"[""#ffffff"", ""#4f4f50""]","{""#ffffff"": 0.7769, ""#4f4f50"": 0.086}",#ffffff,light neutral,"large typography, grid layout, footer, form, split screen, feature list","futuristic, friendly, modern",0.75,Modern grid layout with light neutral background and large typography.,"modern, grid, light, typography, friendly, futuristic",3
Lapa Ninja (Post),Empathy,https://www.lapa.ninja/post/empathy/,https://cdn.lapa.ninja/assets/images/1x/empathy-thumb.webp,"[""#efe8e0"", ""#fed295""]","{""#efe8e0"": 0.4724, ""#fed295"": 0.2594}",#efe8e0,light muted orange,"large typography, rounded buttons, grid layout, search bar, sidebar, pricing cards","minimal, modern, calm",0.74,Minimal grid layout with light muted orange typography and rounded buttons.,"minimal, modern, calm, light, grid, rounded-buttons",2
Lapa Ninja (Post),Mamboleoo,https://www.lapa.ninja/post/mamboleoo/,https://cdn.lapa.ninja/assets/images/1x/mamboleoo-thumb.webp,"[""#010101"", ""#f6f8f8""]","{""#010101"": 0.8341, ""#f6f8f8"": 0.0727}",#010101,dark neutral,"sidebar, large typography, rounded buttons, footer, split screen, top navigation","modern, futuristic, cool",0.75,Modern split screen layout with dark neutral tones and large typography.,"modern, split-screen, dark-neutral, large-typography, rounded-buttons, footer",0
Lapa Ninja (Post),The New Company,https://www.lapa.ninja/post/thenewcompany/,https://cdn.lapa.ninja/assets/images/1x/thenewcompany-thumb.webp,"[""#fdfcfc"", ""#9d7358""]","{""#fdfcfc"": 0.8715, ""#9d7358"": 0.0544}",#fdfcfc,light neutral,"grid layout, rounded buttons, video background, sidebar, split screen, footer","minimal, cool, modern",0.75,Minimal grid layout with light neutral background and rounded buttons.,"minimal, grid, light, modern, rounded-buttons, video-background",2
Lapa Ninja (Post),Finematter,https://www.lapa.ninja/post/finematter/,https://cdn.lapa.ninja/assets/images/1x/finematter-thumb.webp,"[""#cfc8c2"", ""#fefdfd""]","{""#cfc8c2"": 0.1809, ""#fefdfd"": 0.4961}",#cfc8c2,muted orange,"rounded buttons, grid layout, large typography, top navigation, sidebar, feature list","minimal, luxury, elegant",0.59,Minimal grid layout with light neutral tones and rounded buttons.,"minimal, luxury, neutral, grid, rounded-buttons, elegant",2
Lapa Ninja (Post),Primer,https://www.lapa.ninja/post/withprimer/,https://cdn.lapa.ninja/assets/images/1x/withprimer-thumb.webp,"[""#fcfcfe"", ""#e5def3""]","{""#fcfcfe"": 0.7729, ""#e5def3"": 0.1166}",#fcfcfe,light neutral,"grid layout, rounded buttons, sidebar, feature list, search bar, pricing cards","minimal, modern, friendly",0.75,Minimal grid layout with light neutral background and rounded buttons.,"minimal, modern, light, grid, friendly, rounded-buttons",2
Lapa Ninja (Post),Qatalog,https://www.lapa.ninja/post/qatalog-2/,https://cdn.lapa.ninja/assets/images/1x/qatalog-04-05-2021-thumb.webp,"[""#2d2d2c"", ""#d7e0d9""]","{""#2d2d2c"": 0.7934, ""#d7e0d9"": 0.0693}",#2d2d2c,dark gray,"rounded buttons, grid layout, sidebar, search bar, large typography, icon list","modern, minimal, professional",0.75,Modern grid layout with dark gray sidebar and large typography.,"modern, minimal, dark-gray, grid, professional, rounded-buttons",4
Lapa Ninja (Post),Patrik Hübner,https://www.lapa.ninja/post/patrik-huebner/,https://cdn.lapa.ninja/assets/images/1x/patrik-huebner-thumb.webp,"[""#000000"", ""#ffffff""]","{""#000000"": 0.234, ""#ffffff"": 0.7304}",#000000,dark neutral,"large typography, chart, rounded buttons, sidebar, icon list, centered hero","creative, artistic, minimal",0.62,Minimal layout with dark neutral tones featuring large typography and a centered hero.,"minimal, creative, dark, typography, centered-hero, rounded-buttons",1
Lapa Ninja (Post),Oasis Cannabis,https://www.lapa.ninja/post/oasiscannabis/,https://cdn.lapa.ninja/assets/images/1x/oasiscannabis-thumb.webp,"[""#db9320"", ""#e8f4e8""]","{""#db9320"": 0.794, ""#e8f4e8"": 0.1001}",#db9320,bright orange,"sidebar, large typography, video background, feature list, avatar, chart","cool, vibrant, creative",0.75,Vibrant layout with bright orange sidebar and large typography featuring a video background.,"vibrant, creative, bright-orange, sidebar, large-typography, video-background",6
Lapa Ninja (Post),Linear,https://www.lapa.ninja/post/linear-2/,https://cdn.lapa.ninja/assets/images/1x/linear-04-05-2021-thumb.webp,"[""#070708"", ""#1c1e28""]","{""#070708"": 0.5622, ""#1c1e28"": 0.3179}",#070708,dark neutral,"feature list, icon list, search bar, sidebar, top navigation, rounded buttons","modern, futuristic, cool",0.75,Modern layout with dark neutral tones featuring a prominent search bar and rounded buttons.,"modern, dark, neutral, layout, rounded-buttons, search-bar, futuristic",1
Lapa Ninja (Post),HNST Jeans,https://www.lapa.ninja/post/letsbehonest/,https://cdn.lapa.ninja/assets/images/1x/letsbehonest-thumb.webp,"[""#ebceb4"", ""#f4f1e9""]","{""#ebceb4"": 0.3813, ""#f4f1e9"": 0.3254}",#ebceb4,bright orange,"rounded buttons, grid layout, sidebar, feature list, pricing cards, large typography","retro, minimal, modern",0.69,Modern grid layout with bright orange sidebar and large typography.,"modern, grid, bright-orange, rounded-buttons, retro, minimal",7
Lapa Ninja (Post),Lamanna Bakery,https://www.lapa.ninja/post/lamannabakery/,https://cdn.lapa.ninja/assets/images/1x/lamannabakery-thumb.webp,"[""#fd4301"", ""#ffc502""]","{""#fd4301"": 0.333, ""#ffc502"": 0.3319}",#fd4301,bright orange,"sidebar, large typography, logo, video background, hero image, split screen","artistic, trustworthy, retro",0.67,Artistic split screen layout with bright orange hero and large typography.,"artistic, retro, bright-orange, split-screen, large-typography, trustworthy",5
Lapa Ninja (Post),Joasia Fidler,https://www.lapa.ninja/post/fidlerowna/,https://cdn.lapa.ninja/assets/images/1x/fidlerowna-thumb.webp,"[""#3562fe"", ""#fcfcfc""]","{""#3562fe"": 0.3066, ""#fcfcfc"": 0.4665}",#3562fe,bright blue,"split screen, sidebar, large typography, grid layout, video background, feature list","creative, modern, artistic",0.65,Creative split screen layout with bright blue accents and large typography.,"modern, artistic, bright-blue, grid, sidebar, video-background",5
Lapa Ninja (Post),iMAL,https://www.lapa.ninja/post/imal/,https://cdn.lapa.ninja/assets/images/1x/imal-thumb.webp,"[""#fbfcfc"", ""#aba8a4""]","{""#fbfcfc"": 0.5966, ""#aba8a4"": 0.1738}",#fbfcfc,light neutral,"grid layout, large typography, icon list, sidebar, two-column layout, data table","modern, futuristic, minimal",0.75,Modern two-column layout with light neutral background and large typography.,"modern, minimal, grid, typography, sidebar, futuristic",1
Lapa Ninja (Post),Please Repeat,https://www.lapa.ninja/post/pleaserepeat/,https://cdn.lapa.ninja/assets/images/1x/pleaserepeat-thumb.webp,"[""#935031"", ""#fcfaf9""]","{""#935031"": 0.2566, ""#fcfaf9"": 0.3557}",#935031,bright orange,"grid layout, rounded buttons, feature list, chart, pricing cards, avatar","luxury, modern, artistic",0.63,Modern grid layout with bright orange feature list and rounded buttons.,"modern, luxury, grid, bright-orange, rounded-buttons, artistic, pricing-cards",7
Lapa Ninja (Post),Glide,https://www.lapa.ninja/post/glide/,https://cdn.lapa.ninja/assets/images/1x/glide-thumb.webp,"[""#fff8fe"", ""#e7a0b2""]","{""#fff8fe"": 0.6744, ""#e7a0b2"": 0.0916}",#fff8fe,light neutral,"rounded buttons, grid layout, pricing cards, video background, feature list, sidebar","modern, minimal, luxury",0.75,Modern grid layout with light neutral background and rounded buttons.,"modern, minimal, light, grid, rounded-buttons, luxury",2
Lapa Ninja (Post),AAPI Safety Card,https://www.lapa.ninja/post/aapisafetybadge/,https://cdn.lapa.ninja/assets/images/1x/aapisafetybadge-thumb.webp,"[""#000000"", ""#e0dfdf""]","{""#000000"": 0.5486, ""#e0dfdf"": 0.365}",#000000,dark neutral,"sidebar, large typography, rounded buttons, video background, centered hero, cta button","trustworthy, modern, cool",0.75,Modern layout with dark neutral tones featuring a centered hero and large typography.,"modern, trustworthy, dark, centered-hero, large-typography, rounded-buttons",1
Lapa Ninja (Post),Acquis Consulting,https://www.lapa.ninja/post/acquisconsulting/,https://cdn.lapa.ninja/assets/images/1x/acquisconsulting-thumb.webp,"[""#0745d8"", ""#fcfdfa""]","{""#0745d8"": 0.3884, ""#fcfdfa"": 0.3314}",#0745d8,bright blue,"large typography, grid layout, rounded buttons, split screen, sidebar, video background","minimal, modern, bold",0.69,Modern grid layout with bright blue accents and large typography.,"modern, minimal, bright-blue, grid, bold, rounded-buttons",4
Lapa Ninja (Post),Legwrk,https://www.lapa.ninja/post/legwrk/,https://cdn.lapa.ninja/assets/images/1x/legwrk-thumb.webp,"[""#121212"", ""#f1f1f1""]","{""#121212"": 0.4579, ""#f1f1f1"": 0.4089}",#121212,dark neutral,"sidebar, rounded buttons, search bar, large typography, feature list, split screen","professional, futuristic, cool",0.73,Professional split screen layout with dark neutral background and large typography.,"professional, futuristic, dark, split-screen, large-typography, rounded-buttons",0
Lapa Ninja (Post),Companion-Platform,https://www.lapa.ninja/post/companion-platform/,https://cdn.lapa.ninja/assets/images/1x/companion-platform-thumb.webp,"[""#ebece9"", ""#615247""]","{""#ebece9"": 0.6871, ""#615247"": 0.1135}",#ebece9,light gray,"grid layout, card list, icon list, feature list, large typography, rounded buttons","modern, artistic, creative",0.75,Modern grid layout with light gray cards and large typography elements.,"modern, grid, light-gray, artistic, rounded-buttons, creative",3
Lapa Ninja (Post),Superfood Gin,https://www.lapa.ninja/post/superfoodgin/,https://cdn.lapa.ninja/assets/images/1x/superfoodgin-thumb.webp,"[""#fbefe9"", ""#1e3557""]","{""#fbefe9"": 0.4965, ""#1e3557"": 0.3274}",#fbefe9,light neutral,"grid layout, sidebar, top navigation, search bar, large typography, pricing cards","minimal, friendly, creative",0.75,Minimal grid layout with light neutral background and large typography for clear navigation.,"minimal, friendly, grid, light, typography, sidebar, navigation",3
Lapa Ninja (Post),Do-Hee Kim,https://www.lapa.ninja/post/do-hee/,https://cdn.lapa.ninja/assets/images/1x/do-hee-thumb.webp,"[""#e6fde4"", ""#f9f518""]","{""#e6fde4"": 0.4602, ""#f9f518"": 0.4329}",#e6fde4,light neutral,"large typography, pricing cards, sidebar, grid layout, footer, feature list","professional, modern, creative",0.73,Professional grid layout with light neutral background and large typography.,"professional, modern, light, grid, typography, sidebar, pricing-cards",3
Lapa Ninja (Post),loadmo.re,https://www.lapa.ninja/post/loadmore/,https://cdn.lapa.ninja/assets/images/1x/loadmore-thumb.webp,"[""#1b1210"", ""#f8f7f7""]","{""#1b1210"": 0.2265, ""#f8f7f7"": 0.3706}",#1b1210,dark muted red,"sidebar, grid layout, large typography, footer, feature list, search bar","modern, minimal, cool",0.61,Modern grid layout with dark muted red sidebar and large typography.,"modern, minimal, dark-red, grid, typography, sidebar",4
Lapa Ninja (Post),Found,https://www.lapa.ninja/post/found-studio/,https://cdn.lapa.ninja/assets/images/1x/found-studio-thumb.webp,"[""#a2b0be"", ""#fdfdfd""]","{""#a2b0be"": 0.2405, ""#fdfdfd"": 0.4363}",#a2b0be,muted blue,"rounded buttons, large typography, footer, form, search bar, video background","futuristic, modern, bold",0.62,Modern layout with muted blue accents and large typography elements.,"modern, futuristic, muted-blue, large-typography, rounded-buttons, video-background",6
Lapa Ninja (Post),AVA Company,https://www.lapa.ninja/post/avacompany/,https://cdn.lapa.ninja/assets/images/1x/avacompany-thumb.webp,"[""#f4f2f0"", ""#b69d8a""]","{""#f4f2f0"": 0.8038, ""#b69d8a"": 0.098}",#f4f2f0,light neutral,"large typography, grid layout, two-column layout, sidebar, avatar, icon list","minimal, professional, serious",0.75,Minimal two-column layout with light neutral background and large typography.,"minimal, professional, grid, serious, typography, layout",3
Lapa Ninja (Post),Vectornator 4.0,https://www.lapa.ninja/post/vectornator-3/,https://cdn.lapa.ninja/assets/images/1x/vectornator-03-31-2021-thumb.webp,"[""#20114f"", ""#020204""]","{""#20114f"": 0.477, ""#020204"": 0.3451}",#20114f,dark bright blue,"avatar, video background, feature list, split screen, sidebar, grid layout","futuristic, modern, artistic",0.74,Modern split screen layout with dark bright blue video background and a feature list.,"modern, futuristic, dark-bright-blue, split-screen, grid, artistic",5
Lapa Ninja (Post),Fabio Formato,https://www.lapa.ninja/post/fabioformato/,https://cdn.lapa.ninja/assets/images/1x/fabioformato-thumb.webp,"[""#131311"", ""#c7c7c6""]","{""#131311"": 0.785, ""#c7c7c6"": 0.1528}",#131311,dark neutral,"video background, large typography, feature list, sidebar, split screen, pricing cards","professional, modern, cool",0.75,Professional split screen layout with dark neutral video background and large typography.,"professional, modern, dark, split-screen, video-background, typography, feature-list",5
Lapa Ninja (Post),Atomic Digital Design,https://www.lapa.ninja/post/atomicdigital/,https://cdn.lapa.ninja/assets/images/1x/atomicdigital-thumb.webp,"[""#2f3142"", ""#181a1e""]","{""#2f3142"": 0.4999, ""#181a1e"": 0.3273}",#2f3142,dark muted blue,"video background, split screen, grid layout, large typography, feature list, sidebar","futuristic, modern, professional",0.75,Modern split screen layout with dark muted blue video background and large typography.,"modern, professional, dark-muted-blue, grid, video-background, futuristic",5
Lapa Ninja (Post),CoType Foundry,https://www.lapa.ninja/post/cotypefoundry/,https://cdn.lapa.ninja/assets/images/1x/cotypefoundry-thumb.webp,"[""#eae9ea"", ""#cbc9cc""]","{""#eae9ea"": 0.5341, ""#cbc9cc"": 0.3725}",#eae9ea,light gray,"large typography, form, grid layout, footer, pricing cards, rounded buttons","modern, minimal, professional",0.75,Modern grid layout with light gray background and large typography elements.,"modern, minimal, light-gray, grid, typography, professional",3
Lapa Ninja (Post),MBRC the ocean,https://www.lapa.ninja/post/mbrctheocean/,https://cdn.lapa.ninja/assets/images/1x/mbrctheocean-thumb.webp,"[""#faf9f7"", ""#cfd4d9""]","{""#faf9f7"": 0.6164, ""#cfd4d9"": 0.1269}",#faf9f7,light neutral,"rounded buttons, top navigation, large typography, search bar, video background, grid layout","minimal, modern, calm",0.75,Minimal grid layout with light neutral background and large typography.,"minimal, modern, calm, light, grid, typography, rounded-buttons",3
Lapa Ninja (Post),Zero Waste App,https://www.lapa.ninja/post/zerowaste/,https://cdn.lapa.ninja/assets/images/1x/zerowaste-thumb.webp,"[""#151312"", ""#f4f2ee""]","{""#151312"": 0.8505, ""#f4f2ee"": 0.0817}",#151312,dark neutral,"sidebar, large typography, footer, avatar, feature list, search bar","futuristic, modern, retro",0.75,Modern layout with dark neutral tones featuring large typography and a sidebar.,"modern, dark, futuristic, sidebar, typography, app",1
Lapa Ninja (Post),3drops,https://www.lapa.ninja/post/3drops-5/,https://cdn.lapa.ninja/assets/images/1x/3drops-03-30-2021-thumb.webp,"[""#eaedeb"", ""#020202""]","{""#eaedeb"": 0.5919, ""#020202"": 0.3448}",#eaedeb,light neutral,"sidebar, top navigation, data table, feature list, large typography, pricing cards","modern, minimal, futuristic",0.75,Modern layout with light neutral background and large typography for clear data presentation.,"modern, minimal, light, typography, data-table, sidebar, pricing-cards",1
Lapa Ninja (Post),Ruby Hibiscus Water,https://www.lapa.ninja/post/ruby/,https://cdn.lapa.ninja/assets/images/1x/ruby-thumb.webp,"[""#c88391"", ""#f6d2d4""]","{""#c88391"": 0.2854, ""#f6d2d4"": 0.2616}",#c88391,bright red,"sidebar, video background, pricing cards, feature list, search bar, rounded buttons","futuristic, artistic, luxury",0.64,Artistic layout with bright red video background and rounded buttons alongside pricing cards.,"artistic, luxury, bright-red, futuristic, sidebar, rounded-buttons, modern",6
Lapa Ninja (Post),Aaply,https://www.lapa.ninja/post/aaply/,https://cdn.lapa.ninja/assets/images/1x/aaply-thumb.webp,"[""#f4f4f4"", ""#e8c049""]","{""#f4f4f4"": 0.7581, ""#e8c049"": 0.1012}",#f4f4f4,light neutral,"rounded buttons, large typography, cta button, sidebar, grid layout, search bar","creative, futuristic, modern",0.75,Modern grid layout with light neutral background and large typography.,"modern, grid, light, rounded-buttons, creative, sidebar",3
Lapa Ninja (Post),Pirsch,https://www.lapa.ninja/post/pirsch/,https://cdn.lapa.ninja/assets/images/1x/pirsch-thumb.webp,"[""#0c0c0c""]","{""#0c0c0c"": 0.9455}",#0c0c0c,dark neutral,"data table, sidebar, feature list, search bar, footer, chart","modern, cool, professional",0.75,Modern layout featuring a dark neutral theme with a prominent data table and sidebar.,"modern, professional, dark, layout, data-table, sidebar, cool",1
Lapa Ninja (Post),JAM!,https://www.lapa.ninja/post/jam/,https://cdn.lapa.ninja/assets/images/1x/jam-thumb.webp,"[""#ae05fd"", ""#d746f4""]","{""#ae05fd"": 0.6591, ""#d746f4"": 0.1205}",#ae05fd,bright purple,"large typography, rounded buttons, sidebar, video background, feature list, avatar","modern, minimal, cool",0.75,Modern layout with bright purple large typography and rounded buttons.,"modern, minimal, bright-purple, typography, rounded-buttons, video-background",6
Lapa Ninja (Post),Jellypepper,https://www.lapa.ninja/post/jellypepper/,https://cdn.lapa.ninja/assets/images/1x/jellypepper-thumb.webp,"[""#fadfd9"", ""#fcfcfd""]","{""#fadfd9"": 0.5458, ""#fcfcfd"": 0.2884}",#fadfd9,light bright red,"rounded buttons, grid layout, large typography, sidebar, feature list, split screen","modern, professional, minimal",0.75,Modern grid layout with light bright red accents and rounded buttons.,"modern, professional, minimal, grid, rounded-buttons, bright-red",2
Lapa Ninja (Post),Coolection,https://www.lapa.ninja/post/coolection/,https://cdn.lapa.ninja/assets/images/1x/coolection-thumb.webp,"[""#030202"", ""#ebeae9""]","{""#030202"": 0.5574, ""#ebeae9"": 0.1613}",#030202,dark neutral,"large typography, grid layout, icon list, footer, feature list, data table","modern, cool, minimal",0.75,Modern grid layout with dark neutral tones and large typography.,"modern, grid, dark, minimal, typography, cool",4
Lapa Ninja (Post),Superlist,https://www.lapa.ninja/post/superlist/,https://cdn.lapa.ninja/assets/images/1x/superlist-thumb.webp,"[""#171616"", ""#fe5043""]","{""#171616"": 0.481, ""#fe5043"": 0.4625}",#171616,dark gray,"large typography, rounded buttons, sidebar, pricing cards, grid layout, video background","minimal, futuristic, modern",0.74,Modern grid layout with dark gray sidebar and large typography.,"modern, minimal, dark-gray, grid, typography, rounded-buttons",4
Lapa Ninja (Post),Statamic,https://www.lapa.ninja/post/statamic/,https://cdn.lapa.ninja/assets/images/1x/statamic-thumb.webp,"[""#f8fbfc"", ""#40778c""]","{""#f8fbfc"": 0.7371, ""#40778c"": 0.082}",#f8fbfc,light neutral,"feature list, sidebar, search bar, grid layout, avatar, rounded buttons","modern, futuristic, professional",0.75,Modern grid layout with light neutral background and rounded buttons.,"modern, grid, light, rounded-buttons, professional, sidebar",2
Lapa Ninja (Post),Commonry,https://www.lapa.ninja/post/commonry/,https://cdn.lapa.ninja/assets/images/1x/commonry-thumb.webp,"[""#282622"", ""#827c74""]","{""#282622"": 0.3526, ""#827c74"": 0.2013}",#282622,dark gray,"rounded buttons, sidebar, form, large typography, feature list, grid layout","minimal, modern, trustworthy",0.68,Minimal grid layout with dark gray sidebar and large typography features.,"minimal, modern, dark-gray, grid, sidebar, trustworthy",4
Lapa Ninja (Post),First on SoundCloud,https://www.lapa.ninja/post/firston-soundcloud/,https://cdn.lapa.ninja/assets/images/1x/firston-soundcloud-thumb.webp,"[""#080904"", ""#fcf3ed""]","{""#080904"": 0.4332, ""#fcf3ed"": 0.3631}",#080904,dark neutral,"sidebar, video background, two-column layout, split screen, footer, chart","futuristic, retro, cool",0.72,Futuristic split screen layout with dark neutral video background and sidebar elements.,"futuristic, split-screen, dark-neutral, two-column, video, cool",5
Lapa Ninja (Post),Chapter20,https://www.lapa.ninja/post/chapter20care/,https://cdn.lapa.ninja/assets/images/1x/chapter20care-thumb.webp,"[""#f3f1ef"", ""#adc0d0""]","{""#f3f1ef"": 0.357, ""#adc0d0"": 0.2758}",#f3f1ef,light neutral,"grid layout, large typography, sidebar, pricing cards, rounded buttons, feature list","minimal, modern, futuristic",0.68,Minimal grid layout with light neutral tones and large typography alongside rounded buttons.,"minimal, modern, light, grid, typography, rounded-buttons, pricing-cards",3
Lapa Ninja (Post),Abound,https://www.lapa.ninja/post/withabound/,https://cdn.lapa.ninja/assets/images/1x/withabound-thumb.webp,"[""#fefefe"", ""#1a1a24""]","{""#fefefe"": 0.8238, ""#1a1a24"": 0.0712}",#fefefe,light neutral,"feature list, rounded buttons, sidebar, form, grid layout, pricing cards","modern, futuristic, bold",0.75,Modern grid layout with light neutral background and dark sidebar elements.,"modern, grid, light, sidebar, rounded-buttons, bold, pricing-cards",2
Lapa Ninja (Post),DISTANCE,https://www.lapa.ninja/post/distance-store/,https://cdn.lapa.ninja/assets/images/1x/distance-store-thumb.webp,"[""#ebebec"", ""#1c170a""]","{""#ebebec"": 0.6028, ""#1c170a"": 0.1481}",#ebebec,light neutral,"grid layout, footer, rounded buttons, feature list, sidebar, pricing cards","cool, bold, futuristic",0.75,Cool grid layout with light neutral background and rounded buttons.,"cool, bold, light, grid, rounded-buttons, modern, futuristic",2
Lapa Ninja (Post),Kiff,https://www.lapa.ninja/post/kiff/,https://cdn.lapa.ninja/assets/images/1x/kiff-thumb.webp,"[""#000100"", ""#fbbf8b""]","{""#000100"": 0.8121, ""#fbbf8b"": 0.0541}",#000100,dark neutral,"pricing cards, grid layout, sidebar, feature list, top navigation, rounded buttons","minimal, modern, futuristic",0.75,Minimal grid layout with dark neutral pricing cards and rounded buttons.,"minimal, modern, dark, grid, pricing-cards, rounded-buttons, sidebar",7
Lapa Ninja (Post),Roof Studio,https://www.lapa.ninja/post/roofstudio/,https://cdn.lapa.ninja/assets/images/1x/roofstudio-thumb.webp,"[""#f5eae2"", ""#4b4022""]","{""#f5eae2"": 0.419, ""#4b4022"": 0.2754}",#f5eae2,light neutral,"video background, sidebar, large typography, carousel, split screen, rounded buttons","artistic, creative, modern",0.71,Creative split screen layout with light neutral background and large typography.,"artistic, modern, light, split-screen, large-typography, rounded-buttons, video-background",5
Lapa Ninja (Post),Sustainable Menus,https://www.lapa.ninja/post/menudurable/,https://cdn.lapa.ninja/assets/images/1x/menudurable-thumb.webp,"[""#fd6141"", ""#fee6d4""]","{""#fd6141"": 0.4989, ""#fee6d4"": 0.3827}",#fd6141,bright red,"sidebar, pricing cards, large typography, rounded buttons, data table, feature list","futuristic, modern, minimal",0.75,Modern layout with bright red pricing cards and large typography.,"modern, minimal, bright-red, sidebar, pricing-cards, futuristic",7
Lapa Ninja (Post),Onda,https://www.lapa.ninja/post/drinkonda/,https://cdn.lapa.ninja/assets/images/1x/drinkonda-thumb.webp,"[""#84e0ca"", ""#f76294""]","{""#84e0ca"": 0.3156, ""#f76294"": 0.2532}",#84e0ca,bright teal,"sidebar, pricing cards, large typography, video background, split screen, feature list","vibrant, retro, luxury",0.66,Vibrant split screen layout with bright teal sidebar and large typography.,"vibrant, retro, bright-teal, split-screen, typography, luxury",5
Lapa Ninja (Post),Because Animals,https://www.lapa.ninja/post/becauseanimals/,https://cdn.lapa.ninja/assets/images/1x/becauseanimals-thumb.webp,"[""#03984f"", ""#fafcfc""]","{""#03984f"": 0.3071, ""#fafcfc"": 0.4213}",#03984f,bright green,"grid layout, pricing cards, avatar, large typography, sidebar, footer","minimal, futuristic, modern",0.65,Minimal grid layout with bright green pricing cards and large typography.,"minimal, modern, grid, bright-green, pricing-cards, futuristic",7
Lapa Ninja (Post),Charlie Phipps,https://www.lapa.ninja/post/phippscharlie/,https://cdn.lapa.ninja/assets/images/1x/phippscharlie-thumb.webp,"[""#131313"", ""#ffffff""]","{""#131313"": 0.4582, ""#ffffff"": 0.3788}",#131313,dark neutral,"large typography, pricing cards, grid layout, feature list, icon list, sidebar","minimal, futuristic, professional",0.73,Minimal grid layout with dark neutral tones and large typography for clear pricing cards.,"minimal, professional, dark, grid, typography, futuristic",7
Lapa Ninja (Post),Clover,https://www.lapa.ninja/post/cloverapp/,https://cdn.lapa.ninja/assets/images/1x/cloverapp-thumb.webp,"[""#16181a""]","{""#16181a"": 0.9466}",#16181a,dark gray,"rounded buttons, large typography, grid layout, footer, split screen, feature list","modern, minimal, futuristic",0.75,Modern split screen layout with dark gray background and large typography.,"modern, minimal, dark-gray, grid, rounded-buttons, futuristic",0
Lapa Ninja (Post),SPIRAL,https://www.lapa.ninja/post/spiraljournal/,https://cdn.lapa.ninja/assets/images/1x/spiraljournal-thumb.webp,"[""#080907"", ""#422f24""]","{""#080907"": 0.5546, ""#422f24"": 0.2833}",#080907,dark neutral,"large typography, split screen, sidebar, video background, form, two-column layout","professional, retro, minimal",0.75,Professional split screen layout with dark neutral tones and large typography.,"professional, minimal, dark, split-screen, typography, two-column",5
Lapa Ninja (Post),Relate,https://www.lapa.ninja/post/relate-5/,https://cdn.lapa.ninja/assets/images/1x/relate-03-25-2021-thumb.webp,"[""#c9b0f0"", ""#fefefe""]","{""#c9b0f0"": 0.3854, ""#fefefe"": 0.468}",#c9b0f0,bright purple,"rounded buttons, grid layout, large typography, sidebar, feature list, form","futuristic, modern, minimal",0.69,Modern grid layout with bright purple sidebar and large typography.,"modern, grid, bright-purple, rounded-buttons, futuristic, minimal",4
Lapa Ninja (Post),Vera,https://www.lapa.ninja/post/joinvera/,https://cdn.lapa.ninja/assets/images/1x/joinvera-thumb.webp,"[""#000101"", ""#028fa1""]","{""#000101"": 0.4713, ""#028fa1"": 0.2658}",#000101,dark neutral,"large typography, search bar, rounded buttons, footer, grid layout, avatar","minimal, modern, futuristic",0.74,Minimal grid layout with dark neutral tones and large typography.,"minimal, modern, dark, grid, typography, rounded-buttons",4
Lapa Ninja (Post),Flipaclip,https://www.lapa.ninja/post/flipaclip/,https://cdn.lapa.ninja/assets/images/1x/flipaclip-thumb.webp,"[""#fefeff""]","{""#fefeff"": 0.9532}",#fefeff,light neutral,"feature list, top navigation, rounded buttons, split screen, video background, sidebar","minimal, cool, creative",0.75,Minimal layout with light neutral tones featuring a split screen and rounded buttons.,"minimal, cool, creative, split-screen, rounded-buttons, sidebar",0
Lapa Ninja (Post),Matthew Fisher,https://www.lapa.ninja/post/mfisher-2/,https://cdn.lapa.ninja/assets/images/1x/mfisher-03-21-2021-thumb.webp,"[""#edebe7"", ""#161411""]","{""#edebe7"": 0.8281, ""#161411"": 0.0792}",#edebe7,light muted orange,"large typography, sidebar, feature list, icon list, avatar, rounded buttons","artistic, modern, minimal",0.75,Modern layout with light muted orange background and large typography.,"modern, minimal, light, typography, sidebar, rounded-buttons",1
Lapa Ninja (Post),Dan Burrows,https://www.lapa.ninja/post/danburro/,https://cdn.lapa.ninja/assets/images/1x/danburro-thumb.webp,"[""#f6f5ec"", ""#130e09""]","{""#f6f5ec"": 0.579, ""#130e09"": 0.1555}",#f6f5ec,light neutral,"rounded buttons, icon list, sidebar, grid layout, top navigation, large typography","modern, luxury, cool",0.75,Modern grid layout with light neutral background and large typography elements.,"modern, luxury, light, grid, rounded-buttons, sidebar, typography",3
Lapa Ninja (Post),Amigos,https://www.lapa.ninja/post/amigos/,https://cdn.lapa.ninja/assets/images/1x/amigos-thumb.webp,"[""#0b0c14"", ""#d5cbef""]","{""#0b0c14"": 0.696, ""#d5cbef"": 0.1277}",#0b0c14,dark neutral,"large typography, sidebar, rounded buttons, feature list, video background, search bar","creative, cool, retro",0.75,Creative layout with dark neutral tones featuring large typography and a video background.,"creative, cool, dark, retro, typography, video-background, rounded-buttons",6
Lapa Ninja (Post),Garoa Skincare,https://www.lapa.ninja/post/garoaskincare/,https://cdn.lapa.ninja/assets/images/1x/garoaskincare-thumb.webp,"[""#f0ebe7"", ""#180b05""]","{""#f0ebe7"": 0.4137, ""#180b05"": 0.2084}",#f0ebe7,light neutral,"grid layout, sidebar, feature list, pricing cards, rounded buttons, form","minimal, modern, luxury",0.71,Minimal grid layout with light neutral tones and rounded buttons for a modern feel.,"minimal, modern, light, grid, rounded-buttons, luxury, sidebar",2
Lapa Ninja (Post),Realtime Robotics,https://www.lapa.ninja/post/rtr/,https://cdn.lapa.ninja/assets/images/1x/rtr-thumb.webp,"[""#e6e6e6"", ""#151515""]","{""#e6e6e6"": 0.6711, ""#151515"": 0.2565}",#e6e6e6,light gray,"grid layout, large typography, pricing cards, data table, footer, top navigation","modern, minimal, futuristic",0.75,Modern grid layout with light gray background and large typography.,"modern, minimal, light-gray, grid, typography, professional",3
Lapa Ninja (Post),Wax Poetics,https://www.lapa.ninja/post/waxpoetics/,https://cdn.lapa.ninja/assets/images/1x/waxpoetics-thumb.webp,"[""#edeae8"", ""#837380""]","{""#edeae8"": 0.4342, ""#837380"": 0.2609}",#edeae8,light muted orange,"sidebar, two-column layout, icon list, video background, feature list, grid layout","retro, cool, calm",0.72,Two-column layout with light neutral background and a video feature list.,"retro, calm, neutral, grid, sidebar, modern, cool",6
Lapa Ninja (Post),Fat Free,https://www.lapa.ninja/post/hellofatfree/,https://cdn.lapa.ninja/assets/images/1x/hellofatfree-thumb.webp,"[""#ecebe7"", ""#dd9218""]","{""#ecebe7"": 0.6073, ""#dd9218"": 0.1148}",#ecebe7,light muted yellow,"video background, sidebar, avatar, large typography, split screen, hero image","modern, professional, futuristic",0.75,Modern split screen layout with light muted yellow hero and large typography.,"modern, professional, light, split-screen, hero, video-background",5
Lapa Ninja (Post),Gareth Hughes,https://www.lapa.ninja/post/gareth-hughes/,https://cdn.lapa.ninja/assets/images/1x/gareth-hughes-thumb.webp,"[""#030303""]","{""#030303"": 0.9446}",#030303,dark neutral,"large typography, video background, avatar, rounded buttons, footer, feature list","creative, artistic, cool",0.75,Creative layout with dark neutral tones featuring large typography and a video background.,"creative, artistic, dark, video-background, typography, rounded-buttons, modern",6
Lapa Ninja (Post),Reclaim,https://www.lapa.ninja/post/reclaimai/,https://cdn.lapa.ninja/assets/images/1x/reclaimai-thumb.webp,"[""#5762e8"", ""#dda0b5""]","{""#5762e8"": 0.369, ""#dda0b5"": 0.3565}",#5762e8,bright blue,"rounded buttons, grid layout, large typography, form, footer, sidebar","modern, minimal, calm",0.68,Modern grid layout with bright blue accents and rounded buttons.,"modern, minimal, bright-blue, grid, rounded-buttons, calm",2
Lapa Ninja (Post),Stacks,https://www.lapa.ninja/post/stacks/,https://cdn.lapa.ninja/assets/images/1x/stacks-thumb.webp,"[""#fcfcfc"", ""#7b71dd""]","{""#fcfcfc"": 0.6145, ""#7b71dd"": 0.1615}",#fcfcfc,light neutral,"rounded buttons, feature list, icon list, sidebar, cta button, grid layout","modern, futuristic, minimal",0.75,Modern grid layout with light neutral background and rounded buttons.,"modern, minimal, light, grid, rounded-buttons, sidebar",2
Lapa Ninja (Post),VoetsDesign,https://www.lapa.ninja/post/voetsdesign/,https://cdn.lapa.ninja/assets/images/1x/voetsdesign-thumb.webp,"[""#060e1f"", ""#38244a""]","{""#060e1f"": 0.8742, ""#38244a"": 0.0938}",#060e1f,dark neutral,"rounded buttons, grid layout, large typography, pricing cards, feature list, sidebar","modern, futuristic, minimal",0.75,Modern grid layout with dark neutral tones and large typography.,"modern, grid, dark-neutral, rounded-buttons, minimal, futuristic",4
Lapa Ninja (Post),Ghost 4.0,https://www.lapa.ninja/post/ghost/,https://cdn.lapa.ninja/assets/images/1x/ghost-03-17-2021-thumb.webp,"[""#b8968f"", ""#faf9fb""]","{""#b8968f"": 0.1895, ""#faf9fb"": 0.4949}",#b8968f,muted red,"grid layout, feature list, search bar, sidebar, rounded buttons, footer","modern, futuristic, minimal",0.59,Modern grid layout with light neutral background and rounded buttons.,"modern, grid, light, minimal, rounded-buttons, sidebar, footer",2
Lapa Ninja (Post),The European Review of Books,https://www.lapa.ninja/post/europeanreviewofbooks/,https://cdn.lapa.ninja/assets/images/1x/europeanreviewofbooks-thumb.webp,"[""#fdfcff"", ""#060505""]","{""#fdfcff"": 0.6788, ""#060505"": 0.151}",#fdfcff,light neutral,"large typography, sidebar, two-column layout, rounded buttons, footer, top navigation","futuristic, modern, minimal",0.75,Modern two-column layout with light neutral background and large typography.,"modern, minimal, light, two-column, typography, sidebar",1
Lapa Ninja (Post),NOKO NOKO,https://www.lapa.ninja/post/nokonoko/,https://cdn.lapa.ninja/assets/images/1x/nokonoko-thumb.webp,"[""#020202"", ""#f7f3f7""]","{""#020202"": 0.8847, ""#f7f3f7"": 0.0663}",#020202,dark neutral,"large typography, icon list, sidebar, footer, split screen, grid layout","modern, minimal, creative",0.75,Modern split screen layout with dark neutral tones and large typography.,"modern, minimal, dark, grid, sidebar, creative",0
Lapa Ninja (Post),Pupy,https://www.lapa.ninja/post/pupy/,https://cdn.lapa.ninja/assets/images/1x/pupy-thumb.webp,"[""#fefefe""]","{""#fefefe"": 0.9031}",#fefefe,light neutral,"rounded buttons, pricing cards, sidebar, cta button, feature list, top navigation","modern, futuristic, minimal",0.75,Modern layout with light neutral background featuring rounded buttons and a sidebar.,"modern, minimal, light, rounded-buttons, sidebar, clean",1
Lapa Ninja (Post),twobirds.,https://www.lapa.ninja/post/twobirds/,https://cdn.lapa.ninja/assets/images/1x/twobirds-thumb.webp,"[""#fefeff"", ""#030405""]","{""#fefeff"": 0.7873, ""#030405"": 0.136}",#fefeff,light neutral,"pricing cards, rounded buttons, sidebar, grid layout, large typography, footer","minimal, modern, professional",0.75,Minimal grid layout with light neutral background and prominent pricing cards.,"minimal, modern, professional, grid, pricing-cards, large-typography",7
Lapa Ninja (Post),Showtime,https://www.lapa.ninja/post/tryshowtime/,https://cdn.lapa.ninja/assets/images/1x/tryshowtime-thumb.webp,"[""#fffffe"", ""#202227""]","{""#fffffe"": 0.6853, ""#202227"": 0.0903}",#fffffe,light neutral,"rounded buttons, feature list, grid layout, sidebar, cta button, icon list","modern, futuristic, minimal",0.75,Modern grid layout with light neutral background and rounded buttons.,"modern, minimal, grid, rounded-buttons, sidebar, futuristic",2
Lapa Ninja (Post),The Hiring Chain,https://www.lapa.ninja/post/hiringchain/,https://cdn.lapa.ninja/assets/images/1x/hiringchain-thumb.webp,"[""#ddd5d1""]","{""#ddd5d1"": 0.9398}",#ddd5d1,muted orange,"large typography, form, sidebar, icon list, split screen, footer","creative, bold, minimal",0.75,Minimal split screen layout with light muted orange typography and a prominent sidebar.,"minimal, creative, light, split-screen, typography, sidebar, bold",0
Lapa Ninja (Post),Andrey Bolonev,https://www.lapa.ninja/post/bolonev/,https://cdn.lapa.ninja/assets/images/1x/bolonev-thumb.webp,"[""#1b1a1c"", ""#ae321e""]","{""#1b1a1c"": 0.7457, ""#ae321e"": 0.1203}",#1b1a1c,dark gray,"footer, sidebar, rounded buttons, large typography, centered hero, cta button","professional, modern, minimal",0.75,Professional layout with dark gray background and centered hero featuring rounded buttons.,"professional, modern, dark-gray, minimal, centered-hero, rounded-buttons",1
Lapa Ninja (Post),Château Boll,https://www.lapa.ninja/post/chateauboll/,https://cdn.lapa.ninja/assets/images/1x/chateauboll-thumb.webp,"[""#eae0e0"", ""#bfb0aa""]","{""#eae0e0"": 0.4883, ""#bfb0aa"": 0.193}",#eae0e0,light muted red,"grid layout, rounded buttons, sidebar, pricing cards, large typography, feature list","luxury, bold, modern",0.74,Modern grid layout with light muted red sidebar and large typography.,"modern, grid, light-muted-red, luxury, bold, rounded-buttons",7
Lapa Ninja (Post),Coder,https://www.lapa.ninja/post/coder-3/,https://cdn.lapa.ninja/assets/images/1x/coder-03-15-2021-thumb.webp,"[""#f5f5f5""]","{""#f5f5f5"": 0.8477}",#f5f5f5,light neutral,"feature list, icon list, rounded buttons, search bar, grid layout, sidebar","modern, minimal, cool",0.75,Modern grid layout with light neutral background and rounded buttons.,"modern, minimal, light, grid, rounded-buttons, sidebar, feature-list",2
Lapa Ninja (Post),Around,https://www.lapa.ninja/post/around/,https://cdn.lapa.ninja/assets/images/1x/around-thumb.webp,"[""#18191a"", ""#f9f9fa""]","{""#18191a"": 0.6476, ""#f9f9fa"": 0.1389}",#18191a,dark gray,"grid layout, rounded buttons, split screen, feature list, search bar, sidebar","modern, futuristic, minimal",0.75,Modern split screen layout with dark gray background and rounded buttons.,"modern, grid, dark-gray, rounded-buttons, minimal, futuristic",0
Lapa Ninja (Post),Lu Yu,https://www.lapa.ninja/post/luyu-2/,https://cdn.lapa.ninja/assets/images/1x/luyu-03-12-2021-thumb.webp,"[""#080809"", ""#2d2c31""]","{""#080809"": 0.5396, ""#2d2c31"": 0.2773}",#080809,dark neutral,"sidebar, video background, large typography, feature list, rounded buttons, grid layout","minimal, bold, cool",0.75,Minimal grid layout with dark neutral background and large typography.,"minimal, bold, dark, grid, typography, rounded-buttons",4
Lapa Ninja (Post),Tangan,https://www.lapa.ninja/post/tangan/,https://cdn.lapa.ninja/assets/images/1x/tangan-thumb.webp,"[""#f6f6f6"", ""#afafaf""]","{""#f6f6f6"": 0.415, ""#afafaf"": 0.1736}",#f6f6f6,light neutral,"large typography, sidebar, footer, rounded buttons, search bar, grid layout","minimal, modern, cool",0.71,Minimal grid layout with light neutral background and large typography.,"minimal, modern, light, grid, typography, rounded-buttons, sidebar",3
Lapa Ninja (Post),Jameen Tarlier,https://www.lapa.ninja/post/jameenctarlier/,https://cdn.lapa.ninja/assets/images/1x/jameenctarlier-thumb.webp,"[""#e6dfd7""]","{""#e6dfd7"": 0.9869}",#e6dfd7,light muted orange,"feature list, icon list, card list, top navigation, sidebar, rounded buttons","minimal, modern, cool",0.75,Minimal layout with light muted orange tones and rounded buttons for navigation.,"minimal, modern, light, rounded-buttons, navigation, card-list",2
Lapa Ninja (Post),Index,https://www.lapa.ninja/post/galeriaindex/,https://cdn.lapa.ninja/assets/images/1x/galeriaindex-thumb.webp,"[""#02f402"", ""#029302""]","{""#02f402"": 0.5306, ""#029302"": 0.1656}",#02f402,bright green,"large typography, sidebar, two-column layout, video background, icon list, grid layout","modern, creative, cool",0.75,Modern two-column layout with bright green typography and a video background.,"modern, creative, bright-green, two-column, video-background, grid",6
Lapa Ninja (Post),Showhere,https://www.lapa.ninja/post/showhere/,https://cdn.lapa.ninja/assets/images/1x/showhere-thumb.webp,"[""#28cf7e""]","{""#28cf7e"": 0.9425}",#28cf7e,bright green,"large typography, icon list, pricing cards, sidebar, rounded buttons, feature list","minimal, modern, futuristic",0.75,Minimal layout with bright green typography and rounded buttons for a modern feel.,"minimal, modern, bright-green, typography, rounded-buttons, pricing-cards",7
Lapa Ninja (Post),Animus Studios,https://www.lapa.ninja/post/animusstudios/,https://cdn.lapa.ninja/assets/images/1x/animusstudios-thumb.webp,"[""#111111"", ""#fdfcfc""]","{""#111111"": 0.3895, ""#fdfcfc"": 0.2186}",#111111,dark neutral,"rounded buttons, video background, large typography, feature list, carousel, sidebar","creative, artistic, cool",0.69,Creative layout with dark neutral tones featuring large typography and a video background.,"creative, artistic, dark, video-background, typography, modern, rounded-buttons",6
Lapa Ninja (Post),Talia Cotton,https://www.lapa.ninja/post/taliacotton/,https://cdn.lapa.ninja/assets/images/1x/taliacotton-thumb.webp,"[""#000000""]","{""#000000"": 0.9448}",#000000,dark neutral,"large typography, pricing cards, feature list, icon list, rounded buttons, sidebar","professional, creative, modern",0.75,Professional layout with dark neutral tones featuring large typography and rounded buttons.,"professional, modern, dark, typography, rounded-buttons, sidebar, pricing-cards",1
Lapa Ninja (Post),Blue Cyclops Design Co,https://www.lapa.ninja/post/bluecyclops-2/,https://cdn.lapa.ninja/assets/images/1x/bluecyclops-03-10-2021-thumb.webp,"[""#fefffe"", ""#d5e9e5""]","{""#fefffe"": 0.702, ""#d5e9e5"": 0.1483}",#fefffe,light neutral,"rounded buttons, grid layout, cta button, feature list, large typography, pricing cards","creative, friendly, bold",0.75,Creative grid layout with light neutral background and rounded buttons.,"creative, friendly, light, grid, rounded-buttons, bold, typography",3
Lapa Ninja (Post),Female Faces,https://www.lapa.ninja/post/femalefaces/,https://cdn.lapa.ninja/assets/images/1x/femalefaces-thumb.webp,"[""#010101""]","{""#010101"": 0.8731}",#010101,dark neutral,"feature list, icon list, rounded buttons, grid layout, data table, footer","minimal, modern, cool",0.75,Minimal grid layout with dark neutral tones and rounded buttons for a clean interface.,"minimal, modern, dark-neutral, grid, rounded-buttons, interface",2
Lapa Ninja (Post),Julie Blaive,https://www.lapa.ninja/post/julieblaive/,https://cdn.lapa.ninja/assets/images/1x/julieblaive-thumb.webp,"[""#e4ad87"", ""#5d2d0f""]","{""#e4ad87"": 0.2937, ""#5d2d0f"": 0.2674}",#e4ad87,bright orange,"grid layout, sidebar, rounded buttons, video background, split screen, feature list","luxury, artistic, modern",0.65,Modern grid layout with bright orange sidebar and rounded buttons.,"modern, luxury, grid, bright-orange, rounded-buttons, artistic, video-background",2
Lapa Ninja (Post),Amanda Yeh,https://www.lapa.ninja/post/amandayeh/,https://cdn.lapa.ninja/assets/images/1x/amandayeh-thumb.webp,"[""#a4debf"", ""#ffffff""]","{""#a4debf"": 0.2247, ""#ffffff"": 0.5622}",#a4debf,bright green,"grid layout, sidebar, video background, footer, split screen, two-column layout","modern, minimal, futuristic",0.61,Modern split screen layout with bright green video background and grid structure.,"modern, minimal, bright-green, grid, split-screen, video-background",5
Lapa Ninja (Post),Markit by Reify,https://www.lapa.ninja/post/gotomarkit/,https://cdn.lapa.ninja/assets/images/1x/gotomarkit-thumb.webp,"[""#fdf155"", ""#ffffff""]","{""#fdf155"": 0.3244, ""#ffffff"": 0.607}",#fdf155,bright yellow,"large typography, pricing cards, sidebar, grid layout, footer, rounded buttons","modern, professional, creative",0.66,Modern grid layout with bright yellow pricing cards and large typography.,"modern, professional, bright-yellow, grid, typography, rounded-buttons",7
Lapa Ninja (Post),Fleex,https://www.lapa.ninja/post/fleex/,https://cdn.lapa.ninja/assets/images/1x/fleex-thumb.webp,"[""#f7f3f0"", ""#917e6c""]","{""#f7f3f0"": 0.3582, ""#917e6c"": 0.2084}",#f7f3f0,light neutral,"rounded buttons, grid layout, large typography, split screen, feature list, video background","modern, minimal, professional",0.68,Modern split screen layout with light neutral background and large typography.,"modern, minimal, light, grid, professional, rounded-buttons, video-background",0
Lapa Ninja (Post),fatty15,https://www.lapa.ninja/post/fatty15/,https://cdn.lapa.ninja/assets/images/1x/fatty15-thumb.webp,"[""#f7f6f5"", ""#d2d2cc""]","{""#f7f6f5"": 0.8897, ""#d2d2cc"": 0.0748}",#f7f6f5,light neutral,"rounded buttons, large typography, grid layout, footer, form, pricing cards","trustworthy, minimal, futuristic",0.75,Minimal grid layout with light neutral background and large typography.,"minimal, grid, light, trustworthy, futuristic, rounded-buttons",3
Lapa Ninja (Post),Beasts of England,https://www.lapa.ninja/post/beastsofengland/,https://cdn.lapa.ninja/assets/images/1x/beastsofengland-thumb.webp,"[""#222222"", ""#fafaf9""]","{""#222222"": 0.8842, ""#fafaf9"": 0.0717}",#222222,dark gray,"sidebar, form, large typography, card list, centered hero, avatar","trustworthy, calm, bold",0.75,Bold dark gray layout featuring a centered hero and large typography.,"dark, bold, trustworthy, centered-hero, large-typography, calm",1
Lapa Ninja (Post),Heartcore,https://www.lapa.ninja/post/heartcore/,https://cdn.lapa.ninja/assets/images/1x/heartcore-thumb.webp,"[""#fbfcfd"", ""#f8c48d""]","{""#fbfcfd"": 0.6395, ""#f8c48d"": 0.1437}",#fbfcfd,light neutral,"sidebar, pricing cards, video background, feature list, grid layout, chart","modern, minimal, creative",0.75,Modern grid layout with light neutral background and pricing cards.,"modern, minimal, light, grid, pricing-cards, creative",7
Lapa Ninja (Post),Universal Favourite,https://www.lapa.ninja/post/universalfavourite/,https://cdn.lapa.ninja/assets/images/1x/universalfavourite-thumb.webp,"[""#f0eff6"", ""#e9ebd7""]","{""#f0eff6"": 0.5334, ""#e9ebd7"": 0.2798}",#f0eff6,light neutral,"sidebar, large typography, split screen, search bar, feature list, icon list","modern, futuristic, cool",0.75,Modern split screen layout with light neutral background and large typography.,"modern, split-screen, light, typography, sidebar, cool",0
Lapa Ninja (Post),Owl Labs,https://www.lapa.ninja/post/owllabs/,https://cdn.lapa.ninja/assets/images/1x/owllabs-thumb.webp,"[""#eaedf2"", ""#7e8bf4""]","{""#eaedf2"": 0.5144, ""#7e8bf4"": 0.2209}",#eaedf2,light neutral,"rounded buttons, cta button, split screen, sidebar, avatar, top navigation","futuristic, modern, bold",0.75,Modern split screen layout with light neutral background and rounded buttons.,"modern, split-screen, light, rounded-buttons, futuristic, clean",0
Lapa Ninja (Post),Calvados France,https://www.lapa.ninja/post/drinkcalvados/,https://cdn.lapa.ninja/assets/images/1x/drinkcalvados-thumb.webp,"[""#f1efef"", ""#a09988""]","{""#f1efef"": 0.3947, ""#a09988"": 0.2223}",#f1efef,light neutral,"sidebar, top navigation, large typography, carousel, feature list, grid layout","creative, artistic, calm",0.7,Creative grid layout with light neutral background and large typography.,"creative, calm, light, grid, typography, artistic, sidebar",3
Lapa Ninja (Post),Dennis Cortés,https://www.lapa.ninja/post/cortes/,https://cdn.lapa.ninja/assets/images/1x/cortes-thumb.webp,"[""#030202"", ""#b7a196""]","{""#030202"": 0.8256, ""#b7a196"": 0.0628}",#030202,dark neutral,"sidebar, feature list, video background, large typography, icon list, split screen","modern, professional, cool",0.75,Modern split screen layout with dark neutral background and large typography.,"modern, professional, dark, split-screen, typography, video-background",5
Lapa Ninja (Post),Courser,https://www.lapa.ninja/post/courserworld/,https://cdn.lapa.ninja/assets/images/1x/courserworld-thumb.webp,"[""#edeae1"", ""#d9ccb4""]","{""#edeae1"": 0.304, ""#d9ccb4"": 0.2766}",#edeae1,light muted orange,"video background, sidebar, icon list, large typography, footer, pricing cards","creative, artistic, modern",0.65,Creative layout with light muted orange video background and large typography.,"creative, modern, light-muted-orange, video-background, typography, sidebar",6
Lapa Ninja (Post),Lasse Fløde,https://www.lapa.ninja/post/lassefloede/,https://cdn.lapa.ninja/assets/images/1x/lassefloede-thumb.webp,"[""#fafaf9"", ""#1f1a18""]","{""#fafaf9"": 0.8009, ""#1f1a18"": 0.0578}",#fafaf9,light neutral,"grid layout, icon list, feature list, sidebar, video background, large typography","minimal, modern, artistic",0.75,Minimal grid layout with dark accents and large typography elements.,"minimal, modern, dark, grid, typography, artistic",4
Lapa Ninja (Post),Ysé Paris,https://www.lapa.ninja/post/yse-paris/,https://cdn.lapa.ninja/assets/images/1x/yse-paris-thumb.webp,"[""#d1baa2"", ""#fcfbfa""]","{""#d1baa2"": 0.2637, ""#fcfbfa"": 0.344}",#d1baa2,muted orange,"grid layout, rounded buttons, feature list, icon list, search bar, pricing cards","playful, luxury, elegant",0.63,Elegant grid layout with muted orange accents and rounded buttons.,"elegant, playful, grid, muted-orange, rounded-buttons, luxury",2
Lapa Ninja (Post),Bellerose,https://www.lapa.ninja/post/bellerose/,https://cdn.lapa.ninja/assets/images/1x/bellerose-thumb.webp,"[""#d8c6ae"", ""#fcf8f5""]","{""#d8c6ae"": 0.237, ""#fcf8f5"": 0.4804}",#d8c6ae,bright orange,"rounded buttons, grid layout, sidebar, split screen, feature list, large typography","minimal, modern, artistic",0.62,Minimal split screen layout with light neutral background and large typography.,"minimal, modern, light, grid, rounded-buttons, artistic, sidebar",0
Lapa Ninja (Post),Letters From Venus,https://www.lapa.ninja/post/lettersfromvenus-2/,https://cdn.lapa.ninja/assets/images/1x/lettersfromvenus-03-07-2021-thumb.webp,"[""#ffffff"", ""#0f0e0d""]","{""#ffffff"": 0.8002, ""#0f0e0d"": 0.0842}",#ffffff,light neutral,"sidebar, hero image, centered hero, feature list, icon list, two-column layout","modern, futuristic, cool",0.75,Modern two-column layout with dark accents and a centered hero image.,"modern, two-column, dark, hero, sidebar, futuristic",1
Lapa Ninja (Post),TIGHTYPE™,https://www.lapa.ninja/post/tightype/,https://cdn.lapa.ninja/assets/images/1x/tightype-thumb.webp,"[""#161616"", ""#fcfcfc""]","{""#161616"": 0.8805, ""#fcfcfc"": 0.0965}",#161616,dark gray,"large typography, icon list, card list, feature list, sidebar, grid layout","modern, futuristic, minimal",0.75,Modern grid layout with dark gray background and large typography elements.,"modern, grid, dark-gray, typography, minimal, futuristic",4
Lapa Ninja (Post),Defund to Refund,https://www.lapa.ninja/post/defund2refund/,https://cdn.lapa.ninja/assets/images/1x/defund2refund-thumb.webp,"[""#1e1a17"", ""#f8f3e9""]","{""#1e1a17"": 0.5091, ""#f8f3e9"": 0.472}",#1e1a17,dark muted orange,"large typography, rounded buttons, sidebar, pricing cards, form, footer","friendly, bold, cool",0.75,Bold layout with dark muted orange typography and rounded buttons.,"bold, friendly, dark-muted-orange, typography, rounded-buttons, sidebar, pricing-cards",7
Lapa Ninja (Post),Lenonguyen,https://www.lapa.ninja/post/lenonguyen/,https://cdn.lapa.ninja/assets/images/1x/lenonguyen-thumb.webp,"[""#1d1c1c"", ""#999998""]","{""#1d1c1c"": 0.7941, ""#999998"": 0.0651}",#1d1c1c,dark gray,"rounded buttons, large typography, footer, sidebar, grid layout, feature list","minimal, modern, futuristic",0.75,Minimal grid layout with dark gray typography and rounded buttons.,"minimal, modern, dark-gray, grid, rounded-buttons, typography, futuristic",4
Lapa Ninja (Post),Jonathan Alpmyr,https://www.lapa.ninja/post/jonathanalpmyr/,https://cdn.lapa.ninja/assets/images/1x/jonathanalpmyr-thumb.webp,"[""#03040b"", ""#111732""]","{""#03040b"": 0.5107, ""#111732"": 0.4135}",#03040b,dark neutral,"large typography, sidebar, logo, grid layout, video background, split screen","creative, modern, futuristic",0.75,Modern split screen layout with dark neutral background and large typography.,"modern, creative, dark, grid, typography, video-background",5
Lapa Ninja (Post),Bruno,https://www.lapa.ninja/post/callbruno/,https://cdn.lapa.ninja/assets/images/1x/callbruno-thumb.webp,"[""#111111"", ""#ffffff""]","{""#111111"": 0.2601, ""#ffffff"": 0.5731}",#111111,dark neutral,"pricing cards, rounded buttons, sidebar, feature list, large typography, icon list","modern, futuristic, minimal",0.63,Modern layout featuring dark neutral pricing cards and large typography with rounded buttons.,"modern, minimal, dark-neutral, pricing-cards, rounded-buttons, typography",7
Lapa Ninja (Post),Hanai World,https://www.lapa.ninja/post/hanaiworld/,https://cdn.lapa.ninja/assets/images/1x/hanaiworld-thumb.webp,"[""#2a2629"", ""#594e4b""]","{""#2a2629"": 0.4325, ""#594e4b"": 0.1883}",#2a2629,dark gray,"avatar, sidebar, large typography, logo, rounded buttons, video background","futuristic, cool, warm",0.72,Futuristic layout with dark gray background and large typography featuring rounded buttons.,"futuristic, dark-gray, large-typography, rounded-buttons, video-background, sidebar",6
Lapa Ninja (Post),Huge XD School,https://www.lapa.ninja/post/huge-xd-school/,https://cdn.lapa.ninja/assets/images/1x/huge-xd-school-thumb.webp,"[""#010101"", ""#434356""]","{""#010101"": 0.8312, ""#434356"": 0.0657}",#010101,dark neutral,"large typography, pricing cards, sidebar, form, rounded buttons, video background","cool, modern, futuristic",0.75,Modern layout with dark neutral tones featuring large typography and rounded buttons.,"modern, cool, dark, typography, rounded-buttons, sidebar, pricing-cards",1
Lapa Ninja (Post),Tracklib,https://www.lapa.ninja/post/tracklib/,https://cdn.lapa.ninja/assets/images/1x/tracklib-thumb.webp,"[""#0f0e0e"", ""#513725""]","{""#0f0e0e"": 0.7708, ""#513725"": 0.087}",#0f0e0e,dark neutral,"video background, sidebar, feature list, icon list, avatar, large typography","artistic, modern, retro",0.75,Modern layout with dark neutral video background and large typography.,"modern, artistic, dark, video-background, typography, sidebar",6
Lapa Ninja (Post),Black Lines,https://www.lapa.ninja/post/blacklinesdrinks/,https://cdn.lapa.ninja/assets/images/1x/blacklinesdrinks-thumb.webp,"[""#000000"", ""#fcfcfc""]","{""#000000"": 0.3425, ""#fcfcfc"": 0.5275}",#000000,dark neutral,"sidebar, large typography, rounded buttons, grid layout, footer, search bar","minimal, luxury, bold",0.67,Minimal grid layout with dark neutral tones and large typography.,"minimal, luxury, bold, dark, grid, typography, rounded-buttons",4
Lapa Ninja (Post),Alfread,https://www.lapa.ninja/post/alfreadapp/,https://cdn.lapa.ninja/assets/images/1x/alfreadapp-03-04-2021-thumb.webp,"[""#fdfdfc""]","{""#fdfdfc"": 0.9407}",#fdfdfc,light neutral,"top navigation, sidebar, cta button, rounded buttons, search bar, feature list","modern, minimal, bold",0.75,Modern layout with light neutral tones featuring a top navigation and rounded buttons.,"modern, minimal, light, navigation, rounded-buttons, clean",1
Lapa Ninja (Post),Monograph,https://www.lapa.ninja/post/monograph-4/,https://cdn.lapa.ninja/assets/images/1x/monograph-03-04-20211-thumb.webp,"[""#fefefe"", ""#101c27""]","{""#fefefe"": 0.8366, ""#101c27"": 0.0702}",#fefefe,light neutral,"grid layout, rounded buttons, footer, large typography, pricing cards, feature list","professional, minimal, modern",0.75,Professional grid layout with dark accents and large typography elements.,"professional, minimal, dark, grid, typography, modern, rounded-buttons",4
Lapa Ninja (Post),Ternary,https://www.lapa.ninja/post/ternary/,https://cdn.lapa.ninja/assets/images/1x/ternary-thumb.webp,"[""#023280"", ""#f9fafb""]","{""#023280"": 0.3141, ""#f9fafb"": 0.6166}",#023280,bright blue,"grid layout, rounded buttons, feature list, pricing cards, sidebar, cta button","professional, modern, minimal",0.66,Professional grid layout with bright blue accents and rounded buttons.,"modern, minimal, grid, bright-blue, rounded-buttons, professional",2
Lapa Ninja (Post),MyPayNow,https://www.lapa.ninja/post/mypaynow/,https://cdn.lapa.ninja/assets/images/1x/mypaynow-thumb.webp,"[""#6f26d0"", ""#fefdfe""]","{""#6f26d0"": 0.4312, ""#fefdfe"": 0.4566}",#6f26d0,bright purple,"rounded buttons, pricing cards, footer, sidebar, top navigation, grid layout","modern, futuristic, minimal",0.72,Modern grid layout with bright purple pricing cards and rounded buttons.,"modern, grid, bright-purple, rounded-buttons, pricing, minimal",7
Lapa Ninja (Post),Pablito Planeta,https://www.lapa.ninja/post/pablitoplaneta/,https://cdn.lapa.ninja/assets/images/1x/pablitoplaneta-thumb.webp,"[""#030102"", ""#faf9f9""]","{""#030102"": 0.7965, ""#faf9f9"": 0.056}",#030102,dark neutral,"large typography, sidebar, footer, rounded buttons, feature list, icon list","futuristic, modern, artistic",0.75,Modern layout with dark neutral tones featuring large typography and rounded buttons.,"modern, dark, typography, rounded-buttons, sidebar, artistic",1
Lapa Ninja (Post),Thingtesting,https://www.lapa.ninja/post/thingtesting/,https://cdn.lapa.ninja/assets/images/1x/thingtesting-thumb.webp,"[""#fefefe"", ""#ccc9c5""]","{""#fefefe"": 0.8244, ""#ccc9c5"": 0.0707}",#fefefe,light neutral,"rounded buttons, sidebar, grid layout, feature list, large typography, pricing cards","professional, minimal, modern",0.75,Professional grid layout with light neutral background and rounded buttons.,"professional, minimal, light, grid, rounded-buttons, modern",2
Lapa Ninja (Post),Viso Haus,https://www.lapa.ninja/post/viso-haus/,https://cdn.lapa.ninja/assets/images/1x/viso-haus-thumb.webp,"[""#ffffff"", ""#010101""]","{""#ffffff"": 0.8031, ""#010101"": 0.1442}",#ffffff,light neutral,"large typography, feature list, two-column layout, sidebar, grid layout, icon list","futuristic, professional, vibrant",0.75,Professional two-column layout with dark muted gray typography and a structured feature list.,"professional, futuristic, dark-muted-gray, two-column, grid, structured",1
Lapa Ninja (Post),Wild Souls,https://www.lapa.ninja/post/wildsouls/,https://cdn.lapa.ninja/assets/images/1x/wildsouls-thumb.webp,"[""#b75741"", ""#dad2e1""]","{""#b75741"": 0.3619, ""#dad2e1"": 0.2662}",#b75741,bright red,"rounded buttons, large typography, grid layout, sidebar, feature list, pricing cards","minimal, bold, luxury",0.68,Minimal grid layout with bold red typography and rounded buttons.,"minimal, bold, red, grid, rounded-buttons, luxury",7
Lapa Ninja (Post),Irys,https://www.lapa.ninja/post/heyirys/,https://cdn.lapa.ninja/assets/images/1x/heyirys-thumb.webp,"[""#e4f9ef"", ""#fefefe""]","{""#e4f9ef"": 0.344, ""#fefefe"": 0.4943}",#e4f9ef,light neutral,"grid layout, large typography, rounded buttons, footer, form, data table","modern, minimal, futuristic",0.67,Modern grid layout with light neutral tones and large typography.,"modern, minimal, light, grid, typography, rounded-buttons, footer",3
Lapa Ninja (Post),Adam Ho,https://www.lapa.ninja/post/adamho-3/,https://cdn.lapa.ninja/assets/images/1x/adamho-03-02-2021-thumb.webp,"[""#fde8f4"", ""#ffffff""]","{""#fde8f4"": 0.4072, ""#ffffff"": 0.5695}",#fde8f4,light neutral,"large typography, form, sidebar, pricing cards, footer, two-column layout","minimal, modern, calm",0.7,Minimal two-column layout with light neutral background and large typography.,"minimal, modern, calm, light, typography, two-column, layout",1
Lapa Ninja (Post),Cult Gaia,https://www.lapa.ninja/post/cultgaia/,https://cdn.lapa.ninja/assets/images/1x/cultgaia-thumb.webp,"[""#f4f4ee"", ""#51493f""]","{""#f4f4ee"": 0.5734, ""#51493f"": 0.2264}",#f4f4ee,light neutral,"video background, large typography, rounded buttons, sidebar, grid layout, form","minimal, cool, creative",0.75,Minimal grid layout with light neutral background and large typography.,"minimal, grid, light, creative, video-background, rounded-buttons",3
Lapa Ninja (Post),Cosmic Collusion,https://www.lapa.ninja/post/cosmiccollusion/,https://cdn.lapa.ninja/assets/images/1x/cosmiccollusion-thumb.webp,"[""#ebe9e8"", ""#ecc4b4""]","{""#ebe9e8"": 0.7191, ""#ecc4b4"": 0.101}",#ebe9e8,light gray,"large typography, feature list, logo, sidebar, pricing cards, card list","artistic, professional, futuristic",0.75,Professional layout with light gray background and large typography for emphasis.,"artistic, professional, light-gray, typography, sidebar, pricing-cards",7
Lapa Ninja (Post),TRWM,https://www.lapa.ninja/post/takearidewithme/,https://cdn.lapa.ninja/assets/images/1x/takearidewithme-thumb.webp,"[""#010101"", ""#53483c""]","{""#010101"": 0.4318, ""#53483c"": 0.1909}",#010101,dark neutral,"sidebar, large typography, video background, feature list, form, logo","minimal, modern, cool",0.72,Minimal layout with dark neutral tones featuring large typography and a video background.,"minimal, modern, dark, typography, video, layout",6
Lapa Ninja (Post),Josh W Comeau,https://www.lapa.ninja/post/joshwcomeau/,https://cdn.lapa.ninja/assets/images/1x/joshwcomeau-thumb.webp,"[""#0e151d""]","{""#0e151d"": 0.9484}",#0e151d,dark muted blue,"rounded buttons, sidebar, feature list, grid layout, footer, top navigation","modern, futuristic, minimal",0.75,Modern grid layout with dark muted blue sidebar and rounded buttons.,"modern, minimal, dark-muted-blue, grid, sidebar, rounded-buttons",2
Lapa Ninja (Post),Order,https://www.lapa.ninja/post/order-design/,https://cdn.lapa.ninja/assets/images/1x/order-design-thumb.webp,"[""#141414"", ""#f1af1f""]","{""#141414"": 0.5201, ""#f1af1f"": 0.2948}",#141414,dark neutral,"large typography, grid layout, pricing cards, icon list, sidebar, form","modern, minimal, artistic",0.75,Modern grid layout with dark neutral background and large typography elements.,"modern, minimal, dark, grid, typography, artistic, pricing-cards",7
Lapa Ninja (Post),Quill,https://www.lapa.ninja/post/quill-2/,https://cdn.lapa.ninja/assets/images/1x/quill-02-24-2021-thumb.webp,"[""#070607"", ""#d8e4e6""]","{""#070607"": 0.3944, ""#d8e4e6"": 0.1997}",#070607,dark neutral,"rounded buttons, sidebar, grid layout, pricing cards, split screen, feature list","futuristic, modern, cool",0.7,Modern grid layout with dark neutral tones and rounded buttons.,"modern, grid, dark, rounded-buttons, sidebar, futuristic",2
Lapa Ninja (Post),Rider.404,https://www.lapa.ninja/post/rider404/,https://cdn.lapa.ninja/assets/images/1x/rider404-thumb.webp,"[""#121212"", ""#4a574e""]","{""#121212"": 0.6353, ""#4a574e"": 0.1267}",#121212,dark neutral,"sidebar, feature list, video background, large typography, avatar, grid layout","modern, minimal, retro",0.75,Modern grid layout with dark neutral background and large typography.,"modern, minimal, dark, grid, typography, sidebar, video-background",6
Lapa Ninja (Post),Easol,https://www.lapa.ninja/post/easol/,https://cdn.lapa.ninja/assets/images/1x/easol-thumb.webp,"[""#09090a"", ""#fdfbf6""]","{""#09090a"": 0.3513, ""#fdfbf6"": 0.3867}",#09090a,dark neutral,"sidebar, feature list, avatar, pricing cards, split screen, top navigation","modern, futuristic, retro",0.68,Modern split screen layout with dark neutral sidebar and feature list.,"modern, split-screen, dark-neutral, sidebar, feature-list, pricing-cards",0
Lapa Ninja (Post),Happy Tooth,https://www.lapa.ninja/post/happytoothslc/,https://cdn.lapa.ninja/assets/images/1x/happytoothslc-thumb.webp,"[""#eeede0"", ""#aabab5""]","{""#eeede0"": 0.4379, ""#aabab5"": 0.2789}",#eeede0,light muted yellow,"video background, footer, grid layout, rounded buttons, sidebar, feature list","cool, creative, friendly",0.72,Friendly grid layout with light muted yellow background and rounded buttons.,"friendly, grid, light, rounded-buttons, video-background, creative",2
Lapa Ninja (Post),Vucko,https://www.lapa.ninja/post/vucko/,https://cdn.lapa.ninja/assets/images/1x/vucko-thumb.webp,"[""#fefefe"", ""#ba5154""]","{""#fefefe"": 0.6347, ""#ba5154"": 0.1595}",#fefefe,light neutral,"rounded buttons, large typography, sidebar, split screen, pricing cards, two-column layout","modern, futuristic, minimal",0.75,Modern split screen layout with dark muted red pricing cards and large typography.,"modern, split-screen, dark-muted-red, pricing-cards, rounded-buttons, minimal",0
Lapa Ninja (Post),Fifty Editions,https://www.lapa.ninja/post/fiftyeditions-2/,https://cdn.lapa.ninja/assets/images/1x/fiftyeditions-02-24-2021-thumb.webp,"[""#f5f5f5"", ""#0b0b0a""]","{""#f5f5f5"": 0.6845, ""#0b0b0a"": 0.1604}",#f5f5f5,light neutral,"icon list, pricing cards, grid layout, large typography, rounded buttons, card list","modern, minimal, artistic",0.75,Modern grid layout with light neutral background and large typography.,"modern, minimal, light, grid, typography, rounded-buttons, artistic",3
Lapa Ninja (Post),Utopia Agriculture,https://www.lapa.ninja/post/utopiaagriculture/,https://cdn.lapa.ninja/assets/images/1x/utopiaagriculture-thumb.webp,"[""#d9f3e5"", ""#0a1d1d""]","{""#d9f3e5"": 0.3707, ""#0a1d1d"": 0.2652}",#d9f3e5,light bright green,"sidebar, feature list, grid layout, video background, large typography, logo","luxury, cool, creative",0.69,Creative grid layout with light bright green background and large typography.,"luxury, cool, green, grid, video-background, modern",6
Lapa Ninja (Post),Emma Tulloch Architects,https://www.lapa.ninja/post/emmatulloch/,https://cdn.lapa.ninja/assets/images/1x/emmatulloch-thumb.webp,"[""#ececec"", ""#bbbdb8""]","{""#ececec"": 0.836, ""#bbbdb8"": 0.0587}",#ececec,light neutral,"grid layout, form, pricing cards, feature list, data table, single column","modern, minimal, luxury",0.75,Modern grid layout with light neutral background and structured pricing cards.,"modern, minimal, light, grid, luxury, structured, pricing-cards",7
Lapa Ninja (Post),Powder,https://www.lapa.ninja/post/powder/,https://cdn.lapa.ninja/assets/images/1x/powder-thumb.webp,"[""#0c070d"", ""#cea9eb""]","{""#0c070d"": 0.8192, ""#cea9eb"": 0.0601}",#0c070d,dark neutral,"sidebar, large typography, feature list, pricing cards, split screen, video background","professional, futuristic, cool",0.75,Professional split screen layout with dark neutral background and large typography.,"professional, futuristic, dark, split-screen, typography, video-background",5
Lapa Ninja (Post),Peddlers Gin,https://www.lapa.ninja/post/peddlersgin/,https://cdn.lapa.ninja/assets/images/1x/peddlersgin-thumb.webp,"[""#00463a"", ""#0f1a0f""]","{""#00463a"": 0.4698, ""#0f1a0f"": 0.4169}",#00463a,dark bright teal,"large typography, sidebar, rounded buttons, hero image, grid layout, centered hero","cool, creative, modern",0.73,Modern grid layout with dark bright teal hero and large typography.,"modern, grid, dark-bright-teal, large-typography, rounded-buttons, creative",4
Lapa Ninja (Post),Abstract Notebooks,https://www.lapa.ninja/post/abstract-3/,https://cdn.lapa.ninja/assets/images/1x/abstract-02-24-2021-thumb.webp,"[""#000001"", ""#ffffff""]","{""#000001"": 0.5427, ""#ffffff"": 0.4376}",#000001,dark neutral,"large typography, rounded buttons, sidebar, cta button, pricing cards, split screen","professional, minimal, modern",0.75,Professional split screen layout with dark neutral tones and large typography.,"professional, minimal, dark, typography, split-screen, modern",0
Lapa Ninja (Post),Gunnar Freyr,https://www.lapa.ninja/post/icelandicexplorer/,https://cdn.lapa.ninja/assets/images/1x/icelandicexplorer-thumb.webp,"[""#111414"", ""#3a3e3c""]","{""#111414"": 0.4311, ""#3a3e3c"": 0.39}",#111414,dark neutral,"large typography, top navigation, grid layout, avatar, rounded buttons, sidebar","futuristic, modern, minimal",0.72,Modern grid layout with dark neutral tones and large typography.,"modern, grid, dark, minimal, typography, sidebar",4
Lapa Ninja (Post),Circule,https://www.lapa.ninja/post/studiocircule/,https://cdn.lapa.ninja/assets/images/1x/studiocircule-thumb.webp,"[""#f7f7f7"", ""#61646c""]","{""#f7f7f7"": 0.8601, ""#61646c"": 0.063}",#f7f7f7,light neutral,"large typography, grid layout, icon list, single column, pricing cards, sidebar","modern, minimal, artistic",0.75,Modern grid layout with light neutral background and large typography elements.,"modern, minimal, grid, typography, artistic, sidebar",3
Lapa Ninja (Post),Too Gallus,https://www.lapa.ninja/post/toogallus/,https://cdn.lapa.ninja/assets/images/1x/toogallus-thumb.webp,"[""#0d0d0d""]","{""#0d0d0d"": 0.9125}",#0d0d0d,dark neutral,"large typography, feature list, sidebar, footer, icon list, pricing cards","cool, creative, futuristic",0.75,Creative layout with dark neutral tones featuring large typography and a structured sidebar.,"cool, creative, dark, futuristic, sidebar, typography, structured",1
Lapa Ninja (Post),Whiteboard,https://www.lapa.ninja/post/whiteboard-3/,https://cdn.lapa.ninja/assets/images/1x/whiteboard-02-24-2021-thumb.webp,"[""#252726"", ""#fefefe""]","{""#252726"": 0.1812, ""#fefefe"": 0.5559}",#252726,dark gray,"large typography, sidebar, form, avatar, footer, video background","futuristic, modern, professional",0.59,Modern layout with dark gray sidebar and large typography elements.,"modern, professional, dark-gray, sidebar, typography, video-background",6
Lapa Ninja (Post),Andy Works,https://www.lapa.ninja/post/andy-works/,https://cdn.lapa.ninja/assets/images/1x/andy-thumb.webp,"[""#dfdfdf"", ""#ffffff""]","{""#dfdfdf"": 0.2352, ""#ffffff"": 0.6731}",#dfdfdf,light gray,"rounded buttons, pricing cards, sidebar, large typography, cta button, feature list","cool, creative, bold",0.62,Creative layout with light gray background featuring large typography and rounded buttons.,"cool, creative, light-gray, bold, rounded-buttons, typography, modern",7
Lapa Ninja (Post),Bitski,https://www.lapa.ninja/post/bitski/,https://cdn.lapa.ninja/assets/images/1x/bitski-thumb.webp,"[""#1f1f1e""]","{""#1f1f1e"": 0.9193}",#1f1f1e,dark gray,"sidebar, rounded buttons, footer, cta button, search bar, avatar","futuristic, modern, retro",0.75,Modern layout with dark gray sidebar and rounded buttons for navigation.,"modern, dark-gray, sidebar, rounded-buttons, futuristic, clean",2
Lapa Ninja (Post),Murmur,https://www.lapa.ninja/post/murmur/,https://cdn.lapa.ninja/assets/images/1x/murmur-thumb.webp,"[""#fbfaf9""]","{""#fbfaf9"": 0.9231}",#fbfaf9,light neutral,"sidebar, split screen, grid layout, rounded buttons, search bar, feature list","modern, professional, minimal",0.75,Modern split screen layout with light neutral background and rounded buttons.,"modern, professional, minimal, grid, sidebar, rounded-buttons",0
Lapa Ninja (Post),Gavin Nelson,https://www.lapa.ninja/post/nelson/,https://cdn.lapa.ninja/assets/images/1x/nelson-thumb.webp,"[""#1e2738""]","{""#1e2738"": 0.9286}",#1e2738,dark muted blue,"rounded buttons, grid layout, search bar, large typography, footer, icon list","minimal, modern, futuristic",0.75,Minimal grid layout with dark muted blue tones and large typography elements.,"minimal, modern, dark-muted-blue, grid, typography, rounded-buttons",4
Lapa Ninja (Post),Duo Studio,https://www.lapa.ninja/post/duo-studio/,https://cdn.lapa.ninja/assets/images/1x/duo-studio-thumb.webp,"[""#121921"", ""#fefefd""]","{""#121921"": 0.4062, ""#fefefd"": 0.4966}",#121921,dark muted blue,"grid layout, large typography, rounded buttons, sidebar, pricing cards, avatar","minimal, professional, modern",0.7,Minimal grid layout with dark muted blue tones and large typography.,"minimal, professional, dark-muted-blue, grid, typography, modern, rounded-buttons",4
Lapa Ninja (Post),LeMond,https://www.lapa.ninja/post/lemond/,https://cdn.lapa.ninja/assets/images/1x/lemond-thumb.webp,"[""#010101"", ""#edede9""]","{""#010101"": 0.4908, ""#edede9"": 0.4483}",#010101,dark neutral,"grid layout, large typography, rounded buttons, icon list, top navigation, feature list","minimal, modern, futuristic",0.75,Minimal grid layout with dark neutral tones and large typography.,"minimal, modern, dark, grid, typography, rounded-buttons, futuristic",4
Lapa Ninja (Post),Apostrophe,https://www.lapa.ninja/post/apostrophe/,https://cdn.lapa.ninja/assets/images/1x/apostrophe-thumb.webp,"[""#fef980"", ""#fef7eb""]","{""#fef980"": 0.2286, ""#fef7eb"": 0.4937}",#fef980,bright yellow,"grid layout, pricing cards, large typography, sidebar, rounded buttons, feature list","trustworthy, luxury, minimal",0.61,Minimal grid layout with light yellow pricing cards and large typography.,"minimal, grid, light-yellow, luxury, trustworthy, rounded-buttons",7
Lapa Ninja (Post),Concrete Club Studio,https://www.lapa.ninja/post/concreteclub/,https://cdn.lapa.ninja/assets/images/1x/concreteclub-thumb.webp,"[""#faf6f3"", ""#615c54""]","{""#faf6f3"": 0.9092, ""#615c54"": 0.0682}",#faf6f3,light neutral,"icon list, sidebar, feature list, rounded buttons, two-column layout, large typography","modern, futuristic, cool",0.75,Modern two-column layout with light neutral background and large typography elements.,"modern, two-column, light, typography, rounded-buttons, sidebar, cool",1
Lapa Ninja (Post),Silvia Tcherassi,https://www.lapa.ninja/post/silviatcherassi/,https://cdn.lapa.ninja/assets/images/1x/silviatcherassi-thumb.webp,"[""#d9d3c9"", ""#fefcf7""]","{""#d9d3c9"": 0.2183, ""#fefcf7"": 0.4263}",#d9d3c9,muted orange,"grid layout, rounded buttons, pricing cards, sidebar, feature list, video background","elegant, luxury, cool",0.61,Elegant grid layout with muted orange pricing cards and rounded buttons.,"elegant, luxury, muted-orange, grid, rounded-buttons, pricing-cards",7
Lapa Ninja (Post),Garden City Center,https://www.lapa.ninja/post/gardencitycenter/,https://cdn.lapa.ninja/assets/images/1x/gardencitycenter-thumb.webp,"[""#e7c6c9"", ""#1d278d""]","{""#e7c6c9"": 0.3337, ""#1d278d"": 0.2524}",#e7c6c9,bright red,"grid layout, sidebar, pricing cards, feature list, large typography, video background","modern, artistic, luxury",0.67,Modern grid layout with light red sidebar and large typography.,"modern, grid, light-red, luxury, artistic, sidebar",7
Lapa Ninja (Post),Steven Mengin,https://www.lapa.ninja/post/stevenmengin/,https://cdn.lapa.ninja/assets/images/1x/stevenmengin-thumb.webp,"[""#1a1919"", ""#493f3a""]","{""#1a1919"": 0.5123, ""#493f3a"": 0.1785}",#1a1919,dark gray,"centered hero, sidebar, hero image, video background, feature list, large typography","modern, minimal, artistic",0.75,Modern layout with dark gray hero image and large typography features.,"modern, minimal, dark-gray, centered-hero, video-background, artistic",6
Lapa Ninja (Post),MOTH,https://www.lapa.ninja/post/mothdrinks/,https://cdn.lapa.ninja/assets/images/1x/mothdrinks-thumb.webp,"[""#090908"", ""#f6f6ee""]","{""#090908"": 0.7075, ""#f6f6ee"": 0.2513}",#090908,dark neutral,"large typography, logo, video background, sidebar, form, avatar","modern, minimal, trustworthy",0.75,Modern layout with dark neutral tones featuring large typography and a video background.,"modern, minimal, dark, typography, video, trustworthy",6
Lapa Ninja (Post),Ten Two,https://www.lapa.ninja/post/tentwo/,https://cdn.lapa.ninja/assets/images/1x/tentwo-thumb.webp,"[""#f8f8f6"", ""#225979""]","{""#f8f8f6"": 0.6908, ""#225979"": 0.123}",#f8f8f6,light neutral,"rounded buttons, avatar, sidebar, icon list, large typography, form","modern, futuristic, creative",0.75,Modern layout with light neutral background and large typography elements.,"modern, creative, light, typography, rounded-buttons, sidebar",1
Lapa Ninja (Post),Pretty Wild,https://www.lapa.ninja/post/itsallprettywild/,https://cdn.lapa.ninja/assets/images/1x/itsallprettywild-thumb.webp,"[""#251f20"", ""#b9bdbf""]","{""#251f20"": 0.4577, ""#b9bdbf"": 0.3365}",#251f20,dark gray,"video background, feature list, sidebar, pricing cards, card list, split screen","luxury, professional, creative",0.73,Professional split screen layout with dark gray video background and feature list.,"professional, luxury, dark-gray, split-screen, video-background, feature-list",5
Lapa Ninja (Post),Never Sit Still,https://www.lapa.ninja/post/neversitstill/,https://cdn.lapa.ninja/assets/images/1x/neversitstill-thumb.webp,"[""#f9faf9"", ""#0c1014""]","{""#f9faf9"": 0.6816, ""#0c1014"": 0.1099}",#f9faf9,light neutral,"large typography, sidebar, pricing cards, grid layout, feature list, footer","modern, minimal, futuristic",0.75,Modern grid layout with light neutral background and large typography.,"modern, minimal, light, grid, typography, pricing-cards",3
Lapa Ninja (Post),Mass-Driver,https://www.lapa.ninja/post/mass-driver/,https://cdn.lapa.ninja/assets/images/1x/mass-driver-thumb.webp,"[""#f1f1f1"", ""#030303""]","{""#f1f1f1"": 0.8383, ""#030303"": 0.1332}",#f1f1f1,light neutral,"large typography, grid layout, two-column layout, pricing cards, icon list, footer","modern, minimal, creative",0.75,Modern grid layout with light neutral background and large typography.,"modern, minimal, grid, typography, two-column, creative",3
Lapa Ninja (Post),MONUMENTO,https://www.lapa.ninja/post/monumento/,https://cdn.lapa.ninja/assets/images/1x/monumento-thumb.webp,"[""#fefefe"", ""#e35e31""]","{""#fefefe"": 0.821, ""#e35e31"": 0.0558}",#fefefe,light neutral,"large typography, top navigation, sidebar, two-column layout, pricing cards, video background","creative, modern, artistic",0.75,Creative two-column layout with light neutral background and large typography.,"modern, artistic, neutral, two-column, typography, sidebar, pricing-cards",1
Lapa Ninja (Post),oioi.gg,https://www.lapa.ninja/post/oioi/,https://cdn.lapa.ninja/assets/images/1x/oioi-thumb.webp,"[""#f8f5f1""]","{""#f8f5f1"": 0.8949}",#f8f5f1,light neutral,"pricing cards, grid layout, large typography, icon list, sidebar, card list","cool, creative, retro",0.75,Creative grid layout with light neutral background and large typography for pricing cards.,"cool, creative, grid, light-neutral, typography, pricing-cards, retro",7
Lapa Ninja (Post),Cafe Robot,https://www.lapa.ninja/post/cafe-robot/,https://cdn.lapa.ninja/assets/images/1x/cafe-robot-thumb.webp,"[""#e6c7df"", ""#08050b""]","{""#e6c7df"": 0.3282, ""#08050b"": 0.2799}",#e6c7df,bright magenta,"sidebar, two-column layout, grid layout, feature list, chart, pricing cards","modern, cool, bold",0.66,Modern two-column layout with bright magenta sidebar and grid feature list.,"modern, two-column, bright-magenta, grid, cool, bold",1
Lapa Ninja (Post),WILD FI,https://www.lapa.ninja/post/wild-fi/,https://cdn.lapa.ninja/assets/images/1x/wild-fi-thumb.webp,"[""#fec202"", ""#fefefe""]","{""#fec202"": 0.4142, ""#fefefe"": 0.5109}",#fec202,bright yellow,"large typography, sidebar, pricing cards, rounded buttons, split screen, centered hero","professional, trustworthy, modern",0.71,Professional split screen layout with bright yellow sidebar and large typography.,"professional, modern, bright-yellow, sidebar, typography, rounded-buttons",0
Lapa Ninja (Post),Comme Si,https://www.lapa.ninja/post/commesi-2/,https://cdn.lapa.ninja/assets/images/1x/commesi-02-08-2021-thumb.webp,"[""#e8ebee"", ""#b9bec2""]","{""#e8ebee"": 0.2429, ""#b9bec2"": 0.2391}",#e8ebee,light neutral,"large typography, grid layout, footer, rounded buttons, sidebar, hero image","creative, cool, modern",0.62,Modern grid layout with light neutral tones and large typography.,"modern, grid, light, creative, typography, rounded-buttons",3
Lapa Ninja (Post),Framer,https://www.lapa.ninja/post/framer-6/,https://cdn.lapa.ninja/assets/images/1x/framer-02-08-2021-thumb.webp,"[""#1e94e6"", ""#f5f9f8""]","{""#1e94e6"": 0.3288, ""#f5f9f8"": 0.3164}",#1e94e6,bright blue,"grid layout, rounded buttons, feature list, pricing cards, sidebar, large typography","modern, futuristic, minimal",0.66,Modern grid layout with bright blue features and rounded buttons.,"modern, grid, bright-blue, rounded-buttons, minimal, futuristic",2
Lapa Ninja (Post),Hélène Vignon,https://www.lapa.ninja/post/helenevignon/,https://cdn.lapa.ninja/assets/images/1x/helenevignon-thumb.webp,"[""#9b3e33"", ""#72342c""]","{""#9b3e33"": 0.7784, ""#72342c"": 0.0836}",#9b3e33,bright red,"grid layout, carousel, sidebar, large typography, video background, split screen","minimal, modern, cool",0.75,Minimal grid layout with bright red accents and large typography.,"minimal, modern, bright-red, grid, typography, video-background",4
Lapa Ninja (Post),Benjamin Briand,https://www.lapa.ninja/post/benjaminbriandavocat/,https://cdn.lapa.ninja/assets/images/1x/benjaminbriandavocat-thumb.webp,"[""#ffffff"", ""#dcdddd""]","{""#ffffff"": 0.7477, ""#dcdddd"": 0.1714}",#ffffff,light neutral,"large typography, rounded buttons, sidebar, grid layout, pricing cards, search bar","professional, minimal, serious",0.75,Professional grid layout with light neutral background and large typography.,"professional, minimal, light, grid, typography, rounded-buttons, sidebar",3
Lapa Ninja (Post),Thomas Geisen,https://www.lapa.ninja/post/thomasgeisen/,https://cdn.lapa.ninja/assets/images/1x/thomasgeisen-thumb.webp,"[""#181516""]","{""#181516"": 0.974}",#181516,dark gray,"large typography, pricing cards, feature list, icon list, grid layout, data table","minimal, professional, modern",0.75,Minimal grid layout with dark gray typography and structured pricing cards.,"minimal, professional, dark-gray, grid, typography, modern",7
Lapa Ninja (Post),Balance,https://www.lapa.ninja/post/getbalance/,https://cdn.lapa.ninja/assets/images/1x/getbalance-thumb.webp,"[""#1d1d1d"", ""#fefefe""]","{""#1d1d1d"": 0.464, ""#fefefe"": 0.515}",#1d1d1d,dark gray,"rounded buttons, grid layout, cta button, pricing cards, feature list, footer","bold, professional, cool",0.73,Professional grid layout with dark gray tones and rounded buttons.,"bold, professional, dark-gray, grid, rounded-buttons, cta, pricing-cards",7
Lapa Ninja (Post),Meta Craft,https://www.lapa.ninja/post/meta-craft/,https://cdn.lapa.ninja/assets/images/1x/meta-craft-thumb.webp,"[""#6069bf"", ""#fefeff""]","{""#6069bf"": 0.2734, ""#fefeff"": 0.5481}",#6069bf,bright blue,"rounded buttons, large typography, sidebar, pricing cards, top navigation, grid layout","modern, professional, trustworthy",0.64,Modern grid layout with bright blue sidebar and large typography.,"modern, professional, bright-blue, grid, sidebar, typography",7
Lapa Ninja (Post),Ragged Edge,https://www.lapa.ninja/post/raggededge/,https://cdn.lapa.ninja/assets/images/1x/raggededge-thumb.webp,"[""#000101"", ""#02eaf7""]","{""#000101"": 0.5398, ""#02eaf7"": 0.2474}",#000101,dark neutral,"video background, large typography, rounded buttons, sidebar, split screen, top navigation","modern, minimal, cool",0.75,Modern split screen layout with dark neutral video background and large typography.,"modern, minimal, dark, video-background, typography, rounded-buttons, split-screen",5
Lapa Ninja (Post),Fujee Design,https://www.lapa.ninja/post/fujeedesign/,https://cdn.lapa.ninja/assets/images/1x/fujeedesign-thumb.webp,"[""#fbfafb"", ""#f0df78""]","{""#fbfafb"": 0.671, ""#f0df78"": 0.138}",#fbfafb,light neutral,"rounded buttons, sidebar, pricing cards, large typography, search bar, feature list","professional, modern, minimal",0.75,Professional layout with light neutral tones and prominent pricing cards.,"professional, modern, minimal, light, pricing-cards, rounded-buttons, sidebar",7
Lapa Ninja (Post),Kruger Buro,https://www.lapa.ninja/post/krugerburo/,https://cdn.lapa.ninja/assets/images/1x/krugerburo-thumb.webp,"[""#141112"", ""#83aabe""]","{""#141112"": 0.8333, ""#83aabe"": 0.0612}",#141112,dark neutral,"large typography, grid layout, pricing cards, rounded buttons, form, sidebar","minimal, futuristic, modern",0.75,Modern grid layout with dark neutral background and large typography.,"modern, grid, dark, minimal, typography, pricing-cards",7
Lapa Ninja (Post),Highcourt,https://www.lapa.ninja/post/highcourt/,https://cdn.lapa.ninja/assets/images/1x/highcourt-thumb.webp,"[""#f2ede1""]","{""#f2ede1"": 0.9184}",#f2ede1,light bright orange,"large typography, top navigation, sidebar, grid layout, icon list, illustration","modern, creative, cool",0.75,Modern grid layout with light neutral background and large typography.,"modern, grid, light, typography, sidebar, creative",3
Lapa Ninja (Post),INFRINGE,https://www.lapa.ninja/post/infringe/,https://cdn.lapa.ninja/assets/images/1x/infringe-thumb.webp,"[""#0c0a09"", ""#f5f3f2""]","{""#0c0a09"": 0.3003, ""#f5f3f2"": 0.2611}",#0c0a09,dark neutral,"icon list, sidebar, feature list, avatar, card list, grid layout","modern, futuristic, artistic",0.65,Modern grid layout with dark neutral tones and a structured sidebar.,"modern, grid, dark, sidebar, artistic, feature-list",4
Lapa Ninja (Post),Impermanence,https://www.lapa.ninja/post/impermanence/,https://cdn.lapa.ninja/assets/images/1x/impermanence-thumb.webp,"[""#fefcf9"", ""#c6c6c5""]","{""#fefcf9"": 0.741, ""#c6c6c5"": 0.0914}",#fefcf9,light neutral,"large typography, sidebar, split screen, grid layout, form, feature list","modern, minimal, trustworthy",0.75,Modern split screen layout with light neutral background and large typography.,"modern, minimal, neutral, grid, sidebar, trustworthy",0
Lapa Ninja (Post),Ryan & Aly,https://www.lapa.ninja/post/ryanandaly/,https://cdn.lapa.ninja/assets/images/1x/ryanandaly-thumb.webp,"[""#141414""]","{""#141414"": 0.9305}",#141414,dark neutral,"large typography, sidebar, avatar, feature list, video background, pricing cards","cool, artistic, minimal",0.75,Minimal layout with dark neutral tones featuring large typography and a video background.,"minimal, cool, dark, typography, video-background, artistic",6
Lapa Ninja (Post),VJ Type Typefaces,https://www.lapa.ninja/post/vj-type-2/,https://cdn.lapa.ninja/assets/images/1x/vj-type-02-07-2021-thumb.webp,"[""#f8e4e2""]","{""#f8e4e2"": 0.9668}",#f8e4e2,light bright red,"large typography, rounded buttons, pricing cards, icon list, grid layout, two-column layout","modern, minimal, luxury",0.75,Modern two-column layout with light bright red typography and rounded buttons.,"modern, minimal, light-red, typography, rounded-buttons, grid, luxury",1
Lapa Ninja (Post),Maze,https://www.lapa.ninja/post/maze-2/,https://cdn.lapa.ninja/assets/images/1x/maze-02-07-2021-thumb.webp,"[""#f6f9fb""]","{""#f6f9fb"": 0.9007}",#f6f9fb,light neutral,"rounded buttons, grid layout, large typography, pricing cards, sidebar, feature list","modern, minimal, futuristic",0.75,Modern grid layout with light neutral background and large typography.,"modern, minimal, light, grid, typography, rounded-buttons, pricing-cards",3
Lapa Ninja (Post),Bitcoin,https://www.lapa.ninja/post/bitcoin/,https://cdn.lapa.ninja/assets/images/1x/bitcoin-thumb.webp,"[""#fefffe""]","{""#fefffe"": 0.8995}",#fefffe,light neutral,"sidebar, video background, search bar, rounded buttons, feature list, icon list","retro, artistic, futuristic",0.75,Light neutral layout featuring a video background with rounded buttons and a sidebar.,"retro, artistic, futuristic, light, sidebar, rounded-buttons, video-background",6
Lapa Ninja (Post),Olivier Guillard,https://www.lapa.ninja/post/olivierguillard/,https://cdn.lapa.ninja/assets/images/1x/olivierguillard-thumb.webp,"[""#f0ede9"", ""#1f1f1d""]","{""#f0ede9"": 0.9018, ""#1f1f1d"": 0.0627}",#f0ede9,light neutral,"large typography, feature list, pricing cards, rounded buttons, sidebar, grid layout","modern, professional, creative",0.75,Modern grid layout with light neutral background and large typography.,"modern, professional, light, grid, typography, rounded-buttons, pricing-cards",3
Lapa Ninja (Post),dBodhi,https://www.lapa.ninja/post/dbodhi/,https://cdn.lapa.ninja/assets/images/1x/dbodhi-thumb.webp,"[""#f0ece7"", ""#1a120d""]","{""#f0ece7"": 0.3412, ""#1a120d"": 0.2023}",#f0ece7,light neutral,"grid layout, sidebar, split screen, video background, large typography, hero image","modern, artistic, creative",0.67,Modern split screen layout with light neutral background and large typography.,"modern, artistic, grid, sidebar, video-background, creative",5
Lapa Ninja (Post),Nibelu,https://www.lapa.ninja/post/nibelu/,https://cdn.lapa.ninja/assets/images/1x/nibelu-thumb.webp,"[""#f2f4fb"", ""#bfbfb4""]","{""#f2f4fb"": 0.8661, ""#bfbfb4"": 0.0546}",#f2f4fb,light neutral,"grid layout, pricing cards, sidebar, feature list, rounded buttons, large typography","luxury, minimal, bold",0.75,Minimal grid layout with light neutral background and large typography for pricing cards.,"minimal, grid, light, luxury, bold, typography, pricing-cards",7
Lapa Ninja (Post),Diamond Cafe,https://www.lapa.ninja/post/diamond-cafe/,https://cdn.lapa.ninja/assets/images/1x/diamond-cafe-thumb.webp,"[""#1a1612"", ""#fdfdfd""]","{""#1a1612"": 0.1922, ""#fdfdfd"": 0.5266}",#1a1612,dark muted orange,"sidebar, feature list, icon list, card list, grid layout, video background","professional, cool, creative",0.6,Professional grid layout with dark muted orange sidebar and video background.,"professional, grid, dark-muted-orange, sidebar, video, creative",6
Lapa Ninja (Post),Ytech,https://www.lapa.ninja/post/ytech/,https://cdn.lapa.ninja/assets/images/1x/ytech-thumb.webp,"[""#031f3e"", ""#26e2db""]","{""#031f3e"": 0.5762, ""#26e2db"": 0.2972}",#031f3e,dark bright blue,"avatar, sidebar, search bar, large typography, top navigation, grid layout","futuristic, modern, professional",0.75,Modern grid layout with dark bright blue sidebar and large typography.,"modern, professional, dark-blue, grid, sidebar, typography",4
Lapa Ninja (Post),Hoodzpah,https://www.lapa.ninja/post/hoodzpahdesign-2/,https://cdn.lapa.ninja/assets/images/1x/hoodzpahdesign-01-31-2021-thumb.webp,"[""#f7f6f2"", ""#233570""]","{""#f7f6f2"": 0.6044, ""#233570"": 0.1445}",#f7f6f2,light neutral,"large typography, grid layout, rounded buttons, two-column layout, split screen, sidebar","modern, minimal, futuristic",0.75,Modern split screen layout with light neutral background and large typography.,"modern, minimal, light, grid, rounded-buttons, two-column, futuristic",0
Lapa Ninja (Post),Buy Fonts Save Lives,https://www.lapa.ninja/post/buyfontssavelives/,https://cdn.lapa.ninja/assets/images/1x/buyfontssavelives-thumb.webp,"[""#010100"", ""#fff5f4""]","{""#010100"": 0.2286, ""#fff5f4"": 0.7344}",#010100,dark neutral,"large typography, pricing cards, sidebar, rounded buttons, feature list, icon list","futuristic, creative, cool",0.61,Creative layout with dark neutral tones featuring large typography and rounded buttons.,"futuristic, creative, dark, typography, rounded-buttons, pricing-cards, sidebar",1
Lapa Ninja (Post),fanfanfan,https://www.lapa.ninja/post/fanfanfan/,https://cdn.lapa.ninja/assets/images/1x/fanfanfan-thumb.webp,"[""#ffffff""]","{""#ffffff"": 0.9178}",#ffffff,light neutral,"large typography, single column, icon list, sidebar, two-column layout, rounded buttons","modern, creative, futuristic",0.75,Modern single column layout with light neutral background and large typography.,"modern, creative, light, typography, rounded-buttons, sidebar",1
Lapa Ninja (Post),Aurélia Durand,https://www.lapa.ninja/post/aurelia-studio/,https://cdn.lapa.ninja/assets/images/1x/aurelia-studio-thumb.webp,"[""#fcad07"", ""#fdfcf1""]","{""#fcad07"": 0.1996, ""#fdfcf1"": 0.5382}",#fcad07,bright orange,"sidebar, logo, illustration, large typography, rounded buttons, video background","artistic, vibrant, professional",0.6,Artistic layout with light neutral background and vibrant large typography.,"artistic, vibrant, professional, neutral, typography, rounded-buttons",6
Lapa Ninja (Post),The Mind Map,https://www.lapa.ninja/post/themindmap/,https://cdn.lapa.ninja/assets/images/1x/themindmap-thumb.webp,"[""#fefefe"", ""#7ccbe7""]","{""#fefefe"": 0.8374, ""#7ccbe7"": 0.0546}",#fefefe,light neutral,"pricing cards, grid layout, sidebar, large typography, rounded buttons, split screen","modern, minimal, bold",0.75,Modern grid layout with light neutral background and bold large typography.,"modern, minimal, light, grid, bold, typography, rounded-buttons",3
Lapa Ninja (Post),Davis Row,https://www.lapa.ninja/post/davisrow/,https://cdn.lapa.ninja/assets/images/1x/davisrow-thumb.webp,"[""#fffef9"", ""#f2d0c5""]","{""#fffef9"": 0.8511, ""#f2d0c5"": 0.0543}",#fffef9,light neutral,"sidebar, large typography, pricing cards, two-column layout, feature list, video background","trustworthy, professional, bold",0.75,Professional two-column layout with light neutral background and large typography.,"professional, two-column, light, bold, sidebar, pricing-cards, video-background",1
Lapa Ninja (Post),Every,https://www.lapa.ninja/post/every/,https://cdn.lapa.ninja/assets/images/1x/everyto-thumb.webp,"[""#fdfdfd""]","{""#fdfdfd"": 0.9562}",#fdfdfd,light neutral,"rounded buttons, search bar, pricing cards, grid layout, data table, feature list","minimal, modern, professional",0.75,Minimal grid layout with light neutral background and rounded buttons.,"minimal, modern, light, grid, professional, rounded-buttons",2
Lapa Ninja (Post),BlueIO,https://www.lapa.ninja/post/blueio/,https://cdn.lapa.ninja/assets/images/1x/blueio-thumb.webp,"[""#eaedf9"", ""#f7f5f4""]","{""#eaedf9"": 0.5556, ""#f7f5f4"": 0.4245}",#eaedf9,light neutral,"large typography, rounded buttons, sidebar, grid layout, feature list, split screen","modern, minimal, futuristic",0.75,Modern grid layout with light neutral tones and large typography.,"modern, minimal, light, grid, typography, rounded-buttons, sidebar",3
Lapa Ninja (Post),Hobbes,https://www.lapa.ninja/post/hobbes/,https://cdn.lapa.ninja/assets/images/1x/hobbes-thumb.webp,"[""#000000"", ""#fdaef1""]","{""#000000"": 0.5739, ""#fdaef1"": 0.1461}",#000000,dark neutral,"rounded buttons, large typography, grid layout, split screen, icon list, footer","minimal, modern, artistic",0.75,Minimal split screen layout with dark neutral tones and large typography.,"minimal, modern, dark, grid, rounded-buttons, artistic",0
Lapa Ninja (Post),Circle,https://www.lapa.ninja/post/circle/,https://cdn.lapa.ninja/assets/images/1x/circle-thumb.webp,"[""#fafaf9"", ""#161311""]","{""#fafaf9"": 0.7454, ""#161311"": 0.1038}",#fafaf9,light neutral,"large typography, sidebar, rounded buttons, avatar, split screen, feature list","modern, minimal, futuristic",0.75,Modern split screen layout with dark accents and large typography.,"modern, minimal, dark, typography, split-screen, rounded-buttons",0
Lapa Ninja (Post),AUFI,https://www.lapa.ninja/post/aufi-2/,https://cdn.lapa.ninja/assets/images/1x/aufi-01-31-2021-thumb.webp,"[""#def916"", ""#fefefe""]","{""#def916"": 0.4331, ""#fefefe"": 0.4045}",#def916,bright yellow,"sidebar, feature list, icon list, video background, search bar, grid layout","futuristic, modern, creative",0.72,Modern grid layout with bright yellow sidebar and video background.,"modern, grid, bright-yellow, futuristic, creative, sidebar",6
Lapa Ninja (Post),Tomasz Strekowski,https://www.lapa.ninja/post/strekowski/,https://cdn.lapa.ninja/assets/images/1x/strekowski-thumb.webp,"[""#313131"", ""#6c6d6e""]","{""#313131"": 0.7329, ""#6c6d6e"": 0.2362}",#313131,dark gray,"large typography, pricing cards, rounded buttons, icon list, grid layout, sidebar","modern, professional, minimal",0.75,Modern grid layout with dark gray typography and rounded buttons.,"modern, professional, dark-gray, grid, minimal, pricing-cards",7
Lapa Ninja (Post),Levon Aronian,https://www.lapa.ninja/post/levonaronian/,https://cdn.lapa.ninja/assets/images/1x/levonaronian-thumb.webp,"[""#ffffff""]","{""#ffffff"": 0.8775}",#ffffff,light neutral,"grid layout, large typography, top navigation, two-column layout, chart, pricing cards","modern, creative, minimal",0.75,Modern grid layout with light neutral background and large typography.,"modern, minimal, grid, typography, creative, layout",3
Lapa Ninja (Post),CauseVox,https://www.lapa.ninja/post/causevox/,https://cdn.lapa.ninja/assets/images/1x/causevox-thumb.webp,"[""#fefdfd"", ""#f2b8db""]","{""#fefdfd"": 0.8433, ""#f2b8db"": 0.0669}",#fefdfd,light neutral,"pricing cards, feature list, sidebar, cta button, carousel, rounded buttons","modern, futuristic, creative",0.75,Modern layout with light neutral background and rounded buttons for interactive elements.,"modern, light, neutral, rounded-buttons, interactive, pricing-cards, sidebar",7
Lapa Ninja (Post),Hemster,https://www.lapa.ninja/post/hemster/,https://cdn.lapa.ninja/assets/images/1x/hemster-thumb.webp,"[""#1e1e2b"", ""#f4eeee""]","{""#1e1e2b"": 0.4777, ""#f4eeee"": 0.3378}",#1e1e2b,dark muted blue,"grid layout, rounded buttons, large typography, footer, feature list, video background","minimal, modern, cool",0.74,Minimal grid layout with dark muted blue background and large typography.,"minimal, modern, dark-muted-blue, grid, typography, rounded-buttons",4
Lapa Ninja (Post),Convicts,https://www.lapa.ninja/post/convicts/,https://cdn.lapa.ninja/assets/images/1x/convicts-thumb.webp,"[""#101010"", ""#ffffff""]","{""#101010"": 0.2764, ""#ffffff"": 0.6693}",#101010,dark neutral,"sidebar, large typography, icon list, grid layout, video background, feature list","minimal, creative, bold",0.64,Minimal grid layout with dark neutral background and large typography.,"minimal, bold, dark, grid, typography, creative",4
Lapa Ninja (Post),The New Movement,https://www.lapa.ninja/post/thenewmvt/,https://cdn.lapa.ninja/assets/images/1x/thenewmvt-thumb.webp,"[""#f8f4ec"", ""#161717""]","{""#f8f4ec"": 0.4957, ""#161717"": 0.4373}",#f8f4ec,light neutral,"grid layout, large typography, rounded buttons, sidebar, pricing cards, video background","minimal, modern, professional",0.75,Minimal grid layout with light neutral background and large typography.,"minimal, modern, professional, grid, typography, rounded-buttons",3
Lapa Ninja (Post),Laws of UX,https://www.lapa.ninja/post/lawsofux/,https://cdn.lapa.ninja/assets/images/1x/lawsofux-thumb.webp,"[""#121317"", ""#3c726c""]","{""#121317"": 0.6721, ""#3c726c"": 0.1647}",#121317,dark neutral,"rounded buttons, large typography, grid layout, top navigation, icon list, cta button","modern, futuristic, minimal",0.75,Modern grid layout with dark neutral background and large typography.,"modern, grid, dark, rounded-buttons, typography, minimal",4
Lapa Ninja (Post),Plenty,https://www.lapa.ninja/post/plenty/,https://cdn.lapa.ninja/assets/images/1x/plenty-thumb.webp,"[""#7ea62a"", ""#233407""]","{""#7ea62a"": 0.2721, ""#233407"": 0.2339}",#7ea62a,bright green,"sidebar, pricing cards, feature list, form, footer, search bar","playful, friendly, creative",0.64,Playful layout with bright green pricing cards and a structured sidebar.,"playful, friendly, bright-green, structured, pricing-cards, sidebar",7
Lapa Ninja (Post),Eder Anaya,https://www.lapa.ninja/post/ederanaya/,https://cdn.lapa.ninja/assets/images/1x/ederanaya-thumb.webp,"[""#ffffff"", ""#43dcfa""]","{""#ffffff"": 0.9152, ""#43dcfa"": 0.0579}",#ffffff,light neutral,"large typography, grid layout, rounded buttons, pricing cards, footer, avatar","modern, minimal, professional",0.75,Modern grid layout with light neutral background and large typography.,"modern, minimal, neutral, grid, professional, typography",3
Lapa Ninja (Post),Caligrafik,https://www.lapa.ninja/post/caligrafik/,https://cdn.lapa.ninja/assets/images/1x/caligrafik-thumb.webp,"[""#0f0f0f""]","{""#0f0f0f"": 0.9271}",#0f0f0f,dark neutral,"sidebar, avatar, centered hero, rounded buttons, hero illustration, grid layout","artistic, creative, minimal",0.75,Minimal grid layout with dark neutral tones and a centered hero illustration.,"minimal, artistic, dark, grid, centered-hero, rounded-buttons",4
Lapa Ninja (Post),GIGANTIC!,https://www.lapa.ninja/post/giganticcandy/,https://cdn.lapa.ninja/assets/images/1x/giganticcandy-thumb.webp,"[""#fdc4dd"", ""#0a0504""]","{""#fdc4dd"": 0.5633, ""#0a0504"": 0.2024}",#fdc4dd,light bright red,"sidebar, feature list, large typography, video background, split screen, card list","retro, futuristic, creative",0.75,Creative split screen layout with light bright red background and large typography.,"retro, creative, bright-red, split-screen, large-typography, video-background",5
Lapa Ninja (Post),FarmWise,https://www.lapa.ninja/post/farmwise/,https://cdn.lapa.ninja/assets/images/1x/farmwise-thumb.webp,"[""#336762"", ""#f9fcfb""]","{""#336762"": 0.4256, ""#f9fcfb"": 0.3368}",#336762,muted teal,"grid layout, large typography, sidebar, feature list, footer, form","futuristic, modern, professional",0.71,Modern grid layout with muted teal typography and a prominent sidebar.,"modern, grid, muted-teal, professional, sidebar, typography",4
Lapa Ninja (Post),Black Madre,https://www.lapa.ninja/post/blackmadre/,https://cdn.lapa.ninja/assets/images/1x/blackmadre-thumb.webp,"[""#010101"", ""#eab102""]","{""#010101"": 0.4901, ""#eab102"": 0.3396}",#010101,dark neutral,"large typography, sidebar, rounded buttons, grid layout, avatar, video background","modern, creative, artistic",0.75,Modern grid layout with dark neutral background and large typography.,"modern, creative, dark, grid, typography, rounded-buttons, artistic",4
Lapa Ninja (Post),Helena Zhang,https://www.lapa.ninja/post/helenazhang/,https://cdn.lapa.ninja/assets/images/1x/helenazhang-thumb.webp,"[""#fefefe"", ""#727272""]","{""#fefefe"": 0.6354, ""#727272"": 0.1693}",#fefefe,light neutral,"grid layout, rounded buttons, cta button, sidebar, icon list, search bar","modern, futuristic, minimal",0.75,Modern grid layout with light neutral background and rounded buttons.,"modern, grid, light, rounded-buttons, minimal, sidebar",2
Lapa Ninja (Post),ExpressVPN,https://www.lapa.ninja/post/expressvpn/,https://cdn.lapa.ninja/assets/images/1x/expressvpn-thumb.webp,"[""#e2d5c1"", ""#ffffff""]","{""#e2d5c1"": 0.324, ""#ffffff"": 0.5522}",#e2d5c1,bright orange,"grid layout, rounded buttons, sidebar, avatar, centered hero, top navigation","modern, futuristic, minimal",0.66,Modern grid layout with light neutral background and rounded buttons.,"modern, grid, neutral, rounded-buttons, sidebar, minimal",2
Lapa Ninja (Post),Myriad,https://www.lapa.ninja/post/myriad/,https://cdn.lapa.ninja/assets/images/1x/myriad-thumb.webp,"[""#020102"", ""#eae5eb""]","{""#020102"": 0.7067, ""#eae5eb"": 0.0929}",#020102,dark neutral,"video background, split screen, large typography, sidebar, avatar, cta button","modern, futuristic, artistic",0.75,Modern split screen layout with dark neutral video background and large typography.,"modern, split-screen, dark-neutral, artistic, video-background, large-typography, cta-button",5
Lapa Ninja (Post),Sam Goddard,https://www.lapa.ninja/post/samgoddard/,https://cdn.lapa.ninja/assets/images/1x/samgoddard-thumb.webp,"[""#262324"", ""#c2c1c1""]","{""#262324"": 0.8626, ""#c2c1c1"": 0.0912}",#262324,dark gray,"feature list, card list, icon list, two-column layout, large typography, rounded buttons","modern, professional, cool",0.75,Modern two-column layout with dark gray typography and rounded buttons.,"modern, professional, dark-gray, two-column, rounded-buttons, typography",1
Lapa Ninja (Post),Middltone,https://www.lapa.ninja/post/middltone/,https://cdn.lapa.ninja/assets/images/1x/middltone-thumb.webp,"[""#171717"", ""#f6f6f6""]","{""#171717"": 0.3218, ""#f6f6f6"": 0.44}",#171717,dark gray,"rounded buttons, large typography, sidebar, feature list, data table, form","futuristic, minimal, modern",0.66,Minimal layout with dark gray sidebar and large typography elements.,"minimal, modern, dark-gray, sidebar, typography, futuristic",1
Lapa Ninja (Post),NEW ORDER,https://www.lapa.ninja/post/neworder/,https://cdn.lapa.ninja/assets/images/1x/neworder-thumb.webp,"[""#191921"", ""#f8fafb""]","{""#191921"": 0.4969, ""#f8fafb"": 0.1785}",#191921,dark muted blue,"sidebar, large typography, form, grid layout, feature list, footer","futuristic, modern, professional",0.75,Modern grid layout with dark muted blue sidebar and large typography.,"modern, professional, dark-muted-blue, grid, sidebar, typography",4
Lapa Ninja (Post),SPORTIVO STORE,https://www.lapa.ninja/post/sportivostore/,https://cdn.lapa.ninja/assets/images/1x/sportivostore-thumb.webp,"[""#e1e0dd"", ""#fefefe""]","{""#e1e0dd"": 0.4087, ""#fefefe"": 0.2323}",#e1e0dd,light gray,"sidebar, split screen, grid layout, large typography, icon list, form","modern, creative, artistic",0.7,Modern split screen layout with light gray background and large typography.,"modern, grid, light-gray, sidebar, creative, artistic",0
Lapa Ninja (Post),Lara Mendonça,https://www.lapa.ninja/post/laramendon/,https://cdn.lapa.ninja/assets/images/1x/laramendon-thumb.webp,"[""#ffffff""]","{""#ffffff"": 0.8672}",#ffffff,light neutral,"large typography, grid layout, two-column layout, pricing cards, sidebar, rounded buttons","professional, luxury, modern",0.75,Professional grid layout with light neutral background and large typography.,"professional, modern, grid, typography, two-column, rounded-buttons",3
Lapa Ninja (Post),we-go,https://www.lapa.ninja/post/we-go/,https://cdn.lapa.ninja/assets/images/1x/we-go-thumb.webp,"[""#171717"", ""#ea303a""]","{""#171717"": 0.7327, ""#ea303a"": 0.2193}",#171717,dark gray,"large typography, sidebar, cta button, rounded buttons, grid layout, feature list","creative, modern, bold",0.75,Bold grid layout with dark gray typography and prominent call-to-action buttons.,"modern, bold, dark-gray, grid, typography, cta-buttons, creative",4
Lapa Ninja (Post),Artomatic,https://www.lapa.ninja/post/artomatic/,https://cdn.lapa.ninja/assets/images/1x/artomatic-thumb.webp,"[""#dcd3d4"", ""#fffefe""]","{""#dcd3d4"": 0.6507, ""#fffefe"": 0.1824}",#dcd3d4,muted red,"large typography, rounded buttons, pricing cards, avatar, sidebar, split screen","futuristic, creative, artistic",0.75,Creative split screen layout with muted red large typography and rounded buttons.,"futuristic, artistic, muted-red, split-screen, large-typography, rounded-buttons",0
Lapa Ninja (Post),GAFFER,https://www.lapa.ninja/post/gaffer/,https://cdn.lapa.ninja/assets/images/1x/gaffer-thumb.webp,"[""#101010"", ""#b0adae""]","{""#101010"": 0.5493, ""#b0adae"": 0.1812}",#101010,dark neutral,"sidebar, split screen, grid layout, avatar, feature list, large typography","artistic, modern, creative",0.75,Modern split screen layout with dark neutral background and large typography.,"modern, artistic, dark, grid, sidebar, creative",0
Lapa Ninja (Post),Three.js Journey,https://www.lapa.ninja/post/threejs-journey/,https://cdn.lapa.ninja/assets/images/1x/threejs-journey-thumb.webp,"[""#180b20"", ""#f9f4fd""]","{""#180b20"": 0.4139, ""#f9f4fd"": 0.381}",#180b20,dark bright purple,"grid layout, pricing cards, rounded buttons, large typography, sidebar, split screen","modern, minimal, professional",0.71,Modern grid layout with dark bright purple pricing cards and rounded buttons.,"modern, minimal, dark-purple, grid, pricing-cards, rounded-buttons, professional",7
Lapa Ninja (Post),L'Impératrice,https://www.lapa.ninja/post/l-imperatrice/,https://cdn.lapa.ninja/assets/images/1x/l-imperatrice-thumb.webp,"[""#1390bb"", ""#eaeae0""]","{""#1390bb"": 0.3613, ""#eaeae0"": 0.2704}",#1390bb,bright teal,"sidebar, split screen, rounded buttons, feature list, large typography, two-column layout","modern, futuristic, retro",0.68,Modern split screen layout with bright teal sidebar and large typography.,"modern, split-screen, bright-teal, rounded-buttons, large-typography, two-column",0
Lapa Ninja (Post),Open Design,https://www.lapa.ninja/post/opendesign-avocode/,https://cdn.lapa.ninja/assets/images/1x/opendesign-avocode-thumb.webp,"[""#fafcff""]","{""#fafcff"": 0.9015}",#fafcff,light neutral,"rounded buttons, large typography, sidebar, feature list, cta button, centered hero","futuristic, modern, minimal",0.75,Modern layout with light neutral tones featuring a centered hero and rounded buttons.,"modern, minimal, light, rounded-buttons, hero, futuristic",1
Lapa Ninja (Post),Erica Bech,https://www.lapa.ninja/post/ericabech/,https://cdn.lapa.ninja/assets/images/1x/ericabech-thumb.webp,"[""#bef549"", ""#ebdbdb""]","{""#bef549"": 0.4216, ""#ebdbdb"": 0.1756}",#bef549,bright green,"video background, sidebar, icon list, grid layout, feature list, avatar","artistic, creative, vibrant",0.71,Artistic grid layout with bright green video background and a sidebar for features.,"artistic, vibrant, bright-green, grid, sidebar, creative",6
Lapa Ninja (Post),Antara Studio,https://www.lapa.ninja/post/antara-studio/,https://cdn.lapa.ninja/assets/images/1x/antara-studio-thumb.webp,"[""#f5f5f5"", ""#e2dcd0""]","{""#f5f5f5"": 0.8049, ""#e2dcd0"": 0.102}",#f5f5f5,light neutral,"large typography, form, rounded buttons, sidebar, feature list, grid layout","modern, futuristic, minimal",0.75,Modern grid layout with light neutral background and large typography.,"modern, minimal, light, grid, typography, rounded-buttons",3
Lapa Ninja (Post),Nanna Lagerman,https://www.lapa.ninja/post/nannalagerman/,https://cdn.lapa.ninja/assets/images/1x/nannalagerman-thumb.webp,"[""#1a1c1c"", ""#37393b""]","{""#1a1c1c"": 0.709, ""#37393b"": 0.1425}",#1a1c1c,dark gray,"large typography, video background, sidebar, top navigation, logo, icon list","professional, modern, minimal",0.75,Professional layout with dark gray video background and large typography.,"professional, modern, dark-gray, video-background, typography, minimal",6
Lapa Ninja (Post),Maggie Stiefvater,https://www.lapa.ninja/post/maggiestiefvater/,https://cdn.lapa.ninja/assets/images/1x/maggiestiefvater-thumb.webp,"[""#363d46"", ""#fbf8f2""]","{""#363d46"": 0.2972, ""#fbf8f2"": 0.3255}",#363d46,dark muted blue,"sidebar, large typography, feature list, footer, card list, hero image","artistic, cool, modern",0.65,Modern layout with dark muted blue hero and large typography elements.,"modern, artistic, dark-muted-blue, hero, typography, sidebar, feature-list",1
Lapa Ninja (Post),World After Covid,https://www.lapa.ninja/post/worldaftercovid/,https://cdn.lapa.ninja/assets/images/1x/worldaftercovid-thumb.webp,"[""#131415"", ""#616363""]","{""#131415"": 0.5702, ""#616363"": 0.1641}",#131415,dark neutral,"grid layout, rounded buttons, large typography, split screen, sidebar, video background","modern, cool, minimal",0.75,Modern split screen layout with dark neutral background and large typography.,"modern, minimal, dark, grid, rounded-buttons, video-background",5
Lapa Ninja (Post),Swell,https://www.lapa.ninja/post/swell/,https://cdn.lapa.ninja/assets/images/1x/swell-thumb.webp,"[""#fefefc"", ""#d7d6da""]","{""#fefefc"": 0.8318, ""#d7d6da"": 0.073}",#fefefc,light neutral,"large typography, grid layout, pricing cards, data table, sidebar, feature list","creative, modern, artistic",0.75,Creative grid layout with light neutral background and large typography.,"modern, artistic, grid, light, typography, pricing-cards, sidebar",3
Lapa Ninja (Post),Moe Amaya,https://www.lapa.ninja/post/moeamaya/,https://cdn.lapa.ninja/assets/images/1x/moeamaya-01-19-2021-thumb.webp,"[""#fcfdfa"", ""#f1d506""]","{""#fcfdfa"": 0.765, ""#f1d506"": 0.1014}",#fcfdfa,light neutral,"pricing cards, data table, large typography, cta button, rounded buttons, grid layout","modern, minimal, professional",0.75,Modern grid layout with light neutral background and large typography for emphasis.,"modern, minimal, neutral, grid, large-typography, professional",3
Lapa Ninja (Post),Until One Sunday We Didn’t,https://www.lapa.ninja/post/timo-kuilder-book/,https://cdn.lapa.ninja/assets/images/1x/timokuilder-01-19-2021-thumb.webp,"[""#000000"", ""#f8f8f8""]","{""#000000"": 0.4733, ""#f8f8f8"": 0.5072}",#000000,dark neutral,"pricing cards, large typography, sidebar, split screen, hero image, grid layout","creative, cool, artistic",0.74,Creative split screen layout with dark neutral hero and large typography.,"creative, artistic, dark, grid, sidebar, hero, modern",0
Lapa Ninja (Post),Spacecadet,https://www.lapa.ninja/post/spacecadet/,https://cdn.lapa.ninja/assets/images/1x/spacecadet-thumb.webp,"[""#000000"", ""#fc5d03""]","{""#000000"": 0.8866, ""#fc5d03"": 0.0531}",#000000,dark neutral,"form, large typography, footer, sidebar, avatar, video background","futuristic, cool, retro",0.75,Dark neutral layout featuring large typography with a video background and a structured sidebar.,"futuristic, cool, dark, typography, video-background, sidebar, form",6
Lapa Ninja (Post),Teamflow,https://www.lapa.ninja/post/teamflowhq/,https://cdn.lapa.ninja/assets/images/1x/teamflowhq-thumb.webp,"[""#eae1d6"", ""#fcfdfe""]","{""#eae1d6"": 0.1999, ""#fcfdfe"": 0.7257}",#eae1d6,light muted orange,"rounded buttons, grid layout, footer, sidebar, feature list, cta button","minimal, modern, professional",0.6,Minimal grid layout with light neutral tones and rounded buttons.,"minimal, modern, neutral, grid, rounded-buttons, professional",2
Lapa Ninja (Post),Aaron Shapiro,https://www.lapa.ninja/post/aaron/,https://cdn.lapa.ninja/assets/images/1x/aaron-thumb.webp,"[""#ffffff"", ""#d4dde2""]","{""#ffffff"": 0.8668, ""#d4dde2"": 0.0756}",#ffffff,light neutral,"large typography, rounded buttons, sidebar, split screen, search bar, grid layout","minimal, modern, futuristic",0.75,Minimal split screen layout with light neutral background and large typography.,"minimal, modern, light, typography, grid, sidebar",0
Lapa Ninja (Post),Fauna,https://www.lapa.ninja/post/faune-bijouterie/,https://cdn.lapa.ninja/assets/images/1x/faune-bijouterie-thumb.webp,"[""#fcf7f8"", ""#eab79f""]","{""#fcf7f8"": 0.6094, ""#eab79f"": 0.144}",#fcf7f8,light neutral,"large typography, sidebar, rounded buttons, grid layout, feature list, search bar","cool, bold, modern",0.75,Modern grid layout with light neutral background and large typography.,"modern, grid, light, bold, typography, rounded-buttons, sidebar",3
Lapa Ninja (Post),immi,https://www.lapa.ninja/post/immieats/,https://cdn.lapa.ninja/assets/images/1x/immieats-thumb.webp,"[""#fee802"", ""#82542b""]","{""#fee802"": 0.5407, ""#82542b"": 0.1304}",#fee802,bright yellow,"large typography, grid layout, video background, sidebar, feature list, split screen","modern, retro, cool",0.75,Modern grid layout with bright yellow video background and large typography.,"modern, grid, bright-yellow, video, typography, split-screen, feature-list",6
Lapa Ninja (Post),Clar Development,https://www.lapa.ninja/post/clar/,https://cdn.lapa.ninja/assets/images/1x/clar-thumb.webp,"[""#f7f6f3"", ""#eebfac""]","{""#f7f6f3"": 0.8535, ""#eebfac"": 0.0849}",#f7f6f3,light neutral,"large typography, sidebar, form, avatar, icon list, two-column layout","minimal, modern, calm",0.75,Minimal two-column layout with light neutral background and large typography.,"minimal, modern, calm, two-column, typography, layout",1
Lapa Ninja (Post),Fermé,https://www.lapa.ninja/post/ferme/,https://cdn.lapa.ninja/assets/images/1x/ferme-thumb.webp,"[""#cecac4"", ""#f1f0ec""]","{""#cecac4"": 0.3076, ""#f1f0ec"": 0.2748}",#cecac4,light gray,"large typography, rounded buttons, sidebar, grid layout, feature list, footer","cool, luxury, bold",0.65,Bold grid layout with light gray typography and rounded buttons.,"modern, grid, light-gray, rounded-buttons, luxury, cool",4
Lapa Ninja (Post),Signal Messenger,https://www.lapa.ninja/post/signal/,https://cdn.lapa.ninja/assets/images/1x/signal-thumb.webp,"[""#9fbaf5"", ""#f2f3f3""]","{""#9fbaf5"": 0.2511, ""#f2f3f3"": 0.6578}",#9fbaf5,bright blue,"feature list, footer, sidebar, grid layout, rounded buttons, split screen","modern, friendly, minimal",0.63,Modern grid layout with light neutral background and rounded buttons.,"modern, friendly, minimal, grid, rounded-buttons, split-screen",2
Lapa Ninja (Post),Flavien Guilbaud,https://www.lapa.ninja/post/flavinsky-2/,https://cdn.lapa.ninja/assets/images/1x/flavinsky-01-16-2021-thumb.webp,"[""#ffffff"", ""#66514e""]","{""#ffffff"": 0.7083, ""#66514e"": 0.0783}",#ffffff,light neutral,"grid layout, split screen, sidebar, video background, two-column layout, single column","modern, cool, bold",0.75,Modern split screen layout with light neutral background and bold video elements.,"modern, split-screen, light, video, grid, cool, bold",5
Lapa Ninja (Post),Porto Cálem,https://www.lapa.ninja/post/calem/,https://cdn.lapa.ninja/assets/images/1x/calem-thumb.webp,"[""#07214d"", ""#fefefe""]","{""#07214d"": 0.3259, ""#fefefe"": 0.5404}",#07214d,dark bright blue,"sidebar, rounded buttons, grid layout, large typography, pricing cards, footer","luxury, bold, cool",0.66,Bold grid layout with dark bright blue sidebar and large typography.,"luxury, bold, dark-blue, grid, sidebar, rounded-buttons, pricing-cards",7
Lapa Ninja (Post),bigbump,https://www.lapa.ninja/post/bigbump/,https://cdn.lapa.ninja/assets/images/1x/bigbump-thumb.webp,"[""#f8fbfb""]","{""#f8fbfb"": 0.9224}",#f8fbfb,light neutral,"rounded buttons, large typography, pricing cards, grid layout, footer, feature list","modern, minimal, professional",0.75,Modern grid layout with light neutral background and large typography.,"modern, minimal, professional, grid, typography, rounded-buttons",3
Lapa Ninja (Post),NicelySmall,https://www.lapa.ninja/post/nicelysmall/,https://cdn.lapa.ninja/assets/images/1x/nicelysmall-thumb.webp,"[""#fcf4e3""]","{""#fcf4e3"": 0.9243}",#fcf4e3,light neutral,"pricing cards, large typography, two-column layout, rounded buttons, feature list, icon list","minimal, modern, luxury",0.75,Minimal two-column layout with light neutral background and large typography for pricing cards.,"minimal, modern, light, two-column, pricing-cards, luxury, rounded-buttons",7
Lapa Ninja (Post),Aesop,https://www.lapa.ninja/post/aesop/,https://cdn.lapa.ninja/assets/images/1x/aesop-thumb.webp,"[""#9ca4a2"", ""#fdfdf1""]","{""#9ca4a2"": 0.35, ""#fdfdf1"": 0.4732}",#9ca4a2,muted gray,"large typography, grid layout, rounded buttons, pricing cards, sidebar, split screen","minimal, modern, creative",0.68,Minimal grid layout with muted gray typography and rounded buttons.,"minimal, modern, muted-gray, grid, rounded-buttons, creative",4
Lapa Ninja (Post),otterdev,https://www.lapa.ninja/post/otterdev/,https://cdn.lapa.ninja/assets/images/1x/otterdev-thumb.webp,"[""#f1f5fe"", ""#4d4e65""]","{""#f1f5fe"": 0.7671, ""#4d4e65"": 0.106}",#f1f5fe,light neutral,"large typography, feature list, grid layout, search bar, avatar, video background","futuristic, modern, cool",0.75,Modern grid layout with light neutral background and large typography.,"modern, grid, light, typography, futuristic, clean",3
Lapa Ninja (Post),Rick Waalders,https://www.lapa.ninja/post/rickwaalders/,https://cdn.lapa.ninja/assets/images/1x/rickwaalders-thumb.webp,"[""#010102"", ""#572b96""]","{""#010102"": 0.6329, ""#572b96"": 0.1656}",#010102,dark neutral,"grid layout, split screen, large typography, avatar, rounded buttons, sidebar","futuristic, modern, minimal",0.75,Modern grid layout with dark neutral tones and large typography.,"modern, grid, dark, futuristic, minimal, sidebar",4
Lapa Ninja (Post),Frontend Horse,https://www.lapa.ninja/post/frontend-horse/,https://cdn.lapa.ninja/assets/images/1x/frontend-horse-thumb.webp,"[""#f4594e"", ""#fcf8f4""]","{""#f4594e"": 0.2568, ""#fcf8f4"": 0.4682}",#f4594e,bright red,"grid layout, rounded buttons, top navigation, sidebar, feature list, footer","modern, futuristic, minimal",0.63,Modern grid layout with bright red accents and rounded buttons.,"modern, grid, bright-red, rounded-buttons, sidebar, minimal",2
Lapa Ninja (Post),mmhmm,https://www.lapa.ninja/post/mmhmm/,https://cdn.lapa.ninja/assets/images/1x/mmhmm-thumb.webp,"[""#652671"", ""#fefbfa""]","{""#652671"": 0.2083, ""#fefbfa"": 0.57}",#652671,bright purple,"pricing cards, rounded buttons, sidebar, cta button, feature list, video background","modern, professional, minimal",0.6,Modern layout featuring bright purple pricing cards and rounded buttons.,"modern, professional, bright-purple, minimal, pricing-cards, rounded-buttons",7
Lapa Ninja (Post),EX LIBRIS,https://www.lapa.ninja/post/exlibris/,https://cdn.lapa.ninja/assets/images/1x/exlibris-thumb.webp,"[""#000000"", ""#ffffff""]","{""#000000"": 0.4321, ""#ffffff"": 0.5272}",#000000,dark neutral,"large typography, sidebar, rounded buttons, two-column layout, feature list, icon list","cool, bold, professional",0.72,Bold two-column layout with dark neutral typography and rounded buttons.,"bold, professional, dark, two-column, typography, rounded-buttons",1
Lapa Ninja (Post),Cetrucflotte,https://www.lapa.ninja/post/cetrucflotte/,https://cdn.lapa.ninja/assets/images/1x/cetrucflotte-thumb.webp,"[""#a6ebf8"", ""#6ec7e1""]","{""#a6ebf8"": 0.6451, ""#6ec7e1"": 0.1856}",#a6ebf8,bright teal,"large typography, grid layout, two-column layout, sidebar, feature list, top navigation","modern, futuristic, minimal",0.75,Modern grid layout with bright teal typography and a two-column structure.,"modern, grid, bright-teal, minimal, typography, sidebar",4
Lapa Ninja (Post),Andy Burdin,https://www.lapa.ninja/post/burdin/,https://cdn.lapa.ninja/assets/images/1x/burdin-thumb.webp,"[""#ededed"", ""#6984a6""]","{""#ededed"": 0.6696, ""#6984a6"": 0.1551}",#ededed,light neutral,"large typography, sidebar, grid layout, split screen, feature list, rounded buttons","modern, futuristic, bold",0.75,Modern split screen layout with light neutral background and large typography.,"modern, grid, light, bold, sidebar, rounded-buttons",0
Lapa Ninja (Post),Coastal Clouds,https://www.lapa.ninja/post/cccbd/,https://cdn.lapa.ninja/assets/images/1x/cccbd-thumb.webp,"[""#a5cfb4"", ""#dac6d7""]","{""#a5cfb4"": 0.3741, ""#dac6d7"": 0.3687}",#a5cfb4,muted green,"rounded buttons, large typography, pricing cards, top navigation, grid layout, video background","calm, minimal, cool",0.69,Calm grid layout with muted green video background and large typography.,"calm, minimal, muted-green, grid, video-background, rounded-buttons, typography",6
Lapa Ninja (Post),Slash,https://www.lapa.ninja/post/getslash/,https://cdn.lapa.ninja/assets/images/1x/getslash-thumb.webp,"[""#ee4a56"", ""#fbfbfd""]","{""#ee4a56"": 0.2398, ""#fbfbfd"": 0.3772}",#ee4a56,bright red,"split screen, rounded buttons, pricing cards, search bar, sidebar, feature list","professional, futuristic, minimal",0.62,Professional split screen layout with bright red accents and rounded buttons.,"professional, minimal, bright-red, split-screen, rounded-buttons, futuristic",0
Lapa Ninja (Post),Thomas Vimare,https://www.lapa.ninja/post/thms/,https://cdn.lapa.ninja/assets/images/1x/thms-thumb.webp,"[""#010203"", ""#2772ba""]","{""#010203"": 0.5967, ""#2772ba"": 0.1899}",#010203,dark neutral,"avatar, large typography, sidebar, feature list, video background, hero image","creative, artistic, professional",0.75,Professional layout with dark neutral tones featuring large typography and a video background.,"professional, creative, dark-neutral, typography, video-background, hero, sidebar",6
Lapa Ninja (Post),Loah Drinks,https://www.lapa.ninja/post/loah-beer/,https://cdn.lapa.ninja/assets/images/1x/loah-beer-thumb.webp,"[""#f6f1e8"", ""#bdb6ac""]","{""#f6f1e8"": 0.4811, ""#bdb6ac"": 0.2581}",#f6f1e8,light neutral,"sidebar, large typography, rounded buttons, pricing cards, grid layout, feature list","cool, bold, warm",0.74,Bold grid layout with light neutral background and large typography elements.,"modern, grid, light, typography, rounded-buttons, pricing-cards",3
Lapa Ninja (Post),Enid.fm,https://www.lapa.ninja/post/enid/,https://cdn.lapa.ninja/assets/images/1x/enid-thumb.webp,"[""#586859"", ""#faf7ef""]","{""#586859"": 0.2479, ""#faf7ef"": 0.2873}",#586859,muted gray,"rounded buttons, grid layout, split screen, sidebar, search bar, feature list","modern, minimal, calm",0.62,Modern split screen layout with muted gray tones and rounded buttons.,"modern, minimal, muted-gray, grid, rounded-buttons, calm",0
Lapa Ninja (Post),Reset,https://www.lapa.ninja/post/reset/,https://cdn.lapa.ninja/assets/images/1x/reset-thumb.webp,"[""#f9fcfe"", ""#e2c9b9""]","{""#f9fcfe"": 0.8749, ""#e2c9b9"": 0.0506}",#f9fcfe,light neutral,"rounded buttons, pricing cards, feature list, sidebar, grid layout, search bar","modern, cool, friendly",0.75,Modern grid layout with light neutral background and rounded buttons.,"modern, grid, light, friendly, rounded-buttons, pricing-cards",2
Lapa Ninja (Post),Nightjar,https://www.lapa.ninja/post/nightjar-2/,https://cdn.lapa.ninja/assets/images/1x/nightjar-01-08-2021-thumb.webp,"[""#f2f2f2"", ""#554a3f""]","{""#f2f2f2"": 0.5714, ""#554a3f"": 0.1365}",#f2f2f2,light neutral,"sidebar, rounded buttons, grid layout, search bar, large typography, footer","modern, minimal, bold",0.75,Modern grid layout with light neutral background and large typography.,"modern, minimal, light, grid, bold, sidebar, typography",3
Lapa Ninja (Post),Flamingo,https://www.lapa.ninja/post/shopflamingo/,https://cdn.lapa.ninja/assets/images/1x/shopflamingo-thumb.webp,"[""#b8b1cf"", ""#efe1d6""]","{""#b8b1cf"": 0.3484, ""#efe1d6"": 0.2482}",#b8b1cf,muted blue,"grid layout, pricing cards, sidebar, search bar, rounded buttons, feature list","luxury, minimal, warm",0.67,Minimal grid layout with muted blue pricing cards and rounded buttons.,"minimal, luxury, grid, muted-blue, pricing-cards, rounded-buttons",7
Lapa Ninja (Post),Amber,https://www.lapa.ninja/post/amber/,https://cdn.lapa.ninja/assets/images/1x/amber-thumb.webp,"[""#20222e"", ""#fbfbfd""]","{""#20222e"": 0.3043, ""#fbfbfd"": 0.5706}",#20222e,dark muted blue,"rounded buttons, pricing cards, icon list, grid layout, feature list, sidebar","modern, minimal, futuristic",0.65,Modern grid layout with dark muted blue pricing cards and rounded buttons.,"modern, minimal, dark-muted-blue, grid, pricing-cards, rounded-buttons",7
Lapa Ninja (Post),Matthew Fisher,https://www.lapa.ninja/post/mfisher/,https://cdn.lapa.ninja/assets/images/1x/mfisher-thumb.webp,"[""#020202"", ""#f1f0ef""]","{""#020202"": 0.7362, ""#f1f0ef"": 0.1436}",#020202,dark neutral,"large typography, sidebar, rounded buttons, form, centered hero, cta button","artistic, creative, modern",0.75,Modern layout with dark neutral tones featuring large typography and a centered hero.,"modern, artistic, dark, typography, centered-hero, rounded-buttons",1
Lapa Ninja (Post),worklife.,https://www.lapa.ninja/post/worklife/,https://cdn.lapa.ninja/assets/images/1x/worklife-thumb.webp,"[""#ccc9bc"", ""#fefefe""]","{""#ccc9bc"": 0.2368, ""#fefefe"": 0.5994}",#ccc9bc,muted yellow,"sidebar, grid layout, feature list, two-column layout, footer, rounded buttons","modern, bold, minimal",0.62,Modern two-column grid layout with light neutral sidebar and rounded buttons.,"modern, minimal, grid, light, sidebar, rounded-buttons, bold",2
Lapa Ninja (Post),Mirko Saugo,https://www.lapa.ninja/post/mynameismirko/,https://cdn.lapa.ninja/assets/images/1x/mynameismirko-thumb.webp,"[""#141414"", ""#9d9e9b""]","{""#141414"": 0.828, ""#9d9e9b"": 0.0634}",#141414,dark neutral,"footer, grid layout, large typography, feature list, sidebar, video background","creative, professional, modern",0.75,Professional grid layout with dark neutral tones and large typography elements.,"professional, modern, dark, grid, typography, creative, sidebar",4
Lapa Ninja (Post),Techleap.nl,https://www.lapa.ninja/post/techleap-2/,https://cdn.lapa.ninja/assets/images/1x/techleap-01-03-2021-thumb.webp,"[""#242424"", ""#485a5e""]","{""#242424"": 0.8239, ""#485a5e"": 0.1013}",#242424,dark gray,"top navigation, rounded buttons, grid layout, large typography, sidebar, search bar","futuristic, modern, minimal",0.75,Modern grid layout with dark gray background and large typography.,"modern, grid, dark-gray, rounded-buttons, typography, minimal",4
Lapa Ninja (Post),Pet-à-Porter,https://www.lapa.ninja/post/petaporterofficial/,https://cdn.lapa.ninja/assets/images/1x/petaporterofficial-thumb.webp,"[""#efedec""]","{""#efedec"": 0.911}",#efedec,light neutral,"sidebar, feature list, large typography, rounded buttons, pricing cards, search bar","luxury, cool, minimal",0.75,Minimal layout with light neutral tones featuring large typography and rounded buttons.,"minimal, luxury, light, sidebar, typography, rounded-buttons",1
Lapa Ninja (Post),Echoes Magazine,https://www.lapa.ninja/post/echoes-mag/,https://cdn.lapa.ninja/assets/images/1x/echoes-mag-thumb.webp,"[""#f7f7f7"", ""#313b39""]","{""#f7f7f7"": 0.7985, ""#313b39"": 0.1064}",#f7f7f7,light neutral,"large typography, rounded buttons, sidebar, feature list, grid layout, video background","bold, futuristic, cool",0.75,Bold grid layout with dark accents and large typography alongside rounded buttons.,"modern, bold, dark, grid, typography, rounded-buttons, futuristic",4
Lapa Ninja (Post),CSS-Tricks,https://www.lapa.ninja/post/css-tricks-2/,https://cdn.lapa.ninja/assets/images/1x/css-tricks-01-03-2021-thumb.webp,"[""#24272a"", ""#faf7f9""]","{""#24272a"": 0.3661, ""#faf7f9"": 0.3815}",#24272a,dark gray,"rounded buttons, grid layout, large typography, footer, sidebar, search bar","modern, minimal, futuristic",0.68,Modern grid layout with dark gray background and large typography elements.,"modern, minimal, dark-gray, grid, typography, rounded-buttons",4
Lapa Ninja (Post),Relate,https://www.lapa.ninja/post/relate-4/,https://cdn.lapa.ninja/assets/images/1x/relate-12-29-2020-thumb.webp,"[""#111010"", ""#fefdfc""]","{""#111010"": 0.2037, ""#fefdfc"": 0.5079}",#111010,dark neutral,"split screen, sidebar, grid layout, large typography, search bar, rounded buttons","modern, professional, artistic",0.6,Modern split screen layout with dark neutral tones and large typography.,"modern, professional, dark, grid, sidebar, rounded-buttons",0
Lapa Ninja (Post),Adrian Z,https://www.lapa.ninja/post/azumbrunnen/,https://cdn.lapa.ninja/assets/images/1x/azumbrunnen-thumb.webp,"[""#070709"", ""#d4bfcb""]","{""#070709"": 0.8916, ""#d4bfcb"": 0.0553}",#070709,dark neutral,"large typography, grid layout, rounded buttons, pricing cards, feature list, footer","modern, futuristic, minimal",0.75,Modern grid layout with dark neutral tones and large typography.,"modern, grid, dark, minimal, typography, rounded-buttons",4
Lapa Ninja (Post),handsome,https://www.lapa.ninja/post/handsome-2/,https://cdn.lapa.ninja/assets/images/1x/handsome-12-29-2020-thumb.webp,"[""#fbf8f5"", ""#d5c3b2""]","{""#fbf8f5"": 0.6989, ""#d5c3b2"": 0.1436}",#fbf8f5,light neutral,"large typography, rounded buttons, video background, sidebar, grid layout, pricing cards","modern, luxury, bold",0.75,Modern grid layout with light neutral background and large typography.,"modern, luxury, light, grid, bold, rounded-buttons",3
Lapa Ninja (Post),Golden Wolf,https://www.lapa.ninja/post/goldenwolf/,https://cdn.lapa.ninja/assets/images/1x/goldenwolf-thumb.webp,"[""#0a0a0a"", ""#454248""]","{""#0a0a0a"": 0.5263, ""#454248"": 0.2002}",#0a0a0a,dark neutral,"video background, grid layout, pricing cards, feature list, card list, sidebar","modern, cool, creative",0.75,Modern grid layout with dark neutral video background and structured pricing cards.,"modern, grid, dark-neutral, video-background, pricing-cards, creative",6
Lapa Ninja (Post),Honk,https://www.lapa.ninja/post/honk/,https://cdn.lapa.ninja/assets/images/1x/honk-thumb.webp,"[""#fcefe9"", ""#c4e4ea""]","{""#fcefe9"": 0.566, ""#c4e4ea"": 0.3324}",#fcefe9,light neutral,"rounded buttons, icon list, sidebar, grid layout, feature list, pricing cards","modern, minimal, cool",0.75,Modern grid layout with light neutral background and rounded buttons.,"modern, minimal, light, grid, rounded-buttons, sidebar, cool",2
Lapa Ninja (Post),Peter Demulsant,https://www.lapa.ninja/post/picodix/,https://cdn.lapa.ninja/assets/images/1x/picodix-thumb.webp,"[""#141414"", ""#d5d5d5""]","{""#141414"": 0.7809, ""#d5d5d5"": 0.1352}",#141414,dark neutral,"large typography, split screen, grid layout, form, footer, sidebar","modern, minimal, futuristic",0.75,Modern split screen layout with dark neutral tones and large typography.,"modern, minimal, dark, grid, typography, layout",0
Lapa Ninja (Post),La QV,https://www.lapa.ninja/post/laqv/,https://cdn.lapa.ninja/assets/images/1x/laqv-thumb.webp,"[""#f8f6ef"", ""#212322""]","{""#f8f6ef"": 0.8952, ""#212322"": 0.0742}",#f8f6ef,light neutral,"large typography, sidebar, chart, grid layout, pricing cards, footer","minimal, trustworthy, modern",0.75,Minimal grid layout with light neutral background and large typography elements.,"minimal, modern, light, grid, typography, trustworthy, layout",3
Lapa Ninja (Post),mishmash,https://www.lapa.ninja/post/mishmash/,https://cdn.lapa.ninja/assets/images/1x/mishmash-thumb.webp,"[""#f6f4f0"", ""#e6a976""]","{""#f6f4f0"": 0.5718, ""#e6a976"": 0.2568}",#f6f4f0,light neutral,"pricing cards, rounded buttons, grid layout, large typography, data table, top navigation","modern, minimal, luxury",0.75,Modern grid layout with light neutral background and prominent pricing cards.,"modern, minimal, light, grid, pricing-cards, luxury, rounded-buttons",7
Lapa Ninja (Post),Marx Design,https://www.lapa.ninja/post/marxdesign/,https://cdn.lapa.ninja/assets/images/1x/marxdesign-thumb.webp,"[""#e8e5e3"", ""#050406""]","{""#e8e5e3"": 0.8035, ""#050406"": 0.0586}",#e8e5e3,light gray,"grid layout, avatar, sidebar, rounded buttons, large typography, icon list","minimal, modern, futuristic",0.75,Minimal grid layout with light gray background and large typography.,"minimal, modern, light-gray, grid, typography, rounded-buttons",3
Lapa Ninja (Post),hum,https://www.lapa.ninja/post/hum-colgate/,https://cdn.lapa.ninja/assets/images/1x/hum-colgate-thumb.webp,"[""#e65852"", ""#415dc7""]","{""#e65852"": 0.5184, ""#415dc7"": 0.3711}",#e65852,bright red,"large typography, rounded buttons, grid layout, split screen, pricing cards, search bar","futuristic, modern, creative",0.75,Modern split screen layout with bright red accents and large typography.,"modern, futuristic, bright-red, grid, rounded-buttons, creative, pricing-cards",0
Lapa Ninja (Post),Crystals,https://www.lapa.ninja/post/crystals/,https://cdn.lapa.ninja/assets/images/1x/crystals-thumb.webp,"[""#f8f5f6""]","{""#f8f5f6"": 0.8752}",#f8f5f6,light neutral,"grid layout, large typography, rounded buttons, pricing cards, feature list, sidebar","modern, bold, cool",0.75,Modern grid layout with light neutral background and large typography.,"modern, grid, light, bold, rounded-buttons, pricing-cards",3
Lapa Ninja (Post),Magic Spoon,https://www.lapa.ninja/post/magicspoon/,https://cdn.lapa.ninja/assets/images/1x/magicspoon-thumb.webp,"[""#c8eaf7"", ""#07042d""]","{""#c8eaf7"": 0.3651, ""#07042d"": 0.2635}",#c8eaf7,light bright teal,"grid layout, large typography, rounded buttons, search bar, video background, footer","minimal, modern, futuristic",0.68,Minimal grid layout with light bright teal background and large typography.,"minimal, modern, light-teal, grid, typography, rounded-buttons, video-background",4
Lapa Ninja (Post),Route,https://www.lapa.ninja/post/route/,https://cdn.lapa.ninja/assets/images/1x/route-thumb.webp,"[""#05070e"", ""#f8f9f9""]","{""#05070e"": 0.8002, ""#f8f9f9"": 0.1593}",#05070e,dark neutral,"pricing cards, feature list, sidebar, top navigation, cta button, grid layout","modern, minimal, futuristic",0.75,Modern grid layout with dark neutral theme and prominent pricing cards.,"modern, minimal, dark, grid, pricing-cards, sidebar",7
Lapa Ninja (Post),Aplós,https://www.lapa.ninja/post/aplos/,https://cdn.lapa.ninja/assets/images/1x/aplos-thumb.webp,"[""#e3e1d9"", ""#bcbbb4""]","{""#e3e1d9"": 0.5354, ""#bcbbb4"": 0.236}",#e3e1d9,light muted yellow,"rounded buttons, grid layout, sidebar, large typography, feature list, video background","minimal, futuristic, modern",0.75,Minimal grid layout with light muted yellow background and large typography.,"minimal, modern, light, grid, rounded-buttons, futuristic, sidebar",4
Lapa Ninja (Post),Numbered Studio,https://www.lapa.ninja/post/numbered-studio-2/,https://cdn.lapa.ninja/assets/images/1x/numbered-studio-12-27-2020-thumb.webp,"[""#0f0e0e"", ""#aca292""]","{""#0f0e0e"": 0.4682, ""#aca292"": 0.2409}",#0f0e0e,dark neutral,"large typography, rounded buttons, sidebar, pricing cards, feature list, data table","modern, minimal, professional",0.73,Modern layout with dark neutral tones featuring large typography and rounded buttons.,"modern, minimal, dark, typography, rounded-buttons, professional, layout",1
Lapa Ninja (Post),Maui Studios Aotearoa,https://www.lapa.ninja/post/mauistudios/,https://cdn.lapa.ninja/assets/images/1x/mauistudios-thumb.webp,"[""#09080a"", ""#041a7d""]","{""#09080a"": 0.7445, ""#041a7d"": 0.1008}",#09080a,dark neutral,"large typography, sidebar, video background, rounded buttons, form, feature list","futuristic, professional, minimal",0.75,Professional layout with dark neutral tones featuring large typography and a video background.,"professional, minimal, dark, futuristic, video-background, typography, rounded-buttons",6
Lapa Ninja (Post),Guillaume Colombel,https://www.lapa.ninja/post/guillaumecolombel-2/,https://cdn.lapa.ninja/assets/images/1x/guillaumecolombel-21-12-2020-thumb.webp,"[""#000000"", ""#dadad9""]","{""#000000"": 0.767, ""#dadad9"": 0.1297}",#000000,dark neutral,"sidebar, feature list, icon list, large typography, grid layout, split screen","creative, professional, modern",0.75,Professional split screen layout with dark neutral tones and large typography.,"professional, modern, dark, grid, sidebar, typography",0
Lapa Ninja (Post),Petal,https://www.lapa.ninja/post/petalcard/,https://cdn.lapa.ninja/assets/images/1x/petalcard-12-21-2020-thumb.webp,"[""#a7dae1"", ""#fafefd""]","{""#a7dae1"": 0.2462, ""#fafefd"": 0.6328}",#a7dae1,bright teal,"pricing cards, rounded buttons, top navigation, large typography, grid layout, data table","minimal, modern, futuristic",0.62,Minimal grid layout with bright teal pricing cards and large typography.,"minimal, modern, bright-teal, grid, pricing-cards, rounded-buttons",7
Lapa Ninja (Post),EarCOUTURE,https://www.lapa.ninja/post/earcouture/,https://cdn.lapa.ninja/assets/images/1x/earcouture-thumb.webp,"[""#1e1920"", ""#fefefe""]","{""#1e1920"": 0.1932, ""#fefefe"": 0.5224}",#1e1920,dark muted purple,"video background, icon list, sidebar, large typography, rounded buttons, feature list","cool, futuristic, artistic",0.6,Futuristic layout with dark muted purple video background and large typography.,"modern, cool, dark-muted-purple, video-background, rounded-buttons, artistic",6
Lapa Ninja (Post),Patrick Mahomes,https://www.lapa.ninja/post/patrickmahomes/,https://cdn.lapa.ninja/assets/images/1x/patrickmahomes-thumb.webp,"[""#020102"", ""#fefefe""]","{""#020102"": 0.4917, ""#fefefe"": 0.3127}",#020102,dark neutral,"sidebar, rounded buttons, hero image, feature list, video background, icon list","cool, warm, serious",0.75,Serious layout with dark neutral tones featuring a prominent hero image and rounded buttons.,"serious, dark, hero, rounded-buttons, sidebar, video-background",6
Lapa Ninja (Post),Out of Place Studio Design,https://www.lapa.ninja/post/outofplace-studio/,https://cdn.lapa.ninja/assets/images/1x/outofplace-studio-thumb.webp,"[""#cee3e5"", ""#fdfefe""]","{""#cee3e5"": 0.3533, ""#fdfefe"": 0.2995}",#cee3e5,light muted teal,"grid layout, rounded buttons, large typography, pricing cards, two-column layout, split screen","modern, minimal, vibrant",0.68,Modern grid layout with light muted teal accents and large typography.,"modern, minimal, light-muted-teal, grid, typography, vibrant",7
Lapa Ninja (Post),Nicole He,https://www.lapa.ninja/post/nicole-pizza/,https://cdn.lapa.ninja/assets/images/1x/nicole-pizza-thumb.webp,"[""#d5f0eb"", ""#ece0c3""]","{""#d5f0eb"": 0.4902, ""#ece0c3"": 0.2183}",#d5f0eb,light bright teal,"grid layout, sidebar, split screen, two-column layout, rounded buttons, data table","modern, retro, futuristic",0.75,Modern split screen layout with light bright teal and rounded buttons.,"modern, grid, light-teal, rounded-buttons, sidebar, two-column",0
Lapa Ninja (Post),Wilder Fields,https://www.lapa.ninja/post/wilderfields/,https://cdn.lapa.ninja/assets/images/1x/wilderfields-thumb.webp,"[""#222b1c"", ""#8c918e""]","{""#222b1c"": 0.6419, ""#8c918e"": 0.1025}",#222b1c,dark muted green,"sidebar, large typography, footer, grid layout, pricing cards, video background","professional, minimal, modern",0.75,Professional grid layout with dark muted green sidebar and large typography.,"professional, minimal, dark-green, grid, typography, modern",4
Lapa Ninja (Post),Cloverly,https://www.lapa.ninja/post/cloverly/,https://cdn.lapa.ninja/assets/images/1x/cloverly-thumb.webp,"[""#21bc8a"", ""#f7f9f2""]","{""#21bc8a"": 0.2574, ""#f7f9f2"": 0.5884}",#21bc8a,bright teal,"rounded buttons, grid layout, pricing cards, footer, large typography, top navigation","modern, calm, warm",0.63,Modern grid layout with bright teal pricing cards and rounded buttons.,"modern, calm, bright-teal, grid, pricing-cards, rounded-buttons",7
Lapa Ninja (Post),Rows,https://www.lapa.ninja/post/rows/,https://cdn.lapa.ninja/assets/images/1x/rows-thumb.webp,"[""#fcfaf1"", ""#350529""]","{""#fcfaf1"": 0.868, ""#350529"": 0.0985}",#fcfaf1,light neutral,"large typography, rounded buttons, sidebar, grid layout, split screen, feature list","modern, professional, creative",0.75,Modern grid layout with light neutral background and large typography.,"modern, professional, light, grid, typography, rounded-buttons, split-screen",3
Lapa Ninja (Post),IL Letterista,https://www.lapa.ninja/post/illetterista/,https://cdn.lapa.ninja/assets/images/1x/illetterista-thumb.webp,"[""#f1ede1"", ""#242731""]","{""#f1ede1"": 0.6578, ""#242731"": 0.2236}",#f1ede1,light bright yellow,"large typography, sidebar, pricing cards, grid layout, rounded buttons, icon list","artistic, modern, creative",0.75,Modern grid layout with light yellow typography and rounded buttons.,"modern, grid, light-yellow, artistic, pricing-cards, rounded-buttons",7
Lapa Ninja (Post),Evens,https://www.lapa.ninja/post/evens/,https://cdn.lapa.ninja/assets/images/1x/evens-thumb.webp,"[""#fd5f38"", ""#fdfdfd""]","{""#fd5f38"": 0.3967, ""#fdfdfd"": 0.5116}",#fd5f38,bright red,"sidebar, avatar, large typography, pricing cards, feature list, video background","creative, professional, trustworthy",0.7,Professional layout with bright red accents and large typography elements.,"creative, professional, bright-red, typography, sidebar, video-background",6
Lapa Ninja (Post),Danilo Rodrigues,https://www.lapa.ninja/post/danilorodrigues/,https://cdn.lapa.ninja/assets/images/1x/danilorodrigues-thumb.webp,"[""#f9f8f8"", ""#c5d1e8""]","{""#f9f8f8"": 0.8302, ""#c5d1e8"": 0.1306}",#f9f8f8,light neutral,"large typography, rounded buttons, pricing cards, sidebar, data table, grid layout","professional, creative, artistic",0.75,Professional grid layout with light neutral background and large typography.,"professional, grid, light, typography, rounded-buttons, creative",3
Lapa Ninja (Post),COGRID-19,https://www.lapa.ninja/post/cogrid19-2/,https://cdn.lapa.ninja/assets/images/1x/cogrid19-12-20-2020-thumb.webp,"[""#f5d2e3"", ""#fefefe""]","{""#f5d2e3"": 0.3395, ""#fefefe"": 0.4905}",#f5d2e3,light bright red,"grid layout, large typography, rounded buttons, sidebar, pricing cards, two-column layout","minimal, modern, bold",0.67,Minimal grid layout with light bright red typography and rounded buttons.,"minimal, modern, light-red, grid, typography, rounded-buttons, pricing-cards",7
Lapa Ninja (Post),ChungiYoo,https://www.lapa.ninja/post/chungiyoo/,https://cdn.lapa.ninja/assets/images/1x/chungiyoo-thumb.webp,"[""#f3ede9"", ""#e5d7cc""]","{""#f3ede9"": 0.6564, ""#e5d7cc"": 0.3048}",#f3ede9,light neutral,"large typography, rounded buttons, footer, grid layout, sidebar, video background","minimal, cool, creative",0.75,Minimal grid layout with light neutral tones and large typography.,"minimal, grid, light, rounded-buttons, creative, cool",3
Lapa Ninja (Post),Idyl,https://www.lapa.ninja/post/idyl/,https://cdn.lapa.ninja/assets/images/1x/idyl-thumb.webp,"[""#d2dad9"", ""#96adb2""]","{""#d2dad9"": 0.5346, ""#96adb2"": 0.2446}",#d2dad9,light gray,"sidebar, rounded buttons, top navigation, avatar, video background, feature list","modern, elegant, minimal",0.75,Modern layout with light gray background featuring a video background and rounded buttons.,"modern, elegant, minimal, light-gray, video-background, rounded-buttons, sidebar",6
Lapa Ninja (Post),Retrospec,https://www.lapa.ninja/post/retrospec/,https://cdn.lapa.ninja/assets/images/1x/retrospec-thumb.webp,"[""#f9f6ef"", ""#c1c5c4""]","{""#f9f6ef"": 0.7784, ""#c1c5c4"": 0.1009}",#f9f6ef,light neutral,"grid layout, rounded buttons, feature list, sidebar, pricing cards, video background","minimal, modern, retro",0.75,Minimal grid layout with light neutral background and rounded buttons.,"minimal, modern, light, grid, rounded-buttons, retro, sidebar",2
Lapa Ninja (Post),Lëtzebuerger Journal,https://www.lapa.ninja/post/journal/,https://cdn.lapa.ninja/assets/images/1x/journal-thumb.webp,"[""#1f1513"", ""#fcfdfd""]","{""#1f1513"": 0.1875, ""#fcfdfd"": 0.54}",#1f1513,dark muted red,"sidebar, large typography, split screen, rounded buttons, two-column layout, video background","bold, professional, modern",0.59,Professional split screen layout with dark muted red sidebar and large typography.,"bold, modern, dark-muted-red, two-column, rounded-buttons, video-background",5
Lapa Ninja (Post),Arnie.M,https://www.lapa.ninja/post/arniem/,https://cdn.lapa.ninja/assets/images/1x/arniem-thumb.webp,"[""#d7d3d6"", ""#f5f4f4""]","{""#d7d3d6"": 0.2823, ""#f5f4f4"": 0.6099}",#d7d3d6,light gray,"pricing cards, large typography, sidebar, grid layout, feature list, two-column layout","modern, artistic, creative",0.64,Modern grid layout with light gray sidebar and large typography.,"modern, grid, light-gray, sidebar, pricing-cards, creative",7
Lapa Ninja (Post),23d.1,https://www.lapa.ninja/post/23d/,https://cdn.lapa.ninja/assets/images/1x/23d-thumb.webp,"[""#010101"", ""#ffffff""]","{""#010101"": 0.2818, ""#ffffff"": 0.5261}",#010101,dark neutral,"large typography, pricing cards, grid layout, split screen, sidebar, icon list","modern, futuristic, cool",0.64,Modern split screen layout with dark neutral large typography and pricing cards.,"modern, grid, dark-neutral, pricing-cards, sidebar, futuristic",0
Lapa Ninja (Post),UJET,https://www.lapa.ninja/post/ujet/,https://cdn.lapa.ninja/assets/images/1x/ujet-thumb.webp,"[""#efefef"", ""#c9cacb""]","{""#efefef"": 0.7636, ""#c9cacb"": 0.0784}",#efefef,light neutral,"large typography, rounded buttons, grid layout, footer, form, feature list","futuristic, modern, minimal",0.75,Modern grid layout with light neutral background and large typography.,"modern, minimal, light, grid, typography, rounded-buttons, footer",3
Lapa Ninja (Post),Juliana Cavalcanti,https://www.lapa.ninja/post/juliana-cavalcanti/,https://cdn.lapa.ninja/assets/images/1x/juliana-cavalcanti-thumb.webp,"[""#fef9ed"", ""#d7bcab""]","{""#fef9ed"": 0.7785, ""#d7bcab"": 0.0949}",#fef9ed,light neutral,"large typography, rounded buttons, grid layout, video background, pricing cards, sidebar","modern, minimal, luxury",0.75,Modern grid layout with light neutral background and large typography.,"modern, minimal, light, grid, luxury, rounded-buttons",3
Lapa Ninja (Post),Olssøn Barbieri,https://www.lapa.ninja/post/olssonbarbieri/,https://cdn.lapa.ninja/assets/images/1x/olssonbarbieri-thumb.webp,"[""#fdfefe"", ""#cdcbc2""]","{""#fdfefe"": 0.6818, ""#cdcbc2"": 0.1007}",#fdfefe,light neutral,"icon list, top navigation, data table, sidebar, chart, card list","modern, minimal, trustworthy",0.75,Modern layout with light neutral background and structured data table.,"modern, minimal, light, data-table, sidebar, trustworthy",1
Lapa Ninja (Post),Stephan Friedli,https://www.lapa.ninja/post/stephanfriedli/,https://cdn.lapa.ninja/assets/images/1x/stephanfriedli-thumb.webp,"[""#fafafa"", ""#565b3b""]","{""#fafafa"": 0.7752, ""#565b3b"": 0.077}",#fafafa,light neutral,"grid layout, sidebar, large typography, footer, feature list, split screen","modern, professional, creative",0.75,Modern grid layout with light neutral background and large typography.,"modern, professional, grid, typography, sidebar, split-screen",3
Lapa Ninja (Post),Parostec,https://www.lapa.ninja/post/parostec/,https://cdn.lapa.ninja/assets/images/1x/parostec-thumb.webp,"[""#ffffff"", ""#878787""]","{""#ffffff"": 0.7124, ""#878787"": 0.1044}",#ffffff,light neutral,"grid layout, data table, two-column layout, feature list, single column, sidebar","modern, professional, minimal",0.75,Modern grid layout with light neutral background and a structured data table.,"modern, professional, minimal, grid, data-table, layout",3
Lapa Ninja (Post),Zoox,https://www.lapa.ninja/post/zoox/,https://cdn.lapa.ninja/assets/images/1x/zoox-thumb.webp,"[""#000105"", ""#05051f""]","{""#000105"": 0.5119, ""#05051f"": 0.3517}",#000105,dark neutral,"video background, sidebar, icon list, avatar, hero image, feature list","futuristic, cool, modern",0.75,Modern layout with dark neutral video background and a prominent hero image.,"modern, futuristic, dark, video-background, hero, sidebar",6
Lapa Ninja (Post),2020 - Album Colors Of The Year,https://www.lapa.ninja/post/albumcolors/,https://cdn.lapa.ninja/assets/images/1x/albumcolors-thumb.webp,"[""#feccc1"", ""#b60d14""]","{""#feccc1"": 0.5727, ""#b60d14"": 0.217}",#feccc1,light bright red,"sidebar, split screen, large typography, video background, form, grid layout","minimal, modern, retro",0.75,Minimal split screen layout with light bright red background and large typography.,"minimal, modern, light-bright-red, split-screen, large-typography, grid",5
Lapa Ninja (Post),Designed by Women,https://www.lapa.ninja/post/designedbywomen/,https://cdn.lapa.ninja/assets/images/1x/designedbywomen-thumb.webp,"[""#232022"", ""#fdfdfd""]","{""#232022"": 0.4817, ""#fdfdfd"": 0.4544}",#232022,dark gray,"rounded buttons, large typography, grid layout, pricing cards, sidebar, split screen","modern, minimal, bold",0.74,Modern grid layout with dark gray sidebar and large typography.,"modern, minimal, dark-gray, grid, bold, rounded-buttons",4
Lapa Ninja (Post),Italic,https://www.lapa.ninja/post/italic-2/,https://cdn.lapa.ninja/assets/images/1x/italic-12-14-2020-thumb.webp,"[""#340a0d"", ""#908d8b""]","{""#340a0d"": 0.354, ""#908d8b"": 0.2341}",#340a0d,dark bright red,"rounded buttons, feature list, footer, grid layout, video background, sidebar","elegant, cool, minimal",0.68,Elegant grid layout with dark bright red video background and rounded buttons.,"elegant, minimal, dark-red, grid, video-background, rounded-buttons",6
Lapa Ninja (Post),Basic.Space,https://www.lapa.ninja/post/basic-space/,https://cdn.lapa.ninja/assets/images/1x/basic-space-thumb.webp,"[""#050d06"", ""#fafafa""]","{""#050d06"": 0.2791, ""#fafafa"": 0.4503}",#050d06,dark neutral,"rounded buttons, sidebar, large typography, grid layout, search bar, split screen","modern, futuristic, retro",0.64,Modern split screen layout with dark neutral tones and large typography.,"modern, split-screen, dark-neutral, rounded-buttons, grid, futuristic",0
Lapa Ninja (Post),Hot Black,https://www.lapa.ninja/post/hotblack/,https://cdn.lapa.ninja/assets/images/1x/hotblack-thumb.webp,"[""#010102"", ""#1e2c6e""]","{""#010102"": 0.5557, ""#1e2c6e"": 0.1975}",#010102,dark neutral,"large typography, video background, sidebar, avatar, split screen, grid layout","modern, minimal, cool",0.75,Modern split screen layout with dark neutral video background and large typography.,"modern, minimal, dark, video-background, grid, typography",5
Lapa Ninja (Post),Base,https://www.lapa.ninja/post/get-base/,https://cdn.lapa.ninja/assets/images/1x/get-base-thumb.webp,"[""#000000"", ""#feffff""]","{""#000000"": 0.3884, ""#feffff"": 0.3627}",#000000,dark neutral,"pricing cards, rounded buttons, large typography, grid layout, cta button, sidebar","modern, minimal, futuristic",0.69,Modern grid layout with dark neutral pricing cards and large typography.,"modern, minimal, dark, grid, pricing-cards, typography, futuristic",7
Lapa Ninja (Post),Directus,https://www.lapa.ninja/post/directus/,https://cdn.lapa.ninja/assets/images/1x/directus-thumb.webp,"[""#d9eafc"", ""#fbfcfe""]","{""#d9eafc"": 0.2183, ""#fbfcfe"": 0.6247}",#d9eafc,light bright blue,"rounded buttons, grid layout, cta button, search bar, feature list, top navigation","modern, minimal, futuristic",0.61,Modern grid layout with light bright blue accents and rounded buttons.,"modern, minimal, light-blue, grid, rounded-buttons, futuristic",2
Lapa Ninja (Post),Super,https://www.lapa.ninja/post/superso/,https://cdn.lapa.ninja/assets/images/1x/super-so-thumb.webp,"[""#f9fafd""]","{""#f9fafd"": 0.9396}",#f9fafd,light neutral,"rounded buttons, top navigation, grid layout, feature list, large typography, icon list","modern, minimal, futuristic",0.75,Modern grid layout with light neutral background and rounded buttons.,"modern, minimal, light, grid, rounded-buttons, typography",2
Lapa Ninja (Post),Stamped.io,https://www.lapa.ninja/post/stamped-2/,https://cdn.lapa.ninja/assets/images/1x/stamped-12-14-2020-thumb.webp,"[""#fbaa0e"", ""#fbfaf9""]","{""#fbaa0e"": 0.1801, ""#fbfaf9"": 0.5802}",#fbaa0e,bright orange,"rounded buttons, sidebar, form, feature list, pricing cards, grid layout","modern, cool, professional",0.59,Modern grid layout with light neutral sidebar and rounded buttons.,"modern, grid, light, professional, rounded-buttons, sidebar",2
Lapa Ninja (Post),Lunettes Noires,https://www.lapa.ninja/post/lunettesnoires/,https://cdn.lapa.ninja/assets/images/1x/lunettesnoires-thumb.webp,"[""#010101""]","{""#010101"": 0.9251}",#010101,dark neutral,"large typography, rounded buttons, pricing cards, icon list, feature list, logo","luxury, minimal, creative",0.75,Minimal layout with dark neutral tones featuring large typography and rounded buttons.,"minimal, luxury, dark, typography, rounded-buttons, creative",1
Lapa Ninja (Post),Mesh Times,https://www.lapa.ninja/post/mesh-times/,https://cdn.lapa.ninja/assets/images/1x/mesh-times-thumb.webp,"[""#fcf5ee""]","{""#fcf5ee"": 0.9389}",#fcf5ee,light neutral,"pricing cards, grid layout, rounded buttons, sidebar, large typography, feature list","minimal, modern, professional",0.75,Minimal grid layout with light neutral background and large typography for pricing cards.,"minimal, modern, light, grid, professional, typography",7
Lapa Ninja (Post),Bello,https://www.lapa.ninja/post/getbello/,https://cdn.lapa.ninja/assets/images/1x/getbello-thumb.webp,"[""#fcfbfa""]","{""#fcfbfa"": 0.8959}",#fcfbfa,light neutral,"sidebar, pricing cards, large typography, rounded buttons, split screen, feature list","modern, cool, minimal",0.75,Modern split screen layout with light neutral background and large typography.,"modern, minimal, light, split-screen, typography, rounded-buttons",0
Lapa Ninja (Post),Mixpanel,https://www.lapa.ninja/post/mixpanel-5/,https://cdn.lapa.ninja/assets/images/1x/mixpanel-12-13-2020-thumb.webp,"[""#1f1e25"", ""#fcfcfc""]","{""#1f1e25"": 0.6231, ""#fcfcfc"": 0.3011}",#1f1e25,dark muted blue,"feature list, grid layout, rounded buttons, footer, data table, sidebar","modern, minimal, futuristic",0.75,Modern grid layout with dark muted blue theme and rounded buttons.,"modern, minimal, dark-muted-blue, grid, rounded-buttons, feature-list",2
Lapa Ninja (Post),Hive Streaming,https://www.lapa.ninja/post/hivestreaming/,https://cdn.lapa.ninja/assets/images/1x/hivestreaming-thumb.webp,"[""#29373b"", ""#fefefe""]","{""#29373b"": 0.322, ""#fefefe"": 0.3593}",#29373b,dark muted teal,"rounded buttons, grid layout, large typography, search bar, top navigation, footer","modern, minimal, cool",0.66,Modern grid layout with dark muted teal accents and large typography.,"modern, minimal, dark-muted-teal, grid, rounded-buttons, typography",4
Lapa Ninja (Post),Runway,https://www.lapa.ninja/post/runwayml-2/,https://cdn.lapa.ninja/assets/images/1x/runwayml-12-12-2020-thumb.webp,"[""#030304"", ""#fefefd""]","{""#030304"": 0.3236, ""#fefefd"": 0.5304}",#030304,dark neutral,"large typography, grid layout, rounded buttons, cta button, feature list, sidebar","futuristic, modern, creative",0.66,Modern grid layout with dark neutral tones and large typography.,"modern, grid, dark, futuristic, creative, typography",4
Lapa Ninja (Post),Internet Pin Company,https://www.lapa.ninja/post/internetpin-2/,https://cdn.lapa.ninja/assets/images/1x/internetpin-12-12-2020-thumb.webp,"[""#030edd"", ""#1b1c15""]","{""#030edd"": 0.5511, ""#1b1c15"": 0.146}",#030edd,bright blue,"sidebar, avatar, icon list, feature list, grid layout, video background","modern, futuristic, artistic",0.75,Modern grid layout with bright blue video background and sidebar elements.,"modern, grid, bright-blue, video-background, sidebar, artistic",6
Lapa Ninja (Post),Typography Principles,https://www.lapa.ninja/post/typography-principles/,https://cdn.lapa.ninja/assets/images/1x/typography-principles-thumb.webp,"[""#1d1d1d"", ""#f1ead7""]","{""#1d1d1d"": 0.6247, ""#f1ead7"": 0.1309}",#1d1d1d,dark gray,"large typography, icon list, footer, two-column layout, feature list, sidebar","artistic, minimal, creative",0.75,Artistic two-column layout with dark gray large typography and an icon list.,"artistic, minimal, dark-gray, typography, two-column, creative",1
Lapa Ninja (Post),Sandy Gray,https://www.lapa.ninja/post/sandygraywhisky/,https://cdn.lapa.ninja/assets/images/1x/sandygraywhisky-thumb.webp,"[""#5b7480"", ""#fdfdfc""]","{""#5b7480"": 0.2197, ""#fdfdfc"": 0.4821}",#5b7480,muted teal,"large typography, grid layout, rounded buttons, sidebar, pricing cards, feature list","luxury, trustworthy, artistic",0.61,Luxurious grid layout with muted teal typography and rounded buttons.,"luxury, grid, muted-teal, rounded-buttons, typography, artistic",7
Lapa Ninja (Post),Homebase,https://www.lapa.ninja/post/homebase/,https://cdn.lapa.ninja/assets/images/1x/homebase-thumb.webp,"[""#020202"", ""#eff3f2""]","{""#020202"": 0.897, ""#eff3f2"": 0.0579}",#020202,dark neutral,"grid layout, large typography, rounded buttons, feature list, footer, search bar","modern, futuristic, minimal",0.75,Modern grid layout with dark neutral tones and large typography.,"modern, grid, dark, minimal, typography, rounded-buttons",4
Lapa Ninja (Post),Vrrb,https://www.lapa.ninja/post/vrrb/,https://cdn.lapa.ninja/assets/images/1x/vrrb-thumb.webp,"[""#fefdfd"", ""#a7a5a3""]","{""#fefdfd"": 0.7562, ""#a7a5a3"": 0.1086}",#fefdfd,light neutral,"grid layout, large typography, sidebar, rounded buttons, feature list, hero image","modern, minimal, retro",0.75,Modern grid layout with light neutral background and large typography.,"modern, minimal, grid, typography, sidebar, rounded-buttons",3
Lapa Ninja (Post),Fanfare,https://www.lapa.ninja/post/fanfare/,https://cdn.lapa.ninja/assets/images/1x/fanfare-thumb.webp,"[""#dfcfd4"", ""#ffffff""]","{""#dfcfd4"": 0.2137, ""#ffffff"": 0.5475}",#dfcfd4,muted red,"sidebar, footer, avatar, feature list, video background, icon list","futuristic, artistic, creative",0.61,Artistic layout with muted red accents featuring a video background and sidebar elements.,"artistic, creative, muted-red, sidebar, video-background, modern",6
Lapa Ninja (Post),Dann Petty,https://www.lapa.ninja/post/dannpetty/,https://cdn.lapa.ninja/assets/images/1x/dannpetty-thumb.webp,"[""#1b1c1b"", ""#cf7478""]","{""#1b1c1b"": 0.598, ""#cf7478"": 0.1192}",#1b1c1b,dark gray,"grid layout, search bar, feature list, rounded buttons, video background, icon list","modern, minimal, futuristic",0.75,Modern grid layout with dark gray background and rounded buttons.,"modern, minimal, dark-gray, grid, rounded-buttons, video-background",2
Lapa Ninja (Post),Lovers Magazine,https://www.lapa.ninja/post/oversmagazine/,https://cdn.lapa.ninja/assets/images/1x/oversmagazine-thumb.webp,"[""#89776c"", ""#fdfdfd""]","{""#89776c"": 0.2878, ""#fdfdfd"": 0.4422}",#89776c,muted orange,"sidebar, icon list, grid layout, large typography, two-column layout, video background","modern, professional, minimal",0.64,Modern two-column layout with muted orange sidebar and large typography.,"modern, professional, muted-orange, grid, sidebar, minimal",1
Lapa Ninja (Post),Le Singe,https://www.lapa.ninja/post/lesinge/,https://cdn.lapa.ninja/assets/images/1x/lesinge-thumb.webp,"[""#020f2c"", ""#6e5f3f""]","{""#020f2c"": 0.7838, ""#6e5f3f"": 0.0633}",#020f2c,dark bright blue,"rounded buttons, avatar, sidebar, form, large typography, feature list","futuristic, modern, professional",0.75,Modern layout with dark bright blue sidebar and large typography elements.,"modern, professional, dark-blue, rounded-buttons, sidebar, typography",1
Lapa Ninja (Post),GitHub,https://www.lapa.ninja/post/github-2/,https://cdn.lapa.ninja/assets/images/1x/github-12-10-2020-thumb.webp,"[""#050d22"", ""#fdfdfe""]","{""#050d22"": 0.5462, ""#fdfdfe"": 0.2581}",#050d22,dark neutral,"avatar, rounded buttons, pricing cards, feature list, grid layout, search bar","modern, futuristic, minimal",0.75,Modern grid layout with dark neutral tones and rounded buttons.,"modern, grid, dark, rounded-buttons, minimal, futuristic",2
Lapa Ninja (Post),Brutask,https://www.lapa.ninja/post/brutask/,https://cdn.lapa.ninja/assets/images/1x/brutask-thumb.webp,"[""#fcfcfc""]","{""#fcfcfc"": 0.9493}",#fcfcfc,light neutral,"rounded buttons, sidebar, pricing cards, avatar, feature list, grid layout","modern, professional, minimal",0.75,Modern grid layout with light neutral background and rounded buttons.,"modern, professional, minimal, grid, rounded-buttons, sidebar, pricing-cards",2
Lapa Ninja (Post),Bubble,https://www.lapa.ninja/post/hellobubble/,https://cdn.lapa.ninja/assets/images/1x/hellobubble-thumb.webp,"[""#3dc0bc"", ""#eefcfa""]","{""#3dc0bc"": 0.2715, ""#eefcfa"": 0.2839}",#3dc0bc,bright teal,"video background, sidebar, cta button, rounded buttons, split screen, search bar","friendly, modern, cool",0.64,Modern split screen layout with bright teal video background and rounded buttons.,"modern, friendly, bright-teal, split-screen, video-background, rounded-buttons",5
Lapa Ninja (Post),Browser History 2020,https://www.lapa.ninja/post/browser-history-2020/,https://cdn.lapa.ninja/assets/images/1x/browser-history-2020-thumb.webp,"[""#401309"", ""#603722""]","{""#401309"": 0.3971, ""#603722"": 0.2261}",#401309,dark bright red,"video background, large typography, sidebar, feature list, rounded buttons, top navigation","modern, cool, creative",0.7,Modern layout with dark bright red video background and large typography.,"modern, creative, dark-red, video, typography, rounded-buttons, sidebar",6
Lapa Ninja (Post),Tomorrow,https://www.lapa.ninja/post/tomorrow/,https://cdn.lapa.ninja/assets/images/1x/tomorrow-thumb.webp,"[""#eedfd1"", ""#fdfefe""]","{""#eedfd1"": 0.2749, ""#fdfefe"": 0.4114}",#eedfd1,light bright orange,"rounded buttons, sidebar, grid layout, search bar, pricing cards, feature list","modern, minimal, futuristic",0.64,Modern grid layout with light bright orange sidebar and rounded buttons.,"modern, minimal, light-orange, grid, rounded-buttons, sidebar, futuristic",2
Lapa Ninja (Post),Esther Jansma,https://www.lapa.ninja/post/estherjansma/,https://cdn.lapa.ninja/assets/images/1x/estherjansma-thumb.webp,"[""#fefefe"", ""#060908""]","{""#fefefe"": 0.7921, ""#060908"": 0.0789}",#fefefe,light neutral,"large typography, form, grid layout, footer, icon list, sidebar","modern, professional, minimal",0.75,Modern grid layout with light neutral background and large typography.,"modern, professional, minimal, grid, typography, layout",3
Lapa Ninja (Post),Welcome,https://www.lapa.ninja/post/experiencewelcome/,https://cdn.lapa.ninja/assets/images/1x/experiencewelcome-thumb.webp,"[""#121212"", ""#e9e9eb""]","{""#121212"": 0.5023, ""#e9e9eb"": 0.1946}",#121212,dark neutral,"sidebar, avatar, video background, grid layout, feature list, split screen","modern, professional, minimal",0.75,Modern split screen layout with dark neutral background and a video background feature.,"modern, professional, dark, grid, minimal, sidebar, video-background",5
Lapa Ninja (Post),Autumn Agency,https://www.lapa.ninja/post/autumn-agency/,https://cdn.lapa.ninja/assets/images/1x/autumn-agency-thumb.webp,"[""#d8cbc2"", ""#ebe8dd""]","{""#d8cbc2"": 0.5109, ""#ebe8dd"": 0.4539}",#d8cbc2,muted orange,"rounded buttons, grid layout, large typography, feature list, video background, form","minimal, modern, futuristic",0.75,Minimal grid layout with muted orange tones and large typography elements.,"minimal, modern, muted-orange, grid, typography, rounded-buttons",4
Lapa Ninja (Post),Mack & Pouya,https://www.lapa.ninja/post/mackandpouya/,https://cdn.lapa.ninja/assets/images/1x/mackandpouya-thumb.webp,"[""#fdf25f"", ""#f5cbd5""]","{""#fdf25f"": 0.4062, ""#f5cbd5"": 0.3632}",#fdf25f,bright yellow,"sidebar, grid layout, hero image, pricing cards, video background, single column","retro, friendly, cool",0.7,Friendly grid layout with bright yellow hero and sidebar elements.,"retro, friendly, bright-yellow, grid, hero, sidebar, cool",7
Lapa Ninja (Post),Channel D,https://www.lapa.ninja/post/channeld/,https://cdn.lapa.ninja/assets/images/1x/channeld-thumb.webp,"[""#fafafa""]","{""#fafafa"": 0.9408}",#fafafa,light neutral,"large typography, search bar, grid layout, pricing cards, footer, split screen","friendly, minimal, trustworthy",0.75,Minimal split screen layout with light neutral background and large typography.,"minimal, friendly, light, grid, typography, trustworthy",0
Lapa Ninja (Post),BIZARRØ,https://www.lapa.ninja/post/bizar/,https://cdn.lapa.ninja/assets/images/1x/bizar-thumb.webp,"[""#141a13"", ""#dbdfdc""]","{""#141a13"": 0.9098, ""#dbdfdc"": 0.0585}",#141a13,dark muted green,"icon list, large typography, feature list, card list, testimonial, sidebar","cool, creative, trustworthy",0.75,Creative layout with dark muted green typography and structured card lists.,"cool, creative, dark-muted-green, typography, card-list, trustworthy",1
Lapa Ninja (Post),KEENTU,https://www.lapa.ninja/post/keentu/,https://cdn.lapa.ninja/assets/images/1x/keentu-thumb.webp,"[""#f6f1eb"", ""#c4bab4""]","{""#f6f1eb"": 0.4712, ""#c4bab4"": 0.1953}",#f6f1eb,light neutral,"grid layout, rounded buttons, top navigation, pricing cards, feature list, sidebar","futuristic, modern, luxury",0.74,Modern grid layout with light neutral background and rounded buttons.,"modern, grid, light, rounded-buttons, luxury, sidebar",2
Lapa Ninja (Post),Elkin Editions,https://www.lapa.ninja/post/elkineditions/,https://cdn.lapa.ninja/assets/images/1x/elkineditions-thumb.webp,"[""#171818"", ""#eff0f0""]","{""#171818"": 0.6097, ""#eff0f0"": 0.1786}",#171818,dark gray,"large typography, two-column layout, grid layout, single column, logo, split screen","futuristic, modern, minimal",0.75,Modern two-column layout with dark gray background and large typography.,"modern, minimal, dark-gray, grid, typography, futuristic",4
Lapa Ninja (Post),Lucky Folks,https://www.lapa.ninja/post/luckyfolks/,https://cdn.lapa.ninja/assets/images/1x/luckyfolks-thumb.webp,"[""#bf3f46"", ""#271e1b""]","{""#bf3f46"": 0.3625, ""#271e1b"": 0.2764}",#bf3f46,bright red,"sidebar, grid layout, rounded buttons, large typography, feature list, footer","creative, playful, cool",0.68,Creative grid layout with bright red sidebar and large typography.,"creative, playful, bright-red, grid, rounded-buttons, typography",4
Lapa Ninja (Post),CRSA,https://www.lapa.ninja/post/crsa/,https://cdn.lapa.ninja/assets/images/1x/crsa-thumb.webp,"[""#f1f1f1"", ""#222424""]","{""#f1f1f1"": 0.5711, ""#222424"": 0.1324}",#f1f1f1,light neutral,"large typography, grid layout, two-column layout, icon list, pricing cards, rounded buttons","modern, minimal, retro",0.75,Modern grid layout with light neutral background and large typography.,"modern, minimal, grid, typography, two-column, rounded-buttons",3
Lapa Ninja (Post),viction:ary,https://www.lapa.ninja/post/victionary/,https://cdn.lapa.ninja/assets/images/1x/victionary-thumb.webp,"[""#963516"", ""#cac3b9""]","{""#963516"": 0.7488, ""#cac3b9"": 0.0782}",#963516,bright red,"large typography, pricing cards, rounded buttons, sidebar, icon list, feature list","artistic, modern, minimal",0.75,Modern layout with bright red typography and rounded buttons for interactive elements.,"modern, artistic, bright-red, typography, rounded-buttons, minimal",7
Lapa Ninja (Post),SuperHi,https://www.lapa.ninja/post/superhi-2/,https://cdn.lapa.ninja/assets/images/1x/superhi-12-06-2020-thumb.webp,"[""#f2f9fb"", ""#919fe3""]","{""#f2f9fb"": 0.6346, ""#919fe3"": 0.1052}",#f2f9fb,light neutral,"grid layout, rounded buttons, pricing cards, feature list, sidebar, video background","vibrant, futuristic, modern",0.75,Modern grid layout with light neutral background and rounded buttons.,"modern, grid, light, rounded-buttons, vibrant, futuristic",2
Lapa Ninja (Post),Nodes,https://www.lapa.ninja/post/nodes/,https://cdn.lapa.ninja/assets/images/1x/nodes-thumb.webp,"[""#f3e1e1"", ""#fffeff""]","{""#f3e1e1"": 0.3088, ""#fffeff"": 0.3265}",#f3e1e1,light bright red,"grid layout, split screen, large typography, video background, sidebar, rounded buttons","minimal, modern, futuristic",0.65,Minimal split screen layout with light bright red background and large typography.,"minimal, modern, light-red, grid, rounded-buttons, futuristic",0
Lapa Ninja (Post),Bump Coffee,https://www.lapa.ninja/post/drinkbumpcoffee/,https://cdn.lapa.ninja/assets/images/1x/drinkbumpcoffee-thumb.webp,"[""#ededed"", ""#464241""]","{""#ededed"": 0.5044, ""#464241"": 0.2172}",#ededed,light neutral,"grid layout, rounded buttons, large typography, pricing cards, footer, sidebar","modern, minimal, professional",0.75,Modern grid layout with light neutral background and large typography.,"modern, minimal, grid, light, professional, typography",3
Lapa Ninja (Post),thi.ng,https://www.lapa.ninja/post/thing/,https://cdn.lapa.ninja/assets/images/1x/thing-thumb.webp,"[""#151515"", ""#59205f""]","{""#151515"": 0.5747, ""#59205f"": 0.158}",#151515,dark gray,"grid layout, video background, large typography, sidebar, feature list, icon list","modern, futuristic, artistic",0.75,Modern grid layout with dark gray video background and large typography.,"modern, grid, dark-gray, video-background, typography, artistic",6
Lapa Ninja (Post),Cash By Cash App,https://www.lapa.ninja/post/cash-by-cash-app/,https://cdn.lapa.ninja/assets/images/1x/cash-by-cash-app-thumb.webp,"[""#faf8f9"", ""#e9eb90""]","{""#faf8f9"": 0.5945, ""#e9eb90"": 0.1469}",#faf8f9,light neutral,"sidebar, rounded buttons, feature list, split screen, video background, grid layout","futuristic, retro, vibrant",0.75,Light neutral split screen layout with vibrant yellow feature list and rounded buttons.,"futuristic, vibrant, split-screen, yellow, rounded-buttons, grid, modern",0
Lapa Ninja (Post),Simon Liesinger,https://www.lapa.ninja/post/liesingers/,https://cdn.lapa.ninja/assets/images/1x/liesingers-thumb.webp,"[""#f2f2f2""]","{""#f2f2f2"": 0.947}",#f2f2f2,light neutral,"large typography, grid layout, pricing cards, form, feature list, rounded buttons","minimal, modern, futuristic",0.75,Minimal grid layout with light neutral background and large typography.,"minimal, modern, light, grid, typography, pricing-cards, rounded-buttons",3
Lapa Ninja (Post),LoveSeen,https://www.lapa.ninja/post/loveseen/,https://cdn.lapa.ninja/assets/images/1x/loveseen-thumb.webp,"[""#eee5e3"", ""#948c89""]","{""#eee5e3"": 0.5791, ""#948c89"": 0.133}",#eee5e3,light muted red,"grid layout, large typography, split screen, sidebar, pricing cards, rounded buttons","bold, luxury, minimal",0.75,Bold grid layout with light muted red sections and large typography.,"bold, minimal, light-muted-red, grid, luxury, rounded-buttons",7
Lapa Ninja (Post),Mellow Studio,https://www.lapa.ninja/post/mellowstudio/,https://cdn.lapa.ninja/assets/images/1x/mellowstudio-thumb.webp,"[""#5e26cb"", ""#e8e7e7""]","{""#5e26cb"": 0.3755, ""#e8e7e7"": 0.3489}",#5e26cb,bright purple,"grid layout, large typography, rounded buttons, feature list, sidebar, split screen","minimal, retro, cool",0.69,Minimal split screen layout with bright purple typography and rounded buttons.,"minimal, retro, bright-purple, grid, rounded-buttons, cool",0
Lapa Ninja (Post),BalanceTech,https://www.lapa.ninja/post/balancetech/,https://cdn.lapa.ninja/assets/images/1x/balancetech-thumb.webp,"[""#fafcfe""]","{""#fafcfe"": 0.9312}",#fafcfe,light neutral,"rounded buttons, search bar, sidebar, pricing cards, footer, feature list","modern, minimal, cool",0.75,Modern layout with light neutral tones featuring rounded buttons and a prominent sidebar.,"modern, minimal, light, rounded-buttons, sidebar, clean",1
Lapa Ninja (Post),PANOPTICA,https://www.lapa.ninja/post/panopticafilms/,https://cdn.lapa.ninja/assets/images/1x/panopticafilms-thumb.webp,"[""#080808""]","{""#080808"": 0.9112}",#080808,dark neutral,"large typography, sidebar, video background, avatar, feature list, split screen","creative, futuristic, cool",0.75,Creative split screen layout with dark neutral tones and large typography.,"creative, futuristic, dark, split-screen, typography, video-background",5
Lapa Ninja (Post),Pangram Pangram,https://www.lapa.ninja/post/pangrampangram/,https://cdn.lapa.ninja/assets/images/1x/pangrampangram-thumb.webp,"[""#effaf0""]","{""#effaf0"": 0.9234}",#effaf0,light neutral,"large typography, icon list, form, footer, grid layout, rounded buttons","friendly, creative, modern",0.75,Friendly grid layout with light neutral background and large typography.,"friendly, modern, grid, light, typography, rounded-buttons, creative",3
Lapa Ninja (Post),"Hi, skin",https://www.lapa.ninja/post/hiskin/,https://cdn.lapa.ninja/assets/images/1x/hiskin-thumb.webp,"[""#eeece8"", ""#b1836d""]","{""#eeece8"": 0.4147, ""#b1836d"": 0.3567}",#eeece8,light neutral,"pricing cards, grid layout, form, feature list, sidebar, testimonial","minimal, modern, serious",0.71,Minimal grid layout with light neutral background and prominent pricing cards.,"minimal, modern, light, grid, pricing-cards, serious",7
Lapa Ninja (Post),2020 IS A SONG,https://www.lapa.ninja/post/2020isasong/,https://cdn.lapa.ninja/assets/images/1x/2020isasong-thumb.webp,"[""#feffff"", ""#021f86""]","{""#feffff"": 0.8618, ""#021f86"": 0.0651}",#feffff,light neutral,"feature list, data table, icon list, top navigation, sidebar, pricing cards","cool, modern, friendly",0.75,Modern layout with light neutral background and structured pricing cards.,"modern, neutral, structured, pricing, friendly, layout",7
Lapa Ninja (Post),Arlind Aliu,https://www.lapa.ninja/post/arlindaliu/,https://cdn.lapa.ninja/assets/images/1x/arlindaliu-thumb.webp,"[""#0a0909"", ""#fbfaf9""]","{""#0a0909"": 0.8156, ""#fbfaf9"": 0.1155}",#0a0909,dark neutral,"sidebar, grid layout, feature list, centered hero, avatar, large typography","minimal, professional, bold",0.75,Minimal grid layout with dark neutral tones and a centered hero featuring large typography.,"minimal, professional, dark, grid, centered-hero, typography",4
Lapa Ninja (Post),radicle,https://www.lapa.ninja/post/radicle/,https://cdn.lapa.ninja/assets/images/1x/radicle-thumb.webp,"[""#0e1217"", ""#f6f7fa""]","{""#0e1217"": 0.2731, ""#f6f7fa"": 0.509}",#0e1217,dark neutral,"sidebar, feature list, video background, icon list, grid layout, split screen","modern, cool, futuristic",0.64,Modern split screen layout with dark neutral tones and a video background.,"modern, split-screen, dark-neutral, video-background, grid, cool",5
Lapa Ninja (Post),Mill3,https://www.lapa.ninja/post/mill3-xmas/,https://cdn.lapa.ninja/assets/images/1x/mill3-xmas-thumb.webp,"[""#131212"", ""#ede3eb""]","{""#131212"": 0.8918, ""#ede3eb"": 0.0624}",#131212,dark neutral,"sidebar, video background, feature list, large typography, hero image, card list","futuristic, retro, modern",0.75,Modern layout with dark neutral tones featuring a prominent video background and large typography.,"modern, futuristic, dark-neutral, video-background, typography, card-list",6
Lapa Ninja (Post),The Invisible Collection,https://www.lapa.ninja/post/theinvisiblecollection/,https://cdn.lapa.ninja/assets/images/1x/theinvisiblecollection-thumb.webp,"[""#8d8780"", ""#f9f9fa""]","{""#8d8780"": 0.2145, ""#f9f9fa"": 0.4467}",#8d8780,muted gray,"pricing cards, data table, large typography, sidebar, footer, video background","modern, artistic, creative",0.61,Modern layout featuring muted gray pricing cards and large typography alongside a video background.,"modern, artistic, muted-gray, pricing-cards, large-typography, video-background",7
Lapa Ninja (Post),Spline,https://www.lapa.ninja/post/spline/,https://cdn.lapa.ninja/assets/images/1x/spline-thumb.webp,"[""#121212""]","{""#121212"": 0.9226}",#121212,dark neutral,"rounded buttons, data table, large typography, grid layout, search bar, top navigation","futuristic, minimal, cool",0.75,Minimal grid layout with dark neutral tones and large typography.,"minimal, dark, futuristic, grid, typography, rounded-buttons",4
Lapa Ninja (Post),Léo Mouraire,https://www.lapa.ninja/post/leomouraire/,https://cdn.lapa.ninja/assets/images/1x/leomouraire-thumb.webp,"[""#120f10""]","{""#120f10"": 0.9441}",#120f10,dark neutral,"feature list, large typography, icon list, sidebar, pricing cards, rounded buttons","futuristic, modern, minimal",0.75,Modern layout with dark neutral tones featuring large typography and rounded buttons.,"modern, minimal, dark, typography, rounded-buttons, sidebar, pricing-cards",1
Lapa Ninja (Post),Harry Vincent,https://www.lapa.ninja/post/harryvincent/,https://cdn.lapa.ninja/assets/images/1x/harryvincent-thumb.webp,"[""#020202"", ""#f2f1ed""]","{""#020202"": 0.7202, ""#f2f1ed"": 0.1779}",#020202,dark neutral,"icon list, sidebar, feature list, large typography, centered hero, card list","cool, vibrant, bold",0.75,Bold dark neutral layout featuring a centered hero and large typography.,"bold, dark, neutral, centered-hero, large-typography, sidebar, feature-list",1
Lapa Ninja (Post),Tropics Paris,https://www.lapa.ninja/post/tropics/,https://cdn.lapa.ninja/assets/images/1x/tropics-thumb.webp,"[""#f3f2e8"", ""#d2c8b7""]","{""#f3f2e8"": 0.6074, ""#d2c8b7"": 0.1249}",#f3f2e8,light neutral,"large typography, icon list, grid layout, sidebar, feature list, video background","retro, cool, creative",0.75,Creative grid layout with light neutral background and large typography.,"retro, cool, grid, light, typography, sidebar, video-background",6
Lapa Ninja (Post),Collecta,https://www.lapa.ninja/post/collecta/,https://cdn.lapa.ninja/assets/images/1x/collecta-thumb.webp,"[""#fefcfe"", ""#d6d6eb""]","{""#fefcfe"": 0.8096, ""#d6d6eb"": 0.1013}",#fefcfe,light neutral,"rounded buttons, sidebar, feature list, footer, icon list, grid layout","cool, modern, futuristic",0.75,Modern grid layout with light neutral background and rounded buttons.,"modern, grid, light, rounded-buttons, sidebar, cool",2
Lapa Ninja (Post),HouseTMM,https://www.lapa.ninja/post/housetmm/,https://cdn.lapa.ninja/assets/images/1x/housetmm-thumb.webp,"[""#13120f"", ""#bcc1c1""]","{""#13120f"": 0.3772, ""#bcc1c1"": 0.218}",#13120f,dark neutral,"large typography, grid layout, sidebar, feature list, icon list, pricing cards","artistic, creative, cool",0.69,Artistic grid layout with dark neutral tones and large typography elements.,"artistic, creative, dark-neutral, grid, typography, modern",4
Lapa Ninja (Post),BB Agency,https://www.lapa.ninja/post/bb-agency-2/,https://cdn.lapa.ninja/assets/images/1x/bb-agency-12-02-2020-thumb.webp,"[""#042825"", ""#f7fbfb""]","{""#042825"": 0.6631, ""#f7fbfb"": 0.1242}",#042825,dark bright teal,"large typography, rounded buttons, split screen, top navigation, grid layout, sidebar","modern, futuristic, professional",0.75,Modern split screen layout with dark bright teal accents and large typography.,"modern, professional, dark-bright-teal, split-screen, typography, rounded-buttons",0
Lapa Ninja (Post),Remrise,https://www.lapa.ninja/post/getremrise/,https://cdn.lapa.ninja/assets/images/1x/getremrise-thumb.webp,"[""#bfb5df"", ""#faf8f5""]","{""#bfb5df"": 0.1916, ""#faf8f5"": 0.4562}",#bfb5df,bright blue,"grid layout, large typography, sidebar, form, rounded buttons, feature list","minimal, modern, futuristic",0.6,Minimal grid layout with light neutral background and large typography.,"minimal, modern, light, grid, typography, rounded-buttons, sidebar",3
Lapa Ninja (Post),También,https://www.lapa.ninja/post/tambien-studio/,https://cdn.lapa.ninja/assets/images/1x/tambien-studio-thumb.webp,"[""#0d0d0d"", ""#51413c""]","{""#0d0d0d"": 0.7048, ""#51413c"": 0.1209}",#0d0d0d,dark neutral,"sidebar, large typography, rounded buttons, video background, feature list, grid layout","minimal, bold, futuristic",0.75,Minimal grid layout with dark neutral tones and large typography.,"minimal, bold, dark, futuristic, grid, typography, rounded-buttons",4
Lapa Ninja (Post),Web Stories on Google,https://www.lapa.ninja/post/web-stories-on-google/,https://cdn.lapa.ninja/assets/images/1x/web-stories-on-google-thumb.webp,"[""#1d1f26"", ""#fefefe""]","{""#1d1f26"": 0.2496, ""#fefefe"": 0.577}",#1d1f26,dark muted blue,"feature list, rounded buttons, sidebar, search bar, grid layout, icon list","modern, cool, minimal",0.62,Modern grid layout with dark muted blue sidebar and rounded buttons.,"modern, grid, dark-muted-blue, rounded-buttons, sidebar, minimal",2
Lapa Ninja (Post),BUCK,https://www.lapa.ninja/post/buck/,https://cdn.lapa.ninja/assets/images/1x/buck-thumb.webp,"[""#fefeff"", ""#161416""]","{""#fefeff"": 0.7767, ""#161416"": 0.1253}",#fefeff,light neutral,"footer, sidebar, icon list, large typography, video background, rounded buttons","minimal, bold, artistic",0.75,Minimal layout with dark muted gray sidebar and large typography elements.,"minimal, bold, dark-muted-gray, typography, sidebar, rounded-buttons",1
Lapa Ninja (Post),Letters From Venus,https://www.lapa.ninja/post/lettersfromvenus/,https://cdn.lapa.ninja/assets/images/1x/lettersfromvenus-thumb.webp,"[""#010101"", ""#f6f5f3""]","{""#010101"": 0.8622, ""#f6f5f3"": 0.0811}",#010101,dark neutral,"feature list, sidebar, large typography, video background, card list, pricing cards","futuristic, creative, bold",0.75,Bold dark neutral layout featuring large typography and a video background.,"futuristic, creative, dark, typography, video-background, layout, bold",6
Lapa Ninja (Post),oisx,https://www.lapa.ninja/post/oisx/,https://cdn.lapa.ninja/assets/images/1x/oisx-thumb.webp,"[""#f3f3f3"", ""#b4b19b""]","{""#f3f3f3"": 0.602, ""#b4b19b"": 0.1702}",#f3f3f3,light neutral,"feature list, large typography, sidebar, rounded buttons, card list, top navigation","minimal, modern, cool",0.75,Minimal layout with light neutral background and large typography featuring rounded buttons.,"minimal, modern, light, typography, rounded-buttons, sidebar, card-list",1
Lapa Ninja (Post),Nieuw Bergen,https://www.lapa.ninja/post/nieuwbergen/,https://cdn.lapa.ninja/assets/images/1x/nieuwbergen-thumb.webp,"[""#f0eeeb"", ""#1a2934""]","{""#f0eeeb"": 0.4383, ""#1a2934"": 0.1791}",#f0eeeb,light neutral,"large typography, video background, sidebar, split screen, grid layout, search bar","minimal, modern, calm",0.72,Minimal split screen layout with light neutral background and large typography.,"minimal, modern, calm, light, grid, video-background, sidebar",5
Lapa Ninja (Post),MIDWAM,https://www.lapa.ninja/post/midwam/,https://cdn.lapa.ninja/assets/images/1x/midwam-thumb.webp,"[""#140d11"", ""#3c1203""]","{""#140d11"": 0.4931, ""#3c1203"": 0.2646}",#140d11,dark neutral,"split screen, video background, large typography, centered hero, avatar, grid layout","futuristic, modern, professional",0.75,Modern split screen layout with dark neutral video background and large typography.,"modern, professional, dark, split-screen, video, grid, typography",5
Lapa Ninja (Post),Foundation,https://www.lapa.ninja/post/foundation/,https://cdn.lapa.ninja/assets/images/1x/foundation-thumb.webp,"[""#fefeff"", ""#0c0f0d""]","{""#fefeff"": 0.8235, ""#0c0f0d"": 0.0749}",#fefeff,light neutral,"feature list, sidebar, video background, two-column layout, icon list, pricing cards","futuristic, modern, retro",0.75,Modern two-column layout with dark accents and a video background.,"modern, two-column, dark, video-background, feature-list, pricing-cards",6
Lapa Ninja (Post),Squadeasy,https://www.lapa.ninja/post/squadeasy/,https://cdn.lapa.ninja/assets/images/1x/squadeasy-thumb.webp,"[""#68fe5b"", ""#010b01""]","{""#68fe5b"": 0.8977, ""#010b01"": 0.071}",#68fe5b,bright green,"sidebar, rounded buttons, avatar, feature list, video background, icon list","modern, futuristic, retro",0.75,Modern layout with bright green sidebar and rounded buttons.,"modern, bright-green, sidebar, rounded-buttons, avatar, video-background",6
Lapa Ninja (Post),Genusee,https://www.lapa.ninja/post/genusee/,https://cdn.lapa.ninja/assets/images/1x/genusee-thumb.webp,"[""#92b4a2"", ""#f8faf9""]","{""#92b4a2"": 0.3059, ""#f8faf9"": 0.391}",#92b4a2,muted green,"rounded buttons, grid layout, search bar, sidebar, split screen, large typography","cool, minimal, modern",0.65,Minimal grid layout with muted green tones and rounded buttons.,"minimal, modern, muted-green, grid, rounded-buttons, cool",2
Lapa Ninja (Post),Taxonomy of Design,https://www.lapa.ninja/post/taxonomyofdesign/,https://cdn.lapa.ninja/assets/images/1x/taxonomyofdesign-thumb.webp,"[""#fdfdf2"", ""#c1c1b9""]","{""#fdfdf2"": 0.5848, ""#c1c1b9"": 0.1252}",#fdfdf2,light neutral,"grid layout, large typography, two-column layout, video background, search bar, feature list","modern, minimal, futuristic",0.75,Modern two-column layout with light neutral background and large typography.,"modern, minimal, light, grid, typography, futuristic",3
Lapa Ninja (Post),Beau,https://www.lapa.ninja/post/beau/,https://cdn.lapa.ninja/assets/images/1x/beau-thumb.webp,"[""#dce2ee""]","{""#dce2ee"": 0.8714}",#dce2ee,light muted blue,"grid layout, rounded buttons, large typography, feature list, split screen, pricing cards","modern, futuristic, professional",0.75,Modern grid layout with light muted blue tones and large typography.,"modern, grid, light-muted-blue, rounded-buttons, professional, futuristic",4
Lapa Ninja (Post),Studio Malvah,https://www.lapa.ninja/post/malvah/,https://cdn.lapa.ninja/assets/images/1x/malvah-thumb.webp,"[""#171717"", ""#f6f4dd""]","{""#171717"": 0.9344, ""#f6f4dd"": 0.0552}",#171717,dark gray,"large typography, rounded buttons, sidebar, pricing cards, split screen, logo","modern, creative, artistic",0.75,Modern split screen layout with dark gray background and large typography.,"modern, creative, dark-gray, typography, split-screen, rounded-buttons",0
Lapa Ninja (Post),Peter Tait,https://www.lapa.ninja/post/petertait/,https://cdn.lapa.ninja/assets/images/1x/petertait-thumb.webp,"[""#0130d3""]","{""#0130d3"": 0.9458}",#0130d3,bright blue,"pricing cards, rounded buttons, large typography, grid layout, data table, split screen","modern, minimal, professional",0.75,Modern grid layout with bright blue pricing cards and large typography.,"modern, minimal, bright-blue, grid, professional, rounded-buttons",7
Lapa Ninja (Post),Sophie Doukhopelnikoff,https://www.lapa.ninja/post/sophie-dkf/,https://cdn.lapa.ninja/assets/images/1x/sophie-dkf-thumb.webp,"[""#fefefe"", ""#e8cac2""]","{""#fefefe"": 0.764, ""#e8cac2"": 0.1202}",#fefefe,light neutral,"grid layout, rounded buttons, pricing cards, large typography, chart, sidebar","elegant, professional, minimal",0.75,Elegant grid layout with light neutral background and prominent pricing cards.,"elegant, professional, minimal, grid, pricing-cards, rounded-buttons",7
Lapa Ninja (Post),Joinery,https://www.lapa.ninja/post/joinery/,https://cdn.lapa.ninja/assets/images/1x/joinery-thumb.webp,"[""#7001fd"", ""#fefcfd""]","{""#7001fd"": 0.5333, ""#fefcfd"": 0.2344}",#7001fd,bright purple,"grid layout, pricing cards, rounded buttons, sidebar, video background, feature list","minimal, modern, futuristic",0.75,Minimal grid layout with bright purple pricing cards and rounded buttons.,"minimal, modern, bright-purple, grid, pricing-cards, rounded-buttons, futuristic",7
Lapa Ninja (Post),Figma Store,https://www.lapa.ninja/post/figma-store/,https://cdn.lapa.ninja/assets/images/1x/figma-store-thumb.webp,"[""#13a75b"", ""#f5f6f6""]","{""#13a75b"": 0.1944, ""#f5f6f6"": 0.4806}",#13a75b,bright green,"grid layout, rounded buttons, icon list, top navigation, large typography, feature list","modern, minimal, futuristic",0.6,Modern grid layout with light neutral background and large typography.,"modern, minimal, grid, light, typography, rounded-buttons, futuristic",3
Lapa Ninja (Post),Loftgarten,https://www.lapa.ninja/post/loftgarten-2/,https://cdn.lapa.ninja/assets/images/1x/loftgarten-11-24-2020-thumb.webp,"[""#f6f4f0"", ""#201711""]","{""#f6f4f0"": 0.3663, ""#201711"": 0.2804}",#f6f4f0,light neutral,"large typography, grid layout, two-column layout, top navigation, form, video background","modern, futuristic, luxury",0.68,Modern two-column layout with light neutral background and large typography.,"modern, grid, light, luxury, two-column, typography",3
Lapa Ninja (Post),Famera,https://www.lapa.ninja/post/famera/,https://cdn.lapa.ninja/assets/images/1x/famera-thumb.webp,"[""#020408"", ""#0c1325""]","{""#020408"": 0.6087, ""#0c1325"": 0.229}",#020408,dark neutral,"footer, video background, sidebar, avatar, feature list, rounded buttons","cool, friendly, creative",0.75,Dark neutral layout featuring a video background with rounded buttons and a sidebar.,"dark, neutral, video-background, rounded-buttons, sidebar, friendly, creative",6
Lapa Ninja (Post),Oscar,https://www.lapa.ninja/post/hioscar-3/,https://cdn.lapa.ninja/assets/images/1x/hioscar-11-24-2020-thumb.webp,"[""#80a97a"", ""#fcfaf6""]","{""#80a97a"": 0.2406, ""#fcfaf6"": 0.5375}",#80a97a,muted green,"large typography, grid layout, rounded buttons, pricing cards, sidebar, search bar","minimal, modern, friendly",0.62,Minimal grid layout with muted green accents and large typography.,"minimal, modern, muted-green, grid, friendly, typography",4
Lapa Ninja (Post),Magda Butrym,https://www.lapa.ninja/post/magdabutrym/,https://cdn.lapa.ninja/assets/images/1x/magdabutrym-thumb.webp,"[""#e3ddc7"", ""#b8b29a""]","{""#e3ddc7"": 0.3849, ""#b8b29a"": 0.3013}",#e3ddc7,muted yellow,"rounded buttons, video background, grid layout, form, sidebar, large typography","modern, luxury, moody",0.69,Modern grid layout with muted yellow video background and large typography.,"modern, luxury, muted-yellow, grid, video-background, rounded-buttons, typography",6
Lapa Ninja (Post),Santi Zoraidez,https://www.lapa.ninja/post/santizoraidez/,https://cdn.lapa.ninja/assets/images/1x/santizoraidez-thumb.webp,"[""#bdb9b8"", ""#fefefe""]","{""#bdb9b8"": 0.2395, ""#fefefe"": 0.4243}",#bdb9b8,light gray,"sidebar, large typography, avatar, rounded buttons, grid layout, icon list","minimal, modern, artistic",0.62,Minimal grid layout with light gray background and large typography.,"minimal, modern, light-gray, grid, typography, rounded-buttons",3
Lapa Ninja (Post),The Game Awards,https://www.lapa.ninja/post/thegameawards/,https://cdn.lapa.ninja/assets/images/1x/thegameawards-thumb.webp,"[""#120f0f"", ""#c71f1d""]","{""#120f0f"": 0.5738, ""#c71f1d"": 0.1859}",#120f0f,dark neutral,"split screen, large typography, sidebar, rounded buttons, feature list, video background","futuristic, cool, minimal",0.75,Futuristic split screen layout with dark neutral tones and large typography.,"futuristic, minimal, dark, split-screen, large-typography, rounded-buttons",5
Lapa Ninja (Post),Ludmilla Maury,https://www.lapa.ninja/post/ludmillamaury/,https://cdn.lapa.ninja/assets/images/1x/ludmillamaury-thumb.webp,"[""#121b1b""]","{""#121b1b"": 0.9743}",#121b1b,dark muted teal,"large typography, rounded buttons, grid layout, video background, footer, icon list","minimal, luxury, friendly",0.75,Minimal grid layout with dark muted teal background and large typography.,"minimal, luxury, dark-muted-teal, grid, typography, friendly",4
Lapa Ninja (Post),SPREAD,https://www.lapa.ninja/post/spreadai/,https://cdn.lapa.ninja/assets/images/1x/spreadai-thumb.webp,"[""#f8f8fa""]","{""#f8f8fa"": 0.9147}",#f8f8fa,light neutral,"data table, pricing cards, sidebar, form, large typography, avatar","professional, modern, minimal",0.75,Professional layout with light neutral background featuring a data table and large typography.,"professional, modern, minimal, light, data-table, typography, sidebar",1
Lapa Ninja (Post),Innotech,https://www.lapa.ninja/post/innotech/,https://cdn.lapa.ninja/assets/images/1x/innotech-thumb.webp,"[""#012e33"", ""#fc6b3e""]","{""#012e33"": 0.417, ""#fc6b3e"": 0.3853}",#012e33,dark bright teal,"large typography, avatar, sidebar, form, pricing cards, video background","futuristic, modern, professional",0.71,Modern layout with dark bright teal sidebar and large typography elements.,"modern, professional, dark-bright-teal, sidebar, typography, futuristic",1
Lapa Ninja (Post),Political Playlist,https://www.lapa.ninja/post/politicalplaylist/,https://cdn.lapa.ninja/assets/images/1x/politicalplaylist-thumb.webp,"[""#f3efe3"", ""#0d100f""]","{""#f3efe3"": 0.8312, ""#0d100f"": 0.0765}",#f3efe3,light neutral,"sidebar, avatar, large typography, split screen, footer, two-column layout","futuristic, modern, cool",0.75,Modern two-column layout with light neutral background and large typography.,"modern, two-column, light, typography, sidebar, split-screen",1
Lapa Ninja (Post),SVZ Design,https://www.lapa.ninja/post/svz/,https://cdn.lapa.ninja/assets/images/1x/svz-thumb.webp,"[""#010101"", ""#60d3b4""]","{""#010101"": 0.9043, ""#60d3b4"": 0.0555}",#010101,dark neutral,"large typography, grid layout, pricing cards, rounded buttons, top navigation, sidebar","professional, minimal, modern",0.75,Professional grid layout with dark neutral tones and large typography.,"professional, minimal, dark, grid, typography, modern, pricing-cards",7
Lapa Ninja (Post),Ugly Drinks,https://www.lapa.ninja/post/uglydrinks/,https://cdn.lapa.ninja/assets/images/1x/uglydrinks-thumb.webp,"[""#02aae0"", ""#2cc8fc""]","{""#02aae0"": 0.6902, ""#2cc8fc"": 0.1329}",#02aae0,bright teal,"sidebar, large typography, pricing cards, hero image, icon list, data table","cool, creative, friendly",0.75,Creative layout with bright teal hero and large typography elements.,"creative, friendly, bright-teal, hero, typography, sidebar",7
Lapa Ninja (Post),HealthQuarters,https://www.lapa.ninja/post/healthquarters/,https://cdn.lapa.ninja/assets/images/1x/healthquarters-thumb.webp,"[""#a7ced6"", ""#fdfbf9""]","{""#a7ced6"": 0.2352, ""#fdfbf9"": 0.5674}",#a7ced6,bright teal,"grid layout, large typography, split screen, sidebar, rounded buttons, footer","modern, minimal, calm",0.62,Modern grid layout with light neutral background and large typography.,"modern, minimal, calm, grid, typography, rounded-buttons, sidebar",3
Lapa Ninja (Post),Naba Zabih,https://www.lapa.ninja/post/nabazabih/,https://cdn.lapa.ninja/assets/images/1x/nabazabih-thumb.webp,"[""#f8f2ef"", ""#1b1812""]","{""#f8f2ef"": 0.4761, ""#1b1812"": 0.2822}",#f8f2ef,light neutral,"sidebar, video background, large typography, top navigation, carousel, search bar","calm, cool, artistic",0.74,Calm layout with light neutral tones featuring large typography and a video background.,"calm, artistic, light, typography, video-background, sidebar, modern",6
Lapa Ninja (Post),Lift Type,https://www.lapa.ninja/post/lift-type/,https://cdn.lapa.ninja/assets/images/1x/lift-type-thumb.webp,"[""#028b58"", ""#fdfefd""]","{""#028b58"": 0.4062, ""#fdfefd"": 0.4341}",#028b58,bright green,"large typography, rounded buttons, pricing cards, grid layout, two-column layout, feature list","modern, futuristic, minimal",0.7,Modern two-column layout with bright green typography and rounded buttons.,"modern, minimal, bright-green, grid, rounded-buttons, futuristic",7
Lapa Ninja (Post),Lift Her Wealth,https://www.lapa.ninja/post/lift-her-wealth/,https://cdn.lapa.ninja/assets/images/1x/lift-her-wealth-thumb.webp,"[""#f8f7f3"", ""#fde4e0""]","{""#f8f7f3"": 0.757, ""#fde4e0"": 0.1659}",#f8f7f3,light neutral,"large typography, sidebar, rounded buttons, pricing cards, grid layout, split screen","minimal, modern, trustworthy",0.75,Minimal grid layout with light neutral tones and large typography alongside rounded buttons.,"minimal, modern, light, grid, typography, trustworthy, rounded-buttons",3
Lapa Ninja (Post),Lens Fest,https://www.lapa.ninja/post/lensfest/,https://cdn.lapa.ninja/assets/images/1x/lensfest-thumb.webp,"[""#1f2325"", ""#fbfcfc""]","{""#1f2325"": 0.3592, ""#fbfcfc"": 0.2371}",#1f2325,dark gray,"large typography, sidebar, icon list, feature list, rounded buttons, logo","creative, cool, artistic",0.68,Creative layout with dark gray typography and a structured sidebar for navigation.,"creative, dark-gray, sidebar, typography, rounded-buttons, artistic",1
Lapa Ninja (Post),MoonClerk,https://www.lapa.ninja/post/moonclerk/,https://cdn.lapa.ninja/assets/images/1x/moonclerk-thumb.webp,"[""#192937"", ""#fbfbfd""]","{""#192937"": 0.2203, ""#fbfbfd"": 0.7432}",#192937,dark bright blue,"pricing cards, large typography, grid layout, split screen, rounded buttons, sidebar","modern, minimal, professional",0.61,Modern grid layout with dark bright blue sidebar and large typography.,"modern, minimal, dark-blue, grid, professional, pricing-cards",7
Lapa Ninja (Post),Impero,https://www.lapa.ninja/post/weareimpero/,https://cdn.lapa.ninja/assets/images/1x/weareimpero-thumb.webp,"[""#1d1d1d""]","{""#1d1d1d"": 0.915}",#1d1d1d,dark gray,"large typography, sidebar, avatar, feature list, grid layout, search bar","futuristic, modern, minimal",0.75,Modern grid layout with dark gray sidebar and large typography.,"modern, minimal, dark-gray, grid, sidebar, typography",4
Lapa Ninja (Post),Nike Air Jordan XXXV Unveil,https://www.lapa.ninja/post/jordanbrandlive/,https://cdn.lapa.ninja/assets/images/1x/jordanbrandlive-thumb.webp,"[""#eac3d9"", ""#fefefe""]","{""#eac3d9"": 0.3009, ""#fefefe"": 0.4909}",#eac3d9,bright magenta,"sidebar, avatar, icon list, footer, video background, grid layout","futuristic, modern, minimal",0.65,Modern grid layout with light tone and a video background.,"modern, minimal, grid, light, video-background, sidebar",6
Lapa Ninja (Post),True To Form,https://www.lapa.ninja/post/truetoform/,https://cdn.lapa.ninja/assets/images/1x/truetoform-thumb.webp,"[""#010101"", ""#fdfefe""]","{""#010101"": 0.5561, ""#fdfefe"": 0.3025}",#010101,dark neutral,"large typography, cta button, rounded buttons, video background, sidebar, grid layout","futuristic, modern, artistic",0.75,Modern grid layout with dark neutral tones and large typography.,"modern, grid, dark, typography, futuristic, artistic",4
Lapa Ninja (Post),Whirly Birdie,https://www.lapa.ninja/post/whirlybirdie/,https://cdn.lapa.ninja/assets/images/1x/whirlybirdie-thumb.webp,"[""#faefe1"", ""#010102""]","{""#faefe1"": 0.7216, ""#010102"": 0.0809}",#faefe1,light neutral,"large typography, sidebar, pricing cards, video background, logo, grid layout","friendly, retro, bold",0.75,Friendly grid layout with light neutral background and large typography.,"friendly, retro, light, grid, bold, typography",3
Lapa Ninja (Post),PORTO ROCHA,https://www.lapa.ninja/post/portorocha/,https://cdn.lapa.ninja/assets/images/1x/portorocha-thumb.webp,"[""#1e1e1d"", ""#9b967a""]","{""#1e1e1d"": 0.5248, ""#9b967a"": 0.259}",#1e1e1d,dark gray,"grid layout, sidebar, rounded buttons, split screen, video background, search bar","modern, cool, vibrant",0.75,Modern split screen layout with dark gray background and rounded buttons.,"modern, grid, dark-gray, rounded-buttons, sidebar, video-background",5
Lapa Ninja (Post),Glyphs 3,https://www.lapa.ninja/post/glyphsapp/,https://cdn.lapa.ninja/assets/images/1x/glyphsapp-thumb.webp,"[""#d5e3d7"", ""#ffffff""]","{""#d5e3d7"": 0.3249, ""#ffffff"": 0.407}",#d5e3d7,light muted green,"large typography, grid layout, pricing cards, rounded buttons, sidebar, footer","modern, minimal, professional",0.66,Modern grid layout with light muted green pricing cards and large typography.,"modern, minimal, light-muted-green, grid, professional, typography",7
Lapa Ninja (Post),Seaborne,https://www.lapa.ninja/post/seaborne/,https://cdn.lapa.ninja/assets/images/1x/seaborne-thumb.webp,"[""#fdfdfe"", ""#e3988c""]","{""#fdfdfe"": 0.8083, ""#e3988c"": 0.092}",#fdfdfe,light neutral,"sidebar, avatar, feature list, rounded buttons, pricing cards, icon list","modern, professional, minimal",0.75,Modern layout with light neutral background and rounded buttons for interactive elements.,"modern, professional, minimal, neutral, rounded-buttons, sidebar, feature-list",1
Lapa Ninja (Post),Craft,https://www.lapa.ninja/post/craftdo/,https://cdn.lapa.ninja/assets/images/1x/craftdo-thumb.webp,"[""#fcfcfd""]","{""#fcfcfd"": 0.9144}",#fcfcfd,light neutral,"feature list, sidebar, rounded buttons, grid layout, icon list, footer","modern, cool, futuristic",0.75,Modern grid layout with light neutral background and rounded buttons.,"modern, grid, light, rounded-buttons, sidebar, feature-list",2
Lapa Ninja (Post),Look Look Studio,https://www.lapa.ninja/post/looklookstudio/,https://cdn.lapa.ninja/assets/images/1x/looklookstudio-thumb.webp,"[""#f7f7f6"", ""#d0c8bf""]","{""#f7f7f6"": 0.6379, ""#d0c8bf"": 0.1465}",#f7f7f6,light neutral,"large typography, pricing cards, grid layout, rounded buttons, sidebar, footer","minimal, modern, creative",0.75,Minimal grid layout with light neutral background and large typography elements.,"minimal, modern, light, grid, typography, creative, rounded-buttons",3
Lapa Ninja (Post),OpenPhone,https://www.lapa.ninja/post/openphone-2/,https://cdn.lapa.ninja/assets/images/1x/openphone-11-18-2020-thumb.webp,"[""#0f0e13"", ""#211f2d""]","{""#0f0e13"": 0.6839, ""#211f2d"": 0.2288}",#0f0e13,dark neutral,"rounded buttons, grid layout, feature list, search bar, split screen, video background","modern, futuristic, minimal",0.75,Modern grid layout with dark neutral tones and rounded buttons.,"modern, grid, dark-neutral, rounded-buttons, minimal, futuristic",2
Lapa Ninja (Post),Flux Academy,https://www.lapa.ninja/post/flux-academy/,https://cdn.lapa.ninja/assets/images/1x/flux-academy-thumb.webp,"[""#5927e4"", ""#fefdfe""]","{""#5927e4"": 0.6836, ""#fefdfe"": 0.2444}",#5927e4,bright blue,"sidebar, large typography, avatar, video background, feature list, icon list","artistic, futuristic, modern",0.75,Modern layout with bright blue accents featuring large typography and a video background.,"modern, artistic, bright-blue, typography, video-background, sidebar, futuristic",6
Lapa Ninja (Post),Wine + Peace,https://www.lapa.ninja/post/wineandpeace/,https://cdn.lapa.ninja/assets/images/1x/wineandpeace-thumb.webp,"[""#ffffff"", ""#152035""]","{""#ffffff"": 0.7632, ""#152035"": 0.0875}",#ffffff,light neutral,"grid layout, sidebar, rounded buttons, pricing cards, large typography, search bar","minimal, modern, luxury",0.75,Minimal grid layout with dark accents and large typography alongside rounded buttons.,"minimal, modern, dark, grid, luxury, typography, buttons",4
Lapa Ninja (Post),Comme,https://www.lapa.ninja/post/comme/,https://cdn.lapa.ninja/assets/images/1x/comme-thumb.webp,"[""#e4e2dc"", ""#616b75""]","{""#e4e2dc"": 0.4859, ""#616b75"": 0.1333}",#e4e2dc,light muted orange,"grid layout, split screen, rounded buttons, video background, sidebar, search bar","minimal, cool, modern",0.74,Minimal grid layout with light muted orange background and rounded buttons.,"minimal, modern, light, grid, rounded-buttons, video-background, sidebar",2
Lapa Ninja (Post),Dims.,https://www.lapa.ninja/post/dimshome-2/,https://cdn.lapa.ninja/assets/images/1x/dimshome-17-11-2020-thumb.webp,"[""#dddad7"", ""#fbf9f5""]","{""#dddad7"": 0.2087, ""#fbf9f5"": 0.5851}",#dddad7,light gray,"grid layout, large typography, rounded buttons, data table, form, sidebar","minimal, modern, elegant",0.6,Minimal grid layout with light gray background and large typography.,"minimal, modern, light-gray, grid, elegant, typography",3
Lapa Ninja (Post),Farah Zidane,https://www.lapa.ninja/post/farahzidane/,https://cdn.lapa.ninja/assets/images/1x/farahzidane-thumb.webp,"[""#fdf2e7"", ""#d9d4d1""]","{""#fdf2e7"": 0.4328, ""#d9d4d1"": 0.2391}",#fdf2e7,light neutral,"grid layout, sidebar, large typography, avatar, rounded buttons, single column","modern, luxury, minimal",0.72,Modern grid layout with light neutral tones and large typography.,"modern, luxury, minimal, grid, typography, rounded-buttons",3
Lapa Ninja (Post),Manual -,https://www.lapa.ninja/post/manualphoto/,https://cdn.lapa.ninja/assets/images/1x/manualphoto-thumb.webp,"[""#020201"", ""#fdfcfc""]","{""#020201"": 0.5429, ""#fdfcfc"": 0.2967}",#020201,dark neutral,"video background, icon list, sidebar, grid layout, large typography, feature list","retro, cool, futuristic",0.75,Dark neutral grid layout with large typography and a video background.,"retro, cool, futuristic, grid, video-background, large-typography, sidebar",6
Lapa Ninja (Post),Ofcina,https://www.lapa.ninja/post/ofcina/,https://cdn.lapa.ninja/assets/images/1x/ofcina-thumb.webp,"[""#dde5e7"", ""#fdfefc""]","{""#dde5e7"": 0.4655, ""#fdfefc"": 0.3763}",#dde5e7,light muted teal,"grid layout, two-column layout, rounded buttons, search bar, feature list, split screen","minimal, modern, futuristic",0.73,Minimal grid layout with light muted teal tones and rounded buttons.,"minimal, modern, light-muted-teal, grid, rounded-buttons, futuristic",2
Lapa Ninja (Post),Lennarts & de Bruijn,https://www.lapa.ninja/post/lennartsendebruijn/,https://cdn.lapa.ninja/assets/images/1x/lennartsendebruijn-thumb.webp,"[""#020202"", ""#f5f1ee""]","{""#020202"": 0.4395, ""#f5f1ee"": 0.2231}",#020202,dark neutral,"video background, sidebar, grid layout, icon list, large typography, search bar","modern, cool, vibrant",0.72,Modern grid layout with dark neutral video background and large typography.,"modern, grid, dark, video, typography, sidebar, cool",6
Lapa Ninja (Post),Gumroad,https://www.lapa.ninja/post/gumroad/,https://cdn.lapa.ninja/assets/images/1x/gumroad-thumb.webp,"[""#010101"", ""#fefefd""]","{""#010101"": 0.8093, ""#fefefd"": 0.1002}",#010101,dark neutral,"large typography, pricing cards, sidebar, feature list, rounded buttons, grid layout","creative, artistic, cool",0.75,Creative grid layout with dark neutral tones and large typography.,"creative, grid, dark-neutral, typography, pricing-cards, rounded-buttons",7
Lapa Ninja (Post),Serial 1,https://www.lapa.ninja/post/serial1/,https://cdn.lapa.ninja/assets/images/1x/serial1-thumb.webp,"[""#121316"", ""#bdc8ce""]","{""#121316"": 0.719, ""#bdc8ce"": 0.1887}",#121316,dark neutral,"large typography, rounded buttons, video background, feature list, split screen, pricing cards","futuristic, trustworthy, modern",0.75,Modern split screen layout with dark neutral background and large typography.,"modern, futuristic, dark, split-screen, typography, rounded-buttons, video-background",5
Lapa Ninja (Post),Michael McKeever,https://www.lapa.ninja/post/mckvr/,https://cdn.lapa.ninja/assets/images/1x/mckvr-thumb.webp,"[""#1d1e22"", ""#d2d9d5""]","{""#1d1e22"": 0.7316, ""#d2d9d5"": 0.1298}",#1d1e22,dark gray,"grid layout, rounded buttons, pricing cards, top navigation, large typography, footer","modern, minimal, futuristic",0.75,Modern grid layout with dark gray theme and large typography elements.,"modern, minimal, dark-gray, grid, typography, rounded-buttons, pricing-cards",4
Lapa Ninja (Post),SPENCER BADU,https://www.lapa.ninja/post/spencerbadu/,https://cdn.lapa.ninja/assets/images/1x/spencerbadu-thumb.webp,"[""#cdcdcd"", ""#020101""]","{""#cdcdcd"": 0.6185, ""#020101"": 0.2158}",#cdcdcd,light gray,"grid layout, video background, sidebar, avatar, icon list, form","minimal, futuristic, modern",0.75,Minimal grid layout with light gray video background and a sidebar for navigation.,"minimal, modern, light-gray, grid, video-background, sidebar",6
Lapa Ninja (Post),Clerksy,https://www.lapa.ninja/post/clerksy/,https://cdn.lapa.ninja/assets/images/1x/clerksy-thumb.webp,"[""#193a23"", ""#fcfaf6""]","{""#193a23"": 0.3498, ""#fcfaf6"": 0.5051}",#193a23,dark bright green,"large typography, sidebar, pricing cards, grid layout, avatar, hero illustration","minimal, modern, creative",0.67,Minimal grid layout with dark bright green sidebar and large typography.,"minimal, modern, dark-green, grid, sidebar, typography, creative",4
Lapa Ninja (Post),Zammad,https://www.lapa.ninja/post/zammad/,https://cdn.lapa.ninja/assets/images/1x/zammad-thumb.webp,"[""#1a191b"", ""#bcab99""]","{""#1a191b"": 0.5825, ""#bcab99"": 0.1492}",#1a191b,dark gray,"video background, large typography, search bar, sidebar, split screen, rounded buttons","modern, cool, professional",0.75,Modern split screen layout with dark gray video background and large typography.,"modern, professional, dark-gray, split-screen, video-background, rounded-buttons",5
Lapa Ninja (Post),Spain Collection,https://www.lapa.ninja/post/spaincollection/,https://cdn.lapa.ninja/assets/images/1x/spaincollection-thumb.webp,"[""#ffffff"", ""#020201""]","{""#ffffff"": 0.5259, ""#020201"": 0.173}",#ffffff,light neutral,"grid layout, feature list, sidebar, large typography, form, top navigation","minimal, modern, luxury",0.75,Minimal grid layout with dark color accents and large typography.,"minimal, modern, luxury, grid, dark, typography, sidebar",4
Lapa Ninja (Post),-ism.,https://www.lapa.ninja/post/ism-crafts-2/,https://cdn.lapa.ninja/assets/images/1x/ism-crafts-11-15-2020-thumb.webp,"[""#cfae95"", ""#faf9f9""]","{""#cfae95"": 0.2019, ""#faf9f9"": 0.6159}",#cfae95,bright orange,"rounded buttons, grid layout, pricing cards, video background, feature list, icon list","minimal, modern, luxury",0.6,Minimal grid layout with bright orange pricing cards and rounded buttons.,"minimal, modern, bright-orange, grid, luxury, rounded-buttons",7
Lapa Ninja (Post),Gonzalo Miranda,https://www.lapa.ninja/post/gonzzzalo/,https://cdn.lapa.ninja/assets/images/1x/gonzzzalo-thumb.webp,"[""#c6a9a4"", ""#fbf9f4""]","{""#c6a9a4"": 0.2299, ""#fbf9f4"": 0.4264}",#c6a9a4,muted red,"large typography, grid layout, rounded buttons, video background, pricing cards, data table","minimal, modern, luxury",0.61,Minimal grid layout with muted red typography and rounded buttons.,"minimal, modern, muted-red, grid, rounded-buttons, luxury",4
Lapa Ninja (Post),Chivi Chivi,https://www.lapa.ninja/post/chivichivi/,https://cdn.lapa.ninja/assets/images/1x/chivichivi-thumb.webp,"[""#090302"", ""#fefefe""]","{""#090302"": 0.3257, ""#fefefe"": 0.4948}",#090302,dark neutral,"sidebar, grid layout, icon list, video background, feature list, split screen","minimal, modern, artistic",0.66,Minimal split screen layout with dark neutral tones and a video background.,"minimal, modern, dark, grid, video-background, artistic",5
Lapa Ninja (Post),LIVRE,https://www.lapa.ninja/post/livre/,https://cdn.lapa.ninja/assets/images/1x/livre-thumb.webp,"[""#fefefe"", ""#322d19""]","{""#fefefe"": 0.7577, ""#322d19"": 0.1198}",#fefefe,light neutral,"pricing cards, video background, feature list, sidebar, rounded buttons, hero image","professional, cool, creative",0.75,Professional layout with dark accents featuring pricing cards and a video background.,"professional, cool, dark, creative, video-background, pricing-cards, rounded-buttons",6
Lapa Ninja (Post),Jesper Vos,https://www.lapa.ninja/post/jespervos-2/,https://cdn.lapa.ninja/assets/images/1x/jespervos-11-15-2020-thumb.webp,"[""#000000"", ""#8a6e2e""]","{""#000000"": 0.2759, ""#8a6e2e"": 0.2486}",#000000,dark neutral,"split screen, sidebar, rounded buttons, video background, large typography, grid layout","futuristic, modern, minimal",0.64,Modern split screen layout with dark neutral tones and large typography.,"modern, minimal, dark, split-screen, typography, rounded-buttons, grid",5
Lapa Ninja (Post),Shelby Kay,https://www.lapa.ninja/post/shelbykay-2/,https://cdn.lapa.ninja/assets/images/1x/shelbykay-11-15-2020-thumb.webp,"[""#fcead5"", ""#0b252e""]","{""#fcead5"": 0.4684, ""#0b252e"": 0.3315}",#fcead5,light bright orange,"grid layout, rounded buttons, large typography, sidebar, pricing cards, split screen","minimal, modern, professional",0.73,Minimal grid layout with light bright orange accents and large typography.,"minimal, modern, light-orange, grid, professional, typography",7
Lapa Ninja (Post),Headspace,https://www.lapa.ninja/post/headspace-2/,https://cdn.lapa.ninja/assets/images/1x/headspace-11-15-2020-thumb.webp,"[""#f9f8f4"", ""#fbc013""]","{""#f9f8f4"": 0.8022, ""#fbc013"": 0.1106}",#f9f8f4,light neutral,"rounded buttons, sidebar, search bar, top navigation, feature list, grid layout","minimal, modern, cool",0.75,Minimal grid layout with light neutral background and rounded buttons.,"minimal, modern, light, grid, rounded-buttons, sidebar, clean",2
Lapa Ninja (Post),Dally,https://www.lapa.ninja/post/dallygoods/,https://cdn.lapa.ninja/assets/images/1x/dallygoods-thumb.webp,"[""#f3e9e0"", ""#6cb8cd""]","{""#f3e9e0"": 0.7112, ""#6cb8cd"": 0.0904}",#f3e9e0,light bright orange,"pricing cards, large typography, sidebar, video background, rounded buttons, feature list","luxury, professional, futuristic",0.75,Professional layout with light neutral background and large typography featuring rounded buttons.,"professional, luxury, neutral, large-typography, rounded-buttons, sidebar, video-background",7
Lapa Ninja (Post),Raw.Studio,https://www.lapa.ninja/post/raw-studio-2/,https://cdn.lapa.ninja/assets/images/1x/raw-studio-11-15-2020-thumb.webp,"[""#0c1523"", ""#dbdcd8""]","{""#0c1523"": 0.6291, ""#dbdcd8"": 0.1299}",#0c1523,dark bright blue,"sidebar, feature list, rounded buttons, split screen, avatar, icon list","professional, modern, futuristic",0.75,Professional split screen layout with dark bright blue sidebar and rounded buttons.,"professional, modern, dark-blue, split-screen, rounded-buttons, feature-list",0
Lapa Ninja (Post),Clint Agency,https://www.lapa.ninja/post/clintagency/,https://cdn.lapa.ninja/assets/images/1x/clintagency-thumb.webp,"[""#0c2a2b"", ""#edddcb""]","{""#0c2a2b"": 0.4825, ""#edddcb"": 0.363}",#0c2a2b,dark bright teal,"grid layout, sidebar, video background, large typography, pricing cards, footer","modern, friendly, cool",0.74,Modern grid layout with dark bright teal background and large typography.,"modern, grid, dark-bright-teal, video-background, friendly, typography",6
Lapa Ninja (Post),Brewbike,https://www.lapa.ninja/post/brewbike/,https://cdn.lapa.ninja/assets/images/1x/brewbike-thumb.webp,"[""#fef4e8"", ""#060605""]","{""#fef4e8"": 0.6774, ""#060605"": 0.2538}",#fef4e8,light neutral,"pricing cards, grid layout, large typography, sidebar, feature list, rounded buttons","retro, cool, bold",0.75,Light neutral grid layout featuring bold typography and rounded buttons for pricing cards.,"retro, cool, bold, grid, typography, rounded-buttons, pricing-cards",7
Lapa Ninja (Post),Adam Romano,https://www.lapa.ninja/post/adamromano/,https://cdn.lapa.ninja/assets/images/1x/adamromano-thumb.webp,"[""#141615"", ""#403a3b""]","{""#141615"": 0.7121, ""#403a3b"": 0.1405}",#141615,dark gray,"video background, grid layout, split screen, top navigation, feature list, large typography","futuristic, modern, cool",0.75,Modern split screen layout with dark gray video background and large typography.,"modern, futuristic, dark-gray, grid, video-background, typography",5
Lapa Ninja (Post),Poulos Collective,https://www.lapa.ninja/post/poulos/,https://cdn.lapa.ninja/assets/images/1x/poulos-thumb.webp,"[""#d2cccb"", ""#f5f5f5""]","{""#d2cccb"": 0.1951, ""#f5f5f5"": 0.4509}",#d2cccb,light gray,"grid layout, rounded buttons, large typography, footer, pricing cards, sidebar","modern, minimal, futuristic",0.6,Modern grid layout with light gray background and large typography.,"modern, minimal, light-gray, grid, typography, rounded-buttons",3
Lapa Ninja (Post),Varyer,https://www.lapa.ninja/post/varyer/,https://cdn.lapa.ninja/assets/images/1x/varyer-thumb.webp,"[""#faf7f2"", ""#756657""]","{""#faf7f2"": 0.4987, ""#756657"": 0.1332}",#faf7f2,light neutral,"large typography, grid layout, sidebar, footer, feature list, rounded buttons","modern, minimal, cool",0.75,Modern grid layout with light neutral background and large typography.,"modern, minimal, light, grid, typography, rounded-buttons, sidebar",3
Lapa Ninja (Post),Maximilian Berndt,https://www.lapa.ninja/post/maximilianberndt/,https://cdn.lapa.ninja/assets/images/1x/maximilianberndt-thumb.webp,"[""#26282c"", ""#0044fe""]","{""#26282c"": 0.5304, ""#0044fe"": 0.4368}",#26282c,dark gray,"large typography, split screen, rounded buttons, grid layout, sidebar, search bar","minimal, modern, bold",0.75,Minimal split screen layout with dark gray background and large typography.,"minimal, modern, dark-gray, bold, grid, rounded-buttons",0
Lapa Ninja (Post),OFFHOURS,https://www.lapa.ninja/post/offhours/,https://cdn.lapa.ninja/assets/images/1x/offhours-thumb.webp,"[""#f7f5f3"", ""#d4caba""]","{""#f7f5f3"": 0.6379, ""#d4caba"": 0.136}",#f7f5f3,light neutral,"rounded buttons, sidebar, feature list, grid layout, split screen, search bar","modern, minimal, bold",0.75,Modern grid layout with light neutral background and rounded buttons.,"modern, minimal, light, grid, rounded-buttons, sidebar, feature-list",2
Lapa Ninja (Post),Loom,https://www.lapa.ninja/post/loom-3/,https://cdn.lapa.ninja/assets/images/1x/loom-11-12-2020-thumb.webp,"[""#404559"", ""#fcfcfa""]","{""#404559"": 0.316, ""#fcfcfa"": 0.5452}",#404559,muted blue,"grid layout, rounded buttons, split screen, search bar, footer, feature list","modern, minimal, futuristic",0.66,Modern split screen layout with muted blue tones and rounded buttons.,"modern, minimal, muted-blue, grid, rounded-buttons, futuristic, layout",0
Lapa Ninja (Post),snif,https://www.lapa.ninja/post/snif/,https://cdn.lapa.ninja/assets/images/1x/snif-thumb.webp,"[""#f8efea"", ""#9e654d""]","{""#f8efea"": 0.488, ""#9e654d"": 0.2439}",#f8efea,light neutral,"rounded buttons, grid layout, pricing cards, large typography, sidebar, form","professional, modern, creative",0.74,Professional grid layout with light neutral background and large typography elements.,"professional, modern, light, grid, typography, rounded-buttons, creative",3
Lapa Ninja (Post),Weekend Home,https://www.lapa.ninja/post/weekendhome/,https://cdn.lapa.ninja/assets/images/1x/weekendhome-thumb.webp,"[""#79a8c1"", ""#81764b""]","{""#79a8c1"": 0.2379, ""#81764b"": 0.236}",#79a8c1,bright blue,"two-column layout, rounded buttons, sidebar, grid layout, form, large typography","modern, luxury, minimal",0.62,Modern two-column layout with bright blue accents and large typography.,"modern, luxury, bright-blue, grid, minimal, rounded-buttons",1
Lapa Ninja (Post),Folklore,https://www.lapa.ninja/post/folklore/,https://cdn.lapa.ninja/assets/images/1x/folklore-thumb.webp,"[""#211f1b"", ""#f3f3ef""]","{""#211f1b"": 0.7005, ""#f3f3ef"": 0.0993}",#211f1b,dark muted orange,"footer, large typography, video background, grid layout, sidebar, split screen","bold, modern, cool",0.75,Bold split screen layout with dark muted orange background and large typography.,"modern, bold, dark-muted-orange, grid, video-background, sidebar",5
Lapa Ninja (Post),Eva Sánchez Clemente,https://www.lapa.ninja/post/evasanchezclemente/,https://cdn.lapa.ninja/assets/images/1x/evasanchezclemente-thumb.webp,"[""#f5f5f5""]","{""#f5f5f5"": 0.9471}",#f5f5f5,light neutral,"large typography, rounded buttons, pricing cards, footer, grid layout, avatar","minimal, creative, professional",0.75,Minimal grid layout with light neutral background and large typography.,"minimal, professional, light, grid, typography, rounded-buttons, creative",3
Lapa Ninja (Post),Endplan,https://www.lapa.ninja/post/endplan/,https://cdn.lapa.ninja/assets/images/1x/endplan-thumb.webp,"[""#263e3d"", ""#fdfefe""]","{""#263e3d"": 0.3076, ""#fdfefe"": 0.2939}",#263e3d,dark muted teal,"grid layout, rounded buttons, sidebar, split screen, video background, cta button","modern, minimal, bold",0.65,Modern split screen layout with dark muted teal sidebar and rounded buttons.,"modern, minimal, dark-muted-teal, grid, rounded-buttons, sidebar, bold",0
Lapa Ninja (Post),Leichtfried,https://www.lapa.ninja/post/leichtfried/,https://cdn.lapa.ninja/assets/images/1x/leichtfried-thumb.webp,"[""#c5bbb1"", ""#ffffff""]","{""#c5bbb1"": 0.2354, ""#ffffff"": 0.4374}",#c5bbb1,muted orange,"rounded buttons, pricing cards, grid layout, large typography, sidebar, split screen","modern, luxury, elegant",0.62,Modern split screen layout with muted orange pricing cards and large typography.,"modern, luxury, muted-orange, grid, rounded-buttons, elegant",7
Lapa Ninja (Post),Spendesk,https://www.lapa.ninja/post/spendesk-3/,https://cdn.lapa.ninja/assets/images/1x/spendesk-11-09-2020-thumb.webp,"[""#542cc1"", ""#fdfcfe""]","{""#542cc1"": 0.4114, ""#fdfcfe"": 0.5179}",#542cc1,bright blue,"grid layout, rounded buttons, pricing cards, large typography, footer, feature list","modern, minimal, futuristic",0.71,Modern grid layout with bright blue pricing cards and rounded buttons.,"modern, minimal, bright-blue, grid, pricing-cards, rounded-buttons",7
Lapa Ninja (Post),July,https://www.lapa.ninja/post/july/,https://cdn.lapa.ninja/assets/images/1x/july-thumb.webp,"[""#eaecee"", ""#fce9b0""]","{""#eaecee"": 0.3868, ""#fce9b0"": 0.2773}",#eaecee,light neutral,"rounded buttons, sidebar, search bar, grid layout, cta button, video background","minimal, modern, trustworthy",0.69,Minimal grid layout with light neutral background and rounded buttons.,"minimal, modern, light, grid, rounded-buttons, trustworthy",2
Lapa Ninja (Post),MamboMambo,https://www.lapa.ninja/post/mambomambo/,https://cdn.lapa.ninja/assets/images/1x/mambomambo-thumb.webp,"[""#fdfdfd"", ""#d4d48c""]","{""#fdfdfd"": 0.8173, ""#d4d48c"": 0.0851}",#fdfdfd,light neutral,"rounded buttons, sidebar, large typography, pricing cards, grid layout, feature list","modern, artistic, cool",0.75,Modern grid layout with light neutral background and large typography.,"modern, grid, light, typography, rounded-buttons, artistic",3
Lapa Ninja (Post),Sofia Papadopoulou,https://www.lapa.ninja/post/sofiapapadopoulou/,https://cdn.lapa.ninja/assets/images/1x/sofiapapadopoulou-thumb.webp,"[""#010101""]","{""#010101"": 0.9653}",#010101,dark neutral,"large typography, rounded buttons, video background, footer, split screen, form","futuristic, modern, luxury",0.75,Modern split screen layout with dark neutral video background and large typography.,"modern, futuristic, dark, split-screen, luxury, rounded-buttons",5
Lapa Ninja (Post),CartHook,https://www.lapa.ninja/post/carthook/,https://cdn.lapa.ninja/assets/images/1x/carthook-thumb.webp,"[""#f6e9df"", ""#fefefe""]","{""#f6e9df"": 0.3061, ""#fefefe"": 0.5376}",#f6e9df,light bright orange,"cta button, pricing cards, rounded buttons, sidebar, footer, carousel","cool, modern, minimal",0.65,Modern layout with light bright orange accents and rounded buttons for interactive elements.,"modern, minimal, light-orange, rounded-buttons, cta, pricing-cards",7
Lapa Ninja (Post),Rive 2,https://www.lapa.ninja/post/rive/,https://cdn.lapa.ninja/assets/images/1x/rive-thumb.webp,"[""#332d31"", ""#1e0c1b""]","{""#332d31"": 0.4385, ""#1e0c1b"": 0.4148}",#332d31,dark gray,"rounded buttons, video background, split screen, grid layout, large typography, sidebar","futuristic, modern, professional",0.72,Modern split screen layout with dark gray video background and large typography.,"modern, futuristic, dark-gray, grid, professional, rounded-buttons",5
Lapa Ninja (Post),Sean Halpin,https://www.lapa.ninja/post/seanhalpin/,https://cdn.lapa.ninja/assets/images/1x/seanhalpin-thumb.webp,"[""#111112"", ""#f5f3eb""]","{""#111112"": 0.839, ""#f5f3eb"": 0.1252}",#111112,dark neutral,"search bar, sidebar, rounded buttons, icon list, large typography, footer","modern, minimal, creative",0.75,Modern layout with dark neutral tones featuring large typography and a prominent search bar.,"modern, minimal, dark-neutral, typography, search-bar, creative",1
Lapa Ninja (Post),MOY,https://www.lapa.ninja/post/moy/,https://cdn.lapa.ninja/assets/images/1x/moy-thumb.webp,"[""#ece9e8"", ""#4d3831""]","{""#ece9e8"": 0.8975, ""#4d3831"": 0.0521}",#ece9e8,light gray,"pricing cards, rounded buttons, grid layout, sidebar, feature list, large typography","minimal, trustworthy, bold",0.75,Minimal grid layout with light gray background and prominent pricing cards.,"minimal, grid, light-gray, pricing-cards, rounded-buttons, bold",7
Lapa Ninja (Post),BrandLoyal,https://www.lapa.ninja/post/brandloyal/,https://cdn.lapa.ninja/assets/images/1x/brandloyal-thumb.webp,"[""#171c28"", ""#ec78a0""]","{""#171c28"": 0.7106, ""#ec78a0"": 0.1327}",#171c28,dark muted blue,"rounded buttons, pricing cards, grid layout, large typography, cta button, sidebar","modern, futuristic, minimal",0.75,Modern grid layout with dark muted blue theme and prominent pricing cards.,"modern, grid, dark-muted-blue, rounded-buttons, pricing-cards, minimal",7
Lapa Ninja (Post),Meatable,https://www.lapa.ninja/post/meatable/,https://cdn.lapa.ninja/assets/images/1x/meatable-thumb.webp,"[""#adb7ba"", ""#141a1a""]","{""#adb7ba"": 0.369, ""#141a1a"": 0.3363}",#adb7ba,light gray,"sidebar, avatar, large typography, feature list, video background, centered hero","modern, futuristic, minimal",0.68,Modern layout with light gray background and centered hero featuring large typography.,"modern, minimal, light-gray, centered-hero, typography, futuristic",6
Lapa Ninja (Post),Alto,https://www.lapa.ninja/post/alto/,https://cdn.lapa.ninja/assets/images/1x/alto-thumb.webp,"[""#fefbf7"", ""#eab9aa""]","{""#fefbf7"": 0.8745, ""#eab9aa"": 0.0577}",#fefbf7,light neutral,"rounded buttons, large typography, sidebar, grid layout, footer, pricing cards","modern, trustworthy, cool",0.75,Modern grid layout with light neutral background and large typography.,"modern, grid, light, rounded-buttons, typography, trustworthy",3
Lapa Ninja (Post),Dario,https://www.lapa.ninja/post/dario/,https://cdn.lapa.ninja/assets/images/1x/dario-thumb.webp,"[""#010101"", ""#c6fe1d""]","{""#010101"": 0.4481, ""#c6fe1d"": 0.3184}",#010101,dark neutral,"large typography, sidebar, grid layout, pricing cards, form, footer","professional, modern, artistic",0.72,Professional grid layout with dark neutral typography and prominent pricing cards.,"professional, modern, dark, grid, typography, pricing-cards, sidebar",7
Lapa Ninja (Post),Anima,https://www.lapa.ninja/post/animaapp/,https://cdn.lapa.ninja/assets/images/1x/animaapp-thumb.webp,"[""#2b2b2b""]","{""#2b2b2b"": 0.9218}",#2b2b2b,dark gray,"feature list, large typography, rounded buttons, sidebar, icon list, pricing cards","futuristic, modern, minimal",0.75,Modern layout with dark gray sidebar and large typography featuring rounded buttons.,"modern, minimal, dark-gray, sidebar, typography, rounded-buttons",1
Lapa Ninja (Post),Atom,https://www.lapa.ninja/post/atom/,https://cdn.lapa.ninja/assets/images/1x/atom-thumb.webp,"[""#353334"", ""#fdcc5f""]","{""#353334"": 0.7702, ""#fdcc5f"": 0.1218}",#353334,dark gray,"rounded buttons, grid layout, large typography, footer, top navigation, centered hero","modern, minimal, cool",0.75,Modern grid layout with dark gray hero and rounded buttons.,"modern, minimal, dark-gray, grid, rounded-buttons, typography",4
Lapa Ninja (Post),Comme Si,https://www.lapa.ninja/post/commesi/,https://cdn.lapa.ninja/assets/images/1x/commesi-thumb.webp,"[""#d2cec4"", ""#f0eeeb""]","{""#d2cec4"": 0.4813, ""#f0eeeb"": 0.1773}",#d2cec4,muted orange,"grid layout, large typography, rounded buttons, footer, form, pricing cards","modern, minimal, futuristic",0.74,Modern grid layout with muted orange typography and rounded buttons.,"modern, minimal, muted-orange, grid, typography, rounded-buttons, pricing-cards",7
Lapa Ninja (Post),Skuid,https://www.lapa.ninja/post/skuid/,https://cdn.lapa.ninja/assets/images/1x/skuid-thumb.webp,"[""#30206c"", ""#fcfdfe""]","{""#30206c"": 0.249, ""#fcfdfe"": 0.4547}",#30206c,bright blue,"data table, sidebar, search bar, rounded buttons, feature list, pricing cards","modern, minimal, cool",0.62,Modern layout featuring bright blue sidebar with rounded buttons and a data table.,"modern, minimal, bright-blue, sidebar, rounded-buttons, data-table, cool",1
Lapa Ninja (Post),Hugo Crozet,https://www.lapa.ninja/post/hugocrozet/,https://cdn.lapa.ninja/assets/images/1x/hugocrozet-thumb.webp,"[""#212528"", ""#020202""]","{""#212528"": 0.8189, ""#020202"": 0.1304}",#212528,dark gray,"large typography, sidebar, grid layout, footer, split screen, rounded buttons","modern, minimal, professional",0.75,Modern grid layout with dark gray sidebar and large typography.,"modern, minimal, dark-gray, grid, professional, rounded-buttons",4
Lapa Ninja (Post),Kabuto Noodles,https://www.lapa.ninja/post/kabutonoodles/,https://cdn.lapa.ninja/assets/images/1x/kabutonoodles-thumb.webp,"[""#f5f3f0"", ""#c5baaa""]","{""#f5f3f0"": 0.7564, ""#c5baaa"": 0.0821}",#f5f3f0,light neutral,"rounded buttons, pricing cards, footer, grid layout, sidebar, large typography","luxury, cool, professional",0.75,Professional grid layout with light neutral tones and large typography elements.,"luxury, cool, grid, light, rounded-buttons, professional, typography",3
Lapa Ninja (Post),Sonia Rykiel,https://www.lapa.ninja/post/soniarykiel/,https://cdn.lapa.ninja/assets/images/1x/soniarykiel-thumb.webp,"[""#f8fafc"", ""#d2b9ae""]","{""#f8fafc"": 0.6142, ""#d2b9ae"": 0.1472}",#f8fafc,light neutral,"sidebar, rounded buttons, grid layout, icon list, video background, search bar","minimal, modern, futuristic",0.75,Minimal grid layout with light neutral background and rounded buttons.,"minimal, modern, light, grid, rounded-buttons, sidebar, video-background",2
Lapa Ninja (Post),Gusto Wallet,https://www.lapa.ninja/post/gusto-wallet/,https://cdn.lapa.ninja/assets/images/1x/gusto-wallet-thumb.webp,"[""#1d4645"", ""#140d07""]","{""#1d4645"": 0.4953, ""#140d07"": 0.191}",#1d4645,dark bright teal,"rounded buttons, sidebar, grid layout, footer, split screen, search bar","modern, minimal, professional",0.75,Modern grid layout with dark bright teal sidebar and rounded buttons.,"modern, minimal, dark-bright-teal, grid, rounded-buttons, professional",2
Lapa Ninja (Post),Cometeer,https://www.lapa.ninja/post/cometeer/,https://cdn.lapa.ninja/assets/images/1x/cometeer-thumb.webp,"[""#2d292a"", ""#474849""]","{""#2d292a"": 0.3443, ""#474849"": 0.2674}",#2d292a,dark gray,"large typography, sidebar, rounded buttons, search bar, grid layout, footer","futuristic, modern, creative",0.67,Modern grid layout with dark gray sidebar and large typography.,"modern, grid, dark-gray, large-typography, rounded-buttons, sidebar",4
Lapa Ninja (Post),Worth It Docs,https://www.lapa.ninja/post/worthitdocs/,https://cdn.lapa.ninja/assets/images/1x/worthitdocs-thumb.webp,"[""#111211"", ""#cccbcb""]","{""#111211"": 0.7741, ""#cccbcb"": 0.0651}",#111211,dark neutral,"sidebar, feature list, large typography, video background, icon list, rounded buttons","trustworthy, modern, artistic",0.75,Modern layout with dark neutral tones featuring large typography and a video background.,"modern, trustworthy, dark, typography, video-background, rounded-buttons, sidebar",6
Lapa Ninja (Post),Wellory,https://www.lapa.ninja/post/wellory/,https://cdn.lapa.ninja/assets/images/1x/wellory-thumb.webp,"[""#fdf6ea"", ""#f16549""]","{""#fdf6ea"": 0.5623, ""#f16549"": 0.3371}",#fdf6ea,light neutral,"sidebar, pricing cards, large typography, chart, footer, single column","trustworthy, minimal, friendly",0.75,Minimal single column layout with light neutral background and large typography for pricing cards.,"minimal, trustworthy, light, single-column, pricing, friendly",7
Lapa Ninja (Post),Raycast,https://www.lapa.ninja/post/raycast/,https://cdn.lapa.ninja/assets/images/1x/raycast-thumb.webp,"[""#030203""]","{""#030203"": 0.9566}",#030203,dark neutral,"sidebar, rounded buttons, search bar, feature list, video background, split screen","modern, futuristic, cool",0.75,Modern split screen layout with dark neutral background and rounded buttons.,"modern, futuristic, dark, split-screen, rounded-buttons, sidebar",0
Lapa Ninja (Post),USBYUS,https://www.lapa.ninja/post/usbyus/,https://cdn.lapa.ninja/assets/images/1x/usbyus-thumb.webp,"[""#dfddd9"", ""#222223""]","{""#dfddd9"": 0.6552, ""#222223"": 0.1906}",#dfddd9,light gray,"grid layout, large typography, sidebar, feature list, pricing cards, rounded buttons","luxury, artistic, modern",0.75,Modern grid layout with light gray background and large typography.,"modern, grid, light-gray, luxury, artistic, rounded-buttons",3
Lapa Ninja (Post),Vibely,https://www.lapa.ninja/post/vibely/,https://cdn.lapa.ninja/assets/images/1x/vibely-thumb.webp,"[""#f4fdfd"", ""#27cea6""]","{""#f4fdfd"": 0.7663, ""#27cea6"": 0.0743}",#f4fdfd,light neutral,"form, rounded buttons, grid layout, feature list, sidebar, footer","modern, futuristic, minimal",0.75,Modern grid layout with light neutral background and rounded buttons.,"modern, minimal, grid, light, rounded-buttons, sidebar, footer",2
Lapa Ninja (Post),Clause,https://www.lapa.ninja/post/clause/,https://cdn.lapa.ninja/assets/images/1x/clause-thumb.webp,"[""#fefefe""]","{""#fefefe"": 0.9381}",#fefefe,light neutral,"rounded buttons, pricing cards, large typography, grid layout, data table, sidebar","modern, minimal, professional",0.75,Modern grid layout with light neutral background and large typography.,"modern, minimal, professional, grid, typography, rounded-buttons",3
Lapa Ninja (Post),Stark,https://www.lapa.ninja/post/getstark-2/,https://cdn.lapa.ninja/assets/images/1x/getstark-10-28-2020-thumb.webp,"[""#f6f5ee"", ""#121826""]","{""#f6f5ee"": 0.8027, ""#121826"": 0.0814}",#f6f5ee,light neutral,"rounded buttons, grid layout, split screen, large typography, search bar, feature list","modern, minimal, futuristic",0.75,Modern grid layout with light neutral background and large typography.,"modern, minimal, light, grid, rounded-buttons, futuristic",3
Lapa Ninja (Post),Grilli Type,https://www.lapa.ninja/post/grillitype/,https://cdn.lapa.ninja/assets/images/1x/grillitype-thumb.webp,"[""#fefefe"", ""#0a090a""]","{""#fefefe"": 0.7016, ""#0a090a"": 0.1577}",#fefefe,light neutral,"large typography, grid layout, two-column layout, sidebar, icon list, pricing cards","modern, retro, creative",0.75,Modern two-column layout with light neutral background and large typography.,"modern, grid, light, typography, creative, sidebar",3
Lapa Ninja (Post),Tyrus,https://www.lapa.ninja/post/tyrus/,https://cdn.lapa.ninja/assets/images/1x/tyrus-thumb.webp,"[""#ffffff"", ""#83ac5e""]","{""#ffffff"": 0.6522, ""#83ac5e"": 0.1391}",#ffffff,light neutral,"large typography, sidebar, grid layout, pricing cards, top navigation, split screen","professional, modern, creative",0.75,Professional grid layout with light neutral tones and large typography in a split screen design.,"professional, modern, light, grid, typography, split-screen, sidebar",3
Lapa Ninja (Post),Kate Proulx,https://www.lapa.ninja/post/kateproulx/,https://cdn.lapa.ninja/assets/images/1x/kateproulx-thumb.webp,"[""#141414""]","{""#141414"": 0.8792}",#141414,dark neutral,"large typography, rounded buttons, sidebar, feature list, split screen, icon list","professional, modern, futuristic",0.75,Professional split screen layout with dark neutral tones and large typography.,"professional, modern, dark, split-screen, typography, rounded-buttons, feature-list",0
Lapa Ninja (Post),Jean Dawson,https://www.lapa.ninja/post/jeandawson/,https://cdn.lapa.ninja/assets/images/1x/jeandawson-thumb.webp,"[""#040504""]","{""#040504"": 0.9414}",#040504,dark neutral,"video background, data table, feature list, top navigation, split screen, icon list","minimal, modern, futuristic",0.75,Minimal split screen layout with dark neutral video background and top navigation.,"minimal, modern, dark, split-screen, video, navigation",5
Lapa Ninja (Post),Emergence Magazine,https://www.lapa.ninja/post/emergencemagazine/,https://cdn.lapa.ninja/assets/images/1x/emergencemagazine-thumb.webp,"[""#fefefe"", ""#5a5b38""]","{""#fefefe"": 0.6818, ""#5a5b38"": 0.1002}",#fefefe,light neutral,"grid layout, feature list, sidebar, top navigation, large typography, rounded buttons","modern, minimal, cool",0.75,Modern grid layout with light neutral background and large typography.,"modern, minimal, grid, typography, sidebar, rounded-buttons",3
Lapa Ninja (Post),Acid League,https://www.lapa.ninja/post/acidleague/,https://cdn.lapa.ninja/assets/images/1x/acidleague-thumb.webp,"[""#f7f5f1"", ""#bfb6a9""]","{""#f7f5f1"": 0.8826, ""#bfb6a9"": 0.0516}",#f7f5f1,light neutral,"large typography, grid layout, sidebar, pricing cards, rounded buttons, feature list","minimal, trustworthy, modern",0.75,Minimal grid layout with light neutral background and large typography.,"minimal, grid, light, modern, typography, trustworthy",3
Lapa Ninja (Post),Blush,https://www.lapa.ninja/post/blush-design/,https://cdn.lapa.ninja/assets/images/1x/blush-design-thumb.webp,"[""#fefefe"", ""#b4ebec""]","{""#fefefe"": 0.7599, ""#b4ebec"": 0.1493}",#fefefe,light neutral,"rounded buttons, sidebar, search bar, grid layout, split screen, two-column layout","cool, creative, modern",0.75,Modern two-column layout with light neutral background and rounded buttons.,"modern, grid, light, rounded-buttons, creative, sidebar",2
Lapa Ninja (Post),Loftgarten,https://www.lapa.ninja/post/loftgarten/,https://cdn.lapa.ninja/assets/images/1x/loftgarten-thumb.webp,"[""#030401"", ""#242c13""]","{""#030401"": 0.8588, ""#242c13"": 0.0798}",#030401,dark neutral,"large typography, avatar, footer, grid layout, form, video background","modern, minimal, futuristic",0.75,Modern grid layout with dark neutral background and large typography.,"modern, minimal, dark, grid, typography, video-background",4
Lapa Ninja (Post),Charlie Le Maignan,https://www.lapa.ninja/post/charlielemaignan/,https://cdn.lapa.ninja/assets/images/1x/charlielemaignan-thumb.webp,"[""#020202"", ""#fbfafa""]","{""#020202"": 0.6434, ""#fbfafa"": 0.1631}",#020202,dark neutral,"large typography, chart, icon list, pricing cards, two-column layout, feature list","creative, artistic, cool",0.75,Creative two-column layout with dark neutral typography and prominent pricing cards.,"creative, artistic, dark-neutral, two-column, pricing-cards, modern",7
Lapa Ninja (Post),Whiled,https://www.lapa.ninja/post/whiled/,https://cdn.lapa.ninja/assets/images/1x/whiled-thumb.webp,"[""#daa077"", ""#f5eae9""]","{""#daa077"": 0.3094, ""#f5eae9"": 0.2936}",#daa077,bright orange,"rounded buttons, grid layout, sidebar, feature list, pricing cards, large typography","modern, minimal, luxury",0.65,Modern grid layout with bright orange sidebar and large typography.,"modern, minimal, bright-orange, grid, luxury, rounded-buttons",7
Lapa Ninja (Post),helloMuller,https://www.lapa.ninja/post/hellomuller/,https://cdn.lapa.ninja/assets/images/1x/hellomuller-thumb.webp,"[""#fd4a01"", ""#040000""]","{""#fd4a01"": 0.7394, ""#040000"": 0.2252}",#fd4a01,bright orange,"large typography, rounded buttons, two-column layout, logo, sidebar, feature list","modern, creative, minimal",0.75,Modern two-column layout with bright orange typography and rounded buttons.,"modern, creative, bright-orange, rounded-buttons, two-column, minimal",1
Lapa Ninja (Post),Utrust,https://www.lapa.ninja/post/utrust/,https://cdn.lapa.ninja/assets/images/1x/utrust-thumb.webp,"[""#6a32d4"", ""#fffeff""]","{""#6a32d4"": 0.4514, ""#fffeff"": 0.3979}",#6a32d4,bright purple,"rounded buttons, sidebar, grid layout, pricing cards, feature list, footer","modern, minimal, futuristic",0.73,Modern grid layout with bright purple pricing cards and rounded buttons.,"modern, minimal, bright-purple, grid, rounded-buttons, pricing-cards, futuristic",7
Lapa Ninja (Post),Canvas Medical,https://www.lapa.ninja/post/canvasmedical/,https://cdn.lapa.ninja/assets/images/1x/canvasmedical-thumb.webp,"[""#bbbab6"", ""#feffff""]","{""#bbbab6"": 0.3464, ""#feffff"": 0.3798}",#bbbab6,light gray,"split screen, grid layout, large typography, avatar, sidebar, rounded buttons","modern, trustworthy, friendly",0.67,Modern split screen layout with light gray background and large typography.,"modern, grid, light-gray, friendly, rounded-buttons, trustworthy",0
Lapa Ninja (Post),Feedly,https://www.lapa.ninja/post/feedly/,https://cdn.lapa.ninja/assets/images/1x/feedly-thumb.webp,"[""#feffff""]","{""#feffff"": 0.9491}",#feffff,light neutral,"grid layout, pricing cards, large typography, rounded buttons, sidebar, avatar","modern, minimal, cool",0.75,Modern grid layout with light neutral background and large typography.,"modern, minimal, grid, light, typography, rounded-buttons, pricing-cards",3
Lapa Ninja (Post),Damn Good Beauty,https://www.lapa.ninja/post/damngoodbeauty/,https://cdn.lapa.ninja/assets/images/1x/damngoodbeauty-thumb.webp,"[""#f6e494"", ""#d1dae5""]","{""#f6e494"": 0.3844, ""#d1dae5"": 0.3468}",#f6e494,bright yellow,"grid layout, sidebar, rounded buttons, large typography, search bar, feature list","minimal, modern, bold",0.69,Minimal grid layout with bright yellow sidebar and large typography.,"minimal, modern, bold, grid, yellow, rounded-buttons",4
Lapa Ninja (Post),Melyon,https://www.lapa.ninja/post/melyon/,https://cdn.lapa.ninja/assets/images/1x/melyon-thumb.webp,"[""#f2eee9"", ""#cebbae""]","{""#f2eee9"": 0.2495, ""#cebbae"": 0.232}",#f2eee9,light neutral,"large typography, grid layout, sidebar, rounded buttons, pricing cards, avatar","modern, futuristic, luxury",0.62,Modern grid layout with light neutral background and large typography.,"modern, grid, light, typography, rounded-buttons, luxury",3
Lapa Ninja (Post),Wunderbucket,https://www.lapa.ninja/post/wunderbucket/,https://cdn.lapa.ninja/assets/images/1x/wunderbucket-thumb.webp,"[""#fff8dd""]","{""#fff8dd"": 0.948}",#fff8dd,light neutral,"large typography, grid layout, avatar, rounded buttons, search bar, top navigation","minimal, modern, creative",0.75,Minimal grid layout with light neutral background and large typography.,"minimal, modern, light, grid, typography, rounded-buttons",3
Lapa Ninja (Post),Victor Berbel,https://www.lapa.ninja/post/victorberbel/,https://cdn.lapa.ninja/assets/images/1x/victorberbel-thumb.webp,"[""#ffffff"", ""#745c76""]","{""#ffffff"": 0.7299, ""#745c76"": 0.0955}",#ffffff,light neutral,"grid layout, sidebar, rounded buttons, large typography, feature list, split screen","modern, minimal, futuristic",0.75,Modern grid layout with light neutral background and large typography features.,"modern, minimal, neutral, grid, typography, rounded-buttons, split-screen",3
Lapa Ninja (Post),Hugo Maury,https://www.lapa.ninja/post/maury/,https://cdn.lapa.ninja/assets/images/1x/maury-thumb.webp,"[""#0a0808"", ""#f1f1f1""]","{""#0a0808"": 0.354, ""#f1f1f1"": 0.5267}",#0a0808,dark neutral,"large typography, rounded buttons, sidebar, pricing cards, split screen, video background","modern, minimal, creative",0.68,Modern split screen layout with dark neutral background and large typography.,"modern, minimal, dark, split-screen, typography, creative, rounded-buttons",0
Lapa Ninja (Post),Pitch,https://www.lapa.ninja/post/pitch-3/,https://cdn.lapa.ninja/assets/images/1x/pitch-21-10-2020-thumb.webp,"[""#fefefe"", ""#a98064""]","{""#fefefe"": 0.6897, ""#a98064"": 0.1109}",#fefefe,light neutral,"sidebar, split screen, search bar, rounded buttons, data table, feature list","professional, modern, futuristic",0.75,Professional split screen layout with light neutral background and rounded buttons.,"professional, modern, neutral, split-screen, rounded-buttons, data-table",0
Lapa Ninja (Post),Aerial,https://www.lapa.ninja/post/aerial/,https://cdn.lapa.ninja/assets/images/1x/aerial-thumb.webp,"[""#e1dce5"", ""#fcfafe""]","{""#e1dce5"": 0.4174, ""#fcfafe"": 0.4191}",#e1dce5,light muted purple,"large typography, rounded buttons, top navigation, grid layout, video background, avatar","modern, futuristic, minimal",0.71,Modern grid layout with light muted purple background and large typography.,"modern, minimal, light-muted-purple, grid, typography, rounded-buttons",4
Lapa Ninja (Post),Sennep,https://www.lapa.ninja/post/sennep/,https://cdn.lapa.ninja/assets/images/1x/sennep-thumb.webp,"[""#f1c745"", ""#4224d0""]","{""#f1c745"": 0.4542, ""#4224d0"": 0.4397}",#f1c745,bright yellow,"pricing cards, large typography, rounded buttons, grid layout, sidebar, split screen","professional, futuristic, minimal",0.73,Professional split screen layout with bright yellow pricing cards and large typography.,"professional, minimal, bright-yellow, grid, rounded-buttons, futuristic",7
Lapa Ninja (Post),Gavril Perov,https://www.lapa.ninja/post/gavril/,https://cdn.lapa.ninja/assets/images/1x/gavril-thumb.webp,"[""#171415"", ""#717171""]","{""#171415"": 0.7794, ""#717171"": 0.0834}",#171415,dark gray,"sidebar, feature list, large typography, form, centered hero, single column","professional, modern, futuristic",0.75,Professional single column layout with dark gray centered hero and large typography.,"professional, modern, dark-gray, centered-hero, typography, layout",1
Lapa Ninja (Post),Natreve,https://www.lapa.ninja/post/natreve/,https://cdn.lapa.ninja/assets/images/1x/natreve-thumb.webp,"[""#fefaf4"", ""#f9c0b0""]","{""#fefaf4"": 0.7631, ""#f9c0b0"": 0.0895}",#fefaf4,light neutral,"sidebar, avatar, pricing cards, video background, feature list, large typography","modern, vibrant, minimal",0.75,Modern layout with light neutral background and large typography elements.,"modern, minimal, light, vibrant, typography, sidebar, pricing-cards",1
Lapa Ninja (Post),Slite,https://www.lapa.ninja/post/slite-3/,https://cdn.lapa.ninja/assets/images/1x/slite-21-10-2020-thumb.webp,"[""#f9f1e8""]","{""#f9f1e8"": 0.9243}",#f9f1e8,light neutral,"large typography, rounded buttons, grid layout, search bar, feature list, footer","modern, minimal, professional",0.75,Modern grid layout with light neutral background and large typography.,"modern, minimal, light, grid, professional, typography, rounded-buttons",3
Lapa Ninja (Post),Google TV,https://www.lapa.ninja/post/google-tv/,https://cdn.lapa.ninja/assets/images/1x/google-tv-thumb.webp,"[""#010102"", ""#251b23""]","{""#010102"": 0.6871, ""#251b23"": 0.1171}",#010102,dark neutral,"feature list, video background, sidebar, icon list, split screen, grid layout","creative, cool, modern",0.75,Modern grid layout with dark neutral video background and feature list.,"modern, grid, dark, creative, sidebar, video-background",6
Lapa Ninja (Post),Unis Shoes,https://www.lapa.ninja/post/unisfootwear/,https://cdn.lapa.ninja/assets/images/1x/unisfootwear-thumb.webp,"[""#f1f0f0"", ""#1d1818""]","{""#f1f0f0"": 0.4575, ""#1d1818"": 0.1929}",#f1f0f0,light neutral,"sidebar, footer, feature list, rounded buttons, icon list, grid layout","minimal, modern, futuristic",0.73,Minimal grid layout with light neutral tones and rounded buttons for a clean interface.,"minimal, modern, light, grid, rounded-buttons, interface, clean",2
Lapa Ninja (Post),Hey Bicycle,https://www.lapa.ninja/post/heybicycle/,https://cdn.lapa.ninja/assets/images/1x/heybicycle-thumb.webp,"[""#010101"", ""#28282c""]","{""#010101"": 0.8487, ""#28282c"": 0.0854}",#010101,dark neutral,"form, sidebar, video background, icon list, feature list, logo","futuristic, cool, modern",0.75,Modern layout with dark neutral tones featuring a video background and a sidebar.,"modern, futuristic, dark, layout, video-background, sidebar, cool",6
Lapa Ninja (Post),Anton Repponen,https://www.lapa.ninja/post/repponen/,https://cdn.lapa.ninja/assets/images/1x/repponen-thumb.webp,"[""#333227"", ""#2f1c80""]","{""#333227"": 0.2944, ""#2f1c80"": 0.2776}",#333227,dark muted yellow,"grid layout, rounded buttons, large typography, icon list, cta button, feature list","modern, minimal, professional",0.65,Modern grid layout with dark muted yellow typography and rounded buttons.,"modern, minimal, dark-muted-yellow, grid, rounded-buttons, professional",4
Lapa Ninja (Post),Goliath Entertainment,https://www.lapa.ninja/post/goliath-entertainment/,https://cdn.lapa.ninja/assets/images/1x/goliath-entertainment-thumb.webp,"[""#fef891"", ""#dce0d9""]","{""#fef891"": 0.4041, ""#dce0d9"": 0.2081}",#fef891,bright yellow,"video background, sidebar, icon list, feature list, card list, footer","retro, cool, futuristic",0.7,Retro layout with bright yellow video background and structured card lists.,"retro, cool, bright-yellow, video-background, card-list, futuristic",6
Lapa Ninja (Post),Raindrop.io,https://www.lapa.ninja/post/raindrop-3/,https://cdn.lapa.ninja/assets/images/1x/raindrop-10-19-2020-thumb.webp,"[""#fefdfc"", ""#e1ded8""]","{""#fefdfc"": 0.7492, ""#e1ded8"": 0.0911}",#fefdfc,light neutral,"rounded buttons, grid layout, feature list, search bar, sidebar, split screen","minimal, professional, modern",0.75,Minimal grid layout with light neutral background and rounded buttons.,"minimal, professional, light, grid, rounded-buttons, modern, clean",2
Lapa Ninja (Post),Digital Dollar Store,https://www.lapa.ninja/post/digital-dollar/,https://cdn.lapa.ninja/assets/images/1x/digital-dollar-thumb.webp,"[""#f8523b"", ""#430349""]","{""#f8523b"": 0.4031, ""#430349"": 0.3122}",#f8523b,bright red,"video background, pricing cards, sidebar, single column, feature list, data table","creative, artistic, cool",0.7,Creative single column layout with bright red video background and pricing cards.,"creative, artistic, bright-red, single-column, video-background, pricing-cards",6
Lapa Ninja (Post),Air,https://www.lapa.ninja/post/air/,https://cdn.lapa.ninja/assets/images/1x/air-inc-thumb.webp,"[""#edf3f9"", ""#253455""]","{""#edf3f9"": 0.7834, ""#253455"": 0.0754}",#edf3f9,light neutral,"grid layout, rounded buttons, split screen, sidebar, feature list, video background","modern, minimal, professional",0.75,Modern grid layout with light neutral background and rounded buttons.,"modern, minimal, light, grid, professional, rounded-buttons",2
Lapa Ninja (Post),Paracelsia Le Saigné,https://www.lapa.ninja/post/paracelsialesaigne/,https://cdn.lapa.ninja/assets/images/1x/paracelsialesaigne-thumb.webp,"[""#0d0c12""]","{""#0d0c12"": 0.9024}",#0d0c12,dark neutral,"large typography, icon list, sidebar, grid layout, video background, feature list","luxury, minimal, creative",0.75,Minimal grid layout with dark neutral tones and large typography.,"minimal, luxury, dark, grid, typography, creative",4
Lapa Ninja (Post),Greenlist,https://www.lapa.ninja/post/greenlistapp/,https://cdn.lapa.ninja/assets/images/1x/greenlistapp-thumb.webp,"[""#043313"", ""#fefefe""]","{""#043313"": 0.4024, ""#fefefe"": 0.4442}",#043313,dark bright green,"sidebar, grid layout, large typography, feature list, rounded buttons, split screen","professional, minimal, modern",0.7,Professional grid layout with dark bright green sidebar and large typography.,"professional, minimal, dark-green, grid, typography, rounded-buttons",4
Lapa Ninja (Post),Rowdy Mermaid Kombucha,https://www.lapa.ninja/post/rowdymermaid/,https://cdn.lapa.ninja/assets/images/1x/rowdymermaid-thumb.webp,"[""#eee9e3"", ""#a4691b""]","{""#eee9e3"": 0.6357, ""#a4691b"": 0.1289}",#eee9e3,light muted orange,"sidebar, large typography, two-column layout, search bar, rounded buttons, avatar","modern, creative, professional",0.75,Modern two-column layout with light muted orange background and large typography.,"modern, creative, light, two-column, typography, professional, rounded-buttons",1
Lapa Ninja (Post),Nabla,https://www.lapa.ninja/post/nabla/,https://cdn.lapa.ninja/assets/images/1x/nabla-thumb.webp,"[""#c7e0e6"", ""#fefcfc""]","{""#c7e0e6"": 0.3714, ""#fefcfc"": 0.5749}",#c7e0e6,bright teal,"grid layout, pricing cards, sidebar, search bar, rounded buttons, feature list","modern, minimal, friendly",0.69,Modern grid layout with light teal pricing cards and rounded buttons.,"modern, minimal, light-teal, grid, friendly, rounded-buttons",7
Lapa Ninja (Post),TreeCard,https://www.lapa.ninja/post/treecard/,https://cdn.lapa.ninja/assets/images/1x/treecard-thumb.webp,"[""#fefffe"", ""#e19a73""]","{""#fefffe"": 0.7563, ""#e19a73"": 0.1011}",#fefffe,light neutral,"pricing cards, card list, sidebar, footer, rounded buttons, feature list","modern, creative, cool",0.75,Modern layout featuring light neutral pricing cards with rounded buttons and a sidebar.,"modern, creative, neutral, pricing-cards, rounded-buttons, sidebar",7
Lapa Ninja (Post),Overpass,https://www.lapa.ninja/post/overpass/,https://cdn.lapa.ninja/assets/images/1x/overpass-thumb.webp,"[""#fcfdfe"", ""#0399fd""]","{""#fcfdfe"": 0.7371, ""#0399fd"": 0.106}",#fcfdfe,light neutral,"sidebar, rounded buttons, pricing cards, feature list, search bar, split screen","minimal, modern, professional",0.75,Minimal split screen layout with light neutral background and rounded buttons.,"minimal, modern, professional, split-screen, rounded-buttons, neutral",0
Lapa Ninja (Post),Design+Code,https://www.lapa.ninja/post/designcode/,https://cdn.lapa.ninja/assets/images/1x/designcode-16-10-2020-thumb.webp,"[""#231f52"", ""#4b2da3""]","{""#231f52"": 0.5491, ""#4b2da3"": 0.187}",#231f52,dark bright blue,"rounded buttons, grid layout, feature list, pricing cards, sidebar, top navigation","modern, calm, minimal",0.75,Modern grid layout with dark bright blue sidebar and rounded buttons.,"modern, grid, dark-blue, rounded-buttons, calm, minimal",2
Lapa Ninja (Post),Mario Sanchez Maselli,https://www.lapa.ninja/post/mariosmaselli/,https://cdn.lapa.ninja/assets/images/1x/mariosmaselli-thumb.webp,"[""#e93730"", ""#2c0e10""]","{""#e93730"": 0.8352, ""#2c0e10"": 0.0987}",#e93730,bright red,"large typography, sidebar, pricing cards, rounded buttons, card list, centered hero","retro, minimal, professional",0.75,Retro minimal layout with bright red hero and large typography.,"retro, minimal, bright-red, typography, professional, sidebar",7
Lapa Ninja (Post),Oda,https://www.lapa.ninja/post/oda/,https://cdn.lapa.ninja/assets/images/1x/oda-thumb.webp,"[""#f0ebdd""]","{""#f0ebdd"": 0.8883}",#f0ebdd,light bright orange,"sidebar, large typography, form, feature list, split screen, video background","modern, cool, artistic",0.75,Modern split screen layout with light neutral background and large typography.,"modern, split-screen, light, artistic, cool, typography",5
Lapa Ninja (Post),Erik Herrström,https://www.lapa.ninja/post/erikherrstrom-2/,https://cdn.lapa.ninja/assets/images/1x/erikherrstrom-10-16-2020-thumb.webp,"[""#0d0a0b"", ""#fafafa""]","{""#0d0a0b"": 0.2936, ""#fafafa"": 0.3019}",#0d0a0b,dark neutral,"grid layout, sidebar, icon list, video background, large typography, feature list","futuristic, bold, modern",0.65,Bold grid layout with dark neutral tones and large typography elements.,"modern, bold, dark, grid, typography, futuristic, sidebar",4
Lapa Ninja (Post),Hylo Athletics,https://www.lapa.ninja/post/hyloathletics/,https://cdn.lapa.ninja/assets/images/1x/hyloathletics-thumb.webp,"[""#60594f"", ""#f8f7f7""]","{""#60594f"": 0.2348, ""#f8f7f7"": 0.4825}",#60594f,muted gray,"large typography, grid layout, hero image, rounded buttons, footer, centered hero","futuristic, cool, modern",0.62,Modern grid layout with muted gray hero and large typography.,"modern, grid, muted-gray, large-typography, hero, rounded-buttons",4
Lapa Ninja (Post),Armand Sallé,https://www.lapa.ninja/post/armand-salle/,https://cdn.lapa.ninja/assets/images/1x/armand-salle-thumb.webp,"[""#141313"", ""#ce6d3e""]","{""#141313"": 0.8411, ""#ce6d3e"": 0.076}",#141313,dark neutral,"large typography, sidebar, feature list, grid layout, video background, footer","friendly, modern, professional",0.75,Modern grid layout with dark neutral background and large typography.,"modern, professional, dark, grid, typography, friendly",4
Lapa Ninja (Post),PeekUp,https://www.lapa.ninja/post/peekup/,https://cdn.lapa.ninja/assets/images/1x/peekup-thumb.webp,"[""#bf306d"", ""#842852""]","{""#bf306d"": 0.477, ""#842852"": 0.265}",#bf306d,bright red,"feature list, grid layout, sidebar, icon list, video background, rounded buttons","modern, creative, cool",0.74,Modern grid layout with bright red video background and rounded buttons.,"modern, creative, bright-red, grid, video-background, rounded-buttons",6
Lapa Ninja (Post),Museum of Peace & Quiet,https://www.lapa.ninja/post/museumofpeaceandquiet/,https://cdn.lapa.ninja/assets/images/1x/museumofpeaceandquiet-thumb.webp,"[""#f6f3ed"", ""#a59c7a""]","{""#f6f3ed"": 0.7976, ""#a59c7a"": 0.0814}",#f6f3ed,light neutral,"grid layout, rounded buttons, large typography, sidebar, feature list, icon list","minimal, modern, luxury",0.75,Minimal grid layout with light neutral tones and large typography.,"minimal, modern, light, grid, luxury, typography",3
Lapa Ninja (Post),UPQODE,https://www.lapa.ninja/post/upqode/,https://cdn.lapa.ninja/assets/images/1x/upqode-thumb.webp,"[""#fbfbfb"", ""#1d1911""]","{""#fbfbfb"": 0.8049, ""#1d1911"": 0.0983}",#fbfbfb,light neutral,"large typography, grid layout, rounded buttons, sidebar, footer, avatar","modern, minimal, creative",0.75,Modern grid layout with light neutral background and large typography.,"modern, minimal, light, grid, typography, rounded-buttons, creative",3
Lapa Ninja (Post),Koa,https://www.lapa.ninja/post/livingkoa/,https://cdn.lapa.ninja/assets/images/1x/livingkoa-thumb.webp,"[""#a79687"", ""#1a100b""]","{""#a79687"": 0.3293, ""#1a100b"": 0.2787}",#a79687,muted orange,"rounded buttons, sidebar, search bar, pricing cards, large typography, video background","futuristic, modern, creative",0.66,Modern layout with muted orange sidebar and large typography elements.,"modern, futuristic, muted-orange, sidebar, rounded-buttons, creative",1
Lapa Ninja (Post),Gorillaz,https://www.lapa.ninja/post/gorillaz-promo/,https://cdn.lapa.ninja/assets/images/1x/gorillaz-promo-thumb.webp,"[""#fbf6eb"", ""#16131a""]","{""#fbf6eb"": 0.5379, ""#16131a"": 0.1597}",#fbf6eb,light neutral,"sidebar, grid layout, icon list, video background, search bar, split screen","cool, minimal, modern",0.75,Minimal grid layout with light neutral background and a split screen design.,"minimal, modern, grid, light, split-screen, sidebar",0
Lapa Ninja (Post),Monsieur M,https://www.lapa.ninja/post/monsieurm/,https://cdn.lapa.ninja/assets/images/1x/monsieurm-thumb.webp,"[""#c9c9c9""]","{""#c9c9c9"": 0.9407}",#c9c9c9,light gray,"large typography, pricing cards, feature list, rounded buttons, grid layout, sidebar","modern, minimal, creative",0.75,Modern grid layout with light neutral background and large typography.,"modern, minimal, light, grid, typography, creative, pricing-cards",3
Lapa Ninja (Post),Pachama,https://www.lapa.ninja/post/pachama/,https://cdn.lapa.ninja/assets/images/1x/pachama-thumb.webp,"[""#fcfdfc"", ""#40886d""]","{""#fcfdfc"": 0.6323, ""#40886d"": 0.1659}",#fcfdfc,light neutral,"rounded buttons, large typography, top navigation, footer, single column, pricing cards","modern, warm, minimal",0.75,Modern single column layout with dark muted green pricing cards and large typography.,"modern, minimal, dark-muted-green, single-column, pricing-cards, rounded-buttons",7
Lapa Ninja (Post),Mehrotra,https://www.lapa.ninja/post/mehrotrasthlm/,https://cdn.lapa.ninja/assets/images/1x/mehrotrasthlm-thumb.webp,"[""#494842"", ""#fefefd""]","{""#494842"": 0.2673, ""#fefefd"": 0.3037}",#494842,dark gray,"form, rounded buttons, sidebar, feature list, pricing cards, large typography","modern, minimal, futuristic",0.63,Modern layout with dark gray sidebar and large typography elements.,"modern, minimal, dark-gray, sidebar, typography, rounded-buttons",1
Lapa Ninja (Post),Flamingo Estate,https://www.lapa.ninja/post/flamingoestate/,https://cdn.lapa.ninja/assets/images/1x/flamingoestate-thumb.webp,"[""#1c1e10"", ""#fefefe""]","{""#1c1e10"": 0.2417, ""#fefefe"": 0.4606}",#1c1e10,dark muted yellow,"pricing cards, grid layout, feature list, rounded buttons, video background, sidebar","luxury, professional, modern",0.62,Modern grid layout with dark muted yellow pricing cards and rounded buttons.,"modern, grid, dark-muted-yellow, luxury, professional, rounded-buttons",7
Lapa Ninja (Post),Mezcal Rosaluna,https://www.lapa.ninja/post/mezcalrosaluna/,https://cdn.lapa.ninja/assets/images/1x/mezcalrosaluna-thumb.webp,"[""#ede3da"", ""#b39675""]","{""#ede3da"": 0.6516, ""#b39675"": 0.1653}",#ede3da,light muted orange,"large typography, grid layout, sidebar, rounded buttons, feature list, video background","modern, minimal, artistic",0.75,Modern grid layout with light muted orange background and large typography.,"modern, minimal, light-muted-orange, grid, typography, rounded-buttons, artistic",4
Lapa Ninja (Post),Mike Lamont,https://www.lapa.ninja/post/mike/,https://cdn.lapa.ninja/assets/images/1x/mike-thumb.webp,"[""#0a0e07"", ""#f3f3f6""]","{""#0a0e07"": 0.2834, ""#f3f3f6"": 0.5352}",#0a0e07,dark neutral,"icon list, sidebar, feature list, search bar, pricing cards, avatar","futuristic, artistic, modern",0.64,Modern layout with dark neutral tones featuring a sidebar and icon list.,"modern, dark, sidebar, icon-list, artistic, futuristic",1
Lapa Ninja (Post),Good Measure,https://www.lapa.ninja/post/findgoodmeasure/,https://cdn.lapa.ninja/assets/images/1x/findgoodmeasure-thumb.webp,"[""#0a1a20"", ""#f2f2ee""]","{""#0a1a20"": 0.6775, ""#f2f2ee"": 0.1081}",#0a1a20,dark bright teal,"large typography, grid layout, sidebar, split screen, feature list, rounded buttons","modern, friendly, luxury",0.75,Modern grid layout with dark bright teal sidebar and large typography.,"modern, grid, dark-bright-teal, typography, friendly, luxury",4
Lapa Ninja (Post),Extraset,https://www.lapa.ninja/post/extraset/,https://cdn.lapa.ninja/assets/images/1x/extraset-thumb.webp,"[""#f9eadb"", ""#030201""]","{""#f9eadb"": 0.6952, ""#030201"": 0.2441}",#f9eadb,light bright orange,"large typography, icon list, grid layout, two-column layout, logo, feature list","modern, professional, minimal",0.75,Modern two-column grid layout with light bright orange typography and an icon list.,"modern, professional, minimal, grid, typography, icon-list",1
Lapa Ninja (Post),Æbele Interiors,https://www.lapa.ninja/post/aebeleinteriors/,https://cdn.lapa.ninja/assets/images/1x/aebeleinteriors-thumb.webp,"[""#faf4f0"", ""#cbc6c0""]","{""#faf4f0"": 0.7088, ""#cbc6c0"": 0.1018}",#faf4f0,light neutral,"large typography, grid layout, sidebar, feature list, single column, video background","luxury, modern, elegant",0.75,Modern grid layout with light neutral background and large typography.,"modern, grid, light, luxury, elegant, typography",3
Lapa Ninja (Post),Faculty,https://www.lapa.ninja/post/faculty/,https://cdn.lapa.ninja/assets/images/1x/faculty-thumb.webp,"[""#f6f4f0"", ""#e0a3a5""]","{""#f6f4f0"": 0.6963, ""#e0a3a5"": 0.202}",#f6f4f0,light neutral,"large typography, sidebar, feature list, grid layout, search bar, pricing cards","modern, futuristic, minimal",0.75,Modern grid layout with light neutral background and large typography.,"modern, minimal, grid, light, typography, sidebar, feature-list",3
Lapa Ninja (Post),Oculus,https://www.lapa.ninja/post/oculus-3/,https://cdn.lapa.ninja/assets/images/1x/oculus-10-07-2020-thumb.webp,"[""#e7e7f0"", ""#fefefe""]","{""#e7e7f0"": 0.4682, ""#fefefe"": 0.336}",#e7e7f0,light muted blue,"sidebar, rounded buttons, avatar, feature list, hero image, form","futuristic, modern, cool",0.73,Modern layout with light muted blue hero and rounded buttons.,"modern, futuristic, light-muted-blue, rounded-buttons, sidebar, hero",1
Lapa Ninja (Post),Ayaka B. Ito,https://www.lapa.ninja/post/ayakaito/,https://cdn.lapa.ninja/assets/images/1x/ayakaito-thumb.webp,"[""#e4c5d7"", ""#c7a672""]","{""#e4c5d7"": 0.5205, ""#c7a672"": 0.2656}",#e4c5d7,bright magenta,"large typography, grid layout, pricing cards, sidebar, two-column layout, rounded buttons","creative, futuristic, luxury",0.75,Creative grid layout with bright magenta typography and rounded buttons.,"creative, grid, bright-magenta, luxury, modern, rounded-buttons",7
Lapa Ninja (Post),Canny,https://www.lapa.ninja/post/canny-2/,https://cdn.lapa.ninja/assets/images/1x/canny-10-07-2020-thumb.webp,"[""#fbfcfc""]","{""#fbfcfc"": 0.9563}",#fbfcfc,light neutral,"rounded buttons, grid layout, pricing cards, large typography, footer, feature list","modern, minimal, professional",0.75,Modern grid layout with light neutral background and rounded buttons.,"modern, minimal, light, grid, professional, rounded-buttons",2
Lapa Ninja (Post),Dore Partnership,https://www.lapa.ninja/post/dorepartnership/,https://cdn.lapa.ninja/assets/images/1x/dorepartnership-thumb.webp,"[""#b9d1dc"", ""#f6f8fa""]","{""#b9d1dc"": 0.1926, ""#f6f8fa"": 0.746}",#b9d1dc,muted teal,"rounded buttons, pricing cards, sidebar, search bar, top navigation, large typography","professional, modern, minimal",0.6,Professional layout with light neutral background and large typography elements.,"professional, modern, minimal, light, typography, rounded-buttons, sidebar",1
Lapa Ninja (Post),Asana,https://www.lapa.ninja/post/asana-4/,https://cdn.lapa.ninja/assets/images/1x/asana-10-03-2020-thumb.webp,"[""#fdfdfd""]","{""#fdfdfd"": 0.8987}",#fdfdfd,light neutral,"grid layout, large typography, top navigation, search bar, rounded buttons, sidebar","minimal, modern, professional",0.75,Minimal grid layout with light neutral background and large typography.,"minimal, modern, professional, grid, typography, sidebar",3
Lapa Ninja (Post),Bizzon,https://www.lapa.ninja/post/bizzon/,https://cdn.lapa.ninja/assets/images/1x/bizzon-thumb.webp,"[""#ccc1bb"", ""#f9f9f9""]","{""#ccc1bb"": 0.1856, ""#f9f9f9"": 0.4218}",#ccc1bb,muted orange,"grid layout, two-column layout, sidebar, pricing cards, data table, icon list","modern, creative, luxury",0.59,Modern two-column layout with light neutral background and structured pricing cards.,"modern, grid, light, neutral, pricing-cards, creative, structured",7
Lapa Ninja (Post),Gianluca Armenio,https://www.lapa.ninja/post/gianlucarmenio/,https://cdn.lapa.ninja/assets/images/1x/gianlucarmenio-thumb.webp,"[""#f6efe3""]","{""#f6efe3"": 0.889}",#f6efe3,light neutral,"large typography, rounded buttons, grid layout, icon list, feature list, sidebar","minimal, modern, professional",0.75,Minimal grid layout with light neutral tones and large typography.,"minimal, modern, professional, grid, typography, rounded-buttons",3
Lapa Ninja (Post),Harry Moses,https://www.lapa.ninja/post/harrymoses/,https://cdn.lapa.ninja/assets/images/1x/harrymoses-thumb.webp,"[""#000000""]","{""#000000"": 0.9139}",#000000,dark neutral,"icon list, feature list, card list, data table, top navigation, rounded buttons","cool, trustworthy, bold",0.75,Bold dark layout featuring a top navigation and rounded buttons for easy access.,"dark, bold, trustworthy, navigation, rounded-buttons, layout, cool",1
Lapa Ninja (Post),Tiny,https://www.lapa.ninja/post/tinycapital/,https://cdn.lapa.ninja/assets/images/1x/tinycapital-thumb.webp,"[""#1a21fd"", ""#f4ecf2""]","{""#1a21fd"": 0.8524, ""#f4ecf2"": 0.0705}",#1a21fd,bright blue,"pricing cards, large typography, sidebar, video background, grid layout, rounded buttons","modern, professional, minimal",0.75,Modern grid layout with bright blue pricing cards and large typography.,"modern, professional, bright-blue, grid, pricing-cards, minimal, rounded-buttons",7
Lapa Ninja (Post),Locomotive Culture,https://www.lapa.ninja/post/locomotive-culture/,https://cdn.lapa.ninja/assets/images/1x/locomotive-play-thumb.webp,"[""#f1f1f1"", ""#bababa""]","{""#f1f1f1"": 0.7345, ""#bababa"": 0.1308}",#f1f1f1,light neutral,"rounded buttons, large typography, grid layout, sidebar, footer, cta button","minimal, professional, playful",0.75,Minimal grid layout with light neutral tones and large typography alongside rounded buttons.,"minimal, professional, light, grid, typography, rounded-buttons, clean",3
Lapa Ninja (Post),Philip Battin,https://www.lapa.ninja/post/philipbattin/,https://cdn.lapa.ninja/assets/images/1x/philipbattin-thumb.webp,"[""#f9f9f9"", ""#b8c4c1""]","{""#f9f9f9"": 0.888, ""#b8c4c1"": 0.0506}",#f9f9f9,light neutral,"sidebar, grid layout, avatar, split screen, rounded buttons, large typography","modern, minimal, futuristic",0.75,Modern split screen layout with light neutral background and large typography.,"modern, minimal, neutral, grid, sidebar, rounded-buttons",0
Lapa Ninja (Post),NUGGS,https://www.lapa.ninja/post/eatnuggs/,https://cdn.lapa.ninja/assets/images/1x/eatnuggs-thumb.webp,"[""#fb1b1b"", ""#fffafa""]","{""#fb1b1b"": 0.181, ""#fffafa"": 0.564}",#fb1b1b,bright red,"sidebar, rounded buttons, top navigation, split screen, large typography, pricing cards","creative, futuristic, bold",0.59,Creative split screen layout with bright red sidebar and large typography.,"creative, bold, bright-red, split-screen, large-typography, modern",0
Lapa Ninja (Post),Google Store,https://www.lapa.ninja/post/google-store/,https://cdn.lapa.ninja/assets/images/1x/google-store-thumb.webp,"[""#fafaf9"", ""#e3dbd3""]","{""#fafaf9"": 0.6293, ""#e3dbd3"": 0.1313}",#fafaf9,light neutral,"sidebar, search bar, feature list, rounded buttons, large typography, icon list","modern, minimal, futuristic",0.75,Modern layout with light neutral background and large typography featuring rounded buttons.,"modern, minimal, light, rounded-buttons, typography, sidebar, search-bar",1
Lapa Ninja (Post),Karst,https://www.lapa.ninja/post/karststonepaper/,https://cdn.lapa.ninja/assets/images/1x/karststonepaper-thumb.webp,"[""#f3ede8"", ""#d9cbc2""]","{""#f3ede8"": 0.4144, ""#d9cbc2"": 0.228}",#f3ede8,light neutral,"large typography, form, grid layout, rounded buttons, single column, sidebar","modern, minimal, futuristic",0.71,Modern grid layout with light neutral tones and large typography.,"modern, minimal, light, grid, typography, rounded-buttons",3
Lapa Ninja (Post),Mollydooker Wines,https://www.lapa.ninja/post/mollydookerwines/,https://cdn.lapa.ninja/assets/images/1x/mollydookerwines-thumb.webp,"[""#779e8c"", ""#252e14""]","{""#779e8c"": 0.3631, ""#252e14"": 0.2093}",#779e8c,muted green,"sidebar, footer, feature list, video background, large typography, centered hero","creative, friendly, artistic",0.68,Creative layout with muted green hero and large typography centered over a video background.,"creative, friendly, muted-green, artistic, centered, video-background, large-typography",6
Lapa Ninja (Post),WTF.studio,https://www.lapa.ninja/post/wtf-studio-2/,https://cdn.lapa.ninja/assets/images/1x/wtf-studio-09-30-2020-thumb.webp,"[""#1c1f21"", ""#f5d225""]","{""#1c1f21"": 0.6225, ""#f5d225"": 0.1823}",#1c1f21,dark gray,"large typography, sidebar, rounded buttons, video background, pricing cards, grid layout","modern, professional, artistic",0.75,Modern grid layout with dark gray background and large typography.,"modern, professional, dark-gray, grid, typography, rounded-buttons",4
Lapa Ninja (Post),The Met Museum,https://www.lapa.ninja/post/metmus-150/,https://cdn.lapa.ninja/assets/images/1x/metmus-150-thumb.webp,"[""#fffefe"", ""#332e2a""]","{""#fffefe"": 0.7441, ""#332e2a"": 0.1123}",#fffefe,light neutral,"large typography, logo, form, two-column layout, sidebar, icon list","modern, serious, cool",0.75,Modern two-column layout with dark accents and large typography.,"modern, serious, dark, two-column, typography, layout",1
Lapa Ninja (Post),Quicksand,https://www.lapa.ninja/post/airbnb-quicksand/,https://cdn.lapa.ninja/assets/images/1x/quicksand-thumb.webp,"[""#010101"", ""#633726""]","{""#010101"": 0.7592, ""#633726"": 0.1228}",#010101,dark neutral,"large typography, grid layout, rounded buttons, top navigation, pricing cards, sidebar","minimal, modern, bold",0.75,Minimal grid layout with dark neutral tones and large typography.,"minimal, modern, dark, grid, typography, rounded-buttons, pricing-cards",4
Lapa Ninja (Post),Waste Not,https://www.lapa.ninja/post/wastenot/,https://cdn.lapa.ninja/assets/images/1x/wastenot-thumb.webp,"[""#efeee8"", ""#acc3a8""]","{""#efeee8"": 0.7697, ""#acc3a8"": 0.102}",#efeee8,light neutral,"large typography, pricing cards, sidebar, grid layout, video background, avatar","creative, trustworthy, cool",0.75,Creative grid layout with light neutral background and large typography.,"creative, trustworthy, light, grid, typography, video-background, cool",3
Lapa Ninja (Post),Owi Sixseven,https://www.lapa.ninja/post/theartofvisual/,https://cdn.lapa.ninja/assets/images/1x/theartofvisual-thumb.webp,"[""#101216"", ""#e7e6e4""]","{""#101216"": 0.904, ""#e7e6e4"": 0.0525}",#101216,dark neutral,"large typography, feature list, rounded buttons, sidebar, two-column layout, grid layout","modern, futuristic, professional",0.75,Modern two-column layout with dark neutral tones and large typography.,"modern, professional, dark, grid, rounded-buttons, sidebar",1
Lapa Ninja (Post),Basium Fragrances,https://www.lapa.ninja/post/basiumfragrances/,https://cdn.lapa.ninja/assets/images/1x/basiumfragrances-thumb.webp,"[""#f7f4ef"", ""#d7d0cc""]","{""#f7f4ef"": 0.4649, ""#d7d0cc"": 0.217}",#f7f4ef,light neutral,"sidebar, grid layout, rounded buttons, video background, footer, feature list","minimal, modern, bold",0.73,Minimal grid layout with light neutral tones and rounded buttons.,"minimal, modern, light, grid, rounded-buttons, video-background",2
Lapa Ninja (Post),Wnder,https://www.lapa.ninja/post/wnder/,https://cdn.lapa.ninja/assets/images/1x/wnder-thumb.webp,"[""#f7f4f5"", ""#ea8f38""]","{""#f7f4f5"": 0.8182, ""#ea8f38"": 0.0636}",#f7f4f5,light neutral,"large typography, rounded buttons, pricing cards, grid layout, top navigation, sidebar","modern, minimal, cool",0.75,Modern grid layout with light neutral background and large typography.,"modern, minimal, light, grid, typography, rounded-buttons",3
Lapa Ninja (Post),Atelier Akuko,https://www.lapa.ninja/post/atelier-akuko/,https://cdn.lapa.ninja/assets/images/1x/atelier-akuko-thumb.webp,"[""#f1ede9"", ""#c9c6c3""]","{""#f1ede9"": 0.7104, ""#c9c6c3"": 0.097}",#f1ede9,light neutral,"grid layout, rounded buttons, pricing cards, two-column layout, single column, sidebar","modern, luxury, artistic",0.75,Modern grid layout with light neutral tones and rounded buttons.,"modern, luxury, grid, rounded-buttons, artistic, minimal",2
Lapa Ninja (Post),MinamiDesignCo,https://www.lapa.ninja/post/minami-design/,https://cdn.lapa.ninja/assets/images/1x/minami-design-thumb.webp,"[""#050304"", ""#1a1e3a""]","{""#050304"": 0.7597, ""#1a1e3a"": 0.1038}",#050304,dark neutral,"split screen, video background, large typography, sidebar, avatar, grid layout","futuristic, modern, creative",0.75,Modern split screen layout with dark neutral video background and large typography.,"modern, futuristic, dark, split-screen, video, grid, creative",5
Lapa Ninja (Post),Ralph Buenconsejo,https://www.lapa.ninja/post/buenmakes/,https://cdn.lapa.ninja/assets/images/1x/buenmakes-thumb.webp,"[""#fdfbfc"", ""#f9b816""]","{""#fdfbfc"": 0.8649, ""#f9b816"": 0.0575}",#fdfbfc,light neutral,"large typography, sidebar, pricing cards, grid layout, rounded buttons, feature list","creative, artistic, professional",0.75,Creative grid layout with light neutral background and large typography.,"creative, professional, grid, light, typography, rounded-buttons, pricing-cards",3
Lapa Ninja (Post),BEHAVE,https://www.lapa.ninja/post/eatbehave/,https://cdn.lapa.ninja/assets/images/1x/eatbehave-thumb.webp,"[""#d0b7fd"", ""#cf4c30""]","{""#d0b7fd"": 0.4459, ""#cf4c30"": 0.2368}",#d0b7fd,light bright purple,"sidebar, feature list, pricing cards, video background, search bar, split screen","futuristic, trustworthy, bold",0.72,Futuristic split screen layout with light bright purple background and prominent pricing cards.,"futuristic, bold, light-purple, split-screen, pricing, video-background",5
Lapa Ninja (Post),Svea Solar,https://www.lapa.ninja/post/sveasolar/,https://cdn.lapa.ninja/assets/images/1x/sveasolar-thumb.webp,"[""#eea496"", ""#f9f8f8""]","{""#eea496"": 0.3515, ""#f9f8f8"": 0.4555}",#eea496,bright red,"sidebar, rounded buttons, avatar, search bar, feature list, large typography","futuristic, modern, minimal",0.68,Modern layout with bright red sidebar and large typography elements.,"modern, minimal, bright-red, sidebar, typography, futuristic",1
Lapa Ninja (Post),Status,https://www.lapa.ninja/post/status/,https://cdn.lapa.ninja/assets/images/1x/status-thumb.webp,"[""#fcfdfd"", ""#010101""]","{""#fcfdfd"": 0.7397, ""#010101"": 0.1716}",#fcfdfd,light neutral,"rounded buttons, sidebar, feature list, search bar, cta button, icon list","modern, minimal, futuristic",0.75,Modern layout with light neutral background and rounded buttons for interaction.,"modern, minimal, light, rounded-buttons, sidebar, cta",2
Lapa Ninja (Post),Hello Hay,https://www.lapa.ninja/post/hellohay/,https://cdn.lapa.ninja/assets/images/1x/hellohay-thumb.webp,"[""#f5f3ef"", ""#29182d""]","{""#f5f3ef"": 0.461, ""#29182d"": 0.4574}",#f5f3ef,light neutral,"rounded buttons, grid layout, large typography, top navigation, pricing cards, search bar","minimal, modern, futuristic",0.73,Minimal grid layout with light neutral background and large typography.,"minimal, modern, light, grid, typography, rounded-buttons, pricing-cards",3
Lapa Ninja (Post),Natural,https://www.lapa.ninja/post/natural/,https://cdn.lapa.ninja/assets/images/1x/natural-thumb.webp,"[""#000000"", ""#f2f2f2""]","{""#000000"": 0.4902, ""#f2f2f2"": 0.4934}",#000000,dark neutral,"rounded buttons, large typography, grid layout, footer, top navigation, search bar","minimal, cool, futuristic",0.75,Minimal grid layout with dark neutral tones and large typography.,"minimal, dark, grid, typography, rounded-buttons, futuristic",4
Lapa Ninja (Post),Shirley Wang,https://www.lapa.ninja/post/shirleywangdesign/,https://cdn.lapa.ninja/assets/images/1x/shirleywangdesign-thumb.webp,"[""#edeae6""]","{""#edeae6"": 0.9604}",#edeae6,light muted orange,"large typography, pricing cards, grid layout, feature list, icon list, sidebar","professional, cool, creative",0.75,Professional grid layout with light neutral background and large typography.,"professional, grid, light, typography, pricing-cards, sidebar",7
Lapa Ninja (Post),Brews & Grooves,https://www.lapa.ninja/post/brewsandgrooves/,https://cdn.lapa.ninja/assets/images/1x/brewsandgrooves-thumb.webp,"[""#1f1e1e"", ""#4b4342""]","{""#1f1e1e"": 0.7736, ""#4b4342"": 0.0982}",#1f1e1e,dark gray,"pricing cards, large typography, sidebar, top navigation, video background, feature list","professional, cool, luxury",0.75,Professional layout with dark gray background featuring large typography and a video background.,"professional, dark-gray, luxury, sidebar, video-background, typography",6
Lapa Ninja (Post),Simon Daufresne,https://www.lapa.ninja/post/simondaufresne/,https://cdn.lapa.ninja/assets/images/1x/simondaufresne-thumb.webp,"[""#1a1919"", ""#f6efe4""]","{""#1a1919"": 0.4774, ""#f6efe4"": 0.4385}",#1a1919,dark gray,"large typography, grid layout, rounded buttons, sidebar, feature list, split screen","bold, modern, futuristic",0.74,Bold split screen layout with dark gray background and large typography.,"modern, bold, dark-gray, grid, rounded-buttons, sidebar, feature-list",0
Lapa Ninja (Post),Virgin Hyperloop,https://www.lapa.ninja/post/virginhyperloop/,https://cdn.lapa.ninja/assets/images/1x/virginhyperloop-thumb.webp,"[""#fdfcfc"", ""#25261f""]","{""#fdfcfc"": 0.527, ""#25261f"": 0.16}",#fdfcfc,light neutral,"large typography, top navigation, single column, grid layout, footer, rounded buttons","futuristic, modern, minimal",0.75,Modern single column layout with light neutral background and large typography.,"modern, minimal, light, grid, typography, rounded-buttons",3
Lapa Ninja (Post),Animade,https://www.lapa.ninja/post/animade/,https://cdn.lapa.ninja/assets/images/1x/animade-thumb.webp,"[""#fdfcf8"", ""#fade1c""]","{""#fdfcf8"": 0.7352, ""#fade1c"": 0.1055}",#fdfcf8,light neutral,"pricing cards, rounded buttons, large typography, sidebar, grid layout, avatar","minimal, modern, creative",0.75,Minimal grid layout with light neutral background and prominent pricing cards.,"minimal, modern, neutral, grid, pricing-cards, creative, rounded-buttons",7
Lapa Ninja (Post),Demuxed 2020,https://www.lapa.ninja/post/demuxed-2020/,https://cdn.lapa.ninja/assets/images/1x/demuxed-2020-thumb.webp,"[""#fdd244"", ""#dbb740""]","{""#fdd244"": 0.8212, ""#dbb740"": 0.0662}",#fdd244,bright yellow,"video background, split screen, sidebar, search bar, feature list, grid layout","professional, modern, creative",0.75,Professional split screen layout with bright yellow video background and a sidebar.,"professional, modern, bright-yellow, split-screen, video-background, grid",5
Lapa Ninja (Post),Procreate Education,https://www.lapa.ninja/post/procreate-education/,https://cdn.lapa.ninja/assets/images/1x/procreate-education-thumb.webp,"[""#f5f6f6"", ""#1e1f1f""]","{""#f5f6f6"": 0.8674, ""#1e1f1f"": 0.0619}",#f5f6f6,light neutral,"large typography, grid layout, split screen, top navigation, rounded buttons, form","modern, minimal, artistic",0.75,Modern grid layout with light neutral background and large typography.,"modern, minimal, light, grid, typography, rounded-buttons, artistic",3
Lapa Ninja (Post),Synthesia,https://www.lapa.ninja/post/synthesia/,https://cdn.lapa.ninja/assets/images/1x/synthesia-thumb.webp,"[""#f9fafe"", ""#122940""]","{""#f9fafe"": 0.6803, ""#122940"": 0.1478}",#f9fafe,light neutral,"grid layout, split screen, rounded buttons, video background, footer, cta button","professional, modern, minimal",0.75,Professional split screen layout with dark muted gray video background and rounded buttons.,"modern, minimal, grid, dark-muted-gray, rounded-buttons, video-background",5
Lapa Ninja (Post),Front,https://www.lapa.ninja/post/frontapp-5/,https://cdn.lapa.ninja/assets/images/1x/frontapp-09-23-2020-thumb.webp,"[""#fdfefd"", ""#9ffdcc""]","{""#fdfefd"": 0.6363, ""#9ffdcc"": 0.1688}",#fdfefd,light neutral,"rounded buttons, avatar, cta button, sidebar, video background, split screen","modern, futuristic, professional",0.75,Modern split screen layout with light neutral background and rounded buttons.,"modern, professional, light, split-screen, rounded-buttons, video-background",0
Lapa Ninja (Post),Teachable,https://www.lapa.ninja/post/teachable/,https://cdn.lapa.ninja/assets/images/1x/teachable-thumb.webp,"[""#23cb9d"", ""#fcfcfb""]","{""#23cb9d"": 0.3762, ""#fcfcfb"": 0.36}",#23cb9d,bright teal,"large typography, grid layout, sidebar, feature list, rounded buttons, avatar","artistic, futuristic, creative",0.69,Artistic grid layout with bright teal typography and rounded buttons.,"artistic, grid, bright-teal, rounded-buttons, creative, modern",4
Lapa Ninja (Post),SmashBrand,https://www.lapa.ninja/post/smashbrand/,https://cdn.lapa.ninja/assets/images/1x/smashbrand-thumb.webp,"[""#fefefe""]","{""#fefefe"": 0.8684}",#fefefe,light neutral,"large typography, pricing cards, sidebar, rounded buttons, grid layout, two-column layout","futuristic, professional, modern",0.75,Professional two-column layout with light neutral background and large typography.,"modern, professional, light, grid, rounded-buttons, pricing-cards",1
Lapa Ninja (Post),2°C EARTH,https://www.lapa.ninja/post/2-c-earth/,https://cdn.lapa.ninja/assets/images/1x/2-c-earth-thumb.webp,"[""#2f2114"", ""#f7f3f2""]","{""#2f2114"": 0.2255, ""#f7f3f2"": 0.3055}",#2f2114,dark bright orange,"grid layout, large typography, rounded buttons, top navigation, split screen, sidebar","modern, minimal, futuristic",0.61,Modern grid layout with dark bright orange typography and rounded buttons.,"modern, minimal, dark-bright-orange, grid, typography, rounded-buttons, sidebar",4
Lapa Ninja (Post),Limnia Araw,https://www.lapa.ninja/post/araw-limnia/,https://cdn.lapa.ninja/assets/images/1x/araw-limnia-thumb.webp,"[""#191a14"", ""#fcfcfb""]","{""#191a14"": 0.2212, ""#fcfcfb"": 0.2843}",#191a14,dark muted yellow,"sidebar, grid layout, video background, feature list, top navigation, rounded buttons","modern, futuristic, elegant",0.61,Modern grid layout with dark muted yellow video background and rounded buttons.,"modern, grid, dark-muted-yellow, video-background, rounded-buttons, elegant",6
Lapa Ninja (Post),G2K Creative Agency,https://www.lapa.ninja/post/g2k/,https://cdn.lapa.ninja/assets/images/1x/g2k-thumb.webp,"[""#010102"", ""#20212c""]","{""#010102"": 0.4165, ""#20212c"": 0.203}",#010102,dark neutral,"pricing cards, sidebar, top navigation, grid layout, icon list, video background","modern, futuristic, professional",0.71,Modern grid layout with dark neutral pricing cards and a video background.,"modern, grid, dark-neutral, professional, pricing-cards, video-background",7
Lapa Ninja (Post),Quintin Lodge,https://www.lapa.ninja/post/quintinlodge/,https://cdn.lapa.ninja/assets/images/1x/quintinlodge-thumb.webp,"[""#191c15"", ""#fdfdfc""]","{""#191c15"": 0.5243, ""#fdfdfc"": 0.3145}",#191c15,dark muted green,"pricing cards, form, feature list, large typography, card list, footer","futuristic, bold, modern",0.75,Bold modern layout with dark muted green pricing cards and large typography.,"modern, bold, dark-muted-green, pricing-cards, typography, futuristic",7
Lapa Ninja (Post),Finn,https://www.lapa.ninja/post/petfinn/,https://cdn.lapa.ninja/assets/images/1x/petfinn-thumb.webp,"[""#fbd0c6"", ""#fa810a""]","{""#fbd0c6"": 0.4422, ""#fa810a"": 0.2492}",#fbd0c6,light bright red,"video background, footer, sidebar, pricing cards, form, rounded buttons","trustworthy, friendly, cool",0.72,Friendly layout with light bright red video background and rounded buttons.,"friendly, trustworthy, light-red, video, rounded-buttons, modern, pricing-cards",6
Lapa Ninja (Post),Glass,https://www.lapa.ninja/post/glass/,https://cdn.lapa.ninja/assets/images/1x/glass-thumb.webp,"[""#010101"", ""#878989""]","{""#010101"": 0.8099, ""#878989"": 0.057}",#010101,dark neutral,"grid layout, rounded buttons, split screen, large typography, sidebar, video background","modern, professional, minimal",0.75,Modern split screen layout with dark neutral background and large typography.,"modern, professional, minimal, grid, rounded-buttons, video-background",5
Lapa Ninja (Post),Geckoboard,https://www.lapa.ninja/post/geckoboard/,https://cdn.lapa.ninja/assets/images/1x/geckoboard-thumb.webp,"[""#fbfbfc"", ""#1b1b3c""]","{""#fbfbfc"": 0.8127, ""#1b1b3c"": 0.1161}",#fbfbfc,light neutral,"pricing cards, sidebar, top navigation, data table, avatar, icon list","modern, futuristic, retro",0.75,Modern layout with dark color accents featuring pricing cards and a sidebar.,"modern, dark, sidebar, pricing-cards, data-table, futuristic",7
Lapa Ninja (Post),We are owlsome,https://www.lapa.ninja/post/weareowlsome/,https://cdn.lapa.ninja/assets/images/1x/weareowlsome-thumb.webp,"[""#d5e0de"", ""#ffffff""]","{""#d5e0de"": 0.4374, ""#ffffff"": 0.436}",#d5e0de,light muted teal,"pricing cards, large typography, rounded buttons, logo, grid layout, sidebar","professional, creative, modern",0.72,Professional grid layout with light muted teal pricing cards and large typography.,"professional, modern, grid, light-muted-teal, pricing-cards, rounded-buttons",7
Lapa Ninja (Post),Rainbo,https://www.lapa.ninja/post/rainbo/,https://cdn.lapa.ninja/assets/images/1x/rainbo-thumb.webp,"[""#fbfbfb"", ""#1f1e18""]","{""#fbfbfb"": 0.5877, ""#1f1e18"": 0.1512}",#fbfbfb,light neutral,"rounded buttons, sidebar, grid layout, pricing cards, search bar, large typography","minimal, modern, warm",0.75,Minimal grid layout with dark muted gray sidebar and large typography.,"minimal, modern, dark-muted-gray, grid, sidebar, typography",4
Lapa Ninja (Post),Plain Jane Events,https://www.lapa.ninja/post/plainjaneevents/,https://cdn.lapa.ninja/assets/images/1x/plainjaneevents-thumb.webp,"[""#f8f6f2"", ""#443020""]","{""#f8f6f2"": 0.7329, ""#443020"": 0.0807}",#f8f6f2,light neutral,"grid layout, sidebar, feature list, large typography, split screen, two-column layout","modern, luxury, creative",0.75,Modern grid layout with light neutral tones and large typography in a split screen design.,"modern, luxury, grid, light, typography, creative, split-screen",3
Lapa Ninja (Post),Field,https://www.lapa.ninja/post/builtbyfield/,https://cdn.lapa.ninja/assets/images/1x/builtbyfield-thumb.webp,"[""#10100e"", ""#fdfdfd""]","{""#10100e"": 0.1957, ""#fdfdfd"": 0.3576}",#10100e,dark neutral,"grid layout, split screen, search bar, sidebar, rounded buttons, top navigation","modern, futuristic, minimal",0.6,Modern split screen layout with dark neutral tones and rounded buttons.,"modern, minimal, dark, grid, sidebar, futuristic",0
Lapa Ninja (Post),Tranen,https://www.lapa.ninja/post/tranen/,https://cdn.lapa.ninja/assets/images/1x/tranen-thumb.webp,"[""#dcdad8"", ""#fefefe""]","{""#dcdad8"": 0.2158, ""#fefefe"": 0.3665}",#dcdad8,light gray,"grid layout, avatar, sidebar, large typography, form, icon list","modern, futuristic, minimal",0.61,Modern grid layout with light gray background and large typography elements.,"modern, grid, light-gray, minimal, typography, sidebar",3
Lapa Ninja (Post),Rafael Conde,https://www.lapa.ninja/post/rafa/,https://cdn.lapa.ninja/assets/images/1x/rafa-thumb.webp,"[""#0f0f11"", ""#fafcfc""]","{""#0f0f11"": 0.3557, ""#fafcfc"": 0.4953}",#0f0f11,dark neutral,"rounded buttons, grid layout, large typography, sidebar, feature list, footer","minimal, modern, futuristic",0.68,Minimal grid layout with dark neutral tones and large typography elements.,"minimal, modern, dark-neutral, grid, typography, rounded-buttons, sidebar",4
Lapa Ninja (Post),Salus Body,https://www.lapa.ninja/post/salusbody/,https://cdn.lapa.ninja/assets/images/1x/salusbody-thumb.webp,"[""#fdfdfd"", ""#dcdcdc""]","{""#fdfdfd"": 0.5479, ""#dcdcdc"": 0.1616}",#fdfdfd,light neutral,"grid layout, large typography, rounded buttons, feature list, form, pricing cards","modern, minimal, luxury",0.75,Modern grid layout with light neutral background and large typography.,"modern, minimal, light, grid, luxury, typography, rounded-buttons",3
Lapa Ninja (Post),Letter,https://www.lapa.ninja/post/letterco/,https://cdn.lapa.ninja/assets/images/1x/letterco-thumb.webp,"[""#030303"", ""#f8fafd""]","{""#030303"": 0.2068, ""#f8fafd"": 0.6751}",#030303,dark neutral,"rounded buttons, grid layout, pricing cards, large typography, sidebar, form","modern, futuristic, minimal",0.6,Modern grid layout with dark neutral theme and large typography elements.,"modern, grid, dark-neutral, rounded-buttons, minimal, futuristic",4
Lapa Ninja (Post),Dinamo,https://www.lapa.ninja/post/abcdinamo/,https://cdn.lapa.ninja/assets/images/1x/abcdinamo-thumb.webp,"[""#72a70a"", ""#fefefc""]","{""#72a70a"": 0.3284, ""#fefefc"": 0.5637}",#72a70a,bright green,"large typography, feature list, sidebar, rounded buttons, pricing cards, icon list","creative, bold, cool",0.66,Creative layout with bright green typography and rounded buttons alongside a feature list.,"creative, bold, bright-green, typography, rounded-buttons, feature-list, sidebar",7
Lapa Ninja (Post),Make Lemonade,https://www.lapa.ninja/post/makelemonade/,https://cdn.lapa.ninja/assets/images/1x/makelemonade-thumb.webp,"[""#fec233""]","{""#fec233"": 0.8975}",#fec233,bright orange,"sidebar, pricing cards, video background, feature list, large typography, grid layout","creative, retro, friendly",0.75,Creative grid layout with bright orange pricing cards and large typography.,"creative, retro, bright-orange, grid, friendly, pricing-cards",7
