source,title,author,price,tags,image,url
Lapa Ninja (Post),Monologue,SAAS,,,https://cdn.lapa.ninja/assets/images/1x/monologue-thumb.jpg,https://www.lapa.ninja/post/monologue/
Lapa Ninja (Post),Ona,TECHNOLOGY,,,https://cdn.lapa.ninja/assets/images/1x/ona-thumb.jpg,https://www.lapa.ninja/post/ona/
Lapa Ninja (Post),Jon Howell,PORTFOLIO,,,https://cdn.lapa.ninja/assets/images/1x/jonhowell-thumb.jpg,https://www.lapa.ninja/post/jonhowell/
Lapa Ninja (Post),Brainfish,ARTIFICIAL INTELLIGENCE,,,https://cdn.lapa.ninja/assets/images/1x/brainfishai-thumb.jpg,https://www.lapa.ninja/post/brainfishai/
Lapa Ninja (Post),Board.fun,ECOMMERCE,,,https://cdn.lapa.ninja/assets/images/1x/board-fun-thumb.jpg,https://www.lapa.ninja/post/board-fun/
Lapa Ninja (Post),Chipsa,3D WEBSITES,,,https://cdn.lapa.ninja/assets/images/1x/chipsa-thumb.jpg,https://www.lapa.ninja/post/chipsa/
Lapa Ninja (Post),Aeons,NFT,,,https://cdn.lapa.ninja/assets/images/1x/aeons-thumb.jpg,https://www.lapa.ninja/post/aeons/
Lapa Ninja (Post),MØM,AGENCY,,,https://cdn.lapa.ninja/assets/images/1x/matter-of-mind-2-thumb.jpg,https://www.lapa.ninja/post/matter-of-mind-2/
Lapa Ninja (Post),Merlin,ARTIFICIAL INTELLIGENCE,,,https://cdn.lapa.ninja/assets/images/1x/merlin-thumb.jpg,https://www.lapa.ninja/post/merlin/
Lapa Ninja (Post),CHRLS.DSGN,PORTFOLIO,,,https://cdn.lapa.ninja/assets/images/1x/chrls-thumb.jpg,https://www.lapa.ninja/post/chrls/
Lapa Ninja (Post),Fantasy,STUDIO,,,https://cdn.lapa.ninja/assets/images/1x/fantasy-thumb.jpg,https://www.lapa.ninja/post/fantasy/
Lapa Ninja (Post),Vibe-X,3D WEBSITES,,,https://cdn.lapa.ninja/assets/images/1x/vibex-thumb.jpg,https://www.lapa.ninja/post/vibex/
Lapa Ninja (Post),Creech,STUDIO,,,https://cdn.lapa.ninja/assets/images/1x/creech-thumb.jpg,https://www.lapa.ninja/post/creech/
Lapa Ninja (Post),LORE,BEAUTY,,,https://cdn.lapa.ninja/assets/images/1x/lore-thumb.jpg,https://www.lapa.ninja/post/lore/
Lapa Ninja (Post),Taara,TECHNOLOGY,,,https://cdn.lapa.ninja/assets/images/1x/taaraconnect-thumb.jpg,https://www.lapa.ninja/post/taaraconnect/
Lapa Ninja (Post),Control,DESIGN TOOLS,,,https://cdn.lapa.ninja/assets/images/1x/cntrl-2-thumb.jpg,https://www.lapa.ninja/post/cntrl-2/
Lapa Ninja (Post),Stephanie Bruce,PORTFOLIO,,,https://cdn.lapa.ninja/assets/images/1x/stephaniebruce-2-thumb.jpg,https://www.lapa.ninja/post/stephaniebruce-2/
Lapa Ninja (Post),Cloudflare Sandbox,DEVELOPMENT TOOLS,,,https://cdn.lapa.ninja/assets/images/1x/cloudflare-sandbox-thumb.jpg,https://www.lapa.ninja/post/cloudflare-sandbox/
Lapa Ninja (Post),Quantum Body,HEALTH FITNESS,,,https://cdn.lapa.ninja/assets/images/1x/quantumbody-thumb.jpg,https://www.lapa.ninja/post/quantumbody/
Lapa Ninja (Post),FUTURE THREE,STUDIO,,,https://cdn.lapa.ninja/assets/images/1x/futurethree-thumb.jpg,https://www.lapa.ninja/post/futurethree/
Lapa Ninja (Post),David AI,ARTIFICIAL INTELLIGENCE,,,https://cdn.lapa.ninja/assets/images/1x/withdavid-thumb.jpg,https://www.lapa.ninja/post/withdavid/
Lapa Ninja (Post),poolside,ARTIFICIAL INTELLIGENCE,,,https://cdn.lapa.ninja/assets/images/1x/poolside-thumb.jpg,https://www.lapa.ninja/post/poolside/
Lapa Ninja (Post),xmcp,DEVELOPMENT TOOLS,,,https://cdn.lapa.ninja/assets/images/1x/xmcp-thumb.jpg,https://www.lapa.ninja/post/xmcp/
Lapa Ninja (Post),GAÏO,FOOD DRINKS,,,https://cdn.lapa.ninja/assets/images/1x/gaio-thumb.jpg,https://www.lapa.ninja/post/gaio/
Lapa Ninja (Post),General Condition,STUDIO,,,https://cdn.lapa.ninja/assets/images/1x/generalcondition-thumb.jpg,https://www.lapa.ninja/post/generalcondition/
Lapa Ninja (Post),Null Studio,STUDIO,,,https://cdn.lapa.ninja/assets/images/1x/nullstudio-thumb.jpg,https://www.lapa.ninja/post/nullstudio/
Lapa Ninja (Post),Paradigm,SAAS,,,https://cdn.lapa.ninja/assets/images/1x/paradigmai-thumb.jpg,https://www.lapa.ninja/post/paradigmai/
Lapa Ninja (Post),Kikk Festival 2025,EVENT,,,https://cdn.lapa.ninja/assets/images/1x/kikk-2025-thumb.jpg,https://www.lapa.ninja/post/kikk-2025/
Lapa Ninja (Post),darkroom.engineering,STUDIO,,,https://cdn.lapa.ninja/assets/images/1x/darkroom-engineering-thumb.jpg,https://www.lapa.ninja/post/darkroom-engineering/
Lapa Ninja (Post),React Email,SAAS,,,https://cdn.lapa.ninja/assets/images/1x/react-email-thumb.jpg,https://www.lapa.ninja/post/react-email/
Lapa Ninja (Post),Liftoff,BUSINESS,,,https://cdn.lapa.ninja/assets/images/1x/liftoff-thumb.jpg,https://www.lapa.ninja/post/liftoff/
Lapa Ninja (Post),David Alaba,SPORTS,,,https://cdn.lapa.ninja/assets/images/1x/davidalaba-thumb.jpg,https://www.lapa.ninja/post/davidalaba/
Lapa Ninja (Post),Qatchup,SAAS,,,https://cdn.lapa.ninja/assets/images/1x/qatchup-thumb.jpg,https://www.lapa.ninja/post/qatchup/
Lapa Ninja (Post),Era,APP,,,https://cdn.lapa.ninja/assets/images/1x/era-app-2-thumb.jpg,https://www.lapa.ninja/post/era-app-2/
Lapa Ninja (Post),Sunset,BUSINESS,,,https://cdn.lapa.ninja/assets/images/1x/hellosunset-thumb.jpg,https://www.lapa.ninja/post/hellosunset/
Lapa Ninja (Post),Taya,ECOMMERCE,,,https://cdn.lapa.ninja/assets/images/1x/tayanecklace-thumb.jpg,https://www.lapa.ninja/post/tayanecklace/
Lapa Ninja (Post),When We Love,ART,,,https://cdn.lapa.ninja/assets/images/1x/whenwelove-thumb.jpg,https://www.lapa.ninja/post/whenwelove/
Lapa Ninja (Post),Rob Figueredo,PORTFOLIO,,,https://cdn.lapa.ninja/assets/images/1x/robably-thumb.jpg,https://www.lapa.ninja/post/robably/
Lapa Ninja (Post),Groth Studio,STUDIO,,,https://cdn.lapa.ninja/assets/images/1x/groth-thumb.jpg,https://www.lapa.ninja/post/groth/
Lapa Ninja (Post),Ditto,SAAS,,,https://cdn.lapa.ninja/assets/images/1x/trustditto-thumb.jpg,https://www.lapa.ninja/post/trustditto/
Lapa Ninja (Post),Essential,ARTIFICIAL INTELLIGENCE,,,https://cdn.lapa.ninja/assets/images/1x/essential-thumb.jpg,https://www.lapa.ninja/post/essential/
Lapa Ninja (Post),Make It Real Fund Merch,CORPORATE,,,https://cdn.lapa.ninja/assets/images/1x/mirfundmerch-thumb.jpg,https://www.lapa.ninja/post/mirfundmerch/
Lapa Ninja (Post),Duna,SAAS,,,https://cdn.lapa.ninja/assets/images/1x/duna-thumb.jpg,https://www.lapa.ninja/post/duna/
Lapa Ninja (Post),Dulcedo,AGENCY,,,https://cdn.lapa.ninja/assets/images/1x/dulcedo-thumb.jpg,https://www.lapa.ninja/post/dulcedo/
Lapa Ninja (Post),REF Digital Agency,AGENCY,,,https://cdn.lapa.ninja/assets/images/1x/ref-thumb.jpg,https://www.lapa.ninja/post/ref/
Lapa Ninja (Post),Genie,DESIGN TOOLS,,,https://cdn.lapa.ninja/assets/images/1x/geniestudio-thumb.jpg,https://www.lapa.ninja/post/geniestudio/
Lapa Ninja (Post),Coda,FINANCE,,,https://cdn.lapa.ninja/assets/images/1x/coda-co-thumb.jpg,https://www.lapa.ninja/post/coda-co/
Lapa Ninja (Post),Cursor,DEVELOPMENT TOOLS,,,https://cdn.lapa.ninja/assets/images/1x/cursor-2-thumb.jpg,https://www.lapa.ninja/post/cursor-2/
Lapa Ninja (Post),Tilt,FINANCE,,,https://cdn.lapa.ninja/assets/images/1x/tilt-thumb.jpg,https://www.lapa.ninja/post/tilt/
Lapa Ninja (Post),THE LINE Studio,STUDIO,,,https://cdn.lapa.ninja/assets/images/1x/thelinestudio-thumb.jpg,https://www.lapa.ninja/post/thelinestudio/
Lapa Ninja (Post),Super Chill,APP,,,https://cdn.lapa.ninja/assets/images/1x/superchill-thumb.jpg,https://www.lapa.ninja/post/superchill/
Lapa Ninja (Post),Pikkas,EDUCATION,,,https://cdn.lapa.ninja/assets/images/1x/pikkasinternational-thumb.jpg,https://www.lapa.ninja/post/pikkasinternational/
Lapa Ninja (Post),Meracinque,FOOD DRINKS,,,https://cdn.lapa.ninja/assets/images/1x/meracinque-thumb.jpg,https://www.lapa.ninja/post/meracinque/
Lapa Ninja (Post),Hot Type,FOUNDRY,,,https://cdn.lapa.ninja/assets/images/1x/hottype-thumb.jpg,https://www.lapa.ninja/post/hottype/
Lapa Ninja (Post),GT Pantheon,TYPOGRAPHY,,,https://cdn.lapa.ninja/assets/images/1x/gt-pantheon-thumb.jpg,https://www.lapa.ninja/post/gt-pantheon/
Lapa Ninja (Post),Duten,HOME LIVING,,,https://cdn.lapa.ninja/assets/images/1x/duten-thumb.jpg,https://www.lapa.ninja/post/duten/
Lapa Ninja (Post),Dirty Vine,FOOD DRINKS,,,https://cdn.lapa.ninja/assets/images/1x/dirtyvine-thumb.jpg,https://www.lapa.ninja/post/dirtyvine/
Lapa Ninja (Post),Arkeale,CORPORATE,,,https://cdn.lapa.ninja/assets/images/1x/arkeale-thumb.jpg,https://www.lapa.ninja/post/arkeale/
Lapa Ninja (Post),Portal,SAAS,,,https://cdn.lapa.ninja/assets/images/1x/useportal-thumb.jpg,https://www.lapa.ninja/post/useportal/
Lapa Ninja (Post),Matic,HOME LIVING,,,https://cdn.lapa.ninja/assets/images/1x/maticrobots-thumb.jpg,https://www.lapa.ninja/post/maticrobots/
Lapa Ninja (Post),Form&Fun,STUDIO,,,https://cdn.lapa.ninja/assets/images/1x/formandfun-thumb.jpg,https://www.lapa.ninja/post/formandfun/
Lapa Ninja (Post),Bloom & Wolf,ECOMMERCE,,,https://cdn.lapa.ninja/assets/images/1x/bloomandwolf-thumb.jpg,https://www.lapa.ninja/post/bloomandwolf/
Lapa Ninja (Post),Azione,AGENCY,,,https://cdn.lapa.ninja/assets/images/1x/azionepr-thumb.jpg,https://www.lapa.ninja/post/azionepr/
Lapa Ninja (Post),Maggie App,APP,,,https://cdn.lapa.ninja/assets/images/1x/maggie-app-thumb.jpg,https://www.lapa.ninja/post/maggie-app/
Lapa Ninja (Post),Grit Pictures,AGENCY,,,https://cdn.lapa.ninja/assets/images/1x/grit-thumb.jpg,https://www.lapa.ninja/post/grit/
Lapa Ninja (Post),That One Couple,AGENCY,,,https://cdn.lapa.ninja/assets/images/1x/thatonecouple-thumb.jpg,https://www.lapa.ninja/post/thatonecouple/
Lapa Ninja (Post),Studio Tyrsa,STUDIO,,,https://cdn.lapa.ninja/assets/images/1x/studiotyrsa-thumb.jpg,https://www.lapa.ninja/post/studiotyrsa/
Lapa Ninja (Post),Revitin,HEALTH FITNESS,,,https://cdn.lapa.ninja/assets/images/1x/revitin-thumb.jpg,https://www.lapa.ninja/post/revitin/
Lapa Ninja (Post),Early Works,STUDIO,,,https://cdn.lapa.ninja/assets/images/1x/early-thumb.jpg,https://www.lapa.ninja/post/early/
Lapa Ninja (Post),Exrcst,ECOMMERCE,,,https://cdn.lapa.ninja/assets/images/1x/exrcst-thumb.jpg,https://www.lapa.ninja/post/exrcst/
Lapa Ninja (Post),Scout Motors,AUTOMOTIVE,,,https://cdn.lapa.ninja/assets/images/1x/scoutmotors-thumb.jpg,https://www.lapa.ninja/post/scoutmotors/
Lapa Ninja (Post),T3 by EquipmentShare,AUTOMOTIVE,,,https://cdn.lapa.ninja/assets/images/1x/t3-thumb.jpg,https://www.lapa.ninja/post/t3/
Lapa Ninja (Post),Sunrise Robotics,CORPORATE,,,https://cdn.lapa.ninja/assets/images/1x/sunriserobotics-thumb.jpg,https://www.lapa.ninja/post/sunriserobotics/
Lapa Ninja (Post),Normal Computing,HARDWARE,,,https://cdn.lapa.ninja/assets/images/1x/normalcomputing-thumb.jpg,https://www.lapa.ninja/post/normalcomputing/
Lapa Ninja (Post),Michael Aust,PORTFOLIO,,,https://cdn.lapa.ninja/assets/images/1x/michael-aust-thumb.jpg,https://www.lapa.ninja/post/michael-aust/
Lapa Ninja (Post),Dorian Lods,PORTFOLIO,,,https://cdn.lapa.ninja/assets/images/1x/dorianlods-thumb.jpg,https://www.lapa.ninja/post/dorianlods/
Lapa Ninja (Post),Olha Lazarieva,PORTFOLIO,,,https://cdn.lapa.ninja/assets/images/1x/olhalazarieva-thumb.jpg,https://www.lapa.ninja/post/olhalazarieva/
Lapa Ninja (Post),Panconesi,FASHION,,,https://cdn.lapa.ninja/assets/images/1x/marcopanconesi-thumb.jpg,https://www.lapa.ninja/post/marcopanconesi/
Lapa Ninja (Post),Ink Games,GAME,,,https://cdn.lapa.ninja/assets/images/1x/inkgames-thumb.jpg,https://www.lapa.ninja/post/inkgames/
Lapa Ninja (Post),Celeres,VENTURES,,,https://cdn.lapa.ninja/assets/images/1x/celeresinvestments-thumb.jpg,https://www.lapa.ninja/post/celeresinvestments/
Lapa Ninja (Post),Cofounder,ARTIFICIAL INTELLIGENCE,,,https://cdn.lapa.ninja/assets/images/1x/cofounder-thumb.jpg,https://www.lapa.ninja/post/cofounder/
Lapa Ninja (Post),Dayos,ARTIFICIAL INTELLIGENCE,,,https://cdn.lapa.ninja/assets/images/1x/dayos-thumb.jpg,https://www.lapa.ninja/post/dayos/
Lapa Ninja (Post),Mouthwash Studio,STUDIO,,,https://cdn.lapa.ninja/assets/images/1x/mouthwash-studio-2-thumb.jpg,https://www.lapa.ninja/post/mouthwash-studio-2/
Lapa Ninja (Post),Rue Haus,STUDIO,,,https://cdn.lapa.ninja/assets/images/1x/ruehaus-thumb.jpg,https://www.lapa.ninja/post/ruehaus/
Lapa Ninja (Post),Craft,SAAS,,,https://cdn.lapa.ninja/assets/images/1x/craft-do-4-thumb.jpg,https://www.lapa.ninja/post/craft-do-4/
Lapa Ninja (Post),Stable,FINTECH,,,https://cdn.lapa.ninja/assets/images/1x/stable-thumb.jpg,https://www.lapa.ninja/post/stable/
Lapa Ninja (Post),Daylight Health,HEALTH FITNESS,,,https://cdn.lapa.ninja/assets/images/1x/daylight-health-thumb.jpg,https://www.lapa.ninja/post/daylight-health/
Lapa Ninja (Post),EverythingMoves,STUDIO,,,https://cdn.lapa.ninja/assets/images/1x/everythingmoves-thumb.jpg,https://www.lapa.ninja/post/everythingmoves/
Lapa Ninja (Post),Operate,SAAS,,,https://cdn.lapa.ninja/assets/images/1x/operate-thumb.jpg,https://www.lapa.ninja/post/operate/
Lapa Ninja (Post),ADCKER,AGENCY,,,https://cdn.lapa.ninja/assets/images/1x/adcker-thumb.jpg,https://www.lapa.ninja/post/adcker/
Lapa Ninja (Post),Ben And Martin,PHOTOGRAPHY,,,https://cdn.lapa.ninja/assets/images/1x/benandmartin-thumb.jpg,https://www.lapa.ninja/post/benandmartin/
Lapa Ninja (Post),L'Étude,STUDIO,,,https://cdn.lapa.ninja/assets/images/1x/letude-thumb.jpg,https://www.lapa.ninja/post/letude/
Lapa Ninja (Post),Abhishek Jha,PORTFOLIO,,,https://cdn.lapa.ninja/assets/images/1x/abhishekjha-3-thumb.jpg,https://www.lapa.ninja/post/abhishekjha-3/
Lapa Ninja (Post),Jack Theobald,PORTFOLIO,,,https://cdn.lapa.ninja/assets/images/1x/jacktheobald-thumb.jpg,https://www.lapa.ninja/post/jacktheobald/
Lapa Ninja (Post),Anything,ARTIFICIAL INTELLIGENCE,,,https://cdn.lapa.ninja/assets/images/1x/createanything-thumb.jpg,https://www.lapa.ninja/post/createanything/
Lapa Ninja (Post),Hurt Feelings,EDUCATION,,,https://cdn.lapa.ninja/assets/images/1x/hurt-feelings-thumb.jpg,https://www.lapa.ninja/post/hurt-feelings/
Lapa Ninja (Post),monopo NYC,AGENCY,,,https://cdn.lapa.ninja/assets/images/1x/monopo-thumb.jpg,https://www.lapa.ninja/post/monopo/
Lapa Ninja (Post),Resolute AI,HEALTH FITNESS,,,https://cdn.lapa.ninja/assets/images/1x/theresolute-thumb.jpg,https://www.lapa.ninja/post/theresolute/
Lapa Ninja (Post),Studio Nordost,STUDIO,,,https://cdn.lapa.ninja/assets/images/1x/studio-nordost-thumb.jpg,https://www.lapa.ninja/post/studio-nordost/
Lapa Ninja (Post),SkinGame Media,AGENCY,,,https://cdn.lapa.ninja/assets/images/1x/skingamemedia-thumb.jpg,https://www.lapa.ninja/post/skingamemedia/
Lapa Ninja (Post),Rhumb Studio,STUDIO,,,https://cdn.lapa.ninja/assets/images/1x/rhumb-thumb.jpg,https://www.lapa.ninja/post/rhumb/
Lapa Ninja (Post),David Kushner,MUSIC,,,https://cdn.lapa.ninja/assets/images/1x/davidkushnermusic-thumb.jpg,https://www.lapa.ninja/post/davidkushnermusic/
Lapa Ninja (Post),A Present Force,STUDIO,,,https://cdn.lapa.ninja/assets/images/1x/apresentforce-thumb.jpg,https://www.lapa.ninja/post/apresentforce/
Lapa Ninja (Post),Almost Pearfect,FOOD DRINKS,,,https://cdn.lapa.ninja/assets/images/1x/almost-pearfect-thumb.jpg,https://www.lapa.ninja/post/almost-pearfect/
Lapa Ninja (Post),Parallel,ARTIFICIAL INTELLIGENCE,,,https://cdn.lapa.ninja/assets/images/1x/parallel-thumb.jpg,https://www.lapa.ninja/post/parallel/
Lapa Ninja (Post),Digilab,CORPORATE,,,https://cdn.lapa.ninja/assets/images/1x/digilab-thumb.jpg,https://www.lapa.ninja/post/digilab/
Lapa Ninja (Post),Cap,SAAS,,,https://cdn.lapa.ninja/assets/images/1x/cap-3-thumb.jpg,https://www.lapa.ninja/post/cap-3/
Lapa Ninja (Post),Stephen Hannon,PORTFOLIO,,,https://cdn.lapa.ninja/assets/images/1x/stephenhannon-thumb.jpg,https://www.lapa.ninja/post/stephenhannon/
Lapa Ninja (Post),Dust Moto,AUTOMOTIVE,,,https://cdn.lapa.ninja/assets/images/1x/dustmoto-thumb.jpg,https://www.lapa.ninja/post/dustmoto/
Lapa Ninja (Post),RIERA,STUDIO,,,https://cdn.lapa.ninja/assets/images/1x/rierastudio-thumb.jpg,https://www.lapa.ninja/post/rierastudio/
Lapa Ninja (Post),Racepoint,AGENCY,,,https://cdn.lapa.ninja/assets/images/1x/racepointglobal-thumb.jpg,https://www.lapa.ninja/post/racepointglobal/
Lapa Ninja (Post),Parable,VENTURES,,,https://cdn.lapa.ninja/assets/images/1x/parablevc-thumb.jpg,https://www.lapa.ninja/post/parablevc/
Lapa Ninja (Post),Nivedha Nirmal,PORTFOLIO,,,https://cdn.lapa.ninja/assets/images/1x/nivedhanirmal-thumb.jpg,https://www.lapa.ninja/post/nivedhanirmal/
Lapa Ninja (Post),Juice Agency,AGENCY,,,https://cdn.lapa.ninja/assets/images/1x/juice-agency-thumb.jpg,https://www.lapa.ninja/post/juice-agency/
Lapa Ninja (Post),Clearwater,HEALTH FITNESS,,,https://cdn.lapa.ninja/assets/images/1x/clearwater-thumb.jpg,https://www.lapa.ninja/post/clearwater/
Lapa Ninja (Post),BEINGS,CORPORATE,,,https://cdn.lapa.ninja/assets/images/1x/beings-thumb.jpg,https://www.lapa.ninja/post/beings/
Lapa Ninja (Post),TUX CREATIVE HOUSE,AGENCY,,,https://cdn.lapa.ninja/assets/images/1x/tux-thumb.jpg,https://www.lapa.ninja/post/tux/
Lapa Ninja (Post),The New Industrials,EDUCATION,,,https://cdn.lapa.ninja/assets/images/1x/thenewindustrials-thumb.jpg,https://www.lapa.ninja/post/thenewindustrials/
Lapa Ninja (Post),LINE OF SIGHT,FASHION,,,https://cdn.lapa.ninja/assets/images/1x/lineofsight-thumb.jpg,https://www.lapa.ninja/post/lineofsight/
Lapa Ninja (Post),Double Play,STUDIO,,,https://cdn.lapa.ninja/assets/images/1x/doubleplay-thumb.jpg,https://www.lapa.ninja/post/doubleplay/
Lapa Ninja (Post),Alter Geneva,FASHION,,,https://cdn.lapa.ninja/assets/images/1x/altergeneva-thumb.jpg,https://www.lapa.ninja/post/altergeneva/
Lapa Ninja (Post),Boring Industries,AGENCY,,,https://cdn.lapa.ninja/assets/images/1x/boring-industries-thumb.jpg,https://www.lapa.ninja/post/boring-industries/
Lapa Ninja (Post),Mike Kus,PORTFOLIO,,,https://cdn.lapa.ninja/assets/images/1x/mikekus-thumb.jpg,https://www.lapa.ninja/post/mikekus/
Lapa Ninja (Post),Superpower,HEALTH FITNESS,,,https://cdn.lapa.ninja/assets/images/1x/superpower-2-thumb.jpg,https://www.lapa.ninja/post/superpower-2/
Lapa Ninja (Post),Daniel Sun,PORTFOLIO,,,https://cdn.lapa.ninja/assets/images/1x/danielsun-3-thumb.jpg,https://www.lapa.ninja/post/danielsun-3/
Lapa Ninja (Post),Cobot,APP,,,https://cdn.lapa.ninja/assets/images/1x/cobot-thumb.jpg,https://www.lapa.ninja/post/cobot/
Lapa Ninja (Post),Vetric,SAAS,,,https://cdn.lapa.ninja/assets/images/1x/vetric-thumb.jpg,https://www.lapa.ninja/post/vetric/
Lapa Ninja (Post),Solflare,FINTECH,,,https://cdn.lapa.ninja/assets/images/1x/solflare-thumb.jpg,https://www.lapa.ninja/post/solflare/
Lapa Ninja (Post),Charm,DEVELOPMENT TOOLS,,,https://cdn.lapa.ninja/assets/images/1x/charm-thumb.jpg,https://www.lapa.ninja/post/charm/
Lapa Ninja (Post),Cluely,SAAS,,,https://cdn.lapa.ninja/assets/images/1x/cluely-thumb.jpg,https://www.lapa.ninja/post/cluely/
Lapa Ninja (Post),Headroom,SAAS,,,https://cdn.lapa.ninja/assets/images/1x/headroom-thumb.jpg,https://www.lapa.ninja/post/headroom/
Lapa Ninja (Post),Dream Recorder,HEALTH FITNESS,,,https://cdn.lapa.ninja/assets/images/1x/dreamrecorder-thumb.jpg,https://www.lapa.ninja/post/dreamrecorder/
Lapa Ninja (Post),Everest Systems,SOFTWARE,,,https://cdn.lapa.ninja/assets/images/1x/everest-systems-thumb.jpg,https://www.lapa.ninja/post/everest-systems/
Lapa Ninja (Post),Elevate,ILLUSTRATION,,,https://cdn.lapa.ninja/assets/images/1x/elevatehomescriptions-thumb.jpg,https://www.lapa.ninja/post/elevatehomescriptions/
Lapa Ninja (Post),Sebastian Curi,PORTFOLIO,,,https://cdn.lapa.ninja/assets/images/1x/sebastiancuri-thumb.jpg,https://www.lapa.ninja/post/sebastiancuri/
Lapa Ninja (Post),Dapper,AGENCY,,,https://cdn.lapa.ninja/assets/images/1x/dapper-thumb.jpg,https://www.lapa.ninja/post/dapper/
Lapa Ninja (Post),Fishwife,FOOD DRINKS,,,https://cdn.lapa.ninja/assets/images/1x/eatfishwife-2-thumb.jpg,https://www.lapa.ninja/post/eatfishwife-2/
Lapa Ninja (Post),REN,FOOD DRINKS,,,https://cdn.lapa.ninja/assets/images/1x/matcharen-thumb.jpg,https://www.lapa.ninja/post/matcharen/
Lapa Ninja (Post),Sarah Eisman Studio,FASHION,,,https://cdn.lapa.ninja/assets/images/1x/saraheismanstudio-thumb.jpg,https://www.lapa.ninja/post/saraheismanstudio/
Lapa Ninja (Post),Cyphr Studio,STUDIO,,,https://cdn.lapa.ninja/assets/images/1x/cyphr-studio-thumb.jpg,https://www.lapa.ninja/post/cyphr-studio/
Lapa Ninja (Post),Lottiefiles,DESIGN TOOLS,,,https://cdn.lapa.ninja/assets/images/1x/lottiefiles-thumb.jpg,https://www.lapa.ninja/post/lottiefiles/
Lapa Ninja (Post),Swehl,ECOMMERCE,,,https://cdn.lapa.ninja/assets/images/1x/swehl-thumb.jpg,https://www.lapa.ninja/post/swehl/
Lapa Ninja (Post),Web Design London,AGENCY,,,https://cdn.lapa.ninja/assets/images/1x/web-designlondon-thumb.jpg,https://www.lapa.ninja/post/web-designlondon/
Lapa Ninja (Post),Visual Domain,STUDIO,,,https://cdn.lapa.ninja/assets/images/1x/visualdomain-thumb.jpg,https://www.lapa.ninja/post/visualdomain/
Lapa Ninja (Post),Turn.io,APP,,,https://cdn.lapa.ninja/assets/images/1x/turn-thumb.jpg,https://www.lapa.ninja/post/turn/
Lapa Ninja (Post),SquadEasy,APP,,,https://cdn.lapa.ninja/assets/images/1x/squadeasy-2-thumb.jpg,https://www.lapa.ninja/post/squadeasy-2/
Lapa Ninja (Post),Posthuman Lab,FASHION,,,https://cdn.lapa.ninja/assets/images/1x/posthmnlab-thumb.jpg,https://www.lapa.ninja/post/posthmnlab/
Lapa Ninja (Post),Portrait,SAAS,,,https://cdn.lapa.ninja/assets/images/1x/portrait-thumb.jpg,https://www.lapa.ninja/post/portrait/
Lapa Ninja (Post),Muse Group,CORPORATE,,,https://cdn.lapa.ninja/assets/images/1x/muse-thumb.jpg,https://www.lapa.ninja/post/muse/
Lapa Ninja (Post),Figma,DESIGN TOOLS,,,https://cdn.lapa.ninja/assets/images/1x/figma-6-thumb.jpg,https://www.lapa.ninja/post/figma-6/
Lapa Ninja (Post),Douze,FOOD DRINKS,,,https://cdn.lapa.ninja/assets/images/1x/drinkdouze-thumb.jpg,https://www.lapa.ninja/post/drinkdouze/
Lapa Ninja (Post),Coinsetters,STUDIO,,,https://cdn.lapa.ninja/assets/images/1x/coinsetters-thumb.jpg,https://www.lapa.ninja/post/coinsetters/
Lapa Ninja (Post),Clutch Sercurity,SAAS,,,https://cdn.lapa.ninja/assets/images/1x/clutch-thumb.jpg,https://www.lapa.ninja/post/clutch/
Lapa Ninja (Post),Studio Chong,STUDIO,,,https://cdn.lapa.ninja/assets/images/1x/chong-studio-thumb.jpg,https://www.lapa.ninja/post/chong-studio/
Lapa Ninja (Post),Please Call Me Champ,STUDIO,,,https://cdn.lapa.ninja/assets/images/1x/pleasecallmechamp-thumb.jpg,https://www.lapa.ninja/post/pleasecallmechamp/
Lapa Ninja (Post),PlanetScale,DEVELOPMENT TOOLS,,,https://cdn.lapa.ninja/assets/images/1x/planetscale-3-thumb.jpg,https://www.lapa.ninja/post/planetscale-3/
Lapa Ninja (Post),Mainframe,TECHNOLOGY,,,https://cdn.lapa.ninja/assets/images/1x/mainframe-thumb.jpg,https://www.lapa.ninja/post/mainframe/
Lapa Ninja (Post),Clay Boan,PORTFOLIO,,,https://cdn.lapa.ninja/assets/images/1x/clayboan-2-thumb.jpg,https://www.lapa.ninja/post/clayboan-2/
Lapa Ninja (Post),F. MILLER,BEAUTY,,,https://cdn.lapa.ninja/assets/images/1x/fmillerskincare-2-thumb.jpg,https://www.lapa.ninja/post/fmillerskincare-2/
Lapa Ninja (Post),Hyperbolic,HARDWARE,,,https://cdn.lapa.ninja/assets/images/1x/hyperbolic-thumb.jpg,https://www.lapa.ninja/post/hyperbolic/
Lapa Ninja (Post),Reflection AI,ARTIFICIAL INTELLIGENCE,,,https://cdn.lapa.ninja/assets/images/1x/reflection-ai-thumb.jpg,https://www.lapa.ninja/post/reflection-ai/
Lapa Ninja (Post),Sol,WEARABLE,,,https://cdn.lapa.ninja/assets/images/1x/solreader-2-thumb.jpg,https://www.lapa.ninja/post/solreader-2/
Lapa Ninja (Post),Intents & Purposes,ECOMMERCE,,,https://cdn.lapa.ninja/assets/images/1x/intents-purposes-thumb.jpg,https://www.lapa.ninja/post/intents-purposes/
Lapa Ninja (Post),Haus,AGENCY,,,https://cdn.lapa.ninja/assets/images/1x/gohaus-thumb.jpg,https://www.lapa.ninja/post/gohaus/
Lapa Ninja (Post),Diego,PORTFOLIO,,,https://cdn.lapa.ninja/assets/images/1x/diegoliv-thumb.jpg,https://www.lapa.ninja/post/diegoliv/
Lapa Ninja (Post),Best Friend Finance,FINANCE,,,https://cdn.lapa.ninja/assets/images/1x/bestfriend-thumb.jpg,https://www.lapa.ninja/post/bestfriend/
Lapa Ninja (Post),Muse Studio,STUDIO,,,https://cdn.lapa.ninja/assets/images/1x/musestudio-thumb.jpg,https://www.lapa.ninja/post/musestudio/
Lapa Ninja (Post),Truus,AGENCY,,,https://cdn.lapa.ninja/assets/images/1x/truus-thumb.jpg,https://www.lapa.ninja/post/truus/
Lapa Ninja (Post),Speakeasy,DEVELOPMENT TOOLS,,,https://cdn.lapa.ninja/assets/images/1x/speakeasy-thumb.jpg,https://www.lapa.ninja/post/speakeasy/
Lapa Ninja (Post),Somefolk,AGENCY,,,https://cdn.lapa.ninja/assets/images/1x/somefolk-2-thumb.jpg,https://www.lapa.ninja/post/somefolk-2/
Lapa Ninja (Post),PRIMARY PAPER,PHOTOGRAPHY,,,https://cdn.lapa.ninja/assets/images/1x/primary-paper-thumb.jpg,https://www.lapa.ninja/post/primary-paper/
Lapa Ninja (Post),Devouring Details,EDUCATION,,,https://cdn.lapa.ninja/assets/images/1x/devouringdetails-thumb.jpg,https://www.lapa.ninja/post/devouringdetails/
Lapa Ninja (Post),Oscar Pecher,PORTFOLIO,,,https://cdn.lapa.ninja/assets/images/1x/oscarpecher-thumb.jpg,https://www.lapa.ninja/post/oscarpecher/
Lapa Ninja (Post),Gang,STUDIO,,,https://cdn.lapa.ninja/assets/images/1x/gang-tv-thumb.jpg,https://www.lapa.ninja/post/gang-tv/
Lapa Ninja (Post),No-Mercy,STUDIO,,,https://cdn.lapa.ninja/assets/images/1x/nomercy-thumb.jpg,https://www.lapa.ninja/post/nomercy/
Lapa Ninja (Post),Streamtime,PRODUCT MANAGEMENT,,,https://cdn.lapa.ninja/assets/images/1x/streamtime-thumb.jpg,https://www.lapa.ninja/post/streamtime/
Lapa Ninja (Post),Perplexity Comet,ARTIFICIAL INTELLIGENCE,,,https://cdn.lapa.ninja/assets/images/1x/perplexity-comet-thumb.jpg,https://www.lapa.ninja/post/perplexity-comet/
Lapa Ninja (Post),Example,AGENCY,,,https://cdn.lapa.ninja/assets/images/1x/weareexample-thumb.jpg,https://www.lapa.ninja/post/weareexample/
Lapa Ninja (Post),Storyboard Agency,AGENCY,,,https://cdn.lapa.ninja/assets/images/1x/storyboard-agency-thumb.jpg,https://www.lapa.ninja/post/storyboard-agency/
Lapa Ninja (Post),Daydream 1820,BEAUTY,,,https://cdn.lapa.ninja/assets/images/1x/daydream1820-thumb.jpg,https://www.lapa.ninja/post/daydream1820/
Lapa Ninja (Post),Unicorn.studio,DESIGN TOOLS,,,https://cdn.lapa.ninja/assets/images/1x/unicorn-2-thumb.jpg,https://www.lapa.ninja/post/unicorn-2/
Lapa Ninja (Post),All You Can,AGENCY,,,https://cdn.lapa.ninja/assets/images/1x/allyoucan-2-thumb.jpg,https://www.lapa.ninja/post/allyoucan-2/
Lapa Ninja (Post),Alone in New York,PHOTOGRAPHY,,,https://cdn.lapa.ninja/assets/images/1x/aloneinnewyork-thumb.jpg,https://www.lapa.ninja/post/aloneinnewyork/
Lapa Ninja (Post),Infinite Machine,AUTOMOTIVE,,,https://cdn.lapa.ninja/assets/images/1x/infinitemachine-2-thumb.jpg,https://www.lapa.ninja/post/infinitemachine-2/
Lapa Ninja (Post),Resend,SAAS,,,https://cdn.lapa.ninja/assets/images/1x/resend-2-thumb.jpg,https://www.lapa.ninja/post/resend-2/
Lapa Ninja (Post),Super Evil Genius Corp,AGENCY,,,https://cdn.lapa.ninja/assets/images/1x/superevilgeniuscorp-thumb.jpg,https://www.lapa.ninja/post/superevilgeniuscorp/
Lapa Ninja (Post),Design Beyond Barriers,EDUCATION,,,https://cdn.lapa.ninja/assets/images/1x/designbeyondbarriers-thumb.jpg,https://www.lapa.ninja/post/designbeyondbarriers/
Lapa Ninja (Post),Dia Browser,PRODUCTIVITY,,,https://cdn.lapa.ninja/assets/images/1x/diabrowser-thumb.jpg,https://www.lapa.ninja/post/diabrowser/
Lapa Ninja (Post),Detach,APP,,,https://cdn.lapa.ninja/assets/images/1x/detach-app-thumb.jpg,https://www.lapa.ninja/post/detach-app/
Lapa Ninja (Post),unwell,FOOD DRINKS,,,https://cdn.lapa.ninja/assets/images/1x/drinkunwell-thumb.jpg,https://www.lapa.ninja/post/drinkunwell/
Lapa Ninja (Post),Shelby,HOSTING,,,https://cdn.lapa.ninja/assets/images/1x/shelby-thumb.jpg,https://www.lapa.ninja/post/shelby/
Lapa Ninja (Post),Karim Saab,PORTFOLIO,,,https://cdn.lapa.ninja/assets/images/1x/karim-saab-thumb.jpg,https://www.lapa.ninja/post/karim-saab/
Lapa Ninja (Post),Jkane,PORTFOLIO,,,https://cdn.lapa.ninja/assets/images/1x/jkane-thumb.jpg,https://www.lapa.ninja/post/jkane/
Lapa Ninja (Post),@bitcoin,CRYPTOCURRENCY,,,https://cdn.lapa.ninja/assets/images/1x/atbitcoin-thumb.jpg,https://www.lapa.ninja/post/atbitcoin/
Lapa Ninja (Post),Adaline,ARTIFICIAL INTELLIGENCE,,,https://cdn.lapa.ninja/assets/images/1x/adaline-thumb.jpg,https://www.lapa.ninja/post/adaline/
Lapa Ninja (Post),Jasper,ARTIFICIAL INTELLIGENCE,,,https://cdn.lapa.ninja/assets/images/1x/jasper-2-thumb.jpg,https://www.lapa.ninja/post/jasper-2/
Lapa Ninja (Post),Bunsen Studio,STUDIO,,,https://cdn.lapa.ninja/assets/images/1x/bunsenstudio-3-thumb.jpg,https://www.lapa.ninja/post/bunsenstudio-3/
Lapa Ninja (Post),Visual Electric,ARTIFICIAL INTELLIGENCE,,,https://cdn.lapa.ninja/assets/images/1x/visualelectric-3-thumb.jpg,https://www.lapa.ninja/post/visualelectric-3/
Lapa Ninja (Post),Shed,AGENCY,,,https://cdn.lapa.ninja/assets/images/1x/shed-thumb.jpg,https://www.lapa.ninja/post/shed/
Lapa Ninja (Post),SuperHi.cv,BUSINESS,,,https://cdn.lapa.ninja/assets/images/1x/superhi-cv-thumb.jpg,https://www.lapa.ninja/post/superhi-cv/
Lapa Ninja (Post),Michael Brown,PORTFOLIO,,,https://cdn.lapa.ninja/assets/images/1x/mbrown-thumb.jpg,https://www.lapa.ninja/post/mbrown/
Lapa Ninja (Post),Dix Hectares,BEAUTY,,,https://cdn.lapa.ninja/assets/images/1x/dixhectares-thumb.jpg,https://www.lapa.ninja/post/dixhectares/
Lapa Ninja (Post),Emily Lonetto,PORTFOLIO,,,https://cdn.lapa.ninja/assets/images/1x/emilylonetto-thumb.jpg,https://www.lapa.ninja/post/emilylonetto/
Lapa Ninja (Post),ThreeTools,DESIGN TOOLS,,,https://cdn.lapa.ninja/assets/images/1x/three-tools-thumb.jpg,https://www.lapa.ninja/post/three-tools/
Lapa Ninja (Post),Fin,ARTIFICIAL INTELLIGENCE,,,https://cdn.lapa.ninja/assets/images/1x/fin-ai-thumb.jpg,https://www.lapa.ninja/post/fin-ai/
Lapa Ninja (Post),Radical Face,PORTFOLIO,,,https://cdn.lapa.ninja/assets/images/1x/radicalface-thumb.jpg,https://www.lapa.ninja/post/radicalface/
Lapa Ninja (Post),Jordan Rosenberg,PORTFOLIO,,,https://cdn.lapa.ninja/assets/images/1x/jordanrosenberg-thumb.jpg,https://www.lapa.ninja/post/jordanrosenberg/
Lapa Ninja (Post),Swift,DEVELOPMENT TOOLS,,,https://cdn.lapa.ninja/assets/images/1x/swift-thumb.jpg,https://www.lapa.ninja/post/swift/
Lapa Ninja (Post),kit:,BEAUTY,,,https://cdn.lapa.ninja/assets/images/1x/kitskinkind-thumb.jpg,https://www.lapa.ninja/post/kitskinkind/
Lapa Ninja (Post),Ngan Nguyen,PORTFOLIO,,,https://cdn.lapa.ninja/assets/images/1x/ngan-nguyen-thumb.jpg,https://www.lapa.ninja/post/ngan-nguyen/
Lapa Ninja (Post),Altitude Beverages,FOOD DRINKS,,,https://cdn.lapa.ninja/assets/images/1x/altitudebev-thumb.jpg,https://www.lapa.ninja/post/altitudebev/
Lapa Ninja (Post),Level Money,DEFI,,,https://cdn.lapa.ninja/assets/images/1x/level-money-thumb.jpg,https://www.lapa.ninja/post/level-money/
Lapa Ninja (Post),MakeReign,AGENCY,,,https://cdn.lapa.ninja/assets/images/1x/makereign-thumb.jpg,https://www.lapa.ninja/post/makereign/
Lapa Ninja (Post),OVNA OVICH,FASHION,,,https://cdn.lapa.ninja/assets/images/1x/ovnaovich-thumb.jpg,https://www.lapa.ninja/post/ovnaovich/
Lapa Ninja (Post),ONBOX,STUDIO,,,https://cdn.lapa.ninja/assets/images/1x/onboxcreative-thumb.jpg,https://www.lapa.ninja/post/onboxcreative/
Lapa Ninja (Post),TERMS,STUDIO,,,https://cdn.lapa.ninja/assets/images/1x/terms-thumb.jpg,https://www.lapa.ninja/post/terms/
Lapa Ninja (Post),AWE,ARTIFICIAL INTELLIGENCE,,,https://cdn.lapa.ninja/assets/images/1x/awenetwork-thumb.jpg,https://www.lapa.ninja/post/awenetwork/
Lapa Ninja (Post),Defiant,VENTURES,,,https://cdn.lapa.ninja/assets/images/1x/defiant-thumb.jpg,https://www.lapa.ninja/post/defiant/
Lapa Ninja (Post),Made With Gsap,DESIGN TOOLS,,,https://cdn.lapa.ninja/assets/images/1x/madewithgsap-thumb.jpg,https://www.lapa.ninja/post/madewithgsap/
Lapa Ninja (Post),Lué Studio,STUDIO,,,https://cdn.lapa.ninja/assets/images/1x/lue-thumb.jpg,https://www.lapa.ninja/post/lue/
Lapa Ninja (Post),Yolanta Birkhane,PHOTOGRAPHY,,,https://cdn.lapa.ninja/assets/images/1x/yolantabirkhane-thumb.jpg,https://www.lapa.ninja/post/yolantabirkhane/
Lapa Ninja (Post),Blackalgo,CRYPTOCURRENCY,,,https://cdn.lapa.ninja/assets/images/1x/blackalgo-thumb.jpg,https://www.lapa.ninja/post/blackalgo/
Lapa Ninja (Post),STEL,FASHION,,,https://cdn.lapa.ninja/assets/images/1x/stelstores-thumb.jpg,https://www.lapa.ninja/post/stelstores/
Lapa Ninja (Post),Letters,SAAS,,,https://cdn.lapa.ninja/assets/images/1x/letters-thumb.jpg,https://www.lapa.ninja/post/letters/
Lapa Ninja (Post),The Variable,AGENCY,,,https://cdn.lapa.ninja/assets/images/1x/thevariable-thumb.jpg,https://www.lapa.ninja/post/thevariable/
Lapa Ninja (Post),247PLUS,AGENCY,,,https://cdn.lapa.ninja/assets/images/1x/247plus-thumb.jpg,https://www.lapa.ninja/post/247plus/
Lapa Ninja (Post),Molly,STUDIO,,,https://cdn.lapa.ninja/assets/images/1x/molly-studio-thumb.jpg,https://www.lapa.ninja/post/molly-studio/
Lapa Ninja (Post),Drop,DEFI,,,https://cdn.lapa.ninja/assets/images/1x/drop-thumb.jpg,https://www.lapa.ninja/post/drop/
Lapa Ninja (Post),Wildy Riftian,PORTFOLIO,,,https://cdn.lapa.ninja/assets/images/1x/wildyriftian-thumb.jpg,https://www.lapa.ninja/post/wildyriftian/
Lapa Ninja (Post),Studio Three,STUDIO,,,https://cdn.lapa.ninja/assets/images/1x/three-studio-thumb.jpg,https://www.lapa.ninja/post/three-studio/
Lapa Ninja (Post),Meet Your Legend,COMMUNITY,,,https://cdn.lapa.ninja/assets/images/1x/meetyourlegend-thumb.jpg,https://www.lapa.ninja/post/meetyourlegend/
Lapa Ninja (Post),Face Formula,BEAUTY,,,https://cdn.lapa.ninja/assets/images/1x/faceformula-thumb.jpg,https://www.lapa.ninja/post/faceformula/
Lapa Ninja (Post),Coercive Control,EDUCATION,,,https://cdn.lapa.ninja/assets/images/1x/coercive-control-thumb.jpg,https://www.lapa.ninja/post/coercive-control/
Lapa Ninja (Post),Reform Collective,AGENCY,,,https://cdn.lapa.ninja/assets/images/1x/reformcollective-4-thumb.jpg,https://www.lapa.ninja/post/reformcollective-4/
Lapa Ninja (Post),Chicago Kare,TYPOGRAPHY,,,https://cdn.lapa.ninja/assets/images/1x/chicagokare-thumb.jpg,https://www.lapa.ninja/post/chicagokare/
Lapa Ninja (Post),LEOLEO Studio,STUDIO,,,https://cdn.lapa.ninja/assets/images/1x/leoleo-studio-2-thumb.jpg,https://www.lapa.ninja/post/leoleo-studio-2/
Lapa Ninja (Post),Seasoned,FOOD DRINKS,,,https://cdn.lapa.ninja/assets/images/1x/seasoned-thumb.jpg,https://www.lapa.ninja/post/seasoned/
Lapa Ninja (Post),Kindsight,TECHNOLOGY,,,https://cdn.lapa.ninja/assets/images/1x/kindsight-thumb.jpg,https://www.lapa.ninja/post/kindsight/
Lapa Ninja (Post),Astral Frontier,ILLUSTRATION,,,https://cdn.lapa.ninja/assets/images/1x/theastralfrontier-thumb.jpg,https://www.lapa.ninja/post/theastralfrontier/
Lapa Ninja (Post),FLORA,DESIGN TOOLS,,,https://cdn.lapa.ninja/assets/images/1x/florafauna-thumb.jpg,https://www.lapa.ninja/post/florafauna/
Lapa Ninja (Post),Firebase Studio,DEVELOPMENT TOOLS,,,https://cdn.lapa.ninja/assets/images/1x/firebase-2-thumb.jpg,https://www.lapa.ninja/post/firebase-2/
Lapa Ninja (Post),Charlie Osborne,PORTFOLIO,,,https://cdn.lapa.ninja/assets/images/1x/charlieosborne-2-thumb.jpg,https://www.lapa.ninja/post/charlieosborne-2/
Lapa Ninja (Post),Ranlus,STUDIO,,,https://cdn.lapa.ninja/assets/images/1x/ranlus-thumb.jpg,https://www.lapa.ninja/post/ranlus/
Lapa Ninja (Post),Mallard & Claret,AGENCY,,,https://cdn.lapa.ninja/assets/images/1x/mallardandclaret-thumb.jpg,https://www.lapa.ninja/post/mallardandclaret/
Lapa Ninja (Post),Jules,ARTIFICIAL INTELLIGENCE,,,https://cdn.lapa.ninja/assets/images/1x/jules-thumb.jpg,https://www.lapa.ninja/post/jules/
Lapa Ninja (Post),Jack McDade,PORTFOLIO,,,https://cdn.lapa.ninja/assets/images/1x/jackmcdade-thumb.jpg,https://www.lapa.ninja/post/jackmcdade/
Lapa Ninja (Post),Flow,ARTIFICIAL INTELLIGENCE,,,https://cdn.lapa.ninja/assets/images/1x/google-flow-thumb.jpg,https://www.lapa.ninja/post/google-flow/
Lapa Ninja (Post),dola,FASHION,,,https://cdn.lapa.ninja/assets/images/1x/thedola-thumb.jpg,https://www.lapa.ninja/post/thedola/
Lapa Ninja (Post),Distributional,ARTIFICIAL INTELLIGENCE,,,https://cdn.lapa.ninja/assets/images/1x/distributional-thumb.jpg,https://www.lapa.ninja/post/distributional/
Lapa Ninja (Post),JIDDO,FOOD DRINKS,,,https://cdn.lapa.ninja/assets/images/1x/jiddo-thumb.jpg,https://www.lapa.ninja/post/jiddo/
Lapa Ninja (Post),General Proximity,HEALTH FITNESS,,,https://cdn.lapa.ninja/assets/images/1x/generalproximity-thumb.jpg,https://www.lapa.ninja/post/generalproximity/
Lapa Ninja (Post),Moti,APP,,,https://cdn.lapa.ninja/assets/images/1x/motiapp-thumb.jpg,https://www.lapa.ninja/post/motiapp/
Lapa Ninja (Post),Doğukan Karapınar,PORTFOLIO,,,https://cdn.lapa.ninja/assets/images/1x/doughkan-thumb.jpg,https://www.lapa.ninja/post/doughkan/
Lapa Ninja (Post),Joi Planner,APP,,,https://cdn.lapa.ninja/assets/images/1x/joi-thumb.jpg,https://www.lapa.ninja/post/joi/
Lapa Ninja (Post),Cassette,MUSIC,,,https://cdn.lapa.ninja/assets/images/1x/cassettemusic-thumb.jpg,https://www.lapa.ninja/post/cassettemusic/
Lapa Ninja (Post),Amaterasu,HEALTH FITNESS,,,https://cdn.lapa.ninja/assets/images/1x/amaterasu-thumb.jpg,https://www.lapa.ninja/post/amaterasu/
Lapa Ninja (Post),Onboard,FINTECH,,,https://cdn.lapa.ninja/assets/images/1x/onboard-thumb.jpg,https://www.lapa.ninja/post/onboard/
Lapa Ninja (Post),STUDIO HERRSTRÖM,STUDIO,,,https://cdn.lapa.ninja/assets/images/1x/studioherrstrom-2-thumb.jpg,https://www.lapa.ninja/post/studioherrstrom-2/
Lapa Ninja (Post),Daniella Marynov,PORTFOLIO,,,https://cdn.lapa.ninja/assets/images/1x/hellodani-thumb.jpg,https://www.lapa.ninja/post/hellodani/
Lapa Ninja (Post),SVZ,STUDIO,,,https://cdn.lapa.ninja/assets/images/1x/svz-2-thumb.jpg,https://www.lapa.ninja/post/svz-2/
Lapa Ninja (Post),YOU=US,CORPORATE,,,https://cdn.lapa.ninja/assets/images/1x/destigmatize-thumb.jpg,https://www.lapa.ninja/post/destigmatize/
Lapa Ninja (Post),Bisou Gallery,ART,,,https://cdn.lapa.ninja/assets/images/1x/bisougallery-thumb.jpg,https://www.lapa.ninja/post/bisougallery/
Lapa Ninja (Post),Ada,ARTIFICIAL INTELLIGENCE,,,https://cdn.lapa.ninja/assets/images/1x/ada-thumb.jpg,https://www.lapa.ninja/post/ada/
Lapa Ninja (Post),Fine Thought,PORTFOLIO,,,https://cdn.lapa.ninja/assets/images/1x/finethought-thumb.jpg,https://www.lapa.ninja/post/finethought/
Lapa Ninja (Post),Your Creative,AGENCY,,,https://cdn.lapa.ninja/assets/images/1x/yourcreative-thumb.jpg,https://www.lapa.ninja/post/yourcreative/
Lapa Ninja (Post),Amelia Wattenberger,PORTFOLIO,,,https://cdn.lapa.ninja/assets/images/1x/wattenberger-2-thumb.jpg,https://www.lapa.ninja/post/wattenberger-2/
Lapa Ninja (Post),Clue Perfumery,BEAUTY,,,https://cdn.lapa.ninja/assets/images/1x/clueperfumery-thumb.jpg,https://www.lapa.ninja/post/clueperfumery/
Lapa Ninja (Post),Slite,ARTIFICIAL INTELLIGENCE,,,https://cdn.lapa.ninja/assets/images/1x/slite-7-thumb.jpg,https://www.lapa.ninja/post/slite-7/
Lapa Ninja (Post),Devin,ARTIFICIAL INTELLIGENCE,,,https://cdn.lapa.ninja/assets/images/1x/devin-thumb.jpg,https://www.lapa.ninja/post/devin/
Lapa Ninja (Post),Mesh Architects,ARCHITECTURE,,,https://cdn.lapa.ninja/assets/images/1x/mesharchitects-thumb.jpg,https://www.lapa.ninja/post/mesharchitects/
Lapa Ninja (Post),Glow Finance,DEFI,,,https://cdn.lapa.ninja/assets/images/1x/glowfinance-thumb.jpg,https://www.lapa.ninja/post/glowfinance/
Lapa Ninja (Post),Hugo Baron,PORTFOLIO,,,https://cdn.lapa.ninja/assets/images/1x/nuageboi-thumb.jpg,https://www.lapa.ninja/post/nuageboi/
Lapa Ninja (Post),Lightship,AUTOMOTIVE,,,https://cdn.lapa.ninja/assets/images/1x/lightshiprv-thumb.jpg,https://www.lapa.ninja/post/lightshiprv/
Lapa Ninja (Post),Midlife Engineering,HARDWARE,,,https://cdn.lapa.ninja/assets/images/1x/midlife-engineering-thumb.jpg,https://www.lapa.ninja/post/midlife-engineering/
Lapa Ninja (Post),Valio Con 2025,EVENT,,,https://cdn.lapa.ninja/assets/images/1x/valiocon-thumb.jpg,https://www.lapa.ninja/post/valiocon/
Lapa Ninja (Post),SOMAREALITY,HEALTH FITNESS,,,https://cdn.lapa.ninja/assets/images/1x/somareality-thumb.jpg,https://www.lapa.ninja/post/somareality/
Lapa Ninja (Post),WØRKS,AGENCY,,,https://cdn.lapa.ninja/assets/images/1x/works-studio-2-thumb.jpg,https://www.lapa.ninja/post/works-studio-2/
Lapa Ninja (Post),Bulletproof,AGENCY,,,https://cdn.lapa.ninja/assets/images/1x/wearebulletproof-2-thumb.jpg,https://www.lapa.ninja/post/wearebulletproof-2/
Lapa Ninja (Post),DocTocToc,HEALTH FITNESS,,,https://cdn.lapa.ninja/assets/images/1x/doctoctoc-thumb.jpg,https://www.lapa.ninja/post/doctoctoc/
Lapa Ninja (Post),Eva Sánchez,PORTFOLIO,,,https://cdn.lapa.ninja/assets/images/1x/evasanchez-thumb.jpg,https://www.lapa.ninja/post/evasanchez/
Lapa Ninja (Post),Tomas Kmet,PORTFOLIO,,,https://cdn.lapa.ninja/assets/images/1x/tomaskmet-thumb.jpg,https://www.lapa.ninja/post/tomaskmet/
Lapa Ninja (Post),3200 Kelvin,STUDIO,,,https://cdn.lapa.ninja/assets/images/1x/3200kelvin-thumb.jpg,https://www.lapa.ninja/post/3200kelvin/
Lapa Ninja (Post),Helmut Agency,AGENCY,,,https://cdn.lapa.ninja/assets/images/1x/helmutagency-thumb.jpg,https://www.lapa.ninja/post/helmutagency/
Lapa Ninja (Post),Atoll Digital,AGENCY,,,https://cdn.lapa.ninja/assets/images/1x/atolldigital-thumb.jpg,https://www.lapa.ninja/post/atolldigital/
Lapa Ninja (Post),Matre,HOME LIVING,,,https://cdn.lapa.ninja/assets/images/1x/matre-thumb.jpg,https://www.lapa.ninja/post/matre/
Lapa Ninja (Post),Infinite Machine,ECOMMERCE,,,https://cdn.lapa.ninja/assets/images/1x/infinitemachine-thumb.jpg,https://www.lapa.ninja/post/infinitemachine/
Lapa Ninja (Post),Rabbits Black,AGENCY,,,https://cdn.lapa.ninja/assets/images/1x/rabbitsblack-thumb.jpg,https://www.lapa.ninja/post/rabbitsblack/
Lapa Ninja (Post),Mews FM,EVENT,,,https://cdn.lapa.ninja/assets/images/1x/mews-fm-thumb.jpg,https://www.lapa.ninja/post/mews-fm/
Lapa Ninja (Post),Sunny Bonnell,PORTFOLIO,,,https://cdn.lapa.ninja/assets/images/1x/sunnybonnell-thumb.jpg,https://www.lapa.ninja/post/sunnybonnell/
Lapa Ninja (Post),State of AI Agents,EDUCATION,,,https://cdn.lapa.ninja/assets/images/1x/state-of-ai-agents-thumb.jpg,https://www.lapa.ninja/post/state-of-ai-agents/
Lapa Ninja (Post),Pop Site,SAAS,,,https://cdn.lapa.ninja/assets/images/1x/pop-site-thumb.jpg,https://www.lapa.ninja/post/pop-site/
Lapa Ninja (Post),Drewl,AGENCY,,,https://cdn.lapa.ninja/assets/images/1x/drewl-thumb.jpg,https://www.lapa.ninja/post/drewl/
Lapa Ninja (Post),Clear Street,FINANCE,,,https://cdn.lapa.ninja/assets/images/1x/clearstreet-thumb.jpg,https://www.lapa.ninja/post/clearstreet/
Lapa Ninja (Post),CRI,FURNITURE INTERIORS,,,https://cdn.lapa.ninja/assets/images/1x/cri-sf-thumb.jpg,https://www.lapa.ninja/post/cri-sf/
Lapa Ninja (Post),Ko-fi,FINTECH,,,https://cdn.lapa.ninja/assets/images/1x/ko-fi-3-thumb.jpg,https://www.lapa.ninja/post/ko-fi-3/
Lapa Ninja (Post),Emre Kayganaci,PORTFOLIO,,,https://cdn.lapa.ninja/assets/images/1x/emrekayganaci-2-thumb.jpg,https://www.lapa.ninja/post/emrekayganaci-2/
Lapa Ninja (Post),Voicenotes,APP,,,https://cdn.lapa.ninja/assets/images/1x/voicenotes-thumb.jpg,https://www.lapa.ninja/post/voicenotes/
Lapa Ninja (Post),Viewport,DESIGN TOOLS,,,https://cdn.lapa.ninja/assets/images/1x/viewport-thumb.jpg,https://www.lapa.ninja/post/viewport/
Lapa Ninja (Post),Casa Lunara,FASHION,,,https://cdn.lapa.ninja/assets/images/1x/casa-lunara-thumb.jpg,https://www.lapa.ninja/post/casa-lunara/
Lapa Ninja (Post),Caldera,CRYPTOCURRENCY,,,https://cdn.lapa.ninja/assets/images/1x/caldera-thumb.jpg,https://www.lapa.ninja/post/caldera/
Lapa Ninja (Post),Amie,PRODUCTIVITY,,,https://cdn.lapa.ninja/assets/images/1x/amie-3-thumb.jpg,https://www.lapa.ninja/post/amie-3/
Lapa Ninja (Post),Pizzatoits,BUSINESS,,,https://cdn.lapa.ninja/assets/images/1x/pizzatoits-thumb.jpg,https://www.lapa.ninja/post/pizzatoits/
Lapa Ninja (Post),Gamma,ARTIFICIAL INTELLIGENCE,,,https://cdn.lapa.ninja/assets/images/1x/gamma-2-thumb.jpg,https://www.lapa.ninja/post/gamma-2/
Lapa Ninja (Post),M.Fisher,PORTFOLIO,,,https://cdn.lapa.ninja/assets/images/1x/mfisher-3-thumb.jpg,https://www.lapa.ninja/post/mfisher-3/
Lapa Ninja (Post),Yummygum,AGENCY,,,https://cdn.lapa.ninja/assets/images/1x/yummygum-3-thumb.jpg,https://www.lapa.ninja/post/yummygum-3/
Lapa Ninja (Post),Jitter,DESIGN TOOLS,,,https://cdn.lapa.ninja/assets/images/1x/jitter-2-thumb.jpg,https://www.lapa.ninja/post/jitter-2/
Lapa Ninja (Post),Purpose Talent,ILLUSTRATION,,,https://cdn.lapa.ninja/assets/images/1x/purposetalent-thumb.jpg,https://www.lapa.ninja/post/purposetalent/
Lapa Ninja (Post),Odinaut,FREELANCE,,,https://cdn.lapa.ninja/assets/images/1x/odinaut-thumb.jpg,https://www.lapa.ninja/post/odinaut/
Lapa Ninja (Post),Heyo,AGENCY,,,https://cdn.lapa.ninja/assets/images/1x/heyo-2-thumb.jpg,https://www.lapa.ninja/post/heyo-2/
Lapa Ninja (Post),GRAPHICHUNTERS,STUDIO,,,https://cdn.lapa.ninja/assets/images/1x/graphichunters-thumb.jpg,https://www.lapa.ninja/post/graphichunters/
Lapa Ninja (Post),BOND,CORPORATE,,,https://cdn.lapa.ninja/assets/images/1x/thisisbond-thumb.jpg,https://www.lapa.ninja/post/thisisbond/
Lapa Ninja (Post),Heynds,SAAS,,,https://cdn.lapa.ninja/assets/images/1x/heynds-thumb.jpg,https://www.lapa.ninja/post/heynds/
Lapa Ninja (Post),Micro,SAAS,,,https://cdn.lapa.ninja/assets/images/1x/micro-thumb.jpg,https://www.lapa.ninja/post/micro/
Lapa Ninja (Post),From Scratch,STUDIO,,,https://cdn.lapa.ninja/assets/images/1x/fromscratch-thumb.jpg,https://www.lapa.ninja/post/fromscratch/
Lapa Ninja (Post),Diana's Seafood,FOOD DRINKS,,,https://cdn.lapa.ninja/assets/images/1x/dianasseafood-thumb.jpg,https://www.lapa.ninja/post/dianasseafood/
Lapa Ninja (Post),Entreautre,AGENCY,,,https://cdn.lapa.ninja/assets/images/1x/entreautre-thumb.jpg,https://www.lapa.ninja/post/entreautre/
Lapa Ninja (Post),Oleg Coada,PORTFOLIO,,,https://cdn.lapa.ninja/assets/images/1x/olegcoada-thumb.jpg,https://www.lapa.ninja/post/olegcoada/
Lapa Ninja (Post),Magical Toys,ECOMMERCE,,,https://cdn.lapa.ninja/assets/images/1x/magicaltoys-thumb.jpg,https://www.lapa.ninja/post/magicaltoys/
Lapa Ninja (Post),Sublime,PRODUCTIVITY,,,https://cdn.lapa.ninja/assets/images/1x/sublime-thumb.jpg,https://www.lapa.ninja/post/sublime/
Lapa Ninja (Post),TrueKind,BEAUTY,,,https://cdn.lapa.ninja/assets/images/1x/truekindskincare-thumb.jpg,https://www.lapa.ninja/post/truekindskincare/
Lapa Ninja (Post),Cap,SAAS,,,https://cdn.lapa.ninja/assets/images/1x/cap-2-thumb.jpg,https://www.lapa.ninja/post/cap-2/
Lapa Ninja (Post),makeover,STUDIO,,,https://cdn.lapa.ninja/assets/images/1x/makeover-thumb.jpg,https://www.lapa.ninja/post/makeover/
Lapa Ninja (Post),Trawelt,BUSINESS,,,https://cdn.lapa.ninja/assets/images/1x/trawelt-thumb.jpg,https://www.lapa.ninja/post/trawelt/
Lapa Ninja (Post),The Playa,BUSINESS,,,https://cdn.lapa.ninja/assets/images/1x/theplaya-thumb.jpg,https://www.lapa.ninja/post/theplaya/
Lapa Ninja (Post),J-Vers,3D WEBSITES,,,https://cdn.lapa.ninja/assets/images/1x/j-vers-thumb.jpg,https://www.lapa.ninja/post/j-vers/
Lapa Ninja (Post),Proper Prompts,ARTIFICIAL INTELLIGENCE,,,https://cdn.lapa.ninja/assets/images/1x/properprompts-thumb.jpg,https://www.lapa.ninja/post/properprompts/
Lapa Ninja (Post),Gander,STUDIO,,,https://cdn.lapa.ninja/assets/images/1x/takeagander-thumb.jpg,https://www.lapa.ninja/post/takeagander/
Lapa Ninja (Post),Fishs Eddy,FOOD DRINKS,,,https://cdn.lapa.ninja/assets/images/1x/fishseddy-thumb.jpg,https://www.lapa.ninja/post/fishseddy/
Lapa Ninja (Post),Matthieu Renaut,PORTFOLIO,,,https://cdn.lapa.ninja/assets/images/1x/matthieurenaut-thumb.jpg,https://www.lapa.ninja/post/matthieurenaut/
Lapa Ninja (Post),Daybreak Studio,STUDIO,,,https://cdn.lapa.ninja/assets/images/1x/daybreak-2-thumb.jpg,https://www.lapa.ninja/post/daybreak-2/
Lapa Ninja (Post),Lumen Artspace,CULTURE,,,https://cdn.lapa.ninja/assets/images/1x/lumenartspace-thumb.jpg,https://www.lapa.ninja/post/lumenartspace/
Lapa Ninja (Post),Cloudflare Agents,ARTIFICIAL INTELLIGENCE,,,https://cdn.lapa.ninja/assets/images/1x/cloudflare-agents-thumb.jpg,https://www.lapa.ninja/post/cloudflare-agents/
Lapa Ninja (Post),REJOUICE,AGENCY,,,https://cdn.lapa.ninja/assets/images/1x/rejouice-3-thumb.jpg,https://www.lapa.ninja/post/rejouice-3/
Lapa Ninja (Post),Scribe,HEALTH FITNESS,,,https://cdn.lapa.ninja/assets/images/1x/scribetx-thumb.jpg,https://www.lapa.ninja/post/scribetx/
Lapa Ninja (Post),Vapi,ARTIFICIAL INTELLIGENCE,,,https://cdn.lapa.ninja/assets/images/1x/vapi-thumb.jpg,https://www.lapa.ninja/post/vapi/
Lapa Ninja (Post),Jack’s Best,ECOMMERCE,,,https://cdn.lapa.ninja/assets/images/1x/jacksbest-thumb.jpg,https://www.lapa.ninja/post/jacksbest/
Lapa Ninja (Post),TIWD,EDUCATION,,,https://cdn.lapa.ninja/assets/images/1x/tiwd-thumb.jpg,https://www.lapa.ninja/post/tiwd/
Lapa Ninja (Post),Deta Surf,PRODUCTIVITY,,,https://cdn.lapa.ninja/assets/images/1x/deta-thumb.jpg,https://www.lapa.ninja/post/deta/
Lapa Ninja (Post),theprocess,PORTFOLIO,,,https://cdn.lapa.ninja/assets/images/1x/carlhauser-2-thumb.jpg,https://www.lapa.ninja/post/carlhauser-2/
Lapa Ninja (Post),Irys,BLOCKCHAIN,,,https://cdn.lapa.ninja/assets/images/1x/irys-thumb.jpg,https://www.lapa.ninja/post/irys/
Lapa Ninja (Post),La Petite Jumelle,PRODUCT,,,https://cdn.lapa.ninja/assets/images/1x/lapetitejumelle-thumb.jpg,https://www.lapa.ninja/post/lapetitejumelle/
Lapa Ninja (Post),OFF MENU,AGENCY,,,https://cdn.lapa.ninja/assets/images/1x/offmenu-2-thumb.jpg,https://www.lapa.ninja/post/offmenu-2/
Lapa Ninja (Post),Freewrite Valentine,HARDWARE,,,https://cdn.lapa.ninja/assets/images/1x/getfreewrite-thumb.jpg,https://www.lapa.ninja/post/getfreewrite/
Lapa Ninja (Post),Oliver Gareis,PORTFOLIO,,,https://cdn.lapa.ninja/assets/images/1x/olivergareis-thumb.jpg,https://www.lapa.ninja/post/olivergareis/
Lapa Ninja (Post),Luma AI,ARTIFICIAL INTELLIGENCE,,,https://cdn.lapa.ninja/assets/images/1x/lumalabs-thumb.jpg,https://www.lapa.ninja/post/lumalabs/
Lapa Ninja (Post),Toca Boca,GAME,,,https://cdn.lapa.ninja/assets/images/1x/tocaboca-thumb.jpg,https://www.lapa.ninja/post/tocaboca/
Lapa Ninja (Post),Elegant Seagulls,AGENCY,,,https://cdn.lapa.ninja/assets/images/1x/elegantseagulls-3-thumb.jpg,https://www.lapa.ninja/post/elegantseagulls-3/
Lapa Ninja (Post),BATCH,FILM,,,https://cdn.lapa.ninja/assets/images/1x/batch-thumb.jpg,https://www.lapa.ninja/post/batch/
Lapa Ninja (Post),Acctual,SAAS,,,https://cdn.lapa.ninja/assets/images/1x/acctual-2-thumb.jpg,https://www.lapa.ninja/post/acctual-2/
Lapa Ninja (Post),Manuel Tocanne,PORTFOLIO,,,https://cdn.lapa.ninja/assets/images/1x/manueltocanne-thumb.jpg,https://www.lapa.ninja/post/manueltocanne/
Lapa Ninja (Post),MEK.txt,PORTFOLIO,,,https://cdn.lapa.ninja/assets/images/1x/mek-thumb.jpg,https://www.lapa.ninja/post/mek/
Lapa Ninja (Post),THE1,ARCHITECTURE,,,https://cdn.lapa.ninja/assets/images/1x/the1-thumb.jpg,https://www.lapa.ninja/post/the1/
Lapa Ninja (Post),Portal,AGENCY,,,https://cdn.lapa.ninja/assets/images/1x/portal-thumb.jpg,https://www.lapa.ninja/post/portal/
Lapa Ninja (Post),Default,SAAS,,,https://cdn.lapa.ninja/assets/images/1x/default-thumb.jpg,https://www.lapa.ninja/post/default/
Lapa Ninja (Post),Obscura VPN,SAAS,,,https://cdn.lapa.ninja/assets/images/1x/obscura-thumb.jpg,https://www.lapa.ninja/post/obscura/
Lapa Ninja (Post),BLOOM.,AGENCY,,,https://cdn.lapa.ninja/assets/images/1x/bloomparis-thumb.jpg,https://www.lapa.ninja/post/bloomparis/
Lapa Ninja (Post),Maeve Chocolate,ECOMMERCE,,,https://cdn.lapa.ninja/assets/images/1x/maevechocolate-thumb.jpg,https://www.lapa.ninja/post/maevechocolate/
Lapa Ninja (Post),Cortical Labs,HARDWARE,,,https://cdn.lapa.ninja/assets/images/1x/corticallabs-thumb.jpg,https://www.lapa.ninja/post/corticallabs/
Lapa Ninja (Post),Crappy Presentation,AGENCY,,,https://cdn.lapa.ninja/assets/images/1x/crappypresentations-thumb.jpg,https://www.lapa.ninja/post/crappypresentations/
Lapa Ninja (Post),Edu Carrillo,PORTFOLIO,,,https://cdn.lapa.ninja/assets/images/1x/educarrillo-thumb.jpg,https://www.lapa.ninja/post/educarrillo/
Lapa Ninja (Post),Clay,SAAS,,,https://cdn.lapa.ninja/assets/images/1x/clay-com-2-thumb.jpg,https://www.lapa.ninja/post/clay-com-2/
Lapa Ninja (Post),TOBACCO Theater,ENTERTAINMENT,,,https://cdn.lapa.ninja/assets/images/1x/tobaccotheater-thumb.jpg,https://www.lapa.ninja/post/tobaccotheater/
Lapa Ninja (Post),Photoncycle,HOME LIVING,,,https://cdn.lapa.ninja/assets/images/1x/photoncycle-thumb.jpg,https://www.lapa.ninja/post/photoncycle/
Lapa Ninja (Post),Eclo Beauty,BEAUTY,,,https://cdn.lapa.ninja/assets/images/1x/eclobeauty-thumb.jpg,https://www.lapa.ninja/post/eclobeauty/
Lapa Ninja (Post),Tripletta,FOOD DRINKS,,,https://cdn.lapa.ninja/assets/images/1x/triplettapizza-thumb.jpg,https://www.lapa.ninja/post/triplettapizza/
Lapa Ninja (Post),ERLY,BEAUTY,,,https://cdn.lapa.ninja/assets/images/1x/itserly-thumb.jpg,https://www.lapa.ninja/post/itserly/
Lapa Ninja (Post),Paper Design,DESIGN TOOLS,,,https://cdn.lapa.ninja/assets/images/1x/paper-design-thumb.jpg,https://www.lapa.ninja/post/paper-design/
Lapa Ninja (Post),McALPINE,HOME LIVING,,,https://cdn.lapa.ninja/assets/images/1x/mcalpinehouse-thumb.jpg,https://www.lapa.ninja/post/mcalpinehouse/
Lapa Ninja (Post),Making Software,EDUCATION,,,https://cdn.lapa.ninja/assets/images/1x/makingsoftware-thumb.jpg,https://www.lapa.ninja/post/makingsoftware/
Lapa Ninja (Post),The Banshies,MUSIC,,,https://cdn.lapa.ninja/assets/images/1x/thebanshies-thumb.jpg,https://www.lapa.ninja/post/thebanshies/
Lapa Ninja (Post),Rocco Barbaro,PORTFOLIO,,,https://cdn.lapa.ninja/assets/images/1x/roccobarbaro-thumb.jpg,https://www.lapa.ninja/post/roccobarbaro/
Lapa Ninja (Post),Zenwood,STUDIO,,,https://cdn.lapa.ninja/assets/images/1x/zenwood-thumb.jpg,https://www.lapa.ninja/post/zenwood/
Lapa Ninja (Post),Mees Verberne,PORTFOLIO,,,https://cdn.lapa.ninja/assets/images/1x/meesverberne-thumb.jpg,https://www.lapa.ninja/post/meesverberne/
Lapa Ninja (Post),Color Monkey,OUTDOORS TRAVEL,,,https://cdn.lapa.ninja/assets/images/1x/color-monkey-thumb.jpg,https://www.lapa.ninja/post/color-monkey/
Lapa Ninja (Post),Flipside,BLOCKCHAIN,,,https://cdn.lapa.ninja/assets/images/1x/flipsidecrypto-thumb.jpg,https://www.lapa.ninja/post/flipsidecrypto/
Lapa Ninja (Post),Sania Saleh,PORTFOLIO,,,https://cdn.lapa.ninja/assets/images/1x/sania-thumb.jpg,https://www.lapa.ninja/post/sania/
Lapa Ninja (Post),Starhaven,ILLUSTRATION,,,https://cdn.lapa.ninja/assets/images/1x/starhaven-thumb.jpg,https://www.lapa.ninja/post/starhaven/
Lapa Ninja (Post),Few and Far,AGENCY,,,https://cdn.lapa.ninja/assets/images/1x/fewandfar-thumb.jpg,https://www.lapa.ninja/post/fewandfar/
Lapa Ninja (Post),Paul Macgregor,PORTFOLIO,,,https://cdn.lapa.ninja/assets/images/1x/works-thumb.jpg,https://www.lapa.ninja/post/works/
Lapa Ninja (Post),Background Noise,AGENCY,,,https://cdn.lapa.ninja/assets/images/1x/backgroundnoise-thumb.jpg,https://www.lapa.ninja/post/backgroundnoise/
Lapa Ninja (Post),Off-Menu,STUDIO,,,https://cdn.lapa.ninja/assets/images/1x/off-menu-2-thumb.jpg,https://www.lapa.ninja/post/off-menu-2/
Lapa Ninja (Post),Willy Brauner,PORTFOLIO,,,https://cdn.lapa.ninja/assets/images/1x/willybrauner-thumb.jpg,https://www.lapa.ninja/post/willybrauner/
Lapa Ninja (Post),Telepathic Instruments,ECOMMERCE,,,https://cdn.lapa.ninja/assets/images/1x/telepathicinstruments-thumb.jpg,https://www.lapa.ninja/post/telepathicinstruments/
Lapa Ninja (Post),Family Style,AGENCY,,,https://cdn.lapa.ninja/assets/images/1x/wearefamilystyle-2-thumb.jpg,https://www.lapa.ninja/post/wearefamilystyle-2/
Lapa Ninja (Post),Rendezvous Barbers,LIFESTYLE,,,https://cdn.lapa.ninja/assets/images/1x/myrendezvous-thumb.jpg,https://www.lapa.ninja/post/myrendezvous/
Lapa Ninja (Post),Founders Future,VENTURES,,,https://cdn.lapa.ninja/assets/images/1x/foundersfuture-thumb.jpg,https://www.lapa.ninja/post/foundersfuture/
Lapa Ninja (Post),PAISANA,STUDIO,,,https://cdn.lapa.ninja/assets/images/1x/paisana-thumb.jpg,https://www.lapa.ninja/post/paisana/
Lapa Ninja (Post),Katrine Pil,PORTFOLIO,,,https://cdn.lapa.ninja/assets/images/1x/katrinepil-thumb.jpg,https://www.lapa.ninja/post/katrinepil/
Lapa Ninja (Post),Ocean,MUSIC,,,https://cdn.lapa.ninja/assets/images/1x/oceanldn-thumb.jpg,https://www.lapa.ninja/post/oceanldn/
Lapa Ninja (Post),Yellow Fellow,STUDIO,,,https://cdn.lapa.ninja/assets/images/1x/yellowfellow-thumb.jpg,https://www.lapa.ninja/post/yellowfellow/
Lapa Ninja (Post),David Ukauwa,PORTFOLIO,,,https://cdn.lapa.ninja/assets/images/1x/commissioner-thumb.jpg,https://www.lapa.ninja/post/commissioner/
Lapa Ninja (Post),ID—C,STUDIO,,,https://cdn.lapa.ninja/assets/images/1x/id-c-thumb.jpg,https://www.lapa.ninja/post/id-c/
Lapa Ninja (Post),Raad,BUSINESS,,,https://cdn.lapa.ninja/assets/images/1x/raad-thumb.jpg,https://www.lapa.ninja/post/raad/
Lapa Ninja (Post),People Made Machines,STUDIO,,,https://cdn.lapa.ninja/assets/images/1x/peoplemademachines-thumb.jpg,https://www.lapa.ninja/post/peoplemademachines/
Lapa Ninja (Post),Lil Frog,ILLUSTRATION,,,https://cdn.lapa.ninja/assets/images/1x/lilfrogeth-thumb.jpg,https://www.lapa.ninja/post/lilfrogeth/
Lapa Ninja (Post),exactly.ai,ARTIFICIAL INTELLIGENCE,,,https://cdn.lapa.ninja/assets/images/1x/exactly-ai-thumb.jpg,https://www.lapa.ninja/post/exactly-ai/
Lapa Ninja (Post),Pasha Ink,PORTFOLIO,,,https://cdn.lapa.ninja/assets/images/1x/pashaink-thumb.jpg,https://www.lapa.ninja/post/pashaink/
Lapa Ninja (Post),Alpine Bio,BUSINESS,,,https://cdn.lapa.ninja/assets/images/1x/alpbio-thumb.jpg,https://www.lapa.ninja/post/alpbio/
Lapa Ninja (Post),Plaid,FINTECH,,,https://cdn.lapa.ninja/assets/images/1x/plaid-2-thumb.jpg,https://www.lapa.ninja/post/plaid-2/
Lapa Ninja (Post),By Matthew,BOOK,,,https://cdn.lapa.ninja/assets/images/1x/bymatthew-thumb.jpg,https://www.lapa.ninja/post/bymatthew/
Lapa Ninja (Post),Rerun,OPEN SOURCE,,,https://cdn.lapa.ninja/assets/images/1x/rerun-thumb.jpg,https://www.lapa.ninja/post/rerun/
Lapa Ninja (Post),Theseus,TECHNOLOGY,,,https://cdn.lapa.ninja/assets/images/1x/theseus-thumb.jpg,https://www.lapa.ninja/post/theseus/
Lapa Ninja (Post),Incention,BUSINESS,,,https://cdn.lapa.ninja/assets/images/1x/incention-thumb.jpg,https://www.lapa.ninja/post/incention/
Lapa Ninja (Post),Yolo,BUSINESS,,,https://cdn.lapa.ninja/assets/images/1x/yolo-thumb.jpg,https://www.lapa.ninja/post/yolo/
Lapa Ninja (Post),Ridiculous Design,STUDIO,,,https://cdn.lapa.ninja/assets/images/1x/ridiculous-thumb.jpg,https://www.lapa.ninja/post/ridiculous/
Lapa Ninja (Post),Vibrant,HEALTH FITNESS,,,https://cdn.lapa.ninja/assets/images/1x/vibrantpractice-thumb.jpg,https://www.lapa.ninja/post/vibrantpractice/
Lapa Ninja (Post),Framer Studio,STUDIO,,,https://cdn.lapa.ninja/assets/images/1x/framer-studio-thumb.jpg,https://www.lapa.ninja/post/framer-studio/
Lapa Ninja (Post),Sato Eyewear,ECOMMERCE,,,https://cdn.lapa.ninja/assets/images/1x/sato-eyewear-thumb.jpg,https://www.lapa.ninja/post/sato-eyewear/
Lapa Ninja (Post),Literary Sport,ECOMMERCE,,,https://cdn.lapa.ninja/assets/images/1x/literarysport-thumb.jpg,https://www.lapa.ninja/post/literarysport/
Lapa Ninja (Post),Basedash,ARTIFICIAL INTELLIGENCE,,,https://cdn.lapa.ninja/assets/images/1x/basedash-thumb.jpg,https://www.lapa.ninja/post/basedash/
Lapa Ninja (Post),Henri Heymans,PORTFOLIO,,,https://cdn.lapa.ninja/assets/images/1x/henriheymans-2-thumb.jpg,https://www.lapa.ninja/post/henriheymans-2/
Lapa Ninja (Post),Emmpo,CREATIVE,,,https://cdn.lapa.ninja/assets/images/1x/emmpo-thumb.jpg,https://www.lapa.ninja/post/emmpo/
Lapa Ninja (Post),Tana,PRODUCTIVITY,,,https://cdn.lapa.ninja/assets/images/1x/tana-2-thumb.jpg,https://www.lapa.ninja/post/tana-2/
Lapa Ninja (Post),Johanna Arrieta,PORTFOLIO,,,https://cdn.lapa.ninja/assets/images/1x/johannadarrieta-thumb.jpg,https://www.lapa.ninja/post/johannadarrieta/
Lapa Ninja (Post),Hardik Bhansali,PORTFOLIO,,,https://cdn.lapa.ninja/assets/images/1x/hardikbhansali-thumb.jpg,https://www.lapa.ninja/post/hardikbhansali/
Lapa Ninja (Post),Craft 3,PRODUCTIVITY,,,https://cdn.lapa.ninja/assets/images/1x/craft-do-3-thumb.jpg,https://www.lapa.ninja/post/craft-do-3/
Lapa Ninja (Post),Daisy AI,ARTIFICIAL INTELLIGENCE,,,https://cdn.lapa.ninja/assets/images/1x/hidaisy-thumb.jpg,https://www.lapa.ninja/post/hidaisy/
Lapa Ninja (Post),Orchestra,CORPORATE,,,https://cdn.lapa.ninja/assets/images/1x/orchestraco-thumb.jpg,https://www.lapa.ninja/post/orchestraco/
Lapa Ninja (Post),Equals,SAAS,,,https://cdn.lapa.ninja/assets/images/1x/equals-3-thumb.jpg,https://www.lapa.ninja/post/equals-3/
Lapa Ninja (Post),Check,AGENCY,,,https://cdn.lapa.ninja/assets/images/1x/wearecheck-thumb.jpg,https://www.lapa.ninja/post/wearecheck/
Lapa Ninja (Post),Tailwind CSS v4.0,DEVELOPMENT TOOLS,,,https://cdn.lapa.ninja/assets/images/1x/tailwindcss-2-thumb.jpg,https://www.lapa.ninja/post/tailwindcss-2/
Lapa Ninja (Post),OrdinaryFolks,STUDIO,,,https://cdn.lapa.ninja/assets/images/1x/weareordinaryfolks-thumb.jpg,https://www.lapa.ninja/post/weareordinaryfolks/
Lapa Ninja (Post),Hedge,AGENCY,,,https://cdn.lapa.ninja/assets/images/1x/hedge-thumb.jpg,https://www.lapa.ninja/post/hedge/
Lapa Ninja (Post),Ghost,BUSINESS,,,https://cdn.lapa.ninja/assets/images/1x/ghst-thumb.jpg,https://www.lapa.ninja/post/ghst/
Lapa Ninja (Post),Sons & Daughters,FOOD DRINKS,,,https://cdn.lapa.ninja/assets/images/1x/sonsanddaughters-thumb.jpg,https://www.lapa.ninja/post/sonsanddaughters/
Lapa Ninja (Post),Jasper,ARTIFICIAL INTELLIGENCE,,,https://cdn.lapa.ninja/assets/images/1x/jasper-thumb.jpg,https://www.lapa.ninja/post/jasper/
Lapa Ninja (Post),Magma,AGENCY,,,https://cdn.lapa.ninja/assets/images/1x/magmamusicagency-thumb.jpg,https://www.lapa.ninja/post/magmamusicagency/
Lapa Ninja (Post),Halo,HARDWARE,,,https://cdn.lapa.ninja/assets/images/1x/halodental-thumb.jpg,https://www.lapa.ninja/post/halodental/
Lapa Ninja (Post),HOLIDAYS,STUDIO,,,https://cdn.lapa.ninja/assets/images/1x/holidays-thumb.jpg,https://www.lapa.ninja/post/holidays/
Lapa Ninja (Post),Function Health,HEALTH FITNESS,,,https://cdn.lapa.ninja/assets/images/1x/functionhealth-thumb.jpg,https://www.lapa.ninja/post/functionhealth/
Lapa Ninja (Post),Walbi,FINTECH,,,https://cdn.lapa.ninja/assets/images/1x/walbi-thumb.jpg,https://www.lapa.ninja/post/walbi/
Lapa Ninja (Post),Osmo Supply,DESIGN TOOLS,,,https://cdn.lapa.ninja/assets/images/1x/osmo-supply-thumb.jpg,https://www.lapa.ninja/post/osmo-supply/
Lapa Ninja (Post),BLUEMARBLE,ECOMMERCE,,,https://cdn.lapa.ninja/assets/images/1x/bluemarbleparis-thumb.jpg,https://www.lapa.ninja/post/bluemarbleparis/
Lapa Ninja (Post),Mercredi Studio,STUDIO,,,https://cdn.lapa.ninja/assets/images/1x/mercredistudio-thumb.jpg,https://www.lapa.ninja/post/mercredistudio/
Lapa Ninja (Post),Rootly,SAAS,,,https://cdn.lapa.ninja/assets/images/1x/rootly-thumb.jpg,https://www.lapa.ninja/post/rootly/
Lapa Ninja (Post),Polène,ECOMMERCE,,,https://cdn.lapa.ninja/assets/images/1x/polene-thumb.jpg,https://www.lapa.ninja/post/polene/
Lapa Ninja (Post),Airborne,STUDIO,,,https://cdn.lapa.ninja/assets/images/1x/airborne-thumb.jpg,https://www.lapa.ninja/post/airborne/
Lapa Ninja (Post),VWLAB,EDUCATION,,,https://cdn.lapa.ninja/assets/images/1x/vwlab-thumb.jpg,https://www.lapa.ninja/post/vwlab/
Lapa Ninja (Post),Cyd Stumpel,PORTFOLIO,,,https://cdn.lapa.ninja/assets/images/1x/cydstumpel-thumb.jpg,https://www.lapa.ninja/post/cydstumpel/
Lapa Ninja (Post),Modem,STUDIO,,,https://cdn.lapa.ninja/assets/images/1x/modemworks-thumb.jpg,https://www.lapa.ninja/post/modemworks/
Lapa Ninja (Post),brand.ai,ARTIFICIAL INTELLIGENCE,,,https://cdn.lapa.ninja/assets/images/1x/brand-ai-thumb.jpg,https://www.lapa.ninja/post/brand-ai/
Lapa Ninja (Post),Popcorn,TECHNOLOGY,,,https://cdn.lapa.ninja/assets/images/1x/popcorn-thumb.jpg,https://www.lapa.ninja/post/popcorn/
Lapa Ninja (Post),Bee Computer,HARDWARE,,,https://cdn.lapa.ninja/assets/images/1x/bee-computer-thumb.jpg,https://www.lapa.ninja/post/bee-computer/
Lapa Ninja (Post),Henry Desroches,PORTFOLIO,,,https://cdn.lapa.ninja/assets/images/1x/henry-codes-2-thumb.jpg,https://www.lapa.ninja/post/henry-codes-2/
Lapa Ninja (Post),M.Rodzik,PORTFOLIO,,,https://cdn.lapa.ninja/assets/images/1x/mrodzik-thumb.jpg,https://www.lapa.ninja/post/mrodzik/
Lapa Ninja (Post),Daniel Sun,PORTFOLIO,,,https://cdn.lapa.ninja/assets/images/1x/danielsun-2-thumb.jpg,https://www.lapa.ninja/post/danielsun-2/
Lapa Ninja (Post),Nodaleto,FASHION,,,https://cdn.lapa.ninja/assets/images/1x/nodaleto-thumb.jpg,https://www.lapa.ninja/post/nodaleto/
Lapa Ninja (Post),Büro,STUDIO,,,https://cdn.lapa.ninja/assets/images/1x/burocratik-2-thumb.jpg,https://www.lapa.ninja/post/burocratik-2/
Lapa Ninja (Post),Adopt,AGENCY,,,https://cdn.lapa.ninja/assets/images/1x/weareadopt-thumb.jpg,https://www.lapa.ninja/post/weareadopt/
Lapa Ninja (Post),Mickey Friedman,PORTFOLIO,,,https://cdn.lapa.ninja/assets/images/1x/mickeyfriedman-thumb.jpg,https://www.lapa.ninja/post/mickeyfriedman/
Lapa Ninja (Post),Lovework Studio,STUDIO,,,https://cdn.lapa.ninja/assets/images/1x/lovework-studio-thumb.jpg,https://www.lapa.ninja/post/lovework-studio/
Lapa Ninja (Post),Mintlify,SAAS,,,https://cdn.lapa.ninja/assets/images/1x/mintlify-thumb.jpg,https://www.lapa.ninja/post/mintlify/
Lapa Ninja (Post),Relocate Now,OUTDOORS TRAVEL,,,https://cdn.lapa.ninja/assets/images/1x/relocatenow-thumb.jpg,https://www.lapa.ninja/post/relocatenow/
Lapa Ninja (Post),Happy Droid,HARDWARE,,,https://cdn.lapa.ninja/assets/images/1x/happydroid-thumb.jpg,https://www.lapa.ninja/post/happydroid/
Lapa Ninja (Post),Stas Bondar,PORTFOLIO,,,https://cdn.lapa.ninja/assets/images/1x/stabondar-thumb.jpg,https://www.lapa.ninja/post/stabondar/
Lapa Ninja (Post),The Happy Few,AGENCY,,,https://cdn.lapa.ninja/assets/images/1x/thehappyfew-thumb.jpg,https://www.lapa.ninja/post/thehappyfew/
Lapa Ninja (Post),AYOCIN,FURNITURE INTERIORS,,,https://cdn.lapa.ninja/assets/images/1x/ayocin-thumb.jpg,https://www.lapa.ninja/post/ayocin/
Lapa Ninja (Post),Maria Santos,PORTFOLIO,,,https://cdn.lapa.ninja/assets/images/1x/saintsmary-thumb.jpg,https://www.lapa.ninja/post/saintsmary/
Lapa Ninja (Post),Inette,STUDIO,,,https://cdn.lapa.ninja/assets/images/1x/inette-thumb.jpg,https://www.lapa.ninja/post/inette/
Lapa Ninja (Post),Wand,APP,,,https://cdn.lapa.ninja/assets/images/1x/wand-2-thumb.jpg,https://www.lapa.ninja/post/wand-2/
Lapa Ninja (Post),Qudrix,HOME LIVING,,,https://cdn.lapa.ninja/assets/images/1x/qudrix-thumb.jpg,https://www.lapa.ninja/post/qudrix/
Lapa Ninja (Post),Hiking Patrol,FASHION,,,https://cdn.lapa.ninja/assets/images/1x/hikingpatrol-thumb.jpg,https://www.lapa.ninja/post/hikingpatrol/
Lapa Ninja (Post),Ori,ARTIFICIAL INTELLIGENCE,,,https://cdn.lapa.ninja/assets/images/1x/ori-thumb.jpg,https://www.lapa.ninja/post/ori/
Lapa Ninja (Post),Prept,CORPORATE,,,https://cdn.lapa.ninja/assets/images/1x/prept-foundation-thumb.jpg,https://www.lapa.ninja/post/prept-foundation/
Lapa Ninja (Post),Bakken & Bæck,STUDIO,,,https://cdn.lapa.ninja/assets/images/1x/bakkenbaeck-4-thumb.jpg,https://www.lapa.ninja/post/bakkenbaeck-4/
Lapa Ninja (Post),Oxide Computer,DEVELOPMENT TOOLS,,,https://cdn.lapa.ninja/assets/images/1x/oxide-computer-2-thumb.jpg,https://www.lapa.ninja/post/oxide-computer-2/
Lapa Ninja (Post),AniMattor,PORTFOLIO,,,https://cdn.lapa.ninja/assets/images/1x/animattor-thumb.jpg,https://www.lapa.ninja/post/animattor/
Lapa Ninja (Post),Say Briefly,ILLUSTRATION,,,https://cdn.lapa.ninja/assets/images/1x/saybriefly-thumb.jpg,https://www.lapa.ninja/post/saybriefly/
Lapa Ninja (Post),ITEM Amsterdam,FURNITURE INTERIORS,,,https://cdn.lapa.ninja/assets/images/1x/item-amsterdam-thumb.jpg,https://www.lapa.ninja/post/item-amsterdam/
Lapa Ninja (Post),Designgal Studio,STUDIO,,,https://cdn.lapa.ninja/assets/images/1x/designgal-studio-thumb.jpg,https://www.lapa.ninja/post/designgal-studio/
Lapa Ninja (Post),Heyday Canning,FOOD DRINKS,,,https://cdn.lapa.ninja/assets/images/1x/heydaycanning-thumb.jpg,https://www.lapa.ninja/post/heydaycanning/
Lapa Ninja (Post),Fleerackers,ECOMMERCE,,,https://cdn.lapa.ninja/assets/images/1x/fleerackers-thumb.jpg,https://www.lapa.ninja/post/fleerackers/
Lapa Ninja (Post),Desdoigts,AGENCY,,,https://cdn.lapa.ninja/assets/images/1x/desdoigts-thumb.jpg,https://www.lapa.ninja/post/desdoigts/
Lapa Ninja (Post),Native,INSURANCE,,,https://cdn.lapa.ninja/assets/images/1x/native-thumb.jpg,https://www.lapa.ninja/post/native/
Lapa Ninja (Post),Entuitive,CORPORATE,,,https://cdn.lapa.ninja/assets/images/1x/entuitiveengineering-thumb.jpg,https://www.lapa.ninja/post/entuitiveengineering/
Lapa Ninja (Post),OMMO,STUDIO,,,https://cdn.lapa.ninja/assets/images/1x/ommo-thumb.jpg,https://www.lapa.ninja/post/ommo/
Lapa Ninja (Post),Reveal Studio,STUDIO,,,https://cdn.lapa.ninja/assets/images/1x/revealstudio-thumb.jpg,https://www.lapa.ninja/post/revealstudio/
Lapa Ninja (Post),OODOS,COMMUNITY,,,https://cdn.lapa.ninja/assets/images/1x/oodos-thumb.jpg,https://www.lapa.ninja/post/oodos/
Lapa Ninja (Post),New Valley Labs,STUDIO,,,https://cdn.lapa.ninja/assets/images/1x/newvalleylabs-thumb.jpg,https://www.lapa.ninja/post/newvalleylabs/
Lapa Ninja (Post),Hyperplex,FINTECH,,,https://cdn.lapa.ninja/assets/images/1x/hyperplex-thumb.jpg,https://www.lapa.ninja/post/hyperplex/
Lapa Ninja (Post),Monolith,FURNITURE INTERIORS,,,https://cdn.lapa.ninja/assets/images/1x/monolith-nyc-thumb.jpg,https://www.lapa.ninja/post/monolith-nyc/
Lapa Ninja (Post),Roberta Ungaro,PORTFOLIO,,,https://cdn.lapa.ninja/assets/images/1x/robertaungaro-thumb.jpg,https://www.lapa.ninja/post/robertaungaro/
Lapa Ninja (Post),Statamic,SAAS,,,https://cdn.lapa.ninja/assets/images/1x/statamic-2-thumb.jpg,https://www.lapa.ninja/post/statamic-2/
Lapa Ninja (Post),111 West 57th Street,REAL ESTATE,,,https://cdn.lapa.ninja/assets/images/1x/111w57-thumb.jpg,https://www.lapa.ninja/post/111w57/
Lapa Ninja (Post),Spellbook,SAAS,,,https://cdn.lapa.ninja/assets/images/1x/spellbook-thumb.jpg,https://www.lapa.ninja/post/spellbook/
Lapa Ninja (Post),Cap,SAAS,,,https://cdn.lapa.ninja/assets/images/1x/cap-thumb.jpg,https://www.lapa.ninja/post/cap/
Lapa Ninja (Post),Koffiracha,FOOD DRINKS,,,https://cdn.lapa.ninja/assets/images/1x/koffiracha-thumb.jpg,https://www.lapa.ninja/post/koffiracha/
Lapa Ninja (Post),Portal,SAAS,,,https://cdn.lapa.ninja/assets/images/1x/portalgaming-thumb.jpg,https://www.lapa.ninja/post/portalgaming/
Lapa Ninja (Post),Jasmina Denner,PORTFOLIO,,,https://cdn.lapa.ninja/assets/images/1x/jasminadenner-thumb.jpg,https://www.lapa.ninja/post/jasminadenner/
Lapa Ninja (Post),Genesis Creative,AGENCY,,,https://cdn.lapa.ninja/assets/images/1x/genesiscreative-thumb.jpg,https://www.lapa.ninja/post/genesiscreative/
Lapa Ninja (Post),Airtree,VENTURES,,,https://cdn.lapa.ninja/assets/images/1x/airtree-thumb.jpg,https://www.lapa.ninja/post/airtree/
Lapa Ninja (Post),Melrosepr,CORPORATE,,,https://cdn.lapa.ninja/assets/images/1x/melrosepr-thumb.jpg,https://www.lapa.ninja/post/melrosepr/
Lapa Ninja (Post),ODA,PORTFOLIO,,,https://cdn.lapa.ninja/assets/images/1x/oda-services-thumb.jpg,https://www.lapa.ninja/post/oda-services/
Lapa Ninja (Post),Summer Smash Tennis,HEALTH FITNESS,,,https://cdn.lapa.ninja/assets/images/1x/summersmashtennis-thumb.jpg,https://www.lapa.ninja/post/summersmashtennis/
Lapa Ninja (Post),Pudgy Penguins,NFT,,,https://cdn.lapa.ninja/assets/images/1x/pudgypenguins-thumb.jpg,https://www.lapa.ninja/post/pudgypenguins/
Lapa Ninja (Post),Euphemia,VENTURES,,,https://cdn.lapa.ninja/assets/images/1x/euphemia-thumb.jpg,https://www.lapa.ninja/post/euphemia/
Lapa Ninja (Post),Paloceras,FASHION,,,https://cdn.lapa.ninja/assets/images/1x/paloceras-thumb.jpg,https://www.lapa.ninja/post/paloceras/
Lapa Ninja (Post),Woset,ECOMMERCE,,,https://cdn.lapa.ninja/assets/images/1x/woset-2-thumb.jpg,https://www.lapa.ninja/post/woset-2/
Lapa Ninja (Post),Studio 38,STUDIO,,,https://cdn.lapa.ninja/assets/images/1x/weare38-thumb.jpg,https://www.lapa.ninja/post/weare38/
Lapa Ninja (Post),St Kilda Orthodontics,HEALTH FITNESS,,,https://cdn.lapa.ninja/assets/images/1x/stkildaorthodontics-thumb.jpg,https://www.lapa.ninja/post/stkildaorthodontics/
Lapa Ninja (Post),Bruut,AGENCY,,,https://cdn.lapa.ninja/assets/images/1x/bruut-media-thumb.jpg,https://www.lapa.ninja/post/bruut-media/
Lapa Ninja (Post),Dub.co,SAAS,,,https://cdn.lapa.ninja/assets/images/1x/dub-thumb.jpg,https://www.lapa.ninja/post/dub/
Lapa Ninja (Post),Riotters,AGENCY,,,https://cdn.lapa.ninja/assets/images/1x/riotters-thumb.jpg,https://www.lapa.ninja/post/riotters/
Lapa Ninja (Post),Humane CosmOS,SOFTWARE,,,https://cdn.lapa.ninja/assets/images/1x/humane-cosmos-thumb.jpg,https://www.lapa.ninja/post/humane-cosmos/
Lapa Ninja (Post),Hellotime,SAAS,,,https://cdn.lapa.ninja/assets/images/1x/hellotime-thumb.jpg,https://www.lapa.ninja/post/hellotime/
Lapa Ninja (Post),Casa Malka,FOOD DRINKS,,,https://cdn.lapa.ninja/assets/images/1x/casamalka-thumb.jpg,https://www.lapa.ninja/post/casamalka/
Lapa Ninja (Post),Index Inc,SAAS,,,https://cdn.lapa.ninja/assets/images/1x/index-inc-thumb.jpg,https://www.lapa.ninja/post/index-inc/
Lapa Ninja (Post),ANALOGUE,STUDIO,,,https://cdn.lapa.ninja/assets/images/1x/madebyanalogue-thumb.jpg,https://www.lapa.ninja/post/madebyanalogue/
Lapa Ninja (Post),Jimmy Fairly,FASHION,,,https://cdn.lapa.ninja/assets/images/1x/jimmyfairly-thumb.jpg,https://www.lapa.ninja/post/jimmyfairly/
Lapa Ninja (Post),Zach Hamed,PORTFOLIO,,,https://cdn.lapa.ninja/assets/images/1x/zmh-thumb.jpg,https://www.lapa.ninja/post/zmh/
Lapa Ninja (Post),Stompers,APP,,,https://cdn.lapa.ninja/assets/images/1x/stompers-thumb.jpg,https://www.lapa.ninja/post/stompers/
Lapa Ninja (Post),Karina Makarova,PORTFOLIO,,,https://cdn.lapa.ninja/assets/images/1x/karina-makarova-thumb.jpg,https://www.lapa.ninja/post/karina-makarova/
Lapa Ninja (Post),TechTO,COMMUNITY,,,https://cdn.lapa.ninja/assets/images/1x/techto-thumb.jpg,https://www.lapa.ninja/post/techto/
Lapa Ninja (Post),Cassandre Levrard,PORTFOLIO,,,https://cdn.lapa.ninja/assets/images/1x/cassandrelevrard-thumb.jpg,https://www.lapa.ninja/post/cassandrelevrard/
Lapa Ninja (Post),Things Inc,STUDIO,,,https://cdn.lapa.ninja/assets/images/1x/things-inc-thumb.jpg,https://www.lapa.ninja/post/things-inc/
Lapa Ninja (Post),Jaffa,FOOD DRINKS,,,https://cdn.lapa.ninja/assets/images/1x/jaffa-thumb.jpg,https://www.lapa.ninja/post/jaffa/
Lapa Ninja (Post),Moved Network,BLOCKCHAIN,,,https://cdn.lapa.ninja/assets/images/1x/moved-network-thumb.jpg,https://www.lapa.ninja/post/moved-network/
Lapa Ninja (Post),Prand,STUDIO,,,https://cdn.lapa.ninja/assets/images/1x/prand-thumb.jpg,https://www.lapa.ninja/post/prand/
Lapa Ninja (Post),Arch Agency,AGENCY,,,https://cdn.lapa.ninja/assets/images/1x/arch-agency-thumb.jpg,https://www.lapa.ninja/post/arch-agency/
Lapa Ninja (Post),Clim Studio,STUDIO,,,https://cdn.lapa.ninja/assets/images/1x/studioclim-2-thumb.jpg,https://www.lapa.ninja/post/studioclim-2/
Lapa Ninja (Post),Rhythm Influence,STUDIO,,,https://cdn.lapa.ninja/assets/images/1x/rhythminfluence-thumb.jpg,https://www.lapa.ninja/post/rhythminfluence/
Lapa Ninja (Post),Shareio,SAAS,,,https://cdn.lapa.ninja/assets/images/1x/shareio-thumb.jpg,https://www.lapa.ninja/post/shareio/
Lapa Ninja (Post),Idol,AGENCY,,,https://cdn.lapa.ninja/assets/images/1x/idol-partners-thumb.jpg,https://www.lapa.ninja/post/idol-partners/
Lapa Ninja (Post),Lens,WEB3,,,https://cdn.lapa.ninja/assets/images/1x/lens-2-thumb.jpg,https://www.lapa.ninja/post/lens-2/
Lapa Ninja (Post),Purée Maison,AGENCY,,,https://cdn.lapa.ninja/assets/images/1x/pureemaison-thumb.jpg,https://www.lapa.ninja/post/pureemaison/
Lapa Ninja (Post),Gone Fishing Studio,STUDIO,,,https://cdn.lapa.ninja/assets/images/1x/gonefishing-studio-2-thumb.jpg,https://www.lapa.ninja/post/gonefishing-studio-2/
Lapa Ninja (Post),Huey Lightshop,ECOMMERCE,,,https://cdn.lapa.ninja/assets/images/1x/hueylightshop-thumb.jpg,https://www.lapa.ninja/post/hueylightshop/
Lapa Ninja (Post),Vic Rojo,STUDIO,,,https://cdn.lapa.ninja/assets/images/1x/vicrojo-thumb.jpg,https://www.lapa.ninja/post/vicrojo/
Lapa Ninja (Post),Kurate Music,MUSIC,,,https://cdn.lapa.ninja/assets/images/1x/kuratemusic-thumb.jpg,https://www.lapa.ninja/post/kuratemusic/
Lapa Ninja (Post),Eric Hu Studio,STUDIO,,,https://cdn.lapa.ninja/assets/images/1x/erichu-2-thumb.jpg,https://www.lapa.ninja/post/erichu-2/
Lapa Ninja (Post),CAHU,ECOMMERCE,,,https://cdn.lapa.ninja/assets/images/1x/cahuparis-thumb.jpg,https://www.lapa.ninja/post/cahuparis/
Lapa Ninja (Post),Ava Protocol,DEFI,,,https://cdn.lapa.ninja/assets/images/1x/avaprotocol-thumb.jpg,https://www.lapa.ninja/post/avaprotocol/
Lapa Ninja (Post),neil.graphics,PORTFOLIO,,,https://cdn.lapa.ninja/assets/images/1x/neil-thumb.jpg,https://www.lapa.ninja/post/neil/
Lapa Ninja (Post),Beepy Bella,FASHION,,,https://cdn.lapa.ninja/assets/images/1x/beepybella-thumb.jpg,https://www.lapa.ninja/post/beepybella/
Lapa Ninja (Post),Modal,SAAS,,,https://cdn.lapa.ninja/assets/images/1x/modal-thumb.jpg,https://www.lapa.ninja/post/modal/
Lapa Ninja (Post),Attio,SAAS,,,https://cdn.lapa.ninja/assets/images/1x/attio-2-thumb.jpg,https://www.lapa.ninja/post/attio-2/
Lapa Ninja (Post),Mitchell Eaton,PORTFOLIO,,,https://cdn.lapa.ninja/assets/images/1x/mitchelleaton-thumb.jpg,https://www.lapa.ninja/post/mitchelleaton/
Lapa Ninja (Post),Treize grammes,AGENCY,,,https://cdn.lapa.ninja/assets/images/1x/13g-thumb.jpg,https://www.lapa.ninja/post/13g/
Lapa Ninja (Post),Clark Hosting,HOSTING,,,https://cdn.lapa.ninja/assets/images/1x/hostwithclark-thumb.jpg,https://www.lapa.ninja/post/hostwithclark/
Lapa Ninja (Post),eBay Playbook,DESIGN TOOLS,,,https://cdn.lapa.ninja/assets/images/1x/playbook-ebay-thumb.jpg,https://www.lapa.ninja/post/playbook-ebay/
Lapa Ninja (Post),P448,FASHION,,,https://cdn.lapa.ninja/assets/images/1x/p448-thumb.jpg,https://www.lapa.ninja/post/p448/
Lapa Ninja (Post),ChainGPT Labs,3D WEBSITES,,,https://cdn.lapa.ninja/assets/images/1x/chaingpt-labs-thumb.jpg,https://www.lapa.ninja/post/chaingpt-labs/
Lapa Ninja (Post),27b,STUDIO,,,https://cdn.lapa.ninja/assets/images/1x/27-b-thumb.jpg,https://www.lapa.ninja/post/27-b/
Lapa Ninja (Post),bella,ECOMMERCE,,,https://cdn.lapa.ninja/assets/images/1x/bellakitchenware-thumb.jpg,https://www.lapa.ninja/post/bellakitchenware/
Lapa Ninja (Post),Rains,FASHION,,,https://cdn.lapa.ninja/assets/images/1x/rains-3-thumb.jpg,https://www.lapa.ninja/post/rains-3/
Lapa Ninja (Post),Artemisa Beauty,BEAUTY,,,https://cdn.lapa.ninja/assets/images/1x/artemisabeauty-thumb.jpg,https://www.lapa.ninja/post/artemisabeauty/
Lapa Ninja (Post),Sundae Creative,AGENCY,,,https://cdn.lapa.ninja/assets/images/1x/sundaecreative-thumb.jpg,https://www.lapa.ninja/post/sundaecreative/
Lapa Ninja (Post),Wodniack,PORTFOLIO,,,https://cdn.lapa.ninja/assets/images/1x/wodniack-thumb.jpg,https://www.lapa.ninja/post/wodniack/
Lapa Ninja (Post),OrbitX,FINTECH,,,https://cdn.lapa.ninja/assets/images/1x/orbitxpay-thumb.jpg,https://www.lapa.ninja/post/orbitxpay/
Lapa Ninja (Post),The Coding Train,EDUCATION,,,https://cdn.lapa.ninja/assets/images/1x/thecodingtrain-thumb.jpg,https://www.lapa.ninja/post/thecodingtrain/
Lapa Ninja (Post),Wild Thingz,FOOD DRINKS,,,https://cdn.lapa.ninja/assets/images/1x/wildthingz-thumb.jpg,https://www.lapa.ninja/post/wildthingz/
Lapa Ninja (Post),By Hollie Arnett,PORTFOLIO,,,https://cdn.lapa.ninja/assets/images/1x/byholliearnett-thumb.jpg,https://www.lapa.ninja/post/byholliearnett/
Lapa Ninja (Post),Browserbase,SAAS,,,https://cdn.lapa.ninja/assets/images/1x/browserbase-thumb.jpg,https://www.lapa.ninja/post/browserbase/
Lapa Ninja (Post),DoThings,AGENCY,,,https://cdn.lapa.ninja/assets/images/1x/dothingsnyc-2-thumb.jpg,https://www.lapa.ninja/post/dothingsnyc-2/
Lapa Ninja (Post),Social Impact Capital,VENTURES,,,https://cdn.lapa.ninja/assets/images/1x/social-impact-capital-thumb.jpg,https://www.lapa.ninja/post/social-impact-capital/
Lapa Ninja (Post),FABRIC,VENTURES,,,https://cdn.lapa.ninja/assets/images/1x/fabric-vc-2-thumb.jpg,https://www.lapa.ninja/post/fabric-vc-2/
Lapa Ninja (Post),Writing Examples,EDUCATION,,,https://cdn.lapa.ninja/assets/images/1x/writingexamples-thumb.jpg,https://www.lapa.ninja/post/writingexamples/
Lapa Ninja (Post),expand.ai,DEVELOPMENT TOOLS,,,https://cdn.lapa.ninja/assets/images/1x/expand-thumb.jpg,https://www.lapa.ninja/post/expand/
Lapa Ninja (Post),Index,SAAS,,,https://cdn.lapa.ninja/assets/images/1x/index-app-thumb.jpg,https://www.lapa.ninja/post/index-app/
Lapa Ninja (Post),BRĒZ,FOOD DRINKS,,,https://cdn.lapa.ninja/assets/images/1x/drinkbrez-2-thumb.jpg,https://www.lapa.ninja/post/drinkbrez-2/
Lapa Ninja (Post),One Manor Place,HEALTH FITNESS,,,https://cdn.lapa.ninja/assets/images/1x/omp-thumb.jpg,https://www.lapa.ninja/post/omp/
Lapa Ninja (Post),FISK,AGENCY,,,https://cdn.lapa.ninja/assets/images/1x/fiskprojects-thumb.jpg,https://www.lapa.ninja/post/fiskprojects/
Lapa Ninja (Post),NOBL,CORPORATE,,,https://cdn.lapa.ninja/assets/images/1x/nobl-thumb.jpg,https://www.lapa.ninja/post/nobl/
Lapa Ninja (Post),HeroKit,DESIGN TOOLS,,,https://cdn.lapa.ninja/assets/images/1x/herokit-thumb.jpg,https://www.lapa.ninja/post/herokit/
Lapa Ninja (Post),Davide Baratta,PORTFOLIO,,,https://cdn.lapa.ninja/assets/images/1x/davidebaratta-2-thumb.jpg,https://www.lapa.ninja/post/davidebaratta-2/
Lapa Ninja (Post),Valentin Cheval,PORTFOLIO,,,https://cdn.lapa.ninja/assets/images/1x/valentincheval-thumb.jpg,https://www.lapa.ninja/post/valentincheval/
Lapa Ninja (Post),Fabric,SAAS,,,https://cdn.lapa.ninja/assets/images/1x/fabric-so-2-thumb.jpg,https://www.lapa.ninja/post/fabric-so-2/
Lapa Ninja (Post),Oakâme,ECOMMERCE,,,https://cdn.lapa.ninja/assets/images/1x/oakame-thumb.jpg,https://www.lapa.ninja/post/oakame/
Lapa Ninja (Post),Genway,ARTIFICIAL INTELLIGENCE,,,https://cdn.lapa.ninja/assets/images/1x/genway-thumb.jpg,https://www.lapa.ninja/post/genway/
Lapa Ninja (Post),shoyokoko,PORTFOLIO,,,https://cdn.lapa.ninja/assets/images/1x/shoyokoko-thumb.jpg,https://www.lapa.ninja/post/shoyokoko/
Lapa Ninja (Post),Otherlife,AGENCY,,,https://cdn.lapa.ninja/assets/images/1x/otherlife-thumb.jpg,https://www.lapa.ninja/post/otherlife/
Lapa Ninja (Post),Humane Ai Pin,WEARABLE,,,https://cdn.lapa.ninja/assets/images/1x/humane-thumb.jpg,https://www.lapa.ninja/post/humane/
Lapa Ninja (Post),Warp,SOFTWARE,,,https://cdn.lapa.ninja/assets/images/1x/warp-thumb.jpg,https://www.lapa.ninja/post/warp/
Lapa Ninja (Post),PARADOX Series,FURNITURE INTERIORS,,,https://cdn.lapa.ninja/assets/images/1x/paradox-series-thumb.jpg,https://www.lapa.ninja/post/paradox-series/
Lapa Ninja (Post),Onward,AGENCY,,,https://cdn.lapa.ninja/assets/images/1x/thisisonward-2-thumb.jpg,https://www.lapa.ninja/post/thisisonward-2/
Lapa Ninja (Post),Kreatives,STUDIO,,,https://cdn.lapa.ninja/assets/images/1x/kreatives-thumb.jpg,https://www.lapa.ninja/post/kreatives/
Lapa Ninja (Post),Jack Redley Design,PORTFOLIO,,,https://cdn.lapa.ninja/assets/images/1x/jackredley-thumb.jpg,https://www.lapa.ninja/post/jackredley/
Lapa Ninja (Post),Leya,BUSINESS,,,https://cdn.lapa.ninja/assets/images/1x/leya-thumb.jpg,https://www.lapa.ninja/post/leya/
Lapa Ninja (Post),Granola,PRODUCTIVITY,,,https://cdn.lapa.ninja/assets/images/1x/granola-thumb.jpg,https://www.lapa.ninja/post/granola/
Lapa Ninja (Post),Kino,APP,,,https://cdn.lapa.ninja/assets/images/1x/shotwithkino-thumb.jpg,https://www.lapa.ninja/post/shotwithkino/
Lapa Ninja (Post),Front,SAAS,,,https://cdn.lapa.ninja/assets/images/1x/front-2-thumb.webp,https://www.lapa.ninja/post/front/
Lapa Ninja (Post),Checkmyfile,FINANCE,,,https://cdn.lapa.ninja/assets/images/1x/checkmyfile-thumb.webp,https://www.lapa.ninja/post/checkmyfile/
Lapa Ninja (Post),Podia,SAAS,,,https://cdn.lapa.ninja/assets/images/1x/podia-thumb.webp,https://www.lapa.ninja/post/podia/
Lapa Ninja (Post),Gev,PORTFOLIO,,,https://cdn.lapa.ninja/assets/images/1x/gev-thumb.webp,https://www.lapa.ninja/post/gev/
Lapa Ninja (Post),Monkey Talkie,AGENCY,,,https://cdn.lapa.ninja/assets/images/1x/monkeytalkie-thumb.webp,https://www.lapa.ninja/post/monkeytalkie/
Lapa Ninja (Post),Busy Status Bar,ECOMMERCE,,,https://cdn.lapa.ninja/assets/images/1x/busy-bar-thumb.webp,https://www.lapa.ninja/post/busy-bar/
Lapa Ninja (Post),Polkadot,WEB3,,,https://cdn.lapa.ninja/assets/images/1x/polkadot-thumb.webp,https://www.lapa.ninja/post/polkadot/
Lapa Ninja (Post),DivBlockers,STUDIO,,,https://cdn.lapa.ninja/assets/images/1x/divblockers-thumb.webp,https://www.lapa.ninja/post/divblockers/
Lapa Ninja (Post),Buddy,DEVELOPMENT TOOLS,,,https://cdn.lapa.ninja/assets/images/1x/buddy-works-2-thumb.webp,https://www.lapa.ninja/post/buddy-works-2/
Lapa Ninja (Post),August Health,HEALTH FITNESS,,,https://cdn.lapa.ninja/assets/images/1x/augusthealth-thumb.webp,https://www.lapa.ninja/post/augusthealth/
Lapa Ninja (Post),Mach Studio,STUDIO,,,https://cdn.lapa.ninja/assets/images/1x/mach-studio-thumb.webp,https://www.lapa.ninja/post/mach-studio/
Lapa Ninja (Post),Vazzi,FOOD DRINKS,,,https://cdn.lapa.ninja/assets/images/1x/vazzi-thumb.webp,https://www.lapa.ninja/post/vazzi/
Lapa Ninja (Post),Mathieu Crepel,PORTFOLIO,,,https://cdn.lapa.ninja/assets/images/1x/mathieu-crepel-thumb.webp,https://www.lapa.ninja/post/mathieu-crepel/
Lapa Ninja (Post),Unichain,DEFI,,,https://cdn.lapa.ninja/assets/images/1x/unichain-thumb.webp,https://www.lapa.ninja/post/unichain/
Lapa Ninja (Post),Jonathan Grado,PORTFOLIO,,,https://cdn.lapa.ninja/assets/images/1x/jonathangrado-thumb.webp,https://www.lapa.ninja/post/jonathangrado/
Lapa Ninja (Post),GP Communication,AGENCY,,,https://cdn.lapa.ninja/assets/images/1x/gaelleperrin-thumb.webp,https://www.lapa.ninja/post/gaelleperrin/
Lapa Ninja (Post),Diana Toloza,PORTFOLIO,,,https://cdn.lapa.ninja/assets/images/1x/dianatoloza-thumb.webp,https://www.lapa.ninja/post/dianatoloza/
Lapa Ninja (Post),Arcade AI,ARTIFICIAL INTELLIGENCE,,,https://cdn.lapa.ninja/assets/images/1x/arcade-ai-thumb.webp,https://www.lapa.ninja/post/arcade-ai/
Lapa Ninja (Post),Kit,MAIL,,,https://cdn.lapa.ninja/assets/images/1x/kit-thumb.webp,https://www.lapa.ninja/post/kit/
Lapa Ninja (Post),Shopify,SAAS,,,https://cdn.lapa.ninja/assets/images/1x/shopify-2-thumb.webp,https://www.lapa.ninja/post/shopify-2/
Lapa Ninja (Post),Pass App,APP,,,https://cdn.lapa.ninja/assets/images/1x/pass-app-thumb.webp,https://www.lapa.ninja/post/pass-app/
Lapa Ninja (Post),poolside,ARTIFICIAL INTELLIGENCE,,,https://cdn.lapa.ninja/assets/images/1x/poolside-ai-thumb.webp,https://www.lapa.ninja/post/poolside-ai/
Lapa Ninja (Post),Sketch,DESIGN TOOLS,,,https://cdn.lapa.ninja/assets/images/1x/sketch-5-thumb.webp,https://www.lapa.ninja/post/sketch-5/
Lapa Ninja (Post),Family Style,STUDIO,,,https://cdn.lapa.ninja/assets/images/1x/wearefamilystyle-thumb.webp,https://www.lapa.ninja/post/wearefamilystyle/
Lapa Ninja (Post),Social Web Foundation,CORPORATE,,,https://cdn.lapa.ninja/assets/images/1x/socialwebfoundation-thumb.webp,https://www.lapa.ninja/post/socialwebfoundation/
Lapa Ninja (Post),Patch,CORPORATE,,,https://cdn.lapa.ninja/assets/images/1x/patch-io-thumb.webp,https://www.lapa.ninja/post/patch-io/
Lapa Ninja (Post),Nod Coding,EDUCATION,,,https://cdn.lapa.ninja/assets/images/1x/nodcoding-thumb.webp,https://www.lapa.ninja/post/nodcoding/
Lapa Ninja (Post),Kernel,FOOD DRINKS,,,https://cdn.lapa.ninja/assets/images/1x/eatkernel-thumb.webp,https://www.lapa.ninja/post/eatkernel/
Lapa Ninja (Post),Mélanie Tillie,PORTFOLIO,,,https://cdn.lapa.ninja/assets/images/1x/melanie-tillie-thumb.webp,https://www.lapa.ninja/post/melanie-tillie/
Lapa Ninja (Post),Decathlon AFLF,FASHION,,,https://cdn.lapa.ninja/assets/images/1x/decathlon-aflf-thumb.webp,https://www.lapa.ninja/post/decathlon-aflf/
Lapa Ninja (Post),Magicstreet,STUDIO,,,https://cdn.lapa.ninja/assets/images/1x/magicstreet-thumb.webp,https://www.lapa.ninja/post/magicstreet/
Lapa Ninja (Post),Fig.1 Beauty,BEAUTY,,,https://cdn.lapa.ninja/assets/images/1x/fig-1-2-thumb.webp,https://www.lapa.ninja/post/fig-1-2/
Lapa Ninja (Post),Decide AI,ARTIFICIAL INTELLIGENCE,,,https://cdn.lapa.ninja/assets/images/1x/decideai-thumb.webp,https://www.lapa.ninja/post/decideai/
Lapa Ninja (Post),Coinshift,FINTECH,,,https://cdn.lapa.ninja/assets/images/1x/coinshift-thumb.webp,https://www.lapa.ninja/post/coinshift/
Lapa Ninja (Post),Mother Studio,STUDIO,,,https://cdn.lapa.ninja/assets/images/1x/mother-thumb.webp,https://www.lapa.ninja/post/mother/
Lapa Ninja (Post),Lâm Bảo,PORTFOLIO,,,https://cdn.lapa.ninja/assets/images/1x/lam-bao-thumb.webp,https://www.lapa.ninja/post/lam-bao/
Lapa Ninja (Post),Good Looking Design,AGENCY,,,https://cdn.lapa.ninja/assets/images/1x/goodlookingdesign-thumb.webp,https://www.lapa.ninja/post/goodlookingdesign/
Lapa Ninja (Post),Sunny Within,BEAUTY,,,https://cdn.lapa.ninja/assets/images/1x/sunnywithin-thumb.webp,https://www.lapa.ninja/post/sunnywithin/
Lapa Ninja (Post),Sound Ethics,MUSIC,,,https://cdn.lapa.ninja/assets/images/1x/soundethics-thumb.webp,https://www.lapa.ninja/post/soundethics/
Lapa Ninja (Post),SAPIENS,FASHION,,,https://cdn.lapa.ninja/assets/images/1x/sapiens-vision-thumb.webp,https://www.lapa.ninja/post/sapiens-vision/
Lapa Ninja (Post),Rune,HARDWARE,,,https://cdn.lapa.ninja/assets/images/1x/rune-thumb.jpg,https://www.lapa.ninja/post/rune/
Lapa Ninja (Post),Nile Postgres,SAAS,,,https://cdn.lapa.ninja/assets/images/1x/thenile-thumb.webp,https://www.lapa.ninja/post/thenile/
Lapa Ninja (Post),fal.ai,SAAS,,,https://cdn.lapa.ninja/assets/images/1x/fal-thumb.webp,https://www.lapa.ninja/post/fal/
Lapa Ninja (Post),Aptos Build,BLOCKCHAIN,,,https://cdn.lapa.ninja/assets/images/1x/aptosbuild-thumb.webp,https://www.lapa.ninja/post/aptosbuild/
Lapa Ninja (Post),ORKEN,ILLUSTRATION,,,https://cdn.lapa.ninja/assets/images/1x/orkenworld-thumb.webp,https://www.lapa.ninja/post/orkenworld/
Lapa Ninja (Post),Oriol.Design,PORTFOLIO,,,https://cdn.lapa.ninja/assets/images/1x/oriol-thumb.webp,https://www.lapa.ninja/post/oriol/
Lapa Ninja (Post),Cumulus Coffee,FOOD DRINKS,,,https://cdn.lapa.ninja/assets/images/1x/cumuluscoffee-thumb.webp,https://www.lapa.ninja/post/cumuluscoffee/
Lapa Ninja (Post),CrunchDAO,ARTIFICIAL INTELLIGENCE,,,https://cdn.lapa.ninja/assets/images/1x/crunchdao-thumb.webp,https://www.lapa.ninja/post/crunchdao/
Lapa Ninja (Post),Buzzsprout,SAAS,,,https://cdn.lapa.ninja/assets/images/1x/buzzsprout-thumb.webp,https://www.lapa.ninja/post/buzzsprout/
Lapa Ninja (Post),Anterior,ARTIFICIAL INTELLIGENCE,,,https://cdn.lapa.ninja/assets/images/1x/anterior-thumb.webp,https://www.lapa.ninja/post/anterior/
Lapa Ninja (Post),andhuman,AGENCY,,,https://cdn.lapa.ninja/assets/images/1x/andhuman-thumb.webp,https://www.lapa.ninja/post/andhuman/
Lapa Ninja (Post),AgentQL,SAAS,,,https://cdn.lapa.ninja/assets/images/1x/agentql-thumb.webp,https://www.lapa.ninja/post/agentql/
Lapa Ninja (Post),0to100,STUDIO,,,https://cdn.lapa.ninja/assets/images/1x/0to100-thumb.webp,https://www.lapa.ninja/post/0to100/
Lapa Ninja (Post),Height,PRODUCTIVITY,,,https://cdn.lapa.ninja/assets/images/1x/height-app-4-thumb.webp,https://www.lapa.ninja/post/height-app-4/
Lapa Ninja (Post),Stratus Ventures,VENTURES,,,https://cdn.lapa.ninja/assets/images/1x/stratus-ventures-thumb.webp,https://www.lapa.ninja/post/stratus-ventures/
Lapa Ninja (Post),Peppermint,FINTECH,,,https://cdn.lapa.ninja/assets/images/1x/paywithpeppermint-thumb.webp,https://www.lapa.ninja/post/paywithpeppermint/
Lapa Ninja (Post),A Creative Partner,AGENCY,,,https://cdn.lapa.ninja/assets/images/1x/acreativepartner-2-thumb.webp,https://www.lapa.ninja/post/acreativepartner-2/
Lapa Ninja (Post),Corners,BUSINESS,,,https://cdn.lapa.ninja/assets/images/1x/cornersnewyork-thumb.webp,https://www.lapa.ninja/post/cornersnewyork/
Lapa Ninja (Post),Freetrade,FINTECH,,,https://cdn.lapa.ninja/assets/images/1x/freetrade-3-thumb.webp,https://www.lapa.ninja/post/freetrade-3/
Lapa Ninja (Post),MBRS,STUDIO,,,https://cdn.lapa.ninja/assets/images/1x/mb-thumb.webp,https://www.lapa.ninja/post/mb/
Lapa Ninja (Post),Amplemarket,ARTIFICIAL INTELLIGENCE,,,https://cdn.lapa.ninja/assets/images/1x/amplemarket-thumb.webp,https://www.lapa.ninja/post/amplemarket/
Lapa Ninja (Post),Max Milkin,PORTFOLIO,,,https://cdn.lapa.ninja/assets/images/1x/max-milkin-thumb.webp,https://www.lapa.ninja/post/max-milkin/
Lapa Ninja (Post),Mystic,CRYPTOCURRENCY,,,https://cdn.lapa.ninja/assets/images/1x/mystic-thumb.webp,https://www.lapa.ninja/post/mystic/
Lapa Ninja (Post),Qatalog,ARTIFICIAL INTELLIGENCE,,,https://cdn.lapa.ninja/assets/images/1x/qatalog-5-thumb.webp,https://www.lapa.ninja/post/qatalog-5/
Lapa Ninja (Post),Eisku,ECOMMERCE,,,https://cdn.lapa.ninja/assets/images/1x/eisku-thumb.webp,https://www.lapa.ninja/post/eisku/
Lapa Ninja (Post),Brightscout,AGENCY,,,https://cdn.lapa.ninja/assets/images/1x/brightscout-3-thumb.webp,https://www.lapa.ninja/post/brightscout-3/
Lapa Ninja (Post),Better Stack,SAAS,,,https://cdn.lapa.ninja/assets/images/1x/betterstack-thumb.webp,https://www.lapa.ninja/post/betterstack/
Lapa Ninja (Post),Iván Willenberg,PORTFOLIO,,,https://cdn.lapa.ninja/assets/images/1x/ivanwillenberg-thumb.webp,https://www.lapa.ninja/post/ivanwillenberg/
Lapa Ninja (Post),Yann Kubacki,PORTFOLIO,,,https://cdn.lapa.ninja/assets/images/1x/yannkubacki-thumb.webp,https://www.lapa.ninja/post/yannkubacki/
Lapa Ninja (Post),Sellix,FINTECH,,,https://cdn.lapa.ninja/assets/images/1x/sellix-thumb.webp,https://www.lapa.ninja/post/sellix/
Lapa Ninja (Post),Spaag,MARKETING,,,https://cdn.lapa.ninja/assets/images/1x/spaag-thumb.webp,https://www.lapa.ninja/post/spaag/
Lapa Ninja (Post),PIVOT,AGENCY,,,https://cdn.lapa.ninja/assets/images/1x/pivotmade-thumb.webp,https://www.lapa.ninja/post/pivotmade/
Lapa Ninja (Post),Eraser,SAAS,,,https://cdn.lapa.ninja/assets/images/1x/eraser-thumb.webp,https://www.lapa.ninja/post/eraser/
Lapa Ninja (Post),Retool,DEVELOPMENT TOOLS,,,https://cdn.lapa.ninja/assets/images/1x/retool-3-thumb.webp,https://www.lapa.ninja/post/retool-3/
Lapa Ninja (Post),Atlas,BLOCKCHAIN,,,https://cdn.lapa.ninja/assets/images/1x/atlas-thumb.webp,https://www.lapa.ninja/post/atlas/
Lapa Ninja (Post),Departure Mono,TYPOGRAPHY,,,https://cdn.lapa.ninja/assets/images/1x/departuremono-thumb.webp,https://www.lapa.ninja/post/departuremono/
Lapa Ninja (Post),Sweety Ice Cream,FOOD DRINKS,,,https://cdn.lapa.ninja/assets/images/1x/sweetyicecream-thumb.webp,https://www.lapa.ninja/post/sweetyicecream/
Lapa Ninja (Post),Terra,STUDIO,,,https://cdn.lapa.ninja/assets/images/1x/terrainnovation-thumb.webp,https://www.lapa.ninja/post/terrainnovation/
Lapa Ninja (Post),MindPalace,ARTIFICIAL INTELLIGENCE,,,https://cdn.lapa.ninja/assets/images/1x/mindpalace-thumb.webp,https://www.lapa.ninja/post/mindpalace/
Lapa Ninja (Post),HYVE.SYSTEMS,ARTIFICIAL INTELLIGENCE,,,https://cdn.lapa.ninja/assets/images/1x/hyve-thumb.webp,https://www.lapa.ninja/post/hyve/
Lapa Ninja (Post),GitButler,DEVELOPMENT TOOLS,,,https://cdn.lapa.ninja/assets/images/1x/gitbutler-thumb.webp,https://www.lapa.ninja/post/gitbutler/
Lapa Ninja (Post),Galxe,WEB3,,,https://cdn.lapa.ninja/assets/images/1x/galxe-thumb.webp,https://www.lapa.ninja/post/galxe/
Lapa Ninja (Post),Echo and Nate,AGENCY,,,https://cdn.lapa.ninja/assets/images/1x/echoandnate-thumb.webp,https://www.lapa.ninja/post/echoandnate/
Lapa Ninja (Post),Built for Archives,AGENCY,,,https://cdn.lapa.ninja/assets/images/1x/builtforarchives-thumb.webp,https://www.lapa.ninja/post/builtforarchives/
Lapa Ninja (Post),The Arena,EVENT,,,https://cdn.lapa.ninja/assets/images/1x/th3arena-thumb.webp,https://www.lapa.ninja/post/th3arena/
Lapa Ninja (Post),Stripe Dot Dev,BLOG,,,https://cdn.lapa.ninja/assets/images/1x/stripe-dev-thumb.webp,https://www.lapa.ninja/post/stripe-dev/
Lapa Ninja (Post),Delcap,FINTECH,,,https://cdn.lapa.ninja/assets/images/1x/delcap-thumb.webp,https://www.lapa.ninja/post/delcap/
Lapa Ninja (Post),Earthr,STUDIO,,,https://cdn.lapa.ninja/assets/images/1x/earthr-3-thumb.webp,https://www.lapa.ninja/post/earthr-3/
Lapa Ninja (Post),Morgenmete,MAGAZINE,,,https://cdn.lapa.ninja/assets/images/1x/morgenmete-thumb.webp,https://www.lapa.ninja/post/morgenmete/
Lapa Ninja (Post),we_sounds,FILM,,,https://cdn.lapa.ninja/assets/images/1x/we-sounds-thumb.webp,https://www.lapa.ninja/post/we-sounds/
Lapa Ninja (Post),The Garage,REAL ESTATE,,,https://cdn.lapa.ninja/assets/images/1x/thegarage-thumb.webp,https://www.lapa.ninja/post/thegarage/
Lapa Ninja (Post),Talgh,BEAUTY,,,https://cdn.lapa.ninja/assets/images/1x/talgh-thumb.webp,https://www.lapa.ninja/post/talgh/
Lapa Ninja (Post),Switch-Lit,SAAS,,,https://cdn.lapa.ninja/assets/images/1x/switch-lit-thumb.webp,https://www.lapa.ninja/post/switch-lit/
Lapa Ninja (Post),Privy,WEB3,,,https://cdn.lapa.ninja/assets/images/1x/privy-thumb.webp,https://www.lapa.ninja/post/privy/
Lapa Ninja (Post),Arcadia,PRODUCT,,,https://cdn.lapa.ninja/assets/images/1x/playarcadia-thumb.webp,https://www.lapa.ninja/post/playarcadia/
Lapa Ninja (Post),Gestisoft,AGENCY,,,https://cdn.lapa.ninja/assets/images/1x/gestisoft-thumb.webp,https://www.lapa.ninja/post/gestisoft/
Lapa Ninja (Post),Fol,STUDIO,,,https://cdn.lapa.ninja/assets/images/1x/fol-2-thumb.webp,https://www.lapa.ninja/post/fol-2/
Lapa Ninja (Post),Dan Tase,PORTFOLIO,,,https://cdn.lapa.ninja/assets/images/1x/dantase-thumb.webp,https://www.lapa.ninja/post/dantase/
Lapa Ninja (Post),Creativecom,AGENCY,,,https://cdn.lapa.ninja/assets/images/1x/creativecom-thumb.webp,https://www.lapa.ninja/post/creativecom/
Lapa Ninja (Post),Antonio Calvo,PORTFOLIO,,,https://cdn.lapa.ninja/assets/images/1x/antoniocalvoartandsoul-thumb.webp,https://www.lapa.ninja/post/antoniocalvoartandsoul/
Lapa Ninja (Post),Alligator Studio,STUDIO,,,https://cdn.lapa.ninja/assets/images/1x/alligatorstudio-thumb.webp,https://www.lapa.ninja/post/alligatorstudio/
Lapa Ninja (Post),ALF,PHOTOGRAPHY,,,https://cdn.lapa.ninja/assets/images/1x/alittlefly-thumb.webp,https://www.lapa.ninja/post/alittlefly/
Lapa Ninja (Post),admilk,AGENCY,,,https://cdn.lapa.ninja/assets/images/1x/admilk-thumb.webp,https://www.lapa.ninja/post/admilk/
Lapa Ninja (Post),hey.Valentin,PORTFOLIO,,,https://cdn.lapa.ninja/assets/images/1x/heyvalentin-2-thumb.webp,https://www.lapa.ninja/post/heyvalentin-2/
Lapa Ninja (Post),CRSL Carosello Lab,STUDIO,,,https://cdn.lapa.ninja/assets/images/1x/crsl-thumb.webp,https://www.lapa.ninja/post/crsl/
Lapa Ninja (Post),Bad Omens,ECOMMERCE,,,https://cdn.lapa.ninja/assets/images/1x/badomensofficial-thumb.webp,https://www.lapa.ninja/post/badomensofficial/
Lapa Ninja (Post),BUTT STUDIO,STUDIO,,,https://cdn.lapa.ninja/assets/images/1x/butt-studio-thumb.webp,https://www.lapa.ninja/post/butt-studio/
Lapa Ninja (Post),Roxane Hassler,PORTFOLIO,,,https://cdn.lapa.ninja/assets/images/1x/roxanehassler-thumb.webp,https://www.lapa.ninja/post/roxanehassler/
Lapa Ninja (Post),The OCT Game,GAME,,,https://cdn.lapa.ninja/assets/images/1x/theoct-thumb.webp,https://www.lapa.ninja/post/theoct/
Lapa Ninja (Post),Horatio,BUSINESS,,,https://cdn.lapa.ninja/assets/images/1x/hirehoratio-thumb.webp,https://www.lapa.ninja/post/hirehoratio/
Lapa Ninja (Post),Big Human,AGENCY,,,https://cdn.lapa.ninja/assets/images/1x/bighuman-2-thumb.webp,https://www.lapa.ninja/post/bighuman-2/
Lapa Ninja (Post),Aave,DEFI,,,https://cdn.lapa.ninja/assets/images/1x/aave-2-thumb.webp,https://www.lapa.ninja/post/aave-2/
Lapa Ninja (Post),Sketch Blog,BLOG,,,https://cdn.lapa.ninja/assets/images/1x/sketch-blog-thumb.webp,https://www.lapa.ninja/post/sketch-blog/
Lapa Ninja (Post),Claynosaurz,GAME,,,https://cdn.lapa.ninja/assets/images/1x/claynosaurz-thumb.webp,https://www.lapa.ninja/post/claynosaurz/
Lapa Ninja (Post),Théâtre-Sénart,CULTURE,,,https://cdn.lapa.ninja/assets/images/1x/theatre-senart-thumb.webp,https://www.lapa.ninja/post/theatre-senart/
Lapa Ninja (Post),Rodeo Club,APP,,,https://cdn.lapa.ninja/assets/images/1x/rodeo-thumb.webp,https://www.lapa.ninja/post/rodeo/
Lapa Ninja (Post),Piccalilli,BLOG,,,https://cdn.lapa.ninja/assets/images/1x/piccalilli-thumb.webp,https://www.lapa.ninja/post/piccalilli/
Lapa Ninja (Post),Webisoft,AGENCY,,,https://cdn.lapa.ninja/assets/images/1x/webisoft-thumb.webp,https://www.lapa.ninja/post/webisoft/
Lapa Ninja (Post),Intrepid Automation,BUSINESS,,,https://cdn.lapa.ninja/assets/images/1x/intrepidautomation-thumb.webp,https://www.lapa.ninja/post/intrepidautomation/
Lapa Ninja (Post),Cake Equity,SAAS,,,https://cdn.lapa.ninja/assets/images/1x/cakeequity-thumb.webp,https://www.lapa.ninja/post/cakeequity/
Lapa Ninja (Post),Anteverti,CORPORATE,,,https://cdn.lapa.ninja/assets/images/1x/anteverti-thumb.webp,https://www.lapa.ninja/post/anteverti/
Lapa Ninja (Post),CrowdCargo,BUSINESS,,,https://cdn.lapa.ninja/assets/images/1x/crowdcargo-thumb.webp,https://www.lapa.ninja/post/crowdcargo/
Lapa Ninja (Post),Dope Security,SAAS,,,https://cdn.lapa.ninja/assets/images/1x/dope-security-thumb.webp,https://www.lapa.ninja/post/dope-security/
Lapa Ninja (Post),LAS Art Foundation,CORPORATE,,,https://cdn.lapa.ninja/assets/images/1x/las-art-thumb.webp,https://www.lapa.ninja/post/las-art/
Lapa Ninja (Post),Sergey Lisovskiy,STUDIO,,,https://cdn.lapa.ninja/assets/images/1x/lisovskiy-thumb.webp,https://www.lapa.ninja/post/lisovskiy/
Lapa Ninja (Post),Long Wknd,BEAUTY,,,https://cdn.lapa.ninja/assets/images/1x/longwknd-thumb.webp,https://www.lapa.ninja/post/longwknd/
Lapa Ninja (Post),Ohmiego,PRODUCT,,,https://cdn.lapa.ninja/assets/images/1x/ohmiego-thumb.webp,https://www.lapa.ninja/post/ohmiego/
Lapa Ninja (Post),Tuple,DEVELOPMENT TOOLS,,,https://cdn.lapa.ninja/assets/images/1x/tuple-thumb.webp,https://www.lapa.ninja/post/tuple/
Lapa Ninja (Post),UnD NY,FOOD DRINKS,,,https://cdn.lapa.ninja/assets/images/1x/und-ny-thumb.webp,https://www.lapa.ninja/post/und-ny/
Lapa Ninja (Post),Spectrum.Life,HEALTH FITNESS,,,https://cdn.lapa.ninja/assets/images/1x/spectrum-life-thumb.webp,https://www.lapa.ninja/post/spectrum-life/
Lapa Ninja (Post),Make with Notion,EVENT,,,https://cdn.lapa.ninja/assets/images/1x/makewithnotion-thumb.webp,https://www.lapa.ninja/post/makewithnotion/
Lapa Ninja (Post),Arc Search,APP,,,https://cdn.lapa.ninja/assets/images/1x/arc-search-thumb.webp,https://www.lapa.ninja/post/arc-search/
Lapa Ninja (Post),CALA,FOOD DRINKS,,,https://cdn.lapa.ninja/assets/images/1x/eatcala-thumb.webp,https://www.lapa.ninja/post/eatcala/
Lapa Ninja (Post),OpenHome,ARTIFICIAL INTELLIGENCE,,,https://cdn.lapa.ninja/assets/images/1x/openhome-thumb.webp,https://www.lapa.ninja/post/openhome/
Lapa Ninja (Post),The Neuron,EDUCATION,,,https://cdn.lapa.ninja/assets/images/1x/theneuron-thumb.webp,https://www.lapa.ninja/post/theneuron/
Lapa Ninja (Post),Twice,ECOMMERCE,,,https://cdn.lapa.ninja/assets/images/1x/smiletwice-thumb.webp,https://www.lapa.ninja/post/smiletwice/
Lapa Ninja (Post),Atla AI,ARTIFICIAL INTELLIGENCE,,,https://cdn.lapa.ninja/assets/images/1x/atla-ai-thumb.webp,https://www.lapa.ninja/post/atla-ai/
Lapa Ninja (Post),SERIOUS.BUSINESS,AGENCY,,,https://cdn.lapa.ninja/assets/images/1x/serious-business-2-thumb.webp,https://www.lapa.ninja/post/serious-business-2/
Lapa Ninja (Post),VOLTA,AUTOMOTIVE,,,https://cdn.lapa.ninja/assets/images/1x/voltayachts-thumb.webp,https://www.lapa.ninja/post/voltayachts/
Lapa Ninja (Post),Runway AI,ARTIFICIAL INTELLIGENCE,,,https://cdn.lapa.ninja/assets/images/1x/runway-3-thumb.webp,https://www.lapa.ninja/post/runway-3/
Lapa Ninja (Post),Rodeo Club,SOCIAL MEDIA,,,https://cdn.lapa.ninja/assets/images/1x/rodeo-club-thumb.webp,https://www.lapa.ninja/post/rodeo-club/
Lapa Ninja (Post),Pano,SAAS,,,https://cdn.lapa.ninja/assets/images/1x/gopano-thumb.webp,https://www.lapa.ninja/post/gopano/
Lapa Ninja (Post),SOGAI,ARTIFICIAL INTELLIGENCE,,,https://cdn.lapa.ninja/assets/images/1x/sogaiart-thumb.webp,https://www.lapa.ninja/post/sogaiart/
Lapa Ninja (Post),Wondermake,AGENCY,,,https://cdn.lapa.ninja/assets/images/1x/wondermake-thumb.webp,https://www.lapa.ninja/post/wondermake/
Lapa Ninja (Post),Mrazek Tomas,PORTFOLIO,,,https://cdn.lapa.ninja/assets/images/1x/mrazek-tomas-thumb.webp,https://www.lapa.ninja/post/mrazek-tomas/
Lapa Ninja (Post),Wimp,FOOD DRINKS,,,https://cdn.lapa.ninja/assets/images/1x/wimpdecaf-2-thumb.webp,https://www.lapa.ninja/post/wimpdecaf-2/
Lapa Ninja (Post),TradeZero,FINTECH,,,https://cdn.lapa.ninja/assets/images/1x/tradezero-thumb.webp,https://www.lapa.ninja/post/tradezero/
Lapa Ninja (Post),Spacekayak,STUDIO,,,https://cdn.lapa.ninja/assets/images/1x/spacekayak-2-thumb.webp,https://www.lapa.ninja/post/spacekayak-2/
Lapa Ninja (Post),Lowe's Innovation Labs,FURNITURE INTERIORS,,,https://cdn.lapa.ninja/assets/images/1x/lowesinnovationlabs-thumb.webp,https://www.lapa.ninja/post/lowesinnovationlabs/
Lapa Ninja (Post),Rekorder Studios,STUDIO,,,https://cdn.lapa.ninja/assets/images/1x/rekorderstudios-thumb.webp,https://www.lapa.ninja/post/rekorderstudios/
Lapa Ninja (Post),Significo,STUDIO,,,https://cdn.lapa.ninja/assets/images/1x/significo-thumb.webp,https://www.lapa.ninja/post/significo/
Lapa Ninja (Post),The Little Grey Film,FILM,,,https://cdn.lapa.ninja/assets/images/1x/thelittlegreyfilm-thumb.webp,https://www.lapa.ninja/post/thelittlegreyfilm/
Lapa Ninja (Post),QUITE NICE,FOOD DRINKS,,,https://cdn.lapa.ninja/assets/images/1x/quitenice-thumb.webp,https://www.lapa.ninja/post/quitenice/
Lapa Ninja (Post),Reworkd AI,ARTIFICIAL INTELLIGENCE,,,https://cdn.lapa.ninja/assets/images/1x/reworkd-thumb.webp,https://www.lapa.ninja/post/reworkd/
Lapa Ninja (Post),Round Round,CORPORATE,,,https://cdn.lapa.ninja/assets/images/1x/roundandround-thumb.webp,https://www.lapa.ninja/post/roundandround/
Lapa Ninja (Post),Sebastian Camargo,PORTFOLIO,,,https://cdn.lapa.ninja/assets/images/1x/sebastiancamargo-thumb.webp,https://www.lapa.ninja/post/sebastiancamargo/
Lapa Ninja (Post),Spoil Me,APP,,,https://cdn.lapa.ninja/assets/images/1x/spoil-thumb.webp,https://www.lapa.ninja/post/spoil/
Lapa Ninja (Post),Stata Design,STUDIO,,,https://cdn.lapa.ninja/assets/images/1x/stata-thumb.webp,https://www.lapa.ninja/post/stata/
Lapa Ninja (Post),Supabase,OPEN SOURCE,,,https://cdn.lapa.ninja/assets/images/1x/supabase-thumb.webp,https://www.lapa.ninja/post/supabase/
Lapa Ninja (Post),Animus Studios,STUDIO,,,https://cdn.lapa.ninja/assets/images/1x/animusstudios-2-thumb.webp,https://www.lapa.ninja/post/animusstudios-2/
Lapa Ninja (Post),Framer,DESIGN TOOLS,,,https://cdn.lapa.ninja/assets/images/1x/framer-9-thumb.webp,https://www.lapa.ninja/post/framer-9/
Lapa Ninja (Post),Redbrick Coffee,FOOD DRINKS,,,https://cdn.lapa.ninja/assets/images/1x/redbrick-coffee-2-thumb.webp,https://www.lapa.ninja/post/redbrick-coffee-2/
Lapa Ninja (Post),Campsite,SAAS,,,https://cdn.lapa.ninja/assets/images/1x/campsite-3-thumb.webp,https://www.lapa.ninja/post/campsite-3/
Lapa Ninja (Post),Suzy Welch,PORTFOLIO,,,https://cdn.lapa.ninja/assets/images/1x/suzywelch-thumb.webp,https://www.lapa.ninja/post/suzywelch/
Lapa Ninja (Post),Git Merge 2024,EVENT,,,https://cdn.lapa.ninja/assets/images/1x/git-merge-thumb.webp,https://www.lapa.ninja/post/git-merge/
Lapa Ninja (Post),Recess,ECOMMERCE,,,https://cdn.lapa.ninja/assets/images/1x/ourrecess-thumb.webp,https://www.lapa.ninja/post/ourrecess/
Lapa Ninja (Post),Never Sit Still,AGENCY,,,https://cdn.lapa.ninja/assets/images/1x/neversitstill-2-thumb.webp,https://www.lapa.ninja/post/neversitstill-2/
Lapa Ninja (Post),teenage engineering,ECOMMERCE,,,https://cdn.lapa.ninja/assets/images/1x/teenage-engineering-3-thumb.webp,https://www.lapa.ninja/post/teenage-engineering-3/
Lapa Ninja (Post),Earthr,STUDIO,,,https://cdn.lapa.ninja/assets/images/1x/earthr-2-thumb.webp,https://www.lapa.ninja/post/earthr-2/
Lapa Ninja (Post),Studio Sentempo,STUDIO,,,https://cdn.lapa.ninja/assets/images/1x/studiosentempo-2-thumb.webp,https://www.lapa.ninja/post/studiosentempo-2/
Lapa Ninja (Post),CTRL Wallet,APP,,,https://cdn.lapa.ninja/assets/images/1x/ctrl-thumb.webp,https://www.lapa.ninja/post/ctrl/
Lapa Ninja (Post),erthos,CORPORATE,,,https://cdn.lapa.ninja/assets/images/1x/planeterthos-thumb.webp,https://www.lapa.ninja/post/planeterthos/
Lapa Ninja (Post),Shuttle,SAAS,,,https://cdn.lapa.ninja/assets/images/1x/shuttle-thumb.webp,https://www.lapa.ninja/post/shuttle/
Lapa Ninja (Post),Salus Ice,HEALTH FITNESS,,,https://cdn.lapa.ninja/assets/images/1x/salusice-thumb.webp,https://www.lapa.ninja/post/salusice/
Lapa Ninja (Post),Sabato Studio,STUDIO,,,https://cdn.lapa.ninja/assets/images/1x/sabato-studio-2-thumb.webp,https://www.lapa.ninja/post/sabato-studio-2/
Lapa Ninja (Post),Poo Paper,ECOMMERCE,,,https://cdn.lapa.ninja/assets/images/1x/poopaper-thumb.webp,https://www.lapa.ninja/post/poopaper/
Lapa Ninja (Post),Full Hearts,CORPORATE,,,https://cdn.lapa.ninja/assets/images/1x/fullhearts-thumb.webp,https://www.lapa.ninja/post/fullhearts/
Lapa Ninja (Post),Open Statement,STUDIO,,,https://cdn.lapa.ninja/assets/images/1x/openstatement-thumb.webp,https://www.lapa.ninja/post/openstatement/
Lapa Ninja (Post),⌘ Langbase,ARTIFICIAL INTELLIGENCE,,,https://cdn.lapa.ninja/assets/images/1x/langbase-thumb.webp,https://www.lapa.ninja/post/langbase/
Lapa Ninja (Post),Astro Party,ILLUSTRATION,,,https://cdn.lapa.ninja/assets/images/1x/astro-party-thumb.webp,https://www.lapa.ninja/post/astro-party/
Lapa Ninja (Post),Retronova,FASHION,,,https://cdn.lapa.ninja/assets/images/1x/retronovaworld-thumb.webp,https://www.lapa.ninja/post/retronovaworld/
Lapa Ninja (Post),CRED money,APP,,,https://cdn.lapa.ninja/assets/images/1x/cred-thumb.webp,https://www.lapa.ninja/post/cred/
Lapa Ninja (Post),Miro Intelligent Canvas,PRODUCTIVITY,,,https://cdn.lapa.ninja/assets/images/1x/miro-3-thumb.webp,https://www.lapa.ninja/post/miro-3/
Lapa Ninja (Post),(Re)vive,FASHION,,,https://cdn.lapa.ninja/assets/images/1x/byrevive-thumb.webp,https://www.lapa.ninja/post/byrevive/
Lapa Ninja (Post),Aave,DEFI,,,https://cdn.lapa.ninja/assets/images/1x/aave-thumb.webp,https://www.lapa.ninja/post/aave/
Lapa Ninja (Post),Visual Electric,ARTIFICIAL INTELLIGENCE,,,https://cdn.lapa.ninja/assets/images/1x/visualelectric-2-thumb.webp,https://www.lapa.ninja/post/visualelectric-2/
Lapa Ninja (Post),Alcest,ILLUSTRATION,,,https://cdn.lapa.ninja/assets/images/1x/alcestmusic-thumb.webp,https://www.lapa.ninja/post/alcestmusic/
Lapa Ninja (Post),LOBATO,AGENCY,,,https://cdn.lapa.ninja/assets/images/1x/lobatos-thumb.webp,https://www.lapa.ninja/post/lobatos/
Lapa Ninja (Post),Blok,HARDWARE,,,https://cdn.lapa.ninja/assets/images/1x/blok-thumb.webp,https://www.lapa.ninja/post/blok/
Lapa Ninja (Post),Rome,BLOCKCHAIN,,,https://cdn.lapa.ninja/assets/images/1x/rome-thumb.webp,https://www.lapa.ninja/post/rome/
Lapa Ninja (Post),Appart Agency,AGENCY,,,https://cdn.lapa.ninja/assets/images/1x/appart-agency-thumb.webp,https://www.lapa.ninja/post/appart-agency/
Lapa Ninja (Post),FastHTML,SAAS,,,https://cdn.lapa.ninja/assets/images/1x/fasthtml-thumb.webp,https://www.lapa.ninja/post/fasthtml/
Lapa Ninja (Post),IISE,FASHION,,,https://cdn.lapa.ninja/assets/images/1x/iise-thumb.webp,https://www.lapa.ninja/post/iise/
Lapa Ninja (Post),Harvard University,EDUCATION,,,https://cdn.lapa.ninja/assets/images/1x/harvard-2-thumb.webp,https://www.lapa.ninja/post/harvard-2/
Lapa Ninja (Post),Fabric,PRODUCTIVITY,,,https://cdn.lapa.ninja/assets/images/1x/fabric-so-thumb.webp,https://www.lapa.ninja/post/fabric-so/
Lapa Ninja (Post),Vadim Makeev,PORTFOLIO,,,https://cdn.lapa.ninja/assets/images/1x/pepelsbey-thumb.webp,https://www.lapa.ninja/post/pepelsbey/
Lapa Ninja (Post),GRAYSCALE STUDIO,STUDIO,,,https://cdn.lapa.ninja/assets/images/1x/grayscale-studio-thumb.webp,https://www.lapa.ninja/post/grayscale-studio/
Lapa Ninja (Post),The Other Glasses,ECOMMERCE,,,https://cdn.lapa.ninja/assets/images/1x/theotherglasses-thumb.webp,https://www.lapa.ninja/post/theotherglasses/
Lapa Ninja (Post),Joyeux Repas,AGENCY,,,https://cdn.lapa.ninja/assets/images/1x/joyeux-repas-thumb.webp,https://www.lapa.ninja/post/joyeux-repas/
Lapa Ninja (Post),Silv Studio,STUDIO,,,https://cdn.lapa.ninja/assets/images/1x/silvstudio-thumb.webp,https://www.lapa.ninja/post/silvstudio/
Lapa Ninja (Post),Better Off Studio,STUDIO,,,https://cdn.lapa.ninja/assets/images/1x/betteroff-studio-thumb.webp,https://www.lapa.ninja/post/betteroff-studio/
Lapa Ninja (Post),Eclipse,CRYPTOCURRENCY,,,https://cdn.lapa.ninja/assets/images/1x/eclipse-xyz-thumb.webp,https://www.lapa.ninja/post/eclipse-xyz/
Lapa Ninja (Post),SNEAKER,FASHION,,,https://cdn.lapa.ninja/assets/images/1x/sneaker-thumb.webp,https://www.lapa.ninja/post/sneaker/
Lapa Ninja (Post),Be The Buzz,AGENCY,,,https://cdn.lapa.ninja/assets/images/1x/bethebuzz-thumb.webp,https://www.lapa.ninja/post/bethebuzz/
Lapa Ninja (Post),Clay,SAAS,,,https://cdn.lapa.ninja/assets/images/1x/clay-com-thumb.webp,https://www.lapa.ninja/post/clay-com/
Lapa Ninja (Post),DAILY BRANDING,DESIGN TOOLS,,,https://cdn.lapa.ninja/assets/images/1x/dailybranding-thumb.webp,https://www.lapa.ninja/post/dailybranding/
Lapa Ninja (Post),Watson,AGENCY,,,https://cdn.lapa.ninja/assets/images/1x/watson-2-thumb.webp,https://www.lapa.ninja/post/watson-2/
Lapa Ninja (Post),Standard Equipment,ECOMMERCE,,,https://cdn.lapa.ninja/assets/images/1x/standardequipment-thumb.webp,https://www.lapa.ninja/post/standardequipment/
Lapa Ninja (Post),Super Hello,AGENCY,,,https://cdn.lapa.ninja/assets/images/1x/superhello-thumb.webp,https://www.lapa.ninja/post/superhello/
Lapa Ninja (Post),Seline,SAAS,,,https://cdn.lapa.ninja/assets/images/1x/seline-thumb.webp,https://www.lapa.ninja/post/seline/
Lapa Ninja (Post),DesignStudio,AGENCY,,,https://cdn.lapa.ninja/assets/images/1x/design-studio-thumb.webp,https://www.lapa.ninja/post/design-studio/
Lapa Ninja (Post),YOWIE,ECOMMERCE,,,https://cdn.lapa.ninja/assets/images/1x/helloyowie-thumb.webp,https://www.lapa.ninja/post/helloyowie/
Lapa Ninja (Post),Chrono,FASHION,,,https://cdn.lapa.ninja/assets/images/1x/chronothreads-thumb.webp,https://www.lapa.ninja/post/chronothreads/
Lapa Ninja (Post),Haus,AGENCY,,,https://cdn.lapa.ninja/assets/images/1x/madeinhaus-thumb.webp,https://www.lapa.ninja/post/madeinhaus/
Lapa Ninja (Post),Nicolas Giannantonio,PORTFOLIO,,,https://cdn.lapa.ninja/assets/images/1x/nicolas-giannantonio-thumb.webp,https://www.lapa.ninja/post/nicolas-giannantonio/
Lapa Ninja (Post),Vitali Zahharov,PORTFOLIO,,,https://cdn.lapa.ninja/assets/images/1x/vitali-2-thumb.webp,https://www.lapa.ninja/post/vitali-2/
Lapa Ninja (Post),Isle of Skye Whisky,FOOD DRINKS,,,https://cdn.lapa.ninja/assets/images/1x/isleofskyewhisky-thumb.webp,https://www.lapa.ninja/post/isleofskyewhisky/
Lapa Ninja (Post),Titan,APP,,,https://cdn.lapa.ninja/assets/images/1x/titan-thumb.webp,https://www.lapa.ninja/post/titan/
Lapa Ninja (Post),Jess Wang,PORTFOLIO,,,https://cdn.lapa.ninja/assets/images/1x/jwang-thumb.webp,https://www.lapa.ninja/post/jwang/
Lapa Ninja (Post),Mill,ECOMMERCE,,,https://cdn.lapa.ninja/assets/images/1x/mill-2-thumb.webp,https://www.lapa.ninja/post/mill-2/
Lapa Ninja (Post),Librairie Expérience,ECOMMERCE,,,https://cdn.lapa.ninja/assets/images/1x/librairie-experience-thumb.webp,https://www.lapa.ninja/post/librairie-experience/
Lapa Ninja (Post),Raus,REAL ESTATE,,,https://cdn.lapa.ninja/assets/images/1x/raus-thumb.webp,https://www.lapa.ninja/post/raus/
Lapa Ninja (Post),MYTH,WEB3,,,https://cdn.lapa.ninja/assets/images/1x/myth-thumb.webp,https://www.lapa.ninja/post/myth/
Lapa Ninja (Post),"Hey, Bay City!",COMMUNITY,,,https://cdn.lapa.ninja/assets/images/1x/heybaycity-thumb.webp,https://www.lapa.ninja/post/heybaycity/
Lapa Ninja (Post),Heva Health,HEALTH FITNESS,,,https://cdn.lapa.ninja/assets/images/1x/hevahealth-thumb.webp,https://www.lapa.ninja/post/hevahealth/
Lapa Ninja (Post),Yann-Edern Gillet,PORTFOLIO,,,https://cdn.lapa.ninja/assets/images/1x/yannglt-2-thumb.webp,https://www.lapa.ninja/post/yannglt-2/
Lapa Ninja (Post),SFI,FASHION,,,https://cdn.lapa.ninja/assets/images/1x/starfadesinternational-thumb.webp,https://www.lapa.ninja/post/starfadesinternational/
Lapa Ninja (Post),Codex,BLOCKCHAIN,,,https://cdn.lapa.ninja/assets/images/1x/codex-thumb.webp,https://www.lapa.ninja/post/codex/
Lapa Ninja (Post),tinyPod,HARDWARE,,,https://cdn.lapa.ninja/assets/images/1x/thetinypod-thumb.webp,https://www.lapa.ninja/post/thetinypod/
Lapa Ninja (Post),Cob,FOOD DRINKS,,,https://cdn.lapa.ninja/assets/images/1x/cobfoods-thumb.webp,https://www.lapa.ninja/post/cobfoods/
Lapa Ninja (Post),Dogelon Mars,ILLUSTRATION,,,https://cdn.lapa.ninja/assets/images/1x/dogelonmars-thumb.webp,https://www.lapa.ninja/post/dogelonmars/
Lapa Ninja (Post),Quin,SAAS,,,https://cdn.lapa.ninja/assets/images/1x/heyquin-thumb.jpg,https://www.lapa.ninja/post/heyquin/
Lapa Ninja (Post),Strategyzer,ILLUSTRATION,,,https://cdn.lapa.ninja/assets/images/1x/strategyzer-thumb.webp,https://www.lapa.ninja/post/strategyzer/
Lapa Ninja (Post),Ray Philly,REAL ESTATE,,,https://cdn.lapa.ninja/assets/images/1x/rayphilly-thumb.webp,https://www.lapa.ninja/post/rayphilly/
Lapa Ninja (Post),Populous,CORPORATE,,,https://cdn.lapa.ninja/assets/images/1x/populous-thumb.webp,https://www.lapa.ninja/post/populous/
Lapa Ninja (Post),GitBook,PRODUCTIVITY,,,https://cdn.lapa.ninja/assets/images/1x/gitbook-4-thumb.webp,https://www.lapa.ninja/post/gitbook-4/
Lapa Ninja (Post),Eun Jeong Yoo,PORTFOLIO,,,https://cdn.lapa.ninja/assets/images/1x/eunjeongyoo-3-thumb.webp,https://www.lapa.ninja/post/eunjeongyoo-3/
Lapa Ninja (Post),Benjamin Hutter,PORTFOLIO,,,https://cdn.lapa.ninja/assets/images/1x/benjaminhutter-thumb.webp,https://www.lapa.ninja/post/benjaminhutter/
Lapa Ninja (Post),Harvard University,EDUCATION,,,https://cdn.lapa.ninja/assets/images/1x/harvard-thumb.webp,https://www.lapa.ninja/post/harvard/
Lapa Ninja (Post),ARTXCODE,WEB3,,,https://cdn.lapa.ninja/assets/images/1x/artxcode-thumb.webp,https://www.lapa.ninja/post/artxcode/
Lapa Ninja (Post),Morphic,DESIGN TOOLS,,,https://cdn.lapa.ninja/assets/images/1x/morphic-thumb.webp,https://www.lapa.ninja/post/morphic/
Lapa Ninja (Post),Kinfolk,MAGAZINE,,,https://cdn.lapa.ninja/assets/images/1x/kinfolk-thumb.webp,https://www.lapa.ninja/post/kinfolk/
Lapa Ninja (Post),Pursuit,APP,,,https://cdn.lapa.ninja/assets/images/1x/pursuit-thumb.webp,https://www.lapa.ninja/post/pursuit/
Lapa Ninja (Post),Fonts Ninja,TYPOGRAPHY,,,https://cdn.lapa.ninja/assets/images/1x/fonts-ninja-2-thumb.webp,https://www.lapa.ninja/post/fonts-ninja-2/
Lapa Ninja (Post),Wimp,FOOD DRINKS,,,https://cdn.lapa.ninja/assets/images/1x/wimpdecaf-thumb.webp,https://www.lapa.ninja/post/wimpdecaf/
Lapa Ninja (Post),Uxkosta,PORTFOLIO,,,https://cdn.lapa.ninja/assets/images/1x/uxkosta-thumb.webp,https://www.lapa.ninja/post/uxkosta/
Lapa Ninja (Post),STUDIO,DESIGN TOOLS,,,https://cdn.lapa.ninja/assets/images/1x/studio-design-4-thumb.webp,https://www.lapa.ninja/post/studio-design-4/
Lapa Ninja (Post),makemeplay,STUDIO,,,https://cdn.lapa.ninja/assets/images/1x/makemepulse-3-thumb.webp,https://www.lapa.ninja/post/makemepulse-3/
Lapa Ninja (Post),Little Troop,STUDIO,,,https://cdn.lapa.ninja/assets/images/1x/littletroop-thumb.webp,https://www.lapa.ninja/post/littletroop/
Lapa Ninja (Post),DePoly,CORPORATE,,,https://cdn.lapa.ninja/assets/images/1x/depoly-thumb.webp,https://www.lapa.ninja/post/depoly/
Lapa Ninja (Post),Artboard Studio,DESIGN TOOLS,,,https://cdn.lapa.ninja/assets/images/1x/artboard-studio-3-thumb.webp,https://www.lapa.ninja/post/artboard-studio-3/
Lapa Ninja (Post),Alex Hunting,AGENCY,,,https://cdn.lapa.ninja/assets/images/1x/alexhunting-thumb.webp,https://www.lapa.ninja/post/alexhunting/
Lapa Ninja (Post),Summa Equity,ILLUSTRATION,,,https://cdn.lapa.ninja/assets/images/1x/summaequity-thumb.webp,https://www.lapa.ninja/post/summaequity/
Lapa Ninja (Post),Cristina Gómez,PORTFOLIO,,,https://cdn.lapa.ninja/assets/images/1x/cristinagomezruiz-thumb.webp,https://www.lapa.ninja/post/cristinagomezruiz/
Lapa Ninja (Post),+13322566869,PORTFOLIO,,,https://cdn.lapa.ninja/assets/images/1x/13322566869-thumb.webp,https://www.lapa.ninja/post/13322566869/
Lapa Ninja (Post),Decathland,ILLUSTRATION,,,https://cdn.lapa.ninja/assets/images/1x/decathland-thumb.webp,https://www.lapa.ninja/post/decathland/
Lapa Ninja (Post),unplain,BEAUTY,,,https://cdn.lapa.ninja/assets/images/1x/unplainofficial-thumb.webp,https://www.lapa.ninja/post/unplainofficial/
Lapa Ninja (Post),Made Crate,ECOMMERCE,,,https://cdn.lapa.ninja/assets/images/1x/madecrate-thumb.webp,https://www.lapa.ninja/post/madecrate/
Lapa Ninja (Post),Alipo,ECOMMERCE,,,https://cdn.lapa.ninja/assets/images/1x/alipo-thumb.webp,https://www.lapa.ninja/post/alipo/
Lapa Ninja (Post),ENS Domains,WEB3,,,https://cdn.lapa.ninja/assets/images/1x/ens-domains-thumb.webp,https://www.lapa.ninja/post/ens-domains/
Lapa Ninja (Post),Ethos Network,BLOCKCHAIN,,,https://cdn.lapa.ninja/assets/images/1x/ethos-network-thumb.webp,https://www.lapa.ninja/post/ethos-network/
Lapa Ninja (Post),Yuna,ILLUSTRATION,,,https://cdn.lapa.ninja/assets/images/1x/yunastories-thumb.webp,https://www.lapa.ninja/post/yunastories/
Lapa Ninja (Post),Studio Size,STUDIO,,,https://cdn.lapa.ninja/assets/images/1x/studio-size-thumb.webp,https://www.lapa.ninja/post/studio-size/
Lapa Ninja (Post),Den.Cool,STUDIO,,,https://cdn.lapa.ninja/assets/images/1x/den-cool-thumb.webp,https://www.lapa.ninja/post/den-cool/
Lapa Ninja (Post),LFG,BLOCKCHAIN,,,https://cdn.lapa.ninja/assets/images/1x/lfg-cash-thumb.webp,https://www.lapa.ninja/post/lfg-cash/
Lapa Ninja (Post),Sugar,HEALTH FITNESS,,,https://cdn.lapa.ninja/assets/images/1x/sugar-thumb.webp,https://www.lapa.ninja/post/sugar/
Lapa Ninja (Post),Todoist,PRODUCTIVITY,,,https://cdn.lapa.ninja/assets/images/1x/todoist-5-thumb.webp,https://www.lapa.ninja/post/todoist-5/
Lapa Ninja (Post),Jose Ocando,PORTFOLIO,,,https://cdn.lapa.ninja/assets/images/1x/joseocando-thumb.webp,https://www.lapa.ninja/post/joseocando/
Lapa Ninja (Post),Accordion,AGENCY,,,https://cdn.lapa.ninja/assets/images/1x/accordion-thumb.webp,https://www.lapa.ninja/post/accordion/
Lapa Ninja (Post),Alastair Strong Studio,STUDIO,,,https://cdn.lapa.ninja/assets/images/1x/alastairstrong-thumb.webp,https://www.lapa.ninja/post/alastairstrong/
Lapa Ninja (Post),FEASTIE,EVENT,,,https://cdn.lapa.ninja/assets/images/1x/feastie-thumb.webp,https://www.lapa.ninja/post/feastie/
Lapa Ninja (Post),Matrix,VENTURES,,,https://cdn.lapa.ninja/assets/images/1x/matrix-thumb.webp,https://www.lapa.ninja/post/matrix/
Lapa Ninja (Post),Lithic,SAAS,,,https://cdn.lapa.ninja/assets/images/1x/lithic-2-thumb.webp,https://www.lapa.ninja/post/lithic-2/
Lapa Ninja (Post),Oddit,AGENCY,,,https://cdn.lapa.ninja/assets/images/1x/oddit-thumb.webp,https://www.lapa.ninja/post/oddit/
Lapa Ninja (Post),Linda Ikechukwu,PORTFOLIO,,,https://cdn.lapa.ninja/assets/images/1x/lindaikechukwu-thumb.webp,https://www.lapa.ninja/post/lindaikechukwu/
Lapa Ninja (Post),Tinyman,TECHNOLOGY,,,https://cdn.lapa.ninja/assets/images/1x/tinyman-thumb.webp,https://www.lapa.ninja/post/tinyman/
Lapa Ninja (Post),Drex,PORTFOLIO,,,https://cdn.lapa.ninja/assets/images/1x/drex-thumb.webp,https://www.lapa.ninja/post/drex/
Lapa Ninja (Post),Thibaut Crépelle,PORTFOLIO,,,https://cdn.lapa.ninja/assets/images/1x/thibaut-thumb.webp,https://www.lapa.ninja/post/thibaut/
Lapa Ninja (Post),Anyways,AGENCY,,,https://cdn.lapa.ninja/assets/images/1x/anyways-thumb.webp,https://www.lapa.ninja/post/anyways/
Lapa Ninja (Post),Litebox,AGENCY,,,https://cdn.lapa.ninja/assets/images/1x/litebox-thumb.webp,https://www.lapa.ninja/post/litebox/
Lapa Ninja (Post),STR8FIRE,WEB3,,,https://cdn.lapa.ninja/assets/images/1x/str8fire-thumb.webp,https://www.lapa.ninja/post/str8fire/
Lapa Ninja (Post),Zero Studios,AGENCY,,,https://cdn.lapa.ninja/assets/images/1x/zero-2-thumb.webp,https://www.lapa.ninja/post/zero-2/
Lapa Ninja (Post),Due,FINTECH,,,https://cdn.lapa.ninja/assets/images/1x/opendue-thumb.webp,https://www.lapa.ninja/post/opendue/
Lapa Ninja (Post),Bike Time,ECOMMERCE,,,https://cdn.lapa.ninja/assets/images/1x/bike-time-thumb.webp,https://www.lapa.ninja/post/bike-time/
Lapa Ninja (Post),Underline Colorado Springs,ILLUSTRATION,,,https://cdn.lapa.ninja/assets/images/1x/underline-thumb.webp,https://www.lapa.ninja/post/underline/
Lapa Ninja (Post),Guts Agency,AGENCY,,,https://cdn.lapa.ninja/assets/images/1x/guts-thumb.webp,https://www.lapa.ninja/post/guts/
Lapa Ninja (Post),tbh,CORPORATE,,,https://cdn.lapa.ninja/assets/images/1x/tbh-thumb.webp,https://www.lapa.ninja/post/tbh/
Lapa Ninja (Post),Little Plains,STUDIO,,,https://cdn.lapa.ninja/assets/images/1x/littleplains-thumb.webp,https://www.lapa.ninja/post/littleplains/
Lapa Ninja (Post),BYPG,CORPORATE,,,https://cdn.lapa.ninja/assets/images/1x/bypg-thumb.webp,https://www.lapa.ninja/post/bypg/
Lapa Ninja (Post),The Modern Dentist,HEALTH FITNESS,,,https://cdn.lapa.ninja/assets/images/1x/themoderndentist-thumb.webp,https://www.lapa.ninja/post/themoderndentist/
Lapa Ninja (Post),SĀDH,FASHION,,,https://cdn.lapa.ninja/assets/images/1x/sadh-thumb.webp,https://www.lapa.ninja/post/sadh/
Lapa Ninja (Post),Tricky Knot,CORPORATE,,,https://cdn.lapa.ninja/assets/images/1x/trickyknot-thumb.webp,https://www.lapa.ninja/post/trickyknot/
Lapa Ninja (Post),Fasset,APP,,,https://cdn.lapa.ninja/assets/images/1x/fasset-thumb.webp,https://www.lapa.ninja/post/fasset/
Lapa Ninja (Post),Krepling,SAAS,,,https://cdn.lapa.ninja/assets/images/1x/krepling-thumb.webp,https://www.lapa.ninja/post/krepling/
Lapa Ninja (Post),DES,COURSE,,,https://cdn.lapa.ninja/assets/images/1x/des-by-obys-thumb.webp,https://www.lapa.ninja/post/des-by-obys/
Lapa Ninja (Post),Bihua,STUDIO,,,https://cdn.lapa.ninja/assets/images/1x/bihua-thumb.webp,https://www.lapa.ninja/post/bihua/
Lapa Ninja (Post),Léonard Oliviéro,PHOTOGRAPHY,,,https://cdn.lapa.ninja/assets/images/1x/leonardoliviero-thumb.webp,https://www.lapa.ninja/post/leonardoliviero/
Lapa Ninja (Post),Superhuman,MAIL,,,https://cdn.lapa.ninja/assets/images/1x/superhuman-thumb.webp,https://www.lapa.ninja/post/superhuman/
Lapa Ninja (Post),Revenant,STUDIO,,,https://cdn.lapa.ninja/assets/images/1x/revenant-thumb.webp,https://www.lapa.ninja/post/revenant/
Lapa Ninja (Post),Figma,DESIGN TOOLS,,,https://cdn.lapa.ninja/assets/images/1x/figma-5-thumb.webp,https://www.lapa.ninja/post/figma-5/
Lapa Ninja (Post),CargoKite,BUSINESS,,,https://cdn.lapa.ninja/assets/images/1x/cargokite-thumb.webp,https://www.lapa.ninja/post/cargokite/
Lapa Ninja (Post),Kanak,ECOMMERCE,,,https://cdn.lapa.ninja/assets/images/1x/kanaknaturals-thumb.webp,https://www.lapa.ninja/post/kanaknaturals/
Lapa Ninja (Post),Mercury,FINTECH,,,https://cdn.lapa.ninja/assets/images/1x/mercury-thumb.webp,https://www.lapa.ninja/post/mercury/
Lapa Ninja (Post),Babes by Petra Voice,NFT,,,https://cdn.lapa.ninja/assets/images/1x/babes-thumb.webp,https://www.lapa.ninja/post/babes/
Lapa Ninja (Post),Sonar,STUDIO,,,https://cdn.lapa.ninja/assets/images/1x/sonarmusic-thumb.webp,https://www.lapa.ninja/post/sonarmusic/
Lapa Ninja (Post),METALWORKS,ECOMMERCE,,,https://cdn.lapa.ninja/assets/images/1x/metalworks-thumb.webp,https://www.lapa.ninja/post/metalworks/
Lapa Ninja (Post),Bored Cow,FOOD DRINKS,,,https://cdn.lapa.ninja/assets/images/1x/tryboredcow-thumb.webp,https://www.lapa.ninja/post/tryboredcow/
Lapa Ninja (Post),Podscan.fm,SAAS,,,https://cdn.lapa.ninja/assets/images/1x/podscan-thumb.webp,https://www.lapa.ninja/post/podscan/
Lapa Ninja (Post),Clarisse Michard,PORTFOLIO,,,https://cdn.lapa.ninja/assets/images/1x/clarissemichard-thumb.webp,https://www.lapa.ninja/post/clarissemichard/
Lapa Ninja (Post),XOTC,FINTECH,,,https://cdn.lapa.ninja/assets/images/1x/xotc-thumb.webp,https://www.lapa.ninja/post/xotc/
Lapa Ninja (Post),Zenith VC,VENTURES,,,https://cdn.lapa.ninja/assets/images/1x/zenithvc-thumb.webp,https://www.lapa.ninja/post/zenithvc/
Lapa Ninja (Post),Planpoint,SAAS,,,https://cdn.lapa.ninja/assets/images/1x/planpoint-thumb.webp,https://www.lapa.ninja/post/planpoint/
Lapa Ninja (Post),Planhat,SAAS,,,https://cdn.lapa.ninja/assets/images/1x/planhat-thumb.webp,https://www.lapa.ninja/post/planhat/
Lapa Ninja (Post),Workflow,PRODUCTIVITY,,,https://cdn.lapa.ninja/assets/images/1x/workflow-thumb.webp,https://www.lapa.ninja/post/workflow/
Lapa Ninja (Post),PILOT.REPUBLIK,CORPORATE,,,https://cdn.lapa.ninja/assets/images/1x/pilot-republic-thumb.webp,https://www.lapa.ninja/post/pilot-republic/
Lapa Ninja (Post),Axis,FINANCE,,,https://cdn.lapa.ninja/assets/images/1x/axis-thumb.webp,https://www.lapa.ninja/post/axis/
Lapa Ninja (Post),Acctual,SAAS,,,https://cdn.lapa.ninja/assets/images/1x/acctual-thumb.webp,https://www.lapa.ninja/post/acctual/
Lapa Ninja (Post),Just Salad,FOOD DRINKS,,,https://cdn.lapa.ninja/assets/images/1x/justsalad-thumb.webp,https://www.lapa.ninja/post/justsalad/
Lapa Ninja (Post),ANAI,BUSINESS,,,https://cdn.lapa.ninja/assets/images/1x/anaiwood-thumb.webp,https://www.lapa.ninja/post/anaiwood/
Lapa Ninja (Post),Contra,FREELANCE,,,https://cdn.lapa.ninja/assets/images/1x/contra-4-thumb.webp,https://www.lapa.ninja/post/contra-4/
Lapa Ninja (Post),Uizard,DESIGN TOOLS,,,https://cdn.lapa.ninja/assets/images/1x/uizard-2-thumb.webp,https://www.lapa.ninja/post/uizard-2/
Lapa Ninja (Post),Okay Dev,SOCIAL MEDIA,,,https://cdn.lapa.ninja/assets/images/1x/okaydev-thumb.webp,https://www.lapa.ninja/post/okaydev/
Lapa Ninja (Post),FOLLOW,STUDIO,,,https://cdn.lapa.ninja/assets/images/1x/followarchitecture-thumb.webp,https://www.lapa.ninja/post/followarchitecture/
Lapa Ninja (Post),Flow,STUDIO,,,https://cdn.lapa.ninja/assets/images/1x/justgowiththeflow-thumb.webp,https://www.lapa.ninja/post/justgowiththeflow/
Lapa Ninja (Post),Feast Studio,STUDIO,,,https://cdn.lapa.ninja/assets/images/1x/feast-thumb.webp,https://www.lapa.ninja/post/feast/
Lapa Ninja (Post),QuadroDesign,HOME LIVING,,,https://cdn.lapa.ninja/assets/images/1x/quadrodesign-thumb.webp,https://www.lapa.ninja/post/quadrodesign/
Lapa Ninja (Post),Nike Winter ‘24,FASHION,,,https://cdn.lapa.ninja/assets/images/1x/nikewinter24-thumb.webp,https://www.lapa.ninja/post/nikewinter24/
Lapa Ninja (Post),Fly,SAAS,,,https://cdn.lapa.ninja/assets/images/1x/fly-2-thumb.webp,https://www.lapa.ninja/post/fly-2/
Lapa Ninja (Post),Paper + Land,ECOMMERCE,,,https://cdn.lapa.ninja/assets/images/1x/paperandland-thumb.webp,https://www.lapa.ninja/post/paperandland/
Lapa Ninja (Post),Juxtapose,CORPORATE,,,https://cdn.lapa.ninja/assets/images/1x/juxtapose-thumb.webp,https://www.lapa.ninja/post/juxtapose/
Lapa Ninja (Post),ORBIT,ENTERTAINMENT,,,https://cdn.lapa.ninja/assets/images/1x/orbitaudiovisuals-thumb.webp,https://www.lapa.ninja/post/orbitaudiovisuals/
Lapa Ninja (Post),Allfeat,BLOCKCHAIN,,,https://cdn.lapa.ninja/assets/images/1x/allfeat-thumb.webp,https://www.lapa.ninja/post/allfeat/
Lapa Ninja (Post),Huly,SAAS,,,https://cdn.lapa.ninja/assets/images/1x/huly-thumb.webp,https://www.lapa.ninja/post/huly/
Lapa Ninja (Post),Hatch,SAAS,,,https://cdn.lapa.ninja/assets/images/1x/hatch-fm-thumb.webp,https://www.lapa.ninja/post/hatch-fm/
Lapa Ninja (Post),Kevin Mao,PORTFOLIO,,,https://cdn.lapa.ninja/assets/images/1x/kmao-thumb.webp,https://www.lapa.ninja/post/kmao/
Lapa Ninja (Post),Linear,SAAS,,,https://cdn.lapa.ninja/assets/images/1x/linear-4-thumb.webp,https://www.lapa.ninja/post/linear-4/
Lapa Ninja (Post),Siddharth,PORTFOLIO,,,https://cdn.lapa.ninja/assets/images/1x/itsiddharth-thumb.webp,https://www.lapa.ninja/post/itsiddharth/
Lapa Ninja (Post),Sebastiaan de With,PORTFOLIO,,,https://cdn.lapa.ninja/assets/images/1x/sdw-thumb.webp,https://www.lapa.ninja/post/sdw/
Lapa Ninja (Post),Refokus,AGENCY,,,https://cdn.lapa.ninja/assets/images/1x/refokus-thumb.webp,https://www.lapa.ninja/post/refokus/
Lapa Ninja (Post),All You Can Design,PORTFOLIO,,,https://cdn.lapa.ninja/assets/images/1x/allyoucan-thumb.webp,https://www.lapa.ninja/post/allyoucan/
Lapa Ninja (Post),Liveblocks,SAAS,,,https://cdn.lapa.ninja/assets/images/1x/liveblocks-3-thumb.webp,https://www.lapa.ninja/post/liveblocks-3/
Lapa Ninja (Post),Decoding Bio,CORPORATE,,,https://cdn.lapa.ninja/assets/images/1x/decodingbio-thumb.webp,https://www.lapa.ninja/post/decodingbio/
Lapa Ninja (Post),Pirsch,SAAS,,,https://cdn.lapa.ninja/assets/images/1x/pirsch-2-thumb.webp,https://www.lapa.ninja/post/pirsch-2/
Lapa Ninja (Post),Charter Wallet,APP,,,https://cdn.lapa.ninja/assets/images/1x/charterlabs-thumb.webp,https://www.lapa.ninja/post/charterlabs/
Lapa Ninja (Post),OpenServ,ARTIFICIAL INTELLIGENCE,,,https://cdn.lapa.ninja/assets/images/1x/openserv-thumb.webp,https://www.lapa.ninja/post/openserv/
Lapa Ninja (Post),Impilo,HEALTH FITNESS,,,https://cdn.lapa.ninja/assets/images/1x/impilo-thumb.webp,https://www.lapa.ninja/post/impilo/
Lapa Ninja (Post),Colin & Samir,STUDIO,,,https://cdn.lapa.ninja/assets/images/1x/colinandsamir-thumb.webp,https://www.lapa.ninja/post/colinandsamir/
Lapa Ninja (Post),207ouest,ECOMMERCE,,,https://cdn.lapa.ninja/assets/images/1x/207ouest-thumb.webp,https://www.lapa.ninja/post/207ouest/
Lapa Ninja (Post),Guy Morgan,BEAUTY,,,https://cdn.lapa.ninja/assets/images/1x/guy-morgan-thumb.webp,https://www.lapa.ninja/post/guy-morgan/
Lapa Ninja (Post),Apron,PRODUCTIVITY,,,https://cdn.lapa.ninja/assets/images/1x/getapron-thumb.webp,https://www.lapa.ninja/post/getapron/
Lapa Ninja (Post),Luis Bizarro,PORTFOLIO,,,https://cdn.lapa.ninja/assets/images/1x/bizarro-thumb.webp,https://www.lapa.ninja/post/bizarro/
Lapa Ninja (Post),NYBG,OUTDOORS TRAVEL,,,https://cdn.lapa.ninja/assets/images/1x/nybg-thumb.webp,https://www.lapa.ninja/post/nybg/
Lapa Ninja (Post),SLOT,APP,,,https://cdn.lapa.ninja/assets/images/1x/slotapp-thumb.webp,https://www.lapa.ninja/post/slotapp/
Lapa Ninja (Post),Victoria Heim,PORTFOLIO,,,https://cdn.lapa.ninja/assets/images/1x/victoriaheim-thumb.webp,https://www.lapa.ninja/post/victoriaheim/
Lapa Ninja (Post),Glyphy,DESIGN TOOLS,,,https://cdn.lapa.ninja/assets/images/1x/glyphy-2-thumb.webp,https://www.lapa.ninja/post/glyphy-2/
Lapa Ninja (Post),Patch,SAAS,,,https://cdn.lapa.ninja/assets/images/1x/thepatchsystem-thumb.webp,https://www.lapa.ninja/post/thepatchsystem/
Lapa Ninja (Post),Stenger Bike,ECOMMERCE,,,https://cdn.lapa.ninja/assets/images/1x/stenger-bike-thumb.webp,https://www.lapa.ninja/post/stenger-bike/
Lapa Ninja (Post),Unfold,STUDIO,,,https://cdn.lapa.ninja/assets/images/1x/unfold-3-thumb.webp,https://www.lapa.ninja/post/unfold-3/
Lapa Ninja (Post),Holograph,SAAS,,,https://cdn.lapa.ninja/assets/images/1x/holograph-thumb.webp,https://www.lapa.ninja/post/holograph/
Lapa Ninja (Post),Huy Nguyen,PORTFOLIO,,,https://cdn.lapa.ninja/assets/images/1x/huyng-thumb.webp,https://www.lapa.ninja/post/huyng/
Lapa Ninja (Post),Amina Muaddi,FASHION,,,https://cdn.lapa.ninja/assets/images/1x/aminamuaddi-thumb.webp,https://www.lapa.ninja/post/aminamuaddi/
Lapa Ninja (Post),Buy Me a Coffee,SAAS,,,https://cdn.lapa.ninja/assets/images/1x/buymeacoffee-thumb.webp,https://www.lapa.ninja/post/buymeacoffee/
Lapa Ninja (Post),SupClub,EVENT,,,https://cdn.lapa.ninja/assets/images/1x/supclub-thumb.webp,https://www.lapa.ninja/post/supclub/
Lapa Ninja (Post),ERL Clothing,FASHION,,,https://cdn.lapa.ninja/assets/images/1x/erl-thumb.webp,https://www.lapa.ninja/post/erl/
Lapa Ninja (Post),Jan AI,ARTIFICIAL INTELLIGENCE,,,https://cdn.lapa.ninja/assets/images/1x/jan-ai-thumb.webp,https://www.lapa.ninja/post/jan-ai/
Lapa Ninja (Post),ListenUp!,ARTIFICIAL INTELLIGENCE,,,https://cdn.lapa.ninja/assets/images/1x/listenup-thumb.webp,https://www.lapa.ninja/post/listenup/
Lapa Ninja (Post),THE MERGE,EVENT,,,https://cdn.lapa.ninja/assets/images/1x/merge-thumb.webp,https://www.lapa.ninja/post/merge/
Lapa Ninja (Post),Moxie Strategies,CORPORATE,,,https://cdn.lapa.ninja/assets/images/1x/moxie-strategies-thumb.webp,https://www.lapa.ninja/post/moxie-strategies/
Lapa Ninja (Post),Flux Academy,COURSE,,,https://cdn.lapa.ninja/assets/images/1x/flux-academy-2-thumb.webp,https://www.lapa.ninja/post/flux-academy-2/
Lapa Ninja (Post),Nord Quantique,TECHNOLOGY,,,https://cdn.lapa.ninja/assets/images/1x/nordquantique-thumb.webp,https://www.lapa.ninja/post/nordquantique/
Lapa Ninja (Post),Adùn,FOOD DRINKS,,,https://cdn.lapa.ninja/assets/images/1x/getadun-thumb.webp,https://www.lapa.ninja/post/getadun/
Lapa Ninja (Post),Inkfish,AGENCY,,,https://cdn.lapa.ninja/assets/images/1x/inkfishnyc-thumb.webp,https://www.lapa.ninja/post/inkfishnyc/
Lapa Ninja (Post),Penpot,DESIGN TOOLS,,,https://cdn.lapa.ninja/assets/images/1x/penpot-thumb.webp,https://www.lapa.ninja/post/penpot/
Lapa Ninja (Post),PUBLIC SERV-CE,FASHION,,,https://cdn.lapa.ninja/assets/images/1x/publicserv-ce-thumb.webp,https://www.lapa.ninja/post/publicserv-ce/
Lapa Ninja (Post),Artemii Lebedev,PORTFOLIO,,,https://cdn.lapa.ninja/assets/images/1x/artemiilebedev-3-thumb.webp,https://www.lapa.ninja/post/artemiilebedev-3/
Lapa Ninja (Post),Present Space,CULTURE,,,https://cdn.lapa.ninja/assets/images/1x/presentspace-thumb.webp,https://www.lapa.ninja/post/presentspace/
Lapa Ninja (Post),Mobbin,PRODUCTIVITY,,,https://cdn.lapa.ninja/assets/images/1x/mobbin-thumb.webp,https://www.lapa.ninja/post/mobbin/
Lapa Ninja (Post),Heyday,STUDIO,,,https://cdn.lapa.ninja/assets/images/1x/heydaystudio-thumb.webp,https://www.lapa.ninja/post/heydaystudio/
Lapa Ninja (Post),Bemo,STUDIO,,,https://cdn.lapa.ninja/assets/images/1x/bemo-thumb.webp,https://www.lapa.ninja/post/bemo/
Lapa Ninja (Post),Afina,ECOMMERCE,,,https://cdn.lapa.ninja/assets/images/1x/afina-thumb.webp,https://www.lapa.ninja/post/afina/
Lapa Ninja (Post),Work is Play,STUDIO,,,https://cdn.lapa.ninja/assets/images/1x/workisplay-thumb.webp,https://www.lapa.ninja/post/workisplay/
Lapa Ninja (Post),Daylight Computer,ECOMMERCE,,,https://cdn.lapa.ninja/assets/images/1x/daylightcomputer-thumb.webp,https://www.lapa.ninja/post/daylightcomputer/
Lapa Ninja (Post),Quilt,HARDWARE,,,https://cdn.lapa.ninja/assets/images/1x/quilt-thumb.webp,https://www.lapa.ninja/post/quilt/
Lapa Ninja (Post),Bitesized,AGENCY,,,https://cdn.lapa.ninja/assets/images/1x/bitesized-thumb.webp,https://www.lapa.ninja/post/bitesized/
Lapa Ninja (Post),Baseline Design,EDUCATION,,,https://cdn.lapa.ninja/assets/images/1x/baselinedesign-thumb.webp,https://www.lapa.ninja/post/baselinedesign/
Lapa Ninja (Post),specs.berlin,ECOMMERCE,,,https://cdn.lapa.ninja/assets/images/1x/specs-berlin-thumb.webp,https://www.lapa.ninja/post/specs-berlin/
Lapa Ninja (Post),Textla,SAAS,,,https://cdn.lapa.ninja/assets/images/1x/textla-thumb.webp,https://www.lapa.ninja/post/textla/
Lapa Ninja (Post),SaveDay,PRODUCTIVITY,,,https://cdn.lapa.ninja/assets/images/1x/save-day-2-thumb.webp,https://www.lapa.ninja/post/save-day-2/
Lapa Ninja (Post),Circle,SAAS,,,https://cdn.lapa.ninja/assets/images/1x/circleso-2-thumb.webp,https://www.lapa.ninja/post/circleso-2/
Lapa Ninja (Post),Figdam,SAAS,,,https://cdn.lapa.ninja/assets/images/1x/figdam-thumb.webp,https://www.lapa.ninja/post/figdam/
Lapa Ninja (Post),ToyFight,AGENCY,,,https://cdn.lapa.ninja/assets/images/1x/toyfight-2-thumb.webp,https://www.lapa.ninja/post/toyfight-2/
Lapa Ninja (Post),ApeFest 2024 in Lisbon,EVENT,,,https://cdn.lapa.ninja/assets/images/1x/apefest-thumb.webp,https://www.lapa.ninja/post/apefest/
Lapa Ninja (Post),Tobias van Schneider,PORTFOLIO,,,https://cdn.lapa.ninja/assets/images/1x/vanschneider-2-thumb.webp,https://www.lapa.ninja/post/vanschneider-2/
Lapa Ninja (Post),Venga,FINANCE,,,https://cdn.lapa.ninja/assets/images/1x/venga-thumb.webp,https://www.lapa.ninja/post/venga/
Lapa Ninja (Post),Shoez Gallery,FASHION,,,https://cdn.lapa.ninja/assets/images/1x/shoezgallery-thumb.webp,https://www.lapa.ninja/post/shoezgallery/
Lapa Ninja (Post),Nick Velten,PORTFOLIO,,,https://cdn.lapa.ninja/assets/images/1x/nickvelten-thumb.webp,https://www.lapa.ninja/post/nickvelten/
Lapa Ninja (Post),Fruitful,FINANCE,,,https://cdn.lapa.ninja/assets/images/1x/fruitful-thumb.webp,https://www.lapa.ninja/post/fruitful/
Lapa Ninja (Post),Equals,SAAS,,,https://cdn.lapa.ninja/assets/images/1x/equals-thumb.webp,https://www.lapa.ninja/post/equals/
Lapa Ninja (Post),Six Socks Studio,STUDIO,,,https://cdn.lapa.ninja/assets/images/1x/sixsocks-thumb.webp,https://www.lapa.ninja/post/sixsocks/
Lapa Ninja (Post),Agora,ILLUSTRATION,,,https://cdn.lapa.ninja/assets/images/1x/agora-thumb.webp,https://www.lapa.ninja/post/agora/
Lapa Ninja (Post),Dovetail,SAAS,,,https://cdn.lapa.ninja/assets/images/1x/dovetail-3-thumb.webp,https://www.lapa.ninja/post/dovetail-3/
Lapa Ninja (Post),Jackson Holcomb,CORPORATE,,,https://cdn.lapa.ninja/assets/images/1x/jacksonholcomb-thumb.webp,https://www.lapa.ninja/post/jacksonholcomb/
Lapa Ninja (Post),Latus,HEALTH FITNESS,,,https://cdn.lapa.ninja/assets/images/1x/latusbio-thumb.webp,https://www.lapa.ninja/post/latusbio/
Lapa Ninja (Post),Crazy Creative,AGENCY,,,https://cdn.lapa.ninja/assets/images/1x/crazycreative-thumb.webp,https://www.lapa.ninja/post/crazycreative/
Lapa Ninja (Post),Valarlabs,HEALTH FITNESS,,,https://cdn.lapa.ninja/assets/images/1x/valarlabs-thumb.webp,https://www.lapa.ninja/post/valarlabs/
Lapa Ninja (Post),lyon béton,ECOMMERCE,,,https://cdn.lapa.ninja/assets/images/1x/lyon-beton-thumb.webp,https://www.lapa.ninja/post/lyon-beton/
Lapa Ninja (Post),thingness.world,ILLUSTRATION,,,https://cdn.lapa.ninja/assets/images/1x/thingness-thumb.webp,https://www.lapa.ninja/post/thingness/
Lapa Ninja (Post),Sneha Sanksar,PORTFOLIO,,,https://cdn.lapa.ninja/assets/images/1x/snehasanks-thumb.webp,https://www.lapa.ninja/post/snehasanks/
Lapa Ninja (Post),Integrated Reasoning,TECHNOLOGY,,,https://cdn.lapa.ninja/assets/images/1x/integrated-reasoning-thumb.webp,https://www.lapa.ninja/post/integrated-reasoning/
Lapa Ninja (Post),Liqium,AGENCY,,,https://cdn.lapa.ninja/assets/images/1x/liqium-thumb.webp,https://www.lapa.ninja/post/liqium/
Lapa Ninja (Post),Local Studio,STUDIO,,,https://cdn.lapa.ninja/assets/images/1x/localstudio-thumb.webp,https://www.lapa.ninja/post/localstudio/
Lapa Ninja (Post),Bryn Taylor,PORTFOLIO,,,https://cdn.lapa.ninja/assets/images/1x/bryntaylor-2-thumb.webp,https://www.lapa.ninja/post/bryntaylor-2/
Lapa Ninja (Post),HOVN STUDIOS,STUDIO,,,https://cdn.lapa.ninja/assets/images/1x/hovnstudios-thumb.webp,https://www.lapa.ninja/post/hovnstudios/
Lapa Ninja (Post),Ballet De Marseille,CORPORATE,,,https://cdn.lapa.ninja/assets/images/1x/ballet-de-marseille-thumb.webp,https://www.lapa.ninja/post/ballet-de-marseille/
Lapa Ninja (Post),Taxfix,FINTECH,,,https://cdn.lapa.ninja/assets/images/1x/taxfix-thumb.webp,https://www.lapa.ninja/post/taxfix/
Lapa Ninja (Post),Arcade Labs,AGENCY,,,https://cdn.lapa.ninja/assets/images/1x/arcade-thumb.webp,https://www.lapa.ninja/post/arcade/
Lapa Ninja (Post),Sock,APP,,,https://cdn.lapa.ninja/assets/images/1x/sock-thumb.webp,https://www.lapa.ninja/post/sock/
Lapa Ninja (Post),Augen,WEARABLE,,,https://cdn.lapa.ninja/assets/images/1x/augen-thumb.webp,https://www.lapa.ninja/post/augen/
Lapa Ninja (Post),FlowFest,EVENT,,,https://cdn.lapa.ninja/assets/images/1x/flowfest-thumb.webp,https://www.lapa.ninja/post/flowfest/
Lapa Ninja (Post),Cleo,APP,,,https://cdn.lapa.ninja/assets/images/1x/meetcleo-09-09-2021-thumb.webp,https://www.lapa.ninja/post/meetcleo-2/
Lapa Ninja (Post),Cup of Couple,PRODUCTIVITY,,,https://cdn.lapa.ninja/assets/images/1x/cupofcouple-thumb.webp,https://www.lapa.ninja/post/cupofcouple/
Lapa Ninja (Post),Knickey,ECOMMERCE,,,https://cdn.lapa.ninja/assets/images/1x/knickey-thumb.webp,https://www.lapa.ninja/post/knickey/
Lapa Ninja (Post),Woven Whisky,FOOD DRINKS,,,https://cdn.lapa.ninja/assets/images/1x/wovenwhisky-thumb.webp,https://www.lapa.ninja/post/wovenwhisky/
Lapa Ninja (Post),Ritual Made,STUDIO,,,https://cdn.lapa.ninja/assets/images/1x/ritualmade-thumb.webp,https://www.lapa.ninja/post/ritualmade/
Lapa Ninja (Post),DashGo,CORPORATE,,,https://cdn.lapa.ninja/assets/images/1x/dashgo-thumb.webp,https://www.lapa.ninja/post/dashgo/
Lapa Ninja (Post),Nuu,TECHNOLOGY,,,https://cdn.lapa.ninja/assets/images/1x/explorenuu-thumb.webp,https://www.lapa.ninja/post/explorenuu/
Lapa Ninja (Post),Stacker,TECHNOLOGY,,,https://cdn.lapa.ninja/assets/images/1x/stackerhq-thumb.webp,https://www.lapa.ninja/post/stackerhq/
Lapa Ninja (Post),Steven Olimpio,PORTFOLIO,,,https://cdn.lapa.ninja/assets/images/1x/olimpio-thumb.webp,https://www.lapa.ninja/post/olimpio/
Lapa Ninja (Post),Refuse Uline,BUSINESS,,,https://cdn.lapa.ninja/assets/images/1x/refuseuline-thumb.webp,https://www.lapa.ninja/post/refuseuline/
Lapa Ninja (Post),VR for Work,TECHNOLOGY,,,https://cdn.lapa.ninja/assets/images/1x/vrforwork-thumb.webp,https://www.lapa.ninja/post/vrforwork/
Lapa Ninja (Post),Madbox,3D WEBSITES,,,https://cdn.lapa.ninja/assets/images/1x/madbox-thumb.webp,https://www.lapa.ninja/post/madbox/
Lapa Ninja (Post),Mickaël Larchevêque,PORTFOLIO,,,https://cdn.lapa.ninja/assets/images/1x/dotmick-thumb.webp,https://www.lapa.ninja/post/dotmick/
Lapa Ninja (Post),Hoboken Yogi,HEALTH FITNESS,,,https://cdn.lapa.ninja/assets/images/1x/hobokenyogi-thumb.webp,https://www.lapa.ninja/post/hobokenyogi/
Lapa Ninja (Post),Houses Of Malmö,ECOMMERCE,,,https://cdn.lapa.ninja/assets/images/1x/hom-design-thumb.webp,https://www.lapa.ninja/post/hom-design/
Lapa Ninja (Post),KITTEN,AGENCY,,,https://cdn.lapa.ninja/assets/images/1x/kittenproduction-thumb.webp,https://www.lapa.ninja/post/kittenproduction/
Lapa Ninja (Post),Fuente Real,REAL ESTATE,,,https://cdn.lapa.ninja/assets/images/1x/fuentereal-thumb.webp,https://www.lapa.ninja/post/fuentereal/
Lapa Ninja (Post),Altos Ventures,CORPORATE,,,https://cdn.lapa.ninja/assets/images/1x/altos-ventures-thumb.webp,https://www.lapa.ninja/post/altos-ventures/
Lapa Ninja (Post),Daye,HEALTH FITNESS,,,https://cdn.lapa.ninja/assets/images/1x/yourdaye-thumb.webp,https://www.lapa.ninja/post/yourdaye/
Lapa Ninja (Post),F. Miller Skincare,BEAUTY,,,https://cdn.lapa.ninja/assets/images/1x/fmillerskincare-thumb.webp,https://www.lapa.ninja/post/fmillerskincare/
Lapa Ninja (Post),Claudia Rubin,PORTFOLIO,,,https://cdn.lapa.ninja/assets/images/1x/claudiarubin-thumb.webp,https://www.lapa.ninja/post/claudiarubin/
Lapa Ninja (Post),Fireside,PRODUCTIVITY,,,https://cdn.lapa.ninja/assets/images/1x/fireside-thumb.webp,https://www.lapa.ninja/post/fireside/
Lapa Ninja (Post),Goodkids,AGENCY,,,https://cdn.lapa.ninja/assets/images/1x/goodkidsagency-thumb.webp,https://www.lapa.ninja/post/goodkidsagency/
Lapa Ninja (Post),Seed,HEALTH FITNESS,,,https://cdn.lapa.ninja/assets/images/1x/seed-thumb.webp,https://www.lapa.ninja/post/seed/
Lapa Ninja (Post),Sunny at Sea,AGENCY,,,https://cdn.lapa.ninja/assets/images/1x/sunnyatsea-thumb.webp,https://www.lapa.ninja/post/sunnyatsea/
Lapa Ninja (Post),Cosmos,BLOCKCHAIN,,,https://cdn.lapa.ninja/assets/images/1x/cosmos-network-thumb.webp,https://www.lapa.ninja/post/cosmos-network/
Lapa Ninja (Post),Kyle Wilkinson,STUDIO,,,https://cdn.lapa.ninja/assets/images/1x/wilkinson-studio-thumb.webp,https://www.lapa.ninja/post/wilkinson-studio/
Lapa Ninja (Post),Evan Corrigan,PORTFOLIO,,,https://cdn.lapa.ninja/assets/images/1x/corrigan-thumb.webp,https://www.lapa.ninja/post/corrigan/
Lapa Ninja (Post),Seyi,PORTFOLIO,,,https://cdn.lapa.ninja/assets/images/1x/seyi-thumb.webp,https://www.lapa.ninja/post/seyi/
Lapa Ninja (Post),Monster Box,BLOG,,,https://cdn.lapa.ninja/assets/images/1x/mbpedia-thumb.webp,https://www.lapa.ninja/post/mbpedia/
Lapa Ninja (Post),Contra,FREELANCE,,,https://cdn.lapa.ninja/assets/images/1x/contra-thumb.webp,https://www.lapa.ninja/post/contra/
Lapa Ninja (Post),INDEX,COMMUNITY,,,https://cdn.lapa.ninja/assets/images/1x/index-space-thumb.webp,https://www.lapa.ninja/post/index-space/
Lapa Ninja (Post),Versions,AGENCY,,,https://cdn.lapa.ninja/assets/images/1x/versions-thumb.webp,https://www.lapa.ninja/post/versions/
Lapa Ninja (Post),Erica Weiner,ECOMMERCE,,,https://cdn.lapa.ninja/assets/images/1x/ericaweiner-thumb.webp,https://www.lapa.ninja/post/ericaweiner/
Lapa Ninja (Post),Bukwild,STUDIO,,,https://cdn.lapa.ninja/assets/images/1x/bukwild-09-01-2021-thumb.webp,https://www.lapa.ninja/post/bukwild-2/
Lapa Ninja (Post),Tori Hinn,PORTFOLIO,,,https://cdn.lapa.ninja/assets/images/1x/torihinn-thumb.webp,https://www.lapa.ninja/post/torihinn/
Lapa Ninja (Post),THEY THE THEM ARE WE,COMMUNITY,,,https://cdn.lapa.ninja/assets/images/1x/theythethemarewe-thumb.webp,https://www.lapa.ninja/post/theythethemarewe/
Lapa Ninja (Post),Nofilter.space,NEWS,,,https://cdn.lapa.ninja/assets/images/1x/nofilter-space-thumb.webp,https://www.lapa.ninja/post/nofilter-space/
Lapa Ninja (Post),Infrared,HEALTH FITNESS,,,https://cdn.lapa.ninja/assets/images/1x/infraredmindbody-thumb.webp,https://www.lapa.ninja/post/infraredmindbody/
Lapa Ninja (Post),Serino,FASHION,,,https://cdn.lapa.ninja/assets/images/1x/serino-studio-thumb.webp,https://www.lapa.ninja/post/serino-studio/
Lapa Ninja (Post),Revolut,FINTECH,,,https://cdn.lapa.ninja/assets/images/1x/revolut-08-28-2021-thumb.webp,https://www.lapa.ninja/post/revolut-3/
Lapa Ninja (Post),Kieran Parker,PORTFOLIO,,,https://cdn.lapa.ninja/assets/images/1x/kieranparker-thumb.webp,https://www.lapa.ninja/post/kieranparker/
Lapa Ninja (Post),MOZOM,STUDIO,,,https://cdn.lapa.ninja/assets/images/1x/mozom-1-thumb.webp,https://www.lapa.ninja/post/mozom-1/
Lapa Ninja (Post),FENN,BEAUTY,,,https://cdn.lapa.ninja/assets/images/1x/fennstore-thumb.webp,https://www.lapa.ninja/post/fennstore/
Lapa Ninja (Post),Mailchimp,MAIL,,,https://cdn.lapa.ninja/assets/images/1x/mailchimp-08-28-2021-thumb.webp,https://www.lapa.ninja/post/mailchimp-4/
Lapa Ninja (Post),Macro,SOFTWARE,,,https://cdn.lapa.ninja/assets/images/1x/macro-thumb.webp,https://www.lapa.ninja/post/macro/
Lapa Ninja (Post),UNION©,CORPORATE,,,https://cdn.lapa.ninja/assets/images/1x/unionconstruction-thumb.webp,https://www.lapa.ninja/post/unionconstruction/
Lapa Ninja (Post),Clain,BLOCKCHAIN,,,https://cdn.lapa.ninja/assets/images/1x/clain-thumb.webp,https://www.lapa.ninja/post/clain/
Lapa Ninja (Post),Podcorn,CORPORATE,,,https://cdn.lapa.ninja/assets/images/1x/podcorn-thumb.webp,https://www.lapa.ninja/post/podcorn/
Lapa Ninja (Post),Scruples Studio,STUDIO,,,https://cdn.lapa.ninja/assets/images/1x/scruples-studio-thumb.webp,https://www.lapa.ninja/post/scruples-studio/
Lapa Ninja (Post),antinomy,STUDIO,,,https://cdn.lapa.ninja/assets/images/1x/antinomy-thumb.webp,https://www.lapa.ninja/post/antinomy/
Lapa Ninja (Post),Bastien Allard,PORTFOLIO,,,https://cdn.lapa.ninja/assets/images/1x/bastienallard-08-26-2021-thumb.webp,https://www.lapa.ninja/post/bastienallard-2/
Lapa Ninja (Post),Camille Luang,PORTFOLIO,,,https://cdn.lapa.ninja/assets/images/1x/camilleluang-thumb.webp,https://www.lapa.ninja/post/camilleluang/
Lapa Ninja (Post),Cleo,APP,,,https://cdn.lapa.ninja/assets/images/1x/meetcleo-thumb.webp,https://www.lapa.ninja/post/meetcleo/
Lapa Ninja (Post),Giulia Saporito,PORTFOLIO,,,https://cdn.lapa.ninja/assets/images/1x/giuliasaporito-thumb.webp,https://www.lapa.ninja/post/giuliasaporito/
Lapa Ninja (Post),Pipe,PRODUCTIVITY,,,https://cdn.lapa.ninja/assets/images/1x/pipe-thumb.webp,https://www.lapa.ninja/post/pipe/
Lapa Ninja (Post),Potion Lifestyle,BEAUTY,,,https://cdn.lapa.ninja/assets/images/1x/potionlifestyle-thumb.webp,https://www.lapa.ninja/post/potionlifestyle/
Lapa Ninja (Post),Kinn Home,ECOMMERCE,,,https://cdn.lapa.ninja/assets/images/1x/kinnhome-thumb.webp,https://www.lapa.ninja/post/kinnhome/
Lapa Ninja (Post),Occo Spices,FOOD DRINKS,,,https://cdn.lapa.ninja/assets/images/1x/eatocco-thumb.webp,https://www.lapa.ninja/post/eatocco/
Lapa Ninja (Post),Parquet Courts,ILLUSTRATION,,,https://cdn.lapa.ninja/assets/images/1x/parquet-courts-thumb.webp,https://www.lapa.ninja/post/parquet-courts/
Lapa Ninja (Post),The Well,NFT,,,https://cdn.lapa.ninja/assets/images/1x/the-well-thumb.webp,https://www.lapa.ninja/post/the-well/
Lapa Ninja (Post),SUPERGLOW,AGENCY,,,https://cdn.lapa.ninja/assets/images/1x/superglow-thumb.webp,https://www.lapa.ninja/post/superglow/
Lapa Ninja (Post),Kookslams Hard Seltzer,FOOD DRINKS,,,https://cdn.lapa.ninja/assets/images/1x/kookslamshardseltzer-thumb.webp,https://www.lapa.ninja/post/kookslamshardseltzer/
Lapa Ninja (Post),Crosta & Mollica,FOOD DRINKS,,,https://cdn.lapa.ninja/assets/images/1x/crostamollica-thumb.webp,https://www.lapa.ninja/post/crostamollica/
Lapa Ninja (Post),Nuno Pereira Sousa,PORTFOLIO,,,https://cdn.lapa.ninja/assets/images/1x/nunops-thumb.webp,https://www.lapa.ninja/post/nunops/
Lapa Ninja (Post),Mario Gogh,PORTFOLIO,,,https://cdn.lapa.ninja/assets/images/1x/mariogogh-thumb.webp,https://www.lapa.ninja/post/mariogogh/
Lapa Ninja (Post),Maciej Mach,PORTFOLIO,,,https://cdn.lapa.ninja/assets/images/1x/maciejmach-thumb.webp,https://www.lapa.ninja/post/maciejmach/
Lapa Ninja (Post),Alike,APP,,,https://cdn.lapa.ninja/assets/images/1x/alike-thumb.webp,https://www.lapa.ninja/post/alike/
Lapa Ninja (Post),Atlantis Technology,ILLUSTRATION,,,https://cdn.lapa.ninja/assets/images/1x/atlantistech-thumb.webp,https://www.lapa.ninja/post/atlantistech/
Lapa Ninja (Post),Scope of Work,AGENCY,,,https://cdn.lapa.ninja/assets/images/1x/scopeofwork-thumb.webp,https://www.lapa.ninja/post/scopeofwork/
Lapa Ninja (Post),FUTUREVVORLD,COMMUNITY,,,https://cdn.lapa.ninja/assets/images/1x/futurevvorld-thumb.webp,https://www.lapa.ninja/post/futurevvorld/
Lapa Ninja (Post),Fussy,ECOMMERCE,,,https://cdn.lapa.ninja/assets/images/1x/getfussy-thumb.webp,https://www.lapa.ninja/post/getfussy/
Lapa Ninja (Post),Bloomers,AGENCY,,,https://cdn.lapa.ninja/assets/images/1x/bloomers-thumb.webp,https://www.lapa.ninja/post/bloomers/
Lapa Ninja (Post),Henry Desroches,PORTFOLIO,,,https://cdn.lapa.ninja/assets/images/1x/henry-codes-thumb.webp,https://www.lapa.ninja/post/henry-codes/
Lapa Ninja (Post),TOGETHXR,ECOMMERCE,,,https://cdn.lapa.ninja/assets/images/1x/togethxr-thumb.webp,https://www.lapa.ninja/post/togethxr/
Lapa Ninja (Post),Drive Capital,AGENCY,,,https://cdn.lapa.ninja/assets/images/1x/drivecapital-thumb.webp,https://www.lapa.ninja/post/drivecapital/
Lapa Ninja (Post),Hugo Nicaise,PORTFOLIO,,,https://cdn.lapa.ninja/assets/images/1x/hugonicaise-thumb.webp,https://www.lapa.ninja/post/hugonicaise/
Lapa Ninja (Post),Stream Club,COMMUNITY,,,https://cdn.lapa.ninja/assets/images/1x/streamclub-thumb.webp,https://www.lapa.ninja/post/streamclub/
Lapa Ninja (Post),Leonid Kostetskyi,PORTFOLIO,,,https://cdn.lapa.ninja/assets/images/1x/leonidkostetskyi-thumb.webp,https://www.lapa.ninja/post/leonidkostetskyi/
Lapa Ninja (Post),Epicurrence,EVENT,,,https://cdn.lapa.ninja/assets/images/1x/epicurrence-2021-thumb.webp,https://www.lapa.ninja/post/epicurrence-2021/
Lapa Ninja (Post),Club local,FOOD DRINKS,,,https://cdn.lapa.ninja/assets/images/1x/clublocal-thumb.webp,https://www.lapa.ninja/post/clublocal/
Lapa Ninja (Post),Makeshift Brooklyn,STUDIO,,,https://cdn.lapa.ninja/assets/images/1x/makeshiftbk-thumb.webp,https://www.lapa.ninja/post/makeshiftbk/
Lapa Ninja (Post),Ljubicic Tennis Academy,EDUCATION,,,https://cdn.lapa.ninja/assets/images/1x/ljubicicacademy-thumb.webp,https://www.lapa.ninja/post/ljubicicacademy/
Lapa Ninja (Post),Section Cut,EVENT,,,https://cdn.lapa.ninja/assets/images/1x/sectioncut-thumb.webp,https://www.lapa.ninja/post/sectioncut/
Lapa Ninja (Post),Hyphen,TECHNOLOGY,,,https://cdn.lapa.ninja/assets/images/1x/usehyphen-thumb.webp,https://www.lapa.ninja/post/usehyphen/
Lapa Ninja (Post),K72 Agency,AGENCY,,,https://cdn.lapa.ninja/assets/images/1x/k72-thumb.webp,https://www.lapa.ninja/post/k72/
Lapa Ninja (Post),Kazuki Noda,PORTFOLIO,,,https://cdn.lapa.ninja/assets/images/1x/kazukinoda-thumb.webp,https://www.lapa.ninja/post/kazukinoda/
Lapa Ninja (Post),Media.Monks,AGENCY,,,https://cdn.lapa.ninja/assets/images/1x/media-monks-thumb.webp,https://www.lapa.ninja/post/media-monks/
Lapa Ninja (Post),Lucas Mesa Gouiffes,,,,https://cdn.lapa.ninja/assets/images/1x/lucasmesagouiffes-thumb.webp,https://www.lapa.ninja/post/lucasmesagouiffes/
Lapa Ninja (Post),twelveNYC,AGENCY,,,https://cdn.lapa.ninja/assets/images/1x/twelvenyc-thumb.webp,https://www.lapa.ninja/post/twelvenyc/
Lapa Ninja (Post),Cliphire,PRODUCTIVITY,,,https://cdn.lapa.ninja/assets/images/1x/cliphire-thumb.webp,https://www.lapa.ninja/post/cliphire/
Lapa Ninja (Post),Nobell Foods,FOOD DRINKS,,,https://cdn.lapa.ninja/assets/images/1x/nobellfoods-thumb.webp,https://www.lapa.ninja/post/nobellfoods/
Lapa Ninja (Post),Palantir IR,BUSINESS,,,https://cdn.lapa.ninja/assets/images/1x/palantir-thumb.webp,https://www.lapa.ninja/post/palantir/
Lapa Ninja (Post),Steve Carr,PORTFOLIO,,,https://cdn.lapa.ninja/assets/images/1x/stevecarr-thumb.webp,https://www.lapa.ninja/post/stevecarr/
Lapa Ninja (Post),GCG DAO,NFT,,,https://cdn.lapa.ninja/assets/images/1x/gcgdao-thumb.webp,https://www.lapa.ninja/post/gcgdao/
Lapa Ninja (Post),Felt,TECHNOLOGY,,,https://cdn.lapa.ninja/assets/images/1x/felt-thumb.webp,https://www.lapa.ninja/post/felt/
Lapa Ninja (Post),Bryn Taylor,PORTFOLIO,,,https://cdn.lapa.ninja/assets/images/1x/bryntaylor-thumb.webp,https://www.lapa.ninja/post/bryntaylor/
Lapa Ninja (Post),read.cv,COMMUNITY,,,https://cdn.lapa.ninja/assets/images/1x/read-cv-thumb.webp,https://www.lapa.ninja/post/read-cv/
Lapa Ninja (Post),BAGGU,ECOMMERCE,,,https://cdn.lapa.ninja/assets/images/1x/baggu-thumb.webp,https://www.lapa.ninja/post/baggu/
Lapa Ninja (Post),Aura Bora,FOOD DRINKS,,,https://cdn.lapa.ninja/assets/images/1x/aurabora-thumb.webp,https://www.lapa.ninja/post/aurabora/
Lapa Ninja (Post),Navarra.is,AGENCY,,,https://cdn.lapa.ninja/assets/images/1x/navarra-thumb.webp,https://www.lapa.ninja/post/navarra/
Lapa Ninja (Post),Studio Bicyclette,STUDIO,,,https://cdn.lapa.ninja/assets/images/1x/studiobicyclette-thumb.webp,https://www.lapa.ninja/post/studiobicyclette/
Lapa Ninja (Post),Liquid Crystal,AGENCY,,,https://cdn.lapa.ninja/assets/images/1x/makebeautifulwork-thumb.webp,https://www.lapa.ninja/post/makebeautifulwork/
Lapa Ninja (Post),Evermade,AGENCY,,,https://cdn.lapa.ninja/assets/images/1x/evermade-thumb.webp,https://www.lapa.ninja/post/evermade/
Lapa Ninja (Post),luge,DEVELOPMENT TOOLS,,,https://cdn.lapa.ninja/assets/images/1x/luge-thumb.webp,https://www.lapa.ninja/post/luge/
Lapa Ninja (Post),Miew,STUDIO,,,https://cdn.lapa.ninja/assets/images/1x/miew-thumb.webp,https://www.lapa.ninja/post/miew/
Lapa Ninja (Post),How Many Plants,ILLUSTRATION,,,https://cdn.lapa.ninja/assets/images/1x/howmanyplants-thumb.webp,https://www.lapa.ninja/post/howmanyplants/
Lapa Ninja (Post),Instinct Origine,FOOD DRINKS,,,https://cdn.lapa.ninja/assets/images/1x/instinct-paris-thumb.webp,https://www.lapa.ninja/post/instinct-paris/
Lapa Ninja (Post),McLane Teitel,PORTFOLIO,,,https://cdn.lapa.ninja/assets/images/1x/mclane-thumb.webp,https://www.lapa.ninja/post/mclane/
Lapa Ninja (Post),Pluto,APP,,,https://cdn.lapa.ninja/assets/images/1x/pluto-thumb.webp,https://www.lapa.ninja/post/pluto/
Lapa Ninja (Post),Gucci Osteria,REAL ESTATE,,,https://cdn.lapa.ninja/assets/images/1x/gucciosteria-thumb.webp,https://www.lapa.ninja/post/gucciosteria/
Lapa Ninja (Post),Flowmingo,EDUCATION,,,https://cdn.lapa.ninja/assets/images/1x/flowmingo-thumb.webp,https://www.lapa.ninja/post/flowmingo/
Lapa Ninja (Post),Anti,FURNITURE INTERIORS,,,https://cdn.lapa.ninja/assets/images/1x/anti-waste-thumb.webp,https://www.lapa.ninja/post/anti-waste/
Lapa Ninja (Post),Hello Astro,AGENCY,,,https://cdn.lapa.ninja/assets/images/1x/helloastro-thumb.webp,https://www.lapa.ninja/post/helloastro/
Lapa Ninja (Post),Norimasa Inoue,PORTFOLIO,,,https://cdn.lapa.ninja/assets/images/1x/nori-inoue-thumb.webp,https://www.lapa.ninja/post/nori-inoue/
Lapa Ninja (Post),Airbnb,OUTDOORS TRAVEL,,,https://cdn.lapa.ninja/assets/images/1x/airbnb-08-06-2021-thumb.webp,https://www.lapa.ninja/post/airbnb-3/
Lapa Ninja (Post),GEN Z 💧,FOOD DRINKS,,,https://cdn.lapa.ninja/assets/images/1x/drinkgenz-thumb.webp,https://www.lapa.ninja/post/drinkgenz/
Lapa Ninja (Post),Cards Against Humanity,COMMUNITY,,,https://cdn.lapa.ninja/assets/images/1x/cardsagainsthumanity-thumb.webp,https://www.lapa.ninja/post/cardsagainsthumanity/
Lapa Ninja (Post),Playdate,TECHNOLOGY,,,https://cdn.lapa.ninja/assets/images/1x/play-date-08-06-2021-thumb.webp,https://www.lapa.ninja/post/play-date-2/
Lapa Ninja (Post),Miti Navi,AUTOMOTIVE,,,https://cdn.lapa.ninja/assets/images/1x/miti-navi-thumb.webp,https://www.lapa.ninja/post/miti-navi/
Lapa Ninja (Post),A Human Future,STUDIO,,,https://cdn.lapa.ninja/assets/images/1x/ahumanfuture-thumb.webp,https://www.lapa.ninja/post/ahumanfuture/
Lapa Ninja (Post),Jacob Leech,PORTFOLIO,,,https://cdn.lapa.ninja/assets/images/1x/jacobleech-thumb.webp,https://www.lapa.ninja/post/jacobleech/
Lapa Ninja (Post),Vita Architecture,STUDIO,,,https://cdn.lapa.ninja/assets/images/1x/vitaarchitecture-thumb.webp,https://www.lapa.ninja/post/vitaarchitecture/
Lapa Ninja (Post),Hagi's Barber Shop,CULTURE,,,https://cdn.lapa.ninja/assets/images/1x/hagisbarbershop-thumb.webp,https://www.lapa.ninja/post/hagisbarbershop/
Lapa Ninja (Post),GRETA,PORTFOLIO,,,https://cdn.lapa.ninja/assets/images/1x/gretamusic-thumb.webp,https://www.lapa.ninja/post/gretamusic/
Lapa Ninja (Post),Mary & Maurizio,PHOTOGRAPHY,,,https://cdn.lapa.ninja/assets/images/1x/quattrostudio-01-thumb.webp,https://www.lapa.ninja/post/quattrostudio/
Lapa Ninja (Post),SUPERCONTINENT,STUDIO,,,https://cdn.lapa.ninja/assets/images/1x/supercontinent-thumb.webp,https://www.lapa.ninja/post/supercontinent/
Lapa Ninja (Post),Liveblocks,TECHNOLOGY,,,https://cdn.lapa.ninja/assets/images/1x/liveblocks-thumb.webp,https://www.lapa.ninja/post/liveblocks/
Lapa Ninja (Post),Avalanche,BLOCKCHAIN,,,https://cdn.lapa.ninja/assets/images/1x/avax-network-thumb.webp,https://www.lapa.ninja/post/avax-network/
Lapa Ninja (Post),Lemon Squeezy,TECHNOLOGY,,,https://cdn.lapa.ninja/assets/images/1x/lemonsqueezy-thumb.webp,https://www.lapa.ninja/post/lemonsqueezy/
Lapa Ninja (Post),No-Code Conference 2021,EVENT,,,https://cdn.lapa.ninja/assets/images/1x/nocodeconf-thumb.webp,https://www.lapa.ninja/post/nocodeconf/
Lapa Ninja (Post),Google Bug Hunters,TECHNOLOGY,,,https://cdn.lapa.ninja/assets/images/1x/bughunters-thumb.webp,https://www.lapa.ninja/post/bughunters/
Lapa Ninja (Post),Robotos,ILLUSTRATION,,,https://cdn.lapa.ninja/assets/images/1x/robotos-thumb.webp,https://www.lapa.ninja/post/robotos/
Lapa Ninja (Post),Glossarie,STUDIO,,,https://cdn.lapa.ninja/assets/images/1x/glossarie-thumb.webp,https://www.lapa.ninja/post/glossarie/
Lapa Ninja (Post),Naomi Osaka,PORTFOLIO,,,https://cdn.lapa.ninja/assets/images/1x/naomiosaka-thumb.webp,https://www.lapa.ninja/post/naomiosaka/
Lapa Ninja (Post),Post Familiar Wine,FOOD DRINKS,,,https://cdn.lapa.ninja/assets/images/1x/postfamiliar-thumb.webp,https://www.lapa.ninja/post/postfamiliar/
Lapa Ninja (Post),Rachel Austin,PORTFOLIO,,,https://cdn.lapa.ninja/assets/images/1x/rachelaustin-thumb.webp,https://www.lapa.ninja/post/rachelaustin/
Lapa Ninja (Post),D.M Brut,FOOD DRINKS,,,https://cdn.lapa.ninja/assets/images/1x/dmbrut-thumb.webp,https://www.lapa.ninja/post/dmbrut/
Lapa Ninja (Post),Molly Stubbs,PORTFOLIO,,,https://cdn.lapa.ninja/assets/images/1x/mollystubbs-thumb.webp,https://www.lapa.ninja/post/mollystubbs/
Lapa Ninja (Post),WEVE,COMMUNITY,,,https://cdn.lapa.ninja/assets/images/1x/weve-thumb.webp,https://www.lapa.ninja/post/weve/
Lapa Ninja (Post),NORF,STUDIO,,,https://cdn.lapa.ninja/assets/images/1x/norfstudio-thumb.webp,https://www.lapa.ninja/post/norfstudio/
Lapa Ninja (Post),carbonplan,CORPORATE,,,https://cdn.lapa.ninja/assets/images/1x/carbonplan-thumb.webp,https://www.lapa.ninja/post/carbonplan/
Lapa Ninja (Post),mmm.page,DESIGN TOOLS,,,https://cdn.lapa.ninja/assets/images/1x/mmm-page-thumb.webp,https://www.lapa.ninja/post/mmm-page/
Lapa Ninja (Post),Passbase,TECHNOLOGY,,,https://cdn.lapa.ninja/assets/images/1x/passbase-thumb.webp,https://www.lapa.ninja/post/passbase/
Lapa Ninja (Post),Typelab,FOUNDRY,,,https://cdn.lapa.ninja/assets/images/1x/typelab-thumb.webp,https://www.lapa.ninja/post/typelab/
Lapa Ninja (Post),Expo,DEVELOPMENT TOOLS,,,https://cdn.lapa.ninja/assets/images/1x/expo-07-25-2021-thumb.webp,https://www.lapa.ninja/post/expo-2/
Lapa Ninja (Post),Arvin Leeuwis,PORTFOLIO,,,https://cdn.lapa.ninja/assets/images/1x/arvinleeuwis-thumb.webp,https://www.lapa.ninja/post/arvinleeuwis/
Lapa Ninja (Post),Drink Zuzu,FOOD DRINKS,,,https://cdn.lapa.ninja/assets/images/1x/drinkzuzu-thumb.webp,https://www.lapa.ninja/post/drinkzuzu/
Lapa Ninja (Post),10kdesigners,EDUCATION,,,https://cdn.lapa.ninja/assets/images/1x/10kdesigners-thumb.webp,https://www.lapa.ninja/post/10kdesigners/
Lapa Ninja (Post),C.W. Urban,REAL ESTATE,,,https://cdn.lapa.ninja/assets/images/1x/builtbycw-thumb.webp,https://www.lapa.ninja/post/builtbycw/
Lapa Ninja (Post),Enrojecerse,BLOG,,,https://cdn.lapa.ninja/assets/images/1x/enrojecerse-thumb.webp,https://www.lapa.ninja/post/enrojecerse/
Lapa Ninja (Post),NoGood,AGENCY,,,https://cdn.lapa.ninja/assets/images/1x/nogood-thumb.webp,https://www.lapa.ninja/post/nogood/
Lapa Ninja (Post),Dovetail,ILLUSTRATION,,,https://cdn.lapa.ninja/assets/images/1x/dovetailapp-thumb.webp,https://www.lapa.ninja/post/dovetailapp/
Lapa Ninja (Post),Sarah Guo,PORTFOLIO,,,https://cdn.lapa.ninja/assets/images/1x/sarahguo-thumb.webp,https://www.lapa.ninja/post/sarahguo/
Lapa Ninja (Post),norda run,ECOMMERCE,,,https://cdn.lapa.ninja/assets/images/1x/nordarun-thumb.webp,https://www.lapa.ninja/post/nordarun/
Lapa Ninja (Post),Sundae Finest,FASHION,,,https://cdn.lapa.ninja/assets/images/1x/sundaefinest-thumb.webp,https://www.lapa.ninja/post/sundaefinest/
Lapa Ninja (Post),TransactionLink,FINANCE,,,https://cdn.lapa.ninja/assets/images/1x/transactionlink-thumb.webp,https://www.lapa.ninja/post/transactionlink/
Lapa Ninja (Post),Bio Link,MINIMAL,,,https://cdn.lapa.ninja/assets/images/1x/bio-link-thumb.webp,https://www.lapa.ninja/post/bio-link/
Lapa Ninja (Post),Entireworld,FASHION,,,https://cdn.lapa.ninja/assets/images/1x/theentireworld-thumb.webp,https://www.lapa.ninja/post/theentireworld/
Lapa Ninja (Post),by Humankind,BEAUTY,,,https://cdn.lapa.ninja/assets/images/1x/byhumankind-thumb.webp,https://www.lapa.ninja/post/byhumankind/
Lapa Ninja (Post),Helft & Pinta,PHOTOGRAPHY,,,https://cdn.lapa.ninja/assets/images/1x/helftpinta-thumb.webp,https://www.lapa.ninja/post/helftpinta/
Lapa Ninja (Post),Clover,PRODUCTIVITY,,,https://cdn.lapa.ninja/assets/images/1x/cloverapp-07-17-2021-thumb.webp,https://www.lapa.ninja/post/cloverapp-2/
Lapa Ninja (Post),TWOTWO,ECOMMERCE,,,https://cdn.lapa.ninja/assets/images/1x/twotwo-thumb.webp,https://www.lapa.ninja/post/twotwo/
Lapa Ninja (Post),Sketch,DESIGN TOOLS,,,https://cdn.lapa.ninja/assets/images/1x/sketch-07-17-2021-thumb.webp,https://www.lapa.ninja/post/sketch-3/
Lapa Ninja (Post),Pixel True,STUDIO,,,https://cdn.lapa.ninja/assets/images/1x/pixeltrue-thumb.webp,https://www.lapa.ninja/post/pixeltrue/
Lapa Ninja (Post),Fresh Prince Store,FASHION,,,https://cdn.lapa.ninja/assets/images/1x/freshprincestore-thumb.webp,https://www.lapa.ninja/post/freshprincestore/
Lapa Ninja (Post),Danilo Campos,PORTFOLIO,,,https://cdn.lapa.ninja/assets/images/1x/danilocampos-thumb.webp,https://www.lapa.ninja/post/danilocampos/
Lapa Ninja (Post),Invision Freehand,DESIGN TOOLS,,,https://cdn.lapa.ninja/assets/images/1x/invision-freehand-thumb.webp,https://www.lapa.ninja/post/invision-freehand/
Lapa Ninja (Post),Stay At Home Kids,MINIMAL,,,https://cdn.lapa.ninja/assets/images/1x/stay-at-home-kids-thumb.webp,https://www.lapa.ninja/post/stay-at-home-kids/
Lapa Ninja (Post),Alexander Morris,PORTFOLIO,,,https://cdn.lapa.ninja/assets/images/1x/alexandermorris-thumb.webp,https://www.lapa.ninja/post/alexandermorris/
Lapa Ninja (Post),Steam Deck,ENTERTAINMENT,,,https://cdn.lapa.ninja/assets/images/1x/steamdeck-thumb.webp,https://www.lapa.ninja/post/steamdeck/
Lapa Ninja (Post),Kibana,HOME LIVING,,,https://cdn.lapa.ninja/assets/images/1x/wearekibana-thumb.webp,https://www.lapa.ninja/post/wearekibana/
Lapa Ninja (Post),Dead Startup Toys,CREATIVE,,,https://cdn.lapa.ninja/assets/images/1x/deadstartuptoys-thumb.webp,https://www.lapa.ninja/post/deadstartuptoys/
Lapa Ninja (Post),Apotheke,BEAUTY,,,https://cdn.lapa.ninja/assets/images/1x/apothekeperfume-thumb.webp,https://www.lapa.ninja/post/apothekeperfume/
Lapa Ninja (Post),hello harbor,APP,,,https://cdn.lapa.ninja/assets/images/1x/helloharbor-thumb.webp,https://www.lapa.ninja/post/helloharbor/
Lapa Ninja (Post),Webbed Briefs,BLOG,,,https://cdn.lapa.ninja/assets/images/1x/briefs-thumb.webp,https://www.lapa.ninja/post/briefs/
Lapa Ninja (Post),Batch,APP,,,https://cdn.lapa.ninja/assets/images/1x/getbatch-thumb.webp,https://www.lapa.ninja/post/getbatch/
Lapa Ninja (Post),Miquel Pons,PORTFOLIO,,,https://cdn.lapa.ninja/assets/images/1x/miquelpons-thumb.webp,https://www.lapa.ninja/post/miquelpons/
Lapa Ninja (Post),Break Maiden,STUDIO,,,https://cdn.lapa.ninja/assets/images/1x/breakmaiden-thumb.webp,https://www.lapa.ninja/post/breakmaiden/
Lapa Ninja (Post),Gabriel Valdivia,PORTFOLIO,,,https://cdn.lapa.ninja/assets/images/1x/gabrielvaldivia-thumb.webp,https://www.lapa.ninja/post/gabrielvaldivia/
Lapa Ninja (Post),Obviously AI,ARTIFICIAL INTELLIGENCE,,,https://cdn.lapa.ninja/assets/images/1x/obviously-thumb.webp,https://www.lapa.ninja/post/obviously/
Lapa Ninja (Post),Taylor Nowotny,PORTFOLIO,,,https://cdn.lapa.ninja/assets/images/1x/taylornowotny-thumb.webp,https://www.lapa.ninja/post/taylornowotny/
Lapa Ninja (Post),Sometimes Always,FOOD DRINKS,,,https://cdn.lapa.ninja/assets/images/1x/sometimesalways-thumb.webp,https://www.lapa.ninja/post/sometimesalways/
Lapa Ninja (Post),Bad Boys,ECOMMERCE,,,https://cdn.lapa.ninja/assets/images/1x/bad-boys-thumb.webp,https://www.lapa.ninja/post/bad-boys/
Lapa Ninja (Post),Fred Nerby,PORTFOLIO,,,https://cdn.lapa.ninja/assets/images/1x/nerby-thumb.webp,https://www.lapa.ninja/post/nerby/
Lapa Ninja (Post),Alex Fisher Design,PORTFOLIO,,,https://cdn.lapa.ninja/assets/images/1x/alexfisherdesign-thumb.webp,https://www.lapa.ninja/post/alexfisherdesign/
Lapa Ninja (Post),Glide,DEVELOPMENT TOOLS,,,https://cdn.lapa.ninja/assets/images/1x/glideapps-thumb.webp,https://www.lapa.ninja/post/glideapps/
Lapa Ninja (Post),GitHub Copilot,DEVELOPMENT TOOLS,,,https://cdn.lapa.ninja/assets/images/1x/github-copilot-thumb.webp,https://www.lapa.ninja/post/github-copilot/
Lapa Ninja (Post),Runway,ARTIFICIAL INTELLIGENCE,,,https://cdn.lapa.ninja/assets/images/1x/runwayml-07-07-2021-thumb.webp,https://www.lapa.ninja/post/runwayml-3/
Lapa Ninja (Post),Welcome Software,TECHNOLOGY,,,https://cdn.lapa.ninja/assets/images/1x/welcomesoftware-thumb.webp,https://www.lapa.ninja/post/welcomesoftware/
Lapa Ninja (Post),Arthur Simonini,PORTFOLIO,,,https://cdn.lapa.ninja/assets/images/1x/arthursimonini-thumb.webp,https://www.lapa.ninja/post/arthursimonini/
Lapa Ninja (Post),Erdensen,ECOMMERCE,,,https://cdn.lapa.ninja/assets/images/1x/erdensen-thumb.webp,https://www.lapa.ninja/post/erdensen/
Lapa Ninja (Post),Glob,ECOMMERCE,,,https://cdn.lapa.ninja/assets/images/1x/glob-thumb.webp,https://www.lapa.ninja/post/glob/
Lapa Ninja (Post),Justified Studio,STUDIO,,,https://cdn.lapa.ninja/assets/images/1x/justified-studio-thumb.webp,https://www.lapa.ninja/post/justified-studio/
Lapa Ninja (Post),Stutpak,PORTFOLIO,,,https://cdn.lapa.ninja/assets/images/1x/stutpak-thumb.webp,https://www.lapa.ninja/post/stutpak/
Lapa Ninja (Post),Joshua Söhn,PORTFOLIO,,,https://cdn.lapa.ninja/assets/images/1x/joshuasoehn-thumb.webp,https://www.lapa.ninja/post/joshuasoehn/
Lapa Ninja (Post),Lance,APP,,,https://cdn.lapa.ninja/assets/images/1x/lance-thumb.webp,https://www.lapa.ninja/post/lance/
Lapa Ninja (Post),A Color Bright,AGENCY,,,https://cdn.lapa.ninja/assets/images/1x/acolorbright-thumb.webp,https://www.lapa.ninja/post/acolorbright/
Lapa Ninja (Post),Otta,BUSINESS,,,https://cdn.lapa.ninja/assets/images/1x/otta-thumb.webp,https://www.lapa.ninja/post/otta/
Lapa Ninja (Post),Haraldur Thorleifsson,PORTFOLIO,,,https://cdn.lapa.ninja/assets/images/1x/haraldurthorleifsson-thumb.webp,https://www.lapa.ninja/post/haraldurthorleifsson/
Lapa Ninja (Post),KIKK Festival 2021,EVENT,,,https://cdn.lapa.ninja/assets/images/1x/kikk-2021-thumb.webp,https://www.lapa.ninja/post/kikk-2021/
Lapa Ninja (Post),Valeria Francis,PORTFOLIO,,,https://cdn.lapa.ninja/assets/images/1x/valeriafrancis-thumb.webp,https://www.lapa.ninja/post/valeriafrancis/
Lapa Ninja (Post),Oku,APP,,,https://cdn.lapa.ninja/assets/images/1x/oku-thumb.webp,https://www.lapa.ninja/post/oku/
Lapa Ninja (Post),Mojo SuperMarket,AGENCY,,,https://cdn.lapa.ninja/assets/images/1x/mojosuper-market-thumb.webp,https://www.lapa.ninja/post/mojosuper-market/
Lapa Ninja (Post),Beseda,APP,,,https://cdn.lapa.ninja/assets/images/1x/beseda-thumb.webp,https://www.lapa.ninja/post/beseda/
Lapa Ninja (Post),ChangMade,PORTFOLIO,,,https://cdn.lapa.ninja/assets/images/1x/changmade-thumb.webp,https://www.lapa.ninja/post/changmade/
Lapa Ninja (Post),Snapple Spiked,FOOD DRINKS,,,https://cdn.lapa.ninja/assets/images/1x/snapplespiked-thumb.webp,https://www.lapa.ninja/post/snapplespiked/
Lapa Ninja (Post),Open Art,DESIGN TOOLS,,,https://cdn.lapa.ninja/assets/images/1x/openui-thumb.webp,https://www.lapa.ninja/post/openui/
Lapa Ninja (Post),The Summer Drive,EVENT,,,https://cdn.lapa.ninja/assets/images/1x/thesummerdrive-thumb.webp,https://www.lapa.ninja/post/thesummerdrive/
Lapa Ninja (Post),Figure 1 Beauty,BEAUTY,,,https://cdn.lapa.ninja/assets/images/1x/fig-1-thumb.webp,https://www.lapa.ninja/post/fig-1/
Lapa Ninja (Post),Yann-Edern Gillet,PORTFOLIO,,,https://cdn.lapa.ninja/assets/images/1x/yannglt-thumb.webp,https://www.lapa.ninja/post/yannglt/
Lapa Ninja (Post),Doo,APP,,,https://cdn.lapa.ninja/assets/images/1x/getdooapp-thumb.webp,https://www.lapa.ninja/post/getdooapp/
Lapa Ninja (Post),Authentic Artists,ARTIFICIAL INTELLIGENCE,,,https://cdn.lapa.ninja/assets/images/1x/authentic-artists-thumb.webp,https://www.lapa.ninja/post/authentic-artists/
Lapa Ninja (Post),Pierre Hardy,ECOMMERCE,,,https://cdn.lapa.ninja/assets/images/1x/pierrehardy-thumb.webp,https://www.lapa.ninja/post/pierrehardy/
Lapa Ninja (Post),Peppa Sauce,FOOD DRINKS,,,https://cdn.lapa.ninja/assets/images/1x/peppasauce-thumb.webp,https://www.lapa.ninja/post/peppasauce/
Lapa Ninja (Post),Yubo,APP,,,https://cdn.lapa.ninja/assets/images/1x/yubo-thumb.webp,https://www.lapa.ninja/post/yubo/
Lapa Ninja (Post),AngelList Venture,CORPORATE,,,https://cdn.lapa.ninja/assets/images/1x/angellist-thumb.webp,https://www.lapa.ninja/post/angellist/
Lapa Ninja (Post),Fable,DESIGN TOOLS,,,https://cdn.lapa.ninja/assets/images/1x/fable-06-18-2021-thumb.webp,https://www.lapa.ninja/post/fable-2/
Lapa Ninja (Post),Pitch,DESIGN TOOLS,,,https://cdn.lapa.ninja/assets/images/1x/pitch-06-18-2021-thumb.webp,https://www.lapa.ninja/post/pitch-4/
Lapa Ninja (Post),Relieve Furniture,CORPORATE,,,https://cdn.lapa.ninja/assets/images/1x/relievefurniture-thumb.webp,https://www.lapa.ninja/post/relievefurniture/
Lapa Ninja (Post),Zero Egg,FOOD DRINKS,,,https://cdn.lapa.ninja/assets/images/1x/zeroeggfood-thumb.webp,https://www.lapa.ninja/post/zeroeggfood/
Lapa Ninja (Post),Petaluma,ECOMMERCE,,,https://cdn.lapa.ninja/assets/images/1x/feedpetaluma-thumb.webp,https://www.lapa.ninja/post/feedpetaluma/
Lapa Ninja (Post),Harold AO,PORTFOLIO,,,https://cdn.lapa.ninja/assets/images/1x/haroldao-thumb.webp,https://www.lapa.ninja/post/haroldao/
Lapa Ninja (Post),OK Motion Club,STUDIO,,,https://cdn.lapa.ninja/assets/images/1x/okmotion-thumb.webp,https://www.lapa.ninja/post/okmotion/
Lapa Ninja (Post),Ryan Miyoshi,PORTFOLIO,,,https://cdn.lapa.ninja/assets/images/1x/ryry-thumb.webp,https://www.lapa.ninja/post/ryry/
Lapa Ninja (Post),Bathing Culture,ECOMMERCE,,,https://cdn.lapa.ninja/assets/images/1x/bathingculture-thumb.webp,https://www.lapa.ninja/post/bathingculture/
Lapa Ninja (Post),Daniele Buffa,PORTFOLIO,,,https://cdn.lapa.ninja/assets/images/1x/danielebuffa-thumb.webp,https://www.lapa.ninja/post/danielebuffa/
Lapa Ninja (Post),Flow,DESIGN TOOLS,,,https://cdn.lapa.ninja/assets/images/1x/createwithflow-06-15-2021-thumb.webp,https://www.lapa.ninja/post/createwithflow-3/
Lapa Ninja (Post),Draftbit,DESIGN TOOLS,,,https://cdn.lapa.ninja/assets/images/1x/draftbit-06-15-2021-thumb.webp,https://www.lapa.ninja/post/draftbit-2/
Lapa Ninja (Post),Safe Security,BUSINESS,,,https://cdn.lapa.ninja/assets/images/1x/safesecurity-thumb.webp,https://www.lapa.ninja/post/safesecurity/
Lapa Ninja (Post),Adrien Gervaix,PORTFOLIO,,,https://cdn.lapa.ninja/assets/images/1x/adriengervaix-thumb.webp,https://www.lapa.ninja/post/adriengervaix/
Lapa Ninja (Post),Vacation,ECOMMERCE,,,https://cdn.lapa.ninja/assets/images/1x/vacation-thumb.webp,https://www.lapa.ninja/post/vacation/
Lapa Ninja (Post),Isabel Moranta,PORTFOLIO,,,https://cdn.lapa.ninja/assets/images/1x/isabelmoranta-thumb.webp,https://www.lapa.ninja/post/isabelmoranta/
Lapa Ninja (Post),Pattern Brands,ECOMMERCE,,,https://cdn.lapa.ninja/assets/images/1x/patternbrands-06-11-2021-thumb.webp,https://www.lapa.ninja/post/patternbrands-2/
Lapa Ninja (Post),Short.io,ILLUSTRATION,,,https://cdn.lapa.ninja/assets/images/1x/short-thumb.webp,https://www.lapa.ninja/post/short/
Lapa Ninja (Post),Moon Delivers Cakes,FOOD DRINKS,,,https://cdn.lapa.ninja/assets/images/1x/moondeliverscakes-06-11-2021-thumb.webp,https://www.lapa.ninja/post/moondeliverscakes-2/
Lapa Ninja (Post),Lithic,DEVELOPMENT TOOLS,,,https://cdn.lapa.ninja/assets/images/1x/lithic-thumb.webp,https://www.lapa.ninja/post/lithic/
Lapa Ninja (Post),Cricut,TECHNOLOGY,,,https://cdn.lapa.ninja/assets/images/1x/cricut-thumb.webp,https://www.lapa.ninja/post/cricut/
Lapa Ninja (Post),Moment,FOOD DRINKS,,,https://cdn.lapa.ninja/assets/images/1x/drinkmoment-thumb.webp,https://www.lapa.ninja/post/drinkmoment/
Lapa Ninja (Post),Benefit3,HEALTH FITNESS,,,https://cdn.lapa.ninja/assets/images/1x/benefit3-thumb.webp,https://www.lapa.ninja/post/benefit3/
Lapa Ninja (Post),Lightmatter,TECHNOLOGY,,,https://cdn.lapa.ninja/assets/images/1x/lightmatter-thumb.webp,https://www.lapa.ninja/post/lightmatter/
Lapa Ninja (Post),Grummies,ECOMMERCE,,,https://cdn.lapa.ninja/assets/images/1x/eatyourgrummies-thumb.webp,https://www.lapa.ninja/post/eatyourgrummies/
Lapa Ninja (Post),Bulletproof,AGENCY,,,https://cdn.lapa.ninja/assets/images/1x/wearebulletproof-thumb.webp,https://www.lapa.ninja/post/wearebulletproof/
Lapa Ninja (Post),15Five,ILLUSTRATION,,,https://cdn.lapa.ninja/assets/images/1x/15five-thumb.webp,https://www.lapa.ninja/post/15five/
Lapa Ninja (Post),Renan de Souza,PORTFOLIO,,,https://cdn.lapa.ninja/assets/images/1x/renandesouza-thumb.webp,https://www.lapa.ninja/post/renandesouza/
Lapa Ninja (Post),July,ECOMMERCE,,,https://cdn.lapa.ninja/assets/images/1x/july-06-08-2021-thumb.webp,https://www.lapa.ninja/post/july-2/
Lapa Ninja (Post),The Doors of Dublin,ILLUSTRATION,,,https://cdn.lapa.ninja/assets/images/1x/doorsofdublin-thumb.webp,https://www.lapa.ninja/post/doorsofdublin/
Lapa Ninja (Post),Marc Silva Gonçalves,PORTFOLIO,,,https://cdn.lapa.ninja/assets/images/1x/marcsilvagoncalves-thumb.webp,https://www.lapa.ninja/post/marcsilvagoncalves/
Lapa Ninja (Post),O2 Monde,FASHION,,,https://cdn.lapa.ninja/assets/images/1x/o2monde-thumb.webp,https://www.lapa.ninja/post/o2monde/
Lapa Ninja (Post),Switchyards,REAL ESTATE,,,https://cdn.lapa.ninja/assets/images/1x/switchyards-thumb.webp,https://www.lapa.ninja/post/switchyards/
Lapa Ninja (Post),Proto.io,DESIGN TOOLS,,,https://cdn.lapa.ninja/assets/images/1x/proto-thumb.webp,https://www.lapa.ninja/post/proto/
Lapa Ninja (Post),Moonbridge,DESIGN TOOLS,,,https://cdn.lapa.ninja/assets/images/1x/moonbridge-thumb.webp,https://www.lapa.ninja/post/moonbridge/
Lapa Ninja (Post),Spencer Camp,PORTFOLIO,,,https://cdn.lapa.ninja/assets/images/1x/spencercamp-thumb.webp,https://www.lapa.ninja/post/spencercamp/
Lapa Ninja (Post),Works in Progress,MAGAZINE,,,https://cdn.lapa.ninja/assets/images/1x/worksinprogress-thumb.webp,https://www.lapa.ninja/post/worksinprogress/
Lapa Ninja (Post),Studio Ouam,STUDIO,,,https://cdn.lapa.ninja/assets/images/1x/studioouam-06-03-2021-thumb.webp,https://www.lapa.ninja/post/studioouam-2/
Lapa Ninja (Post),Marshmallow,INSURANCE,,,https://cdn.lapa.ninja/assets/images/1x/marshmallow-06-03-2021-thumb.webp,https://www.lapa.ninja/post/marshmallow-2/
Lapa Ninja (Post),iET SA,BUSINESS,,,https://cdn.lapa.ninja/assets/images/1x/iet-thumb.webp,https://www.lapa.ninja/post/iet/
Lapa Ninja (Post),Flyby,ECOMMERCE,,,https://cdn.lapa.ninja/assets/images/1x/flyby-thumb.webp,https://www.lapa.ninja/post/flyby/
Lapa Ninja (Post),Ujjo,FOOD DRINKS,,,https://cdn.lapa.ninja/assets/images/1x/ujjo-thumb.webp,https://www.lapa.ninja/post/ujjo/
Lapa Ninja (Post),Big Mail,MAIL,,,https://cdn.lapa.ninja/assets/images/1x/getbigmail-thumb.webp,https://www.lapa.ninja/post/getbigmail/
Lapa Ninja (Post),OpenWeb,MINIMAL,,,https://cdn.lapa.ninja/assets/images/1x/openweb-thumb.webp,https://www.lapa.ninja/post/openweb/
Lapa Ninja (Post),General Irving,BUSINESS,,,https://cdn.lapa.ninja/assets/images/1x/generalirving-thumb.webp,https://www.lapa.ninja/post/generalirving/
Lapa Ninja (Post),Empower,APP,,,https://cdn.lapa.ninja/assets/images/1x/empower-thumb.webp,https://www.lapa.ninja/post/empower/
Lapa Ninja (Post),Hopin,APP,,,https://cdn.lapa.ninja/assets/images/1x/hopin-thumb.webp,https://www.lapa.ninja/post/hopin/
Lapa Ninja (Post),Jean Xincong He,PORTFOLIO,,,https://cdn.lapa.ninja/assets/images/1x/jeanxhe-thumb.webp,https://www.lapa.ninja/post/jeanxhe/
Lapa Ninja (Post),Hayden Bleasel,PORTFOLIO,,,https://cdn.lapa.ninja/assets/images/1x/haydenbleasel-06-01-2021-thumb.webp,https://www.lapa.ninja/post/haydenbleasel-2/
Lapa Ninja (Post),Perturbator,PORTFOLIO,,,https://cdn.lapa.ninja/assets/images/1x/perturbator-thumb.webp,https://www.lapa.ninja/post/perturbator/
Lapa Ninja (Post),Anagram Club,STUDIO,,,https://cdn.lapa.ninja/assets/images/1x/anagram-thumb.webp,https://www.lapa.ninja/post/anagram/
Lapa Ninja (Post),Amy Lima,PORTFOLIO,,,https://cdn.lapa.ninja/assets/images/1x/amylima-thumb.webp,https://www.lapa.ninja/post/amylima/
Lapa Ninja (Post),Sandland,ECOMMERCE,,,https://cdn.lapa.ninja/assets/images/1x/sandlandsleep-thumb.webp,https://www.lapa.ninja/post/sandlandsleep/
Lapa Ninja (Post),PlanetScale,DEVELOPMENT TOOLS,,,https://cdn.lapa.ninja/assets/images/1x/planetscale-thumb.webp,https://www.lapa.ninja/post/planetscale/
Lapa Ninja (Post),Steven Taylor,PORTFOLIO,,,https://cdn.lapa.ninja/assets/images/1x/steventaylor-thumb.webp,https://www.lapa.ninja/post/steventaylor/
Lapa Ninja (Post),A Message from Earth,CORPORATE,,,https://cdn.lapa.ninja/assets/images/1x/amessagefromearth-thumb.webp,https://www.lapa.ninja/post/amessagefromearth/
Lapa Ninja (Post),Jon Yablonski,PORTFOLIO,,,https://cdn.lapa.ninja/assets/images/1x/jonyablonski-05-23-2021-thumb.webp,https://www.lapa.ninja/post/jonyablonski-2/
Lapa Ninja (Post),Provider Store,ECOMMERCE,,,https://cdn.lapa.ninja/assets/images/1x/providerstore-thumb.webp,https://www.lapa.ninja/post/providerstore/
Lapa Ninja (Post),June,TECHNOLOGY,,,https://cdn.lapa.ninja/assets/images/1x/june-thumb.webp,https://www.lapa.ninja/post/june/
Lapa Ninja (Post),Doug Alves,PORTFOLIO,,,https://cdn.lapa.ninja/assets/images/1x/dougalves-thumb.webp,https://www.lapa.ninja/post/dougalves/
Lapa Ninja (Post),Gather,COMMUNITY,,,https://cdn.lapa.ninja/assets/images/1x/gather-town-thumb.webp,https://www.lapa.ninja/post/gather-town/
Lapa Ninja (Post),Extra Vitamins,ECOMMERCE,,,https://cdn.lapa.ninja/assets/images/1x/extra-vitamins-thumb.webp,https://www.lapa.ninja/post/extra-vitamins/
Lapa Ninja (Post),Sésame,PORTFOLIO,,,https://cdn.lapa.ninja/assets/images/1x/supersesame-thumb.webp,https://www.lapa.ninja/post/supersesame/
Lapa Ninja (Post),Solitario,STUDIO,,,https://cdn.lapa.ninja/assets/images/1x/solitario-studio-thumb.webp,https://www.lapa.ninja/post/solitario-studio/
Lapa Ninja (Post),Overlooked Ventures,VENTURES,,,https://cdn.lapa.ninja/assets/images/1x/overlookedventures-thumb.webp,https://www.lapa.ninja/post/overlookedventures/
Lapa Ninja (Post),Instrument,AGENCY,,,https://cdn.lapa.ninja/assets/images/1x/instrument-05-19-2021-thumb.webp,https://www.lapa.ninja/post/instrument-4/
Lapa Ninja (Post),Figlia,FOOD DRINKS,,,https://cdn.lapa.ninja/assets/images/1x/drinkfiglia-thumb.webp,https://www.lapa.ninja/post/drinkfiglia/
Lapa Ninja (Post),Made by Nacho,FOOD DRINKS,,,https://cdn.lapa.ninja/assets/images/1x/madebynacho-thumb.webp,https://www.lapa.ninja/post/madebynacho/
Lapa Ninja (Post),REPENTANCE,ECOMMERCE,,,https://cdn.lapa.ninja/assets/images/1x/repentanceclo-thumb.webp,https://www.lapa.ninja/post/repentanceclo/
Lapa Ninja (Post),Miro.design,DESIGN TOOLS,,,https://cdn.lapa.ninja/assets/images/1x/miro-design-thumb.webp,https://www.lapa.ninja/post/miro-design/
Lapa Ninja (Post),Shortcuts.design,DESIGN TOOLS,,,https://cdn.lapa.ninja/assets/images/1x/shortcuts-design-05-19-2021-thumb.webp,https://www.lapa.ninja/post/shortcuts-design-2/
Lapa Ninja (Post),Lovebug Pet Food,ECOMMERCE,,,https://cdn.lapa.ninja/assets/images/1x/lovebugpetfood-thumb.webp,https://www.lapa.ninja/post/lovebugpetfood/
Lapa Ninja (Post),Moonlight,AGENCY,,,https://cdn.lapa.ninja/assets/images/1x/wearemoonlight-thumb.webp,https://www.lapa.ninja/post/wearemoonlight/
Lapa Ninja (Post),Roadmap,PRODUCTIVITY,,,https://cdn.lapa.ninja/assets/images/1x/onroadmap-05-16-2021-thumb.webp,https://www.lapa.ninja/post/onroadmap-4/
Lapa Ninja (Post),ATID,ECOMMERCE,,,https://cdn.lapa.ninja/assets/images/1x/atid-thumb.webp,https://www.lapa.ninja/post/atid/
Lapa Ninja (Post),CraieCraie,STUDIO,,,https://cdn.lapa.ninja/assets/images/1x/craiecraie-thumb.webp,https://www.lapa.ninja/post/craiecraie/
Lapa Ninja (Post),George Kedenburg III,PORTFOLIO,,,https://cdn.lapa.ninja/assets/images/1x/gk3-thumb.webp,https://www.lapa.ninja/post/gk3/
Lapa Ninja (Post),Prism Data,TECHNOLOGY,,,https://cdn.lapa.ninja/assets/images/1x/prismdata-thumb.webp,https://www.lapa.ninja/post/prismdata/
Lapa Ninja (Post),Lina Forsgren,STUDIO,,,https://cdn.lapa.ninja/assets/images/1x/linaforsgren-thumb.webp,https://www.lapa.ninja/post/linaforsgren/
Lapa Ninja (Post),Sunday,APP,,,https://cdn.lapa.ninja/assets/images/1x/sundayapp-thumb.webp,https://www.lapa.ninja/post/sundayapp/
Lapa Ninja (Post),Marco Calignano,PORTFOLIO,,,https://cdn.lapa.ninja/assets/images/1x/marcocalignano-thumb.webp,https://www.lapa.ninja/post/marcocalignano/
Lapa Ninja (Post),Mixcloud,APP,,,https://cdn.lapa.ninja/assets/images/1x/mixcloud-thumb.webp,https://www.lapa.ninja/post/mixcloud-2/
Lapa Ninja (Post),arcarta,ILLUSTRATION,,,https://cdn.lapa.ninja/assets/images/1x/arcarta-thumb.webp,https://www.lapa.ninja/post/arcarta/
Lapa Ninja (Post),The Werk,NEWS,,,https://cdn.lapa.ninja/assets/images/1x/thewerk-thumb.webp,https://www.lapa.ninja/post/thewerk/
Lapa Ninja (Post),Thierry Ambraisse,PORTFOLIO,,,https://cdn.lapa.ninja/assets/images/1x/thierryambraisse-thumb.webp,https://www.lapa.ninja/post/thierryambraisse/
Lapa Ninja (Post),George Francis,PORTFOLIO,,,https://cdn.lapa.ninja/assets/images/1x/georgefrancis-thumb.webp,https://www.lapa.ninja/post/georgefrancis/
Lapa Ninja (Post),Polywork,3D WEBSITES,,,https://cdn.lapa.ninja/assets/images/1x/polywork-thumb.webp,https://www.lapa.ninja/post/polywork/
Lapa Ninja (Post),Madeleine Dalla,PORTFOLIO,,,https://cdn.lapa.ninja/assets/images/1x/madeleinedalla-thumb.webp,https://www.lapa.ninja/post/madeleinedalla/
Lapa Ninja (Post),Developments,EDUCATION,,,https://cdn.lapa.ninja/assets/images/1x/developments-thumb.webp,https://www.lapa.ninja/post/developments/
Lapa Ninja (Post),Volley,FOOD DRINKS,,,https://cdn.lapa.ninja/assets/images/1x/drinkvolley-thumb.webp,https://www.lapa.ninja/post/drinkvolley/
Lapa Ninja (Post),Oberlo,EDUCATION,,,https://cdn.lapa.ninja/assets/images/1x/oberlo-thumb.webp,https://www.lapa.ninja/post/oberlo/
Lapa Ninja (Post),Reform,AGENCY,,,https://cdn.lapa.ninja/assets/images/1x/reform-property-thumb.webp,https://www.lapa.ninja/post/reform-property/
Lapa Ninja (Post),Hidden Valley,ECOMMERCE,,,https://cdn.lapa.ninja/assets/images/1x/hiddenvalley-thumb.webp,https://www.lapa.ninja/post/hiddenvalley/
Lapa Ninja (Post),Le Bibent,FOOD DRINKS,,,https://cdn.lapa.ninja/assets/images/1x/lebibent-thumb.webp,https://www.lapa.ninja/post/lebibent/
Lapa Ninja (Post),Wisr,FINANCE,,,https://cdn.lapa.ninja/assets/images/1x/wisr-thumb.webp,https://www.lapa.ninja/post/wisr/
Lapa Ninja (Post),Loop Returns,ILLUSTRATION,,,https://cdn.lapa.ninja/assets/images/1x/loopreturns-thumb.webp,https://www.lapa.ninja/post/loopreturns/
Lapa Ninja (Post),Details of war,STUDIO,,,https://cdn.lapa.ninja/assets/images/1x/detailsofwar-thumb.webp,https://www.lapa.ninja/post/detailsofwar/
Lapa Ninja (Post),Adetomiwa Isiaka,PORTFOLIO,,,https://cdn.lapa.ninja/assets/images/1x/adetomiwa-thumb.webp,https://www.lapa.ninja/post/adetomiwa/
Lapa Ninja (Post),FLATLIST,ECOMMERCE,,,https://cdn.lapa.ninja/assets/images/1x/flatlisteyewear-thumb.webp,https://www.lapa.ninja/post/flatlisteyewear/
Lapa Ninja (Post),Feels,APP,,,https://cdn.lapa.ninja/assets/images/1x/feels-app-thumb.webp,https://www.lapa.ninja/post/feels-app/
Lapa Ninja (Post),Rich Minority,STUDIO,,,https://cdn.lapa.ninja/assets/images/1x/richminority-thumb.webp,https://www.lapa.ninja/post/richminority/
Lapa Ninja (Post),Robert Mayer,PORTFOLIO,,,https://cdn.lapa.ninja/assets/images/1x/mayerr-thumb.webp,https://www.lapa.ninja/post/mayerr/
Lapa Ninja (Post),Typeverything,TYPOGRAPHY,,,https://cdn.lapa.ninja/assets/images/1x/typeverything-thumb.webp,https://www.lapa.ninja/post/typeverything/
Lapa Ninja (Post),Billi,APP,,,https://cdn.lapa.ninja/assets/images/1x/billi-thumb.webp,https://www.lapa.ninja/post/billi/
Lapa Ninja (Post),BIDE,MINIMAL,,,https://cdn.lapa.ninja/assets/images/1x/bidemarket-thumb.webp,https://www.lapa.ninja/post/bidemarket/
Lapa Ninja (Post),The Ocean Agency,AGENCY,,,https://cdn.lapa.ninja/assets/images/1x/theoceanagency-thumb.webp,https://www.lapa.ninja/post/theoceanagency/
Lapa Ninja (Post),A24,STUDIO,,,https://cdn.lapa.ninja/assets/images/1x/a24films-thumb.webp,https://www.lapa.ninja/post/a24films/
Lapa Ninja (Post),Joost Huver,PORTFOLIO,,,https://cdn.lapa.ninja/assets/images/1x/joosthuver-thumb.webp,https://www.lapa.ninja/post/joosthuver/
Lapa Ninja (Post),Taikonauten,AGENCY,,,https://cdn.lapa.ninja/assets/images/1x/taikonauten-thumb.webp,https://www.lapa.ninja/post/taikonauten/
Lapa Ninja (Post),Enjjoy,ECOMMERCE,,,https://cdn.lapa.ninja/assets/images/1x/enjjoy-thumb.webp,https://www.lapa.ninja/post/enjjoy/
Lapa Ninja (Post),my mind,PRODUCTIVITY,,,https://cdn.lapa.ninja/assets/images/1x/mymind-thumb.webp,https://www.lapa.ninja/post/mymind/
Lapa Ninja (Post),Jon Way Studio,STUDIO,,,https://cdn.lapa.ninja/assets/images/1x/jonway-studio-04-30-2021-thumb.webp,https://www.lapa.ninja/post/jonway-studio-2/
Lapa Ninja (Post),Super Deluxe,3D WEBSITES,,,https://cdn.lapa.ninja/assets/images/1x/superdelux-thumb.webp,https://www.lapa.ninja/post/superdelux/
Lapa Ninja (Post),Well Traveled,OUTDOORS TRAVEL,,,https://cdn.lapa.ninja/assets/images/1x/welltraveledclub-thumb.webp,https://www.lapa.ninja/post/welltraveledclub/
Lapa Ninja (Post),Mighty,3D WEBSITES,,,https://cdn.lapa.ninja/assets/images/1x/mightyapp-thumb.webp,https://www.lapa.ninja/post/mightyapp/
Lapa Ninja (Post),Marla Aaron,ECOMMERCE,,,https://cdn.lapa.ninja/assets/images/1x/marlaaaron-thumb.webp,https://www.lapa.ninja/post/marlaaaron/
Lapa Ninja (Post),Liist,APP,,,https://cdn.lapa.ninja/assets/images/1x/liist-thumb.webp,https://www.lapa.ninja/post/liist/
Lapa Ninja (Post),Sabato,PORTFOLIO,,,https://cdn.lapa.ninja/assets/images/1x/sabato-studio-thumb.webp,https://www.lapa.ninja/post/sabato-studio/
Lapa Ninja (Post),Everland,AGENCY,,,https://cdn.lapa.ninja/assets/images/1x/everland-thumb.webp,https://www.lapa.ninja/post/everland/
Lapa Ninja (Post),Daniel See,PORTFOLIO,,,https://cdn.lapa.ninja/assets/images/1x/danielsee-thumb.webp,https://www.lapa.ninja/post/danielsee/
Lapa Ninja (Post),Spotify Jobs,BUSINESS,,,https://cdn.lapa.ninja/assets/images/1x/spotifyjobs-thumb.webp,https://www.lapa.ninja/post/spotifyjobs/
Lapa Ninja (Post),Over,DESIGN TOOLS,,,https://cdn.lapa.ninja/assets/images/1x/madewithover-thumb.webp,https://www.lapa.ninja/post/madewithover/
Lapa Ninja (Post),Good Use,ILLUSTRATION,,,https://cdn.lapa.ninja/assets/images/1x/gooduse-thumb.webp,https://www.lapa.ninja/post/gooduse/
Lapa Ninja (Post),Rogue Studio Store,ECOMMERCE,,,https://cdn.lapa.ninja/assets/images/1x/rogue-studio-store-thumb.webp,https://www.lapa.ninja/post/rogue-studio-store/
Lapa Ninja (Post),Inflow,FINANCE,,,https://cdn.lapa.ninja/assets/images/1x/inflow-thumb.webp,https://www.lapa.ninja/post/inflow/
Lapa Ninja (Post),The Kitchen,AGENCY,,,https://cdn.lapa.ninja/assets/images/1x/thekitchen-thumb.webp,https://www.lapa.ninja/post/thekitchen/
Lapa Ninja (Post),Dreamer Mode,MINIMAL,,,https://cdn.lapa.ninja/assets/images/1x/dreamermode-thumb.webp,https://www.lapa.ninja/post/dreamermode/
Lapa Ninja (Post),Mouthwash Studio,STUDIO,,,https://cdn.lapa.ninja/assets/images/1x/mouthwash-studio-thumb.webp,https://www.lapa.ninja/post/mouthwash-studio/
Lapa Ninja (Post),Gentle Guide,HEALTH FITNESS,,,https://cdn.lapa.ninja/assets/images/1x/gentle-guide-thumb.webp,https://www.lapa.ninja/post/gentle-guide/
Lapa Ninja (Post),Varun Vachhar,PORTFOLIO,,,https://cdn.lapa.ninja/assets/images/1x/varun-thumb.webp,https://www.lapa.ninja/post/varun/
Lapa Ninja (Post),Auth0,TECHNOLOGY,,,https://cdn.lapa.ninja/assets/images/1x/auth0-thumb.webp,https://www.lapa.ninja/post/auth0/
Lapa Ninja (Post),Plus,ECOMMERCE,,,https://cdn.lapa.ninja/assets/images/1x/cleanwithplus-thumb.webp,https://www.lapa.ninja/post/cleanwithplus/
Lapa Ninja (Post),Steam Logistics,BUSINESS,,,https://cdn.lapa.ninja/assets/images/1x/steamlogistics-thumb.webp,https://www.lapa.ninja/post/steamlogistics/
Lapa Ninja (Post),The Covid Art Museum,CULTURE,,,https://cdn.lapa.ninja/assets/images/1x/covidartmuseum-thumb.webp,https://www.lapa.ninja/post/covidartmuseum/
Lapa Ninja (Post),Playspace,COMMUNITY,,,https://cdn.lapa.ninja/assets/images/1x/play-space-thumb.webp,https://www.lapa.ninja/post/play-space/
Lapa Ninja (Post),Baptiste Briel,PORTFOLIO,,,https://cdn.lapa.ninja/assets/images/1x/bbriel-thumb.webp,https://www.lapa.ninja/post/bbriel/
Lapa Ninja (Post),TOMAS THAN,FASHION,,,https://cdn.lapa.ninja/assets/images/1x/tomasthan-thumb.webp,https://www.lapa.ninja/post/tomasthan/
Lapa Ninja (Post),FigJam,DESIGN TOOLS,,,https://cdn.lapa.ninja/assets/images/1x/figjam-thumb.webp,https://www.lapa.ninja/post/figjam/
Lapa Ninja (Post),Zmaslo,PORTFOLIO,,,https://cdn.lapa.ninja/assets/images/1x/zmaslo-thumb.webp,https://www.lapa.ninja/post/zmaslo/
Lapa Ninja (Post),Richard Sancho,PORTFOLIO,,,https://cdn.lapa.ninja/assets/images/1x/richardsancho-thumb.webp,https://www.lapa.ninja/post/richardsancho/
Lapa Ninja (Post),WAOF,AGENCY,,,https://cdn.lapa.ninja/assets/images/1x/waof-thumb.webp,https://www.lapa.ninja/post/waof/
Lapa Ninja (Post),Future Noodles,FOOD DRINKS,,,https://cdn.lapa.ninja/assets/images/1x/futurenoodles-thumb.webp,https://www.lapa.ninja/post/futurenoodles/
Lapa Ninja (Post),Flow Your Money,APP,,,https://cdn.lapa.ninja/assets/images/1x/flowyourmoney-thumb.webp,https://www.lapa.ninja/post/flowyourmoney/
Lapa Ninja (Post),Weezy,APP,,,https://cdn.lapa.ninja/assets/images/1x/weezy-thumb.webp,https://www.lapa.ninja/post/weezy/
Lapa Ninja (Post),Max Kaplun,PORTFOLIO,,,https://cdn.lapa.ninja/assets/images/1x/maxkaplun-thumb.webp,https://www.lapa.ninja/post/maxkaplun/
Lapa Ninja (Post),MEplace,HEALTH FITNESS,,,https://cdn.lapa.ninja/assets/images/1x/meplace-thumb.webp,https://www.lapa.ninja/post/meplace/
Lapa Ninja (Post),Proxy,PRODUCTIVITY,,,https://cdn.lapa.ninja/assets/images/1x/proxy-thumb.webp,https://www.lapa.ninja/post/proxy/
Lapa Ninja (Post),VVAND,STUDIO,,,https://cdn.lapa.ninja/assets/images/1x/vvand-thumb.webp,https://www.lapa.ninja/post/vvand/
Lapa Ninja (Post),Jonas Reymondin,PORTFOLIO,,,https://cdn.lapa.ninja/assets/images/1x/jonasreymondin-thumb.webp,https://www.lapa.ninja/post/jonasreymondin/
Lapa Ninja (Post),Pauli & Sisters,ECOMMERCE,,,https://cdn.lapa.ninja/assets/images/1x/pauliandsisters-thumb.webp,https://www.lapa.ninja/post/pauliandsisters/
Lapa Ninja (Post),Funeral,STUDIO,,,https://cdn.lapa.ninja/assets/images/1x/funeral-studio-thumb.webp,https://www.lapa.ninja/post/funeral-studio/
Lapa Ninja (Post),Vintageria,ECOMMERCE,,,https://cdn.lapa.ninja/assets/images/1x/vintageria-thumb.webp,https://www.lapa.ninja/post/vintageria/
Lapa Ninja (Post),Watermelon,ARTIFICIAL INTELLIGENCE,,,https://cdn.lapa.ninja/assets/images/1x/watermelon-thumb.webp,https://www.lapa.ninja/post/watermelon/
Lapa Ninja (Post),Smalls,ECOMMERCE,,,https://cdn.lapa.ninja/assets/images/1x/smalls-thumb.webp,https://www.lapa.ninja/post/smalls/
Lapa Ninja (Post),Nahel Moussi,PORTFOLIO,,,https://cdn.lapa.ninja/assets/images/1x/nahelmoussi-thumb.webp,https://www.lapa.ninja/post/nahelmoussi/
Lapa Ninja (Post),Chill Music Club,ENTERTAINMENT,,,https://cdn.lapa.ninja/assets/images/1x/chillmusic-club-thumb.webp,https://www.lapa.ninja/post/chillmusic-club/
Lapa Ninja (Post),Focus Lab,AGENCY,,,https://cdn.lapa.ninja/assets/images/1x/focuslab-04-17-2021-thumb.webp,https://www.lapa.ninja/post/focuslab-2/
Lapa Ninja (Post),Zorka,AGENCY,,,https://cdn.lapa.ninja/assets/images/1x/zorka-agency-thumb.webp,https://www.lapa.ninja/post/zorka-agency/
Lapa Ninja (Post),Cartoon Feelings,ENTERTAINMENT,,,https://cdn.lapa.ninja/assets/images/1x/cartoonfeelings-thumb.webp,https://www.lapa.ninja/post/cartoonfeelings/
Lapa Ninja (Post),OpenAI,ARTIFICIAL INTELLIGENCE,,,https://cdn.lapa.ninja/assets/images/1x/openai-04-17-2021-thumb.webp,https://www.lapa.ninja/post/openai-2/
Lapa Ninja (Post),Oboosho,BUSINESS,,,https://cdn.lapa.ninja/assets/images/1x/oboosho-thumb.webp,https://www.lapa.ninja/post/oboosho/
Lapa Ninja (Post),Font Review Journal,TYPOGRAPHY,,,https://cdn.lapa.ninja/assets/images/1x/fontreviewjournal-thumb.webp,https://www.lapa.ninja/post/fontreviewjournal/
Lapa Ninja (Post),Car Thing,MUSIC,,,https://cdn.lapa.ninja/assets/images/1x/carthing-thumb.webp,https://www.lapa.ninja/post/carthing/
Lapa Ninja (Post),Brandpad,PRODUCTIVITY,,,https://cdn.lapa.ninja/assets/images/1x/brandpad-04-14-2021-thumb.webp,https://www.lapa.ninja/post/brandpad-2/
Lapa Ninja (Post),VOLK GLOBAL,AGENCY,,,https://cdn.lapa.ninja/assets/images/1x/volk-global-thumb.webp,https://www.lapa.ninja/post/volk-global/
Lapa Ninja (Post),Dan Woodger,PORTFOLIO,,,https://cdn.lapa.ninja/assets/images/1x/danwoodger-thumb.webp,https://www.lapa.ninja/post/danwoodger/
Lapa Ninja (Post),Luma,MINIMAL,,,https://cdn.lapa.ninja/assets/images/1x/luma-thumb.webp,https://www.lapa.ninja/post/luma/
Lapa Ninja (Post),Nuro,ARTIFICIAL INTELLIGENCE,,,https://cdn.lapa.ninja/assets/images/1x/nuro-04-13-2021-thumb.webp,https://www.lapa.ninja/post/nuro-ai/
Lapa Ninja (Post),Schweppes,FOOD DRINKS,,,https://cdn.lapa.ninja/assets/images/1x/schweppes-thumb.webp,https://www.lapa.ninja/post/schweppes/
Lapa Ninja (Post),Coffee Supreme,ECOMMERCE,,,https://cdn.lapa.ninja/assets/images/1x/coffeesupreme-thumb.webp,https://www.lapa.ninja/post/coffeesupreme/
Lapa Ninja (Post),Gabriel Norman,PORTFOLIO,,,https://cdn.lapa.ninja/assets/images/1x/gnrm-thumb.webp,https://www.lapa.ninja/post/gnrm/
Lapa Ninja (Post),Flow,FINANCE,,,https://cdn.lapa.ninja/assets/images/1x/flowfi-thumb.webp,https://www.lapa.ninja/post/flowfi/
Lapa Ninja (Post),Clubhouse,PRODUCT MANAGEMENT,,,https://cdn.lapa.ninja/assets/images/1x/clubhouse-04-13-2021-thumb.webp,https://www.lapa.ninja/post/clubhouse-2/
Lapa Ninja (Post),Ko-fi,ILLUSTRATION,,,https://cdn.lapa.ninja/assets/images/1x/ko-fi-04-13-2021-thumb.webp,https://www.lapa.ninja/post/ko-fi-2/
Lapa Ninja (Post),Bitneki,CRYPTOCURRENCY,,,https://cdn.lapa.ninja/assets/images/1x/bitneki-thumb.webp,https://www.lapa.ninja/post/bitneki/
Lapa Ninja (Post),Argon Ventures,VENTURES,,,https://cdn.lapa.ninja/assets/images/1x/argon-ventures-thumb.webp,https://www.lapa.ninja/post/argon-ventures/
Lapa Ninja (Post),Sentempo,STUDIO,,,https://cdn.lapa.ninja/assets/images/1x/studiosentempo-thumb.webp,https://www.lapa.ninja/post/studiosentempo/
Lapa Ninja (Post),Valery Marier,PORTFOLIO,,,https://cdn.lapa.ninja/assets/images/1x/marier-thumb.webp,https://www.lapa.ninja/post/marier/
Lapa Ninja (Post),Pragma,ISOMETRIC,,,https://cdn.lapa.ninja/assets/images/1x/pragma-thumb.webp,https://www.lapa.ninja/post/pragma/
Lapa Ninja (Post),Iron Fish,CRYPTOCURRENCY,,,https://cdn.lapa.ninja/assets/images/1x/ironfish-thumb.webp,https://www.lapa.ninja/post/ironfish/
Lapa Ninja (Post),Materia,MAGAZINE,,,https://cdn.lapa.ninja/assets/images/1x/materia-thumb.webp,https://www.lapa.ninja/post/materia/
Lapa Ninja (Post),Charlie Osborne,PORTFOLIO,,,https://cdn.lapa.ninja/assets/images/1x/charlieosborne-thumb.webp,https://www.lapa.ninja/post/charlieosborne/
Lapa Ninja (Post),Jeremiah Shoaf,PORTFOLIO,,,https://cdn.lapa.ninja/assets/images/1x/jeremiahshoaf-thumb.webp,https://www.lapa.ninja/post/jeremiahshoaf/
Lapa Ninja (Post),Ombia Studio,STUDIO,,,https://cdn.lapa.ninja/assets/images/1x/ombiastudio-thumb.webp,https://www.lapa.ninja/post/ombiastudio/
Lapa Ninja (Post),Martin Laxenaire,PORTFOLIO,,,https://cdn.lapa.ninja/assets/images/1x/martin-laxenaire-04-07-2021-thumb.webp,https://www.lapa.ninja/post/martin-laxenaire-2/
Lapa Ninja (Post),Empathy,APP,,,https://cdn.lapa.ninja/assets/images/1x/empathy-thumb.webp,https://www.lapa.ninja/post/empathy/
Lapa Ninja (Post),Mamboleoo,PORTFOLIO,,,https://cdn.lapa.ninja/assets/images/1x/mamboleoo-thumb.webp,https://www.lapa.ninja/post/mamboleoo/
Lapa Ninja (Post),The New Company,AGENCY,,,https://cdn.lapa.ninja/assets/images/1x/thenewcompany-thumb.webp,https://www.lapa.ninja/post/thenewcompany/
Lapa Ninja (Post),Finematter,ECOMMERCE,,,https://cdn.lapa.ninja/assets/images/1x/finematter-thumb.webp,https://www.lapa.ninja/post/finematter/
Lapa Ninja (Post),Primer,EDUCATION,,,https://cdn.lapa.ninja/assets/images/1x/withprimer-thumb.webp,https://www.lapa.ninja/post/withprimer/
Lapa Ninja (Post),Qatalog,PRODUCTIVITY,,,https://cdn.lapa.ninja/assets/images/1x/qatalog-04-05-2021-thumb.webp,https://www.lapa.ninja/post/qatalog-2/
Lapa Ninja (Post),Patrik Hübner,PORTFOLIO,,,https://cdn.lapa.ninja/assets/images/1x/patrik-huebner-thumb.webp,https://www.lapa.ninja/post/patrik-huebner/
Lapa Ninja (Post),Oasis Cannabis,FOOD DRINKS,,,https://cdn.lapa.ninja/assets/images/1x/oasiscannabis-thumb.webp,https://www.lapa.ninja/post/oasiscannabis/
Lapa Ninja (Post),Linear,PRODUCTIVITY,,,https://cdn.lapa.ninja/assets/images/1x/linear-04-05-2021-thumb.webp,https://www.lapa.ninja/post/linear-2/
Lapa Ninja (Post),HNST Jeans,FASHION,,,https://cdn.lapa.ninja/assets/images/1x/letsbehonest-thumb.webp,https://www.lapa.ninja/post/letsbehonest/
Lapa Ninja (Post),Lamanna Bakery,FOOD DRINKS,,,https://cdn.lapa.ninja/assets/images/1x/lamannabakery-thumb.webp,https://www.lapa.ninja/post/lamannabakery/
Lapa Ninja (Post),Joasia Fidler,PORTFOLIO,,,https://cdn.lapa.ninja/assets/images/1x/fidlerowna-thumb.webp,https://www.lapa.ninja/post/fidlerowna/
Lapa Ninja (Post),iMAL,MINIMAL,,,https://cdn.lapa.ninja/assets/images/1x/imal-thumb.webp,https://www.lapa.ninja/post/imal/
Lapa Ninja (Post),Please Repeat,FASHION,,,https://cdn.lapa.ninja/assets/images/1x/pleaserepeat-thumb.webp,https://www.lapa.ninja/post/pleaserepeat/
Lapa Ninja (Post),Glide,ILLUSTRATION,,,https://cdn.lapa.ninja/assets/images/1x/glide-thumb.webp,https://www.lapa.ninja/post/glide/
Lapa Ninja (Post),AAPI Safety Card,COMMUNITY,,,https://cdn.lapa.ninja/assets/images/1x/aapisafetybadge-thumb.webp,https://www.lapa.ninja/post/aapisafetybadge/
Lapa Ninja (Post),Acquis Consulting,CORPORATE,,,https://cdn.lapa.ninja/assets/images/1x/acquisconsulting-thumb.webp,https://www.lapa.ninja/post/acquisconsulting/
Lapa Ninja (Post),Legwrk,MINIMAL,,,https://cdn.lapa.ninja/assets/images/1x/legwrk-thumb.webp,https://www.lapa.ninja/post/legwrk/
Lapa Ninja (Post),Companion-Platform,MINIMAL,,,https://cdn.lapa.ninja/assets/images/1x/companion-platform-thumb.webp,https://www.lapa.ninja/post/companion-platform/
Lapa Ninja (Post),Superfood Gin,FOOD DRINKS,,,https://cdn.lapa.ninja/assets/images/1x/superfoodgin-thumb.webp,https://www.lapa.ninja/post/superfoodgin/
Lapa Ninja (Post),Do-Hee Kim,PORTFOLIO,,,https://cdn.lapa.ninja/assets/images/1x/do-hee-thumb.webp,https://www.lapa.ninja/post/do-hee/
Lapa Ninja (Post),loadmo.re,DESIGN TOOLS,,,https://cdn.lapa.ninja/assets/images/1x/loadmore-thumb.webp,https://www.lapa.ninja/post/loadmore/
Lapa Ninja (Post),Found,STUDIO,,,https://cdn.lapa.ninja/assets/images/1x/found-studio-thumb.webp,https://www.lapa.ninja/post/found-studio/
Lapa Ninja (Post),AVA Company,AGENCY,,,https://cdn.lapa.ninja/assets/images/1x/avacompany-thumb.webp,https://www.lapa.ninja/post/avacompany/
Lapa Ninja (Post),Vectornator 4.0,DESIGN TOOLS,,,https://cdn.lapa.ninja/assets/images/1x/vectornator-03-31-2021-thumb.webp,https://www.lapa.ninja/post/vectornator-3/
Lapa Ninja (Post),Fabio Formato,PORTFOLIO,,,https://cdn.lapa.ninja/assets/images/1x/fabioformato-thumb.webp,https://www.lapa.ninja/post/fabioformato/
Lapa Ninja (Post),Atomic Digital Design,AGENCY,,,https://cdn.lapa.ninja/assets/images/1x/atomicdigital-thumb.webp,https://www.lapa.ninja/post/atomicdigital/
Lapa Ninja (Post),CoType Foundry,FOUNDRY,,,https://cdn.lapa.ninja/assets/images/1x/cotypefoundry-thumb.webp,https://www.lapa.ninja/post/cotypefoundry/
Lapa Ninja (Post),MBRC the ocean,CORPORATE,,,https://cdn.lapa.ninja/assets/images/1x/mbrctheocean-thumb.webp,https://www.lapa.ninja/post/mbrctheocean/
Lapa Ninja (Post),Zero Waste App,APP,,,https://cdn.lapa.ninja/assets/images/1x/zerowaste-thumb.webp,https://www.lapa.ninja/post/zerowaste/
Lapa Ninja (Post),3drops,STUDIO,,,https://cdn.lapa.ninja/assets/images/1x/3drops-03-30-2021-thumb.webp,https://www.lapa.ninja/post/3drops-5/
Lapa Ninja (Post),Ruby Hibiscus Water,FOOD DRINKS,,,https://cdn.lapa.ninja/assets/images/1x/ruby-thumb.webp,https://www.lapa.ninja/post/ruby/
Lapa Ninja (Post),Aaply,APP,,,https://cdn.lapa.ninja/assets/images/1x/aaply-thumb.webp,https://www.lapa.ninja/post/aaply/
Lapa Ninja (Post),Pirsch,DEVELOPMENT TOOLS,,,https://cdn.lapa.ninja/assets/images/1x/pirsch-thumb.webp,https://www.lapa.ninja/post/pirsch/
Lapa Ninja (Post),JAM!,ILLUSTRATION,,,https://cdn.lapa.ninja/assets/images/1x/jam-thumb.webp,https://www.lapa.ninja/post/jam/
Lapa Ninja (Post),Jellypepper,AGENCY,,,https://cdn.lapa.ninja/assets/images/1x/jellypepper-thumb.webp,https://www.lapa.ninja/post/jellypepper/
Lapa Ninja (Post),Coolection,DESIGN TOOLS,,,https://cdn.lapa.ninja/assets/images/1x/coolection-thumb.webp,https://www.lapa.ninja/post/coolection/
Lapa Ninja (Post),Superlist,PRODUCTIVITY,,,https://cdn.lapa.ninja/assets/images/1x/superlist-thumb.webp,https://www.lapa.ninja/post/superlist/
Lapa Ninja (Post),Statamic,CMS,,,https://cdn.lapa.ninja/assets/images/1x/statamic-thumb.webp,https://www.lapa.ninja/post/statamic/
Lapa Ninja (Post),Commonry,ECOMMERCE,,,https://cdn.lapa.ninja/assets/images/1x/commonry-thumb.webp,https://www.lapa.ninja/post/commonry/
Lapa Ninja (Post),First on SoundCloud,MUSIC,,,https://cdn.lapa.ninja/assets/images/1x/firston-soundcloud-thumb.webp,https://www.lapa.ninja/post/firston-soundcloud/
Lapa Ninja (Post),Chapter20,ECOMMERCE,,,https://cdn.lapa.ninja/assets/images/1x/chapter20care-thumb.webp,https://www.lapa.ninja/post/chapter20care/
Lapa Ninja (Post),Abound,TECHNOLOGY,,,https://cdn.lapa.ninja/assets/images/1x/withabound-thumb.webp,https://www.lapa.ninja/post/withabound/
Lapa Ninja (Post),DISTANCE,ECOMMERCE,,,https://cdn.lapa.ninja/assets/images/1x/distance-store-thumb.webp,https://www.lapa.ninja/post/distance-store/
Lapa Ninja (Post),Kiff,APP,,,https://cdn.lapa.ninja/assets/images/1x/kiff-thumb.webp,https://www.lapa.ninja/post/kiff/
Lapa Ninja (Post),Roof Studio,STUDIO,,,https://cdn.lapa.ninja/assets/images/1x/roofstudio-thumb.webp,https://www.lapa.ninja/post/roofstudio/
Lapa Ninja (Post),Sustainable Menus,HEALTH FITNESS,,,https://cdn.lapa.ninja/assets/images/1x/menudurable-thumb.webp,https://www.lapa.ninja/post/menudurable/
Lapa Ninja (Post),Onda,FOOD DRINKS,,,https://cdn.lapa.ninja/assets/images/1x/drinkonda-thumb.webp,https://www.lapa.ninja/post/drinkonda/
Lapa Ninja (Post),Because Animals,ILLUSTRATION,,,https://cdn.lapa.ninja/assets/images/1x/becauseanimals-thumb.webp,https://www.lapa.ninja/post/becauseanimals/
Lapa Ninja (Post),Charlie Phipps,PORTFOLIO,,,https://cdn.lapa.ninja/assets/images/1x/phippscharlie-thumb.webp,https://www.lapa.ninja/post/phippscharlie/
Lapa Ninja (Post),Clover,PRODUCTIVITY,,,https://cdn.lapa.ninja/assets/images/1x/cloverapp-thumb.webp,https://www.lapa.ninja/post/cloverapp/
Lapa Ninja (Post),SPIRAL,MAGAZINE,,,https://cdn.lapa.ninja/assets/images/1x/spiraljournal-thumb.webp,https://www.lapa.ninja/post/spiraljournal/
Lapa Ninja (Post),Relate,DESIGN TOOLS,,,https://cdn.lapa.ninja/assets/images/1x/relate-03-25-2021-thumb.webp,https://www.lapa.ninja/post/relate-5/
Lapa Ninja (Post),Vera,BLOCKCHAIN,,,https://cdn.lapa.ninja/assets/images/1x/joinvera-thumb.webp,https://www.lapa.ninja/post/joinvera/
Lapa Ninja (Post),Flipaclip,APP,,,https://cdn.lapa.ninja/assets/images/1x/flipaclip-thumb.webp,https://www.lapa.ninja/post/flipaclip/
Lapa Ninja (Post),Matthew Fisher,PORTFOLIO,,,https://cdn.lapa.ninja/assets/images/1x/mfisher-03-21-2021-thumb.webp,https://www.lapa.ninja/post/mfisher-2/
Lapa Ninja (Post),Dan Burrows,PORTFOLIO,,,https://cdn.lapa.ninja/assets/images/1x/danburro-thumb.webp,https://www.lapa.ninja/post/danburro/
Lapa Ninja (Post),Amigos,DESIGN TOOLS,,,https://cdn.lapa.ninja/assets/images/1x/amigos-thumb.webp,https://www.lapa.ninja/post/amigos/
Lapa Ninja (Post),Garoa Skincare,ECOMMERCE,,,https://cdn.lapa.ninja/assets/images/1x/garoaskincare-thumb.webp,https://www.lapa.ninja/post/garoaskincare/
Lapa Ninja (Post),Realtime Robotics,ARTIFICIAL INTELLIGENCE,,,https://cdn.lapa.ninja/assets/images/1x/rtr-thumb.webp,https://www.lapa.ninja/post/rtr/
Lapa Ninja (Post),Wax Poetics,MAGAZINE,,,https://cdn.lapa.ninja/assets/images/1x/waxpoetics-thumb.webp,https://www.lapa.ninja/post/waxpoetics/
Lapa Ninja (Post),Fat Free,STUDIO,,,https://cdn.lapa.ninja/assets/images/1x/hellofatfree-thumb.webp,https://www.lapa.ninja/post/hellofatfree/
Lapa Ninja (Post),Gareth Hughes,PORTFOLIO,,,https://cdn.lapa.ninja/assets/images/1x/gareth-hughes-thumb.webp,https://www.lapa.ninja/post/gareth-hughes/
Lapa Ninja (Post),Reclaim,ARTIFICIAL INTELLIGENCE,,,https://cdn.lapa.ninja/assets/images/1x/reclaimai-thumb.webp,https://www.lapa.ninja/post/reclaimai/
Lapa Ninja (Post),Stacks,CRYPTOCURRENCY,,,https://cdn.lapa.ninja/assets/images/1x/stacks-thumb.webp,https://www.lapa.ninja/post/stacks/
Lapa Ninja (Post),VoetsDesign,PORTFOLIO,,,https://cdn.lapa.ninja/assets/images/1x/voetsdesign-thumb.webp,https://www.lapa.ninja/post/voetsdesign/
Lapa Ninja (Post),Ghost 4.0,TECHNOLOGY,,,https://cdn.lapa.ninja/assets/images/1x/ghost-03-17-2021-thumb.webp,https://www.lapa.ninja/post/ghost/
Lapa Ninja (Post),The European Review of Books,MAGAZINE,,,https://cdn.lapa.ninja/assets/images/1x/europeanreviewofbooks-thumb.webp,https://www.lapa.ninja/post/europeanreviewofbooks/
Lapa Ninja (Post),NOKO NOKO,STUDIO,,,https://cdn.lapa.ninja/assets/images/1x/nokonoko-thumb.webp,https://www.lapa.ninja/post/nokonoko/
Lapa Ninja (Post),Pupy,APP,,,https://cdn.lapa.ninja/assets/images/1x/pupy-thumb.webp,https://www.lapa.ninja/post/pupy/
Lapa Ninja (Post),twobirds.,STUDIO,,,https://cdn.lapa.ninja/assets/images/1x/twobirds-thumb.webp,https://www.lapa.ninja/post/twobirds/
Lapa Ninja (Post),Showtime,NFT,,,https://cdn.lapa.ninja/assets/images/1x/tryshowtime-thumb.webp,https://www.lapa.ninja/post/tryshowtime/
Lapa Ninja (Post),The Hiring Chain,CULTURE,,,https://cdn.lapa.ninja/assets/images/1x/hiringchain-thumb.webp,https://www.lapa.ninja/post/hiringchain/
Lapa Ninja (Post),Andrey Bolonev,PORTFOLIO,,,https://cdn.lapa.ninja/assets/images/1x/bolonev-thumb.webp,https://www.lapa.ninja/post/bolonev/
Lapa Ninja (Post),Château Boll,REAL ESTATE,,,https://cdn.lapa.ninja/assets/images/1x/chateauboll-thumb.webp,https://www.lapa.ninja/post/chateauboll/
Lapa Ninja (Post),Coder,TECHNOLOGY,,,https://cdn.lapa.ninja/assets/images/1x/coder-03-15-2021-thumb.webp,https://www.lapa.ninja/post/coder-3/
Lapa Ninja (Post),Around,PRODUCTIVITY,,,https://cdn.lapa.ninja/assets/images/1x/around-thumb.webp,https://www.lapa.ninja/post/around/
Lapa Ninja (Post),Lu Yu,PORTFOLIO,,,https://cdn.lapa.ninja/assets/images/1x/luyu-03-12-2021-thumb.webp,https://www.lapa.ninja/post/luyu-2/
Lapa Ninja (Post),Tangan,HEALTH FITNESS,,,https://cdn.lapa.ninja/assets/images/1x/tangan-thumb.webp,https://www.lapa.ninja/post/tangan/
Lapa Ninja (Post),Jameen Tarlier,PORTFOLIO,,,https://cdn.lapa.ninja/assets/images/1x/jameenctarlier-thumb.webp,https://www.lapa.ninja/post/jameenctarlier/
Lapa Ninja (Post),Index,CORPORATE,,,https://cdn.lapa.ninja/assets/images/1x/galeriaindex-thumb.webp,https://www.lapa.ninja/post/galeriaindex/
Lapa Ninja (Post),Showhere,ILLUSTRATION,,,https://cdn.lapa.ninja/assets/images/1x/showhere-thumb.webp,https://www.lapa.ninja/post/showhere/
Lapa Ninja (Post),Animus Studios,STUDIO,,,https://cdn.lapa.ninja/assets/images/1x/animusstudios-thumb.webp,https://www.lapa.ninja/post/animusstudios/
Lapa Ninja (Post),Talia Cotton,PORTFOLIO,,,https://cdn.lapa.ninja/assets/images/1x/taliacotton-thumb.webp,https://www.lapa.ninja/post/taliacotton/
Lapa Ninja (Post),Blue Cyclops Design Co,STUDIO,,,https://cdn.lapa.ninja/assets/images/1x/bluecyclops-03-10-2021-thumb.webp,https://www.lapa.ninja/post/bluecyclops-2/
Lapa Ninja (Post),Female Faces,CORPORATE,,,https://cdn.lapa.ninja/assets/images/1x/femalefaces-thumb.webp,https://www.lapa.ninja/post/femalefaces/
Lapa Ninja (Post),Julie Blaive,ECOMMERCE,,,https://cdn.lapa.ninja/assets/images/1x/julieblaive-thumb.webp,https://www.lapa.ninja/post/julieblaive/
Lapa Ninja (Post),Amanda Yeh,PORTFOLIO,,,https://cdn.lapa.ninja/assets/images/1x/amandayeh-thumb.webp,https://www.lapa.ninja/post/amandayeh/
Lapa Ninja (Post),Markit by Reify,ILLUSTRATION,,,https://cdn.lapa.ninja/assets/images/1x/gotomarkit-thumb.webp,https://www.lapa.ninja/post/gotomarkit/
Lapa Ninja (Post),Fleex,BUSINESS,,,https://cdn.lapa.ninja/assets/images/1x/fleex-thumb.webp,https://www.lapa.ninja/post/fleex/
Lapa Ninja (Post),fatty15,HEALTH FITNESS,,,https://cdn.lapa.ninja/assets/images/1x/fatty15-thumb.webp,https://www.lapa.ninja/post/fatty15/
Lapa Ninja (Post),Beasts of England,FOUNDRY,,,https://cdn.lapa.ninja/assets/images/1x/beastsofengland-thumb.webp,https://www.lapa.ninja/post/beastsofengland/
Lapa Ninja (Post),Heartcore,ILLUSTRATION,,,https://cdn.lapa.ninja/assets/images/1x/heartcore-thumb.webp,https://www.lapa.ninja/post/heartcore/
Lapa Ninja (Post),Universal Favourite,STUDIO,,,https://cdn.lapa.ninja/assets/images/1x/universalfavourite-thumb.webp,https://www.lapa.ninja/post/universalfavourite/
Lapa Ninja (Post),Owl Labs,ECOMMERCE,,,https://cdn.lapa.ninja/assets/images/1x/owllabs-thumb.webp,https://www.lapa.ninja/post/owllabs/
Lapa Ninja (Post),Calvados France,FOOD DRINKS,,,https://cdn.lapa.ninja/assets/images/1x/drinkcalvados-thumb.webp,https://www.lapa.ninja/post/drinkcalvados/
Lapa Ninja (Post),Dennis Cortés,PORTFOLIO,,,https://cdn.lapa.ninja/assets/images/1x/cortes-thumb.webp,https://www.lapa.ninja/post/cortes/
Lapa Ninja (Post),Courser,ECOMMERCE,,,https://cdn.lapa.ninja/assets/images/1x/courserworld-thumb.webp,https://www.lapa.ninja/post/courserworld/
Lapa Ninja (Post),Lasse Fløde,PORTFOLIO,,,https://cdn.lapa.ninja/assets/images/1x/lassefloede-thumb.webp,https://www.lapa.ninja/post/lassefloede/
Lapa Ninja (Post),Ysé Paris,ECOMMERCE,,,https://cdn.lapa.ninja/assets/images/1x/yse-paris-thumb.webp,https://www.lapa.ninja/post/yse-paris/
Lapa Ninja (Post),Bellerose,ECOMMERCE,,,https://cdn.lapa.ninja/assets/images/1x/bellerose-thumb.webp,https://www.lapa.ninja/post/bellerose/
Lapa Ninja (Post),Letters From Venus,COMMUNITY,,,https://cdn.lapa.ninja/assets/images/1x/lettersfromvenus-03-07-2021-thumb.webp,https://www.lapa.ninja/post/lettersfromvenus-2/
Lapa Ninja (Post),TIGHTYPE™,FOUNDRY,,,https://cdn.lapa.ninja/assets/images/1x/tightype-thumb.webp,https://www.lapa.ninja/post/tightype/
Lapa Ninja (Post),Defund to Refund,CORPORATE,,,https://cdn.lapa.ninja/assets/images/1x/defund2refund-thumb.webp,https://www.lapa.ninja/post/defund2refund/
Lapa Ninja (Post),Lenonguyen,PORTFOLIO,,,https://cdn.lapa.ninja/assets/images/1x/lenonguyen-thumb.webp,https://www.lapa.ninja/post/lenonguyen/
Lapa Ninja (Post),Jonathan Alpmyr,PORTFOLIO,,,https://cdn.lapa.ninja/assets/images/1x/jonathanalpmyr-thumb.webp,https://www.lapa.ninja/post/jonathanalpmyr/
Lapa Ninja (Post),Bruno,AGENCY,,,https://cdn.lapa.ninja/assets/images/1x/callbruno-thumb.webp,https://www.lapa.ninja/post/callbruno/
Lapa Ninja (Post),Hanai World,3D WEBSITES,,,https://cdn.lapa.ninja/assets/images/1x/hanaiworld-thumb.webp,https://www.lapa.ninja/post/hanaiworld/
Lapa Ninja (Post),Huge XD School,EDUCATION,,,https://cdn.lapa.ninja/assets/images/1x/huge-xd-school-thumb.webp,https://www.lapa.ninja/post/huge-xd-school/
Lapa Ninja (Post),Tracklib,MUSIC,,,https://cdn.lapa.ninja/assets/images/1x/tracklib-thumb.webp,https://www.lapa.ninja/post/tracklib/
Lapa Ninja (Post),Black Lines,FOOD DRINKS,,,https://cdn.lapa.ninja/assets/images/1x/blacklinesdrinks-thumb.webp,https://www.lapa.ninja/post/blacklinesdrinks/
Lapa Ninja (Post),Alfread,APP,,,https://cdn.lapa.ninja/assets/images/1x/alfreadapp-03-04-2021-thumb.webp,https://www.lapa.ninja/post/alfreadapp/
Lapa Ninja (Post),Monograph,PRODUCT MANAGEMENT,,,https://cdn.lapa.ninja/assets/images/1x/monograph-03-04-20211-thumb.webp,https://www.lapa.ninja/post/monograph-4/
Lapa Ninja (Post),Ternary,TECHNOLOGY,,,https://cdn.lapa.ninja/assets/images/1x/ternary-thumb.webp,https://www.lapa.ninja/post/ternary/
Lapa Ninja (Post),MyPayNow,FINANCE,,,https://cdn.lapa.ninja/assets/images/1x/mypaynow-thumb.webp,https://www.lapa.ninja/post/mypaynow/
Lapa Ninja (Post),Pablito Planeta,CREATIVE,,,https://cdn.lapa.ninja/assets/images/1x/pablitoplaneta-thumb.webp,https://www.lapa.ninja/post/pablitoplaneta/
Lapa Ninja (Post),Thingtesting,EDUCATION,,,https://cdn.lapa.ninja/assets/images/1x/thingtesting-thumb.webp,https://www.lapa.ninja/post/thingtesting/
Lapa Ninja (Post),Viso Haus,STUDIO,,,https://cdn.lapa.ninja/assets/images/1x/viso-haus-thumb.webp,https://www.lapa.ninja/post/viso-haus/
Lapa Ninja (Post),Wild Souls,FOOD DRINKS,,,https://cdn.lapa.ninja/assets/images/1x/wildsouls-thumb.webp,https://www.lapa.ninja/post/wildsouls/
Lapa Ninja (Post),Irys,PRODUCTIVITY,,,https://cdn.lapa.ninja/assets/images/1x/heyirys-thumb.webp,https://www.lapa.ninja/post/heyirys/
Lapa Ninja (Post),Adam Ho,PORTFOLIO,,,https://cdn.lapa.ninja/assets/images/1x/adamho-03-02-2021-thumb.webp,https://www.lapa.ninja/post/adamho-3/
Lapa Ninja (Post),Cult Gaia,ECOMMERCE,,,https://cdn.lapa.ninja/assets/images/1x/cultgaia-thumb.webp,https://www.lapa.ninja/post/cultgaia/
Lapa Ninja (Post),Cosmic Collusion,PORTFOLIO,,,https://cdn.lapa.ninja/assets/images/1x/cosmiccollusion-thumb.webp,https://www.lapa.ninja/post/cosmiccollusion/
Lapa Ninja (Post),TRWM,HEALTH FITNESS,,,https://cdn.lapa.ninja/assets/images/1x/takearidewithme-thumb.webp,https://www.lapa.ninja/post/takearidewithme/
Lapa Ninja (Post),Josh W Comeau,BLOG,,,https://cdn.lapa.ninja/assets/images/1x/joshwcomeau-thumb.webp,https://www.lapa.ninja/post/joshwcomeau/
Lapa Ninja (Post),Order,STUDIO,,,https://cdn.lapa.ninja/assets/images/1x/order-design-thumb.webp,https://www.lapa.ninja/post/order-design/
Lapa Ninja (Post),Quill,APP,,,https://cdn.lapa.ninja/assets/images/1x/quill-02-24-2021-thumb.webp,https://www.lapa.ninja/post/quill-2/
Lapa Ninja (Post),Rider.404,OUTDOORS TRAVEL,,,https://cdn.lapa.ninja/assets/images/1x/rider404-thumb.webp,https://www.lapa.ninja/post/rider404/
Lapa Ninja (Post),Easol,PRODUCTIVITY,,,https://cdn.lapa.ninja/assets/images/1x/easol-thumb.webp,https://www.lapa.ninja/post/easol/
Lapa Ninja (Post),Happy Tooth,HEALTH FITNESS,,,https://cdn.lapa.ninja/assets/images/1x/happytoothslc-thumb.webp,https://www.lapa.ninja/post/happytoothslc/
Lapa Ninja (Post),Vucko,STUDIO,,,https://cdn.lapa.ninja/assets/images/1x/vucko-thumb.webp,https://www.lapa.ninja/post/vucko/
Lapa Ninja (Post),Fifty Editions,ECOMMERCE,,,https://cdn.lapa.ninja/assets/images/1x/fiftyeditions-02-24-2021-thumb.webp,https://www.lapa.ninja/post/fiftyeditions-2/
Lapa Ninja (Post),Utopia Agriculture,ILLUSTRATION,,,https://cdn.lapa.ninja/assets/images/1x/utopiaagriculture-thumb.webp,https://www.lapa.ninja/post/utopiaagriculture/
Lapa Ninja (Post),Emma Tulloch Architects,MINIMAL,,,https://cdn.lapa.ninja/assets/images/1x/emmatulloch-thumb.webp,https://www.lapa.ninja/post/emmatulloch/
Lapa Ninja (Post),Powder,APP,,,https://cdn.lapa.ninja/assets/images/1x/powder-thumb.webp,https://www.lapa.ninja/post/powder/
Lapa Ninja (Post),Peddlers Gin,FOOD DRINKS,,,https://cdn.lapa.ninja/assets/images/1x/peddlersgin-thumb.webp,https://www.lapa.ninja/post/peddlersgin/
Lapa Ninja (Post),Abstract Notebooks,DESIGN TOOLS,,,https://cdn.lapa.ninja/assets/images/1x/abstract-02-24-2021-thumb.webp,https://www.lapa.ninja/post/abstract-3/
Lapa Ninja (Post),Gunnar Freyr,PORTFOLIO,,,https://cdn.lapa.ninja/assets/images/1x/icelandicexplorer-thumb.webp,https://www.lapa.ninja/post/icelandicexplorer/
Lapa Ninja (Post),Circule,STUDIO,,,https://cdn.lapa.ninja/assets/images/1x/studiocircule-thumb.webp,https://www.lapa.ninja/post/studiocircule/
Lapa Ninja (Post),Too Gallus,AGENCY,,,https://cdn.lapa.ninja/assets/images/1x/toogallus-thumb.webp,https://www.lapa.ninja/post/toogallus/
Lapa Ninja (Post),Whiteboard,AGENCY,,,https://cdn.lapa.ninja/assets/images/1x/whiteboard-02-24-2021-thumb.webp,https://www.lapa.ninja/post/whiteboard-3/
Lapa Ninja (Post),Andy Works,TECHNOLOGY,,,https://cdn.lapa.ninja/assets/images/1x/andy-thumb.webp,https://www.lapa.ninja/post/andy-works/
Lapa Ninja (Post),Bitski,NFT,,,https://cdn.lapa.ninja/assets/images/1x/bitski-thumb.webp,https://www.lapa.ninja/post/bitski/
Lapa Ninja (Post),Murmur,PRODUCTIVITY,,,https://cdn.lapa.ninja/assets/images/1x/murmur-thumb.webp,https://www.lapa.ninja/post/murmur/
Lapa Ninja (Post),Gavin Nelson,PORTFOLIO,,,https://cdn.lapa.ninja/assets/images/1x/nelson-thumb.webp,https://www.lapa.ninja/post/nelson/
Lapa Ninja (Post),Duo Studio,STUDIO,,,https://cdn.lapa.ninja/assets/images/1x/duo-studio-thumb.webp,https://www.lapa.ninja/post/duo-studio/
Lapa Ninja (Post),LeMond,OUTDOORS TRAVEL,,,https://cdn.lapa.ninja/assets/images/1x/lemond-thumb.webp,https://www.lapa.ninja/post/lemond/
Lapa Ninja (Post),Apostrophe,ECOMMERCE,,,https://cdn.lapa.ninja/assets/images/1x/apostrophe-thumb.webp,https://www.lapa.ninja/post/apostrophe/
Lapa Ninja (Post),Concrete Club Studio,STUDIO,,,https://cdn.lapa.ninja/assets/images/1x/concreteclub-thumb.webp,https://www.lapa.ninja/post/concreteclub/
Lapa Ninja (Post),Silvia Tcherassi,ECOMMERCE,,,https://cdn.lapa.ninja/assets/images/1x/silviatcherassi-thumb.webp,https://www.lapa.ninja/post/silviatcherassi/
Lapa Ninja (Post),Garden City Center,BUSINESS,,,https://cdn.lapa.ninja/assets/images/1x/gardencitycenter-thumb.webp,https://www.lapa.ninja/post/gardencitycenter/
Lapa Ninja (Post),Steven Mengin,PORTFOLIO,,,https://cdn.lapa.ninja/assets/images/1x/stevenmengin-thumb.webp,https://www.lapa.ninja/post/stevenmengin/
Lapa Ninja (Post),MOTH,FOOD DRINKS,,,https://cdn.lapa.ninja/assets/images/1x/mothdrinks-thumb.webp,https://www.lapa.ninja/post/mothdrinks/
Lapa Ninja (Post),Ten Two,ILLUSTRATION,,,https://cdn.lapa.ninja/assets/images/1x/tentwo-thumb.webp,https://www.lapa.ninja/post/tentwo/
Lapa Ninja (Post),Pretty Wild,ECOMMERCE,,,https://cdn.lapa.ninja/assets/images/1x/itsallprettywild-thumb.webp,https://www.lapa.ninja/post/itsallprettywild/
Lapa Ninja (Post),Never Sit Still,STUDIO,,,https://cdn.lapa.ninja/assets/images/1x/neversitstill-thumb.webp,https://www.lapa.ninja/post/neversitstill/
Lapa Ninja (Post),Mass-Driver,FOUNDRY,,,https://cdn.lapa.ninja/assets/images/1x/mass-driver-thumb.webp,https://www.lapa.ninja/post/mass-driver/
Lapa Ninja (Post),MONUMENTO,STUDIO,,,https://cdn.lapa.ninja/assets/images/1x/monumento-thumb.webp,https://www.lapa.ninja/post/monumento/
Lapa Ninja (Post),oioi.gg,AGENCY,,,https://cdn.lapa.ninja/assets/images/1x/oioi-thumb.webp,https://www.lapa.ninja/post/oioi/
Lapa Ninja (Post),Cafe Robot,DEVELOPMENT TOOLS,,,https://cdn.lapa.ninja/assets/images/1x/cafe-robot-thumb.webp,https://www.lapa.ninja/post/cafe-robot/
Lapa Ninja (Post),WILD FI,AGENCY,,,https://cdn.lapa.ninja/assets/images/1x/wild-fi-thumb.webp,https://www.lapa.ninja/post/wild-fi/
Lapa Ninja (Post),Comme Si,ECOMMERCE,,,https://cdn.lapa.ninja/assets/images/1x/commesi-02-08-2021-thumb.webp,https://www.lapa.ninja/post/commesi-2/
Lapa Ninja (Post),Framer,DESIGN TOOLS,,,https://cdn.lapa.ninja/assets/images/1x/framer-02-08-2021-thumb.webp,https://www.lapa.ninja/post/framer-6/
Lapa Ninja (Post),Hélène Vignon,PORTFOLIO,,,https://cdn.lapa.ninja/assets/images/1x/helenevignon-thumb.webp,https://www.lapa.ninja/post/helenevignon/
Lapa Ninja (Post),Benjamin Briand,PORTFOLIO,,,https://cdn.lapa.ninja/assets/images/1x/benjaminbriandavocat-thumb.webp,https://www.lapa.ninja/post/benjaminbriandavocat/
Lapa Ninja (Post),Thomas Geisen,PORTFOLIO,,,https://cdn.lapa.ninja/assets/images/1x/thomasgeisen-thumb.webp,https://www.lapa.ninja/post/thomasgeisen/
Lapa Ninja (Post),Balance,TECHNOLOGY,,,https://cdn.lapa.ninja/assets/images/1x/getbalance-thumb.webp,https://www.lapa.ninja/post/getbalance/
Lapa Ninja (Post),Meta Craft,AGENCY,,,https://cdn.lapa.ninja/assets/images/1x/meta-craft-thumb.webp,https://www.lapa.ninja/post/meta-craft/
Lapa Ninja (Post),Ragged Edge,AGENCY,,,https://cdn.lapa.ninja/assets/images/1x/raggededge-thumb.webp,https://www.lapa.ninja/post/raggededge/
Lapa Ninja (Post),Fujee Design,CREATIVE,,,https://cdn.lapa.ninja/assets/images/1x/fujeedesign-thumb.webp,https://www.lapa.ninja/post/fujeedesign/
Lapa Ninja (Post),Kruger Buro,STUDIO,,,https://cdn.lapa.ninja/assets/images/1x/krugerburo-thumb.webp,https://www.lapa.ninja/post/krugerburo/
Lapa Ninja (Post),Highcourt,ILLUSTRATION,,,https://cdn.lapa.ninja/assets/images/1x/highcourt-thumb.webp,https://www.lapa.ninja/post/highcourt/
Lapa Ninja (Post),INFRINGE,MAGAZINE,,,https://cdn.lapa.ninja/assets/images/1x/infringe-thumb.webp,https://www.lapa.ninja/post/infringe/
Lapa Ninja (Post),Impermanence,PHOTOGRAPHY,,,https://cdn.lapa.ninja/assets/images/1x/impermanence-thumb.webp,https://www.lapa.ninja/post/impermanence/
Lapa Ninja (Post),Ryan & Aly,ILLUSTRATION,,,https://cdn.lapa.ninja/assets/images/1x/ryanandaly-thumb.webp,https://www.lapa.ninja/post/ryanandaly/
Lapa Ninja (Post),VJ Type Typefaces,FOUNDRY,,,https://cdn.lapa.ninja/assets/images/1x/vj-type-02-07-2021-thumb.webp,https://www.lapa.ninja/post/vj-type-2/
Lapa Ninja (Post),Maze,DESIGN TOOLS,,,https://cdn.lapa.ninja/assets/images/1x/maze-02-07-2021-thumb.webp,https://www.lapa.ninja/post/maze-2/
Lapa Ninja (Post),Bitcoin,ILLUSTRATION,,,https://cdn.lapa.ninja/assets/images/1x/bitcoin-thumb.webp,https://www.lapa.ninja/post/bitcoin/
Lapa Ninja (Post),Olivier Guillard,PORTFOLIO,,,https://cdn.lapa.ninja/assets/images/1x/olivierguillard-thumb.webp,https://www.lapa.ninja/post/olivierguillard/
Lapa Ninja (Post),dBodhi,ECOMMERCE,,,https://cdn.lapa.ninja/assets/images/1x/dbodhi-thumb.webp,https://www.lapa.ninja/post/dbodhi/
Lapa Ninja (Post),Nibelu,HEALTH FITNESS,,,https://cdn.lapa.ninja/assets/images/1x/nibelu-thumb.webp,https://www.lapa.ninja/post/nibelu/
Lapa Ninja (Post),Diamond Cafe,PORTFOLIO,,,https://cdn.lapa.ninja/assets/images/1x/diamond-cafe-thumb.webp,https://www.lapa.ninja/post/diamond-cafe/
Lapa Ninja (Post),Ytech,AGENCY,,,https://cdn.lapa.ninja/assets/images/1x/ytech-thumb.webp,https://www.lapa.ninja/post/ytech/
Lapa Ninja (Post),Hoodzpah,BUSINESS,,,https://cdn.lapa.ninja/assets/images/1x/hoodzpahdesign-01-31-2021-thumb.webp,https://www.lapa.ninja/post/hoodzpahdesign-2/
Lapa Ninja (Post),Buy Fonts Save Lives,TYPOGRAPHY,,,https://cdn.lapa.ninja/assets/images/1x/buyfontssavelives-thumb.webp,https://www.lapa.ninja/post/buyfontssavelives/
Lapa Ninja (Post),fanfanfan,STUDIO,,,https://cdn.lapa.ninja/assets/images/1x/fanfanfan-thumb.webp,https://www.lapa.ninja/post/fanfanfan/
Lapa Ninja (Post),Aurélia Durand,PORTFOLIO,,,https://cdn.lapa.ninja/assets/images/1x/aurelia-studio-thumb.webp,https://www.lapa.ninja/post/aurelia-studio/
Lapa Ninja (Post),The Mind Map,MINIMAL,,,https://cdn.lapa.ninja/assets/images/1x/themindmap-thumb.webp,https://www.lapa.ninja/post/themindmap/
Lapa Ninja (Post),Davis Row,ILLUSTRATION,,,https://cdn.lapa.ninja/assets/images/1x/davisrow-thumb.webp,https://www.lapa.ninja/post/davisrow/
Lapa Ninja (Post),Every,EDUCATION,,,https://cdn.lapa.ninja/assets/images/1x/everyto-thumb.webp,https://www.lapa.ninja/post/every/
Lapa Ninja (Post),BlueIO,ILLUSTRATION,,,https://cdn.lapa.ninja/assets/images/1x/blueio-thumb.webp,https://www.lapa.ninja/post/blueio/
Lapa Ninja (Post),Hobbes,STUDIO,,,https://cdn.lapa.ninja/assets/images/1x/hobbes-thumb.webp,https://www.lapa.ninja/post/hobbes/
Lapa Ninja (Post),Circle,AGENCY,,,https://cdn.lapa.ninja/assets/images/1x/circle-thumb.webp,https://www.lapa.ninja/post/circle/
Lapa Ninja (Post),AUFI,AGENCY,,,https://cdn.lapa.ninja/assets/images/1x/aufi-01-31-2021-thumb.webp,https://www.lapa.ninja/post/aufi-2/
Lapa Ninja (Post),Tomasz Strekowski,PORTFOLIO,,,https://cdn.lapa.ninja/assets/images/1x/strekowski-thumb.webp,https://www.lapa.ninja/post/strekowski/
Lapa Ninja (Post),Levon Aronian,PORTFOLIO,,,https://cdn.lapa.ninja/assets/images/1x/levonaronian-thumb.webp,https://www.lapa.ninja/post/levonaronian/
Lapa Ninja (Post),CauseVox,FINANCE,,,https://cdn.lapa.ninja/assets/images/1x/causevox-thumb.webp,https://www.lapa.ninja/post/causevox/
Lapa Ninja (Post),Hemster,FASHION,,,https://cdn.lapa.ninja/assets/images/1x/hemster-thumb.webp,https://www.lapa.ninja/post/hemster/
Lapa Ninja (Post),Convicts,STUDIO,,,https://cdn.lapa.ninja/assets/images/1x/convicts-thumb.webp,https://www.lapa.ninja/post/convicts/
Lapa Ninja (Post),The New Movement,STUDIO,,,https://cdn.lapa.ninja/assets/images/1x/thenewmvt-thumb.webp,https://www.lapa.ninja/post/thenewmvt/
Lapa Ninja (Post),Laws of UX,COURSE,,,https://cdn.lapa.ninja/assets/images/1x/lawsofux-thumb.webp,https://www.lapa.ninja/post/lawsofux/
Lapa Ninja (Post),Plenty,BUSINESS,,,https://cdn.lapa.ninja/assets/images/1x/plenty-thumb.webp,https://www.lapa.ninja/post/plenty/
Lapa Ninja (Post),Eder Anaya,PORTFOLIO,,,https://cdn.lapa.ninja/assets/images/1x/ederanaya-thumb.webp,https://www.lapa.ninja/post/ederanaya/
Lapa Ninja (Post),Caligrafik,AGENCY,,,https://cdn.lapa.ninja/assets/images/1x/caligrafik-thumb.webp,https://www.lapa.ninja/post/caligrafik/
Lapa Ninja (Post),GIGANTIC!,FOOD DRINKS,,,https://cdn.lapa.ninja/assets/images/1x/giganticcandy-thumb.webp,https://www.lapa.ninja/post/giganticcandy/
Lapa Ninja (Post),FarmWise,TECHNOLOGY,,,https://cdn.lapa.ninja/assets/images/1x/farmwise-thumb.webp,https://www.lapa.ninja/post/farmwise/
Lapa Ninja (Post),Black Madre,STUDIO,,,https://cdn.lapa.ninja/assets/images/1x/blackmadre-thumb.webp,https://www.lapa.ninja/post/blackmadre/
Lapa Ninja (Post),Helena Zhang,PORTFOLIO,,,https://cdn.lapa.ninja/assets/images/1x/helenazhang-thumb.webp,https://www.lapa.ninja/post/helenazhang/
Lapa Ninja (Post),ExpressVPN,ILLUSTRATION,,,https://cdn.lapa.ninja/assets/images/1x/expressvpn-thumb.webp,https://www.lapa.ninja/post/expressvpn/
Lapa Ninja (Post),Myriad,AGENCY,,,https://cdn.lapa.ninja/assets/images/1x/myriad-thumb.webp,https://www.lapa.ninja/post/myriad/
Lapa Ninja (Post),Sam Goddard,PORTFOLIO,,,https://cdn.lapa.ninja/assets/images/1x/samgoddard-thumb.webp,https://www.lapa.ninja/post/samgoddard/
Lapa Ninja (Post),Middltone,PORTFOLIO,,,https://cdn.lapa.ninja/assets/images/1x/middltone-thumb.webp,https://www.lapa.ninja/post/middltone/
Lapa Ninja (Post),NEW ORDER,OUTDOORS TRAVEL,,,https://cdn.lapa.ninja/assets/images/1x/neworder-thumb.webp,https://www.lapa.ninja/post/neworder/
Lapa Ninja (Post),SPORTIVO STORE,ECOMMERCE,,,https://cdn.lapa.ninja/assets/images/1x/sportivostore-thumb.webp,https://www.lapa.ninja/post/sportivostore/
Lapa Ninja (Post),Lara Mendonça,PORTFOLIO,,,https://cdn.lapa.ninja/assets/images/1x/laramendon-thumb.webp,https://www.lapa.ninja/post/laramendon/
Lapa Ninja (Post),we-go,AGENCY,,,https://cdn.lapa.ninja/assets/images/1x/we-go-thumb.webp,https://www.lapa.ninja/post/we-go/
Lapa Ninja (Post),Artomatic,BUSINESS,,,https://cdn.lapa.ninja/assets/images/1x/artomatic-thumb.webp,https://www.lapa.ninja/post/artomatic/
Lapa Ninja (Post),GAFFER,MAGAZINE,,,https://cdn.lapa.ninja/assets/images/1x/gaffer-thumb.webp,https://www.lapa.ninja/post/gaffer/
Lapa Ninja (Post),Three.js Journey,COURSE,,,https://cdn.lapa.ninja/assets/images/1x/threejs-journey-thumb.webp,https://www.lapa.ninja/post/threejs-journey/
Lapa Ninja (Post),L'Impératrice,ILLUSTRATION,,,https://cdn.lapa.ninja/assets/images/1x/l-imperatrice-thumb.webp,https://www.lapa.ninja/post/l-imperatrice/
Lapa Ninja (Post),Open Design,DESIGN TOOLS,,,https://cdn.lapa.ninja/assets/images/1x/opendesign-avocode-thumb.webp,https://www.lapa.ninja/post/opendesign-avocode/
Lapa Ninja (Post),Erica Bech,PORTFOLIO,,,https://cdn.lapa.ninja/assets/images/1x/ericabech-thumb.webp,https://www.lapa.ninja/post/ericabech/
Lapa Ninja (Post),Antara Studio,STUDIO,,,https://cdn.lapa.ninja/assets/images/1x/antara-studio-thumb.webp,https://www.lapa.ninja/post/antara-studio/
Lapa Ninja (Post),Nanna Lagerman,STUDIO,,,https://cdn.lapa.ninja/assets/images/1x/nannalagerman-thumb.webp,https://www.lapa.ninja/post/nannalagerman/
Lapa Ninja (Post),Maggie Stiefvater,PORTFOLIO,,,https://cdn.lapa.ninja/assets/images/1x/maggiestiefvater-thumb.webp,https://www.lapa.ninja/post/maggiestiefvater/
Lapa Ninja (Post),World After Covid,EDUCATION,,,https://cdn.lapa.ninja/assets/images/1x/worldaftercovid-thumb.webp,https://www.lapa.ninja/post/worldaftercovid/
Lapa Ninja (Post),Swell,3D WEBSITES,,,https://cdn.lapa.ninja/assets/images/1x/swell-thumb.webp,https://www.lapa.ninja/post/swell/
Lapa Ninja (Post),Moe Amaya,PORTFOLIO,,,https://cdn.lapa.ninja/assets/images/1x/moeamaya-01-19-2021-thumb.webp,https://www.lapa.ninja/post/moeamaya/
Lapa Ninja (Post),Until One Sunday We Didn’t,BOOK,,,https://cdn.lapa.ninja/assets/images/1x/timokuilder-01-19-2021-thumb.webp,https://www.lapa.ninja/post/timo-kuilder-book/
Lapa Ninja (Post),Spacecadet,CORPORATE,,,https://cdn.lapa.ninja/assets/images/1x/spacecadet-thumb.webp,https://www.lapa.ninja/post/spacecadet/
Lapa Ninja (Post),Teamflow,PRODUCTIVITY,,,https://cdn.lapa.ninja/assets/images/1x/teamflowhq-thumb.webp,https://www.lapa.ninja/post/teamflowhq/
Lapa Ninja (Post),Aaron Shapiro,PORTFOLIO,,,https://cdn.lapa.ninja/assets/images/1x/aaron-thumb.webp,https://www.lapa.ninja/post/aaron/
Lapa Ninja (Post),Fauna,ECOMMERCE,,,https://cdn.lapa.ninja/assets/images/1x/faune-bijouterie-thumb.webp,https://www.lapa.ninja/post/faune-bijouterie/
Lapa Ninja (Post),immi,FOOD DRINKS,,,https://cdn.lapa.ninja/assets/images/1x/immieats-thumb.webp,https://www.lapa.ninja/post/immieats/
Lapa Ninja (Post),Clar Development,AGENCY,,,https://cdn.lapa.ninja/assets/images/1x/clar-thumb.webp,https://www.lapa.ninja/post/clar/
Lapa Ninja (Post),Fermé,ECOMMERCE,,,https://cdn.lapa.ninja/assets/images/1x/ferme-thumb.webp,https://www.lapa.ninja/post/ferme/
Lapa Ninja (Post),Signal Messenger,APP,,,https://cdn.lapa.ninja/assets/images/1x/signal-thumb.webp,https://www.lapa.ninja/post/signal/
Lapa Ninja (Post),Flavien Guilbaud,PORTFOLIO,,,https://cdn.lapa.ninja/assets/images/1x/flavinsky-01-16-2021-thumb.webp,https://www.lapa.ninja/post/flavinsky-2/
Lapa Ninja (Post),Porto Cálem,FOOD DRINKS,,,https://cdn.lapa.ninja/assets/images/1x/calem-thumb.webp,https://www.lapa.ninja/post/calem/
Lapa Ninja (Post),bigbump,AGENCY,,,https://cdn.lapa.ninja/assets/images/1x/bigbump-thumb.webp,https://www.lapa.ninja/post/bigbump/
Lapa Ninja (Post),NicelySmall,BUSINESS,,,https://cdn.lapa.ninja/assets/images/1x/nicelysmall-thumb.webp,https://www.lapa.ninja/post/nicelysmall/
Lapa Ninja (Post),Aesop,ECOMMERCE,,,https://cdn.lapa.ninja/assets/images/1x/aesop-thumb.webp,https://www.lapa.ninja/post/aesop/
Lapa Ninja (Post),otterdev,AGENCY,,,https://cdn.lapa.ninja/assets/images/1x/otterdev-thumb.webp,https://www.lapa.ninja/post/otterdev/
Lapa Ninja (Post),Rick Waalders,PORTFOLIO,,,https://cdn.lapa.ninja/assets/images/1x/rickwaalders-thumb.webp,https://www.lapa.ninja/post/rickwaalders/
Lapa Ninja (Post),Frontend Horse,EDUCATION,,,https://cdn.lapa.ninja/assets/images/1x/frontend-horse-thumb.webp,https://www.lapa.ninja/post/frontend-horse/
Lapa Ninja (Post),mmhmm,APP,,,https://cdn.lapa.ninja/assets/images/1x/mmhmm-thumb.webp,https://www.lapa.ninja/post/mmhmm/
Lapa Ninja (Post),EX LIBRIS,MAGAZINE,,,https://cdn.lapa.ninja/assets/images/1x/exlibris-thumb.webp,https://www.lapa.ninja/post/exlibris/
Lapa Ninja (Post),Cetrucflotte,AGENCY,,,https://cdn.lapa.ninja/assets/images/1x/cetrucflotte-thumb.webp,https://www.lapa.ninja/post/cetrucflotte/
Lapa Ninja (Post),Andy Burdin,PORTFOLIO,,,https://cdn.lapa.ninja/assets/images/1x/burdin-thumb.webp,https://www.lapa.ninja/post/burdin/
Lapa Ninja (Post),Coastal Clouds,ECOMMERCE,,,https://cdn.lapa.ninja/assets/images/1x/cccbd-thumb.webp,https://www.lapa.ninja/post/cccbd/
Lapa Ninja (Post),Slash,PRODUCTIVITY,,,https://cdn.lapa.ninja/assets/images/1x/getslash-thumb.webp,https://www.lapa.ninja/post/getslash/
Lapa Ninja (Post),Thomas Vimare,PORTFOLIO,,,https://cdn.lapa.ninja/assets/images/1x/thms-thumb.webp,https://www.lapa.ninja/post/thms/
Lapa Ninja (Post),Loah Drinks,FOOD DRINKS,,,https://cdn.lapa.ninja/assets/images/1x/loah-beer-thumb.webp,https://www.lapa.ninja/post/loah-beer/
Lapa Ninja (Post),Enid.fm,STUDIO,,,https://cdn.lapa.ninja/assets/images/1x/enid-thumb.webp,https://www.lapa.ninja/post/enid/
Lapa Ninja (Post),Reset,APP,,,https://cdn.lapa.ninja/assets/images/1x/reset-thumb.webp,https://www.lapa.ninja/post/reset/
Lapa Ninja (Post),Nightjar,STUDIO,,,https://cdn.lapa.ninja/assets/images/1x/nightjar-01-08-2021-thumb.webp,https://www.lapa.ninja/post/nightjar-2/
Lapa Ninja (Post),Flamingo,ECOMMERCE,,,https://cdn.lapa.ninja/assets/images/1x/shopflamingo-thumb.webp,https://www.lapa.ninja/post/shopflamingo/
Lapa Ninja (Post),Amber,APP,,,https://cdn.lapa.ninja/assets/images/1x/amber-thumb.webp,https://www.lapa.ninja/post/amber/
Lapa Ninja (Post),Matthew Fisher,PORTFOLIO,,,https://cdn.lapa.ninja/assets/images/1x/mfisher-thumb.webp,https://www.lapa.ninja/post/mfisher/
Lapa Ninja (Post),worklife.,CORPORATE,,,https://cdn.lapa.ninja/assets/images/1x/worklife-thumb.webp,https://www.lapa.ninja/post/worklife/
Lapa Ninja (Post),Mirko Saugo,PORTFOLIO,,,https://cdn.lapa.ninja/assets/images/1x/mynameismirko-thumb.webp,https://www.lapa.ninja/post/mynameismirko/
Lapa Ninja (Post),Techleap.nl,CORPORATE,,,https://cdn.lapa.ninja/assets/images/1x/techleap-01-03-2021-thumb.webp,https://www.lapa.ninja/post/techleap-2/
Lapa Ninja (Post),Pet-à-Porter,ECOMMERCE,,,https://cdn.lapa.ninja/assets/images/1x/petaporterofficial-thumb.webp,https://www.lapa.ninja/post/petaporterofficial/
Lapa Ninja (Post),Echoes Magazine,MAGAZINE,,,https://cdn.lapa.ninja/assets/images/1x/echoes-mag-thumb.webp,https://www.lapa.ninja/post/echoes-mag/
Lapa Ninja (Post),CSS-Tricks,DEVELOPMENT TOOLS,,,https://cdn.lapa.ninja/assets/images/1x/css-tricks-01-03-2021-thumb.webp,https://www.lapa.ninja/post/css-tricks-2/
Lapa Ninja (Post),Relate,DESIGN TOOLS,,,https://cdn.lapa.ninja/assets/images/1x/relate-12-29-2020-thumb.webp,https://www.lapa.ninja/post/relate-4/
Lapa Ninja (Post),Adrian Z,PORTFOLIO,,,https://cdn.lapa.ninja/assets/images/1x/azumbrunnen-thumb.webp,https://www.lapa.ninja/post/azumbrunnen/
Lapa Ninja (Post),handsome,AGENCY,,,https://cdn.lapa.ninja/assets/images/1x/handsome-12-29-2020-thumb.webp,https://www.lapa.ninja/post/handsome-2/
Lapa Ninja (Post),Golden Wolf,STUDIO,,,https://cdn.lapa.ninja/assets/images/1x/goldenwolf-thumb.webp,https://www.lapa.ninja/post/goldenwolf/
Lapa Ninja (Post),Honk,APP,,,https://cdn.lapa.ninja/assets/images/1x/honk-thumb.webp,https://www.lapa.ninja/post/honk/
Lapa Ninja (Post),Peter Demulsant,PORTFOLIO,,,https://cdn.lapa.ninja/assets/images/1x/picodix-thumb.webp,https://www.lapa.ninja/post/picodix/
Lapa Ninja (Post),La QV,ECOMMERCE,,,https://cdn.lapa.ninja/assets/images/1x/laqv-thumb.webp,https://www.lapa.ninja/post/laqv/
Lapa Ninja (Post),mishmash,ECOMMERCE,,,https://cdn.lapa.ninja/assets/images/1x/mishmash-thumb.webp,https://www.lapa.ninja/post/mishmash/
Lapa Ninja (Post),Marx Design,STUDIO,,,https://cdn.lapa.ninja/assets/images/1x/marxdesign-thumb.webp,https://www.lapa.ninja/post/marxdesign/
Lapa Ninja (Post),hum,ECOMMERCE,,,https://cdn.lapa.ninja/assets/images/1x/hum-colgate-thumb.webp,https://www.lapa.ninja/post/hum-colgate/
Lapa Ninja (Post),Crystals,ECOMMERCE,,,https://cdn.lapa.ninja/assets/images/1x/crystals-thumb.webp,https://www.lapa.ninja/post/crystals/
Lapa Ninja (Post),Magic Spoon,FOOD DRINKS,,,https://cdn.lapa.ninja/assets/images/1x/magicspoon-thumb.webp,https://www.lapa.ninja/post/magicspoon/
Lapa Ninja (Post),Route,APP,,,https://cdn.lapa.ninja/assets/images/1x/route-thumb.webp,https://www.lapa.ninja/post/route/
Lapa Ninja (Post),Aplós,ECOMMERCE,,,https://cdn.lapa.ninja/assets/images/1x/aplos-thumb.webp,https://www.lapa.ninja/post/aplos/
Lapa Ninja (Post),Numbered Studio,STUDIO,,,https://cdn.lapa.ninja/assets/images/1x/numbered-studio-12-27-2020-thumb.webp,https://www.lapa.ninja/post/numbered-studio-2/
Lapa Ninja (Post),Maui Studios Aotearoa,AGENCY,,,https://cdn.lapa.ninja/assets/images/1x/mauistudios-thumb.webp,https://www.lapa.ninja/post/mauistudios/
Lapa Ninja (Post),Guillaume Colombel,PORTFOLIO,,,https://cdn.lapa.ninja/assets/images/1x/guillaumecolombel-21-12-2020-thumb.webp,https://www.lapa.ninja/post/guillaumecolombel-2/
Lapa Ninja (Post),Petal,FINANCE,,,https://cdn.lapa.ninja/assets/images/1x/petalcard-12-21-2020-thumb.webp,https://www.lapa.ninja/post/petalcard/
Lapa Ninja (Post),EarCOUTURE,ECOMMERCE,,,https://cdn.lapa.ninja/assets/images/1x/earcouture-thumb.webp,https://www.lapa.ninja/post/earcouture/
Lapa Ninja (Post),Patrick Mahomes,ECOMMERCE,,,https://cdn.lapa.ninja/assets/images/1x/patrickmahomes-thumb.webp,https://www.lapa.ninja/post/patrickmahomes/
Lapa Ninja (Post),Out of Place Studio Design,STUDIO,,,https://cdn.lapa.ninja/assets/images/1x/outofplace-studio-thumb.webp,https://www.lapa.ninja/post/outofplace-studio/
Lapa Ninja (Post),Nicole He,PORTFOLIO,,,https://cdn.lapa.ninja/assets/images/1x/nicole-pizza-thumb.webp,https://www.lapa.ninja/post/nicole-pizza/
Lapa Ninja (Post),Wilder Fields,FOOD DRINKS,,,https://cdn.lapa.ninja/assets/images/1x/wilderfields-thumb.webp,https://www.lapa.ninja/post/wilderfields/
Lapa Ninja (Post),Cloverly,TECHNOLOGY,,,https://cdn.lapa.ninja/assets/images/1x/cloverly-thumb.webp,https://www.lapa.ninja/post/cloverly/
Lapa Ninja (Post),Rows,PRODUCTIVITY,,,https://cdn.lapa.ninja/assets/images/1x/rows-thumb.webp,https://www.lapa.ninja/post/rows/
Lapa Ninja (Post),IL Letterista,ILLUSTRATION,,,https://cdn.lapa.ninja/assets/images/1x/illetterista-thumb.webp,https://www.lapa.ninja/post/illetterista/
Lapa Ninja (Post),Evens,ECOMMERCE,,,https://cdn.lapa.ninja/assets/images/1x/evens-thumb.webp,https://www.lapa.ninja/post/evens/
Lapa Ninja (Post),Danilo Rodrigues,PORTFOLIO,,,https://cdn.lapa.ninja/assets/images/1x/danilorodrigues-thumb.webp,https://www.lapa.ninja/post/danilorodrigues/
Lapa Ninja (Post),COGRID-19,COMMUNITY,,,https://cdn.lapa.ninja/assets/images/1x/cogrid19-12-20-2020-thumb.webp,https://www.lapa.ninja/post/cogrid19-2/
Lapa Ninja (Post),ChungiYoo,PORTFOLIO,,,https://cdn.lapa.ninja/assets/images/1x/chungiyoo-thumb.webp,https://www.lapa.ninja/post/chungiyoo/
Lapa Ninja (Post),Idyl,ECOMMERCE,,,https://cdn.lapa.ninja/assets/images/1x/idyl-thumb.webp,https://www.lapa.ninja/post/idyl/
Lapa Ninja (Post),Retrospec,OUTDOORS TRAVEL,,,https://cdn.lapa.ninja/assets/images/1x/retrospec-thumb.webp,https://www.lapa.ninja/post/retrospec/
Lapa Ninja (Post),Lëtzebuerger Journal,MAGAZINE,,,https://cdn.lapa.ninja/assets/images/1x/journal-thumb.webp,https://www.lapa.ninja/post/journal/
Lapa Ninja (Post),Arnie.M,FURNITURE INTERIORS,,,https://cdn.lapa.ninja/assets/images/1x/arniem-thumb.webp,https://www.lapa.ninja/post/arniem/
Lapa Ninja (Post),23d.1,PORTFOLIO,,,https://cdn.lapa.ninja/assets/images/1x/23d-thumb.webp,https://www.lapa.ninja/post/23d/
Lapa Ninja (Post),UJET,AUTOMOTIVE,,,https://cdn.lapa.ninja/assets/images/1x/ujet-thumb.webp,https://www.lapa.ninja/post/ujet/
Lapa Ninja (Post),Juliana Cavalcanti,PORTFOLIO,,,https://cdn.lapa.ninja/assets/images/1x/juliana-cavalcanti-thumb.webp,https://www.lapa.ninja/post/juliana-cavalcanti/
Lapa Ninja (Post),Olssøn Barbieri,STUDIO,,,https://cdn.lapa.ninja/assets/images/1x/olssonbarbieri-thumb.webp,https://www.lapa.ninja/post/olssonbarbieri/
Lapa Ninja (Post),Stephan Friedli,PORTFOLIO,,,https://cdn.lapa.ninja/assets/images/1x/stephanfriedli-thumb.webp,https://www.lapa.ninja/post/stephanfriedli/
Lapa Ninja (Post),Parostec,CORPORATE,,,https://cdn.lapa.ninja/assets/images/1x/parostec-thumb.webp,https://www.lapa.ninja/post/parostec/
Lapa Ninja (Post),Zoox,AUTOMOTIVE,,,https://cdn.lapa.ninja/assets/images/1x/zoox-thumb.webp,https://www.lapa.ninja/post/zoox/
Lapa Ninja (Post),2020 - Album Colors Of The Year,CREATIVE,,,https://cdn.lapa.ninja/assets/images/1x/albumcolors-thumb.webp,https://www.lapa.ninja/post/albumcolors/
Lapa Ninja (Post),Designed by Women,EDUCATION,,,https://cdn.lapa.ninja/assets/images/1x/designedbywomen-thumb.webp,https://www.lapa.ninja/post/designedbywomen/
Lapa Ninja (Post),Italic,ECOMMERCE,,,https://cdn.lapa.ninja/assets/images/1x/italic-12-14-2020-thumb.webp,https://www.lapa.ninja/post/italic-2/
Lapa Ninja (Post),Basic.Space,ECOMMERCE,,,https://cdn.lapa.ninja/assets/images/1x/basic-space-thumb.webp,https://www.lapa.ninja/post/basic-space/
Lapa Ninja (Post),Hot Black,AGENCY,,,https://cdn.lapa.ninja/assets/images/1x/hotblack-thumb.webp,https://www.lapa.ninja/post/hotblack/
Lapa Ninja (Post),Base,TECHNOLOGY,,,https://cdn.lapa.ninja/assets/images/1x/get-base-thumb.webp,https://www.lapa.ninja/post/get-base/
Lapa Ninja (Post),Directus,TECHNOLOGY,,,https://cdn.lapa.ninja/assets/images/1x/directus-thumb.webp,https://www.lapa.ninja/post/directus/
Lapa Ninja (Post),Super,HOSTING,,,https://cdn.lapa.ninja/assets/images/1x/super-so-thumb.webp,https://www.lapa.ninja/post/superso/
Lapa Ninja (Post),Stamped.io,TECHNOLOGY,,,https://cdn.lapa.ninja/assets/images/1x/stamped-12-14-2020-thumb.webp,https://www.lapa.ninja/post/stamped-2/
Lapa Ninja (Post),Lunettes Noires,AGENCY,,,https://cdn.lapa.ninja/assets/images/1x/lunettesnoires-thumb.webp,https://www.lapa.ninja/post/lunettesnoires/
Lapa Ninja (Post),Mesh Times,ECOMMERCE,,,https://cdn.lapa.ninja/assets/images/1x/mesh-times-thumb.webp,https://www.lapa.ninja/post/mesh-times/
Lapa Ninja (Post),Bello,INSURANCE,,,https://cdn.lapa.ninja/assets/images/1x/getbello-thumb.webp,https://www.lapa.ninja/post/getbello/
Lapa Ninja (Post),Mixpanel,TECHNOLOGY,,,https://cdn.lapa.ninja/assets/images/1x/mixpanel-12-13-2020-thumb.webp,https://www.lapa.ninja/post/mixpanel-5/
Lapa Ninja (Post),Hive Streaming,3D WEBSITES,,,https://cdn.lapa.ninja/assets/images/1x/hivestreaming-thumb.webp,https://www.lapa.ninja/post/hivestreaming/
Lapa Ninja (Post),Runway,ARTIFICIAL INTELLIGENCE,,,https://cdn.lapa.ninja/assets/images/1x/runwayml-12-12-2020-thumb.webp,https://www.lapa.ninja/post/runwayml-2/
Lapa Ninja (Post),Internet Pin Company,ECOMMERCE,,,https://cdn.lapa.ninja/assets/images/1x/internetpin-12-12-2020-thumb.webp,https://www.lapa.ninja/post/internetpin-2/
Lapa Ninja (Post),Typography Principles,TYPOGRAPHY,,,https://cdn.lapa.ninja/assets/images/1x/typography-principles-thumb.webp,https://www.lapa.ninja/post/typography-principles/
Lapa Ninja (Post),Sandy Gray,FOOD DRINKS,,,https://cdn.lapa.ninja/assets/images/1x/sandygraywhisky-thumb.webp,https://www.lapa.ninja/post/sandygraywhisky/
Lapa Ninja (Post),Homebase,TECHNOLOGY,,,https://cdn.lapa.ninja/assets/images/1x/homebase-thumb.webp,https://www.lapa.ninja/post/homebase/
Lapa Ninja (Post),Vrrb,AGENCY,,,https://cdn.lapa.ninja/assets/images/1x/vrrb-thumb.webp,https://www.lapa.ninja/post/vrrb/
Lapa Ninja (Post),Fanfare,AGENCY,,,https://cdn.lapa.ninja/assets/images/1x/fanfare-thumb.webp,https://www.lapa.ninja/post/fanfare/
Lapa Ninja (Post),Dann Petty,PORTFOLIO,,,https://cdn.lapa.ninja/assets/images/1x/dannpetty-thumb.webp,https://www.lapa.ninja/post/dannpetty/
Lapa Ninja (Post),Lovers Magazine,MAGAZINE,,,https://cdn.lapa.ninja/assets/images/1x/oversmagazine-thumb.webp,https://www.lapa.ninja/post/oversmagazine/
Lapa Ninja (Post),Le Singe,AGENCY,,,https://cdn.lapa.ninja/assets/images/1x/lesinge-thumb.webp,https://www.lapa.ninja/post/lesinge/
Lapa Ninja (Post),GitHub,TECHNOLOGY,,,https://cdn.lapa.ninja/assets/images/1x/github-12-10-2020-thumb.webp,https://www.lapa.ninja/post/github-2/
Lapa Ninja (Post),Brutask,ILLUSTRATION,,,https://cdn.lapa.ninja/assets/images/1x/brutask-thumb.webp,https://www.lapa.ninja/post/brutask/
Lapa Ninja (Post),Bubble,ECOMMERCE,,,https://cdn.lapa.ninja/assets/images/1x/hellobubble-thumb.webp,https://www.lapa.ninja/post/hellobubble/
Lapa Ninja (Post),Browser History 2020,ILLUSTRATION,,,https://cdn.lapa.ninja/assets/images/1x/browser-history-2020-thumb.webp,https://www.lapa.ninja/post/browser-history-2020/
Lapa Ninja (Post),Tomorrow,FINANCE,,,https://cdn.lapa.ninja/assets/images/1x/tomorrow-thumb.webp,https://www.lapa.ninja/post/tomorrow/
Lapa Ninja (Post),Esther Jansma,PORTFOLIO,,,https://cdn.lapa.ninja/assets/images/1x/estherjansma-thumb.webp,https://www.lapa.ninja/post/estherjansma/
Lapa Ninja (Post),Welcome,CORPORATE,,,https://cdn.lapa.ninja/assets/images/1x/experiencewelcome-thumb.webp,https://www.lapa.ninja/post/experiencewelcome/
Lapa Ninja (Post),Autumn Agency,AGENCY,,,https://cdn.lapa.ninja/assets/images/1x/autumn-agency-thumb.webp,https://www.lapa.ninja/post/autumn-agency/
Lapa Ninja (Post),Mack & Pouya,PHOTOGRAPHY,,,https://cdn.lapa.ninja/assets/images/1x/mackandpouya-thumb.webp,https://www.lapa.ninja/post/mackandpouya/
Lapa Ninja (Post),Channel D,ILLUSTRATION,,,https://cdn.lapa.ninja/assets/images/1x/channeld-thumb.webp,https://www.lapa.ninja/post/channeld/
Lapa Ninja (Post),BIZARRØ,PORTFOLIO,,,https://cdn.lapa.ninja/assets/images/1x/bizar-thumb.webp,https://www.lapa.ninja/post/bizar/
Lapa Ninja (Post),KEENTU,FASHION,,,https://cdn.lapa.ninja/assets/images/1x/keentu-thumb.webp,https://www.lapa.ninja/post/keentu/
Lapa Ninja (Post),Elkin Editions,STUDIO,,,https://cdn.lapa.ninja/assets/images/1x/elkineditions-thumb.webp,https://www.lapa.ninja/post/elkineditions/
Lapa Ninja (Post),Lucky Folks,FOOD DRINKS,,,https://cdn.lapa.ninja/assets/images/1x/luckyfolks-thumb.webp,https://www.lapa.ninja/post/luckyfolks/
Lapa Ninja (Post),CRSA,CORPORATE,,,https://cdn.lapa.ninja/assets/images/1x/crsa-thumb.webp,https://www.lapa.ninja/post/crsa/
Lapa Ninja (Post),viction:ary,ECOMMERCE,,,https://cdn.lapa.ninja/assets/images/1x/victionary-thumb.webp,https://www.lapa.ninja/post/victionary/
Lapa Ninja (Post),SuperHi,COURSE,,,https://cdn.lapa.ninja/assets/images/1x/superhi-12-06-2020-thumb.webp,https://www.lapa.ninja/post/superhi-2/
Lapa Ninja (Post),Nodes,DEVELOPMENT TOOLS,,,https://cdn.lapa.ninja/assets/images/1x/nodes-thumb.webp,https://www.lapa.ninja/post/nodes/
Lapa Ninja (Post),Bump Coffee,FOOD DRINKS,,,https://cdn.lapa.ninja/assets/images/1x/drinkbumpcoffee-thumb.webp,https://www.lapa.ninja/post/drinkbumpcoffee/
Lapa Ninja (Post),thi.ng,DEVELOPMENT TOOLS,,,https://cdn.lapa.ninja/assets/images/1x/thing-thumb.webp,https://www.lapa.ninja/post/thing/
Lapa Ninja (Post),Cash By Cash App,ECOMMERCE,,,https://cdn.lapa.ninja/assets/images/1x/cash-by-cash-app-thumb.webp,https://www.lapa.ninja/post/cash-by-cash-app/
Lapa Ninja (Post),Simon Liesinger,PORTFOLIO,,,https://cdn.lapa.ninja/assets/images/1x/liesingers-thumb.webp,https://www.lapa.ninja/post/liesingers/
Lapa Ninja (Post),LoveSeen,ECOMMERCE,,,https://cdn.lapa.ninja/assets/images/1x/loveseen-thumb.webp,https://www.lapa.ninja/post/loveseen/
Lapa Ninja (Post),Mellow Studio,STUDIO,,,https://cdn.lapa.ninja/assets/images/1x/mellowstudio-thumb.webp,https://www.lapa.ninja/post/mellowstudio/
Lapa Ninja (Post),BalanceTech,ILLUSTRATION,,,https://cdn.lapa.ninja/assets/images/1x/balancetech-thumb.webp,https://www.lapa.ninja/post/balancetech/
Lapa Ninja (Post),PANOPTICA,AGENCY,,,https://cdn.lapa.ninja/assets/images/1x/panopticafilms-thumb.webp,https://www.lapa.ninja/post/panopticafilms/
Lapa Ninja (Post),Pangram Pangram,STUDIO,,,https://cdn.lapa.ninja/assets/images/1x/pangrampangram-thumb.webp,https://www.lapa.ninja/post/pangrampangram/
Lapa Ninja (Post),"Hi, skin",ECOMMERCE,,,https://cdn.lapa.ninja/assets/images/1x/hiskin-thumb.webp,https://www.lapa.ninja/post/hiskin/
Lapa Ninja (Post),2020 IS A SONG,MUSIC,,,https://cdn.lapa.ninja/assets/images/1x/2020isasong-thumb.webp,https://www.lapa.ninja/post/2020isasong/
Lapa Ninja (Post),Arlind Aliu,PORTFOLIO,,,https://cdn.lapa.ninja/assets/images/1x/arlindaliu-thumb.webp,https://www.lapa.ninja/post/arlindaliu/
Lapa Ninja (Post),radicle,DEVELOPMENT TOOLS,,,https://cdn.lapa.ninja/assets/images/1x/radicle-thumb.webp,https://www.lapa.ninja/post/radicle/
Lapa Ninja (Post),Mill3,STUDIO,,,https://cdn.lapa.ninja/assets/images/1x/mill3-xmas-thumb.webp,https://www.lapa.ninja/post/mill3-xmas/
Lapa Ninja (Post),The Invisible Collection,ECOMMERCE,,,https://cdn.lapa.ninja/assets/images/1x/theinvisiblecollection-thumb.webp,https://www.lapa.ninja/post/theinvisiblecollection/
Lapa Ninja (Post),Spline,DESIGN TOOLS,,,https://cdn.lapa.ninja/assets/images/1x/spline-thumb.webp,https://www.lapa.ninja/post/spline/
Lapa Ninja (Post),Léo Mouraire,PORTFOLIO,,,https://cdn.lapa.ninja/assets/images/1x/leomouraire-thumb.webp,https://www.lapa.ninja/post/leomouraire/
Lapa Ninja (Post),Harry Vincent,PORTFOLIO,,,https://cdn.lapa.ninja/assets/images/1x/harryvincent-thumb.webp,https://www.lapa.ninja/post/harryvincent/
Lapa Ninja (Post),Tropics Paris,ECOMMERCE,,,https://cdn.lapa.ninja/assets/images/1x/tropics-thumb.webp,https://www.lapa.ninja/post/tropics/
Lapa Ninja (Post),Collecta,DESIGN TOOLS,,,https://cdn.lapa.ninja/assets/images/1x/collecta-thumb.webp,https://www.lapa.ninja/post/collecta/
Lapa Ninja (Post),HouseTMM,STUDIO,,,https://cdn.lapa.ninja/assets/images/1x/housetmm-thumb.webp,https://www.lapa.ninja/post/housetmm/
Lapa Ninja (Post),BB Agency,AGENCY,,,https://cdn.lapa.ninja/assets/images/1x/bb-agency-12-02-2020-thumb.webp,https://www.lapa.ninja/post/bb-agency-2/
Lapa Ninja (Post),Remrise,ECOMMERCE,,,https://cdn.lapa.ninja/assets/images/1x/getremrise-thumb.webp,https://www.lapa.ninja/post/getremrise/
Lapa Ninja (Post),También,STUDIO,,,https://cdn.lapa.ninja/assets/images/1x/tambien-studio-thumb.webp,https://www.lapa.ninja/post/tambien-studio/
Lapa Ninja (Post),Web Stories on Google,TECHNOLOGY,,,https://cdn.lapa.ninja/assets/images/1x/web-stories-on-google-thumb.webp,https://www.lapa.ninja/post/web-stories-on-google/
Lapa Ninja (Post),BUCK,AGENCY,,,https://cdn.lapa.ninja/assets/images/1x/buck-thumb.webp,https://www.lapa.ninja/post/buck/
Lapa Ninja (Post),Letters From Venus,COMMUNITY,,,https://cdn.lapa.ninja/assets/images/1x/lettersfromvenus-thumb.webp,https://www.lapa.ninja/post/lettersfromvenus/
Lapa Ninja (Post),oisx,AGENCY,,,https://cdn.lapa.ninja/assets/images/1x/oisx-thumb.webp,https://www.lapa.ninja/post/oisx/
Lapa Ninja (Post),Nieuw Bergen,REAL ESTATE,,,https://cdn.lapa.ninja/assets/images/1x/nieuwbergen-thumb.webp,https://www.lapa.ninja/post/nieuwbergen/
Lapa Ninja (Post),MIDWAM,3D WEBSITES,,,https://cdn.lapa.ninja/assets/images/1x/midwam-thumb.webp,https://www.lapa.ninja/post/midwam/
Lapa Ninja (Post),Foundation,NFT,,,https://cdn.lapa.ninja/assets/images/1x/foundation-thumb.webp,https://www.lapa.ninja/post/foundation/
Lapa Ninja (Post),Squadeasy,APP,,,https://cdn.lapa.ninja/assets/images/1x/squadeasy-thumb.webp,https://www.lapa.ninja/post/squadeasy/
Lapa Ninja (Post),Genusee,ECOMMERCE,,,https://cdn.lapa.ninja/assets/images/1x/genusee-thumb.webp,https://www.lapa.ninja/post/genusee/
Lapa Ninja (Post),Taxonomy of Design,MINIMAL,,,https://cdn.lapa.ninja/assets/images/1x/taxonomyofdesign-thumb.webp,https://www.lapa.ninja/post/taxonomyofdesign/
Lapa Ninja (Post),Beau,ILLUSTRATION,,,https://cdn.lapa.ninja/assets/images/1x/beau-thumb.webp,https://www.lapa.ninja/post/beau/
Lapa Ninja (Post),Studio Malvah,STUDIO,,,https://cdn.lapa.ninja/assets/images/1x/malvah-thumb.webp,https://www.lapa.ninja/post/malvah/
Lapa Ninja (Post),Peter Tait,PORTFOLIO,,,https://cdn.lapa.ninja/assets/images/1x/petertait-thumb.webp,https://www.lapa.ninja/post/petertait/
Lapa Ninja (Post),Sophie Doukhopelnikoff,PORTFOLIO,,,https://cdn.lapa.ninja/assets/images/1x/sophie-dkf-thumb.webp,https://www.lapa.ninja/post/sophie-dkf/
Lapa Ninja (Post),Joinery,FINANCE,,,https://cdn.lapa.ninja/assets/images/1x/joinery-thumb.webp,https://www.lapa.ninja/post/joinery/
Lapa Ninja (Post),Figma Store,DESIGN TOOLS,,,https://cdn.lapa.ninja/assets/images/1x/figma-store-thumb.webp,https://www.lapa.ninja/post/figma-store/
Lapa Ninja (Post),Loftgarten,STUDIO,,,https://cdn.lapa.ninja/assets/images/1x/loftgarten-11-24-2020-thumb.webp,https://www.lapa.ninja/post/loftgarten-2/
Lapa Ninja (Post),Famera,APP,,,https://cdn.lapa.ninja/assets/images/1x/famera-thumb.webp,https://www.lapa.ninja/post/famera/
Lapa Ninja (Post),Oscar,INSURANCE,,,https://cdn.lapa.ninja/assets/images/1x/hioscar-11-24-2020-thumb.webp,https://www.lapa.ninja/post/hioscar-3/
Lapa Ninja (Post),Magda Butrym,FASHION,,,https://cdn.lapa.ninja/assets/images/1x/magdabutrym-thumb.webp,https://www.lapa.ninja/post/magdabutrym/
Lapa Ninja (Post),Santi Zoraidez,PORTFOLIO,,,https://cdn.lapa.ninja/assets/images/1x/santizoraidez-thumb.webp,https://www.lapa.ninja/post/santizoraidez/
Lapa Ninja (Post),The Game Awards,CORPORATE,,,https://cdn.lapa.ninja/assets/images/1x/thegameawards-thumb.webp,https://www.lapa.ninja/post/thegameawards/
Lapa Ninja (Post),Ludmilla Maury,PORTFOLIO,,,https://cdn.lapa.ninja/assets/images/1x/ludmillamaury-thumb.webp,https://www.lapa.ninja/post/ludmillamaury/
Lapa Ninja (Post),SPREAD,ARTIFICIAL INTELLIGENCE,,,https://cdn.lapa.ninja/assets/images/1x/spreadai-thumb.webp,https://www.lapa.ninja/post/spreadai/
Lapa Ninja (Post),Innotech,TECHNOLOGY,,,https://cdn.lapa.ninja/assets/images/1x/innotech-thumb.webp,https://www.lapa.ninja/post/innotech/
Lapa Ninja (Post),Political Playlist,CORPORATE,,,https://cdn.lapa.ninja/assets/images/1x/politicalplaylist-thumb.webp,https://www.lapa.ninja/post/politicalplaylist/
Lapa Ninja (Post),SVZ Design,PORTFOLIO,,,https://cdn.lapa.ninja/assets/images/1x/svz-thumb.webp,https://www.lapa.ninja/post/svz/
Lapa Ninja (Post),Ugly Drinks,FOOD DRINKS,,,https://cdn.lapa.ninja/assets/images/1x/uglydrinks-thumb.webp,https://www.lapa.ninja/post/uglydrinks/
Lapa Ninja (Post),HealthQuarters,ILLUSTRATION,,,https://cdn.lapa.ninja/assets/images/1x/healthquarters-thumb.webp,https://www.lapa.ninja/post/healthquarters/
Lapa Ninja (Post),Naba Zabih,PORTFOLIO,,,https://cdn.lapa.ninja/assets/images/1x/nabazabih-thumb.webp,https://www.lapa.ninja/post/nabazabih/
Lapa Ninja (Post),Lift Type,TYPOGRAPHY,,,https://cdn.lapa.ninja/assets/images/1x/lift-type-thumb.webp,https://www.lapa.ninja/post/lift-type/
Lapa Ninja (Post),Lift Her Wealth,EVENT,,,https://cdn.lapa.ninja/assets/images/1x/lift-her-wealth-thumb.webp,https://www.lapa.ninja/post/lift-her-wealth/
Lapa Ninja (Post),Lens Fest,EVENT,,,https://cdn.lapa.ninja/assets/images/1x/lensfest-thumb.webp,https://www.lapa.ninja/post/lensfest/
Lapa Ninja (Post),MoonClerk,FINANCE,,,https://cdn.lapa.ninja/assets/images/1x/moonclerk-thumb.webp,https://www.lapa.ninja/post/moonclerk/
Lapa Ninja (Post),Impero,AGENCY,,,https://cdn.lapa.ninja/assets/images/1x/weareimpero-thumb.webp,https://www.lapa.ninja/post/weareimpero/
Lapa Ninja (Post),Nike Air Jordan XXXV Unveil,ECOMMERCE,,,https://cdn.lapa.ninja/assets/images/1x/jordanbrandlive-thumb.webp,https://www.lapa.ninja/post/jordanbrandlive/
Lapa Ninja (Post),True To Form,STUDIO,,,https://cdn.lapa.ninja/assets/images/1x/truetoform-thumb.webp,https://www.lapa.ninja/post/truetoform/
Lapa Ninja (Post),Whirly Birdie,TYPOGRAPHY,,,https://cdn.lapa.ninja/assets/images/1x/whirlybirdie-thumb.webp,https://www.lapa.ninja/post/whirlybirdie/
Lapa Ninja (Post),PORTO ROCHA,STUDIO,,,https://cdn.lapa.ninja/assets/images/1x/portorocha-thumb.webp,https://www.lapa.ninja/post/portorocha/
Lapa Ninja (Post),Glyphs 3,DESIGN TOOLS,,,https://cdn.lapa.ninja/assets/images/1x/glyphsapp-thumb.webp,https://www.lapa.ninja/post/glyphsapp/
Lapa Ninja (Post),Seaborne,ILLUSTRATION,,,https://cdn.lapa.ninja/assets/images/1x/seaborne-thumb.webp,https://www.lapa.ninja/post/seaborne/
Lapa Ninja (Post),Craft,APP,,,https://cdn.lapa.ninja/assets/images/1x/craftdo-thumb.webp,https://www.lapa.ninja/post/craftdo/
Lapa Ninja (Post),Look Look Studio,STUDIO,,,https://cdn.lapa.ninja/assets/images/1x/looklookstudio-thumb.webp,https://www.lapa.ninja/post/looklookstudio/
Lapa Ninja (Post),OpenPhone,APP,,,https://cdn.lapa.ninja/assets/images/1x/openphone-11-18-2020-thumb.webp,https://www.lapa.ninja/post/openphone-2/
Lapa Ninja (Post),Flux Academy,COURSE,,,https://cdn.lapa.ninja/assets/images/1x/flux-academy-thumb.webp,https://www.lapa.ninja/post/flux-academy/
Lapa Ninja (Post),Wine + Peace,FOOD DRINKS,,,https://cdn.lapa.ninja/assets/images/1x/wineandpeace-thumb.webp,https://www.lapa.ninja/post/wineandpeace/
Lapa Ninja (Post),Comme,HEALTH FITNESS,,,https://cdn.lapa.ninja/assets/images/1x/comme-thumb.webp,https://www.lapa.ninja/post/comme/
Lapa Ninja (Post),Dims.,ECOMMERCE,,,https://cdn.lapa.ninja/assets/images/1x/dimshome-17-11-2020-thumb.webp,https://www.lapa.ninja/post/dimshome-2/
Lapa Ninja (Post),Farah Zidane,PORTFOLIO,,,https://cdn.lapa.ninja/assets/images/1x/farahzidane-thumb.webp,https://www.lapa.ninja/post/farahzidane/
Lapa Ninja (Post),Manual -,ECOMMERCE,,,https://cdn.lapa.ninja/assets/images/1x/manualphoto-thumb.webp,https://www.lapa.ninja/post/manualphoto/
Lapa Ninja (Post),Ofcina,STUDIO,,,https://cdn.lapa.ninja/assets/images/1x/ofcina-thumb.webp,https://www.lapa.ninja/post/ofcina/
Lapa Ninja (Post),Lennarts & de Bruijn,STUDIO,,,https://cdn.lapa.ninja/assets/images/1x/lennartsendebruijn-thumb.webp,https://www.lapa.ninja/post/lennartsendebruijn/
Lapa Ninja (Post),Gumroad,ILLUSTRATION,,,https://cdn.lapa.ninja/assets/images/1x/gumroad-thumb.webp,https://www.lapa.ninja/post/gumroad/
Lapa Ninja (Post),Serial 1,ECOMMERCE,,,https://cdn.lapa.ninja/assets/images/1x/serial1-thumb.webp,https://www.lapa.ninja/post/serial1/
Lapa Ninja (Post),Michael McKeever,PORTFOLIO,,,https://cdn.lapa.ninja/assets/images/1x/mckvr-thumb.webp,https://www.lapa.ninja/post/mckvr/
Lapa Ninja (Post),SPENCER BADU,ECOMMERCE,,,https://cdn.lapa.ninja/assets/images/1x/spencerbadu-thumb.webp,https://www.lapa.ninja/post/spencerbadu/
Lapa Ninja (Post),Clerksy,ILLUSTRATION,,,https://cdn.lapa.ninja/assets/images/1x/clerksy-thumb.webp,https://www.lapa.ninja/post/clerksy/
Lapa Ninja (Post),Zammad,SOFTWARE,,,https://cdn.lapa.ninja/assets/images/1x/zammad-thumb.webp,https://www.lapa.ninja/post/zammad/
Lapa Ninja (Post),Spain Collection,OUTDOORS TRAVEL,,,https://cdn.lapa.ninja/assets/images/1x/spaincollection-thumb.webp,https://www.lapa.ninja/post/spaincollection/
Lapa Ninja (Post),-ism.,ECOMMERCE,,,https://cdn.lapa.ninja/assets/images/1x/ism-crafts-11-15-2020-thumb.webp,https://www.lapa.ninja/post/ism-crafts-2/
Lapa Ninja (Post),Gonzalo Miranda,PORTFOLIO,,,https://cdn.lapa.ninja/assets/images/1x/gonzzzalo-thumb.webp,https://www.lapa.ninja/post/gonzzzalo/
Lapa Ninja (Post),Chivi Chivi,MINIMAL,,,https://cdn.lapa.ninja/assets/images/1x/chivichivi-thumb.webp,https://www.lapa.ninja/post/chivichivi/
Lapa Ninja (Post),LIVRE,ECOMMERCE,,,https://cdn.lapa.ninja/assets/images/1x/livre-thumb.webp,https://www.lapa.ninja/post/livre/
Lapa Ninja (Post),Jesper Vos,PORTFOLIO,,,https://cdn.lapa.ninja/assets/images/1x/jespervos-11-15-2020-thumb.webp,https://www.lapa.ninja/post/jespervos-2/
Lapa Ninja (Post),Shelby Kay,PORTFOLIO,,,https://cdn.lapa.ninja/assets/images/1x/shelbykay-11-15-2020-thumb.webp,https://www.lapa.ninja/post/shelbykay-2/
Lapa Ninja (Post),Headspace,APP,,,https://cdn.lapa.ninja/assets/images/1x/headspace-11-15-2020-thumb.webp,https://www.lapa.ninja/post/headspace-2/
Lapa Ninja (Post),Dally,HEALTH FITNESS,,,https://cdn.lapa.ninja/assets/images/1x/dallygoods-thumb.webp,https://www.lapa.ninja/post/dallygoods/
Lapa Ninja (Post),Raw.Studio,STUDIO,,,https://cdn.lapa.ninja/assets/images/1x/raw-studio-11-15-2020-thumb.webp,https://www.lapa.ninja/post/raw-studio-2/
Lapa Ninja (Post),Clint Agency,AGENCY,,,https://cdn.lapa.ninja/assets/images/1x/clintagency-thumb.webp,https://www.lapa.ninja/post/clintagency/
Lapa Ninja (Post),Brewbike,FOOD DRINKS,,,https://cdn.lapa.ninja/assets/images/1x/brewbike-thumb.webp,https://www.lapa.ninja/post/brewbike/
Lapa Ninja (Post),Adam Romano,PORTFOLIO,,,https://cdn.lapa.ninja/assets/images/1x/adamromano-thumb.webp,https://www.lapa.ninja/post/adamromano/
Lapa Ninja (Post),Poulos Collective,AGENCY,,,https://cdn.lapa.ninja/assets/images/1x/poulos-thumb.webp,https://www.lapa.ninja/post/poulos/
Lapa Ninja (Post),Varyer,STUDIO,,,https://cdn.lapa.ninja/assets/images/1x/varyer-thumb.webp,https://www.lapa.ninja/post/varyer/
Lapa Ninja (Post),Maximilian Berndt,PORTFOLIO,,,https://cdn.lapa.ninja/assets/images/1x/maximilianberndt-thumb.webp,https://www.lapa.ninja/post/maximilianberndt/
Lapa Ninja (Post),OFFHOURS,FASHION,,,https://cdn.lapa.ninja/assets/images/1x/offhours-thumb.webp,https://www.lapa.ninja/post/offhours/
Lapa Ninja (Post),Loom,SOFTWARE,,,https://cdn.lapa.ninja/assets/images/1x/loom-11-12-2020-thumb.webp,https://www.lapa.ninja/post/loom-3/
Lapa Ninja (Post),snif,ECOMMERCE,,,https://cdn.lapa.ninja/assets/images/1x/snif-thumb.webp,https://www.lapa.ninja/post/snif/
Lapa Ninja (Post),Weekend Home,OUTDOORS TRAVEL,,,https://cdn.lapa.ninja/assets/images/1x/weekendhome-thumb.webp,https://www.lapa.ninja/post/weekendhome/
Lapa Ninja (Post),Folklore,AGENCY,,,https://cdn.lapa.ninja/assets/images/1x/folklore-thumb.webp,https://www.lapa.ninja/post/folklore/
Lapa Ninja (Post),Eva Sánchez Clemente,PORTFOLIO,,,https://cdn.lapa.ninja/assets/images/1x/evasanchezclemente-thumb.webp,https://www.lapa.ninja/post/evasanchezclemente/
Lapa Ninja (Post),Endplan,HEALTH FITNESS,,,https://cdn.lapa.ninja/assets/images/1x/endplan-thumb.webp,https://www.lapa.ninja/post/endplan/
Lapa Ninja (Post),Leichtfried,STUDIO,,,https://cdn.lapa.ninja/assets/images/1x/leichtfried-thumb.webp,https://www.lapa.ninja/post/leichtfried/
Lapa Ninja (Post),Spendesk,FINANCE,,,https://cdn.lapa.ninja/assets/images/1x/spendesk-11-09-2020-thumb.webp,https://www.lapa.ninja/post/spendesk-3/
Lapa Ninja (Post),July,ECOMMERCE,,,https://cdn.lapa.ninja/assets/images/1x/july-thumb.webp,https://www.lapa.ninja/post/july/
Lapa Ninja (Post),MamboMambo,STUDIO,,,https://cdn.lapa.ninja/assets/images/1x/mambomambo-thumb.webp,https://www.lapa.ninja/post/mambomambo/
Lapa Ninja (Post),Sofia Papadopoulou,PORTFOLIO,,,https://cdn.lapa.ninja/assets/images/1x/sofiapapadopoulou-thumb.webp,https://www.lapa.ninja/post/sofiapapadopoulou/
Lapa Ninja (Post),CartHook,DEVELOPMENT TOOLS,,,https://cdn.lapa.ninja/assets/images/1x/carthook-thumb.webp,https://www.lapa.ninja/post/carthook/
Lapa Ninja (Post),Rive 2,DESIGN TOOLS,,,https://cdn.lapa.ninja/assets/images/1x/rive-thumb.webp,https://www.lapa.ninja/post/rive/
Lapa Ninja (Post),Sean Halpin,PORTFOLIO,,,https://cdn.lapa.ninja/assets/images/1x/seanhalpin-thumb.webp,https://www.lapa.ninja/post/seanhalpin/
Lapa Ninja (Post),MOY,ECOMMERCE,,,https://cdn.lapa.ninja/assets/images/1x/moy-thumb.webp,https://www.lapa.ninja/post/moy/
Lapa Ninja (Post),BrandLoyal,AGENCY,,,https://cdn.lapa.ninja/assets/images/1x/brandloyal-thumb.webp,https://www.lapa.ninja/post/brandloyal/
Lapa Ninja (Post),Meatable,CORPORATE,,,https://cdn.lapa.ninja/assets/images/1x/meatable-thumb.webp,https://www.lapa.ninja/post/meatable/
Lapa Ninja (Post),Alto,ILLUSTRATION,,,https://cdn.lapa.ninja/assets/images/1x/alto-thumb.webp,https://www.lapa.ninja/post/alto/
Lapa Ninja (Post),Dario,PORTFOLIO,,,https://cdn.lapa.ninja/assets/images/1x/dario-thumb.webp,https://www.lapa.ninja/post/dario/
Lapa Ninja (Post),Anima,DESIGN TOOLS,,,https://cdn.lapa.ninja/assets/images/1x/animaapp-thumb.webp,https://www.lapa.ninja/post/animaapp/
Lapa Ninja (Post),Atom,DEVELOPMENT TOOLS,,,https://cdn.lapa.ninja/assets/images/1x/atom-thumb.webp,https://www.lapa.ninja/post/atom/
Lapa Ninja (Post),Comme Si,FASHION,,,https://cdn.lapa.ninja/assets/images/1x/commesi-thumb.webp,https://www.lapa.ninja/post/commesi/
Lapa Ninja (Post),Skuid,ILLUSTRATION,,,https://cdn.lapa.ninja/assets/images/1x/skuid-thumb.webp,https://www.lapa.ninja/post/skuid/
Lapa Ninja (Post),Hugo Crozet,PORTFOLIO,,,https://cdn.lapa.ninja/assets/images/1x/hugocrozet-thumb.webp,https://www.lapa.ninja/post/hugocrozet/
Lapa Ninja (Post),Kabuto Noodles,FOOD DRINKS,,,https://cdn.lapa.ninja/assets/images/1x/kabutonoodles-thumb.webp,https://www.lapa.ninja/post/kabutonoodles/
Lapa Ninja (Post),Sonia Rykiel,FASHION,,,https://cdn.lapa.ninja/assets/images/1x/soniarykiel-thumb.webp,https://www.lapa.ninja/post/soniarykiel/
Lapa Ninja (Post),Gusto Wallet,APP,,,https://cdn.lapa.ninja/assets/images/1x/gusto-wallet-thumb.webp,https://www.lapa.ninja/post/gusto-wallet/
Lapa Ninja (Post),Cometeer,FOOD DRINKS,,,https://cdn.lapa.ninja/assets/images/1x/cometeer-thumb.webp,https://www.lapa.ninja/post/cometeer/
Lapa Ninja (Post),Worth It Docs,STUDIO,,,https://cdn.lapa.ninja/assets/images/1x/worthitdocs-thumb.webp,https://www.lapa.ninja/post/worthitdocs/
Lapa Ninja (Post),Wellory,APP,,,https://cdn.lapa.ninja/assets/images/1x/wellory-thumb.webp,https://www.lapa.ninja/post/wellory/
Lapa Ninja (Post),Raycast,PRODUCTIVITY,,,https://cdn.lapa.ninja/assets/images/1x/raycast-thumb.webp,https://www.lapa.ninja/post/raycast/
Lapa Ninja (Post),USBYUS,ECOMMERCE,,,https://cdn.lapa.ninja/assets/images/1x/usbyus-thumb.webp,https://www.lapa.ninja/post/usbyus/
Lapa Ninja (Post),Vibely,COMMUNITY,,,https://cdn.lapa.ninja/assets/images/1x/vibely-thumb.webp,https://www.lapa.ninja/post/vibely/
Lapa Ninja (Post),Clause,ILLUSTRATION,,,https://cdn.lapa.ninja/assets/images/1x/clause-thumb.webp,https://www.lapa.ninja/post/clause/
Lapa Ninja (Post),Stark,DESIGN TOOLS,,,https://cdn.lapa.ninja/assets/images/1x/getstark-10-28-2020-thumb.webp,https://www.lapa.ninja/post/getstark-2/
Lapa Ninja (Post),Grilli Type,FOUNDRY,,,https://cdn.lapa.ninja/assets/images/1x/grillitype-thumb.webp,https://www.lapa.ninja/post/grillitype/
Lapa Ninja (Post),Tyrus,ILLUSTRATION,,,https://cdn.lapa.ninja/assets/images/1x/tyrus-thumb.webp,https://www.lapa.ninja/post/tyrus/
Lapa Ninja (Post),Kate Proulx,PORTFOLIO,,,https://cdn.lapa.ninja/assets/images/1x/kateproulx-thumb.webp,https://www.lapa.ninja/post/kateproulx/
Lapa Ninja (Post),Jean Dawson,PORTFOLIO,,,https://cdn.lapa.ninja/assets/images/1x/jeandawson-thumb.webp,https://www.lapa.ninja/post/jeandawson/
Lapa Ninja (Post),Emergence Magazine,MAGAZINE,,,https://cdn.lapa.ninja/assets/images/1x/emergencemagazine-thumb.webp,https://www.lapa.ninja/post/emergencemagazine/
Lapa Ninja (Post),Acid League,ECOMMERCE,,,https://cdn.lapa.ninja/assets/images/1x/acidleague-thumb.webp,https://www.lapa.ninja/post/acidleague/
Lapa Ninja (Post),Blush,DESIGN TOOLS,,,https://cdn.lapa.ninja/assets/images/1x/blush-design-thumb.webp,https://www.lapa.ninja/post/blush-design/
Lapa Ninja (Post),Loftgarten,PHOTOGRAPHY,,,https://cdn.lapa.ninja/assets/images/1x/loftgarten-thumb.webp,https://www.lapa.ninja/post/loftgarten/
Lapa Ninja (Post),Charlie Le Maignan,PORTFOLIO,,,https://cdn.lapa.ninja/assets/images/1x/charlielemaignan-thumb.webp,https://www.lapa.ninja/post/charlielemaignan/
Lapa Ninja (Post),Whiled,ECOMMERCE,,,https://cdn.lapa.ninja/assets/images/1x/whiled-thumb.webp,https://www.lapa.ninja/post/whiled/
Lapa Ninja (Post),helloMuller,PORTFOLIO,,,https://cdn.lapa.ninja/assets/images/1x/hellomuller-thumb.webp,https://www.lapa.ninja/post/hellomuller/
Lapa Ninja (Post),Utrust,CRYPTOCURRENCY,,,https://cdn.lapa.ninja/assets/images/1x/utrust-thumb.webp,https://www.lapa.ninja/post/utrust/
Lapa Ninja (Post),Canvas Medical,CORPORATE,,,https://cdn.lapa.ninja/assets/images/1x/canvasmedical-thumb.webp,https://www.lapa.ninja/post/canvasmedical/
Lapa Ninja (Post),Feedly,NEWS,,,https://cdn.lapa.ninja/assets/images/1x/feedly-thumb.webp,https://www.lapa.ninja/post/feedly/
Lapa Ninja (Post),Damn Good Beauty,BUSINESS,,,https://cdn.lapa.ninja/assets/images/1x/damngoodbeauty-thumb.webp,https://www.lapa.ninja/post/damngoodbeauty/
Lapa Ninja (Post),Melyon,ECOMMERCE,,,https://cdn.lapa.ninja/assets/images/1x/melyon-thumb.webp,https://www.lapa.ninja/post/melyon/
Lapa Ninja (Post),Wunderbucket,DEVELOPMENT TOOLS,,,https://cdn.lapa.ninja/assets/images/1x/wunderbucket-thumb.webp,https://www.lapa.ninja/post/wunderbucket/
Lapa Ninja (Post),Victor Berbel,PORTFOLIO,,,https://cdn.lapa.ninja/assets/images/1x/victorberbel-thumb.webp,https://www.lapa.ninja/post/victorberbel/
Lapa Ninja (Post),Hugo Maury,PORTFOLIO,,,https://cdn.lapa.ninja/assets/images/1x/maury-thumb.webp,https://www.lapa.ninja/post/maury/
Lapa Ninja (Post),Pitch,DESIGN TOOLS,,,https://cdn.lapa.ninja/assets/images/1x/pitch-21-10-2020-thumb.webp,https://www.lapa.ninja/post/pitch-3/
Lapa Ninja (Post),Aerial,APP,,,https://cdn.lapa.ninja/assets/images/1x/aerial-thumb.webp,https://www.lapa.ninja/post/aerial/
Lapa Ninja (Post),Sennep,AGENCY,,,https://cdn.lapa.ninja/assets/images/1x/sennep-thumb.webp,https://www.lapa.ninja/post/sennep/
Lapa Ninja (Post),Gavril Perov,PORTFOLIO,,,https://cdn.lapa.ninja/assets/images/1x/gavril-thumb.webp,https://www.lapa.ninja/post/gavril/
Lapa Ninja (Post),Natreve,ECOMMERCE,,,https://cdn.lapa.ninja/assets/images/1x/natreve-thumb.webp,https://www.lapa.ninja/post/natreve/
Lapa Ninja (Post),Slite,TECHNOLOGY,,,https://cdn.lapa.ninja/assets/images/1x/slite-21-10-2020-thumb.webp,https://www.lapa.ninja/post/slite-3/
Lapa Ninja (Post),Google TV,TECHNOLOGY,,,https://cdn.lapa.ninja/assets/images/1x/google-tv-thumb.webp,https://www.lapa.ninja/post/google-tv/
Lapa Ninja (Post),Unis Shoes,ECOMMERCE,,,https://cdn.lapa.ninja/assets/images/1x/unisfootwear-thumb.webp,https://www.lapa.ninja/post/unisfootwear/
Lapa Ninja (Post),Hey Bicycle,ECOMMERCE,,,https://cdn.lapa.ninja/assets/images/1x/heybicycle-thumb.webp,https://www.lapa.ninja/post/heybicycle/
Lapa Ninja (Post),Anton Repponen,PORTFOLIO,,,https://cdn.lapa.ninja/assets/images/1x/repponen-thumb.webp,https://www.lapa.ninja/post/repponen/
Lapa Ninja (Post),Goliath Entertainment,ILLUSTRATION,,,https://cdn.lapa.ninja/assets/images/1x/goliath-entertainment-thumb.webp,https://www.lapa.ninja/post/goliath-entertainment/
Lapa Ninja (Post),Raindrop.io,DESIGN TOOLS,,,https://cdn.lapa.ninja/assets/images/1x/raindrop-10-19-2020-thumb.webp,https://www.lapa.ninja/post/raindrop-3/
Lapa Ninja (Post),Digital Dollar Store,ECOMMERCE,,,https://cdn.lapa.ninja/assets/images/1x/digital-dollar-thumb.webp,https://www.lapa.ninja/post/digital-dollar/
Lapa Ninja (Post),Air,PRODUCTIVITY,,,https://cdn.lapa.ninja/assets/images/1x/air-inc-thumb.webp,https://www.lapa.ninja/post/air/
Lapa Ninja (Post),Paracelsia Le Saigné,TYPOGRAPHY,,,https://cdn.lapa.ninja/assets/images/1x/paracelsialesaigne-thumb.webp,https://www.lapa.ninja/post/paracelsialesaigne/
Lapa Ninja (Post),Greenlist,TECHNOLOGY,,,https://cdn.lapa.ninja/assets/images/1x/greenlistapp-thumb.webp,https://www.lapa.ninja/post/greenlistapp/
Lapa Ninja (Post),Rowdy Mermaid Kombucha,ECOMMERCE,,,https://cdn.lapa.ninja/assets/images/1x/rowdymermaid-thumb.webp,https://www.lapa.ninja/post/rowdymermaid/
Lapa Ninja (Post),Nabla,HEALTH FITNESS,,,https://cdn.lapa.ninja/assets/images/1x/nabla-thumb.webp,https://www.lapa.ninja/post/nabla/
Lapa Ninja (Post),TreeCard,FINANCE,,,https://cdn.lapa.ninja/assets/images/1x/treecard-thumb.webp,https://www.lapa.ninja/post/treecard/
Lapa Ninja (Post),Overpass,BUSINESS,,,https://cdn.lapa.ninja/assets/images/1x/overpass-thumb.webp,https://www.lapa.ninja/post/overpass/
Lapa Ninja (Post),Design+Code,DESIGN TOOLS,,,https://cdn.lapa.ninja/assets/images/1x/designcode-16-10-2020-thumb.webp,https://www.lapa.ninja/post/designcode/
Lapa Ninja (Post),Mario Sanchez Maselli,PORTFOLIO,,,https://cdn.lapa.ninja/assets/images/1x/mariosmaselli-thumb.webp,https://www.lapa.ninja/post/mariosmaselli/
Lapa Ninja (Post),Oda,ECOMMERCE,,,https://cdn.lapa.ninja/assets/images/1x/oda-thumb.webp,https://www.lapa.ninja/post/oda/
Lapa Ninja (Post),Erik Herrström,PORTFOLIO,,,https://cdn.lapa.ninja/assets/images/1x/erikherrstrom-10-16-2020-thumb.webp,https://www.lapa.ninja/post/erikherrstrom-2/
Lapa Ninja (Post),Hylo Athletics,ECOMMERCE,,,https://cdn.lapa.ninja/assets/images/1x/hyloathletics-thumb.webp,https://www.lapa.ninja/post/hyloathletics/
Lapa Ninja (Post),Armand Sallé,PORTFOLIO,,,https://cdn.lapa.ninja/assets/images/1x/armand-salle-thumb.webp,https://www.lapa.ninja/post/armand-salle/
Lapa Ninja (Post),PeekUp,APP,,,https://cdn.lapa.ninja/assets/images/1x/peekup-thumb.webp,https://www.lapa.ninja/post/peekup/
Lapa Ninja (Post),Museum of Peace & Quiet,ECOMMERCE,,,https://cdn.lapa.ninja/assets/images/1x/museumofpeaceandquiet-thumb.webp,https://www.lapa.ninja/post/museumofpeaceandquiet/
Lapa Ninja (Post),UPQODE,AGENCY,,,https://cdn.lapa.ninja/assets/images/1x/upqode-thumb.webp,https://www.lapa.ninja/post/upqode/
Lapa Ninja (Post),Koa,ECOMMERCE,,,https://cdn.lapa.ninja/assets/images/1x/livingkoa-thumb.webp,https://www.lapa.ninja/post/livingkoa/
Lapa Ninja (Post),Gorillaz,ILLUSTRATION,,,https://cdn.lapa.ninja/assets/images/1x/gorillaz-promo-thumb.webp,https://www.lapa.ninja/post/gorillaz-promo/
Lapa Ninja (Post),Monsieur M,PORTFOLIO,,,https://cdn.lapa.ninja/assets/images/1x/monsieurm-thumb.webp,https://www.lapa.ninja/post/monsieurm/
Lapa Ninja (Post),Pachama,CORPORATE,,,https://cdn.lapa.ninja/assets/images/1x/pachama-thumb.webp,https://www.lapa.ninja/post/pachama/
Lapa Ninja (Post),Mehrotra,ECOMMERCE,,,https://cdn.lapa.ninja/assets/images/1x/mehrotrasthlm-thumb.webp,https://www.lapa.ninja/post/mehrotrasthlm/
Lapa Ninja (Post),Flamingo Estate,ECOMMERCE,,,https://cdn.lapa.ninja/assets/images/1x/flamingoestate-thumb.webp,https://www.lapa.ninja/post/flamingoestate/
Lapa Ninja (Post),Mezcal Rosaluna,FOOD DRINKS,,,https://cdn.lapa.ninja/assets/images/1x/mezcalrosaluna-thumb.webp,https://www.lapa.ninja/post/mezcalrosaluna/
Lapa Ninja (Post),Mike Lamont,PORTFOLIO,,,https://cdn.lapa.ninja/assets/images/1x/mike-thumb.webp,https://www.lapa.ninja/post/mike/
Lapa Ninja (Post),Good Measure,AGENCY,,,https://cdn.lapa.ninja/assets/images/1x/findgoodmeasure-thumb.webp,https://www.lapa.ninja/post/findgoodmeasure/
Lapa Ninja (Post),Extraset,FOUNDRY,,,https://cdn.lapa.ninja/assets/images/1x/extraset-thumb.webp,https://www.lapa.ninja/post/extraset/
Lapa Ninja (Post),Æbele Interiors,FURNITURE INTERIORS,,,https://cdn.lapa.ninja/assets/images/1x/aebeleinteriors-thumb.webp,https://www.lapa.ninja/post/aebeleinteriors/
Lapa Ninja (Post),Faculty,STUDIO,,,https://cdn.lapa.ninja/assets/images/1x/faculty-thumb.webp,https://www.lapa.ninja/post/faculty/
Lapa Ninja (Post),Oculus,TECHNOLOGY,,,https://cdn.lapa.ninja/assets/images/1x/oculus-10-07-2020-thumb.webp,https://www.lapa.ninja/post/oculus-3/
Lapa Ninja (Post),Ayaka B. Ito,PORTFOLIO,,,https://cdn.lapa.ninja/assets/images/1x/ayakaito-thumb.webp,https://www.lapa.ninja/post/ayakaito/
Lapa Ninja (Post),Canny,DEVELOPMENT TOOLS,,,https://cdn.lapa.ninja/assets/images/1x/canny-10-07-2020-thumb.webp,https://www.lapa.ninja/post/canny-2/
Lapa Ninja (Post),Dore Partnership,BUSINESS,,,https://cdn.lapa.ninja/assets/images/1x/dorepartnership-thumb.webp,https://www.lapa.ninja/post/dorepartnership/
Lapa Ninja (Post),Asana,PRODUCTIVITY,,,https://cdn.lapa.ninja/assets/images/1x/asana-10-03-2020-thumb.webp,https://www.lapa.ninja/post/asana-4/
Lapa Ninja (Post),Bizzon,ILLUSTRATION,,,https://cdn.lapa.ninja/assets/images/1x/bizzon-thumb.webp,https://www.lapa.ninja/post/bizzon/
Lapa Ninja (Post),Gianluca Armenio,PORTFOLIO,,,https://cdn.lapa.ninja/assets/images/1x/gianlucarmenio-thumb.webp,https://www.lapa.ninja/post/gianlucarmenio/
Lapa Ninja (Post),Harry Moses,PORTFOLIO,,,https://cdn.lapa.ninja/assets/images/1x/harrymoses-thumb.webp,https://www.lapa.ninja/post/harrymoses/
Lapa Ninja (Post),Tiny,CORPORATE,,,https://cdn.lapa.ninja/assets/images/1x/tinycapital-thumb.webp,https://www.lapa.ninja/post/tinycapital/
Lapa Ninja (Post),Locomotive Culture,AGENCY,,,https://cdn.lapa.ninja/assets/images/1x/locomotive-play-thumb.webp,https://www.lapa.ninja/post/locomotive-culture/
Lapa Ninja (Post),Philip Battin,PORTFOLIO,,,https://cdn.lapa.ninja/assets/images/1x/philipbattin-thumb.webp,https://www.lapa.ninja/post/philipbattin/
Lapa Ninja (Post),NUGGS,FOOD DRINKS,,,https://cdn.lapa.ninja/assets/images/1x/eatnuggs-thumb.webp,https://www.lapa.ninja/post/eatnuggs/
Lapa Ninja (Post),Google Store,ECOMMERCE,,,https://cdn.lapa.ninja/assets/images/1x/google-store-thumb.webp,https://www.lapa.ninja/post/google-store/
Lapa Ninja (Post),Karst,ECOMMERCE,,,https://cdn.lapa.ninja/assets/images/1x/karststonepaper-thumb.webp,https://www.lapa.ninja/post/karststonepaper/
Lapa Ninja (Post),Mollydooker Wines,FOOD DRINKS,,,https://cdn.lapa.ninja/assets/images/1x/mollydookerwines-thumb.webp,https://www.lapa.ninja/post/mollydookerwines/
Lapa Ninja (Post),WTF.studio,STUDIO,,,https://cdn.lapa.ninja/assets/images/1x/wtf-studio-09-30-2020-thumb.webp,https://www.lapa.ninja/post/wtf-studio-2/
Lapa Ninja (Post),The Met Museum,CULTURE,,,https://cdn.lapa.ninja/assets/images/1x/metmus-150-thumb.webp,https://www.lapa.ninja/post/metmus-150/
Lapa Ninja (Post),Quicksand,EDUCATION,,,https://cdn.lapa.ninja/assets/images/1x/quicksand-thumb.webp,https://www.lapa.ninja/post/airbnb-quicksand/
Lapa Ninja (Post),Waste Not,BUSINESS,,,https://cdn.lapa.ninja/assets/images/1x/wastenot-thumb.webp,https://www.lapa.ninja/post/wastenot/
Lapa Ninja (Post),Owi Sixseven,PORTFOLIO,,,https://cdn.lapa.ninja/assets/images/1x/theartofvisual-thumb.webp,https://www.lapa.ninja/post/theartofvisual/
Lapa Ninja (Post),Basium Fragrances,ECOMMERCE,,,https://cdn.lapa.ninja/assets/images/1x/basiumfragrances-thumb.webp,https://www.lapa.ninja/post/basiumfragrances/
Lapa Ninja (Post),Wnder,FOOD DRINKS,,,https://cdn.lapa.ninja/assets/images/1x/wnder-thumb.webp,https://www.lapa.ninja/post/wnder/
Lapa Ninja (Post),Atelier Akuko,FURNITURE INTERIORS,,,https://cdn.lapa.ninja/assets/images/1x/atelier-akuko-thumb.webp,https://www.lapa.ninja/post/atelier-akuko/
Lapa Ninja (Post),MinamiDesignCo,STUDIO,,,https://cdn.lapa.ninja/assets/images/1x/minami-design-thumb.webp,https://www.lapa.ninja/post/minami-design/
Lapa Ninja (Post),Ralph Buenconsejo,PORTFOLIO,,,https://cdn.lapa.ninja/assets/images/1x/buenmakes-thumb.webp,https://www.lapa.ninja/post/buenmakes/
Lapa Ninja (Post),BEHAVE,FOOD DRINKS,,,https://cdn.lapa.ninja/assets/images/1x/eatbehave-thumb.webp,https://www.lapa.ninja/post/eatbehave/
Lapa Ninja (Post),Svea Solar,TECHNOLOGY,,,https://cdn.lapa.ninja/assets/images/1x/sveasolar-thumb.webp,https://www.lapa.ninja/post/sveasolar/
Lapa Ninja (Post),Status,CRYPTOCURRENCY,,,https://cdn.lapa.ninja/assets/images/1x/status-thumb.webp,https://www.lapa.ninja/post/status/
Lapa Ninja (Post),Hello Hay,FINANCE,,,https://cdn.lapa.ninja/assets/images/1x/hellohay-thumb.webp,https://www.lapa.ninja/post/hellohay/
Lapa Ninja (Post),Natural,APP,,,https://cdn.lapa.ninja/assets/images/1x/natural-thumb.webp,https://www.lapa.ninja/post/natural/
Lapa Ninja (Post),Shirley Wang,PORTFOLIO,,,https://cdn.lapa.ninja/assets/images/1x/shirleywangdesign-thumb.webp,https://www.lapa.ninja/post/shirleywangdesign/
Lapa Ninja (Post),Brews & Grooves,FOOD DRINKS,,,https://cdn.lapa.ninja/assets/images/1x/brewsandgrooves-thumb.webp,https://www.lapa.ninja/post/brewsandgrooves/
Lapa Ninja (Post),Simon Daufresne,PORTFOLIO,,,https://cdn.lapa.ninja/assets/images/1x/simondaufresne-thumb.webp,https://www.lapa.ninja/post/simondaufresne/
Lapa Ninja (Post),Virgin Hyperloop,AUTOMOTIVE,,,https://cdn.lapa.ninja/assets/images/1x/virginhyperloop-thumb.webp,https://www.lapa.ninja/post/virginhyperloop/
Lapa Ninja (Post),Animade,STUDIO,,,https://cdn.lapa.ninja/assets/images/1x/animade-thumb.webp,https://www.lapa.ninja/post/animade/
Lapa Ninja (Post),Demuxed 2020,EVENT,,,https://cdn.lapa.ninja/assets/images/1x/demuxed-2020-thumb.webp,https://www.lapa.ninja/post/demuxed-2020/
Lapa Ninja (Post),Procreate Education,COURSE,,,https://cdn.lapa.ninja/assets/images/1x/procreate-education-thumb.webp,https://www.lapa.ninja/post/procreate-education/
Lapa Ninja (Post),Synthesia,ARTIFICIAL INTELLIGENCE,,,https://cdn.lapa.ninja/assets/images/1x/synthesia-thumb.webp,https://www.lapa.ninja/post/synthesia/
Lapa Ninja (Post),Front,MAIL,,,https://cdn.lapa.ninja/assets/images/1x/frontapp-09-23-2020-thumb.webp,https://www.lapa.ninja/post/frontapp-5/
Lapa Ninja (Post),Teachable,EDUCATION,,,https://cdn.lapa.ninja/assets/images/1x/teachable-thumb.webp,https://www.lapa.ninja/post/teachable/
Lapa Ninja (Post),SmashBrand,BUSINESS,,,https://cdn.lapa.ninja/assets/images/1x/smashbrand-thumb.webp,https://www.lapa.ninja/post/smashbrand/
Lapa Ninja (Post),2°C EARTH,OUTDOORS TRAVEL,,,https://cdn.lapa.ninja/assets/images/1x/2-c-earth-thumb.webp,https://www.lapa.ninja/post/2-c-earth/
Lapa Ninja (Post),Limnia Araw,ECOMMERCE,,,https://cdn.lapa.ninja/assets/images/1x/araw-limnia-thumb.webp,https://www.lapa.ninja/post/araw-limnia/
Lapa Ninja (Post),G2K Creative Agency,AGENCY,,,https://cdn.lapa.ninja/assets/images/1x/g2k-thumb.webp,https://www.lapa.ninja/post/g2k/
Lapa Ninja (Post),Quintin Lodge,PORTFOLIO,,,https://cdn.lapa.ninja/assets/images/1x/quintinlodge-thumb.webp,https://www.lapa.ninja/post/quintinlodge/
Lapa Ninja (Post),Finn,FOOD DRINKS,,,https://cdn.lapa.ninja/assets/images/1x/petfinn-thumb.webp,https://www.lapa.ninja/post/petfinn/
Lapa Ninja (Post),Glass,APP,,,https://cdn.lapa.ninja/assets/images/1x/glass-thumb.webp,https://www.lapa.ninja/post/glass/
Lapa Ninja (Post),Geckoboard,ILLUSTRATION,,,https://cdn.lapa.ninja/assets/images/1x/geckoboard-thumb.webp,https://www.lapa.ninja/post/geckoboard/
Lapa Ninja (Post),We are owlsome,STUDIO,,,https://cdn.lapa.ninja/assets/images/1x/weareowlsome-thumb.webp,https://www.lapa.ninja/post/weareowlsome/
Lapa Ninja (Post),Rainbo,FOOD DRINKS,,,https://cdn.lapa.ninja/assets/images/1x/rainbo-thumb.webp,https://www.lapa.ninja/post/rainbo/
Lapa Ninja (Post),Plain Jane Events,AGENCY,,,https://cdn.lapa.ninja/assets/images/1x/plainjaneevents-thumb.webp,https://www.lapa.ninja/post/plainjaneevents/
Lapa Ninja (Post),Field,AGENCY,,,https://cdn.lapa.ninja/assets/images/1x/builtbyfield-thumb.webp,https://www.lapa.ninja/post/builtbyfield/
Lapa Ninja (Post),Tranen,MINIMAL,,,https://cdn.lapa.ninja/assets/images/1x/tranen-thumb.webp,https://www.lapa.ninja/post/tranen/
Lapa Ninja (Post),Rafael Conde,PORTFOLIO,,,https://cdn.lapa.ninja/assets/images/1x/rafa-thumb.webp,https://www.lapa.ninja/post/rafa/
Lapa Ninja (Post),Salus Body,ECOMMERCE,,,https://cdn.lapa.ninja/assets/images/1x/salusbody-thumb.webp,https://www.lapa.ninja/post/salusbody/
Lapa Ninja (Post),Letter,FINANCE,,,https://cdn.lapa.ninja/assets/images/1x/letterco-thumb.webp,https://www.lapa.ninja/post/letterco/
Lapa Ninja (Post),Dinamo,FOUNDRY,,,https://cdn.lapa.ninja/assets/images/1x/abcdinamo-thumb.webp,https://www.lapa.ninja/post/abcdinamo/
Lapa Ninja (Post),Make Lemonade,STUDIO,,,https://cdn.lapa.ninja/assets/images/1x/makelemonade-thumb.webp,https://www.lapa.ninja/post/makelemonade/
