source,title,author,price,tags,image,url
Lapa Ninja (Post),Monologue,SAAS,,,https://cdn.lapa.ninja/assets/images/1x/monologue-thumb.jpg,https://www.lapa.ninja/post/monologue/
Lapa Ninja (Post),Ona,TECHNOLOGY,,,https://cdn.lapa.ninja/assets/images/1x/ona-thumb.jpg,https://www.lapa.ninja/post/ona/
Lapa Ninja (Post),Jon Howell,PORTFOLIO,,,https://cdn.lapa.ninja/assets/images/1x/jonhowell-thumb.jpg,https://www.lapa.ninja/post/jonhowell/
Lapa Ninja (Post),Brainfish,ARTIFICIAL INTELLIGENCE,,,https://cdn.lapa.ninja/assets/images/1x/brainfishai-thumb.jpg,https://www.lapa.ninja/post/brainfishai/
Lapa Ninja (Post),Board.fun,ECOMMERCE,,,https://cdn.lapa.ninja/assets/images/1x/board-fun-thumb.jpg,https://www.lapa.ninja/post/board-fun/
Lapa Ninja (Post),Chipsa,3D WEBSITES,,,https://cdn.lapa.ninja/assets/images/1x/chipsa-thumb.jpg,https://www.lapa.ninja/post/chipsa/
Lapa Ninja (Post),Aeons,NFT,,,https://cdn.lapa.ninja/assets/images/1x/aeons-thumb.jpg,https://www.lapa.ninja/post/aeons/
Lapa Ninja (Post),MØM,AGENCY,,,https://cdn.lapa.ninja/assets/images/1x/matter-of-mind-2-thumb.jpg,https://www.lapa.ninja/post/matter-of-mind-2/
Lapa Ninja (Post),Merlin,ARTIFICIAL INTELLIGENCE,,,https://cdn.lapa.ninja/assets/images/1x/merlin-thumb.jpg,https://www.lapa.ninja/post/merlin/
Lapa Ninja (Post),CHRLS.DSGN,PORTFOLIO,,,https://cdn.lapa.ninja/assets/images/1x/chrls-thumb.jpg,https://www.lapa.ninja/post/chrls/
Lapa Ninja (Post),Fantasy,STUDIO,,,https://cdn.lapa.ninja/assets/images/1x/fantasy-thumb.jpg,https://www.lapa.ninja/post/fantasy/
Lapa Ninja (Post),Vibe-X,3D WEBSITES,,,https://cdn.lapa.ninja/assets/images/1x/vibex-thumb.jpg,https://www.lapa.ninja/post/vibex/
Lapa Ninja (Post),Creech,STUDIO,,,https://cdn.lapa.ninja/assets/images/1x/creech-thumb.jpg,https://www.lapa.ninja/post/creech/
Lapa Ninja (Post),LORE,BEAUTY,,,https://cdn.lapa.ninja/assets/images/1x/lore-thumb.jpg,https://www.lapa.ninja/post/lore/
Lapa Ninja (Post),Taara,TECHNOLOGY,,,https://cdn.lapa.ninja/assets/images/1x/taaraconnect-thumb.jpg,https://www.lapa.ninja/post/taaraconnect/
Lapa Ninja (Post),Control,DESIGN TOOLS,,,https://cdn.lapa.ninja/assets/images/1x/cntrl-2-thumb.jpg,https://www.lapa.ninja/post/cntrl-2/
Lapa Ninja (Post),Stephanie Bruce,PORTFOLIO,,,https://cdn.lapa.ninja/assets/images/1x/stephaniebruce-2-thumb.jpg,https://www.lapa.ninja/post/stephaniebruce-2/
Lapa Ninja (Post),Cloudflare Sandbox,DEVELOPMENT TOOLS,,,https://cdn.lapa.ninja/assets/images/1x/cloudflare-sandbox-thumb.jpg,https://www.lapa.ninja/post/cloudflare-sandbox/
Lapa Ninja (Post),Quantum Body,HEALTH FITNESS,,,https://cdn.lapa.ninja/assets/images/1x/quantumbody-thumb.jpg,https://www.lapa.ninja/post/quantumbody/
Lapa Ninja (Post),FUTURE THREE,STUDIO,,,https://cdn.lapa.ninja/assets/images/1x/futurethree-thumb.jpg,https://www.lapa.ninja/post/futurethree/
Lapa Ninja (Post),David AI,ARTIFICIAL INTELLIGENCE,,,https://cdn.lapa.ninja/assets/images/1x/withdavid-thumb.jpg,https://www.lapa.ninja/post/withdavid/
Lapa Ninja (Post),poolside,ARTIFICIAL INTELLIGENCE,,,https://cdn.lapa.ninja/assets/images/1x/poolside-thumb.jpg,https://www.lapa.ninja/post/poolside/
Lapa Ninja (Post),xmcp,DEVELOPMENT TOOLS,,,https://cdn.lapa.ninja/assets/images/1x/xmcp-thumb.jpg,https://www.lapa.ninja/post/xmcp/
Lapa Ninja (Post),GAÏO,FOOD DRINKS,,,https://cdn.lapa.ninja/assets/images/1x/gaio-thumb.jpg,https://www.lapa.ninja/post/gaio/
Lapa Ninja (Post),General Condition,STUDIO,,,https://cdn.lapa.ninja/assets/images/1x/generalcondition-thumb.jpg,https://www.lapa.ninja/post/generalcondition/
Lapa Ninja (Post),Null Studio,STUDIO,,,https://cdn.lapa.ninja/assets/images/1x/nullstudio-thumb.jpg,https://www.lapa.ninja/post/nullstudio/
Lapa Ninja (Post),Paradigm,SAAS,,,https://cdn.lapa.ninja/assets/images/1x/paradigmai-thumb.jpg,https://www.lapa.ninja/post/paradigmai/
Lapa Ninja (Post),Kikk Festival 2025,EVENT,,,https://cdn.lapa.ninja/assets/images/1x/kikk-2025-thumb.jpg,https://www.lapa.ninja/post/kikk-2025/
Lapa Ninja (Post),darkroom.engineering,STUDIO,,,https://cdn.lapa.ninja/assets/images/1x/darkroom-engineering-thumb.jpg,https://www.lapa.ninja/post/darkroom-engineering/
Lapa Ninja (Post),React Email,SAAS,,,https://cdn.lapa.ninja/assets/images/1x/react-email-thumb.jpg,https://www.lapa.ninja/post/react-email/
Lapa Ninja (Post),Liftoff,BUSINESS,,,https://cdn.lapa.ninja/assets/images/1x/liftoff-thumb.jpg,https://www.lapa.ninja/post/liftoff/
Lapa Ninja (Post),David Alaba,SPORTS,,,https://cdn.lapa.ninja/assets/images/1x/davidalaba-thumb.jpg,https://www.lapa.ninja/post/davidalaba/
Lapa Ninja (Post),Qatchup,SAAS,,,https://cdn.lapa.ninja/assets/images/1x/qatchup-thumb.jpg,https://www.lapa.ninja/post/qatchup/
Lapa Ninja (Post),Era,APP,,,https://cdn.lapa.ninja/assets/images/1x/era-app-2-thumb.jpg,https://www.lapa.ninja/post/era-app-2/
Lapa Ninja (Post),Sunset,BUSINESS,,,https://cdn.lapa.ninja/assets/images/1x/hellosunset-thumb.jpg,https://www.lapa.ninja/post/hellosunset/
Lapa Ninja (Post),Taya,ECOMMERCE,,,https://cdn.lapa.ninja/assets/images/1x/tayanecklace-thumb.jpg,https://www.lapa.ninja/post/tayanecklace/
Lapa Ninja (Post),When We Love,ART,,,https://cdn.lapa.ninja/assets/images/1x/whenwelove-thumb.jpg,https://www.lapa.ninja/post/whenwelove/
Lapa Ninja (Post),Rob Figueredo,PORTFOLIO,,,https://cdn.lapa.ninja/assets/images/1x/robably-thumb.jpg,https://www.lapa.ninja/post/robably/
Lapa Ninja (Post),Groth Studio,STUDIO,,,https://cdn.lapa.ninja/assets/images/1x/groth-thumb.jpg,https://www.lapa.ninja/post/groth/
Lapa Ninja (Post),Ditto,SAAS,,,https://cdn.lapa.ninja/assets/images/1x/trustditto-thumb.jpg,https://www.lapa.ninja/post/trustditto/
Lapa Ninja (Post),Essential,ARTIFICIAL INTELLIGENCE,,,https://cdn.lapa.ninja/assets/images/1x/essential-thumb.jpg,https://www.lapa.ninja/post/essential/
Lapa Ninja (Post),Make It Real Fund Merch,CORPORATE,,,https://cdn.lapa.ninja/assets/images/1x/mirfundmerch-thumb.jpg,https://www.lapa.ninja/post/mirfundmerch/
Lapa Ninja (Post),Duna,SAAS,,,https://cdn.lapa.ninja/assets/images/1x/duna-thumb.jpg,https://www.lapa.ninja/post/duna/
Lapa Ninja (Post),Dulcedo,AGENCY,,,https://cdn.lapa.ninja/assets/images/1x/dulcedo-thumb.jpg,https://www.lapa.ninja/post/dulcedo/
Lapa Ninja (Post),REF Digital Agency,AGENCY,,,https://cdn.lapa.ninja/assets/images/1x/ref-thumb.jpg,https://www.lapa.ninja/post/ref/
Lapa Ninja (Post),Genie,DESIGN TOOLS,,,https://cdn.lapa.ninja/assets/images/1x/geniestudio-thumb.jpg,https://www.lapa.ninja/post/geniestudio/
Lapa Ninja (Post),Coda,FINANCE,,,https://cdn.lapa.ninja/assets/images/1x/coda-co-thumb.jpg,https://www.lapa.ninja/post/coda-co/
Lapa Ninja (Post),Cursor,DEVELOPMENT TOOLS,,,https://cdn.lapa.ninja/assets/images/1x/cursor-2-thumb.jpg,https://www.lapa.ninja/post/cursor-2/
Lapa Ninja (Post),Tilt,FINANCE,,,https://cdn.lapa.ninja/assets/images/1x/tilt-thumb.jpg,https://www.lapa.ninja/post/tilt/
Lapa Ninja (Post),THE LINE Studio,STUDIO,,,https://cdn.lapa.ninja/assets/images/1x/thelinestudio-thumb.jpg,https://www.lapa.ninja/post/thelinestudio/
Lapa Ninja (Post),Super Chill,APP,,,https://cdn.lapa.ninja/assets/images/1x/superchill-thumb.jpg,https://www.lapa.ninja/post/superchill/
Lapa Ninja (Post),Pikkas,EDUCATION,,,https://cdn.lapa.ninja/assets/images/1x/pikkasinternational-thumb.jpg,https://www.lapa.ninja/post/pikkasinternational/
Lapa Ninja (Post),Meracinque,FOOD DRINKS,,,https://cdn.lapa.ninja/assets/images/1x/meracinque-thumb.jpg,https://www.lapa.ninja/post/meracinque/
Lapa Ninja (Post),Hot Type,FOUNDRY,,,https://cdn.lapa.ninja/assets/images/1x/hottype-thumb.jpg,https://www.lapa.ninja/post/hottype/
Lapa Ninja (Post),GT Pantheon,TYPOGRAPHY,,,https://cdn.lapa.ninja/assets/images/1x/gt-pantheon-thumb.jpg,https://www.lapa.ninja/post/gt-pantheon/
Lapa Ninja (Post),Duten,HOME LIVING,,,https://cdn.lapa.ninja/assets/images/1x/duten-thumb.jpg,https://www.lapa.ninja/post/duten/
Lapa Ninja (Post),Dirty Vine,FOOD DRINKS,,,https://cdn.lapa.ninja/assets/images/1x/dirtyvine-thumb.jpg,https://www.lapa.ninja/post/dirtyvine/
Lapa Ninja (Post),Arkeale,CORPORATE,,,https://cdn.lapa.ninja/assets/images/1x/arkeale-thumb.jpg,https://www.lapa.ninja/post/arkeale/
Lapa Ninja (Post),Portal,SAAS,,,https://cdn.lapa.ninja/assets/images/1x/useportal-thumb.jpg,https://www.lapa.ninja/post/useportal/
Lapa Ninja (Post),Matic,HOME LIVING,,,https://cdn.lapa.ninja/assets/images/1x/maticrobots-thumb.jpg,https://www.lapa.ninja/post/maticrobots/
Lapa Ninja (Post),Form&Fun,STUDIO,,,https://cdn.lapa.ninja/assets/images/1x/formandfun-thumb.jpg,https://www.lapa.ninja/post/formandfun/
Lapa Ninja (Post),Bloom & Wolf,ECOMMERCE,,,https://cdn.lapa.ninja/assets/images/1x/bloomandwolf-thumb.jpg,https://www.lapa.ninja/post/bloomandwolf/
Lapa Ninja (Post),Azione,AGENCY,,,https://cdn.lapa.ninja/assets/images/1x/azionepr-thumb.jpg,https://www.lapa.ninja/post/azionepr/
Lapa Ninja (Post),Maggie App,APP,,,https://cdn.lapa.ninja/assets/images/1x/maggie-app-thumb.jpg,https://www.lapa.ninja/post/maggie-app/
Lapa Ninja (Post),Grit Pictures,AGENCY,,,https://cdn.lapa.ninja/assets/images/1x/grit-thumb.jpg,https://www.lapa.ninja/post/grit/
Lapa Ninja (Post),That One Couple,AGENCY,,,https://cdn.lapa.ninja/assets/images/1x/thatonecouple-thumb.jpg,https://www.lapa.ninja/post/thatonecouple/
Lapa Ninja (Post),Studio Tyrsa,STUDIO,,,https://cdn.lapa.ninja/assets/images/1x/studiotyrsa-thumb.jpg,https://www.lapa.ninja/post/studiotyrsa/
Lapa Ninja (Post),Revitin,HEALTH FITNESS,,,https://cdn.lapa.ninja/assets/images/1x/revitin-thumb.jpg,https://www.lapa.ninja/post/revitin/
Lapa Ninja (Post),Early Works,STUDIO,,,https://cdn.lapa.ninja/assets/images/1x/early-thumb.jpg,https://www.lapa.ninja/post/early/
Lapa Ninja (Post),Exrcst,ECOMMERCE,,,https://cdn.lapa.ninja/assets/images/1x/exrcst-thumb.jpg,https://www.lapa.ninja/post/exrcst/
Lapa Ninja (Post),Scout Motors,AUTOMOTIVE,,,https://cdn.lapa.ninja/assets/images/1x/scoutmotors-thumb.jpg,https://www.lapa.ninja/post/scoutmotors/
Lapa Ninja (Post),T3 by EquipmentShare,AUTOMOTIVE,,,https://cdn.lapa.ninja/assets/images/1x/t3-thumb.jpg,https://www.lapa.ninja/post/t3/
Lapa Ninja (Post),Sunrise Robotics,CORPORATE,,,https://cdn.lapa.ninja/assets/images/1x/sunriserobotics-thumb.jpg,https://www.lapa.ninja/post/sunriserobotics/
Lapa Ninja (Post),Normal Computing,HARDWARE,,,https://cdn.lapa.ninja/assets/images/1x/normalcomputing-thumb.jpg,https://www.lapa.ninja/post/normalcomputing/
Lapa Ninja (Post),Michael Aust,PORTFOLIO,,,https://cdn.lapa.ninja/assets/images/1x/michael-aust-thumb.jpg,https://www.lapa.ninja/post/michael-aust/
Lapa Ninja (Post),Dorian Lods,PORTFOLIO,,,https://cdn.lapa.ninja/assets/images/1x/dorianlods-thumb.jpg,https://www.lapa.ninja/post/dorianlods/
Lapa Ninja (Post),Olha Lazarieva,PORTFOLIO,,,https://cdn.lapa.ninja/assets/images/1x/olhalazarieva-thumb.jpg,https://www.lapa.ninja/post/olhalazarieva/
Lapa Ninja (Post),Panconesi,FASHION,,,https://cdn.lapa.ninja/assets/images/1x/marcopanconesi-thumb.jpg,https://www.lapa.ninja/post/marcopanconesi/
Lapa Ninja (Post),Ink Games,GAME,,,https://cdn.lapa.ninja/assets/images/1x/inkgames-thumb.jpg,https://www.lapa.ninja/post/inkgames/
Lapa Ninja (Post),Celeres,VENTURES,,,https://cdn.lapa.ninja/assets/images/1x/celeresinvestments-thumb.jpg,https://www.lapa.ninja/post/celeresinvestments/
Lapa Ninja (Post),Cofounder,ARTIFICIAL INTELLIGENCE,,,https://cdn.lapa.ninja/assets/images/1x/cofounder-thumb.jpg,https://www.lapa.ninja/post/cofounder/
Lapa Ninja (Post),Dayos,ARTIFICIAL INTELLIGENCE,,,https://cdn.lapa.ninja/assets/images/1x/dayos-thumb.jpg,https://www.lapa.ninja/post/dayos/
Lapa Ninja (Post),Mouthwash Studio,STUDIO,,,https://cdn.lapa.ninja/assets/images/1x/mouthwash-studio-2-thumb.jpg,https://www.lapa.ninja/post/mouthwash-studio-2/
Lapa Ninja (Post),Rue Haus,STUDIO,,,https://cdn.lapa.ninja/assets/images/1x/ruehaus-thumb.jpg,https://www.lapa.ninja/post/ruehaus/
Lapa Ninja (Post),Craft,SAAS,,,https://cdn.lapa.ninja/assets/images/1x/craft-do-4-thumb.jpg,https://www.lapa.ninja/post/craft-do-4/
Lapa Ninja (Post),Stable,FINTECH,,,https://cdn.lapa.ninja/assets/images/1x/stable-thumb.jpg,https://www.lapa.ninja/post/stable/
Lapa Ninja (Post),Daylight Health,HEALTH FITNESS,,,https://cdn.lapa.ninja/assets/images/1x/daylight-health-thumb.jpg,https://www.lapa.ninja/post/daylight-health/
Lapa Ninja (Post),EverythingMoves,STUDIO,,,https://cdn.lapa.ninja/assets/images/1x/everythingmoves-thumb.jpg,https://www.lapa.ninja/post/everythingmoves/
Lapa Ninja (Post),Operate,SAAS,,,https://cdn.lapa.ninja/assets/images/1x/operate-thumb.jpg,https://www.lapa.ninja/post/operate/
Lapa Ninja (Post),ADCKER,AGENCY,,,https://cdn.lapa.ninja/assets/images/1x/adcker-thumb.jpg,https://www.lapa.ninja/post/adcker/
Lapa Ninja (Post),Ben And Martin,PHOTOGRAPHY,,,https://cdn.lapa.ninja/assets/images/1x/benandmartin-thumb.jpg,https://www.lapa.ninja/post/benandmartin/
Lapa Ninja (Post),L'Étude,STUDIO,,,https://cdn.lapa.ninja/assets/images/1x/letude-thumb.jpg,https://www.lapa.ninja/post/letude/
Lapa Ninja (Post),Abhishek Jha,PORTFOLIO,,,https://cdn.lapa.ninja/assets/images/1x/abhishekjha-3-thumb.jpg,https://www.lapa.ninja/post/abhishekjha-3/
Lapa Ninja (Post),Jack Theobald,PORTFOLIO,,,https://cdn.lapa.ninja/assets/images/1x/jacktheobald-thumb.jpg,https://www.lapa.ninja/post/jacktheobald/
Lapa Ninja (Post),Anything,ARTIFICIAL INTELLIGENCE,,,https://cdn.lapa.ninja/assets/images/1x/createanything-thumb.jpg,https://www.lapa.ninja/post/createanything/
Lapa Ninja (Post),Hurt Feelings,EDUCATION,,,https://cdn.lapa.ninja/assets/images/1x/hurt-feelings-thumb.jpg,https://www.lapa.ninja/post/hurt-feelings/
Lapa Ninja (Post),monopo NYC,AGENCY,,,https://cdn.lapa.ninja/assets/images/1x/monopo-thumb.jpg,https://www.lapa.ninja/post/monopo/
Lapa Ninja (Post),Resolute AI,HEALTH FITNESS,,,https://cdn.lapa.ninja/assets/images/1x/theresolute-thumb.jpg,https://www.lapa.ninja/post/theresolute/
Lapa Ninja (Post),Studio Nordost,STUDIO,,,https://cdn.lapa.ninja/assets/images/1x/studio-nordost-thumb.jpg,https://www.lapa.ninja/post/studio-nordost/
Lapa Ninja (Post),SkinGame Media,AGENCY,,,https://cdn.lapa.ninja/assets/images/1x/skingamemedia-thumb.jpg,https://www.lapa.ninja/post/skingamemedia/
Lapa Ninja (Post),Rhumb Studio,STUDIO,,,https://cdn.lapa.ninja/assets/images/1x/rhumb-thumb.jpg,https://www.lapa.ninja/post/rhumb/
Lapa Ninja (Post),David Kushner,MUSIC,,,https://cdn.lapa.ninja/assets/images/1x/davidkushnermusic-thumb.jpg,https://www.lapa.ninja/post/davidkushnermusic/
Lapa Ninja (Post),A Present Force,STUDIO,,,https://cdn.lapa.ninja/assets/images/1x/apresentforce-thumb.jpg,https://www.lapa.ninja/post/apresentforce/
Lapa Ninja (Post),Almost Pearfect,FOOD DRINKS,,,https://cdn.lapa.ninja/assets/images/1x/almost-pearfect-thumb.jpg,https://www.lapa.ninja/post/almost-pearfect/
Lapa Ninja (Post),Parallel,ARTIFICIAL INTELLIGENCE,,,https://cdn.lapa.ninja/assets/images/1x/parallel-thumb.jpg,https://www.lapa.ninja/post/parallel/
Lapa Ninja (Post),Digilab,CORPORATE,,,https://cdn.lapa.ninja/assets/images/1x/digilab-thumb.jpg,https://www.lapa.ninja/post/digilab/
Lapa Ninja (Post),Cap,SAAS,,,https://cdn.lapa.ninja/assets/images/1x/cap-3-thumb.jpg,https://www.lapa.ninja/post/cap-3/
Lapa Ninja (Post),Stephen Hannon,PORTFOLIO,,,https://cdn.lapa.ninja/assets/images/1x/stephenhannon-thumb.jpg,https://www.lapa.ninja/post/stephenhannon/
Lapa Ninja (Post),Dust Moto,AUTOMOTIVE,,,https://cdn.lapa.ninja/assets/images/1x/dustmoto-thumb.jpg,https://www.lapa.ninja/post/dustmoto/
Lapa Ninja (Post),RIERA,STUDIO,,,https://cdn.lapa.ninja/assets/images/1x/rierastudio-thumb.jpg,https://www.lapa.ninja/post/rierastudio/
Lapa Ninja (Post),Racepoint,AGENCY,,,https://cdn.lapa.ninja/assets/images/1x/racepointglobal-thumb.jpg,https://www.lapa.ninja/post/racepointglobal/
Lapa Ninja (Post),Parable,VENTURES,,,https://cdn.lapa.ninja/assets/images/1x/parablevc-thumb.jpg,https://www.lapa.ninja/post/parablevc/
Lapa Ninja (Post),Nivedha Nirmal,PORTFOLIO,,,https://cdn.lapa.ninja/assets/images/1x/nivedhanirmal-thumb.jpg,https://www.lapa.ninja/post/nivedhanirmal/
Lapa Ninja (Post),Juice Agency,AGENCY,,,https://cdn.lapa.ninja/assets/images/1x/juice-agency-thumb.jpg,https://www.lapa.ninja/post/juice-agency/
Lapa Ninja (Post),Clearwater,HEALTH FITNESS,,,https://cdn.lapa.ninja/assets/images/1x/clearwater-thumb.jpg,https://www.lapa.ninja/post/clearwater/
Lapa Ninja (Post),BEINGS,CORPORATE,,,https://cdn.lapa.ninja/assets/images/1x/beings-thumb.jpg,https://www.lapa.ninja/post/beings/
Lapa Ninja (Post),TUX CREATIVE HOUSE,AGENCY,,,https://cdn.lapa.ninja/assets/images/1x/tux-thumb.jpg,https://www.lapa.ninja/post/tux/
Lapa Ninja (Post),The New Industrials,EDUCATION,,,https://cdn.lapa.ninja/assets/images/1x/thenewindustrials-thumb.jpg,https://www.lapa.ninja/post/thenewindustrials/
Lapa Ninja (Post),LINE OF SIGHT,FASHION,,,https://cdn.lapa.ninja/assets/images/1x/lineofsight-thumb.jpg,https://www.lapa.ninja/post/lineofsight/
Lapa Ninja (Post),Double Play,STUDIO,,,https://cdn.lapa.ninja/assets/images/1x/doubleplay-thumb.jpg,https://www.lapa.ninja/post/doubleplay/
Lapa Ninja (Post),Alter Geneva,FASHION,,,https://cdn.lapa.ninja/assets/images/1x/altergeneva-thumb.jpg,https://www.lapa.ninja/post/altergeneva/
Lapa Ninja (Post),Boring Industries,AGENCY,,,https://cdn.lapa.ninja/assets/images/1x/boring-industries-thumb.jpg,https://www.lapa.ninja/post/boring-industries/
Lapa Ninja (Post),Mike Kus,PORTFOLIO,,,https://cdn.lapa.ninja/assets/images/1x/mikekus-thumb.jpg,https://www.lapa.ninja/post/mikekus/
Lapa Ninja (Post),Superpower,HEALTH FITNESS,,,https://cdn.lapa.ninja/assets/images/1x/superpower-2-thumb.jpg,https://www.lapa.ninja/post/superpower-2/
Lapa Ninja (Post),Daniel Sun,PORTFOLIO,,,https://cdn.lapa.ninja/assets/images/1x/danielsun-3-thumb.jpg,https://www.lapa.ninja/post/danielsun-3/
Lapa Ninja (Post),Cobot,APP,,,https://cdn.lapa.ninja/assets/images/1x/cobot-thumb.jpg,https://www.lapa.ninja/post/cobot/
Lapa Ninja (Post),Vetric,SAAS,,,https://cdn.lapa.ninja/assets/images/1x/vetric-thumb.jpg,https://www.lapa.ninja/post/vetric/
Lapa Ninja (Post),Solflare,FINTECH,,,https://cdn.lapa.ninja/assets/images/1x/solflare-thumb.jpg,https://www.lapa.ninja/post/solflare/
Lapa Ninja (Post),Charm,DEVELOPMENT TOOLS,,,https://cdn.lapa.ninja/assets/images/1x/charm-thumb.jpg,https://www.lapa.ninja/post/charm/
Lapa Ninja (Post),Cluely,SAAS,,,https://cdn.lapa.ninja/assets/images/1x/cluely-thumb.jpg,https://www.lapa.ninja/post/cluely/
Lapa Ninja (Post),Headroom,SAAS,,,https://cdn.lapa.ninja/assets/images/1x/headroom-thumb.jpg,https://www.lapa.ninja/post/headroom/
Lapa Ninja (Post),Dream Recorder,HEALTH FITNESS,,,https://cdn.lapa.ninja/assets/images/1x/dreamrecorder-thumb.jpg,https://www.lapa.ninja/post/dreamrecorder/
Lapa Ninja (Post),Everest Systems,SOFTWARE,,,https://cdn.lapa.ninja/assets/images/1x/everest-systems-thumb.jpg,https://www.lapa.ninja/post/everest-systems/
Lapa Ninja (Post),Elevate,ILLUSTRATION,,,https://cdn.lapa.ninja/assets/images/1x/elevatehomescriptions-thumb.jpg,https://www.lapa.ninja/post/elevatehomescriptions/
Lapa Ninja (Post),Sebastian Curi,PORTFOLIO,,,https://cdn.lapa.ninja/assets/images/1x/sebastiancuri-thumb.jpg,https://www.lapa.ninja/post/sebastiancuri/
Lapa Ninja (Post),Dapper,AGENCY,,,https://cdn.lapa.ninja/assets/images/1x/dapper-thumb.jpg,https://www.lapa.ninja/post/dapper/
Lapa Ninja (Post),Fishwife,FOOD DRINKS,,,https://cdn.lapa.ninja/assets/images/1x/eatfishwife-2-thumb.jpg,https://www.lapa.ninja/post/eatfishwife-2/
Lapa Ninja (Post),REN,FOOD DRINKS,,,https://cdn.lapa.ninja/assets/images/1x/matcharen-thumb.jpg,https://www.lapa.ninja/post/matcharen/
Lapa Ninja (Post),Sarah Eisman Studio,FASHION,,,https://cdn.lapa.ninja/assets/images/1x/saraheismanstudio-thumb.jpg,https://www.lapa.ninja/post/saraheismanstudio/
Lapa Ninja (Post),Cyphr Studio,STUDIO,,,https://cdn.lapa.ninja/assets/images/1x/cyphr-studio-thumb.jpg,https://www.lapa.ninja/post/cyphr-studio/
Lapa Ninja (Post),Lottiefiles,DESIGN TOOLS,,,https://cdn.lapa.ninja/assets/images/1x/lottiefiles-thumb.jpg,https://www.lapa.ninja/post/lottiefiles/
Lapa Ninja (Post),Swehl,ECOMMERCE,,,https://cdn.lapa.ninja/assets/images/1x/swehl-thumb.jpg,https://www.lapa.ninja/post/swehl/
Lapa Ninja (Post),Web Design London,AGENCY,,,https://cdn.lapa.ninja/assets/images/1x/web-designlondon-thumb.jpg,https://www.lapa.ninja/post/web-designlondon/
Lapa Ninja (Post),Visual Domain,STUDIO,,,https://cdn.lapa.ninja/assets/images/1x/visualdomain-thumb.jpg,https://www.lapa.ninja/post/visualdomain/
Lapa Ninja (Post),Turn.io,APP,,,https://cdn.lapa.ninja/assets/images/1x/turn-thumb.jpg,https://www.lapa.ninja/post/turn/
Lapa Ninja (Post),SquadEasy,APP,,,https://cdn.lapa.ninja/assets/images/1x/squadeasy-2-thumb.jpg,https://www.lapa.ninja/post/squadeasy-2/
Lapa Ninja (Post),Posthuman Lab,FASHION,,,https://cdn.lapa.ninja/assets/images/1x/posthmnlab-thumb.jpg,https://www.lapa.ninja/post/posthmnlab/
Lapa Ninja (Post),Portrait,SAAS,,,https://cdn.lapa.ninja/assets/images/1x/portrait-thumb.jpg,https://www.lapa.ninja/post/portrait/
Lapa Ninja (Post),Muse Group,CORPORATE,,,https://cdn.lapa.ninja/assets/images/1x/muse-thumb.jpg,https://www.lapa.ninja/post/muse/
Lapa Ninja (Post),Figma,DESIGN TOOLS,,,https://cdn.lapa.ninja/assets/images/1x/figma-6-thumb.jpg,https://www.lapa.ninja/post/figma-6/
Lapa Ninja (Post),Douze,FOOD DRINKS,,,https://cdn.lapa.ninja/assets/images/1x/drinkdouze-thumb.jpg,https://www.lapa.ninja/post/drinkdouze/
Lapa Ninja (Post),Coinsetters,STUDIO,,,https://cdn.lapa.ninja/assets/images/1x/coinsetters-thumb.jpg,https://www.lapa.ninja/post/coinsetters/
Lapa Ninja (Post),Clutch Sercurity,SAAS,,,https://cdn.lapa.ninja/assets/images/1x/clutch-thumb.jpg,https://www.lapa.ninja/post/clutch/
Lapa Ninja (Post),Studio Chong,STUDIO,,,https://cdn.lapa.ninja/assets/images/1x/chong-studio-thumb.jpg,https://www.lapa.ninja/post/chong-studio/
Lapa Ninja (Post),Please Call Me Champ,STUDIO,,,https://cdn.lapa.ninja/assets/images/1x/pleasecallmechamp-thumb.jpg,https://www.lapa.ninja/post/pleasecallmechamp/
Lapa Ninja (Post),PlanetScale,DEVELOPMENT TOOLS,,,https://cdn.lapa.ninja/assets/images/1x/planetscale-3-thumb.jpg,https://www.lapa.ninja/post/planetscale-3/
Lapa Ninja (Post),Mainframe,TECHNOLOGY,,,https://cdn.lapa.ninja/assets/images/1x/mainframe-thumb.jpg,https://www.lapa.ninja/post/mainframe/
Lapa Ninja (Post),Clay Boan,PORTFOLIO,,,https://cdn.lapa.ninja/assets/images/1x/clayboan-2-thumb.jpg,https://www.lapa.ninja/post/clayboan-2/
Lapa Ninja (Post),F. MILLER,BEAUTY,,,https://cdn.lapa.ninja/assets/images/1x/fmillerskincare-2-thumb.jpg,https://www.lapa.ninja/post/fmillerskincare-2/
Lapa Ninja (Post),Hyperbolic,HARDWARE,,,https://cdn.lapa.ninja/assets/images/1x/hyperbolic-thumb.jpg,https://www.lapa.ninja/post/hyperbolic/
Lapa Ninja (Post),Reflection AI,ARTIFICIAL INTELLIGENCE,,,https://cdn.lapa.ninja/assets/images/1x/reflection-ai-thumb.jpg,https://www.lapa.ninja/post/reflection-ai/
Lapa Ninja (Post),Sol,WEARABLE,,,https://cdn.lapa.ninja/assets/images/1x/solreader-2-thumb.jpg,https://www.lapa.ninja/post/solreader-2/
Lapa Ninja (Post),Intents & Purposes,ECOMMERCE,,,https://cdn.lapa.ninja/assets/images/1x/intents-purposes-thumb.jpg,https://www.lapa.ninja/post/intents-purposes/
Lapa Ninja (Post),Haus,AGENCY,,,https://cdn.lapa.ninja/assets/images/1x/gohaus-thumb.jpg,https://www.lapa.ninja/post/gohaus/
Lapa Ninja (Post),Diego,PORTFOLIO,,,https://cdn.lapa.ninja/assets/images/1x/diegoliv-thumb.jpg,https://www.lapa.ninja/post/diegoliv/
Lapa Ninja (Post),Best Friend Finance,FINANCE,,,https://cdn.lapa.ninja/assets/images/1x/bestfriend-thumb.jpg,https://www.lapa.ninja/post/bestfriend/
Lapa Ninja (Post),Muse Studio,STUDIO,,,https://cdn.lapa.ninja/assets/images/1x/musestudio-thumb.jpg,https://www.lapa.ninja/post/musestudio/
Lapa Ninja (Post),Truus,AGENCY,,,https://cdn.lapa.ninja/assets/images/1x/truus-thumb.jpg,https://www.lapa.ninja/post/truus/
Lapa Ninja (Post),Speakeasy,DEVELOPMENT TOOLS,,,https://cdn.lapa.ninja/assets/images/1x/speakeasy-thumb.jpg,https://www.lapa.ninja/post/speakeasy/
Lapa Ninja (Post),Somefolk,AGENCY,,,https://cdn.lapa.ninja/assets/images/1x/somefolk-2-thumb.jpg,https://www.lapa.ninja/post/somefolk-2/
Lapa Ninja (Post),PRIMARY PAPER,PHOTOGRAPHY,,,https://cdn.lapa.ninja/assets/images/1x/primary-paper-thumb.jpg,https://www.lapa.ninja/post/primary-paper/
Lapa Ninja (Post),Devouring Details,EDUCATION,,,https://cdn.lapa.ninja/assets/images/1x/devouringdetails-thumb.jpg,https://www.lapa.ninja/post/devouringdetails/
Lapa Ninja (Post),Oscar Pecher,PORTFOLIO,,,https://cdn.lapa.ninja/assets/images/1x/oscarpecher-thumb.jpg,https://www.lapa.ninja/post/oscarpecher/
Lapa Ninja (Post),Gang,STUDIO,,,https://cdn.lapa.ninja/assets/images/1x/gang-tv-thumb.jpg,https://www.lapa.ninja/post/gang-tv/
Lapa Ninja (Post),No-Mercy,STUDIO,,,https://cdn.lapa.ninja/assets/images/1x/nomercy-thumb.jpg,https://www.lapa.ninja/post/nomercy/
Lapa Ninja (Post),Streamtime,PRODUCT MANAGEMENT,,,https://cdn.lapa.ninja/assets/images/1x/streamtime-thumb.jpg,https://www.lapa.ninja/post/streamtime/
Lapa Ninja (Post),Perplexity Comet,ARTIFICIAL INTELLIGENCE,,,https://cdn.lapa.ninja/assets/images/1x/perplexity-comet-thumb.jpg,https://www.lapa.ninja/post/perplexity-comet/
Lapa Ninja (Post),Example,AGENCY,,,https://cdn.lapa.ninja/assets/images/1x/weareexample-thumb.jpg,https://www.lapa.ninja/post/weareexample/
Lapa Ninja (Post),Storyboard Agency,AGENCY,,,https://cdn.lapa.ninja/assets/images/1x/storyboard-agency-thumb.jpg,https://www.lapa.ninja/post/storyboard-agency/
Lapa Ninja (Post),Daydream 1820,BEAUTY,,,https://cdn.lapa.ninja/assets/images/1x/daydream1820-thumb.jpg,https://www.lapa.ninja/post/daydream1820/
Lapa Ninja (Post),Unicorn.studio,DESIGN TOOLS,,,https://cdn.lapa.ninja/assets/images/1x/unicorn-2-thumb.jpg,https://www.lapa.ninja/post/unicorn-2/
Lapa Ninja (Post),All You Can,AGENCY,,,https://cdn.lapa.ninja/assets/images/1x/allyoucan-2-thumb.jpg,https://www.lapa.ninja/post/allyoucan-2/
Lapa Ninja (Post),Alone in New York,PHOTOGRAPHY,,,https://cdn.lapa.ninja/assets/images/1x/aloneinnewyork-thumb.jpg,https://www.lapa.ninja/post/aloneinnewyork/
Lapa Ninja (Post),Infinite Machine,AUTOMOTIVE,,,https://cdn.lapa.ninja/assets/images/1x/infinitemachine-2-thumb.jpg,https://www.lapa.ninja/post/infinitemachine-2/
Lapa Ninja (Post),Resend,SAAS,,,https://cdn.lapa.ninja/assets/images/1x/resend-2-thumb.jpg,https://www.lapa.ninja/post/resend-2/
Lapa Ninja (Post),Super Evil Genius Corp,AGENCY,,,https://cdn.lapa.ninja/assets/images/1x/superevilgeniuscorp-thumb.jpg,https://www.lapa.ninja/post/superevilgeniuscorp/
Lapa Ninja (Post),Design Beyond Barriers,EDUCATION,,,https://cdn.lapa.ninja/assets/images/1x/designbeyondbarriers-thumb.jpg,https://www.lapa.ninja/post/designbeyondbarriers/
Lapa Ninja (Post),Dia Browser,PRODUCTIVITY,,,https://cdn.lapa.ninja/assets/images/1x/diabrowser-thumb.jpg,https://www.lapa.ninja/post/diabrowser/
Lapa Ninja (Post),Detach,APP,,,https://cdn.lapa.ninja/assets/images/1x/detach-app-thumb.jpg,https://www.lapa.ninja/post/detach-app/
Lapa Ninja (Post),unwell,FOOD DRINKS,,,https://cdn.lapa.ninja/assets/images/1x/drinkunwell-thumb.jpg,https://www.lapa.ninja/post/drinkunwell/
Lapa Ninja (Post),Shelby,HOSTING,,,https://cdn.lapa.ninja/assets/images/1x/shelby-thumb.jpg,https://www.lapa.ninja/post/shelby/
Lapa Ninja (Post),Karim Saab,PORTFOLIO,,,https://cdn.lapa.ninja/assets/images/1x/karim-saab-thumb.jpg,https://www.lapa.ninja/post/karim-saab/
Lapa Ninja (Post),Jkane,PORTFOLIO,,,https://cdn.lapa.ninja/assets/images/1x/jkane-thumb.jpg,https://www.lapa.ninja/post/jkane/
Lapa Ninja (Post),@bitcoin,CRYPTOCURRENCY,,,https://cdn.lapa.ninja/assets/images/1x/atbitcoin-thumb.jpg,https://www.lapa.ninja/post/atbitcoin/
Lapa Ninja (Post),Adaline,ARTIFICIAL INTELLIGENCE,,,https://cdn.lapa.ninja/assets/images/1x/adaline-thumb.jpg,https://www.lapa.ninja/post/adaline/
Lapa Ninja (Post),Jasper,ARTIFICIAL INTELLIGENCE,,,https://cdn.lapa.ninja/assets/images/1x/jasper-2-thumb.jpg,https://www.lapa.ninja/post/jasper-2/
Lapa Ninja (Post),Bunsen Studio,STUDIO,,,https://cdn.lapa.ninja/assets/images/1x/bunsenstudio-3-thumb.jpg,https://www.lapa.ninja/post/bunsenstudio-3/
Lapa Ninja (Post),Visual Electric,ARTIFICIAL INTELLIGENCE,,,https://cdn.lapa.ninja/assets/images/1x/visualelectric-3-thumb.jpg,https://www.lapa.ninja/post/visualelectric-3/
Lapa Ninja (Post),Shed,AGENCY,,,https://cdn.lapa.ninja/assets/images/1x/shed-thumb.jpg,https://www.lapa.ninja/post/shed/
Lapa Ninja (Post),SuperHi.cv,BUSINESS,,,https://cdn.lapa.ninja/assets/images/1x/superhi-cv-thumb.jpg,https://www.lapa.ninja/post/superhi-cv/
Lapa Ninja (Post),Michael Brown,PORTFOLIO,,,https://cdn.lapa.ninja/assets/images/1x/mbrown-thumb.jpg,https://www.lapa.ninja/post/mbrown/
Lapa Ninja (Post),Dix Hectares,BEAUTY,,,https://cdn.lapa.ninja/assets/images/1x/dixhectares-thumb.jpg,https://www.lapa.ninja/post/dixhectares/
Lapa Ninja (Post),Emily Lonetto,PORTFOLIO,,,https://cdn.lapa.ninja/assets/images/1x/emilylonetto-thumb.jpg,https://www.lapa.ninja/post/emilylonetto/
Lapa Ninja (Post),ThreeTools,DESIGN TOOLS,,,https://cdn.lapa.ninja/assets/images/1x/three-tools-thumb.jpg,https://www.lapa.ninja/post/three-tools/
Lapa Ninja (Post),Fin,ARTIFICIAL INTELLIGENCE,,,https://cdn.lapa.ninja/assets/images/1x/fin-ai-thumb.jpg,https://www.lapa.ninja/post/fin-ai/
Lapa Ninja (Post),Radical Face,PORTFOLIO,,,https://cdn.lapa.ninja/assets/images/1x/radicalface-thumb.jpg,https://www.lapa.ninja/post/radicalface/
Lapa Ninja (Post),Jordan Rosenberg,PORTFOLIO,,,https://cdn.lapa.ninja/assets/images/1x/jordanrosenberg-thumb.jpg,https://www.lapa.ninja/post/jordanrosenberg/
Lapa Ninja (Post),Swift,DEVELOPMENT TOOLS,,,https://cdn.lapa.ninja/assets/images/1x/swift-thumb.jpg,https://www.lapa.ninja/post/swift/
Lapa Ninja (Post),kit:,BEAUTY,,,https://cdn.lapa.ninja/assets/images/1x/kitskinkind-thumb.jpg,https://www.lapa.ninja/post/kitskinkind/
Lapa Ninja (Post),Ngan Nguyen,PORTFOLIO,,,https://cdn.lapa.ninja/assets/images/1x/ngan-nguyen-thumb.jpg,https://www.lapa.ninja/post/ngan-nguyen/
Lapa Ninja (Post),Altitude Beverages,FOOD DRINKS,,,https://cdn.lapa.ninja/assets/images/1x/altitudebev-thumb.jpg,https://www.lapa.ninja/post/altitudebev/
Lapa Ninja (Post),Level Money,DEFI,,,https://cdn.lapa.ninja/assets/images/1x/level-money-thumb.jpg,https://www.lapa.ninja/post/level-money/
Lapa Ninja (Post),MakeReign,AGENCY,,,https://cdn.lapa.ninja/assets/images/1x/makereign-thumb.jpg,https://www.lapa.ninja/post/makereign/
Lapa Ninja (Post),OVNA OVICH,FASHION,,,https://cdn.lapa.ninja/assets/images/1x/ovnaovich-thumb.jpg,https://www.lapa.ninja/post/ovnaovich/
Lapa Ninja (Post),ONBOX,STUDIO,,,https://cdn.lapa.ninja/assets/images/1x/onboxcreative-thumb.jpg,https://www.lapa.ninja/post/onboxcreative/
Lapa Ninja (Post),TERMS,STUDIO,,,https://cdn.lapa.ninja/assets/images/1x/terms-thumb.jpg,https://www.lapa.ninja/post/terms/
Lapa Ninja (Post),AWE,ARTIFICIAL INTELLIGENCE,,,https://cdn.lapa.ninja/assets/images/1x/awenetwork-thumb.jpg,https://www.lapa.ninja/post/awenetwork/
Lapa Ninja (Post),Defiant,VENTURES,,,https://cdn.lapa.ninja/assets/images/1x/defiant-thumb.jpg,https://www.lapa.ninja/post/defiant/
Lapa Ninja (Post),Made With Gsap,DESIGN TOOLS,,,https://cdn.lapa.ninja/assets/images/1x/madewithgsap-thumb.jpg,https://www.lapa.ninja/post/madewithgsap/
Lapa Ninja (Post),Lué Studio,STUDIO,,,https://cdn.lapa.ninja/assets/images/1x/lue-thumb.jpg,https://www.lapa.ninja/post/lue/
Lapa Ninja (Post),Yolanta Birkhane,PHOTOGRAPHY,,,https://cdn.lapa.ninja/assets/images/1x/yolantabirkhane-thumb.jpg,https://www.lapa.ninja/post/yolantabirkhane/
Lapa Ninja (Post),Blackalgo,CRYPTOCURRENCY,,,https://cdn.lapa.ninja/assets/images/1x/blackalgo-thumb.jpg,https://www.lapa.ninja/post/blackalgo/
Lapa Ninja (Post),STEL,FASHION,,,https://cdn.lapa.ninja/assets/images/1x/stelstores-thumb.jpg,https://www.lapa.ninja/post/stelstores/
Lapa Ninja (Post),Letters,SAAS,,,https://cdn.lapa.ninja/assets/images/1x/letters-thumb.jpg,https://www.lapa.ninja/post/letters/
Lapa Ninja (Post),The Variable,AGENCY,,,https://cdn.lapa.ninja/assets/images/1x/thevariable-thumb.jpg,https://www.lapa.ninja/post/thevariable/
Lapa Ninja (Post),247PLUS,AGENCY,,,https://cdn.lapa.ninja/assets/images/1x/247plus-thumb.jpg,https://www.lapa.ninja/post/247plus/
Lapa Ninja (Post),Molly,STUDIO,,,https://cdn.lapa.ninja/assets/images/1x/molly-studio-thumb.jpg,https://www.lapa.ninja/post/molly-studio/
Lapa Ninja (Post),Drop,DEFI,,,https://cdn.lapa.ninja/assets/images/1x/drop-thumb.jpg,https://www.lapa.ninja/post/drop/
Lapa Ninja (Post),Wildy Riftian,PORTFOLIO,,,https://cdn.lapa.ninja/assets/images/1x/wildyriftian-thumb.jpg,https://www.lapa.ninja/post/wildyriftian/
Lapa Ninja (Post),Studio Three,STUDIO,,,https://cdn.lapa.ninja/assets/images/1x/three-studio-thumb.jpg,https://www.lapa.ninja/post/three-studio/
Lapa Ninja (Post),Meet Your Legend,COMMUNITY,,,https://cdn.lapa.ninja/assets/images/1x/meetyourlegend-thumb.jpg,https://www.lapa.ninja/post/meetyourlegend/
Lapa Ninja (Post),Face Formula,BEAUTY,,,https://cdn.lapa.ninja/assets/images/1x/faceformula-thumb.jpg,https://www.lapa.ninja/post/faceformula/
Lapa Ninja (Post),Coercive Control,EDUCATION,,,https://cdn.lapa.ninja/assets/images/1x/coercive-control-thumb.jpg,https://www.lapa.ninja/post/coercive-control/
Lapa Ninja (Post),Reform Collective,AGENCY,,,https://cdn.lapa.ninja/assets/images/1x/reformcollective-4-thumb.jpg,https://www.lapa.ninja/post/reformcollective-4/
Lapa Ninja (Post),Chicago Kare,TYPOGRAPHY,,,https://cdn.lapa.ninja/assets/images/1x/chicagokare-thumb.jpg,https://www.lapa.ninja/post/chicagokare/
Lapa Ninja (Post),LEOLEO Studio,STUDIO,,,https://cdn.lapa.ninja/assets/images/1x/leoleo-studio-2-thumb.jpg,https://www.lapa.ninja/post/leoleo-studio-2/
Lapa Ninja (Post),Seasoned,FOOD DRINKS,,,https://cdn.lapa.ninja/assets/images/1x/seasoned-thumb.jpg,https://www.lapa.ninja/post/seasoned/
Lapa Ninja (Post),Kindsight,TECHNOLOGY,,,https://cdn.lapa.ninja/assets/images/1x/kindsight-thumb.jpg,https://www.lapa.ninja/post/kindsight/
Lapa Ninja (Post),Astral Frontier,ILLUSTRATION,,,https://cdn.lapa.ninja/assets/images/1x/theastralfrontier-thumb.jpg,https://www.lapa.ninja/post/theastralfrontier/
Lapa Ninja (Post),FLORA,DESIGN TOOLS,,,https://cdn.lapa.ninja/assets/images/1x/florafauna-thumb.jpg,https://www.lapa.ninja/post/florafauna/
Lapa Ninja (Post),Firebase Studio,DEVELOPMENT TOOLS,,,https://cdn.lapa.ninja/assets/images/1x/firebase-2-thumb.jpg,https://www.lapa.ninja/post/firebase-2/
Lapa Ninja (Post),Charlie Osborne,PORTFOLIO,,,https://cdn.lapa.ninja/assets/images/1x/charlieosborne-2-thumb.jpg,https://www.lapa.ninja/post/charlieosborne-2/
Lapa Ninja (Post),Ranlus,STUDIO,,,https://cdn.lapa.ninja/assets/images/1x/ranlus-thumb.jpg,https://www.lapa.ninja/post/ranlus/
Lapa Ninja (Post),Mallard & Claret,AGENCY,,,https://cdn.lapa.ninja/assets/images/1x/mallardandclaret-thumb.jpg,https://www.lapa.ninja/post/mallardandclaret/
Lapa Ninja (Post),Jules,ARTIFICIAL INTELLIGENCE,,,https://cdn.lapa.ninja/assets/images/1x/jules-thumb.jpg,https://www.lapa.ninja/post/jules/
Lapa Ninja (Post),Jack McDade,PORTFOLIO,,,https://cdn.lapa.ninja/assets/images/1x/jackmcdade-thumb.jpg,https://www.lapa.ninja/post/jackmcdade/
Lapa Ninja (Post),Flow,ARTIFICIAL INTELLIGENCE,,,https://cdn.lapa.ninja/assets/images/1x/google-flow-thumb.jpg,https://www.lapa.ninja/post/google-flow/
Lapa Ninja (Post),dola,FASHION,,,https://cdn.lapa.ninja/assets/images/1x/thedola-thumb.jpg,https://www.lapa.ninja/post/thedola/
Lapa Ninja (Post),Distributional,ARTIFICIAL INTELLIGENCE,,,https://cdn.lapa.ninja/assets/images/1x/distributional-thumb.jpg,https://www.lapa.ninja/post/distributional/
Lapa Ninja (Post),JIDDO,FOOD DRINKS,,,https://cdn.lapa.ninja/assets/images/1x/jiddo-thumb.jpg,https://www.lapa.ninja/post/jiddo/
Lapa Ninja (Post),General Proximity,HEALTH FITNESS,,,https://cdn.lapa.ninja/assets/images/1x/generalproximity-thumb.jpg,https://www.lapa.ninja/post/generalproximity/
Lapa Ninja (Post),Moti,APP,,,https://cdn.lapa.ninja/assets/images/1x/motiapp-thumb.jpg,https://www.lapa.ninja/post/motiapp/
Lapa Ninja (Post),Doğukan Karapınar,PORTFOLIO,,,https://cdn.lapa.ninja/assets/images/1x/doughkan-thumb.jpg,https://www.lapa.ninja/post/doughkan/
Lapa Ninja (Post),Joi Planner,APP,,,https://cdn.lapa.ninja/assets/images/1x/joi-thumb.jpg,https://www.lapa.ninja/post/joi/
Lapa Ninja (Post),Cassette,MUSIC,,,https://cdn.lapa.ninja/assets/images/1x/cassettemusic-thumb.jpg,https://www.lapa.ninja/post/cassettemusic/
Lapa Ninja (Post),Amaterasu,HEALTH FITNESS,,,https://cdn.lapa.ninja/assets/images/1x/amaterasu-thumb.jpg,https://www.lapa.ninja/post/amaterasu/
Lapa Ninja (Post),Onboard,FINTECH,,,https://cdn.lapa.ninja/assets/images/1x/onboard-thumb.jpg,https://www.lapa.ninja/post/onboard/
Lapa Ninja (Post),STUDIO HERRSTRÖM,STUDIO,,,https://cdn.lapa.ninja/assets/images/1x/studioherrstrom-2-thumb.jpg,https://www.lapa.ninja/post/studioherrstrom-2/
Lapa Ninja (Post),Daniella Marynov,PORTFOLIO,,,https://cdn.lapa.ninja/assets/images/1x/hellodani-thumb.jpg,https://www.lapa.ninja/post/hellodani/
Lapa Ninja (Post),SVZ,STUDIO,,,https://cdn.lapa.ninja/assets/images/1x/svz-2-thumb.jpg,https://www.lapa.ninja/post/svz-2/
Lapa Ninja (Post),YOU=US,CORPORATE,,,https://cdn.lapa.ninja/assets/images/1x/destigmatize-thumb.jpg,https://www.lapa.ninja/post/destigmatize/
Lapa Ninja (Post),Bisou Gallery,ART,,,https://cdn.lapa.ninja/assets/images/1x/bisougallery-thumb.jpg,https://www.lapa.ninja/post/bisougallery/
Lapa Ninja (Post),Ada,ARTIFICIAL INTELLIGENCE,,,https://cdn.lapa.ninja/assets/images/1x/ada-thumb.jpg,https://www.lapa.ninja/post/ada/
Lapa Ninja (Post),Fine Thought,PORTFOLIO,,,https://cdn.lapa.ninja/assets/images/1x/finethought-thumb.jpg,https://www.lapa.ninja/post/finethought/
Lapa Ninja (Post),Your Creative,AGENCY,,,https://cdn.lapa.ninja/assets/images/1x/yourcreative-thumb.jpg,https://www.lapa.ninja/post/yourcreative/
Lapa Ninja (Post),Amelia Wattenberger,PORTFOLIO,,,https://cdn.lapa.ninja/assets/images/1x/wattenberger-2-thumb.jpg,https://www.lapa.ninja/post/wattenberger-2/
Lapa Ninja (Post),Clue Perfumery,BEAUTY,,,https://cdn.lapa.ninja/assets/images/1x/clueperfumery-thumb.jpg,https://www.lapa.ninja/post/clueperfumery/
Lapa Ninja (Post),Slite,ARTIFICIAL INTELLIGENCE,,,https://cdn.lapa.ninja/assets/images/1x/slite-7-thumb.jpg,https://www.lapa.ninja/post/slite-7/
Lapa Ninja (Post),Devin,ARTIFICIAL INTELLIGENCE,,,https://cdn.lapa.ninja/assets/images/1x/devin-thumb.jpg,https://www.lapa.ninja/post/devin/
Lapa Ninja (Post),Mesh Architects,ARCHITECTURE,,,https://cdn.lapa.ninja/assets/images/1x/mesharchitects-thumb.jpg,https://www.lapa.ninja/post/mesharchitects/
Lapa Ninja (Post),Glow Finance,DEFI,,,https://cdn.lapa.ninja/assets/images/1x/glowfinance-thumb.jpg,https://www.lapa.ninja/post/glowfinance/
Lapa Ninja (Post),Hugo Baron,PORTFOLIO,,,https://cdn.lapa.ninja/assets/images/1x/nuageboi-thumb.jpg,https://www.lapa.ninja/post/nuageboi/
Lapa Ninja (Post),Lightship,AUTOMOTIVE,,,https://cdn.lapa.ninja/assets/images/1x/lightshiprv-thumb.jpg,https://www.lapa.ninja/post/lightshiprv/
Lapa Ninja (Post),Midlife Engineering,HARDWARE,,,https://cdn.lapa.ninja/assets/images/1x/midlife-engineering-thumb.jpg,https://www.lapa.ninja/post/midlife-engineering/
Lapa Ninja (Post),Valio Con 2025,EVENT,,,https://cdn.lapa.ninja/assets/images/1x/valiocon-thumb.jpg,https://www.lapa.ninja/post/valiocon/
Lapa Ninja (Post),SOMAREALITY,HEALTH FITNESS,,,https://cdn.lapa.ninja/assets/images/1x/somareality-thumb.jpg,https://www.lapa.ninja/post/somareality/
Lapa Ninja (Post),WØRKS,AGENCY,,,https://cdn.lapa.ninja/assets/images/1x/works-studio-2-thumb.jpg,https://www.lapa.ninja/post/works-studio-2/
Lapa Ninja (Post),Bulletproof,AGENCY,,,https://cdn.lapa.ninja/assets/images/1x/wearebulletproof-2-thumb.jpg,https://www.lapa.ninja/post/wearebulletproof-2/
Lapa Ninja (Post),DocTocToc,HEALTH FITNESS,,,https://cdn.lapa.ninja/assets/images/1x/doctoctoc-thumb.jpg,https://www.lapa.ninja/post/doctoctoc/
Lapa Ninja (Post),Eva Sánchez,PORTFOLIO,,,https://cdn.lapa.ninja/assets/images/1x/evasanchez-thumb.jpg,https://www.lapa.ninja/post/evasanchez/
Lapa Ninja (Post),Tomas Kmet,PORTFOLIO,,,https://cdn.lapa.ninja/assets/images/1x/tomaskmet-thumb.jpg,https://www.lapa.ninja/post/tomaskmet/
Lapa Ninja (Post),3200 Kelvin,STUDIO,,,https://cdn.lapa.ninja/assets/images/1x/3200kelvin-thumb.jpg,https://www.lapa.ninja/post/3200kelvin/
Lapa Ninja (Post),Helmut Agency,AGENCY,,,https://cdn.lapa.ninja/assets/images/1x/helmutagency-thumb.jpg,https://www.lapa.ninja/post/helmutagency/
Lapa Ninja (Post),Atoll Digital,AGENCY,,,https://cdn.lapa.ninja/assets/images/1x/atolldigital-thumb.jpg,https://www.lapa.ninja/post/atolldigital/
Lapa Ninja (Post),Matre,HOME LIVING,,,https://cdn.lapa.ninja/assets/images/1x/matre-thumb.jpg,https://www.lapa.ninja/post/matre/
Lapa Ninja (Post),Infinite Machine,ECOMMERCE,,,https://cdn.lapa.ninja/assets/images/1x/infinitemachine-thumb.jpg,https://www.lapa.ninja/post/infinitemachine/
Lapa Ninja (Post),Rabbits Black,AGENCY,,,https://cdn.lapa.ninja/assets/images/1x/rabbitsblack-thumb.jpg,https://www.lapa.ninja/post/rabbitsblack/
Lapa Ninja (Post),Mews FM,EVENT,,,https://cdn.lapa.ninja/assets/images/1x/mews-fm-thumb.jpg,https://www.lapa.ninja/post/mews-fm/
Lapa Ninja (Post),Sunny Bonnell,PORTFOLIO,,,https://cdn.lapa.ninja/assets/images/1x/sunnybonnell-thumb.jpg,https://www.lapa.ninja/post/sunnybonnell/
Lapa Ninja (Post),State of AI Agents,EDUCATION,,,https://cdn.lapa.ninja/assets/images/1x/state-of-ai-agents-thumb.jpg,https://www.lapa.ninja/post/state-of-ai-agents/
Lapa Ninja (Post),Pop Site,SAAS,,,https://cdn.lapa.ninja/assets/images/1x/pop-site-thumb.jpg,https://www.lapa.ninja/post/pop-site/
Lapa Ninja (Post),Drewl,AGENCY,,,https://cdn.lapa.ninja/assets/images/1x/drewl-thumb.jpg,https://www.lapa.ninja/post/drewl/
Lapa Ninja (Post),Clear Street,FINANCE,,,https://cdn.lapa.ninja/assets/images/1x/clearstreet-thumb.jpg,https://www.lapa.ninja/post/clearstreet/
Lapa Ninja (Post),CRI,FURNITURE INTERIORS,,,https://cdn.lapa.ninja/assets/images/1x/cri-sf-thumb.jpg,https://www.lapa.ninja/post/cri-sf/
Lapa Ninja (Post),Ko-fi,FINTECH,,,https://cdn.lapa.ninja/assets/images/1x/ko-fi-3-thumb.jpg,https://www.lapa.ninja/post/ko-fi-3/
Lapa Ninja (Post),Emre Kayganaci,PORTFOLIO,,,https://cdn.lapa.ninja/assets/images/1x/emrekayganaci-2-thumb.jpg,https://www.lapa.ninja/post/emrekayganaci-2/
Lapa Ninja (Post),Voicenotes,APP,,,https://cdn.lapa.ninja/assets/images/1x/voicenotes-thumb.jpg,https://www.lapa.ninja/post/voicenotes/
Lapa Ninja (Post),Viewport,DESIGN TOOLS,,,https://cdn.lapa.ninja/assets/images/1x/viewport-thumb.jpg,https://www.lapa.ninja/post/viewport/
Lapa Ninja (Post),Casa Lunara,FASHION,,,https://cdn.lapa.ninja/assets/images/1x/casa-lunara-thumb.jpg,https://www.lapa.ninja/post/casa-lunara/
Lapa Ninja (Post),Caldera,CRYPTOCURRENCY,,,https://cdn.lapa.ninja/assets/images/1x/caldera-thumb.jpg,https://www.lapa.ninja/post/caldera/
Lapa Ninja (Post),Amie,PRODUCTIVITY,,,https://cdn.lapa.ninja/assets/images/1x/amie-3-thumb.jpg,https://www.lapa.ninja/post/amie-3/
Lapa Ninja (Post),Pizzatoits,BUSINESS,,,https://cdn.lapa.ninja/assets/images/1x/pizzatoits-thumb.jpg,https://www.lapa.ninja/post/pizzatoits/
Lapa Ninja (Post),Gamma,ARTIFICIAL INTELLIGENCE,,,https://cdn.lapa.ninja/assets/images/1x/gamma-2-thumb.jpg,https://www.lapa.ninja/post/gamma-2/
Lapa Ninja (Post),M.Fisher,PORTFOLIO,,,https://cdn.lapa.ninja/assets/images/1x/mfisher-3-thumb.jpg,https://www.lapa.ninja/post/mfisher-3/
Lapa Ninja (Post),Yummygum,AGENCY,,,https://cdn.lapa.ninja/assets/images/1x/yummygum-3-thumb.jpg,https://www.lapa.ninja/post/yummygum-3/
Lapa Ninja (Post),Jitter,DESIGN TOOLS,,,https://cdn.lapa.ninja/assets/images/1x/jitter-2-thumb.jpg,https://www.lapa.ninja/post/jitter-2/
Lapa Ninja (Post),Purpose Talent,ILLUSTRATION,,,https://cdn.lapa.ninja/assets/images/1x/purposetalent-thumb.jpg,https://www.lapa.ninja/post/purposetalent/
Lapa Ninja (Post),Odinaut,FREELANCE,,,https://cdn.lapa.ninja/assets/images/1x/odinaut-thumb.jpg,https://www.lapa.ninja/post/odinaut/
Lapa Ninja (Post),Heyo,AGENCY,,,https://cdn.lapa.ninja/assets/images/1x/heyo-2-thumb.jpg,https://www.lapa.ninja/post/heyo-2/
Lapa Ninja (Post),GRAPHICHUNTERS,STUDIO,,,https://cdn.lapa.ninja/assets/images/1x/graphichunters-thumb.jpg,https://www.lapa.ninja/post/graphichunters/
Lapa Ninja (Post),BOND,CORPORATE,,,https://cdn.lapa.ninja/assets/images/1x/thisisbond-thumb.jpg,https://www.lapa.ninja/post/thisisbond/
Lapa Ninja (Post),Heynds,SAAS,,,https://cdn.lapa.ninja/assets/images/1x/heynds-thumb.jpg,https://www.lapa.ninja/post/heynds/
Lapa Ninja (Post),Micro,SAAS,,,https://cdn.lapa.ninja/assets/images/1x/micro-thumb.jpg,https://www.lapa.ninja/post/micro/
Lapa Ninja (Post),From Scratch,STUDIO,,,https://cdn.lapa.ninja/assets/images/1x/fromscratch-thumb.jpg,https://www.lapa.ninja/post/fromscratch/
Lapa Ninja (Post),Diana's Seafood,FOOD DRINKS,,,https://cdn.lapa.ninja/assets/images/1x/dianasseafood-thumb.jpg,https://www.lapa.ninja/post/dianasseafood/
Lapa Ninja (Post),Entreautre,AGENCY,,,https://cdn.lapa.ninja/assets/images/1x/entreautre-thumb.jpg,https://www.lapa.ninja/post/entreautre/
Lapa Ninja (Post),Oleg Coada,PORTFOLIO,,,https://cdn.lapa.ninja/assets/images/1x/olegcoada-thumb.jpg,https://www.lapa.ninja/post/olegcoada/
Lapa Ninja (Post),Magical Toys,ECOMMERCE,,,https://cdn.lapa.ninja/assets/images/1x/magicaltoys-thumb.jpg,https://www.lapa.ninja/post/magicaltoys/
Lapa Ninja (Post),Sublime,PRODUCTIVITY,,,https://cdn.lapa.ninja/assets/images/1x/sublime-thumb.jpg,https://www.lapa.ninja/post/sublime/
Lapa Ninja (Post),TrueKind,BEAUTY,,,https://cdn.lapa.ninja/assets/images/1x/truekindskincare-thumb.jpg,https://www.lapa.ninja/post/truekindskincare/
Lapa Ninja (Post),Cap,SAAS,,,https://cdn.lapa.ninja/assets/images/1x/cap-2-thumb.jpg,https://www.lapa.ninja/post/cap-2/
Lapa Ninja (Post),makeover,STUDIO,,,https://cdn.lapa.ninja/assets/images/1x/makeover-thumb.jpg,https://www.lapa.ninja/post/makeover/
Lapa Ninja (Post),Trawelt,BUSINESS,,,https://cdn.lapa.ninja/assets/images/1x/trawelt-thumb.jpg,https://www.lapa.ninja/post/trawelt/
Lapa Ninja (Post),The Playa,BUSINESS,,,https://cdn.lapa.ninja/assets/images/1x/theplaya-thumb.jpg,https://www.lapa.ninja/post/theplaya/
Lapa Ninja (Post),J-Vers,3D WEBSITES,,,https://cdn.lapa.ninja/assets/images/1x/j-vers-thumb.jpg,https://www.lapa.ninja/post/j-vers/
Lapa Ninja (Post),Proper Prompts,ARTIFICIAL INTELLIGENCE,,,https://cdn.lapa.ninja/assets/images/1x/properprompts-thumb.jpg,https://www.lapa.ninja/post/properprompts/
Lapa Ninja (Post),Gander,STUDIO,,,https://cdn.lapa.ninja/assets/images/1x/takeagander-thumb.jpg,https://www.lapa.ninja/post/takeagander/
Lapa Ninja (Post),Fishs Eddy,FOOD DRINKS,,,https://cdn.lapa.ninja/assets/images/1x/fishseddy-thumb.jpg,https://www.lapa.ninja/post/fishseddy/
Lapa Ninja (Post),Matthieu Renaut,PORTFOLIO,,,https://cdn.lapa.ninja/assets/images/1x/matthieurenaut-thumb.jpg,https://www.lapa.ninja/post/matthieurenaut/
Lapa Ninja (Post),Daybreak Studio,STUDIO,,,https://cdn.lapa.ninja/assets/images/1x/daybreak-2-thumb.jpg,https://www.lapa.ninja/post/daybreak-2/
Lapa Ninja (Post),Lumen Artspace,CULTURE,,,https://cdn.lapa.ninja/assets/images/1x/lumenartspace-thumb.jpg,https://www.lapa.ninja/post/lumenartspace/
Lapa Ninja (Post),Cloudflare Agents,ARTIFICIAL INTELLIGENCE,,,https://cdn.lapa.ninja/assets/images/1x/cloudflare-agents-thumb.jpg,https://www.lapa.ninja/post/cloudflare-agents/
Lapa Ninja (Post),REJOUICE,AGENCY,,,https://cdn.lapa.ninja/assets/images/1x/rejouice-3-thumb.jpg,https://www.lapa.ninja/post/rejouice-3/
Lapa Ninja (Post),Scribe,HEALTH FITNESS,,,https://cdn.lapa.ninja/assets/images/1x/scribetx-thumb.jpg,https://www.lapa.ninja/post/scribetx/
Lapa Ninja (Post),Vapi,ARTIFICIAL INTELLIGENCE,,,https://cdn.lapa.ninja/assets/images/1x/vapi-thumb.jpg,https://www.lapa.ninja/post/vapi/
Lapa Ninja (Post),Jack’s Best,ECOMMERCE,,,https://cdn.lapa.ninja/assets/images/1x/jacksbest-thumb.jpg,https://www.lapa.ninja/post/jacksbest/
Lapa Ninja (Post),TIWD,EDUCATION,,,https://cdn.lapa.ninja/assets/images/1x/tiwd-thumb.jpg,https://www.lapa.ninja/post/tiwd/
Lapa Ninja (Post),Deta Surf,PRODUCTIVITY,,,https://cdn.lapa.ninja/assets/images/1x/deta-thumb.jpg,https://www.lapa.ninja/post/deta/
Lapa Ninja (Post),theprocess,PORTFOLIO,,,https://cdn.lapa.ninja/assets/images/1x/carlhauser-2-thumb.jpg,https://www.lapa.ninja/post/carlhauser-2/
Lapa Ninja (Post),Irys,BLOCKCHAIN,,,https://cdn.lapa.ninja/assets/images/1x/irys-thumb.jpg,https://www.lapa.ninja/post/irys/
Lapa Ninja (Post),La Petite Jumelle,PRODUCT,,,https://cdn.lapa.ninja/assets/images/1x/lapetitejumelle-thumb.jpg,https://www.lapa.ninja/post/lapetitejumelle/
Lapa Ninja (Post),OFF MENU,AGENCY,,,https://cdn.lapa.ninja/assets/images/1x/offmenu-2-thumb.jpg,https://www.lapa.ninja/post/offmenu-2/
Lapa Ninja (Post),Freewrite Valentine,HARDWARE,,,https://cdn.lapa.ninja/assets/images/1x/getfreewrite-thumb.jpg,https://www.lapa.ninja/post/getfreewrite/
Lapa Ninja (Post),Oliver Gareis,PORTFOLIO,,,https://cdn.lapa.ninja/assets/images/1x/olivergareis-thumb.jpg,https://www.lapa.ninja/post/olivergareis/
Lapa Ninja (Post),Luma AI,ARTIFICIAL INTELLIGENCE,,,https://cdn.lapa.ninja/assets/images/1x/lumalabs-thumb.jpg,https://www.lapa.ninja/post/lumalabs/
Lapa Ninja (Post),Toca Boca,GAME,,,https://cdn.lapa.ninja/assets/images/1x/tocaboca-thumb.jpg,https://www.lapa.ninja/post/tocaboca/
Lapa Ninja (Post),Elegant Seagulls,AGENCY,,,https://cdn.lapa.ninja/assets/images/1x/elegantseagulls-3-thumb.jpg,https://www.lapa.ninja/post/elegantseagulls-3/
Lapa Ninja (Post),BATCH,FILM,,,https://cdn.lapa.ninja/assets/images/1x/batch-thumb.jpg,https://www.lapa.ninja/post/batch/
Lapa Ninja (Post),Acctual,SAAS,,,https://cdn.lapa.ninja/assets/images/1x/acctual-2-thumb.jpg,https://www.lapa.ninja/post/acctual-2/
Lapa Ninja (Post),Manuel Tocanne,PORTFOLIO,,,https://cdn.lapa.ninja/assets/images/1x/manueltocanne-thumb.jpg,https://www.lapa.ninja/post/manueltocanne/
Lapa Ninja (Post),MEK.txt,PORTFOLIO,,,https://cdn.lapa.ninja/assets/images/1x/mek-thumb.jpg,https://www.lapa.ninja/post/mek/
Lapa Ninja (Post),THE1,ARCHITECTURE,,,https://cdn.lapa.ninja/assets/images/1x/the1-thumb.jpg,https://www.lapa.ninja/post/the1/
Lapa Ninja (Post),Portal,AGENCY,,,https://cdn.lapa.ninja/assets/images/1x/portal-thumb.jpg,https://www.lapa.ninja/post/portal/
Lapa Ninja (Post),Default,SAAS,,,https://cdn.lapa.ninja/assets/images/1x/default-thumb.jpg,https://www.lapa.ninja/post/default/
Lapa Ninja (Post),Obscura VPN,SAAS,,,https://cdn.lapa.ninja/assets/images/1x/obscura-thumb.jpg,https://www.lapa.ninja/post/obscura/
Lapa Ninja (Post),BLOOM.,AGENCY,,,https://cdn.lapa.ninja/assets/images/1x/bloomparis-thumb.jpg,https://www.lapa.ninja/post/bloomparis/
Lapa Ninja (Post),Maeve Chocolate,ECOMMERCE,,,https://cdn.lapa.ninja/assets/images/1x/maevechocolate-thumb.jpg,https://www.lapa.ninja/post/maevechocolate/
Lapa Ninja (Post),Cortical Labs,HARDWARE,,,https://cdn.lapa.ninja/assets/images/1x/corticallabs-thumb.jpg,https://www.lapa.ninja/post/corticallabs/
Lapa Ninja (Post),Crappy Presentation,AGENCY,,,https://cdn.lapa.ninja/assets/images/1x/crappypresentations-thumb.jpg,https://www.lapa.ninja/post/crappypresentations/
Lapa Ninja (Post),Edu Carrillo,PORTFOLIO,,,https://cdn.lapa.ninja/assets/images/1x/educarrillo-thumb.jpg,https://www.lapa.ninja/post/educarrillo/
Lapa Ninja (Post),Clay,SAAS,,,https://cdn.lapa.ninja/assets/images/1x/clay-com-2-thumb.jpg,https://www.lapa.ninja/post/clay-com-2/
Lapa Ninja (Post),TOBACCO Theater,ENTERTAINMENT,,,https://cdn.lapa.ninja/assets/images/1x/tobaccotheater-thumb.jpg,https://www.lapa.ninja/post/tobaccotheater/
Lapa Ninja (Post),Photoncycle,HOME LIVING,,,https://cdn.lapa.ninja/assets/images/1x/photoncycle-thumb.jpg,https://www.lapa.ninja/post/photoncycle/
Lapa Ninja (Post),Eclo Beauty,BEAUTY,,,https://cdn.lapa.ninja/assets/images/1x/eclobeauty-thumb.jpg,https://www.lapa.ninja/post/eclobeauty/
Lapa Ninja (Post),Tripletta,FOOD DRINKS,,,https://cdn.lapa.ninja/assets/images/1x/triplettapizza-thumb.jpg,https://www.lapa.ninja/post/triplettapizza/
Lapa Ninja (Post),ERLY,BEAUTY,,,https://cdn.lapa.ninja/assets/images/1x/itserly-thumb.jpg,https://www.lapa.ninja/post/itserly/
Lapa Ninja (Post),Paper Design,DESIGN TOOLS,,,https://cdn.lapa.ninja/assets/images/1x/paper-design-thumb.jpg,https://www.lapa.ninja/post/paper-design/
Lapa Ninja (Post),McALPINE,HOME LIVING,,,https://cdn.lapa.ninja/assets/images/1x/mcalpinehouse-thumb.jpg,https://www.lapa.ninja/post/mcalpinehouse/
Lapa Ninja (Post),Making Software,EDUCATION,,,https://cdn.lapa.ninja/assets/images/1x/makingsoftware-thumb.jpg,https://www.lapa.ninja/post/makingsoftware/
Lapa Ninja (Post),The Banshies,MUSIC,,,https://cdn.lapa.ninja/assets/images/1x/thebanshies-thumb.jpg,https://www.lapa.ninja/post/thebanshies/
Lapa Ninja (Post),Rocco Barbaro,PORTFOLIO,,,https://cdn.lapa.ninja/assets/images/1x/roccobarbaro-thumb.jpg,https://www.lapa.ninja/post/roccobarbaro/
Lapa Ninja (Post),Zenwood,STUDIO,,,https://cdn.lapa.ninja/assets/images/1x/zenwood-thumb.jpg,https://www.lapa.ninja/post/zenwood/
Lapa Ninja (Post),Mees Verberne,PORTFOLIO,,,https://cdn.lapa.ninja/assets/images/1x/meesverberne-thumb.jpg,https://www.lapa.ninja/post/meesverberne/
Lapa Ninja (Post),Color Monkey,OUTDOORS TRAVEL,,,https://cdn.lapa.ninja/assets/images/1x/color-monkey-thumb.jpg,https://www.lapa.ninja/post/color-monkey/
Lapa Ninja (Post),Flipside,BLOCKCHAIN,,,https://cdn.lapa.ninja/assets/images/1x/flipsidecrypto-thumb.jpg,https://www.lapa.ninja/post/flipsidecrypto/
Lapa Ninja (Post),Sania Saleh,PORTFOLIO,,,https://cdn.lapa.ninja/assets/images/1x/sania-thumb.jpg,https://www.lapa.ninja/post/sania/
Lapa Ninja (Post),Starhaven,ILLUSTRATION,,,https://cdn.lapa.ninja/assets/images/1x/starhaven-thumb.jpg,https://www.lapa.ninja/post/starhaven/
Lapa Ninja (Post),Few and Far,AGENCY,,,https://cdn.lapa.ninja/assets/images/1x/fewandfar-thumb.jpg,https://www.lapa.ninja/post/fewandfar/
Lapa Ninja (Post),Paul Macgregor,PORTFOLIO,,,https://cdn.lapa.ninja/assets/images/1x/works-thumb.jpg,https://www.lapa.ninja/post/works/
Lapa Ninja (Post),Background Noise,AGENCY,,,https://cdn.lapa.ninja/assets/images/1x/backgroundnoise-thumb.jpg,https://www.lapa.ninja/post/backgroundnoise/
Lapa Ninja (Post),Off-Menu,STUDIO,,,https://cdn.lapa.ninja/assets/images/1x/off-menu-2-thumb.jpg,https://www.lapa.ninja/post/off-menu-2/
Lapa Ninja (Post),Willy Brauner,PORTFOLIO,,,https://cdn.lapa.ninja/assets/images/1x/willybrauner-thumb.jpg,https://www.lapa.ninja/post/willybrauner/
Lapa Ninja (Post),Telepathic Instruments,ECOMMERCE,,,https://cdn.lapa.ninja/assets/images/1x/telepathicinstruments-thumb.jpg,https://www.lapa.ninja/post/telepathicinstruments/
Lapa Ninja (Post),Family Style,AGENCY,,,https://cdn.lapa.ninja/assets/images/1x/wearefamilystyle-2-thumb.jpg,https://www.lapa.ninja/post/wearefamilystyle-2/
Lapa Ninja (Post),Rendezvous Barbers,LIFESTYLE,,,https://cdn.lapa.ninja/assets/images/1x/myrendezvous-thumb.jpg,https://www.lapa.ninja/post/myrendezvous/
Lapa Ninja (Post),Founders Future,VENTURES,,,https://cdn.lapa.ninja/assets/images/1x/foundersfuture-thumb.jpg,https://www.lapa.ninja/post/foundersfuture/
Lapa Ninja (Post),PAISANA,STUDIO,,,https://cdn.lapa.ninja/assets/images/1x/paisana-thumb.jpg,https://www.lapa.ninja/post/paisana/
Lapa Ninja (Post),Katrine Pil,PORTFOLIO,,,https://cdn.lapa.ninja/assets/images/1x/katrinepil-thumb.jpg,https://www.lapa.ninja/post/katrinepil/
Lapa Ninja (Post),Ocean,MUSIC,,,https://cdn.lapa.ninja/assets/images/1x/oceanldn-thumb.jpg,https://www.lapa.ninja/post/oceanldn/
Lapa Ninja (Post),Yellow Fellow,STUDIO,,,https://cdn.lapa.ninja/assets/images/1x/yellowfellow-thumb.jpg,https://www.lapa.ninja/post/yellowfellow/
Lapa Ninja (Post),David Ukauwa,PORTFOLIO,,,https://cdn.lapa.ninja/assets/images/1x/commissioner-thumb.jpg,https://www.lapa.ninja/post/commissioner/
Lapa Ninja (Post),ID—C,STUDIO,,,https://cdn.lapa.ninja/assets/images/1x/id-c-thumb.jpg,https://www.lapa.ninja/post/id-c/
Lapa Ninja (Post),Raad,BUSINESS,,,https://cdn.lapa.ninja/assets/images/1x/raad-thumb.jpg,https://www.lapa.ninja/post/raad/
Lapa Ninja (Post),People Made Machines,STUDIO,,,https://cdn.lapa.ninja/assets/images/1x/peoplemademachines-thumb.jpg,https://www.lapa.ninja/post/peoplemademachines/
Lapa Ninja (Post),Lil Frog,ILLUSTRATION,,,https://cdn.lapa.ninja/assets/images/1x/lilfrogeth-thumb.jpg,https://www.lapa.ninja/post/lilfrogeth/
Lapa Ninja (Post),exactly.ai,ARTIFICIAL INTELLIGENCE,,,https://cdn.lapa.ninja/assets/images/1x/exactly-ai-thumb.jpg,https://www.lapa.ninja/post/exactly-ai/
Lapa Ninja (Post),Pasha Ink,PORTFOLIO,,,https://cdn.lapa.ninja/assets/images/1x/pashaink-thumb.jpg,https://www.lapa.ninja/post/pashaink/
Lapa Ninja (Post),Alpine Bio,BUSINESS,,,https://cdn.lapa.ninja/assets/images/1x/alpbio-thumb.jpg,https://www.lapa.ninja/post/alpbio/
Lapa Ninja (Post),Plaid,FINTECH,,,https://cdn.lapa.ninja/assets/images/1x/plaid-2-thumb.jpg,https://www.lapa.ninja/post/plaid-2/
Lapa Ninja (Post),By Matthew,BOOK,,,https://cdn.lapa.ninja/assets/images/1x/bymatthew-thumb.jpg,https://www.lapa.ninja/post/bymatthew/
Lapa Ninja (Post),Rerun,OPEN SOURCE,,,https://cdn.lapa.ninja/assets/images/1x/rerun-thumb.jpg,https://www.lapa.ninja/post/rerun/
Lapa Ninja (Post),Theseus,TECHNOLOGY,,,https://cdn.lapa.ninja/assets/images/1x/theseus-thumb.jpg,https://www.lapa.ninja/post/theseus/
Lapa Ninja (Post),Incention,BUSINESS,,,https://cdn.lapa.ninja/assets/images/1x/incention-thumb.jpg,https://www.lapa.ninja/post/incention/
Lapa Ninja (Post),Yolo,BUSINESS,,,https://cdn.lapa.ninja/assets/images/1x/yolo-thumb.jpg,https://www.lapa.ninja/post/yolo/
Lapa Ninja (Post),Ridiculous Design,STUDIO,,,https://cdn.lapa.ninja/assets/images/1x/ridiculous-thumb.jpg,https://www.lapa.ninja/post/ridiculous/
Lapa Ninja (Post),Vibrant,HEALTH FITNESS,,,https://cdn.lapa.ninja/assets/images/1x/vibrantpractice-thumb.jpg,https://www.lapa.ninja/post/vibrantpractice/
Lapa Ninja (Post),Framer Studio,STUDIO,,,https://cdn.lapa.ninja/assets/images/1x/framer-studio-thumb.jpg,https://www.lapa.ninja/post/framer-studio/
Lapa Ninja (Post),Sato Eyewear,ECOMMERCE,,,https://cdn.lapa.ninja/assets/images/1x/sato-eyewear-thumb.jpg,https://www.lapa.ninja/post/sato-eyewear/
Lapa Ninja (Post),Literary Sport,ECOMMERCE,,,https://cdn.lapa.ninja/assets/images/1x/literarysport-thumb.jpg,https://www.lapa.ninja/post/literarysport/
Lapa Ninja (Post),Basedash,ARTIFICIAL INTELLIGENCE,,,https://cdn.lapa.ninja/assets/images/1x/basedash-thumb.jpg,https://www.lapa.ninja/post/basedash/
Lapa Ninja (Post),Henri Heymans,PORTFOLIO,,,https://cdn.lapa.ninja/assets/images/1x/henriheymans-2-thumb.jpg,https://www.lapa.ninja/post/henriheymans-2/
Lapa Ninja (Post),Emmpo,CREATIVE,,,https://cdn.lapa.ninja/assets/images/1x/emmpo-thumb.jpg,https://www.lapa.ninja/post/emmpo/
Lapa Ninja (Post),Tana,PRODUCTIVITY,,,https://cdn.lapa.ninja/assets/images/1x/tana-2-thumb.jpg,https://www.lapa.ninja/post/tana-2/
Lapa Ninja (Post),Johanna Arrieta,PORTFOLIO,,,https://cdn.lapa.ninja/assets/images/1x/johannadarrieta-thumb.jpg,https://www.lapa.ninja/post/johannadarrieta/
Lapa Ninja (Post),Hardik Bhansali,PORTFOLIO,,,https://cdn.lapa.ninja/assets/images/1x/hardikbhansali-thumb.jpg,https://www.lapa.ninja/post/hardikbhansali/
Lapa Ninja (Post),Craft 3,PRODUCTIVITY,,,https://cdn.lapa.ninja/assets/images/1x/craft-do-3-thumb.jpg,https://www.lapa.ninja/post/craft-do-3/
Lapa Ninja (Post),Daisy AI,ARTIFICIAL INTELLIGENCE,,,https://cdn.lapa.ninja/assets/images/1x/hidaisy-thumb.jpg,https://www.lapa.ninja/post/hidaisy/
Lapa Ninja (Post),Orchestra,CORPORATE,,,https://cdn.lapa.ninja/assets/images/1x/orchestraco-thumb.jpg,https://www.lapa.ninja/post/orchestraco/
Lapa Ninja (Post),Equals,SAAS,,,https://cdn.lapa.ninja/assets/images/1x/equals-3-thumb.jpg,https://www.lapa.ninja/post/equals-3/
Lapa Ninja (Post),Check,AGENCY,,,https://cdn.lapa.ninja/assets/images/1x/wearecheck-thumb.jpg,https://www.lapa.ninja/post/wearecheck/
Lapa Ninja (Post),Tailwind CSS v4.0,DEVELOPMENT TOOLS,,,https://cdn.lapa.ninja/assets/images/1x/tailwindcss-2-thumb.jpg,https://www.lapa.ninja/post/tailwindcss-2/
Lapa Ninja (Post),OrdinaryFolks,STUDIO,,,https://cdn.lapa.ninja/assets/images/1x/weareordinaryfolks-thumb.jpg,https://www.lapa.ninja/post/weareordinaryfolks/
Lapa Ninja (Post),Hedge,AGENCY,,,https://cdn.lapa.ninja/assets/images/1x/hedge-thumb.jpg,https://www.lapa.ninja/post/hedge/
Lapa Ninja (Post),Ghost,BUSINESS,,,https://cdn.lapa.ninja/assets/images/1x/ghst-thumb.jpg,https://www.lapa.ninja/post/ghst/
Lapa Ninja (Post),Sons & Daughters,FOOD DRINKS,,,https://cdn.lapa.ninja/assets/images/1x/sonsanddaughters-thumb.jpg,https://www.lapa.ninja/post/sonsanddaughters/
Lapa Ninja (Post),Jasper,ARTIFICIAL INTELLIGENCE,,,https://cdn.lapa.ninja/assets/images/1x/jasper-thumb.jpg,https://www.lapa.ninja/post/jasper/
Lapa Ninja (Post),Magma,AGENCY,,,https://cdn.lapa.ninja/assets/images/1x/magmamusicagency-thumb.jpg,https://www.lapa.ninja/post/magmamusicagency/
Lapa Ninja (Post),Halo,HARDWARE,,,https://cdn.lapa.ninja/assets/images/1x/halodental-thumb.jpg,https://www.lapa.ninja/post/halodental/
Lapa Ninja (Post),HOLIDAYS,STUDIO,,,https://cdn.lapa.ninja/assets/images/1x/holidays-thumb.jpg,https://www.lapa.ninja/post/holidays/
Lapa Ninja (Post),Function Health,HEALTH FITNESS,,,https://cdn.lapa.ninja/assets/images/1x/functionhealth-thumb.jpg,https://www.lapa.ninja/post/functionhealth/
Lapa Ninja (Post),Walbi,FINTECH,,,https://cdn.lapa.ninja/assets/images/1x/walbi-thumb.jpg,https://www.lapa.ninja/post/walbi/
Lapa Ninja (Post),Osmo Supply,DESIGN TOOLS,,,https://cdn.lapa.ninja/assets/images/1x/osmo-supply-thumb.jpg,https://www.lapa.ninja/post/osmo-supply/
Lapa Ninja (Post),BLUEMARBLE,ECOMMERCE,,,https://cdn.lapa.ninja/assets/images/1x/bluemarbleparis-thumb.jpg,https://www.lapa.ninja/post/bluemarbleparis/
Lapa Ninja (Post),Mercredi Studio,STUDIO,,,https://cdn.lapa.ninja/assets/images/1x/mercredistudio-thumb.jpg,https://www.lapa.ninja/post/mercredistudio/
Lapa Ninja (Post),Rootly,SAAS,,,https://cdn.lapa.ninja/assets/images/1x/rootly-thumb.jpg,https://www.lapa.ninja/post/rootly/
Lapa Ninja (Post),Polène,ECOMMERCE,,,https://cdn.lapa.ninja/assets/images/1x/polene-thumb.jpg,https://www.lapa.ninja/post/polene/
Lapa Ninja (Post),Airborne,STUDIO,,,https://cdn.lapa.ninja/assets/images/1x/airborne-thumb.jpg,https://www.lapa.ninja/post/airborne/
Lapa Ninja (Post),VWLAB,EDUCATION,,,https://cdn.lapa.ninja/assets/images/1x/vwlab-thumb.jpg,https://www.lapa.ninja/post/vwlab/
Lapa Ninja (Post),Cyd Stumpel,PORTFOLIO,,,https://cdn.lapa.ninja/assets/images/1x/cydstumpel-thumb.jpg,https://www.lapa.ninja/post/cydstumpel/
Lapa Ninja (Post),Modem,STUDIO,,,https://cdn.lapa.ninja/assets/images/1x/modemworks-thumb.jpg,https://www.lapa.ninja/post/modemworks/
Lapa Ninja (Post),brand.ai,ARTIFICIAL INTELLIGENCE,,,https://cdn.lapa.ninja/assets/images/1x/brand-ai-thumb.jpg,https://www.lapa.ninja/post/brand-ai/
Lapa Ninja (Post),Popcorn,TECHNOLOGY,,,https://cdn.lapa.ninja/assets/images/1x/popcorn-thumb.jpg,https://www.lapa.ninja/post/popcorn/
Lapa Ninja (Post),Bee Computer,HARDWARE,,,https://cdn.lapa.ninja/assets/images/1x/bee-computer-thumb.jpg,https://www.lapa.ninja/post/bee-computer/
Lapa Ninja (Post),Henry Desroches,PORTFOLIO,,,https://cdn.lapa.ninja/assets/images/1x/henry-codes-2-thumb.jpg,https://www.lapa.ninja/post/henry-codes-2/
Lapa Ninja (Post),M.Rodzik,PORTFOLIO,,,https://cdn.lapa.ninja/assets/images/1x/mrodzik-thumb.jpg,https://www.lapa.ninja/post/mrodzik/
Lapa Ninja (Post),Daniel Sun,PORTFOLIO,,,https://cdn.lapa.ninja/assets/images/1x/danielsun-2-thumb.jpg,https://www.lapa.ninja/post/danielsun-2/
Lapa Ninja (Post),Nodaleto,FASHION,,,https://cdn.lapa.ninja/assets/images/1x/nodaleto-thumb.jpg,https://www.lapa.ninja/post/nodaleto/
Lapa Ninja (Post),Büro,STUDIO,,,https://cdn.lapa.ninja/assets/images/1x/burocratik-2-thumb.jpg,https://www.lapa.ninja/post/burocratik-2/
Lapa Ninja (Post),Adopt,AGENCY,,,https://cdn.lapa.ninja/assets/images/1x/weareadopt-thumb.jpg,https://www.lapa.ninja/post/weareadopt/
Lapa Ninja (Post),Mickey Friedman,PORTFOLIO,,,https://cdn.lapa.ninja/assets/images/1x/mickeyfriedman-thumb.jpg,https://www.lapa.ninja/post/mickeyfriedman/
Lapa Ninja (Post),Lovework Studio,STUDIO,,,https://cdn.lapa.ninja/assets/images/1x/lovework-studio-thumb.jpg,https://www.lapa.ninja/post/lovework-studio/
Lapa Ninja (Post),Mintlify,SAAS,,,https://cdn.lapa.ninja/assets/images/1x/mintlify-thumb.jpg,https://www.lapa.ninja/post/mintlify/
Lapa Ninja (Post),Relocate Now,OUTDOORS TRAVEL,,,https://cdn.lapa.ninja/assets/images/1x/relocatenow-thumb.jpg,https://www.lapa.ninja/post/relocatenow/
Lapa Ninja (Post),Happy Droid,HARDWARE,,,https://cdn.lapa.ninja/assets/images/1x/happydroid-thumb.jpg,https://www.lapa.ninja/post/happydroid/
Lapa Ninja (Post),Stas Bondar,PORTFOLIO,,,https://cdn.lapa.ninja/assets/images/1x/stabondar-thumb.jpg,https://www.lapa.ninja/post/stabondar/
Lapa Ninja (Post),The Happy Few,AGENCY,,,https://cdn.lapa.ninja/assets/images/1x/thehappyfew-thumb.jpg,https://www.lapa.ninja/post/thehappyfew/
Lapa Ninja (Post),AYOCIN,FURNITURE INTERIORS,,,https://cdn.lapa.ninja/assets/images/1x/ayocin-thumb.jpg,https://www.lapa.ninja/post/ayocin/
Lapa Ninja (Post),Maria Santos,PORTFOLIO,,,https://cdn.lapa.ninja/assets/images/1x/saintsmary-thumb.jpg,https://www.lapa.ninja/post/saintsmary/
Lapa Ninja (Post),Inette,STUDIO,,,https://cdn.lapa.ninja/assets/images/1x/inette-thumb.jpg,https://www.lapa.ninja/post/inette/
Lapa Ninja (Post),Wand,APP,,,https://cdn.lapa.ninja/assets/images/1x/wand-2-thumb.jpg,https://www.lapa.ninja/post/wand-2/
Lapa Ninja (Post),Qudrix,HOME LIVING,,,https://cdn.lapa.ninja/assets/images/1x/qudrix-thumb.jpg,https://www.lapa.ninja/post/qudrix/
Lapa Ninja (Post),Hiking Patrol,FASHION,,,https://cdn.lapa.ninja/assets/images/1x/hikingpatrol-thumb.jpg,https://www.lapa.ninja/post/hikingpatrol/
Lapa Ninja (Post),Ori,ARTIFICIAL INTELLIGENCE,,,https://cdn.lapa.ninja/assets/images/1x/ori-thumb.jpg,https://www.lapa.ninja/post/ori/
Lapa Ninja (Post),Prept,CORPORATE,,,https://cdn.lapa.ninja/assets/images/1x/prept-foundation-thumb.jpg,https://www.lapa.ninja/post/prept-foundation/
Lapa Ninja (Post),Bakken & Bæck,STUDIO,,,https://cdn.lapa.ninja/assets/images/1x/bakkenbaeck-4-thumb.jpg,https://www.lapa.ninja/post/bakkenbaeck-4/
Lapa Ninja (Post),Oxide Computer,DEVELOPMENT TOOLS,,,https://cdn.lapa.ninja/assets/images/1x/oxide-computer-2-thumb.jpg,https://www.lapa.ninja/post/oxide-computer-2/
Lapa Ninja (Post),AniMattor,PORTFOLIO,,,https://cdn.lapa.ninja/assets/images/1x/animattor-thumb.jpg,https://www.lapa.ninja/post/animattor/
Lapa Ninja (Post),Say Briefly,ILLUSTRATION,,,https://cdn.lapa.ninja/assets/images/1x/saybriefly-thumb.jpg,https://www.lapa.ninja/post/saybriefly/
Lapa Ninja (Post),ITEM Amsterdam,FURNITURE INTERIORS,,,https://cdn.lapa.ninja/assets/images/1x/item-amsterdam-thumb.jpg,https://www.lapa.ninja/post/item-amsterdam/
Lapa Ninja (Post),Designgal Studio,STUDIO,,,https://cdn.lapa.ninja/assets/images/1x/designgal-studio-thumb.jpg,https://www.lapa.ninja/post/designgal-studio/
Lapa Ninja (Post),Heyday Canning,FOOD DRINKS,,,https://cdn.lapa.ninja/assets/images/1x/heydaycanning-thumb.jpg,https://www.lapa.ninja/post/heydaycanning/
Lapa Ninja (Post),Fleerackers,ECOMMERCE,,,https://cdn.lapa.ninja/assets/images/1x/fleerackers-thumb.jpg,https://www.lapa.ninja/post/fleerackers/
Lapa Ninja (Post),Desdoigts,AGENCY,,,https://cdn.lapa.ninja/assets/images/1x/desdoigts-thumb.jpg,https://www.lapa.ninja/post/desdoigts/
Lapa Ninja (Post),Native,INSURANCE,,,https://cdn.lapa.ninja/assets/images/1x/native-thumb.jpg,https://www.lapa.ninja/post/native/
Lapa Ninja (Post),Entuitive,CORPORATE,,,https://cdn.lapa.ninja/assets/images/1x/entuitiveengineering-thumb.jpg,https://www.lapa.ninja/post/entuitiveengineering/
Lapa Ninja (Post),OMMO,STUDIO,,,https://cdn.lapa.ninja/assets/images/1x/ommo-thumb.jpg,https://www.lapa.ninja/post/ommo/
Lapa Ninja (Post),Reveal Studio,STUDIO,,,https://cdn.lapa.ninja/assets/images/1x/revealstudio-thumb.jpg,https://www.lapa.ninja/post/revealstudio/
Lapa Ninja (Post),OODOS,COMMUNITY,,,https://cdn.lapa.ninja/assets/images/1x/oodos-thumb.jpg,https://www.lapa.ninja/post/oodos/
Lapa Ninja (Post),New Valley Labs,STUDIO,,,https://cdn.lapa.ninja/assets/images/1x/newvalleylabs-thumb.jpg,https://www.lapa.ninja/post/newvalleylabs/
Lapa Ninja (Post),Hyperplex,FINTECH,,,https://cdn.lapa.ninja/assets/images/1x/hyperplex-thumb.jpg,https://www.lapa.ninja/post/hyperplex/
Lapa Ninja (Post),Monolith,FURNITURE INTERIORS,,,https://cdn.lapa.ninja/assets/images/1x/monolith-nyc-thumb.jpg,https://www.lapa.ninja/post/monolith-nyc/
Lapa Ninja (Post),Roberta Ungaro,PORTFOLIO,,,https://cdn.lapa.ninja/assets/images/1x/robertaungaro-thumb.jpg,https://www.lapa.ninja/post/robertaungaro/
Lapa Ninja (Post),Statamic,SAAS,,,https://cdn.lapa.ninja/assets/images/1x/statamic-2-thumb.jpg,https://www.lapa.ninja/post/statamic-2/
Lapa Ninja (Post),111 West 57th Street,REAL ESTATE,,,https://cdn.lapa.ninja/assets/images/1x/111w57-thumb.jpg,https://www.lapa.ninja/post/111w57/
Lapa Ninja (Post),Spellbook,SAAS,,,https://cdn.lapa.ninja/assets/images/1x/spellbook-thumb.jpg,https://www.lapa.ninja/post/spellbook/
Lapa Ninja (Post),Cap,SAAS,,,https://cdn.lapa.ninja/assets/images/1x/cap-thumb.jpg,https://www.lapa.ninja/post/cap/
Lapa Ninja (Post),Koffiracha,FOOD DRINKS,,,https://cdn.lapa.ninja/assets/images/1x/koffiracha-thumb.jpg,https://www.lapa.ninja/post/koffiracha/
Lapa Ninja (Post),Portal,SAAS,,,https://cdn.lapa.ninja/assets/images/1x/portalgaming-thumb.jpg,https://www.lapa.ninja/post/portalgaming/
Lapa Ninja (Post),Jasmina Denner,PORTFOLIO,,,https://cdn.lapa.ninja/assets/images/1x/jasminadenner-thumb.jpg,https://www.lapa.ninja/post/jasminadenner/
Lapa Ninja (Post),Genesis Creative,AGENCY,,,https://cdn.lapa.ninja/assets/images/1x/genesiscreative-thumb.jpg,https://www.lapa.ninja/post/genesiscreative/
Lapa Ninja (Post),Airtree,VENTURES,,,https://cdn.lapa.ninja/assets/images/1x/airtree-thumb.jpg,https://www.lapa.ninja/post/airtree/
Lapa Ninja (Post),Melrosepr,CORPORATE,,,https://cdn.lapa.ninja/assets/images/1x/melrosepr-thumb.jpg,https://www.lapa.ninja/post/melrosepr/
Lapa Ninja (Post),ODA,PORTFOLIO,,,https://cdn.lapa.ninja/assets/images/1x/oda-services-thumb.jpg,https://www.lapa.ninja/post/oda-services/
Lapa Ninja (Post),Summer Smash Tennis,HEALTH FITNESS,,,https://cdn.lapa.ninja/assets/images/1x/summersmashtennis-thumb.jpg,https://www.lapa.ninja/post/summersmashtennis/
Lapa Ninja (Post),Pudgy Penguins,NFT,,,https://cdn.lapa.ninja/assets/images/1x/pudgypenguins-thumb.jpg,https://www.lapa.ninja/post/pudgypenguins/
Lapa Ninja (Post),Euphemia,VENTURES,,,https://cdn.lapa.ninja/assets/images/1x/euphemia-thumb.jpg,https://www.lapa.ninja/post/euphemia/
Lapa Ninja (Post),Paloceras,FASHION,,,https://cdn.lapa.ninja/assets/images/1x/paloceras-thumb.jpg,https://www.lapa.ninja/post/paloceras/
Lapa Ninja (Post),Woset,ECOMMERCE,,,https://cdn.lapa.ninja/assets/images/1x/woset-2-thumb.jpg,https://www.lapa.ninja/post/woset-2/
Lapa Ninja (Post),Studio 38,STUDIO,,,https://cdn.lapa.ninja/assets/images/1x/weare38-thumb.jpg,https://www.lapa.ninja/post/weare38/
Lapa Ninja (Post),St Kilda Orthodontics,HEALTH FITNESS,,,https://cdn.lapa.ninja/assets/images/1x/stkildaorthodontics-thumb.jpg,https://www.lapa.ninja/post/stkildaorthodontics/
Lapa Ninja (Post),Bruut,AGENCY,,,https://cdn.lapa.ninja/assets/images/1x/bruut-media-thumb.jpg,https://www.lapa.ninja/post/bruut-media/
Lapa Ninja (Post),Dub.co,SAAS,,,https://cdn.lapa.ninja/assets/images/1x/dub-thumb.jpg,https://www.lapa.ninja/post/dub/
Lapa Ninja (Post),Riotters,AGENCY,,,https://cdn.lapa.ninja/assets/images/1x/riotters-thumb.jpg,https://www.lapa.ninja/post/riotters/
Lapa Ninja (Post),Humane CosmOS,SOFTWARE,,,https://cdn.lapa.ninja/assets/images/1x/humane-cosmos-thumb.jpg,https://www.lapa.ninja/post/humane-cosmos/
Lapa Ninja (Post),Hellotime,SAAS,,,https://cdn.lapa.ninja/assets/images/1x/hellotime-thumb.jpg,https://www.lapa.ninja/post/hellotime/
Lapa Ninja (Post),Casa Malka,FOOD DRINKS,,,https://cdn.lapa.ninja/assets/images/1x/casamalka-thumb.jpg,https://www.lapa.ninja/post/casamalka/
Lapa Ninja (Post),Index Inc,SAAS,,,https://cdn.lapa.ninja/assets/images/1x/index-inc-thumb.jpg,https://www.lapa.ninja/post/index-inc/
Lapa Ninja (Post),ANALOGUE,STUDIO,,,https://cdn.lapa.ninja/assets/images/1x/madebyanalogue-thumb.jpg,https://www.lapa.ninja/post/madebyanalogue/
Lapa Ninja (Post),Jimmy Fairly,FASHION,,,https://cdn.lapa.ninja/assets/images/1x/jimmyfairly-thumb.jpg,https://www.lapa.ninja/post/jimmyfairly/
Lapa Ninja (Post),Zach Hamed,PORTFOLIO,,,https://cdn.lapa.ninja/assets/images/1x/zmh-thumb.jpg,https://www.lapa.ninja/post/zmh/
Lapa Ninja (Post),Stompers,APP,,,https://cdn.lapa.ninja/assets/images/1x/stompers-thumb.jpg,https://www.lapa.ninja/post/stompers/
Lapa Ninja (Post),Karina Makarova,PORTFOLIO,,,https://cdn.lapa.ninja/assets/images/1x/karina-makarova-thumb.jpg,https://www.lapa.ninja/post/karina-makarova/
Lapa Ninja (Post),TechTO,COMMUNITY,,,https://cdn.lapa.ninja/assets/images/1x/techto-thumb.jpg,https://www.lapa.ninja/post/techto/
Lapa Ninja (Post),Cassandre Levrard,PORTFOLIO,,,https://cdn.lapa.ninja/assets/images/1x/cassandrelevrard-thumb.jpg,https://www.lapa.ninja/post/cassandrelevrard/
Lapa Ninja (Post),Things Inc,STUDIO,,,https://cdn.lapa.ninja/assets/images/1x/things-inc-thumb.jpg,https://www.lapa.ninja/post/things-inc/
Lapa Ninja (Post),Jaffa,FOOD DRINKS,,,https://cdn.lapa.ninja/assets/images/1x/jaffa-thumb.jpg,https://www.lapa.ninja/post/jaffa/
Lapa Ninja (Post),Moved Network,BLOCKCHAIN,,,https://cdn.lapa.ninja/assets/images/1x/moved-network-thumb.jpg,https://www.lapa.ninja/post/moved-network/
Lapa Ninja (Post),Prand,STUDIO,,,https://cdn.lapa.ninja/assets/images/1x/prand-thumb.jpg,https://www.lapa.ninja/post/prand/
Lapa Ninja (Post),Arch Agency,AGENCY,,,https://cdn.lapa.ninja/assets/images/1x/arch-agency-thumb.jpg,https://www.lapa.ninja/post/arch-agency/
Lapa Ninja (Post),Clim Studio,STUDIO,,,https://cdn.lapa.ninja/assets/images/1x/studioclim-2-thumb.jpg,https://www.lapa.ninja/post/studioclim-2/
Lapa Ninja (Post),Rhythm Influence,STUDIO,,,https://cdn.lapa.ninja/assets/images/1x/rhythminfluence-thumb.jpg,https://www.lapa.ninja/post/rhythminfluence/
Lapa Ninja (Post),Shareio,SAAS,,,https://cdn.lapa.ninja/assets/images/1x/shareio-thumb.jpg,https://www.lapa.ninja/post/shareio/
Lapa Ninja (Post),Idol,AGENCY,,,https://cdn.lapa.ninja/assets/images/1x/idol-partners-thumb.jpg,https://www.lapa.ninja/post/idol-partners/
Lapa Ninja (Post),Lens,WEB3,,,https://cdn.lapa.ninja/assets/images/1x/lens-2-thumb.jpg,https://www.lapa.ninja/post/lens-2/
Lapa Ninja (Post),Purée Maison,AGENCY,,,https://cdn.lapa.ninja/assets/images/1x/pureemaison-thumb.jpg,https://www.lapa.ninja/post/pureemaison/
Lapa Ninja (Post),Gone Fishing Studio,STUDIO,,,https://cdn.lapa.ninja/assets/images/1x/gonefishing-studio-2-thumb.jpg,https://www.lapa.ninja/post/gonefishing-studio-2/
Lapa Ninja (Post),Huey Lightshop,ECOMMERCE,,,https://cdn.lapa.ninja/assets/images/1x/hueylightshop-thumb.jpg,https://www.lapa.ninja/post/hueylightshop/
Lapa Ninja (Post),Vic Rojo,STUDIO,,,https://cdn.lapa.ninja/assets/images/1x/vicrojo-thumb.jpg,https://www.lapa.ninja/post/vicrojo/
Lapa Ninja (Post),Kurate Music,MUSIC,,,https://cdn.lapa.ninja/assets/images/1x/kuratemusic-thumb.jpg,https://www.lapa.ninja/post/kuratemusic/
Lapa Ninja (Post),Eric Hu Studio,STUDIO,,,https://cdn.lapa.ninja/assets/images/1x/erichu-2-thumb.jpg,https://www.lapa.ninja/post/erichu-2/
Lapa Ninja (Post),CAHU,ECOMMERCE,,,https://cdn.lapa.ninja/assets/images/1x/cahuparis-thumb.jpg,https://www.lapa.ninja/post/cahuparis/
Lapa Ninja (Post),Ava Protocol,DEFI,,,https://cdn.lapa.ninja/assets/images/1x/avaprotocol-thumb.jpg,https://www.lapa.ninja/post/avaprotocol/
Lapa Ninja (Post),neil.graphics,PORTFOLIO,,,https://cdn.lapa.ninja/assets/images/1x/neil-thumb.jpg,https://www.lapa.ninja/post/neil/
Lapa Ninja (Post),Beepy Bella,FASHION,,,https://cdn.lapa.ninja/assets/images/1x/beepybella-thumb.jpg,https://www.lapa.ninja/post/beepybella/
Lapa Ninja (Post),Modal,SAAS,,,https://cdn.lapa.ninja/assets/images/1x/modal-thumb.jpg,https://www.lapa.ninja/post/modal/
Lapa Ninja (Post),Attio,SAAS,,,https://cdn.lapa.ninja/assets/images/1x/attio-2-thumb.jpg,https://www.lapa.ninja/post/attio-2/
Lapa Ninja (Post),Mitchell Eaton,PORTFOLIO,,,https://cdn.lapa.ninja/assets/images/1x/mitchelleaton-thumb.jpg,https://www.lapa.ninja/post/mitchelleaton/
Lapa Ninja (Post),Treize grammes,AGENCY,,,https://cdn.lapa.ninja/assets/images/1x/13g-thumb.jpg,https://www.lapa.ninja/post/13g/
Lapa Ninja (Post),Clark Hosting,HOSTING,,,https://cdn.lapa.ninja/assets/images/1x/hostwithclark-thumb.jpg,https://www.lapa.ninja/post/hostwithclark/
Lapa Ninja (Post),eBay Playbook,DESIGN TOOLS,,,https://cdn.lapa.ninja/assets/images/1x/playbook-ebay-thumb.jpg,https://www.lapa.ninja/post/playbook-ebay/
Lapa Ninja (Post),P448,FASHION,,,https://cdn.lapa.ninja/assets/images/1x/p448-thumb.jpg,https://www.lapa.ninja/post/p448/
Lapa Ninja (Post),ChainGPT Labs,3D WEBSITES,,,https://cdn.lapa.ninja/assets/images/1x/chaingpt-labs-thumb.jpg,https://www.lapa.ninja/post/chaingpt-labs/
Lapa Ninja (Post),27b,STUDIO,,,https://cdn.lapa.ninja/assets/images/1x/27-b-thumb.jpg,https://www.lapa.ninja/post/27-b/
Lapa Ninja (Post),bella,ECOMMERCE,,,https://cdn.lapa.ninja/assets/images/1x/bellakitchenware-thumb.jpg,https://www.lapa.ninja/post/bellakitchenware/
Lapa Ninja (Post),Rains,FASHION,,,https://cdn.lapa.ninja/assets/images/1x/rains-3-thumb.jpg,https://www.lapa.ninja/post/rains-3/
Lapa Ninja (Post),Artemisa Beauty,BEAUTY,,,https://cdn.lapa.ninja/assets/images/1x/artemisabeauty-thumb.jpg,https://www.lapa.ninja/post/artemisabeauty/
Lapa Ninja (Post),Sundae Creative,AGENCY,,,https://cdn.lapa.ninja/assets/images/1x/sundaecreative-thumb.jpg,https://www.lapa.ninja/post/sundaecreative/
Lapa Ninja (Post),Wodniack,PORTFOLIO,,,https://cdn.lapa.ninja/assets/images/1x/wodniack-thumb.jpg,https://www.lapa.ninja/post/wodniack/
Lapa Ninja (Post),OrbitX,FINTECH,,,https://cdn.lapa.ninja/assets/images/1x/orbitxpay-thumb.jpg,https://www.lapa.ninja/post/orbitxpay/
Lapa Ninja (Post),The Coding Train,EDUCATION,,,https://cdn.lapa.ninja/assets/images/1x/thecodingtrain-thumb.jpg,https://www.lapa.ninja/post/thecodingtrain/
Lapa Ninja (Post),Wild Thingz,FOOD DRINKS,,,https://cdn.lapa.ninja/assets/images/1x/wildthingz-thumb.jpg,https://www.lapa.ninja/post/wildthingz/
Lapa Ninja (Post),By Hollie Arnett,PORTFOLIO,,,https://cdn.lapa.ninja/assets/images/1x/byholliearnett-thumb.jpg,https://www.lapa.ninja/post/byholliearnett/
Lapa Ninja (Post),Browserbase,SAAS,,,https://cdn.lapa.ninja/assets/images/1x/browserbase-thumb.jpg,https://www.lapa.ninja/post/browserbase/
Lapa Ninja (Post),DoThings,AGENCY,,,https://cdn.lapa.ninja/assets/images/1x/dothingsnyc-2-thumb.jpg,https://www.lapa.ninja/post/dothingsnyc-2/
Lapa Ninja (Post),Social Impact Capital,VENTURES,,,https://cdn.lapa.ninja/assets/images/1x/social-impact-capital-thumb.jpg,https://www.lapa.ninja/post/social-impact-capital/
Lapa Ninja (Post),FABRIC,VENTURES,,,https://cdn.lapa.ninja/assets/images/1x/fabric-vc-2-thumb.jpg,https://www.lapa.ninja/post/fabric-vc-2/
Lapa Ninja (Post),Writing Examples,EDUCATION,,,https://cdn.lapa.ninja/assets/images/1x/writingexamples-thumb.jpg,https://www.lapa.ninja/post/writingexamples/
Lapa Ninja (Post),expand.ai,DEVELOPMENT TOOLS,,,https://cdn.lapa.ninja/assets/images/1x/expand-thumb.jpg,https://www.lapa.ninja/post/expand/
Lapa Ninja (Post),Index,SAAS,,,https://cdn.lapa.ninja/assets/images/1x/index-app-thumb.jpg,https://www.lapa.ninja/post/index-app/
Lapa Ninja (Post),BRĒZ,FOOD DRINKS,,,https://cdn.lapa.ninja/assets/images/1x/drinkbrez-2-thumb.jpg,https://www.lapa.ninja/post/drinkbrez-2/
Lapa Ninja (Post),One Manor Place,HEALTH FITNESS,,,https://cdn.lapa.ninja/assets/images/1x/omp-thumb.jpg,https://www.lapa.ninja/post/omp/
Lapa Ninja (Post),FISK,AGENCY,,,https://cdn.lapa.ninja/assets/images/1x/fiskprojects-thumb.jpg,https://www.lapa.ninja/post/fiskprojects/
Lapa Ninja (Post),NOBL,CORPORATE,,,https://cdn.lapa.ninja/assets/images/1x/nobl-thumb.jpg,https://www.lapa.ninja/post/nobl/
Lapa Ninja (Post),HeroKit,DESIGN TOOLS,,,https://cdn.lapa.ninja/assets/images/1x/herokit-thumb.jpg,https://www.lapa.ninja/post/herokit/
Lapa Ninja (Post),Davide Baratta,PORTFOLIO,,,https://cdn.lapa.ninja/assets/images/1x/davidebaratta-2-thumb.jpg,https://www.lapa.ninja/post/davidebaratta-2/
Lapa Ninja (Post),Valentin Cheval,PORTFOLIO,,,https://cdn.lapa.ninja/assets/images/1x/valentincheval-thumb.jpg,https://www.lapa.ninja/post/valentincheval/
Lapa Ninja (Post),Fabric,SAAS,,,https://cdn.lapa.ninja/assets/images/1x/fabric-so-2-thumb.jpg,https://www.lapa.ninja/post/fabric-so-2/
Lapa Ninja (Post),Oakâme,ECOMMERCE,,,https://cdn.lapa.ninja/assets/images/1x/oakame-thumb.jpg,https://www.lapa.ninja/post/oakame/
Lapa Ninja (Post),Genway,ARTIFICIAL INTELLIGENCE,,,https://cdn.lapa.ninja/assets/images/1x/genway-thumb.jpg,https://www.lapa.ninja/post/genway/
Lapa Ninja (Post),shoyokoko,PORTFOLIO,,,https://cdn.lapa.ninja/assets/images/1x/shoyokoko-thumb.jpg,https://www.lapa.ninja/post/shoyokoko/
Lapa Ninja (Post),Otherlife,AGENCY,,,https://cdn.lapa.ninja/assets/images/1x/otherlife-thumb.jpg,https://www.lapa.ninja/post/otherlife/
Lapa Ninja (Post),Humane Ai Pin,WEARABLE,,,https://cdn.lapa.ninja/assets/images/1x/humane-thumb.jpg,https://www.lapa.ninja/post/humane/
Lapa Ninja (Post),Warp,SOFTWARE,,,https://cdn.lapa.ninja/assets/images/1x/warp-thumb.jpg,https://www.lapa.ninja/post/warp/
Lapa Ninja (Post),PARADOX Series,FURNITURE INTERIORS,,,https://cdn.lapa.ninja/assets/images/1x/paradox-series-thumb.jpg,https://www.lapa.ninja/post/paradox-series/
Lapa Ninja (Post),Onward,AGENCY,,,https://cdn.lapa.ninja/assets/images/1x/thisisonward-2-thumb.jpg,https://www.lapa.ninja/post/thisisonward-2/
Lapa Ninja (Post),Kreatives,STUDIO,,,https://cdn.lapa.ninja/assets/images/1x/kreatives-thumb.jpg,https://www.lapa.ninja/post/kreatives/
Lapa Ninja (Post),Jack Redley Design,PORTFOLIO,,,https://cdn.lapa.ninja/assets/images/1x/jackredley-thumb.jpg,https://www.lapa.ninja/post/jackredley/
Lapa Ninja (Post),Leya,BUSINESS,,,https://cdn.lapa.ninja/assets/images/1x/leya-thumb.jpg,https://www.lapa.ninja/post/leya/
Lapa Ninja (Post),Granola,PRODUCTIVITY,,,https://cdn.lapa.ninja/assets/images/1x/granola-thumb.jpg,https://www.lapa.ninja/post/granola/
Lapa Ninja (Post),Kino,APP,,,https://cdn.lapa.ninja/assets/images/1x/shotwithkino-thumb.jpg,https://www.lapa.ninja/post/shotwithkino/
Lapa Ninja (Post),Front,SAAS,,,https://cdn.lapa.ninja/assets/images/1x/front-2-thumb.webp,https://www.lapa.ninja/post/front/
Lapa Ninja (Post),Checkmyfile,FINANCE,,,https://cdn.lapa.ninja/assets/images/1x/checkmyfile-thumb.webp,https://www.lapa.ninja/post/checkmyfile/
Lapa Ninja (Post),Podia,SAAS,,,https://cdn.lapa.ninja/assets/images/1x/podia-thumb.webp,https://www.lapa.ninja/post/podia/
Lapa Ninja (Post),Gev,PORTFOLIO,,,https://cdn.lapa.ninja/assets/images/1x/gev-thumb.webp,https://www.lapa.ninja/post/gev/
Lapa Ninja (Post),Monkey Talkie,AGENCY,,,https://cdn.lapa.ninja/assets/images/1x/monkeytalkie-thumb.webp,https://www.lapa.ninja/post/monkeytalkie/
Lapa Ninja (Post),Busy Status Bar,ECOMMERCE,,,https://cdn.lapa.ninja/assets/images/1x/busy-bar-thumb.webp,https://www.lapa.ninja/post/busy-bar/
Lapa Ninja (Post),Polkadot,WEB3,,,https://cdn.lapa.ninja/assets/images/1x/polkadot-thumb.webp,https://www.lapa.ninja/post/polkadot/
Lapa Ninja (Post),DivBlockers,STUDIO,,,https://cdn.lapa.ninja/assets/images/1x/divblockers-thumb.webp,https://www.lapa.ninja/post/divblockers/
Lapa Ninja (Post),Buddy,DEVELOPMENT TOOLS,,,https://cdn.lapa.ninja/assets/images/1x/buddy-works-2-thumb.webp,https://www.lapa.ninja/post/buddy-works-2/
Lapa Ninja (Post),August Health,HEALTH FITNESS,,,https://cdn.lapa.ninja/assets/images/1x/augusthealth-thumb.webp,https://www.lapa.ninja/post/augusthealth/
Lapa Ninja (Post),Mach Studio,STUDIO,,,https://cdn.lapa.ninja/assets/images/1x/mach-studio-thumb.webp,https://www.lapa.ninja/post/mach-studio/
Lapa Ninja (Post),Vazzi,FOOD DRINKS,,,https://cdn.lapa.ninja/assets/images/1x/vazzi-thumb.webp,https://www.lapa.ninja/post/vazzi/
Lapa Ninja (Post),Mathieu Crepel,PORTFOLIO,,,https://cdn.lapa.ninja/assets/images/1x/mathieu-crepel-thumb.webp,https://www.lapa.ninja/post/mathieu-crepel/
Lapa Ninja (Post),Unichain,DEFI,,,https://cdn.lapa.ninja/assets/images/1x/unichain-thumb.webp,https://www.lapa.ninja/post/unichain/
Lapa Ninja (Post),Jonathan Grado,PORTFOLIO,,,https://cdn.lapa.ninja/assets/images/1x/jonathangrado-thumb.webp,https://www.lapa.ninja/post/jonathangrado/
Lapa Ninja (Post),GP Communication,AGENCY,,,https://cdn.lapa.ninja/assets/images/1x/gaelleperrin-thumb.webp,https://www.lapa.ninja/post/gaelleperrin/
Lapa Ninja (Post),Diana Toloza,PORTFOLIO,,,https://cdn.lapa.ninja/assets/images/1x/dianatoloza-thumb.webp,https://www.lapa.ninja/post/dianatoloza/
Lapa Ninja (Post),Arcade AI,ARTIFICIAL INTELLIGENCE,,,https://cdn.lapa.ninja/assets/images/1x/arcade-ai-thumb.webp,https://www.lapa.ninja/post/arcade-ai/
Lapa Ninja (Post),Kit,MAIL,,,https://cdn.lapa.ninja/assets/images/1x/kit-thumb.webp,https://www.lapa.ninja/post/kit/
Lapa Ninja (Post),Shopify,SAAS,,,https://cdn.lapa.ninja/assets/images/1x/shopify-2-thumb.webp,https://www.lapa.ninja/post/shopify-2/
Lapa Ninja (Post),Pass App,APP,,,https://cdn.lapa.ninja/assets/images/1x/pass-app-thumb.webp,https://www.lapa.ninja/post/pass-app/
Lapa Ninja (Post),poolside,ARTIFICIAL INTELLIGENCE,,,https://cdn.lapa.ninja/assets/images/1x/poolside-ai-thumb.webp,https://www.lapa.ninja/post/poolside-ai/
Lapa Ninja (Post),Sketch,DESIGN TOOLS,,,https://cdn.lapa.ninja/assets/images/1x/sketch-5-thumb.webp,https://www.lapa.ninja/post/sketch-5/
Lapa Ninja (Post),Family Style,STUDIO,,,https://cdn.lapa.ninja/assets/images/1x/wearefamilystyle-thumb.webp,https://www.lapa.ninja/post/wearefamilystyle/
Lapa Ninja (Post),Social Web Foundation,CORPORATE,,,https://cdn.lapa.ninja/assets/images/1x/socialwebfoundation-thumb.webp,https://www.lapa.ninja/post/socialwebfoundation/
Lapa Ninja (Post),Patch,CORPORATE,,,https://cdn.lapa.ninja/assets/images/1x/patch-io-thumb.webp,https://www.lapa.ninja/post/patch-io/
Lapa Ninja (Post),Nod Coding,EDUCATION,,,https://cdn.lapa.ninja/assets/images/1x/nodcoding-thumb.webp,https://www.lapa.ninja/post/nodcoding/
Lapa Ninja (Post),Kernel,FOOD DRINKS,,,https://cdn.lapa.ninja/assets/images/1x/eatkernel-thumb.webp,https://www.lapa.ninja/post/eatkernel/
Lapa Ninja (Post),Mélanie Tillie,PORTFOLIO,,,https://cdn.lapa.ninja/assets/images/1x/melanie-tillie-thumb.webp,https://www.lapa.ninja/post/melanie-tillie/
Lapa Ninja (Post),Decathlon AFLF,FASHION,,,https://cdn.lapa.ninja/assets/images/1x/decathlon-aflf-thumb.webp,https://www.lapa.ninja/post/decathlon-aflf/
Lapa Ninja (Post),Magicstreet,STUDIO,,,https://cdn.lapa.ninja/assets/images/1x/magicstreet-thumb.webp,https://www.lapa.ninja/post/magicstreet/
Lapa Ninja (Post),Fig.1 Beauty,BEAUTY,,,https://cdn.lapa.ninja/assets/images/1x/fig-1-2-thumb.webp,https://www.lapa.ninja/post/fig-1-2/
Lapa Ninja (Post),Decide AI,ARTIFICIAL INTELLIGENCE,,,https://cdn.lapa.ninja/assets/images/1x/decideai-thumb.webp,https://www.lapa.ninja/post/decideai/
Lapa Ninja (Post),Coinshift,FINTECH,,,https://cdn.lapa.ninja/assets/images/1x/coinshift-thumb.webp,https://www.lapa.ninja/post/coinshift/
Lapa Ninja (Post),Mother Studio,STUDIO,,,https://cdn.lapa.ninja/assets/images/1x/mother-thumb.webp,https://www.lapa.ninja/post/mother/
Lapa Ninja (Post),Lâm Bảo,PORTFOLIO,,,https://cdn.lapa.ninja/assets/images/1x/lam-bao-thumb.webp,https://www.lapa.ninja/post/lam-bao/
Lapa Ninja (Post),Good Looking Design,AGENCY,,,https://cdn.lapa.ninja/assets/images/1x/goodlookingdesign-thumb.webp,https://www.lapa.ninja/post/goodlookingdesign/
Lapa Ninja (Post),Sunny Within,BEAUTY,,,https://cdn.lapa.ninja/assets/images/1x/sunnywithin-thumb.webp,https://www.lapa.ninja/post/sunnywithin/
Lapa Ninja (Post),Sound Ethics,MUSIC,,,https://cdn.lapa.ninja/assets/images/1x/soundethics-thumb.webp,https://www.lapa.ninja/post/soundethics/
Lapa Ninja (Post),SAPIENS,FASHION,,,https://cdn.lapa.ninja/assets/images/1x/sapiens-vision-thumb.webp,https://www.lapa.ninja/post/sapiens-vision/
Lapa Ninja (Post),Rune,HARDWARE,,,https://cdn.lapa.ninja/assets/images/1x/rune-thumb.jpg,https://www.lapa.ninja/post/rune/
Lapa Ninja (Post),Nile Postgres,SAAS,,,https://cdn.lapa.ninja/assets/images/1x/thenile-thumb.webp,https://www.lapa.ninja/post/thenile/
Lapa Ninja (Post),fal.ai,SAAS,,,https://cdn.lapa.ninja/assets/images/1x/fal-thumb.webp,https://www.lapa.ninja/post/fal/
Lapa Ninja (Post),Aptos Build,BLOCKCHAIN,,,https://cdn.lapa.ninja/assets/images/1x/aptosbuild-thumb.webp,https://www.lapa.ninja/post/aptosbuild/
Lapa Ninja (Post),ORKEN,ILLUSTRATION,,,https://cdn.lapa.ninja/assets/images/1x/orkenworld-thumb.webp,https://www.lapa.ninja/post/orkenworld/
Lapa Ninja (Post),Oriol.Design,PORTFOLIO,,,https://cdn.lapa.ninja/assets/images/1x/oriol-thumb.webp,https://www.lapa.ninja/post/oriol/
Lapa Ninja (Post),Cumulus Coffee,FOOD DRINKS,,,https://cdn.lapa.ninja/assets/images/1x/cumuluscoffee-thumb.webp,https://www.lapa.ninja/post/cumuluscoffee/
Lapa Ninja (Post),CrunchDAO,ARTIFICIAL INTELLIGENCE,,,https://cdn.lapa.ninja/assets/images/1x/crunchdao-thumb.webp,https://www.lapa.ninja/post/crunchdao/
Lapa Ninja (Post),Buzzsprout,SAAS,,,https://cdn.lapa.ninja/assets/images/1x/buzzsprout-thumb.webp,https://www.lapa.ninja/post/buzzsprout/
Lapa Ninja (Post),Anterior,ARTIFICIAL INTELLIGENCE,,,https://cdn.lapa.ninja/assets/images/1x/anterior-thumb.webp,https://www.lapa.ninja/post/anterior/
Lapa Ninja (Post),andhuman,AGENCY,,,https://cdn.lapa.ninja/assets/images/1x/andhuman-thumb.webp,https://www.lapa.ninja/post/andhuman/
Lapa Ninja (Post),AgentQL,SAAS,,,https://cdn.lapa.ninja/assets/images/1x/agentql-thumb.webp,https://www.lapa.ninja/post/agentql/
Lapa Ninja (Post),0to100,STUDIO,,,https://cdn.lapa.ninja/assets/images/1x/0to100-thumb.webp,https://www.lapa.ninja/post/0to100/
Lapa Ninja (Post),Height,PRODUCTIVITY,,,https://cdn.lapa.ninja/assets/images/1x/height-app-4-thumb.webp,https://www.lapa.ninja/post/height-app-4/
Lapa Ninja (Post),Stratus Ventures,VENTURES,,,https://cdn.lapa.ninja/assets/images/1x/stratus-ventures-thumb.webp,https://www.lapa.ninja/post/stratus-ventures/
Lapa Ninja (Post),Peppermint,FINTECH,,,https://cdn.lapa.ninja/assets/images/1x/paywithpeppermint-thumb.webp,https://www.lapa.ninja/post/paywithpeppermint/
Lapa Ninja (Post),A Creative Partner,AGENCY,,,https://cdn.lapa.ninja/assets/images/1x/acreativepartner-2-thumb.webp,https://www.lapa.ninja/post/acreativepartner-2/
Lapa Ninja (Post),Corners,BUSINESS,,,https://cdn.lapa.ninja/assets/images/1x/cornersnewyork-thumb.webp,https://www.lapa.ninja/post/cornersnewyork/
Lapa Ninja (Post),Freetrade,FINTECH,,,https://cdn.lapa.ninja/assets/images/1x/freetrade-3-thumb.webp,https://www.lapa.ninja/post/freetrade-3/
Lapa Ninja (Post),MBRS,STUDIO,,,https://cdn.lapa.ninja/assets/images/1x/mb-thumb.webp,https://www.lapa.ninja/post/mb/
Lapa Ninja (Post),Amplemarket,ARTIFICIAL INTELLIGENCE,,,https://cdn.lapa.ninja/assets/images/1x/amplemarket-thumb.webp,https://www.lapa.ninja/post/amplemarket/
Lapa Ninja (Post),Max Milkin,PORTFOLIO,,,https://cdn.lapa.ninja/assets/images/1x/max-milkin-thumb.webp,https://www.lapa.ninja/post/max-milkin/
Lapa Ninja (Post),Mystic,CRYPTOCURRENCY,,,https://cdn.lapa.ninja/assets/images/1x/mystic-thumb.webp,https://www.lapa.ninja/post/mystic/
Lapa Ninja (Post),Qatalog,ARTIFICIAL INTELLIGENCE,,,https://cdn.lapa.ninja/assets/images/1x/qatalog-5-thumb.webp,https://www.lapa.ninja/post/qatalog-5/
Lapa Ninja (Post),Eisku,ECOMMERCE,,,https://cdn.lapa.ninja/assets/images/1x/eisku-thumb.webp,https://www.lapa.ninja/post/eisku/
Lapa Ninja (Post),Brightscout,AGENCY,,,https://cdn.lapa.ninja/assets/images/1x/brightscout-3-thumb.webp,https://www.lapa.ninja/post/brightscout-3/
Lapa Ninja (Post),Better Stack,SAAS,,,https://cdn.lapa.ninja/assets/images/1x/betterstack-thumb.webp,https://www.lapa.ninja/post/betterstack/
Lapa Ninja (Post),Iván Willenberg,PORTFOLIO,,,https://cdn.lapa.ninja/assets/images/1x/ivanwillenberg-thumb.webp,https://www.lapa.ninja/post/ivanwillenberg/
Lapa Ninja (Post),Yann Kubacki,PORTFOLIO,,,https://cdn.lapa.ninja/assets/images/1x/yannkubacki-thumb.webp,https://www.lapa.ninja/post/yannkubacki/
Lapa Ninja (Post),Sellix,FINTECH,,,https://cdn.lapa.ninja/assets/images/1x/sellix-thumb.webp,https://www.lapa.ninja/post/sellix/
Lapa Ninja (Post),Spaag,MARKETING,,,https://cdn.lapa.ninja/assets/images/1x/spaag-thumb.webp,https://www.lapa.ninja/post/spaag/
Lapa Ninja (Post),PIVOT,AGENCY,,,https://cdn.lapa.ninja/assets/images/1x/pivotmade-thumb.webp,https://www.lapa.ninja/post/pivotmade/
Lapa Ninja (Post),Eraser,SAAS,,,https://cdn.lapa.ninja/assets/images/1x/eraser-thumb.webp,https://www.lapa.ninja/post/eraser/
Lapa Ninja (Post),Retool,DEVELOPMENT TOOLS,,,https://cdn.lapa.ninja/assets/images/1x/retool-3-thumb.webp,https://www.lapa.ninja/post/retool-3/
Lapa Ninja (Post),Atlas,BLOCKCHAIN,,,https://cdn.lapa.ninja/assets/images/1x/atlas-thumb.webp,https://www.lapa.ninja/post/atlas/
Lapa Ninja (Post),Departure Mono,TYPOGRAPHY,,,https://cdn.lapa.ninja/assets/images/1x/departuremono-thumb.webp,https://www.lapa.ninja/post/departuremono/
Lapa Ninja (Post),Sweety Ice Cream,FOOD DRINKS,,,https://cdn.lapa.ninja/assets/images/1x/sweetyicecream-thumb.webp,https://www.lapa.ninja/post/sweetyicecream/
Lapa Ninja (Post),Terra,STUDIO,,,https://cdn.lapa.ninja/assets/images/1x/terrainnovation-thumb.webp,https://www.lapa.ninja/post/terrainnovation/
Lapa Ninja (Post),MindPalace,ARTIFICIAL INTELLIGENCE,,,https://cdn.lapa.ninja/assets/images/1x/mindpalace-thumb.webp,https://www.lapa.ninja/post/mindpalace/
Lapa Ninja (Post),HYVE.SYSTEMS,ARTIFICIAL INTELLIGENCE,,,https://cdn.lapa.ninja/assets/images/1x/hyve-thumb.webp,https://www.lapa.ninja/post/hyve/
Lapa Ninja (Post),GitButler,DEVELOPMENT TOOLS,,,https://cdn.lapa.ninja/assets/images/1x/gitbutler-thumb.webp,https://www.lapa.ninja/post/gitbutler/
Lapa Ninja (Post),Galxe,WEB3,,,https://cdn.lapa.ninja/assets/images/1x/galxe-thumb.webp,https://www.lapa.ninja/post/galxe/
Lapa Ninja (Post),Echo and Nate,AGENCY,,,https://cdn.lapa.ninja/assets/images/1x/echoandnate-thumb.webp,https://www.lapa.ninja/post/echoandnate/
Lapa Ninja (Post),Built for Archives,AGENCY,,,https://cdn.lapa.ninja/assets/images/1x/builtforarchives-thumb.webp,https://www.lapa.ninja/post/builtforarchives/
Lapa Ninja (Post),The Arena,EVENT,,,https://cdn.lapa.ninja/assets/images/1x/th3arena-thumb.webp,https://www.lapa.ninja/post/th3arena/
Lapa Ninja (Post),Stripe Dot Dev,BLOG,,,https://cdn.lapa.ninja/assets/images/1x/stripe-dev-thumb.webp,https://www.lapa.ninja/post/stripe-dev/
Lapa Ninja (Post),Delcap,FINTECH,,,https://cdn.lapa.ninja/assets/images/1x/delcap-thumb.webp,https://www.lapa.ninja/post/delcap/
Lapa Ninja (Post),Earthr,STUDIO,,,https://cdn.lapa.ninja/assets/images/1x/earthr-3-thumb.webp,https://www.lapa.ninja/post/earthr-3/
Lapa Ninja (Post),Morgenmete,MAGAZINE,,,https://cdn.lapa.ninja/assets/images/1x/morgenmete-thumb.webp,https://www.lapa.ninja/post/morgenmete/
Lapa Ninja (Post),we_sounds,FILM,,,https://cdn.lapa.ninja/assets/images/1x/we-sounds-thumb.webp,https://www.lapa.ninja/post/we-sounds/
Lapa Ninja (Post),The Garage,REAL ESTATE,,,https://cdn.lapa.ninja/assets/images/1x/thegarage-thumb.webp,https://www.lapa.ninja/post/thegarage/
Lapa Ninja (Post),Talgh,BEAUTY,,,https://cdn.lapa.ninja/assets/images/1x/talgh-thumb.webp,https://www.lapa.ninja/post/talgh/
Lapa Ninja (Post),Switch-Lit,SAAS,,,https://cdn.lapa.ninja/assets/images/1x/switch-lit-thumb.webp,https://www.lapa.ninja/post/switch-lit/
Lapa Ninja (Post),Privy,WEB3,,,https://cdn.lapa.ninja/assets/images/1x/privy-thumb.webp,https://www.lapa.ninja/post/privy/
Lapa Ninja (Post),Arcadia,PRODUCT,,,https://cdn.lapa.ninja/assets/images/1x/playarcadia-thumb.webp,https://www.lapa.ninja/post/playarcadia/
Lapa Ninja (Post),Gestisoft,AGENCY,,,https://cdn.lapa.ninja/assets/images/1x/gestisoft-thumb.webp,https://www.lapa.ninja/post/gestisoft/
Lapa Ninja (Post),Fol,STUDIO,,,https://cdn.lapa.ninja/assets/images/1x/fol-2-thumb.webp,https://www.lapa.ninja/post/fol-2/
Lapa Ninja (Post),Dan Tase,PORTFOLIO,,,https://cdn.lapa.ninja/assets/images/1x/dantase-thumb.webp,https://www.lapa.ninja/post/dantase/
Lapa Ninja (Post),Creativecom,AGENCY,,,https://cdn.lapa.ninja/assets/images/1x/creativecom-thumb.webp,https://www.lapa.ninja/post/creativecom/
Lapa Ninja (Post),Antonio Calvo,PORTFOLIO,,,https://cdn.lapa.ninja/assets/images/1x/antoniocalvoartandsoul-thumb.webp,https://www.lapa.ninja/post/antoniocalvoartandsoul/
Lapa Ninja (Post),Alligator Studio,STUDIO,,,https://cdn.lapa.ninja/assets/images/1x/alligatorstudio-thumb.webp,https://www.lapa.ninja/post/alligatorstudio/
Lapa Ninja (Post),ALF,PHOTOGRAPHY,,,https://cdn.lapa.ninja/assets/images/1x/alittlefly-thumb.webp,https://www.lapa.ninja/post/alittlefly/
Lapa Ninja (Post),admilk,AGENCY,,,https://cdn.lapa.ninja/assets/images/1x/admilk-thumb.webp,https://www.lapa.ninja/post/admilk/
Lapa Ninja (Post),hey.Valentin,PORTFOLIO,,,https://cdn.lapa.ninja/assets/images/1x/heyvalentin-2-thumb.webp,https://www.lapa.ninja/post/heyvalentin-2/
Lapa Ninja (Post),CRSL Carosello Lab,STUDIO,,,https://cdn.lapa.ninja/assets/images/1x/crsl-thumb.webp,https://www.lapa.ninja/post/crsl/
Lapa Ninja (Post),Bad Omens,ECOMMERCE,,,https://cdn.lapa.ninja/assets/images/1x/badomensofficial-thumb.webp,https://www.lapa.ninja/post/badomensofficial/
Lapa Ninja (Post),BUTT STUDIO,STUDIO,,,https://cdn.lapa.ninja/assets/images/1x/butt-studio-thumb.webp,https://www.lapa.ninja/post/butt-studio/
Lapa Ninja (Post),Roxane Hassler,PORTFOLIO,,,https://cdn.lapa.ninja/assets/images/1x/roxanehassler-thumb.webp,https://www.lapa.ninja/post/roxanehassler/
Lapa Ninja (Post),The OCT Game,GAME,,,https://cdn.lapa.ninja/assets/images/1x/theoct-thumb.webp,https://www.lapa.ninja/post/theoct/
Lapa Ninja (Post),Horatio,BUSINESS,,,https://cdn.lapa.ninja/assets/images/1x/hirehoratio-thumb.webp,https://www.lapa.ninja/post/hirehoratio/
Lapa Ninja (Post),Big Human,AGENCY,,,https://cdn.lapa.ninja/assets/images/1x/bighuman-2-thumb.webp,https://www.lapa.ninja/post/bighuman-2/
Lapa Ninja (Post),Aave,DEFI,,,https://cdn.lapa.ninja/assets/images/1x/aave-2-thumb.webp,https://www.lapa.ninja/post/aave-2/
Lapa Ninja (Post),Sketch Blog,BLOG,,,https://cdn.lapa.ninja/assets/images/1x/sketch-blog-thumb.webp,https://www.lapa.ninja/post/sketch-blog/
Lapa Ninja (Post),Claynosaurz,GAME,,,https://cdn.lapa.ninja/assets/images/1x/claynosaurz-thumb.webp,https://www.lapa.ninja/post/claynosaurz/
Lapa Ninja (Post),Théâtre-Sénart,CULTURE,,,https://cdn.lapa.ninja/assets/images/1x/theatre-senart-thumb.webp,https://www.lapa.ninja/post/theatre-senart/
Lapa Ninja (Post),Rodeo Club,APP,,,https://cdn.lapa.ninja/assets/images/1x/rodeo-thumb.webp,https://www.lapa.ninja/post/rodeo/
Lapa Ninja (Post),Piccalilli,BLOG,,,https://cdn.lapa.ninja/assets/images/1x/piccalilli-thumb.webp,https://www.lapa.ninja/post/piccalilli/
Lapa Ninja (Post),Webisoft,AGENCY,,,https://cdn.lapa.ninja/assets/images/1x/webisoft-thumb.webp,https://www.lapa.ninja/post/webisoft/
Lapa Ninja (Post),Intrepid Automation,BUSINESS,,,https://cdn.lapa.ninja/assets/images/1x/intrepidautomation-thumb.webp,https://www.lapa.ninja/post/intrepidautomation/
Lapa Ninja (Post),Cake Equity,SAAS,,,https://cdn.lapa.ninja/assets/images/1x/cakeequity-thumb.webp,https://www.lapa.ninja/post/cakeequity/
Lapa Ninja (Post),Anteverti,CORPORATE,,,https://cdn.lapa.ninja/assets/images/1x/anteverti-thumb.webp,https://www.lapa.ninja/post/anteverti/
Lapa Ninja (Post),CrowdCargo,BUSINESS,,,https://cdn.lapa.ninja/assets/images/1x/crowdcargo-thumb.webp,https://www.lapa.ninja/post/crowdcargo/
Lapa Ninja (Post),Dope Security,SAAS,,,https://cdn.lapa.ninja/assets/images/1x/dope-security-thumb.webp,https://www.lapa.ninja/post/dope-security/
Lapa Ninja (Post),LAS Art Foundation,CORPORATE,,,https://cdn.lapa.ninja/assets/images/1x/las-art-thumb.webp,https://www.lapa.ninja/post/las-art/
Lapa Ninja (Post),Sergey Lisovskiy,STUDIO,,,https://cdn.lapa.ninja/assets/images/1x/lisovskiy-thumb.webp,https://www.lapa.ninja/post/lisovskiy/
Lapa Ninja (Post),Long Wknd,BEAUTY,,,https://cdn.lapa.ninja/assets/images/1x/longwknd-thumb.webp,https://www.lapa.ninja/post/longwknd/
Lapa Ninja (Post),Ohmiego,PRODUCT,,,https://cdn.lapa.ninja/assets/images/1x/ohmiego-thumb.webp,https://www.lapa.ninja/post/ohmiego/
Lapa Ninja (Post),Tuple,DEVELOPMENT TOOLS,,,https://cdn.lapa.ninja/assets/images/1x/tuple-thumb.webp,https://www.lapa.ninja/post/tuple/
Lapa Ninja (Post),UnD NY,FOOD DRINKS,,,https://cdn.lapa.ninja/assets/images/1x/und-ny-thumb.webp,https://www.lapa.ninja/post/und-ny/
Lapa Ninja (Post),Spectrum.Life,HEALTH FITNESS,,,https://cdn.lapa.ninja/assets/images/1x/spectrum-life-thumb.webp,https://www.lapa.ninja/post/spectrum-life/
Lapa Ninja (Post),Make with Notion,EVENT,,,https://cdn.lapa.ninja/assets/images/1x/makewithnotion-thumb.webp,https://www.lapa.ninja/post/makewithnotion/
Lapa Ninja (Post),Arc Search,APP,,,https://cdn.lapa.ninja/assets/images/1x/arc-search-thumb.webp,https://www.lapa.ninja/post/arc-search/
Lapa Ninja (Post),CALA,FOOD DRINKS,,,https://cdn.lapa.ninja/assets/images/1x/eatcala-thumb.webp,https://www.lapa.ninja/post/eatcala/
Lapa Ninja (Post),OpenHome,ARTIFICIAL INTELLIGENCE,,,https://cdn.lapa.ninja/assets/images/1x/openhome-thumb.webp,https://www.lapa.ninja/post/openhome/
Lapa Ninja (Post),The Neuron,EDUCATION,,,https://cdn.lapa.ninja/assets/images/1x/theneuron-thumb.webp,https://www.lapa.ninja/post/theneuron/
Lapa Ninja (Post),Twice,ECOMMERCE,,,https://cdn.lapa.ninja/assets/images/1x/smiletwice-thumb.webp,https://www.lapa.ninja/post/smiletwice/
Lapa Ninja (Post),Atla AI,ARTIFICIAL INTELLIGENCE,,,https://cdn.lapa.ninja/assets/images/1x/atla-ai-thumb.webp,https://www.lapa.ninja/post/atla-ai/
Lapa Ninja (Post),SERIOUS.BUSINESS,AGENCY,,,https://cdn.lapa.ninja/assets/images/1x/serious-business-2-thumb.webp,https://www.lapa.ninja/post/serious-business-2/
Lapa Ninja (Post),VOLTA,AUTOMOTIVE,,,https://cdn.lapa.ninja/assets/images/1x/voltayachts-thumb.webp,https://www.lapa.ninja/post/voltayachts/
Lapa Ninja (Post),Runway AI,ARTIFICIAL INTELLIGENCE,,,https://cdn.lapa.ninja/assets/images/1x/runway-3-thumb.webp,https://www.lapa.ninja/post/runway-3/
Lapa Ninja (Post),Rodeo Club,SOCIAL MEDIA,,,https://cdn.lapa.ninja/assets/images/1x/rodeo-club-thumb.webp,https://www.lapa.ninja/post/rodeo-club/
Lapa Ninja (Post),Pano,SAAS,,,https://cdn.lapa.ninja/assets/images/1x/gopano-thumb.webp,https://www.lapa.ninja/post/gopano/
Lapa Ninja (Post),SOGAI,ARTIFICIAL INTELLIGENCE,,,https://cdn.lapa.ninja/assets/images/1x/sogaiart-thumb.webp,https://www.lapa.ninja/post/sogaiart/
Lapa Ninja (Post),Wondermake,AGENCY,,,https://cdn.lapa.ninja/assets/images/1x/wondermake-thumb.webp,https://www.lapa.ninja/post/wondermake/
Lapa Ninja (Post),Mrazek Tomas,PORTFOLIO,,,https://cdn.lapa.ninja/assets/images/1x/mrazek-tomas-thumb.webp,https://www.lapa.ninja/post/mrazek-tomas/
Lapa Ninja (Post),Wimp,FOOD DRINKS,,,https://cdn.lapa.ninja/assets/images/1x/wimpdecaf-2-thumb.webp,https://www.lapa.ninja/post/wimpdecaf-2/
Lapa Ninja (Post),TradeZero,FINTECH,,,https://cdn.lapa.ninja/assets/images/1x/tradezero-thumb.webp,https://www.lapa.ninja/post/tradezero/
Lapa Ninja (Post),Spacekayak,STUDIO,,,https://cdn.lapa.ninja/assets/images/1x/spacekayak-2-thumb.webp,https://www.lapa.ninja/post/spacekayak-2/
Lapa Ninja (Post),Lowe's Innovation Labs,FURNITURE INTERIORS,,,https://cdn.lapa.ninja/assets/images/1x/lowesinnovationlabs-thumb.webp,https://www.lapa.ninja/post/lowesinnovationlabs/
Lapa Ninja (Post),Rekorder Studios,STUDIO,,,https://cdn.lapa.ninja/assets/images/1x/rekorderstudios-thumb.webp,https://www.lapa.ninja/post/rekorderstudios/
Lapa Ninja (Post),Significo,STUDIO,,,https://cdn.lapa.ninja/assets/images/1x/significo-thumb.webp,https://www.lapa.ninja/post/significo/
Lapa Ninja (Post),The Little Grey Film,FILM,,,https://cdn.lapa.ninja/assets/images/1x/thelittlegreyfilm-thumb.webp,https://www.lapa.ninja/post/thelittlegreyfilm/
Lapa Ninja (Post),QUITE NICE,FOOD DRINKS,,,https://cdn.lapa.ninja/assets/images/1x/quitenice-thumb.webp,https://www.lapa.ninja/post/quitenice/
Lapa Ninja (Post),Reworkd AI,ARTIFICIAL INTELLIGENCE,,,https://cdn.lapa.ninja/assets/images/1x/reworkd-thumb.webp,https://www.lapa.ninja/post/reworkd/
Lapa Ninja (Post),Round Round,CORPORATE,,,https://cdn.lapa.ninja/assets/images/1x/roundandround-thumb.webp,https://www.lapa.ninja/post/roundandround/
Lapa Ninja (Post),Sebastian Camargo,PORTFOLIO,,,https://cdn.lapa.ninja/assets/images/1x/sebastiancamargo-thumb.webp,https://www.lapa.ninja/post/sebastiancamargo/
Lapa Ninja (Post),Spoil Me,APP,,,https://cdn.lapa.ninja/assets/images/1x/spoil-thumb.webp,https://www.lapa.ninja/post/spoil/
Lapa Ninja (Post),Stata Design,STUDIO,,,https://cdn.lapa.ninja/assets/images/1x/stata-thumb.webp,https://www.lapa.ninja/post/stata/
Lapa Ninja (Post),Supabase,OPEN SOURCE,,,https://cdn.lapa.ninja/assets/images/1x/supabase-thumb.webp,https://www.lapa.ninja/post/supabase/
Lapa Ninja (Post),Animus Studios,STUDIO,,,https://cdn.lapa.ninja/assets/images/1x/animusstudios-2-thumb.webp,https://www.lapa.ninja/post/animusstudios-2/
Lapa Ninja (Post),Framer,DESIGN TOOLS,,,https://cdn.lapa.ninja/assets/images/1x/framer-9-thumb.webp,https://www.lapa.ninja/post/framer-9/
Lapa Ninja (Post),Redbrick Coffee,FOOD DRINKS,,,https://cdn.lapa.ninja/assets/images/1x/redbrick-coffee-2-thumb.webp,https://www.lapa.ninja/post/redbrick-coffee-2/
Lapa Ninja (Post),Campsite,SAAS,,,https://cdn.lapa.ninja/assets/images/1x/campsite-3-thumb.webp,https://www.lapa.ninja/post/campsite-3/
Lapa Ninja (Post),Suzy Welch,PORTFOLIO,,,https://cdn.lapa.ninja/assets/images/1x/suzywelch-thumb.webp,https://www.lapa.ninja/post/suzywelch/
Lapa Ninja (Post),Git Merge 2024,EVENT,,,https://cdn.lapa.ninja/assets/images/1x/git-merge-thumb.webp,https://www.lapa.ninja/post/git-merge/
Lapa Ninja (Post),Recess,ECOMMERCE,,,https://cdn.lapa.ninja/assets/images/1x/ourrecess-thumb.webp,https://www.lapa.ninja/post/ourrecess/
Lapa Ninja (Post),Never Sit Still,AGENCY,,,https://cdn.lapa.ninja/assets/images/1x/neversitstill-2-thumb.webp,https://www.lapa.ninja/post/neversitstill-2/
Lapa Ninja (Post),teenage engineering,ECOMMERCE,,,https://cdn.lapa.ninja/assets/images/1x/teenage-engineering-3-thumb.webp,https://www.lapa.ninja/post/teenage-engineering-3/
Lapa Ninja (Post),Earthr,STUDIO,,,https://cdn.lapa.ninja/assets/images/1x/earthr-2-thumb.webp,https://www.lapa.ninja/post/earthr-2/
Lapa Ninja (Post),Studio Sentempo,STUDIO,,,https://cdn.lapa.ninja/assets/images/1x/studiosentempo-2-thumb.webp,https://www.lapa.ninja/post/studiosentempo-2/
Lapa Ninja (Post),CTRL Wallet,APP,,,https://cdn.lapa.ninja/assets/images/1x/ctrl-thumb.webp,https://www.lapa.ninja/post/ctrl/
Lapa Ninja (Post),erthos,CORPORATE,,,https://cdn.lapa.ninja/assets/images/1x/planeterthos-thumb.webp,https://www.lapa.ninja/post/planeterthos/
Lapa Ninja (Post),Shuttle,SAAS,,,https://cdn.lapa.ninja/assets/images/1x/shuttle-thumb.webp,https://www.lapa.ninja/post/shuttle/
Lapa Ninja (Post),Salus Ice,HEALTH FITNESS,,,https://cdn.lapa.ninja/assets/images/1x/salusice-thumb.webp,https://www.lapa.ninja/post/salusice/
Lapa Ninja (Post),Sabato Studio,STUDIO,,,https://cdn.lapa.ninja/assets/images/1x/sabato-studio-2-thumb.webp,https://www.lapa.ninja/post/sabato-studio-2/
Lapa Ninja (Post),Poo Paper,ECOMMERCE,,,https://cdn.lapa.ninja/assets/images/1x/poopaper-thumb.webp,https://www.lapa.ninja/post/poopaper/
Lapa Ninja (Post),Full Hearts,CORPORATE,,,https://cdn.lapa.ninja/assets/images/1x/fullhearts-thumb.webp,https://www.lapa.ninja/post/fullhearts/
Lapa Ninja (Post),Open Statement,STUDIO,,,https://cdn.lapa.ninja/assets/images/1x/openstatement-thumb.webp,https://www.lapa.ninja/post/openstatement/
Lapa Ninja (Post),⌘ Langbase,ARTIFICIAL INTELLIGENCE,,,https://cdn.lapa.ninja/assets/images/1x/langbase-thumb.webp,https://www.lapa.ninja/post/langbase/
Lapa Ninja (Post),Astro Party,ILLUSTRATION,,,https://cdn.lapa.ninja/assets/images/1x/astro-party-thumb.webp,https://www.lapa.ninja/post/astro-party/
Lapa Ninja (Post),Retronova,FASHION,,,https://cdn.lapa.ninja/assets/images/1x/retronovaworld-thumb.webp,https://www.lapa.ninja/post/retronovaworld/
Lapa Ninja (Post),CRED money,APP,,,https://cdn.lapa.ninja/assets/images/1x/cred-thumb.webp,https://www.lapa.ninja/post/cred/
Lapa Ninja (Post),Miro Intelligent Canvas,PRODUCTIVITY,,,https://cdn.lapa.ninja/assets/images/1x/miro-3-thumb.webp,https://www.lapa.ninja/post/miro-3/
Lapa Ninja (Post),(Re)vive,FASHION,,,https://cdn.lapa.ninja/assets/images/1x/byrevive-thumb.webp,https://www.lapa.ninja/post/byrevive/
Lapa Ninja (Post),Aave,DEFI,,,https://cdn.lapa.ninja/assets/images/1x/aave-thumb.webp,https://www.lapa.ninja/post/aave/
Lapa Ninja (Post),Visual Electric,ARTIFICIAL INTELLIGENCE,,,https://cdn.lapa.ninja/assets/images/1x/visualelectric-2-thumb.webp,https://www.lapa.ninja/post/visualelectric-2/
Lapa Ninja (Post),Alcest,ILLUSTRATION,,,https://cdn.lapa.ninja/assets/images/1x/alcestmusic-thumb.webp,https://www.lapa.ninja/post/alcestmusic/
Lapa Ninja (Post),LOBATO,AGENCY,,,https://cdn.lapa.ninja/assets/images/1x/lobatos-thumb.webp,https://www.lapa.ninja/post/lobatos/
Lapa Ninja (Post),Blok,HARDWARE,,,https://cdn.lapa.ninja/assets/images/1x/blok-thumb.webp,https://www.lapa.ninja/post/blok/
Lapa Ninja (Post),Rome,BLOCKCHAIN,,,https://cdn.lapa.ninja/assets/images/1x/rome-thumb.webp,https://www.lapa.ninja/post/rome/
Lapa Ninja (Post),Appart Agency,AGENCY,,,https://cdn.lapa.ninja/assets/images/1x/appart-agency-thumb.webp,https://www.lapa.ninja/post/appart-agency/
Lapa Ninja (Post),FastHTML,SAAS,,,https://cdn.lapa.ninja/assets/images/1x/fasthtml-thumb.webp,https://www.lapa.ninja/post/fasthtml/
Lapa Ninja (Post),IISE,FASHION,,,https://cdn.lapa.ninja/assets/images/1x/iise-thumb.webp,https://www.lapa.ninja/post/iise/
Lapa Ninja (Post),Harvard University,EDUCATION,,,https://cdn.lapa.ninja/assets/images/1x/harvard-2-thumb.webp,https://www.lapa.ninja/post/harvard-2/
Lapa Ninja (Post),Fabric,PRODUCTIVITY,,,https://cdn.lapa.ninja/assets/images/1x/fabric-so-thumb.webp,https://www.lapa.ninja/post/fabric-so/
Lapa Ninja (Post),Vadim Makeev,PORTFOLIO,,,https://cdn.lapa.ninja/assets/images/1x/pepelsbey-thumb.webp,https://www.lapa.ninja/post/pepelsbey/
Lapa Ninja (Post),GRAYSCALE STUDIO,STUDIO,,,https://cdn.lapa.ninja/assets/images/1x/grayscale-studio-thumb.webp,https://www.lapa.ninja/post/grayscale-studio/
Lapa Ninja (Post),The Other Glasses,ECOMMERCE,,,https://cdn.lapa.ninja/assets/images/1x/theotherglasses-thumb.webp,https://www.lapa.ninja/post/theotherglasses/
Lapa Ninja (Post),Joyeux Repas,AGENCY,,,https://cdn.lapa.ninja/assets/images/1x/joyeux-repas-thumb.webp,https://www.lapa.ninja/post/joyeux-repas/
Lapa Ninja (Post),Silv Studio,STUDIO,,,https://cdn.lapa.ninja/assets/images/1x/silvstudio-thumb.webp,https://www.lapa.ninja/post/silvstudio/
Lapa Ninja (Post),Better Off Studio,STUDIO,,,https://cdn.lapa.ninja/assets/images/1x/betteroff-studio-thumb.webp,https://www.lapa.ninja/post/betteroff-studio/
Lapa Ninja (Post),Eclipse,CRYPTOCURRENCY,,,https://cdn.lapa.ninja/assets/images/1x/eclipse-xyz-thumb.webp,https://www.lapa.ninja/post/eclipse-xyz/
Lapa Ninja (Post),SNEAKER,FASHION,,,https://cdn.lapa.ninja/assets/images/1x/sneaker-thumb.webp,https://www.lapa.ninja/post/sneaker/
Lapa Ninja (Post),Be The Buzz,AGENCY,,,https://cdn.lapa.ninja/assets/images/1x/bethebuzz-thumb.webp,https://www.lapa.ninja/post/bethebuzz/
Lapa Ninja (Post),Clay,SAAS,,,https://cdn.lapa.ninja/assets/images/1x/clay-com-thumb.webp,https://www.lapa.ninja/post/clay-com/
Lapa Ninja (Post),DAILY BRANDING,DESIGN TOOLS,,,https://cdn.lapa.ninja/assets/images/1x/dailybranding-thumb.webp,https://www.lapa.ninja/post/dailybranding/
Lapa Ninja (Post),Watson,AGENCY,,,https://cdn.lapa.ninja/assets/images/1x/watson-2-thumb.webp,https://www.lapa.ninja/post/watson-2/
Lapa Ninja (Post),Standard Equipment,ECOMMERCE,,,https://cdn.lapa.ninja/assets/images/1x/standardequipment-thumb.webp,https://www.lapa.ninja/post/standardequipment/
Lapa Ninja (Post),Super Hello,AGENCY,,,https://cdn.lapa.ninja/assets/images/1x/superhello-thumb.webp,https://www.lapa.ninja/post/superhello/
Lapa Ninja (Post),Seline,SAAS,,,https://cdn.lapa.ninja/assets/images/1x/seline-thumb.webp,https://www.lapa.ninja/post/seline/
Lapa Ninja (Post),DesignStudio,AGENCY,,,https://cdn.lapa.ninja/assets/images/1x/design-studio-thumb.webp,https://www.lapa.ninja/post/design-studio/
Lapa Ninja (Post),YOWIE,ECOMMERCE,,,https://cdn.lapa.ninja/assets/images/1x/helloyowie-thumb.webp,https://www.lapa.ninja/post/helloyowie/
Lapa Ninja (Post),Chrono,FASHION,,,https://cdn.lapa.ninja/assets/images/1x/chronothreads-thumb.webp,https://www.lapa.ninja/post/chronothreads/
Lapa Ninja (Post),Haus,AGENCY,,,https://cdn.lapa.ninja/assets/images/1x/madeinhaus-thumb.webp,https://www.lapa.ninja/post/madeinhaus/
Lapa Ninja (Post),Nicolas Giannantonio,PORTFOLIO,,,https://cdn.lapa.ninja/assets/images/1x/nicolas-giannantonio-thumb.webp,https://www.lapa.ninja/post/nicolas-giannantonio/
Lapa Ninja (Post),Vitali Zahharov,PORTFOLIO,,,https://cdn.lapa.ninja/assets/images/1x/vitali-2-thumb.webp,https://www.lapa.ninja/post/vitali-2/
Lapa Ninja (Post),Isle of Skye Whisky,FOOD DRINKS,,,https://cdn.lapa.ninja/assets/images/1x/isleofskyewhisky-thumb.webp,https://www.lapa.ninja/post/isleofskyewhisky/
Lapa Ninja (Post),Titan,APP,,,https://cdn.lapa.ninja/assets/images/1x/titan-thumb.webp,https://www.lapa.ninja/post/titan/
Lapa Ninja (Post),Jess Wang,PORTFOLIO,,,https://cdn.lapa.ninja/assets/images/1x/jwang-thumb.webp,https://www.lapa.ninja/post/jwang/
Lapa Ninja (Post),Mill,ECOMMERCE,,,https://cdn.lapa.ninja/assets/images/1x/mill-2-thumb.webp,https://www.lapa.ninja/post/mill-2/
Lapa Ninja (Post),Librairie Expérience,ECOMMERCE,,,https://cdn.lapa.ninja/assets/images/1x/librairie-experience-thumb.webp,https://www.lapa.ninja/post/librairie-experience/
Lapa Ninja (Post),Raus,REAL ESTATE,,,https://cdn.lapa.ninja/assets/images/1x/raus-thumb.webp,https://www.lapa.ninja/post/raus/
Lapa Ninja (Post),MYTH,WEB3,,,https://cdn.lapa.ninja/assets/images/1x/myth-thumb.webp,https://www.lapa.ninja/post/myth/
Lapa Ninja (Post),"Hey, Bay City!",COMMUNITY,,,https://cdn.lapa.ninja/assets/images/1x/heybaycity-thumb.webp,https://www.lapa.ninja/post/heybaycity/
Lapa Ninja (Post),Heva Health,HEALTH FITNESS,,,https://cdn.lapa.ninja/assets/images/1x/hevahealth-thumb.webp,https://www.lapa.ninja/post/hevahealth/
Lapa Ninja (Post),Yann-Edern Gillet,PORTFOLIO,,,https://cdn.lapa.ninja/assets/images/1x/yannglt-2-thumb.webp,https://www.lapa.ninja/post/yannglt-2/
Lapa Ninja (Post),SFI,FASHION,,,https://cdn.lapa.ninja/assets/images/1x/starfadesinternational-thumb.webp,https://www.lapa.ninja/post/starfadesinternational/
Lapa Ninja (Post),Codex,BLOCKCHAIN,,,https://cdn.lapa.ninja/assets/images/1x/codex-thumb.webp,https://www.lapa.ninja/post/codex/
Lapa Ninja (Post),tinyPod,HARDWARE,,,https://cdn.lapa.ninja/assets/images/1x/thetinypod-thumb.webp,https://www.lapa.ninja/post/thetinypod/
Lapa Ninja (Post),Cob,FOOD DRINKS,,,https://cdn.lapa.ninja/assets/images/1x/cobfoods-thumb.webp,https://www.lapa.ninja/post/cobfoods/
Lapa Ninja (Post),Dogelon Mars,ILLUSTRATION,,,https://cdn.lapa.ninja/assets/images/1x/dogelonmars-thumb.webp,https://www.lapa.ninja/post/dogelonmars/
Lapa Ninja (Post),Quin,SAAS,,,https://cdn.lapa.ninja/assets/images/1x/heyquin-thumb.jpg,https://www.lapa.ninja/post/heyquin/
Lapa Ninja (Post),Strategyzer,ILLUSTRATION,,,https://cdn.lapa.ninja/assets/images/1x/strategyzer-thumb.webp,https://www.lapa.ninja/post/strategyzer/
Lapa Ninja (Post),Ray Philly,REAL ESTATE,,,https://cdn.lapa.ninja/assets/images/1x/rayphilly-thumb.webp,https://www.lapa.ninja/post/rayphilly/
Lapa Ninja (Post),Populous,CORPORATE,,,https://cdn.lapa.ninja/assets/images/1x/populous-thumb.webp,https://www.lapa.ninja/post/populous/
Lapa Ninja (Post),GitBook,PRODUCTIVITY,,,https://cdn.lapa.ninja/assets/images/1x/gitbook-4-thumb.webp,https://www.lapa.ninja/post/gitbook-4/
Lapa Ninja (Post),Eun Jeong Yoo,PORTFOLIO,,,https://cdn.lapa.ninja/assets/images/1x/eunjeongyoo-3-thumb.webp,https://www.lapa.ninja/post/eunjeongyoo-3/
Lapa Ninja (Post),Benjamin Hutter,PORTFOLIO,,,https://cdn.lapa.ninja/assets/images/1x/benjaminhutter-thumb.webp,https://www.lapa.ninja/post/benjaminhutter/
Lapa Ninja (Post),Harvard University,EDUCATION,,,https://cdn.lapa.ninja/assets/images/1x/harvard-thumb.webp,https://www.lapa.ninja/post/harvard/
Lapa Ninja (Post),ARTXCODE,WEB3,,,https://cdn.lapa.ninja/assets/images/1x/artxcode-thumb.webp,https://www.lapa.ninja/post/artxcode/
Lapa Ninja (Post),Morphic,DESIGN TOOLS,,,https://cdn.lapa.ninja/assets/images/1x/morphic-thumb.webp,https://www.lapa.ninja/post/morphic/
Lapa Ninja (Post),Kinfolk,MAGAZINE,,,https://cdn.lapa.ninja/assets/images/1x/kinfolk-thumb.webp,https://www.lapa.ninja/post/kinfolk/
Lapa Ninja (Post),Pursuit,APP,,,https://cdn.lapa.ninja/assets/images/1x/pursuit-thumb.webp,https://www.lapa.ninja/post/pursuit/
Lapa Ninja (Post),Fonts Ninja,TYPOGRAPHY,,,https://cdn.lapa.ninja/assets/images/1x/fonts-ninja-2-thumb.webp,https://www.lapa.ninja/post/fonts-ninja-2/
Lapa Ninja (Post),Wimp,FOOD DRINKS,,,https://cdn.lapa.ninja/assets/images/1x/wimpdecaf-thumb.webp,https://www.lapa.ninja/post/wimpdecaf/
Lapa Ninja (Post),Uxkosta,PORTFOLIO,,,https://cdn.lapa.ninja/assets/images/1x/uxkosta-thumb.webp,https://www.lapa.ninja/post/uxkosta/
Lapa Ninja (Post),STUDIO,DESIGN TOOLS,,,https://cdn.lapa.ninja/assets/images/1x/studio-design-4-thumb.webp,https://www.lapa.ninja/post/studio-design-4/
Lapa Ninja (Post),makemeplay,STUDIO,,,https://cdn.lapa.ninja/assets/images/1x/makemepulse-3-thumb.webp,https://www.lapa.ninja/post/makemepulse-3/
Lapa Ninja (Post),Little Troop,STUDIO,,,https://cdn.lapa.ninja/assets/images/1x/littletroop-thumb.webp,https://www.lapa.ninja/post/littletroop/
Lapa Ninja (Post),DePoly,CORPORATE,,,https://cdn.lapa.ninja/assets/images/1x/depoly-thumb.webp,https://www.lapa.ninja/post/depoly/
Lapa Ninja (Post),Artboard Studio,DESIGN TOOLS,,,https://cdn.lapa.ninja/assets/images/1x/artboard-studio-3-thumb.webp,https://www.lapa.ninja/post/artboard-studio-3/
Lapa Ninja (Post),Alex Hunting,AGENCY,,,https://cdn.lapa.ninja/assets/images/1x/alexhunting-thumb.webp,https://www.lapa.ninja/post/alexhunting/
Lapa Ninja (Post),Summa Equity,ILLUSTRATION,,,https://cdn.lapa.ninja/assets/images/1x/summaequity-thumb.webp,https://www.lapa.ninja/post/summaequity/
Lapa Ninja (Post),Cristina Gómez,PORTFOLIO,,,https://cdn.lapa.ninja/assets/images/1x/cristinagomezruiz-thumb.webp,https://www.lapa.ninja/post/cristinagomezruiz/
Lapa Ninja (Post),+13322566869,PORTFOLIO,,,https://cdn.lapa.ninja/assets/images/1x/13322566869-thumb.webp,https://www.lapa.ninja/post/13322566869/
Lapa Ninja (Post),Decathland,ILLUSTRATION,,,https://cdn.lapa.ninja/assets/images/1x/decathland-thumb.webp,https://www.lapa.ninja/post/decathland/
Lapa Ninja (Post),unplain,BEAUTY,,,https://cdn.lapa.ninja/assets/images/1x/unplainofficial-thumb.webp,https://www.lapa.ninja/post/unplainofficial/
Lapa Ninja (Post),Made Crate,ECOMMERCE,,,https://cdn.lapa.ninja/assets/images/1x/madecrate-thumb.webp,https://www.lapa.ninja/post/madecrate/
Lapa Ninja (Post),Alipo,ECOMMERCE,,,https://cdn.lapa.ninja/assets/images/1x/alipo-thumb.webp,https://www.lapa.ninja/post/alipo/
Lapa Ninja (Post),ENS Domains,WEB3,,,https://cdn.lapa.ninja/assets/images/1x/ens-domains-thumb.webp,https://www.lapa.ninja/post/ens-domains/
Lapa Ninja (Post),Ethos Network,BLOCKCHAIN,,,https://cdn.lapa.ninja/assets/images/1x/ethos-network-thumb.webp,https://www.lapa.ninja/post/ethos-network/
Lapa Ninja (Post),Yuna,ILLUSTRATION,,,https://cdn.lapa.ninja/assets/images/1x/yunastories-thumb.webp,https://www.lapa.ninja/post/yunastories/
Lapa Ninja (Post),Studio Size,STUDIO,,,https://cdn.lapa.ninja/assets/images/1x/studio-size-thumb.webp,https://www.lapa.ninja/post/studio-size/
Lapa Ninja (Post),Den.Cool,STUDIO,,,https://cdn.lapa.ninja/assets/images/1x/den-cool-thumb.webp,https://www.lapa.ninja/post/den-cool/
Lapa Ninja (Post),LFG,BLOCKCHAIN,,,https://cdn.lapa.ninja/assets/images/1x/lfg-cash-thumb.webp,https://www.lapa.ninja/post/lfg-cash/
Lapa Ninja (Post),Sugar,HEALTH FITNESS,,,https://cdn.lapa.ninja/assets/images/1x/sugar-thumb.webp,https://www.lapa.ninja/post/sugar/
Lapa Ninja (Post),Todoist,PRODUCTIVITY,,,https://cdn.lapa.ninja/assets/images/1x/todoist-5-thumb.webp,https://www.lapa.ninja/post/todoist-5/
Lapa Ninja (Post),Jose Ocando,PORTFOLIO,,,https://cdn.lapa.ninja/assets/images/1x/joseocando-thumb.webp,https://www.lapa.ninja/post/joseocando/
Lapa Ninja (Post),Accordion,AGENCY,,,https://cdn.lapa.ninja/assets/images/1x/accordion-thumb.webp,https://www.lapa.ninja/post/accordion/
Lapa Ninja (Post),Alastair Strong Studio,STUDIO,,,https://cdn.lapa.ninja/assets/images/1x/alastairstrong-thumb.webp,https://www.lapa.ninja/post/alastairstrong/
Lapa Ninja (Post),FEASTIE,EVENT,,,https://cdn.lapa.ninja/assets/images/1x/feastie-thumb.webp,https://www.lapa.ninja/post/feastie/
Lapa Ninja (Post),Matrix,VENTURES,,,https://cdn.lapa.ninja/assets/images/1x/matrix-thumb.webp,https://www.lapa.ninja/post/matrix/
Lapa Ninja (Post),Lithic,SAAS,,,https://cdn.lapa.ninja/assets/images/1x/lithic-2-thumb.webp,https://www.lapa.ninja/post/lithic-2/
Lapa Ninja (Post),Oddit,AGENCY,,,https://cdn.lapa.ninja/assets/images/1x/oddit-thumb.webp,https://www.lapa.ninja/post/oddit/
Lapa Ninja (Post),Linda Ikechukwu,PORTFOLIO,,,https://cdn.lapa.ninja/assets/images/1x/lindaikechukwu-thumb.webp,https://www.lapa.ninja/post/lindaikechukwu/
Lapa Ninja (Post),Tinyman,TECHNOLOGY,,,https://cdn.lapa.ninja/assets/images/1x/tinyman-thumb.webp,https://www.lapa.ninja/post/tinyman/
Lapa Ninja (Post),Drex,PORTFOLIO,,,https://cdn.lapa.ninja/assets/images/1x/drex-thumb.webp,https://www.lapa.ninja/post/drex/
Lapa Ninja (Post),Thibaut Crépelle,PORTFOLIO,,,https://cdn.lapa.ninja/assets/images/1x/thibaut-thumb.webp,https://www.lapa.ninja/post/thibaut/
Lapa Ninja (Post),Anyways,AGENCY,,,https://cdn.lapa.ninja/assets/images/1x/anyways-thumb.webp,https://www.lapa.ninja/post/anyways/
Lapa Ninja (Post),Litebox,AGENCY,,,https://cdn.lapa.ninja/assets/images/1x/litebox-thumb.webp,https://www.lapa.ninja/post/litebox/
Lapa Ninja (Post),STR8FIRE,WEB3,,,https://cdn.lapa.ninja/assets/images/1x/str8fire-thumb.webp,https://www.lapa.ninja/post/str8fire/
Lapa Ninja (Post),Zero Studios,AGENCY,,,https://cdn.lapa.ninja/assets/images/1x/zero-2-thumb.webp,https://www.lapa.ninja/post/zero-2/
Lapa Ninja (Post),Due,FINTECH,,,https://cdn.lapa.ninja/assets/images/1x/opendue-thumb.webp,https://www.lapa.ninja/post/opendue/
Lapa Ninja (Post),Bike Time,ECOMMERCE,,,https://cdn.lapa.ninja/assets/images/1x/bike-time-thumb.webp,https://www.lapa.ninja/post/bike-time/
Lapa Ninja (Post),Underline Colorado Springs,ILLUSTRATION,,,https://cdn.lapa.ninja/assets/images/1x/underline-thumb.webp,https://www.lapa.ninja/post/underline/
Lapa Ninja (Post),Guts Agency,AGENCY,,,https://cdn.lapa.ninja/assets/images/1x/guts-thumb.webp,https://www.lapa.ninja/post/guts/
Lapa Ninja (Post),tbh,CORPORATE,,,https://cdn.lapa.ninja/assets/images/1x/tbh-thumb.webp,https://www.lapa.ninja/post/tbh/
Lapa Ninja (Post),Little Plains,STUDIO,,,https://cdn.lapa.ninja/assets/images/1x/littleplains-thumb.webp,https://www.lapa.ninja/post/littleplains/
Lapa Ninja (Post),BYPG,CORPORATE,,,https://cdn.lapa.ninja/assets/images/1x/bypg-thumb.webp,https://www.lapa.ninja/post/bypg/
Lapa Ninja (Post),The Modern Dentist,HEALTH FITNESS,,,https://cdn.lapa.ninja/assets/images/1x/themoderndentist-thumb.webp,https://www.lapa.ninja/post/themoderndentist/
Lapa Ninja (Post),SĀDH,FASHION,,,https://cdn.lapa.ninja/assets/images/1x/sadh-thumb.webp,https://www.lapa.ninja/post/sadh/
Lapa Ninja (Post),Tricky Knot,CORPORATE,,,https://cdn.lapa.ninja/assets/images/1x/trickyknot-thumb.webp,https://www.lapa.ninja/post/trickyknot/
Lapa Ninja (Post),Fasset,APP,,,https://cdn.lapa.ninja/assets/images/1x/fasset-thumb.webp,https://www.lapa.ninja/post/fasset/
Lapa Ninja (Post),Krepling,SAAS,,,https://cdn.lapa.ninja/assets/images/1x/krepling-thumb.webp,https://www.lapa.ninja/post/krepling/
Lapa Ninja (Post),DES,COURSE,,,https://cdn.lapa.ninja/assets/images/1x/des-by-obys-thumb.webp,https://www.lapa.ninja/post/des-by-obys/
Lapa Ninja (Post),Bihua,STUDIO,,,https://cdn.lapa.ninja/assets/images/1x/bihua-thumb.webp,https://www.lapa.ninja/post/bihua/
Lapa Ninja (Post),Léonard Oliviéro,PHOTOGRAPHY,,,https://cdn.lapa.ninja/assets/images/1x/leonardoliviero-thumb.webp,https://www.lapa.ninja/post/leonardoliviero/
Lapa Ninja (Post),Superhuman,MAIL,,,https://cdn.lapa.ninja/assets/images/1x/superhuman-thumb.webp,https://www.lapa.ninja/post/superhuman/
Lapa Ninja (Post),Revenant,STUDIO,,,https://cdn.lapa.ninja/assets/images/1x/revenant-thumb.webp,https://www.lapa.ninja/post/revenant/
Lapa Ninja (Post),Figma,DESIGN TOOLS,,,https://cdn.lapa.ninja/assets/images/1x/figma-5-thumb.webp,https://www.lapa.ninja/post/figma-5/
Lapa Ninja (Post),CargoKite,BUSINESS,,,https://cdn.lapa.ninja/assets/images/1x/cargokite-thumb.webp,https://www.lapa.ninja/post/cargokite/
Lapa Ninja (Post),Kanak,ECOMMERCE,,,https://cdn.lapa.ninja/assets/images/1x/kanaknaturals-thumb.webp,https://www.lapa.ninja/post/kanaknaturals/
Lapa Ninja (Post),Mercury,FINTECH,,,https://cdn.lapa.ninja/assets/images/1x/mercury-thumb.webp,https://www.lapa.ninja/post/mercury/
Lapa Ninja (Post),Babes by Petra Voice,NFT,,,https://cdn.lapa.ninja/assets/images/1x/babes-thumb.webp,https://www.lapa.ninja/post/babes/
Lapa Ninja (Post),Sonar,STUDIO,,,https://cdn.lapa.ninja/assets/images/1x/sonarmusic-thumb.webp,https://www.lapa.ninja/post/sonarmusic/
Lapa Ninja (Post),METALWORKS,ECOMMERCE,,,https://cdn.lapa.ninja/assets/images/1x/metalworks-thumb.webp,https://www.lapa.ninja/post/metalworks/
Lapa Ninja (Post),Bored Cow,FOOD DRINKS,,,https://cdn.lapa.ninja/assets/images/1x/tryboredcow-thumb.webp,https://www.lapa.ninja/post/tryboredcow/
Lapa Ninja (Post),Podscan.fm,SAAS,,,https://cdn.lapa.ninja/assets/images/1x/podscan-thumb.webp,https://www.lapa.ninja/post/podscan/
Lapa Ninja (Post),Clarisse Michard,PORTFOLIO,,,https://cdn.lapa.ninja/assets/images/1x/clarissemichard-thumb.webp,https://www.lapa.ninja/post/clarissemichard/
Lapa Ninja (Post),XOTC,FINTECH,,,https://cdn.lapa.ninja/assets/images/1x/xotc-thumb.webp,https://www.lapa.ninja/post/xotc/
Lapa Ninja (Post),Zenith VC,VENTURES,,,https://cdn.lapa.ninja/assets/images/1x/zenithvc-thumb.webp,https://www.lapa.ninja/post/zenithvc/
Lapa Ninja (Post),Planpoint,SAAS,,,https://cdn.lapa.ninja/assets/images/1x/planpoint-thumb.webp,https://www.lapa.ninja/post/planpoint/
Lapa Ninja (Post),Planhat,SAAS,,,https://cdn.lapa.ninja/assets/images/1x/planhat-thumb.webp,https://www.lapa.ninja/post/planhat/
Lapa Ninja (Post),Workflow,PRODUCTIVITY,,,https://cdn.lapa.ninja/assets/images/1x/workflow-thumb.webp,https://www.lapa.ninja/post/workflow/
Lapa Ninja (Post),PILOT.REPUBLIK,CORPORATE,,,https://cdn.lapa.ninja/assets/images/1x/pilot-republic-thumb.webp,https://www.lapa.ninja/post/pilot-republic/
Lapa Ninja (Post),Axis,FINANCE,,,https://cdn.lapa.ninja/assets/images/1x/axis-thumb.webp,https://www.lapa.ninja/post/axis/
Lapa Ninja (Post),Acctual,SAAS,,,https://cdn.lapa.ninja/assets/images/1x/acctual-thumb.webp,https://www.lapa.ninja/post/acctual/
Lapa Ninja (Post),Just Salad,FOOD DRINKS,,,https://cdn.lapa.ninja/assets/images/1x/justsalad-thumb.webp,https://www.lapa.ninja/post/justsalad/
Lapa Ninja (Post),ANAI,BUSINESS,,,https://cdn.lapa.ninja/assets/images/1x/anaiwood-thumb.webp,https://www.lapa.ninja/post/anaiwood/
Lapa Ninja (Post),Contra,FREELANCE,,,https://cdn.lapa.ninja/assets/images/1x/contra-4-thumb.webp,https://www.lapa.ninja/post/contra-4/
Lapa Ninja (Post),Uizard,DESIGN TOOLS,,,https://cdn.lapa.ninja/assets/images/1x/uizard-2-thumb.webp,https://www.lapa.ninja/post/uizard-2/
Lapa Ninja (Post),Okay Dev,SOCIAL MEDIA,,,https://cdn.lapa.ninja/assets/images/1x/okaydev-thumb.webp,https://www.lapa.ninja/post/okaydev/
Lapa Ninja (Post),FOLLOW,STUDIO,,,https://cdn.lapa.ninja/assets/images/1x/followarchitecture-thumb.webp,https://www.lapa.ninja/post/followarchitecture/
Lapa Ninja (Post),Flow,STUDIO,,,https://cdn.lapa.ninja/assets/images/1x/justgowiththeflow-thumb.webp,https://www.lapa.ninja/post/justgowiththeflow/
Lapa Ninja (Post),Feast Studio,STUDIO,,,https://cdn.lapa.ninja/assets/images/1x/feast-thumb.webp,https://www.lapa.ninja/post/feast/
Lapa Ninja (Post),QuadroDesign,HOME LIVING,,,https://cdn.lapa.ninja/assets/images/1x/quadrodesign-thumb.webp,https://www.lapa.ninja/post/quadrodesign/
Lapa Ninja (Post),Nike Winter ‘24,FASHION,,,https://cdn.lapa.ninja/assets/images/1x/nikewinter24-thumb.webp,https://www.lapa.ninja/post/nikewinter24/
Lapa Ninja (Post),Fly,SAAS,,,https://cdn.lapa.ninja/assets/images/1x/fly-2-thumb.webp,https://www.lapa.ninja/post/fly-2/
Lapa Ninja (Post),Paper + Land,ECOMMERCE,,,https://cdn.lapa.ninja/assets/images/1x/paperandland-thumb.webp,https://www.lapa.ninja/post/paperandland/
Lapa Ninja (Post),Juxtapose,CORPORATE,,,https://cdn.lapa.ninja/assets/images/1x/juxtapose-thumb.webp,https://www.lapa.ninja/post/juxtapose/
Lapa Ninja (Post),ORBIT,ENTERTAINMENT,,,https://cdn.lapa.ninja/assets/images/1x/orbitaudiovisuals-thumb.webp,https://www.lapa.ninja/post/orbitaudiovisuals/
Lapa Ninja (Post),Allfeat,BLOCKCHAIN,,,https://cdn.lapa.ninja/assets/images/1x/allfeat-thumb.webp,https://www.lapa.ninja/post/allfeat/
Lapa Ninja (Post),Huly,SAAS,,,https://cdn.lapa.ninja/assets/images/1x/huly-thumb.webp,https://www.lapa.ninja/post/huly/
Lapa Ninja (Post),Hatch,SAAS,,,https://cdn.lapa.ninja/assets/images/1x/hatch-fm-thumb.webp,https://www.lapa.ninja/post/hatch-fm/
Lapa Ninja (Post),Kevin Mao,PORTFOLIO,,,https://cdn.lapa.ninja/assets/images/1x/kmao-thumb.webp,https://www.lapa.ninja/post/kmao/
Lapa Ninja (Post),Linear,SAAS,,,https://cdn.lapa.ninja/assets/images/1x/linear-4-thumb.webp,https://www.lapa.ninja/post/linear-4/
Lapa Ninja (Post),Siddharth,PORTFOLIO,,,https://cdn.lapa.ninja/assets/images/1x/itsiddharth-thumb.webp,https://www.lapa.ninja/post/itsiddharth/
Lapa Ninja (Post),Sebastiaan de With,PORTFOLIO,,,https://cdn.lapa.ninja/assets/images/1x/sdw-thumb.webp,https://www.lapa.ninja/post/sdw/
Lapa Ninja (Post),Refokus,AGENCY,,,https://cdn.lapa.ninja/assets/images/1x/refokus-thumb.webp,https://www.lapa.ninja/post/refokus/
Lapa Ninja (Post),All You Can Design,PORTFOLIO,,,https://cdn.lapa.ninja/assets/images/1x/allyoucan-thumb.webp,https://www.lapa.ninja/post/allyoucan/
Lapa Ninja (Post),Liveblocks,SAAS,,,https://cdn.lapa.ninja/assets/images/1x/liveblocks-3-thumb.webp,https://www.lapa.ninja/post/liveblocks-3/
Lapa Ninja (Post),Decoding Bio,CORPORATE,,,https://cdn.lapa.ninja/assets/images/1x/decodingbio-thumb.webp,https://www.lapa.ninja/post/decodingbio/
Lapa Ninja (Post),Pirsch,SAAS,,,https://cdn.lapa.ninja/assets/images/1x/pirsch-2-thumb.webp,https://www.lapa.ninja/post/pirsch-2/
Lapa Ninja (Post),Charter Wallet,APP,,,https://cdn.lapa.ninja/assets/images/1x/charterlabs-thumb.webp,https://www.lapa.ninja/post/charterlabs/
Lapa Ninja (Post),OpenServ,ARTIFICIAL INTELLIGENCE,,,https://cdn.lapa.ninja/assets/images/1x/openserv-thumb.webp,https://www.lapa.ninja/post/openserv/
Lapa Ninja (Post),Impilo,HEALTH FITNESS,,,https://cdn.lapa.ninja/assets/images/1x/impilo-thumb.webp,https://www.lapa.ninja/post/impilo/
Lapa Ninja (Post),Colin & Samir,STUDIO,,,https://cdn.lapa.ninja/assets/images/1x/colinandsamir-thumb.webp,https://www.lapa.ninja/post/colinandsamir/
Lapa Ninja (Post),207ouest,ECOMMERCE,,,https://cdn.lapa.ninja/assets/images/1x/207ouest-thumb.webp,https://www.lapa.ninja/post/207ouest/
Lapa Ninja (Post),Guy Morgan,BEAUTY,,,https://cdn.lapa.ninja/assets/images/1x/guy-morgan-thumb.webp,https://www.lapa.ninja/post/guy-morgan/
Lapa Ninja (Post),Apron,PRODUCTIVITY,,,https://cdn.lapa.ninja/assets/images/1x/getapron-thumb.webp,https://www.lapa.ninja/post/getapron/
Lapa Ninja (Post),Luis Bizarro,PORTFOLIO,,,https://cdn.lapa.ninja/assets/images/1x/bizarro-thumb.webp,https://www.lapa.ninja/post/bizarro/
Lapa Ninja (Post),NYBG,OUTDOORS TRAVEL,,,https://cdn.lapa.ninja/assets/images/1x/nybg-thumb.webp,https://www.lapa.ninja/post/nybg/
Lapa Ninja (Post),SLOT,APP,,,https://cdn.lapa.ninja/assets/images/1x/slotapp-thumb.webp,https://www.lapa.ninja/post/slotapp/
Lapa Ninja (Post),Victoria Heim,PORTFOLIO,,,https://cdn.lapa.ninja/assets/images/1x/victoriaheim-thumb.webp,https://www.lapa.ninja/post/victoriaheim/
Lapa Ninja (Post),Glyphy,DESIGN TOOLS,,,https://cdn.lapa.ninja/assets/images/1x/glyphy-2-thumb.webp,https://www.lapa.ninja/post/glyphy-2/
Lapa Ninja (Post),Patch,SAAS,,,https://cdn.lapa.ninja/assets/images/1x/thepatchsystem-thumb.webp,https://www.lapa.ninja/post/thepatchsystem/
Lapa Ninja (Post),Stenger Bike,ECOMMERCE,,,https://cdn.lapa.ninja/assets/images/1x/stenger-bike-thumb.webp,https://www.lapa.ninja/post/stenger-bike/
Lapa Ninja (Post),Unfold,STUDIO,,,https://cdn.lapa.ninja/assets/images/1x/unfold-3-thumb.webp,https://www.lapa.ninja/post/unfold-3/
Lapa Ninja (Post),Holograph,SAAS,,,https://cdn.lapa.ninja/assets/images/1x/holograph-thumb.webp,https://www.lapa.ninja/post/holograph/
Lapa Ninja (Post),Huy Nguyen,PORTFOLIO,,,https://cdn.lapa.ninja/assets/images/1x/huyng-thumb.webp,https://www.lapa.ninja/post/huyng/
Lapa Ninja (Post),Amina Muaddi,FASHION,,,https://cdn.lapa.ninja/assets/images/1x/aminamuaddi-thumb.webp,https://www.lapa.ninja/post/aminamuaddi/
Lapa Ninja (Post),Buy Me a Coffee,SAAS,,,https://cdn.lapa.ninja/assets/images/1x/buymeacoffee-thumb.webp,https://www.lapa.ninja/post/buymeacoffee/
Lapa Ninja (Post),SupClub,EVENT,,,https://cdn.lapa.ninja/assets/images/1x/supclub-thumb.webp,https://www.lapa.ninja/post/supclub/
Lapa Ninja (Post),ERL Clothing,FASHION,,,https://cdn.lapa.ninja/assets/images/1x/erl-thumb.webp,https://www.lapa.ninja/post/erl/
Lapa Ninja (Post),Jan AI,ARTIFICIAL INTELLIGENCE,,,https://cdn.lapa.ninja/assets/images/1x/jan-ai-thumb.webp,https://www.lapa.ninja/post/jan-ai/
Lapa Ninja (Post),ListenUp!,ARTIFICIAL INTELLIGENCE,,,https://cdn.lapa.ninja/assets/images/1x/listenup-thumb.webp,https://www.lapa.ninja/post/listenup/
Lapa Ninja (Post),THE MERGE,EVENT,,,https://cdn.lapa.ninja/assets/images/1x/merge-thumb.webp,https://www.lapa.ninja/post/merge/
Lapa Ninja (Post),Moxie Strategies,CORPORATE,,,https://cdn.lapa.ninja/assets/images/1x/moxie-strategies-thumb.webp,https://www.lapa.ninja/post/moxie-strategies/
Lapa Ninja (Post),Flux Academy,COURSE,,,https://cdn.lapa.ninja/assets/images/1x/flux-academy-2-thumb.webp,https://www.lapa.ninja/post/flux-academy-2/
Lapa Ninja (Post),Nord Quantique,TECHNOLOGY,,,https://cdn.lapa.ninja/assets/images/1x/nordquantique-thumb.webp,https://www.lapa.ninja/post/nordquantique/
Lapa Ninja (Post),Adùn,FOOD DRINKS,,,https://cdn.lapa.ninja/assets/images/1x/getadun-thumb.webp,https://www.lapa.ninja/post/getadun/
Lapa Ninja (Post),Inkfish,AGENCY,,,https://cdn.lapa.ninja/assets/images/1x/inkfishnyc-thumb.webp,https://www.lapa.ninja/post/inkfishnyc/
Lapa Ninja (Post),Penpot,DESIGN TOOLS,,,https://cdn.lapa.ninja/assets/images/1x/penpot-thumb.webp,https://www.lapa.ninja/post/penpot/
Lapa Ninja (Post),PUBLIC SERV-CE,FASHION,,,https://cdn.lapa.ninja/assets/images/1x/publicserv-ce-thumb.webp,https://www.lapa.ninja/post/publicserv-ce/
Lapa Ninja (Post),Artemii Lebedev,PORTFOLIO,,,https://cdn.lapa.ninja/assets/images/1x/artemiilebedev-3-thumb.webp,https://www.lapa.ninja/post/artemiilebedev-3/
Lapa Ninja (Post),Present Space,CULTURE,,,https://cdn.lapa.ninja/assets/images/1x/presentspace-thumb.webp,https://www.lapa.ninja/post/presentspace/
Lapa Ninja (Post),Mobbin,PRODUCTIVITY,,,https://cdn.lapa.ninja/assets/images/1x/mobbin-thumb.webp,https://www.lapa.ninja/post/mobbin/
Lapa Ninja (Post),Heyday,STUDIO,,,https://cdn.lapa.ninja/assets/images/1x/heydaystudio-thumb.webp,https://www.lapa.ninja/post/heydaystudio/
Lapa Ninja (Post),Bemo,STUDIO,,,https://cdn.lapa.ninja/assets/images/1x/bemo-thumb.webp,https://www.lapa.ninja/post/bemo/
Lapa Ninja (Post),Afina,ECOMMERCE,,,https://cdn.lapa.ninja/assets/images/1x/afina-thumb.webp,https://www.lapa.ninja/post/afina/
Lapa Ninja (Post),Work is Play,STUDIO,,,https://cdn.lapa.ninja/assets/images/1x/workisplay-thumb.webp,https://www.lapa.ninja/post/workisplay/
Lapa Ninja (Post),Daylight Computer,ECOMMERCE,,,https://cdn.lapa.ninja/assets/images/1x/daylightcomputer-thumb.webp,https://www.lapa.ninja/post/daylightcomputer/
Lapa Ninja (Post),Quilt,HARDWARE,,,https://cdn.lapa.ninja/assets/images/1x/quilt-thumb.webp,https://www.lapa.ninja/post/quilt/
Lapa Ninja (Post),Bitesized,AGENCY,,,https://cdn.lapa.ninja/assets/images/1x/bitesized-thumb.webp,https://www.lapa.ninja/post/bitesized/
Lapa Ninja (Post),Baseline Design,EDUCATION,,,https://cdn.lapa.ninja/assets/images/1x/baselinedesign-thumb.webp,https://www.lapa.ninja/post/baselinedesign/
Lapa Ninja (Post),specs.berlin,ECOMMERCE,,,https://cdn.lapa.ninja/assets/images/1x/specs-berlin-thumb.webp,https://www.lapa.ninja/post/specs-berlin/
Lapa Ninja (Post),Textla,SAAS,,,https://cdn.lapa.ninja/assets/images/1x/textla-thumb.webp,https://www.lapa.ninja/post/textla/
Lapa Ninja (Post),SaveDay,PRODUCTIVITY,,,https://cdn.lapa.ninja/assets/images/1x/save-day-2-thumb.webp,https://www.lapa.ninja/post/save-day-2/
Lapa Ninja (Post),Circle,SAAS,,,https://cdn.lapa.ninja/assets/images/1x/circleso-2-thumb.webp,https://www.lapa.ninja/post/circleso-2/
Lapa Ninja (Post),Figdam,SAAS,,,https://cdn.lapa.ninja/assets/images/1x/figdam-thumb.webp,https://www.lapa.ninja/post/figdam/
Lapa Ninja (Post),ToyFight,AGENCY,,,https://cdn.lapa.ninja/assets/images/1x/toyfight-2-thumb.webp,https://www.lapa.ninja/post/toyfight-2/
Lapa Ninja (Post),ApeFest 2024 in Lisbon,EVENT,,,https://cdn.lapa.ninja/assets/images/1x/apefest-thumb.webp,https://www.lapa.ninja/post/apefest/
Lapa Ninja (Post),Tobias van Schneider,PORTFOLIO,,,https://cdn.lapa.ninja/assets/images/1x/vanschneider-2-thumb.webp,https://www.lapa.ninja/post/vanschneider-2/
Lapa Ninja (Post),Venga,FINANCE,,,https://cdn.lapa.ninja/assets/images/1x/venga-thumb.webp,https://www.lapa.ninja/post/venga/
Lapa Ninja (Post),Shoez Gallery,FASHION,,,https://cdn.lapa.ninja/assets/images/1x/shoezgallery-thumb.webp,https://www.lapa.ninja/post/shoezgallery/
Lapa Ninja (Post),Nick Velten,PORTFOLIO,,,https://cdn.lapa.ninja/assets/images/1x/nickvelten-thumb.webp,https://www.lapa.ninja/post/nickvelten/
Lapa Ninja (Post),Fruitful,FINANCE,,,https://cdn.lapa.ninja/assets/images/1x/fruitful-thumb.webp,https://www.lapa.ninja/post/fruitful/
Lapa Ninja (Post),Equals,SAAS,,,https://cdn.lapa.ninja/assets/images/1x/equals-thumb.webp,https://www.lapa.ninja/post/equals/
Lapa Ninja (Post),Six Socks Studio,STUDIO,,,https://cdn.lapa.ninja/assets/images/1x/sixsocks-thumb.webp,https://www.lapa.ninja/post/sixsocks/
Lapa Ninja (Post),Agora,ILLUSTRATION,,,https://cdn.lapa.ninja/assets/images/1x/agora-thumb.webp,https://www.lapa.ninja/post/agora/
Lapa Ninja (Post),Dovetail,SAAS,,,https://cdn.lapa.ninja/assets/images/1x/dovetail-3-thumb.webp,https://www.lapa.ninja/post/dovetail-3/
Lapa Ninja (Post),Jackson Holcomb,CORPORATE,,,https://cdn.lapa.ninja/assets/images/1x/jacksonholcomb-thumb.webp,https://www.lapa.ninja/post/jacksonholcomb/
Lapa Ninja (Post),Latus,HEALTH FITNESS,,,https://cdn.lapa.ninja/assets/images/1x/latusbio-thumb.webp,https://www.lapa.ninja/post/latusbio/
Lapa Ninja (Post),Crazy Creative,AGENCY,,,https://cdn.lapa.ninja/assets/images/1x/crazycreative-thumb.webp,https://www.lapa.ninja/post/crazycreative/
Lapa Ninja (Post),Valarlabs,HEALTH FITNESS,,,https://cdn.lapa.ninja/assets/images/1x/valarlabs-thumb.webp,https://www.lapa.ninja/post/valarlabs/
Lapa Ninja (Post),lyon béton,ECOMMERCE,,,https://cdn.lapa.ninja/assets/images/1x/lyon-beton-thumb.webp,https://www.lapa.ninja/post/lyon-beton/
Lapa Ninja (Post),thingness.world,ILLUSTRATION,,,https://cdn.lapa.ninja/assets/images/1x/thingness-thumb.webp,https://www.lapa.ninja/post/thingness/
Lapa Ninja (Post),Sneha Sanksar,PORTFOLIO,,,https://cdn.lapa.ninja/assets/images/1x/snehasanks-thumb.webp,https://www.lapa.ninja/post/snehasanks/
Lapa Ninja (Post),Integrated Reasoning,TECHNOLOGY,,,https://cdn.lapa.ninja/assets/images/1x/integrated-reasoning-thumb.webp,https://www.lapa.ninja/post/integrated-reasoning/
Lapa Ninja (Post),Liqium,AGENCY,,,https://cdn.lapa.ninja/assets/images/1x/liqium-thumb.webp,https://www.lapa.ninja/post/liqium/
Lapa Ninja (Post),Local Studio,STUDIO,,,https://cdn.lapa.ninja/assets/images/1x/localstudio-thumb.webp,https://www.lapa.ninja/post/localstudio/
Lapa Ninja (Post),Bryn Taylor,PORTFOLIO,,,https://cdn.lapa.ninja/assets/images/1x/bryntaylor-2-thumb.webp,https://www.lapa.ninja/post/bryntaylor-2/
Lapa Ninja (Post),HOVN STUDIOS,STUDIO,,,https://cdn.lapa.ninja/assets/images/1x/hovnstudios-thumb.webp,https://www.lapa.ninja/post/hovnstudios/
Lapa Ninja (Post),Ballet De Marseille,CORPORATE,,,https://cdn.lapa.ninja/assets/images/1x/ballet-de-marseille-thumb.webp,https://www.lapa.ninja/post/ballet-de-marseille/
Lapa Ninja (Post),Taxfix,FINTECH,,,https://cdn.lapa.ninja/assets/images/1x/taxfix-thumb.webp,https://www.lapa.ninja/post/taxfix/
Lapa Ninja (Post),Arcade Labs,AGENCY,,,https://cdn.lapa.ninja/assets/images/1x/arcade-thumb.webp,https://www.lapa.ninja/post/arcade/
Lapa Ninja (Post),Sock,APP,,,https://cdn.lapa.ninja/assets/images/1x/sock-thumb.webp,https://www.lapa.ninja/post/sock/
Lapa Ninja (Post),Augen,WEARABLE,,,https://cdn.lapa.ninja/assets/images/1x/augen-thumb.webp,https://www.lapa.ninja/post/augen/
Lapa Ninja (Post),FlowFest,EVENT,,,https://cdn.lapa.ninja/assets/images/1x/flowfest-thumb.webp,https://www.lapa.ninja/post/flowfest/
Lapa Ninja (Post),TWYG Skincare,BEAUTY,,,https://cdn.lapa.ninja/assets/images/1x/twygskincare-thumb.webp,https://www.lapa.ninja/post/twygskincare/
Lapa Ninja (Post),Emre Kayganaci,PORTFOLIO,,,https://cdn.lapa.ninja/assets/images/1x/emrekayganaci-thumb.webp,https://www.lapa.ninja/post/emrekayganaci/
Lapa Ninja (Post),Switchboard,PRODUCTIVITY,,,https://cdn.lapa.ninja/assets/images/1x/withswitchboard-thumb.webp,https://www.lapa.ninja/post/withswitchboard/
Lapa Ninja (Post),Raphaël Améaume,PORTFOLIO,,,https://cdn.lapa.ninja/assets/images/1x/raphaelameaume-thumb.webp,https://www.lapa.ninja/post/raphaelameaume/
Lapa Ninja (Post),Qatalog,SAAS,,,https://cdn.lapa.ninja/assets/images/1x/qatalog-4-thumb.webp,https://www.lapa.ninja/post/qatalog-4/
Lapa Ninja (Post),HeyShop,ECOMMERCE,,,https://cdn.lapa.ninja/assets/images/1x/heyshop-thumb.webp,https://www.lapa.ninja/post/heyshop/
Lapa Ninja (Post),Frida Wiig,PORTFOLIO,,,https://cdn.lapa.ninja/assets/images/1x/fridawiig-thumb.webp,https://www.lapa.ninja/post/fridawiig/
Lapa Ninja (Post),Boost,BLOCKCHAIN,,,https://cdn.lapa.ninja/assets/images/1x/boost-thumb.webp,https://www.lapa.ninja/post/boost/
Lapa Ninja (Post),Unfold Amsterdam 2024,EVENT,,,https://cdn.lapa.ninja/assets/images/1x/mewsunfold-thumb.webp,https://www.lapa.ninja/post/mewsunfold/
Lapa Ninja (Post),Isoflow,AGENCY,,,https://cdn.lapa.ninja/assets/images/1x/isoflow-thumb.webp,https://www.lapa.ninja/post/isoflow/
Lapa Ninja (Post),Fabric Token,ILLUSTRATION,,,https://cdn.lapa.ninja/assets/images/1x/fabrictoken-thumb.webp,https://www.lapa.ninja/post/fabrictoken/
Lapa Ninja (Post),Frame,SAAS,,,https://cdn.lapa.ninja/assets/images/1x/frame-so-thumb.webp,https://www.lapa.ninja/post/frame-so/
Lapa Ninja (Post),TechSpeed,SAAS,,,https://cdn.lapa.ninja/assets/images/1x/techspeed-thumb.webp,https://www.lapa.ninja/post/techspeed/
Lapa Ninja (Post),Cliik,ECOMMERCE,,,https://cdn.lapa.ninja/assets/images/1x/cliikhome-thumb.webp,https://www.lapa.ninja/post/cliikhome/
Lapa Ninja (Post),Grape,AGENCY,,,https://cdn.lapa.ninja/assets/images/1x/grape-thumb.webp,https://www.lapa.ninja/post/grape/
Lapa Ninja (Post),Braydon Coyer,PORTFOLIO,,,https://cdn.lapa.ninja/assets/images/1x/braydoncoyer-thumb.webp,https://www.lapa.ninja/post/braydoncoyer/
Lapa Ninja (Post),53 West 53,REAL ESTATE,,,https://cdn.lapa.ninja/assets/images/1x/53west53-thumb.webp,https://www.lapa.ninja/post/53west53/
Lapa Ninja (Post),Coding Bio,SAAS,,,https://cdn.lapa.ninja/assets/images/1x/coding-bio-thumb.webp,https://www.lapa.ninja/post/coding-bio/
Lapa Ninja (Post),Epidemic Sound,MUSIC,,,https://cdn.lapa.ninja/assets/images/1x/epidemicsound-thumb.webp,https://www.lapa.ninja/post/epidemicsound/
Lapa Ninja (Post),Poetry Camera,ECOMMERCE,,,https://cdn.lapa.ninja/assets/images/1x/poetry-camera-thumb.webp,https://www.lapa.ninja/post/poetry-camera/
Lapa Ninja (Post),Outerbase,ARTIFICIAL INTELLIGENCE,,,https://cdn.lapa.ninja/assets/images/1x/outerbase-2-thumb.webp,https://www.lapa.ninja/post/outerbase-2/
Lapa Ninja (Post),Balky,STUDIO,,,https://cdn.lapa.ninja/assets/images/1x/balky-studio-thumb.webp,https://www.lapa.ninja/post/balky-studio/
Lapa Ninja (Post),Julien FSQT,PORTFOLIO,,,https://cdn.lapa.ninja/assets/images/1x/julienfsqt-thumb.webp,https://www.lapa.ninja/post/julienfsqt/
Lapa Ninja (Post),Lex,ARTIFICIAL INTELLIGENCE,,,https://cdn.lapa.ninja/assets/images/1x/lex-thumb.webp,https://www.lapa.ninja/post/lex/
Lapa Ninja (Post),OpenAI,ARTIFICIAL INTELLIGENCE,,,https://cdn.lapa.ninja/assets/images/1x/openai-3-thumb.webp,https://www.lapa.ninja/post/openai-3/
Lapa Ninja (Post),YMC,FASHION,,,https://cdn.lapa.ninja/assets/images/1x/youmustcreate-thumb.webp,https://www.lapa.ninja/post/youmustcreate/
Lapa Ninja (Post),Tiago Andrade,PORTFOLIO,,,https://cdn.lapa.ninja/assets/images/1x/tbandrade-thumb.webp,https://www.lapa.ninja/post/tbandrade/
Lapa Ninja (Post),DMCG,PORTFOLIO,,,https://cdn.lapa.ninja/assets/images/1x/dmcg-2-thumb.webp,https://www.lapa.ninja/post/dmcg-2/
Lapa Ninja (Post),Nori,CORPORATE,,,https://cdn.lapa.ninja/assets/images/1x/nori-thumb.webp,https://www.lapa.ninja/post/nori/
Lapa Ninja (Post),Arthur,ARTIFICIAL INTELLIGENCE,,,https://cdn.lapa.ninja/assets/images/1x/arthur-ai-thumb.webp,https://www.lapa.ninja/post/arthur-ai/
Lapa Ninja (Post),Escape Cafe,FOOD DRINKS,,,https://cdn.lapa.ninja/assets/images/1x/escape-cafe-thumb.webp,https://www.lapa.ninja/post/escape-cafe/
Lapa Ninja (Post),Era,ARTIFICIAL INTELLIGENCE,,,https://cdn.lapa.ninja/assets/images/1x/era-app-thumb.webp,https://www.lapa.ninja/post/era-app/
Lapa Ninja (Post),Google Design,BLOG,,,https://cdn.lapa.ninja/assets/images/1x/google-design-3-thumb.webp,https://www.lapa.ninja/post/google-design-3/
Lapa Ninja (Post),lowercase,STUDIO,,,https://cdn.lapa.ninja/assets/images/1x/lowercase-club-thumb.webp,https://www.lapa.ninja/post/lowercase-club/
Lapa Ninja (Post),Primary,STUDIO,,,https://cdn.lapa.ninja/assets/images/1x/primary-studio-thumb.webp,https://www.lapa.ninja/post/primary-studio/
Lapa Ninja (Post),Agency,BOOK,,,https://cdn.lapa.ninja/assets/images/1x/agencybook-thumb.webp,https://www.lapa.ninja/post/agencybook/
Lapa Ninja (Post),Remote Supply,ECOMMERCE,,,https://cdn.lapa.ninja/assets/images/1x/remote-supply-thumb.webp,https://www.lapa.ninja/post/remote-supply/
Lapa Ninja (Post),Source,STUDIO,,,https://cdn.lapa.ninja/assets/images/1x/source-paris-2-thumb.webp,https://www.lapa.ninja/post/source-paris-2/
Lapa Ninja (Post),September Works,STUDIO,,,https://cdn.lapa.ninja/assets/images/1x/september-works-thumb.webp,https://www.lapa.ninja/post/september-works/
Lapa Ninja (Post),Early Majority,ECOMMERCE,,,https://cdn.lapa.ninja/assets/images/1x/earlymajority-2-thumb.webp,https://www.lapa.ninja/post/earlymajority-2/
Lapa Ninja (Post),GENBRAND,AGENCY,,,https://cdn.lapa.ninja/assets/images/1x/genbrand-thumb.webp,https://www.lapa.ninja/post/genbrand/
Lapa Ninja (Post),Ghost,SAAS,,,https://cdn.lapa.ninja/assets/images/1x/ghost-2-thumb.webp,https://www.lapa.ninja/post/ghost-2/
Lapa Ninja (Post),Raycast,PRODUCTIVITY,,,https://cdn.lapa.ninja/assets/images/1x/raycast-4-thumb.webp,https://www.lapa.ninja/post/raycast-4/
Lapa Ninja (Post),RXK Studio,STUDIO,,,https://cdn.lapa.ninja/assets/images/1x/rxkstudio-thumb.webp,https://www.lapa.ninja/post/rxkstudio/
Lapa Ninja (Post),Robbin Cenijn,PORTFOLIO,,,https://cdn.lapa.ninja/assets/images/1x/robbincenijn-thumb.webp,https://www.lapa.ninja/post/robbincenijn/
Lapa Ninja (Post),Steve McKinney,PORTFOLIO,,,https://cdn.lapa.ninja/assets/images/1x/iamsteve-thumb.webp,https://www.lapa.ninja/post/iamsteve/
Lapa Ninja (Post),Agile By Design,CORPORATE,,,https://cdn.lapa.ninja/assets/images/1x/agilebydesign-thumb.webp,https://www.lapa.ninja/post/agilebydesign/
Lapa Ninja (Post),Render,HOSTING,,,https://cdn.lapa.ninja/assets/images/1x/render-thumb.webp,https://www.lapa.ninja/post/render/
Lapa Ninja (Post),TripSuite,SAAS,,,https://cdn.lapa.ninja/assets/images/1x/tripsuite-thumb.webp,https://www.lapa.ninja/post/tripsuite/
Lapa Ninja (Post),Storio group,CORPORATE,,,https://cdn.lapa.ninja/assets/images/1x/storiogroup-thumb.webp,https://www.lapa.ninja/post/storiogroup/
Lapa Ninja (Post),ONMI,APP,,,https://cdn.lapa.ninja/assets/images/1x/onmi-thumb.webp,https://www.lapa.ninja/post/onmi/
Lapa Ninja (Post),Forever,AGENCY,,,https://cdn.lapa.ninja/assets/images/1x/thinkforever-thumb.webp,https://www.lapa.ninja/post/thinkforever/
Lapa Ninja (Post),Figarc,DESIGN TOOLS,,,https://cdn.lapa.ninja/assets/images/1x/figarc-thumb.webp,https://www.lapa.ninja/post/figarc/
Lapa Ninja (Post),Nucleus Genomics,HEALTH FITNESS,,,https://cdn.lapa.ninja/assets/images/1x/mynucleus-thumb.webp,https://www.lapa.ninja/post/mynucleus/
Lapa Ninja (Post),Alejandro Mejias,PORTFOLIO,,,https://cdn.lapa.ninja/assets/images/1x/alejandromejias-thumb.webp,https://www.lapa.ninja/post/alejandromejias/
Lapa Ninja (Post),ANTI,NFT,,,https://cdn.lapa.ninja/assets/images/1x/anti-thumb.webp,https://www.lapa.ninja/post/anti/
Lapa Ninja (Post),Fernando Puente,PORTFOLIO,,,https://cdn.lapa.ninja/assets/images/1x/fernandopuente-2-thumb.webp,https://www.lapa.ninja/post/fernandopuente-2/
Lapa Ninja (Post),The Subtext,SAAS,,,https://cdn.lapa.ninja/assets/images/1x/thesubtext-thumb.webp,https://www.lapa.ninja/post/thesubtext/
Lapa Ninja (Post),RAYRAYLAB,AGENCY,,,https://cdn.lapa.ninja/assets/images/1x/rayraylab-thumb.webp,https://www.lapa.ninja/post/rayraylab/
Lapa Ninja (Post),Way,SAAS,,,https://cdn.lapa.ninja/assets/images/1x/way-thumb.webp,https://www.lapa.ninja/post/way/
Lapa Ninja (Post),Samuel Scalzo,PORTFOLIO,,,https://cdn.lapa.ninja/assets/images/1x/scalzodesign-2-thumb.webp,https://www.lapa.ninja/post/scalzodesign-2/
Lapa Ninja (Post),Black Jays,VENTURES,,,https://cdn.lapa.ninja/assets/images/1x/blackjays-thumb.webp,https://www.lapa.ninja/post/blackjays/
Lapa Ninja (Post),Kieran Clarke,PORTFOLIO,,,https://cdn.lapa.ninja/assets/images/1x/kieran-clarke-thumb.webp,https://www.lapa.ninja/post/kieran-clarke/
Lapa Ninja (Post),Swan,ARTIFICIAL INTELLIGENCE,,,https://cdn.lapa.ninja/assets/images/1x/swanvision-thumb.webp,https://www.lapa.ninja/post/swanvision/
Lapa Ninja (Post),Atoms,APP,,,https://cdn.lapa.ninja/assets/images/1x/atoms-app-thumb.webp,https://www.lapa.ninja/post/atoms-app/
Lapa Ninja (Post),Harness,DEVELOPMENT TOOLS,,,https://cdn.lapa.ninja/assets/images/1x/harness-thumb.webp,https://www.lapa.ninja/post/harness/
Lapa Ninja (Post),Discovery Builders,OUTDOORS TRAVEL,,,https://cdn.lapa.ninja/assets/images/1x/discoverybuildersllc-thumb.webp,https://www.lapa.ninja/post/discoverybuildersllc/
Lapa Ninja (Post),Workshop,ECOMMERCE,,,https://cdn.lapa.ninja/assets/images/1x/workshophospitality-thumb.webp,https://www.lapa.ninja/post/workshophospitality/
Lapa Ninja (Post),Sarah Bassett,PORTFOLIO,,,https://cdn.lapa.ninja/assets/images/1x/sarah-bassett-thumb.webp,https://www.lapa.ninja/post/sarah-bassett/
Lapa Ninja (Post),Notion,PRODUCTIVITY,,,https://cdn.lapa.ninja/assets/images/1x/notion-4-thumb.webp,https://www.lapa.ninja/post/notion-4/
Lapa Ninja (Post),Adrian Wilhelm,PORTFOLIO,,,https://cdn.lapa.ninja/assets/images/1x/adrian-wilhelm-thumb.webp,https://www.lapa.ninja/post/adrian-wilhelm/
Lapa Ninja (Post),Aura Bora,FOOD DRINKS,,,https://cdn.lapa.ninja/assets/images/1x/aurabora-2-thumb.webp,https://www.lapa.ninja/post/aurabora-2/
Lapa Ninja (Post),Flox,DEVELOPMENT TOOLS,,,https://cdn.lapa.ninja/assets/images/1x/flox-thumb.webp,https://www.lapa.ninja/post/flox/
Lapa Ninja (Post),Canopy,EDUCATION,,,https://cdn.lapa.ninja/assets/images/1x/canopy-is-thumb.webp,https://www.lapa.ninja/post/canopy-is/
Lapa Ninja (Post),Pera Algo Wallet,BLOCKCHAIN,,,https://cdn.lapa.ninja/assets/images/1x/perawallet-thumb.webp,https://www.lapa.ninja/post/perawallet/
Lapa Ninja (Post),PaixDsgn,PORTFOLIO,,,https://cdn.lapa.ninja/assets/images/1x/paix-design-2-thumb.webp,https://www.lapa.ninja/post/paix-design-2/
Lapa Ninja (Post),MOTH,ECOMMERCE,,,https://cdn.lapa.ninja/assets/images/1x/mothdrinks-2-thumb.webp,https://www.lapa.ninja/post/mothdrinks-2/
Lapa Ninja (Post),Don’t Board Me,BUSINESS,,,https://cdn.lapa.ninja/assets/images/1x/dontboardme-thumb.webp,https://www.lapa.ninja/post/dontboardme/
Lapa Ninja (Post),Guo Chen,PORTFOLIO,,,https://cdn.lapa.ninja/assets/images/1x/guochen-thumb.webp,https://www.lapa.ninja/post/guochen/
Lapa Ninja (Post),Base Habitation,REAL ESTATE,,,https://cdn.lapa.ninja/assets/images/1x/basehabitation-thumb.webp,https://www.lapa.ninja/post/basehabitation/
Lapa Ninja (Post),Strut,SAAS,,,https://cdn.lapa.ninja/assets/images/1x/strut-thumb.webp,https://www.lapa.ninja/post/strut/
Lapa Ninja (Post),IYO,ECOMMERCE,,,https://cdn.lapa.ninja/assets/images/1x/iyo-audio-thumb.webp,https://www.lapa.ninja/post/iyo-audio/
Lapa Ninja (Post),Tola,FINANCE,,,https://cdn.lapa.ninja/assets/images/1x/usetola-thumb.webp,https://www.lapa.ninja/post/usetola/
Lapa Ninja (Post),Multi,DEVELOPMENT TOOLS,,,https://cdn.lapa.ninja/assets/images/1x/multi-thumb.webp,https://www.lapa.ninja/post/multi/
Lapa Ninja (Post),Inner Vision Pro,TECHNOLOGY,,,https://cdn.lapa.ninja/assets/images/1x/innervision-thumb.webp,https://www.lapa.ninja/post/innervision/
Lapa Ninja (Post),Tedy,SAAS,,,https://cdn.lapa.ninja/assets/images/1x/tedy-thumb.webp,https://www.lapa.ninja/post/tedy/
Lapa Ninja (Post),Intercom,SAAS,,,https://cdn.lapa.ninja/assets/images/1x/intercom-4-thumb.webp,https://www.lapa.ninja/post/intercom-4/
Lapa Ninja (Post),amra,SAAS,,,https://cdn.lapa.ninja/assets/images/1x/amra-thumb.webp,https://www.lapa.ninja/post/amra/
Lapa Ninja (Post),re+do,STUDIO,,,https://cdn.lapa.ninja/assets/images/1x/re-do-thumb.webp,https://www.lapa.ninja/post/re-do/
Lapa Ninja (Post),Critter,APP,,,https://cdn.lapa.ninja/assets/images/1x/critter-thumb.webp,https://www.lapa.ninja/post/critter/
Lapa Ninja (Post),Powell—Studio,STUDIO,,,https://cdn.lapa.ninja/assets/images/1x/powell-studio-thumb.webp,https://www.lapa.ninja/post/powell-studio/
Lapa Ninja (Post),Pony Studio,STUDIO,,,https://cdn.lapa.ninja/assets/images/1x/pony-studio-thumb.webp,https://www.lapa.ninja/post/pony-studio/
Lapa Ninja (Post),Ingamana,AGENCY,,,https://cdn.lapa.ninja/assets/images/1x/ingamana-thumb.webp,https://www.lapa.ninja/post/ingamana/
Lapa Ninja (Post),SuperHeroes,AGENCY,,,https://cdn.lapa.ninja/assets/images/1x/hellosuperheroes-thumb.webp,https://www.lapa.ninja/post/hellosuperheroes/
Lapa Ninja (Post),MotherDuck,ILLUSTRATION,,,https://cdn.lapa.ninja/assets/images/1x/motherduck-thumb.webp,https://www.lapa.ninja/post/motherduck/
Lapa Ninja (Post),Antimetal,SAAS,,,https://cdn.lapa.ninja/assets/images/1x/antimetal-thumb.webp,https://www.lapa.ninja/post/antimetal/
Lapa Ninja (Post),KSENIASCHNAIDER,FASHION,,,https://cdn.lapa.ninja/assets/images/1x/kseniaschnaider-thumb.webp,https://www.lapa.ninja/post/kseniaschnaider/
Lapa Ninja (Post),TRiC,STUDIO,,,https://cdn.lapa.ninja/assets/images/1x/tric-studio-thumb.webp,https://www.lapa.ninja/post/tric-studio/
Lapa Ninja (Post),Buttermilk Designs,AGENCY,,,https://cdn.lapa.ninja/assets/images/1x/buttermilkdesigns-thumb.webp,https://www.lapa.ninja/post/buttermilkdesigns/
Lapa Ninja (Post),Interface Friends,ILLUSTRATION,,,https://cdn.lapa.ninja/assets/images/1x/interfacefriends-thumb.webp,https://www.lapa.ninja/post/interfacefriends/
Lapa Ninja (Post),Metadrop,CRYPTOCURRENCY,,,https://cdn.lapa.ninja/assets/images/1x/metadrop-thumb.webp,https://www.lapa.ninja/post/metadrop/
Lapa Ninja (Post),Deck Doctors,AGENCY,,,https://cdn.lapa.ninja/assets/images/1x/deckdocs-thumb.webp,https://www.lapa.ninja/post/deckdocs/
Lapa Ninja (Post),SuperHi,COURSE,,,https://cdn.lapa.ninja/assets/images/1x/superhi-3-thumb.webp,https://www.lapa.ninja/post/superhi-3/
Lapa Ninja (Post),Merlin,STUDIO,,,https://cdn.lapa.ninja/assets/images/1x/merlin-studio-2-thumb.webp,https://www.lapa.ninja/post/merlin-studio-2/
Lapa Ninja (Post),Cultish,FASHION,,,https://cdn.lapa.ninja/assets/images/1x/cultish-thumb.webp,https://www.lapa.ninja/post/cultish/
Lapa Ninja (Post),Superpower,HEALTH FITNESS,,,https://cdn.lapa.ninja/assets/images/1x/superpower-thumb.webp,https://www.lapa.ninja/post/superpower/
Lapa Ninja (Post),Sarah Oh,PORTFOLIO,,,https://cdn.lapa.ninja/assets/images/1x/sarahoh-thumb.webp,https://www.lapa.ninja/post/sarahoh/
Lapa Ninja (Post),Konpo,STUDIO,,,https://cdn.lapa.ninja/assets/images/1x/konpo-studio-thumb.webp,https://www.lapa.ninja/post/konpo-studio/
Lapa Ninja (Post),ustwo games,STUDIO,,,https://cdn.lapa.ninja/assets/images/1x/ustwogames-thumb.webp,https://www.lapa.ninja/post/ustwogames/
Lapa Ninja (Post),The Bon Collectif,AGENCY,,,https://cdn.lapa.ninja/assets/images/1x/theboncollectif-thumb.webp,https://www.lapa.ninja/post/theboncollectif/
Lapa Ninja (Post),Dion Pieters,PORTFOLIO,,,https://cdn.lapa.ninja/assets/images/1x/dionpieters-thumb.webp,https://www.lapa.ninja/post/dionpieters/
Lapa Ninja (Post),Marcello Cesini,PORTFOLIO,,,https://cdn.lapa.ninja/assets/images/1x/marcellocesiniarchitetto-thumb.webp,https://www.lapa.ninja/post/marcellocesiniarchitetto/
Lapa Ninja (Post),NeoCultural Couture,ARTIFICIAL INTELLIGENCE,,,https://cdn.lapa.ninja/assets/images/1x/neoculturalcouture-thumb.webp,https://www.lapa.ninja/post/neoculturalcouture/
Lapa Ninja (Post),Patrick David,AGENCY,,,https://cdn.lapa.ninja/assets/images/1x/patrickdavid-2-thumb.webp,https://www.lapa.ninja/post/patrickdavid-2/
Lapa Ninja (Post),Replit,ARTIFICIAL INTELLIGENCE,,,https://cdn.lapa.ninja/assets/images/1x/replit-thumb.webp,https://www.lapa.ninja/post/replit/
Lapa Ninja (Post),Chantal Ho-A-Hing,PORTFOLIO,,,https://cdn.lapa.ninja/assets/images/1x/chantalhoahing-thumb.webp,https://www.lapa.ninja/post/chantalhoahing/
Lapa Ninja (Post),Manischewitz,ECOMMERCE,,,https://cdn.lapa.ninja/assets/images/1x/manischewitz-thumb.webp,https://www.lapa.ninja/post/manischewitz/
Lapa Ninja (Post),Index Ventures,VENTURES,,,https://cdn.lapa.ninja/assets/images/1x/indexventures-thumb.webp,https://www.lapa.ninja/post/indexventures/
Lapa Ninja (Post),TERRA,HARDWARE,,,https://cdn.lapa.ninja/assets/images/1x/myterra-thumb.webp,https://www.lapa.ninja/post/myterra/
Lapa Ninja (Post),Remedy,BEAUTY,,,https://cdn.lapa.ninja/assets/images/1x/remedyskin-thumb.webp,https://www.lapa.ninja/post/remedyskin/
Lapa Ninja (Post),User Interviews,ILLUSTRATION,,,https://cdn.lapa.ninja/assets/images/1x/userinterviews-thumb.webp,https://www.lapa.ninja/post/userinterviews/
Lapa Ninja (Post),Ever+Other,FINANCE,,,https://cdn.lapa.ninja/assets/images/1x/everandother-thumb.webp,https://www.lapa.ninja/post/everandother/
Lapa Ninja (Post),Socialclub,STUDIO,,,https://cdn.lapa.ninja/assets/images/1x/socialclubparis-2-thumb.webp,https://www.lapa.ninja/post/socialclubparis-2/
Lapa Ninja (Post),Vana,ILLUSTRATION,,,https://cdn.lapa.ninja/assets/images/1x/vana-2-thumb.webp,https://www.lapa.ninja/post/vana-2/
Lapa Ninja (Post),AWP,STUDIO,,,https://cdn.lapa.ninja/assets/images/1x/awp-thumb.webp,https://www.lapa.ninja/post/awp/
Lapa Ninja (Post),LDMA,FASHION,,,https://cdn.lapa.ninja/assets/images/1x/ldmabrand-thumb.webp,https://www.lapa.ninja/post/ldmabrand/
Lapa Ninja (Post),Mammad Emin Muzaffarli,PORTFOLIO,,,https://cdn.lapa.ninja/assets/images/1x/mammademin-2-thumb.webp,https://www.lapa.ninja/post/mammademin-2/
Lapa Ninja (Post),Threads,PRODUCTIVITY,,,https://cdn.lapa.ninja/assets/images/1x/threads-4-thumb.webp,https://www.lapa.ninja/post/threads-4/
Lapa Ninja (Post),We Might Not Make It,FILM,,,https://cdn.lapa.ninja/assets/images/1x/wemightnotmakeit-thumb.webp,https://www.lapa.ninja/post/wemightnotmakeit/
Lapa Ninja (Post),DoA,STUDIO,,,https://cdn.lapa.ninja/assets/images/1x/doa-thumb.webp,https://www.lapa.ninja/post/doa/
Lapa Ninja (Post),Rally,SAAS,,,https://cdn.lapa.ninja/assets/images/1x/rally-space-thumb.webp,https://www.lapa.ninja/post/rally-space/
Lapa Ninja (Post),Frontend Horse,EDUCATION,,,https://cdn.lapa.ninja/assets/images/1x/frontend-horse-2-thumb.webp,https://www.lapa.ninja/post/frontend-horse-2/
Lapa Ninja (Post),Thomas Boyer-Gibaud,,,,https://cdn.lapa.ninja/assets/images/1x/thomasboyergibaud-thumb.webp,https://www.lapa.ninja/post/thomasboyergibaud/
Lapa Ninja (Post),Couplet Coffee,FOOD DRINKS,,,https://cdn.lapa.ninja/assets/images/1x/coupletcoffee-2-thumb.webp,https://www.lapa.ninja/post/coupletcoffee-2/
Lapa Ninja (Post),Balerein,PORTFOLIO,,,https://cdn.lapa.ninja/assets/images/1x/balerein-thumb.webp,https://www.lapa.ninja/post/balerein/
Lapa Ninja (Post),Daily Delights,DESIGN TOOLS,,,https://cdn.lapa.ninja/assets/images/1x/delights-flayks-thumb.webp,https://www.lapa.ninja/post/delights-flayks/
Lapa Ninja (Post),Ride Out Amsterdam,ECOMMERCE,,,https://cdn.lapa.ninja/assets/images/1x/rideout-thumb.webp,https://www.lapa.ninja/post/rideout/
Lapa Ninja (Post),WRK,ECOMMERCE,,,https://cdn.lapa.ninja/assets/images/1x/wrk-timepieces-thumb.webp,https://www.lapa.ninja/post/wrk-timepieces/
Lapa Ninja (Post),Shardeum,WEB3,,,https://cdn.lapa.ninja/assets/images/1x/shardeum-thumb.webp,https://www.lapa.ninja/post/shardeum/
Lapa Ninja (Post),Unicorn Studio,DESIGN TOOLS,,,https://cdn.lapa.ninja/assets/images/1x/unicorn-thumb.webp,https://www.lapa.ninja/post/unicorn/
Lapa Ninja (Post),The Bang,STUDIO,,,https://cdn.lapa.ninja/assets/images/1x/thebang-thumb.webp,https://www.lapa.ninja/post/thebang/
Lapa Ninja (Post),Super,APP,,,https://cdn.lapa.ninja/assets/images/1x/super-thumb.webp,https://www.lapa.ninja/post/super/
Lapa Ninja (Post),Steven Kotler,PORTFOLIO,,,https://cdn.lapa.ninja/assets/images/1x/stevenkotler-thumb.webp,https://www.lapa.ninja/post/stevenkotler/
Lapa Ninja (Post),Seabass Vinyl,MUSIC,,,https://cdn.lapa.ninja/assets/images/1x/seabassvinyl-thumb.webp,https://www.lapa.ninja/post/seabassvinyl/
Lapa Ninja (Post),Lavender,ARTIFICIAL INTELLIGENCE,,,https://cdn.lapa.ninja/assets/images/1x/lavender-thumb.webp,https://www.lapa.ninja/post/lavender/
Lapa Ninja (Post),Laurel Schwulst,PORTFOLIO,,,https://cdn.lapa.ninja/assets/images/1x/laurelschwulst-thumb.webp,https://www.lapa.ninja/post/laurelschwulst/
Lapa Ninja (Post),Lattice,SAAS,,,https://cdn.lapa.ninja/assets/images/1x/lattice-3-thumb.webp,https://www.lapa.ninja/post/lattice-3/
Lapa Ninja (Post),Juicebox,ARTIFICIAL INTELLIGENCE,,,https://cdn.lapa.ninja/assets/images/1x/juicebox-thumb.webp,https://www.lapa.ninja/post/juicebox/
Lapa Ninja (Post),Jacob,ECOMMERCE,,,https://cdn.lapa.ninja/assets/images/1x/jacob-store-thumb.webp,https://www.lapa.ninja/post/jacob-store/
Lapa Ninja (Post),Jacknife Design,AGENCY,,,https://cdn.lapa.ninja/assets/images/1x/jacknifedesign-thumb.webp,https://www.lapa.ninja/post/jacknifedesign/
Lapa Ninja (Post),HOPAAL,ECOMMERCE,,,https://cdn.lapa.ninja/assets/images/1x/hopaal-thumb.webp,https://www.lapa.ninja/post/hopaal/
Lapa Ninja (Post),Hatch Conference,EVENT,,,https://cdn.lapa.ninja/assets/images/1x/hatchconference-thumb.webp,https://www.lapa.ninja/post/hatchconference/
Lapa Ninja (Post),Happybase,CORPORATE,,,https://cdn.lapa.ninja/assets/images/1x/happybase-thumb.webp,https://www.lapa.ninja/post/happybase/
Lapa Ninja (Post),Joggy Energy,FOOD DRINKS,,,https://cdn.lapa.ninja/assets/images/1x/getjoggy-thumb.webp,https://www.lapa.ninja/post/getjoggy/
Lapa Ninja (Post),Dorne,FASHION,,,https://cdn.lapa.ninja/assets/images/1x/dorne-thumb.webp,https://www.lapa.ninja/post/dorne/
Lapa Ninja (Post),Dennis Cortés,PORTFOLIO,,,https://cdn.lapa.ninja/assets/images/1x/cortes-2-thumb.webp,https://www.lapa.ninja/post/cortes-2/
Lapa Ninja (Post),Cardinal,SAAS,,,https://cdn.lapa.ninja/assets/images/1x/cardinalapp-thumb.webp,https://www.lapa.ninja/post/cardinalapp/
Lapa Ninja (Post),Byline,NEWS,,,https://cdn.lapa.ninja/assets/images/1x/bylinebyline-thumb.webp,https://www.lapa.ninja/post/bylinebyline/
Lapa Ninja (Post),Bueno,NFT,,,https://cdn.lapa.ninja/assets/images/1x/bueno-2-thumb.webp,https://www.lapa.ninja/post/bueno-2/
Lapa Ninja (Post),Bowery,FOOD DRINKS,,,https://cdn.lapa.ninja/assets/images/1x/bowery-2-thumb.webp,https://www.lapa.ninja/post/bowery-2/
Lapa Ninja (Post),BB Agency,AGENCY,,,https://cdn.lapa.ninja/assets/images/1x/bb-agency-4-thumb.webp,https://www.lapa.ninja/post/bb-agency-4/
Lapa Ninja (Post),Datalands,STUDIO,,,https://cdn.lapa.ninja/assets/images/1x/datalands-3-thumb.webp,https://www.lapa.ninja/post/datalands-3/
Lapa Ninja (Post),Axel Vanhessche,PORTFOLIO,,,https://cdn.lapa.ninja/assets/images/1x/axelvanhessche-thumb.webp,https://www.lapa.ninja/post/axelvanhessche/
Lapa Ninja (Post),POV Budapest,EVENT,,,https://cdn.lapa.ninja/assets/images/1x/povbudapest-thumb.webp,https://www.lapa.ninja/post/povbudapest/
Lapa Ninja (Post),Herve,STUDIO,,,https://cdn.lapa.ninja/assets/images/1x/herve-2-thumb.webp,https://www.lapa.ninja/post/herve-2/
Lapa Ninja (Post),MadeByShape,AGENCY,,,https://cdn.lapa.ninja/assets/images/1x/madebyshape-2-thumb.webp,https://www.lapa.ninja/post/madebyshape-2/
Lapa Ninja (Post),Stripe Sessions 2024,EVENT,,,https://cdn.lapa.ninja/assets/images/1x/stripesessions-thumb.webp,https://www.lapa.ninja/post/stripesessions/
Lapa Ninja (Post),Shirakaba Studio,STUDIO,,,https://cdn.lapa.ninja/assets/images/1x/shirakaba-thumb.webp,https://www.lapa.ninja/post/shirakaba/
Lapa Ninja (Post),NERDO,STUDIO,,,https://cdn.lapa.ninja/assets/images/1x/nerdo-thumb.webp,https://www.lapa.ninja/post/nerdo/
Lapa Ninja (Post),VAARA,ECOMMERCE,,,https://cdn.lapa.ninja/assets/images/1x/vaara-thumb.webp,https://www.lapa.ninja/post/vaara/
Lapa Ninja (Post),Wildxyz,COMMUNITY,,,https://cdn.lapa.ninja/assets/images/1x/wild-xyz-thumb.webp,https://www.lapa.ninja/post/wild-xyz/
Lapa Ninja (Post),Dive,EDUCATION,,,https://cdn.lapa.ninja/assets/images/1x/dive-2-thumb.webp,https://www.lapa.ninja/post/dive-2/
Lapa Ninja (Post),Vendredi Society,STUDIO,,,https://cdn.lapa.ninja/assets/images/1x/vendredi-society-thumb.webp,https://www.lapa.ninja/post/vendredi-society/
Lapa Ninja (Post),YULIA,FASHION,,,https://cdn.lapa.ninja/assets/images/1x/yulia-world-thumb.webp,https://www.lapa.ninja/post/yulia-world/
Lapa Ninja (Post),Fela,AGENCY,,,https://cdn.lapa.ninja/assets/images/1x/fela-thumb.webp,https://www.lapa.ninja/post/fela/
Lapa Ninja (Post),Cycle,SAAS,,,https://cdn.lapa.ninja/assets/images/1x/cycleapp-2-thumb.webp,https://www.lapa.ninja/post/cycleapp-2/
Lapa Ninja (Post),Flow,FINANCE,,,https://cdn.lapa.ninja/assets/images/1x/withflow-thumb.webp,https://www.lapa.ninja/post/withflow/
Lapa Ninja (Post),Elvin Hu,PORTFOLIO,,,https://cdn.lapa.ninja/assets/images/1x/elvinhu-thumb.webp,https://www.lapa.ninja/post/elvinhu/
Lapa Ninja (Post),Pony,AGENCY,,,https://cdn.lapa.ninja/assets/images/1x/agencepony-thumb.webp,https://www.lapa.ninja/post/agencepony/
Lapa Ninja (Post),Socratica,CORPORATE,,,https://cdn.lapa.ninja/assets/images/1x/socratica-thumb.webp,https://www.lapa.ninja/post/socratica/
Lapa Ninja (Post),zkPass,SAAS,,,https://cdn.lapa.ninja/assets/images/1x/zkpass-thumb.webp,https://www.lapa.ninja/post/zkpass/
Lapa Ninja (Post),Simone,STUDIO,,,https://cdn.lapa.ninja/assets/images/1x/wearesimone-thumb.webp,https://www.lapa.ninja/post/wearesimone/
Lapa Ninja (Post),The Leap,SAAS,,,https://cdn.lapa.ninja/assets/images/1x/theleap-thumb.webp,https://www.lapa.ninja/post/theleap/
Lapa Ninja (Post),SCRIB3,STUDIO,,,https://cdn.lapa.ninja/assets/images/1x/scrib3-thumb.webp,https://www.lapa.ninja/post/scrib3/
Lapa Ninja (Post),Specify,SAAS,,,https://cdn.lapa.ninja/assets/images/1x/specifyapp-2-thumb.webp,https://www.lapa.ninja/post/specifyapp-2/
Lapa Ninja (Post),Scalvini Marmi,BUSINESS,,,https://cdn.lapa.ninja/assets/images/1x/scalvinimarmi-thumb.webp,https://www.lapa.ninja/post/scalvinimarmi/
Lapa Ninja (Post),Reef,DEFI,,,https://cdn.lapa.ninja/assets/images/1x/reef-thumb.webp,https://www.lapa.ninja/post/reef/
Lapa Ninja (Post),Michael Dolejš,PORTFOLIO,,,https://cdn.lapa.ninja/assets/images/1x/michaeldolejs-thumb.webp,https://www.lapa.ninja/post/michaeldolejs/
Lapa Ninja (Post),Otoh,AGENCY,,,https://cdn.lapa.ninja/assets/images/1x/otoh-thumb.webp,https://www.lapa.ninja/post/otoh/
Lapa Ninja (Post),Kurt Winter,PORTFOLIO,,,https://cdn.lapa.ninja/assets/images/1x/kurtwinterdesign-thumb.webp,https://www.lapa.ninja/post/kurtwinterdesign/
Lapa Ninja (Post),Jeffrey Martin,PORTFOLIO,,,https://cdn.lapa.ninja/assets/images/1x/jeffreymartinmusic-thumb.webp,https://www.lapa.ninja/post/jeffreymartinmusic/
Lapa Ninja (Post),Endless Tools,DESIGN TOOLS,,,https://cdn.lapa.ninja/assets/images/1x/endlesstools-thumb.webp,https://www.lapa.ninja/post/endlesstools/
Lapa Ninja (Post),Concept Capers,GAME,,,https://cdn.lapa.ninja/assets/images/1x/conceptcapers-thumb.webp,https://www.lapa.ninja/post/conceptcapers/
Lapa Ninja (Post),Meat,STUDIO,,,https://cdn.lapa.ninja/assets/images/1x/meat-studio-thumb.webp,https://www.lapa.ninja/post/meat-studio/
Lapa Ninja (Post),Common,SAAS,,,https://cdn.lapa.ninja/assets/images/1x/common-thumb.webp,https://www.lapa.ninja/post/common/
Lapa Ninja (Post),Short Talk,ECOMMERCE,,,https://cdn.lapa.ninja/assets/images/1x/shorttalk-thumb.webp,https://www.lapa.ninja/post/shorttalk/
Lapa Ninja (Post),Rogue Studio,STUDIO,,,https://cdn.lapa.ninja/assets/images/1x/rogue-studio-2-thumb.webp,https://www.lapa.ninja/post/rogue-studio-2/
Lapa Ninja (Post),Hero Collective,AGENCY,,,https://cdn.lapa.ninja/assets/images/1x/herocollective-thumb.webp,https://www.lapa.ninja/post/herocollective/
Lapa Ninja (Post),ids.company,AGENCY,,,https://cdn.lapa.ninja/assets/images/1x/ids-thumb.webp,https://www.lapa.ninja/post/ids/
Lapa Ninja (Post),MONOGRID,AGENCY,,,https://cdn.lapa.ninja/assets/images/1x/monogrid-thumb.webp,https://www.lapa.ninja/post/monogrid/
Lapa Ninja (Post),Musho.ai,DESIGN TOOLS,,,https://cdn.lapa.ninja/assets/images/1x/musho-thumb.webp,https://www.lapa.ninja/post/musho/
Lapa Ninja (Post),Mimo,EDUCATION,,,https://cdn.lapa.ninja/assets/images/1x/mimo-2-thumb.webp,https://www.lapa.ninja/post/mimo-2/
Lapa Ninja (Post),Thread,STUDIO,,,https://cdn.lapa.ninja/assets/images/1x/madebythread-thumb.webp,https://www.lapa.ninja/post/madebythread/
Lapa Ninja (Post),June,SAAS,,,https://cdn.lapa.ninja/assets/images/1x/june-3-thumb.webp,https://www.lapa.ninja/post/june-3/
Lapa Ninja (Post),IESSI,FOOD DRINKS,,,https://cdn.lapa.ninja/assets/images/1x/iessi-thumb.webp,https://www.lapa.ninja/post/iessi/
Lapa Ninja (Post),Bueno,NFT,,,https://cdn.lapa.ninja/assets/images/1x/bueno-thumb.webp,https://www.lapa.ninja/post/bueno/
Lapa Ninja (Post),Orange Studio,STUDIO,,,https://cdn.lapa.ninja/assets/images/1x/orangestudio-thumb.webp,https://www.lapa.ninja/post/orangestudio/
Lapa Ninja (Post),Yellowbird,FOOD DRINKS,,,https://cdn.lapa.ninja/assets/images/1x/yellowbirdfoods-thumb.webp,https://www.lapa.ninja/post/yellowbirdfoods/
Lapa Ninja (Post),Ayda Oz,PORTFOLIO,,,https://cdn.lapa.ninja/assets/images/1x/interfacer-thumb.webp,https://www.lapa.ninja/post/interfacer/
Lapa Ninja (Post),Gamma,PRODUCTIVITY,,,https://cdn.lapa.ninja/assets/images/1x/gamma-thumb.webp,https://www.lapa.ninja/post/gamma/
Lapa Ninja (Post),Synthesia,ARTIFICIAL INTELLIGENCE,,,https://cdn.lapa.ninja/assets/images/1x/synthesia-2-thumb.webp,https://www.lapa.ninja/post/synthesia-2/
Lapa Ninja (Post),SALT AND PEPPER,AGENCY,,,https://cdn.lapa.ninja/assets/images/1x/snp-thumb.webp,https://www.lapa.ninja/post/snp/
Lapa Ninja (Post),Retool,DEVELOPMENT TOOLS,,,https://cdn.lapa.ninja/assets/images/1x/retool-2-thumb.webp,https://www.lapa.ninja/post/retool-2/
Lapa Ninja (Post),Joe Montefusco,PORTFOLIO,,,https://cdn.lapa.ninja/assets/images/1x/montefus-thumb.webp,https://www.lapa.ninja/post/montefus/
Lapa Ninja (Post),Frank Bach,PORTFOLIO,,,https://cdn.lapa.ninja/assets/images/1x/francoisbach-thumb.webp,https://www.lapa.ninja/post/francoisbach/
Lapa Ninja (Post),Company Policy,STUDIO,,,https://cdn.lapa.ninja/assets/images/1x/companypolicy-thumb.webp,https://www.lapa.ninja/post/companypolicy/
Lapa Ninja (Post),A Creative Partner,AGENCY,,,https://cdn.lapa.ninja/assets/images/1x/acreativepartner-thumb.webp,https://www.lapa.ninja/post/acreativepartner/
Lapa Ninja (Post),Spaces,MINIMAL,,,https://cdn.lapa.ninja/assets/images/1x/spaces-is-thumb.webp,https://www.lapa.ninja/post/spaces-is/
Lapa Ninja (Post),Whimsical,DESIGN TOOLS,,,https://cdn.lapa.ninja/assets/images/1x/whimsical-2-thumb.webp,https://www.lapa.ninja/post/whimsical-2/
Lapa Ninja (Post),Sasha Denisova,PORTFOLIO,,,https://cdn.lapa.ninja/assets/images/1x/sasha-thumb.webp,https://www.lapa.ninja/post/sasha/
Lapa Ninja (Post),Daniel Sun,PORTFOLIO,,,https://cdn.lapa.ninja/assets/images/1x/danielsun-thumb.webp,https://www.lapa.ninja/post/danielsun/
Lapa Ninja (Post),Jessica Mille,PORTFOLIO,,,https://cdn.lapa.ninja/assets/images/1x/jessicamillearchitecte-thumb.webp,https://www.lapa.ninja/post/jessicamillearchitecte/
Lapa Ninja (Post),Ostro,HEALTH FITNESS,,,https://cdn.lapa.ninja/assets/images/1x/ostrohealth-thumb.webp,https://www.lapa.ninja/post/ostrohealth/
Lapa Ninja (Post),Jam,DEVELOPMENT TOOLS,,,https://cdn.lapa.ninja/assets/images/1x/jam-dev-2-thumb.webp,https://www.lapa.ninja/post/jam-dev-2/
Lapa Ninja (Post),MFI,CORPORATE,,,https://cdn.lapa.ninja/assets/images/1x/themfi-thumb.webp,https://www.lapa.ninja/post/themfi/
Lapa Ninja (Post),Valhalla,NFT,,,https://cdn.lapa.ninja/assets/images/1x/valhalla-thumb.webp,https://www.lapa.ninja/post/valhalla/
Lapa Ninja (Post),Dennis Snellenberg,PORTFOLIO,,,https://cdn.lapa.ninja/assets/images/1x/dennissnellenberg-thumb.webp,https://www.lapa.ninja/post/dennissnellenberg/
Lapa Ninja (Post),Relume,DESIGN TOOLS,,,https://cdn.lapa.ninja/assets/images/1x/relume-thumb.webp,https://www.lapa.ninja/post/relume/
Lapa Ninja (Post),Dare to Share,COMMUNITY,,,https://cdn.lapa.ninja/assets/images/1x/daretoshare-thumb.webp,https://www.lapa.ninja/post/daretoshare/
Lapa Ninja (Post),Vastega,NFT,,,https://cdn.lapa.ninja/assets/images/1x/vastega-thumb.webp,https://www.lapa.ninja/post/vastega/
Lapa Ninja (Post),Olive Haus,PORTFOLIO,,,https://cdn.lapa.ninja/assets/images/1x/heyolivehaus-thumb.webp,https://www.lapa.ninja/post/heyolivehaus/
Lapa Ninja (Post),BaseHub,CMS,,,https://cdn.lapa.ninja/assets/images/1x/basehub-thumb.webp,https://www.lapa.ninja/post/basehub/
Lapa Ninja (Post),Aaron Poe,PORTFOLIO,,,https://cdn.lapa.ninja/assets/images/1x/aaronpoeandco-2-thumb.webp,https://www.lapa.ninja/post/aaronpoeandco-2/
Lapa Ninja (Post),NomadKit,BOOK,,,https://cdn.lapa.ninja/assets/images/1x/nomadkit-thumb.webp,https://www.lapa.ninja/post/nomadkit/
Lapa Ninja (Post),Tomorro,SAAS,,,https://cdn.lapa.ninja/assets/images/1x/gotomorro-thumb.webp,https://www.lapa.ninja/post/gotomorro/
Lapa Ninja (Post),ART+TECH Report,NEWS,,,https://cdn.lapa.ninja/assets/images/1x/arttechreport-thumb.webp,https://www.lapa.ninja/post/arttechreport/
Lapa Ninja (Post),Graphy,SAAS,,,https://cdn.lapa.ninja/assets/images/1x/graphy-thumb.webp,https://www.lapa.ninja/post/graphy/
Lapa Ninja (Post),Dimension,PRODUCTIVITY,,,https://cdn.lapa.ninja/assets/images/1x/dimension-thumb.webp,https://www.lapa.ninja/post/dimension/
Lapa Ninja (Post),Solare,TYPOGRAPHY,,,https://cdn.lapa.ninja/assets/images/1x/casadisolare-thumb.webp,https://www.lapa.ninja/post/casadisolare/
Lapa Ninja (Post),Grand Leisure by Poolsuite,NFT,,,https://cdn.lapa.ninja/assets/images/1x/grandleisure-2-thumb.webp,https://www.lapa.ninja/post/grandleisure-2/
Lapa Ninja (Post),Start Craft,AGENCY,,,https://cdn.lapa.ninja/assets/images/1x/startcraft-dev-thumb.webp,https://www.lapa.ninja/post/startcraft-dev/
Lapa Ninja (Post),GIRL Studio,STUDIO,,,https://cdn.lapa.ninja/assets/images/1x/girl-studio-thumb.webp,https://www.lapa.ninja/post/girl-studio/
Lapa Ninja (Post),Orderful,BUSINESS,,,https://cdn.lapa.ninja/assets/images/1x/orderful-thumb.webp,https://www.lapa.ninja/post/orderful/
Lapa Ninja (Post),Duck English,ILLUSTRATION,,,https://cdn.lapa.ninja/assets/images/1x/duck-school-thumb.webp,https://www.lapa.ninja/post/duck-school/
Lapa Ninja (Post),Superlist,PRODUCTIVITY,,,https://cdn.lapa.ninja/assets/images/1x/superlist-3-thumb.webp,https://www.lapa.ninja/post/superlist-3/
Lapa Ninja (Post),Hierophant,ENTERTAINMENT,,,https://cdn.lapa.ninja/assets/images/1x/hierophant-thumb.webp,https://www.lapa.ninja/post/hierophant/
Lapa Ninja (Post),st33p,FOOD DRINKS,,,https://cdn.lapa.ninja/assets/images/1x/st33p-thumb.webp,https://www.lapa.ninja/post/st33p/
Lapa Ninja (Post),Scenery,SAAS,,,https://cdn.lapa.ninja/assets/images/1x/scenery-thumb.webp,https://www.lapa.ninja/post/scenery/
Lapa Ninja (Post),VUUM,FOOD DRINKS,,,https://cdn.lapa.ninja/assets/images/1x/drinkvuum-thumb.webp,https://www.lapa.ninja/post/drinkvuum/
Lapa Ninja (Post),Caroline Bagley,PORTFOLIO,,,https://cdn.lapa.ninja/assets/images/1x/carolinebagley-thumb.webp,https://www.lapa.ninja/post/carolinebagley/
Lapa Ninja (Post),MONOLIF,STUDIO,,,https://cdn.lapa.ninja/assets/images/1x/monolif-2-thumb.webp,https://www.lapa.ninja/post/monolif-2/
Lapa Ninja (Post),Le:mma,STUDIO,,,https://cdn.lapa.ninja/assets/images/1x/lemma-thumb.webp,https://www.lapa.ninja/post/lemma/
Lapa Ninja (Post),Amie,PRODUCTIVITY,,,https://cdn.lapa.ninja/assets/images/1x/amie-2-thumb.webp,https://www.lapa.ninja/post/amie-2/
Lapa Ninja (Post),Groom Club,ILLUSTRATION,,,https://cdn.lapa.ninja/assets/images/1x/groomclub-thumb.webp,https://www.lapa.ninja/post/groomclub/
Lapa Ninja (Post),The Collected Works,STUDIO,,,https://cdn.lapa.ninja/assets/images/1x/thecollectedworks-thumb.webp,https://www.lapa.ninja/post/thecollectedworks/
Lapa Ninja (Post),MITA,ENTERTAINMENT,,,https://cdn.lapa.ninja/assets/images/1x/joinmita-thumb.webp,https://www.lapa.ninja/post/joinmita/
Lapa Ninja (Post),brain.space,CORPORATE,,,https://cdn.lapa.ninja/assets/images/1x/brain-space-thumb.webp,https://www.lapa.ninja/post/brain-space/
Lapa Ninja (Post),Webflail,COMMUNITY,,,https://cdn.lapa.ninja/assets/images/1x/webflail-3-thumb.webp,https://www.lapa.ninja/post/webflail-3/
Lapa Ninja (Post),Uni Agency,STUDIO,,,https://cdn.lapa.ninja/assets/images/1x/uni-agency-thumb.webp,https://www.lapa.ninja/post/uni-agency/
Lapa Ninja (Post),Suno AI,MUSIC,,,https://cdn.lapa.ninja/assets/images/1x/suno-thumb.webp,https://www.lapa.ninja/post/suno/
Lapa Ninja (Post),Steep,PRODUCTIVITY,,,https://cdn.lapa.ninja/assets/images/1x/steep-thumb.webp,https://www.lapa.ninja/post/steep/
Lapa Ninja (Post),SaveDay,PRODUCTIVITY,,,https://cdn.lapa.ninja/assets/images/1x/save-day-thumb.webp,https://www.lapa.ninja/post/save-day/
Lapa Ninja (Post),Pebble,AUTOMOTIVE,,,https://cdn.lapa.ninja/assets/images/1x/pebblelife-thumb.webp,https://www.lapa.ninja/post/pebblelife/
Lapa Ninja (Post),Paramour,AGENCY,,,https://cdn.lapa.ninja/assets/images/1x/paramour-thumb.webp,https://www.lapa.ninja/post/paramour/
Lapa Ninja (Post),Orchidea Agency,AGENCY,,,https://cdn.lapa.ninja/assets/images/1x/orchidea-thumb.webp,https://www.lapa.ninja/post/orchidea/
Lapa Ninja (Post),Multiparty,DEVELOPMENT TOOLS,,,https://cdn.lapa.ninja/assets/images/1x/multiparty-thumb.webp,https://www.lapa.ninja/post/multiparty/
Lapa Ninja (Post),Michael Filipiuk,PORTFOLIO,,,https://cdn.lapa.ninja/assets/images/1x/michaeldesigns-thumb.webp,https://www.lapa.ninja/post/michaeldesigns/
Lapa Ninja (Post),Max Batt,PORTFOLIO,,,https://cdn.lapa.ninja/assets/images/1x/maxbatt-thumb.webp,https://www.lapa.ninja/post/maxbatt/
Lapa Ninja (Post),Clerk,SAAS,,,https://cdn.lapa.ninja/assets/images/1x/clerk-thumb.webp,https://www.lapa.ninja/post/clerk/
Lapa Ninja (Post),Academy,AGENCY,,,https://cdn.lapa.ninja/assets/images/1x/academyux-thumb.webp,https://www.lapa.ninja/post/academyux/
Lapa Ninja (Post),Vercel Design,MINIMAL,,,https://cdn.lapa.ninja/assets/images/1x/vercel-design-thumb.webp,https://www.lapa.ninja/post/vercel-design/
Lapa Ninja (Post),Loket Design,STUDIO,,,https://cdn.lapa.ninja/assets/images/1x/loket-thumb.webp,https://www.lapa.ninja/post/loket/
Lapa Ninja (Post),Studio Sabia,STUDIO,,,https://cdn.lapa.ninja/assets/images/1x/studiosabia-thumb.webp,https://www.lapa.ninja/post/studiosabia/
Lapa Ninja (Post),Robert Borghesi,PORTFOLIO,,,https://cdn.lapa.ninja/assets/images/1x/robertborghesi-thumb.webp,https://www.lapa.ninja/post/robertborghesi/
Lapa Ninja (Post),Felt,SAAS,,,https://cdn.lapa.ninja/assets/images/1x/felt-2-thumb.webp,https://www.lapa.ninja/post/felt-2/
Lapa Ninja (Post),Komando Studio,STUDIO,,,https://cdn.lapa.ninja/assets/images/1x/komando-thumb.webp,https://www.lapa.ninja/post/komando/
Lapa Ninja (Post),Sauce Labs,SAAS,,,https://cdn.lapa.ninja/assets/images/1x/saucelabs-thumb.webp,https://www.lapa.ninja/post/saucelabs/
Lapa Ninja (Post),Creandum,VENTURES,,,https://cdn.lapa.ninja/assets/images/1x/creandum-thumb.webp,https://www.lapa.ninja/post/creandum/
Lapa Ninja (Post),OMSE,STUDIO,,,https://cdn.lapa.ninja/assets/images/1x/omse-thumb.webp,https://www.lapa.ninja/post/omse/
Lapa Ninja (Post),GitBook,SAAS,,,https://cdn.lapa.ninja/assets/images/1x/gitbook-3-thumb.webp,https://www.lapa.ninja/post/gitbook-3/
Lapa Ninja (Post),‍BLNK,PORTFOLIO,,,https://cdn.lapa.ninja/assets/images/1x/blancavillalobos-thumb.webp,https://www.lapa.ninja/post/blancavillalobos/
Lapa Ninja (Post),Home & Co,ECOMMERCE,,,https://cdn.lapa.ninja/assets/images/1x/homeand-thumb.webp,https://www.lapa.ninja/post/homeand/
Lapa Ninja (Post),Raycast Pro,PRODUCTIVITY,,,https://cdn.lapa.ninja/assets/images/1x/raycast-3-thumb.webp,https://www.lapa.ninja/post/raycast-3/
Lapa Ninja (Post),Resend Forward,MAIL,,,https://cdn.lapa.ninja/assets/images/1x/resend-forward-thumb.webp,https://www.lapa.ninja/post/resend-forward/
Lapa Ninja (Post),Offscreen Canvas,EDUCATION,,,https://cdn.lapa.ninja/assets/images/1x/offscreencanvas-thumb.webp,https://www.lapa.ninja/post/offscreencanvas/
Lapa Ninja (Post),Liz Riggs,PORTFOLIO,,,https://cdn.lapa.ninja/assets/images/1x/lizriggs-thumb.webp,https://www.lapa.ninja/post/lizriggs/
Lapa Ninja (Post),Yu Mei,FASHION,,,https://cdn.lapa.ninja/assets/images/1x/yumeibrand-2-thumb.webp,https://www.lapa.ninja/post/yumeibrand-2/
Lapa Ninja (Post),Anton Repponen,PORTFOLIO,,,https://cdn.lapa.ninja/assets/images/1x/repponen-2-thumb.webp,https://www.lapa.ninja/post/repponen-2/
Lapa Ninja (Post),Status,ILLUSTRATION,,,https://cdn.lapa.ninja/assets/images/1x/status-app-thumb.webp,https://www.lapa.ninja/post/status-app/
Lapa Ninja (Post),HŌM Wellness,ECOMMERCE,,,https://cdn.lapa.ninja/assets/images/1x/hom-wellness-2-thumb.webp,https://www.lapa.ninja/post/hom-wellness-2/
Lapa Ninja (Post),Anchor,FINANCE,,,https://cdn.lapa.ninja/assets/images/1x/getanchor-thumb.webp,https://www.lapa.ninja/post/getanchor/
Lapa Ninja (Post),Flplny,PORTFOLIO,,,https://cdn.lapa.ninja/assets/images/1x/flplny-thumb.webp,https://www.lapa.ninja/post/flplny/
Lapa Ninja (Post),Nyatwa,APP,,,https://cdn.lapa.ninja/assets/images/1x/nyatwa-thumb.webp,https://www.lapa.ninja/post/nyatwa/
Lapa Ninja (Post),Piqo Studio,STUDIO,,,https://cdn.lapa.ninja/assets/images/1x/piqo-thumb.webp,https://www.lapa.ninja/post/piqo/
Lapa Ninja (Post),Time To Refokus,3D WEBSITES,,,https://cdn.lapa.ninja/assets/images/1x/timetorefokus-thumb.webp,https://www.lapa.ninja/post/timetorefokus/
Lapa Ninja (Post),Height 2.0,COMING SOON,,,https://cdn.lapa.ninja/assets/images/1x/height-app-3-thumb.webp,https://www.lapa.ninja/post/height-app-3/
Lapa Ninja (Post),Trunk,DEVELOPMENT TOOLS,,,https://cdn.lapa.ninja/assets/images/1x/trunk-2-thumb.webp,https://www.lapa.ninja/post/trunk-2/
Lapa Ninja (Post),Fraîche Design Thinking,AGENCY,,,https://cdn.lapa.ninja/assets/images/1x/fraichedesignthinking-thumb.webp,https://www.lapa.ninja/post/fraichedesignthinking/
Lapa Ninja (Post),NEW PRIEST,ECOMMERCE,,,https://cdn.lapa.ninja/assets/images/1x/newpriest-thumb.webp,https://www.lapa.ninja/post/newpriest/
Lapa Ninja (Post),Pon The Store,ECOMMERCE,,,https://cdn.lapa.ninja/assets/images/1x/pontheonlinestore-thumb.webp,https://www.lapa.ninja/post/pontheonlinestore/
Lapa Ninja (Post),wagz.wedding,EVENT,,,https://cdn.lapa.ninja/assets/images/1x/wagz-thumb.webp,https://www.lapa.ninja/post/wagz-wedding/
Lapa Ninja (Post),Marco Grimaldi,PORTFOLIO,,,https://cdn.lapa.ninja/assets/images/1x/thenerodesign-thumb.webp,https://www.lapa.ninja/post/thenerodesign/
Lapa Ninja (Post),Claire Pedersen,PORTFOLIO,,,https://cdn.lapa.ninja/assets/images/1x/clairepedersen-thumb.webp,https://www.lapa.ninja/post/clairepedersen/
Lapa Ninja (Post),HustleJar,STUDIO,,,https://cdn.lapa.ninja/assets/images/1x/hustlejar-thumb.webp,https://www.lapa.ninja/post/hustlejar/
Lapa Ninja (Post),Girafe,3D WEBSITES,,,https://cdn.lapa.ninja/assets/images/1x/girafe-thumb.webp,https://www.lapa.ninja/post/girafe/
Lapa Ninja (Post),Notion,ILLUSTRATION,,,https://cdn.lapa.ninja/assets/images/1x/notion-3-thumb.webp,https://www.lapa.ninja/post/notion-3/
Lapa Ninja (Post),Johanna Blom,PORTFOLIO,,,https://cdn.lapa.ninja/assets/images/1x/johannablom-thumb.webp,https://www.lapa.ninja/post/johannablom/
Lapa Ninja (Post),Config 2024 by Figma,EVENT,,,https://cdn.lapa.ninja/assets/images/1x/figma-config-2-thumb.webp,https://www.lapa.ninja/post/figma-config-2/
Lapa Ninja (Post),Energy Park,TECHNOLOGY,,,https://cdn.lapa.ninja/assets/images/1x/energy-park-thumb.webp,https://www.lapa.ninja/post/energy-park/
Lapa Ninja (Post),The Design System Guide,COURSE,,,https://cdn.lapa.ninja/assets/images/1x/thedesignsystemguide-thumb.webp,https://www.lapa.ninja/post/thedesignsystemguide/
Lapa Ninja (Post),Eightlines,ECOMMERCE,,,https://cdn.lapa.ninja/assets/images/1x/eightlines-thumb.webp,https://www.lapa.ninja/post/eightlines/
Lapa Ninja (Post),Harry Atkins,PORTFOLIO,,,https://cdn.lapa.ninja/assets/images/1x/harryjatkins-thumb.webp,https://www.lapa.ninja/post/harryjatkins/
Lapa Ninja (Post),smalltribe,STUDIO,,,https://cdn.lapa.ninja/assets/images/1x/smalltribe-thumb.webp,https://www.lapa.ninja/post/smalltribe/
Lapa Ninja (Post),Stephanie Bruce,PORTFOLIO,,,https://cdn.lapa.ninja/assets/images/1x/stephaniebruce-thumb.webp,https://www.lapa.ninja/post/stephaniebruce/
Lapa Ninja (Post),SUPERSHINE,STUDIO,,,https://cdn.lapa.ninja/assets/images/1x/supershine-thumb.webp,https://www.lapa.ninja/post/supershine/
Lapa Ninja (Post),Lidia&Amato,ECOMMERCE,,,https://cdn.lapa.ninja/assets/images/1x/lidiaeamato-thumb.webp,https://www.lapa.ninja/post/lidiaeamato/
Lapa Ninja (Post),IAMSTATIC,STUDIO,,,https://cdn.lapa.ninja/assets/images/1x/iamstatic-thumb.webp,https://www.lapa.ninja/post/iamstatic/
Lapa Ninja (Post),Les éditions Bonsound,ENTERTAINMENT,,,https://cdn.lapa.ninja/assets/images/1x/leseditionsbonsound-thumb.webp,https://www.lapa.ninja/post/leseditionsbonsound/
Lapa Ninja (Post),LocalCan,DEVELOPMENT TOOLS,,,https://cdn.lapa.ninja/assets/images/1x/localcan-thumb.webp,https://www.lapa.ninja/post/localcan/
Lapa Ninja (Post),Whiteboard,AGENCY,,,https://cdn.lapa.ninja/assets/images/1x/whiteboard-5-thumb.webp,https://www.lapa.ninja/post/whiteboard-5/
Lapa Ninja (Post),OpenBook,EDUCATION,,,https://cdn.lapa.ninja/assets/images/1x/openbook-thumb.webp,https://www.lapa.ninja/post/openbook/
Lapa Ninja (Post),The Sauce by Elegant Seagulls,CREATIVE,,,https://cdn.lapa.ninja/assets/images/1x/elegantseagulls-2-thumb.webp,https://www.lapa.ninja/post/elegantseagulls-2/
Lapa Ninja (Post),Arrow Dynamics,DESIGN TOOLS,,,https://cdn.lapa.ninja/assets/images/1x/arrowdynamics-thumb.webp,https://www.lapa.ninja/post/arrowdynamics/
Lapa Ninja (Post),MIMCO Capital,VENTURES,,,https://cdn.lapa.ninja/assets/images/1x/mimcocapital-thumb.webp,https://www.lapa.ninja/post/mimcocapital/
Lapa Ninja (Post),mmm.page,NO-CODE,,,https://cdn.lapa.ninja/assets/images/1x/mmm-page-2-thumb.webp,https://www.lapa.ninja/post/mmm-page-2/
Lapa Ninja (Post),Ozone,DESIGN TOOLS,,,https://cdn.lapa.ninja/assets/images/1x/ozone-thumb.webp,https://www.lapa.ninja/post/ozone/
Lapa Ninja (Post),Visual Electric,ARTIFICIAL INTELLIGENCE,,,https://cdn.lapa.ninja/assets/images/1x/visualelectric-thumb.webp,https://www.lapa.ninja/post/visualelectric/
Lapa Ninja (Post),Kosmik,PRODUCTIVITY,,,https://cdn.lapa.ninja/assets/images/1x/kosmik-thumb.webp,https://www.lapa.ninja/post/kosmik/
Lapa Ninja (Post),ViralCuts,STUDIO,,,https://cdn.lapa.ninja/assets/images/1x/viralcuts-thumb.webp,https://www.lapa.ninja/post/viralcuts/
Lapa Ninja (Post),OEM,ECOMMERCE,,,https://cdn.lapa.ninja/assets/images/1x/oem-thumb.webp,https://www.lapa.ninja/post/oem/
Lapa Ninja (Post),Daybreak,STUDIO,,,https://cdn.lapa.ninja/assets/images/1x/daybreak-thumb.webp,https://www.lapa.ninja/post/daybreak/
Lapa Ninja (Post),Adam Ho,PORTFOLIO,,,https://cdn.lapa.ninja/assets/images/1x/adamho-5-thumb.webp,https://www.lapa.ninja/post/adamho-5/
Lapa Ninja (Post),CURATR Paris,AGENCY,,,https://cdn.lapa.ninja/assets/images/1x/curatr-thumb.webp,https://www.lapa.ninja/post/curatr/
Lapa Ninja (Post),Hugo,TECHNOLOGY,,,https://cdn.lapa.ninja/assets/images/1x/hugotech-thumb.webp,https://www.lapa.ninja/post/hugotech/
Lapa Ninja (Post),Wow Tapes,STUDIO,,,https://cdn.lapa.ninja/assets/images/1x/wowtapes-thumb.webp,https://www.lapa.ninja/post/wowtapes/
Lapa Ninja (Post),Timothy Agency,AGENCY,,,https://cdn.lapa.ninja/assets/images/1x/timothyagency-thumb.webp,https://www.lapa.ninja/post/timothyagency/
Lapa Ninja (Post),Disguised,ECOMMERCE,,,https://cdn.lapa.ninja/assets/images/1x/disguised-thumb.webp,https://www.lapa.ninja/post/disguised/
Lapa Ninja (Post),AuthKit by WorkOS,DEVELOPMENT TOOLS,,,https://cdn.lapa.ninja/assets/images/1x/authkit-thumb.webp,https://www.lapa.ninja/post/authkit/
Lapa Ninja (Post),Art&Graft,STUDIO,,,https://cdn.lapa.ninja/assets/images/1x/artandgraft-thumb.webp,https://www.lapa.ninja/post/artandgraft/
Lapa Ninja (Post),AngelList,CORPORATE,,,https://cdn.lapa.ninja/assets/images/1x/angellist-2-thumb.webp,https://www.lapa.ninja/post/angellist-2/
Lapa Ninja (Post),TinyWins,STUDIO,,,https://cdn.lapa.ninja/assets/images/1x/tinywins-thumb.webp,https://www.lapa.ninja/post/tinywins/
Lapa Ninja (Post),Flayks,PORTFOLIO,,,https://cdn.lapa.ninja/assets/images/1x/flayks-3-thumb.webp,https://www.lapa.ninja/post/flayks-3/
Lapa Ninja (Post),Press Play On Tape,STUDIO,,,https://cdn.lapa.ninja/assets/images/1x/pressplayontape-thumb.webp,https://www.lapa.ninja/post/pressplayontape/
Lapa Ninja (Post),helloMuller,STUDIO,,,https://cdn.lapa.ninja/assets/images/1x/hellomuller-2-thumb.webp,https://www.lapa.ninja/post/hellomuller-2/
Lapa Ninja (Post),Andy McCune,PORTFOLIO,,,https://cdn.lapa.ninja/assets/images/1x/andymccune-thumb.webp,https://www.lapa.ninja/post/andymccune/
Lapa Ninja (Post),Kikin,ILLUSTRATION,,,https://cdn.lapa.ninja/assets/images/1x/kikin-thumb.webp,https://www.lapa.ninja/post/kikin/
Lapa Ninja (Post),Tanya Timal,PORTFOLIO,,,https://cdn.lapa.ninja/assets/images/1x/tanyatimal-thumb.webp,https://www.lapa.ninja/post/tanyatimal/
Lapa Ninja (Post),Divina Lingua,BOOK,,,https://cdn.lapa.ninja/assets/images/1x/divinalingua-thumb.webp,https://www.lapa.ninja/post/divinalingua/
Lapa Ninja (Post),Hervé Baillargeon,PORTFOLIO,,,https://cdn.lapa.ninja/assets/images/1x/hervebaillargeon-thumb.webp,https://www.lapa.ninja/post/hervebaillargeon/
Lapa Ninja (Post),Changers,STUDIO,,,https://cdn.lapa.ninja/assets/images/1x/changers-thumb.webp,https://www.lapa.ninja/post/changers/
Lapa Ninja (Post),Wand,APP,,,https://cdn.lapa.ninja/assets/images/1x/wand-thumb.webp,https://www.lapa.ninja/post/wand/
Lapa Ninja (Post),Story Protocol,3D WEBSITES,,,https://cdn.lapa.ninja/assets/images/1x/storyprotocol-thumb.webp,https://www.lapa.ninja/post/storyprotocol/
Lapa Ninja (Post),Form Studio,STUDIO,,,https://cdn.lapa.ninja/assets/images/1x/formstudio-thumb.webp,https://www.lapa.ninja/post/formstudio/
Lapa Ninja (Post),Outerbase,SAAS,,,https://cdn.lapa.ninja/assets/images/1x/outerbase-thumb.webp,https://www.lapa.ninja/post/outerbase/
Lapa Ninja (Post),c23 Studio,STUDIO,,,https://cdn.lapa.ninja/assets/images/1x/c23studio-thumb.webp,https://www.lapa.ninja/post/c23studio/
Lapa Ninja (Post),Benjamin Nespoulous,PORTFOLIO,,,https://cdn.lapa.ninja/assets/images/1x/benjamin-nespoulous-thumb.webp,https://www.lapa.ninja/post/benjamin-nespoulous/
Lapa Ninja (Post),Public,APP,,,https://cdn.lapa.ninja/assets/images/1x/public-2-thumb.webp,https://www.lapa.ninja/post/public-2/
Lapa Ninja (Post),Passionfroot,ILLUSTRATION,,,https://cdn.lapa.ninja/assets/images/1x/passionfroot-thumb.webp,https://www.lapa.ninja/post/passionfroot/
Lapa Ninja (Post),The Graphic Standard,STUDIO,,,https://cdn.lapa.ninja/assets/images/1x/thegraphicstandard-thumb.webp,https://www.lapa.ninja/post/thegraphicstandard/
Lapa Ninja (Post),SLIDES,AGENCY,,,https://cdn.lapa.ninja/assets/images/1x/slides-agency-thumb.webp,https://www.lapa.ninja/post/slides-agency/
Lapa Ninja (Post),SEDA,WEB3,,,https://cdn.lapa.ninja/assets/images/1x/seda-thumb.webp,https://www.lapa.ninja/post/seda/
Lapa Ninja (Post),Shopify Ventures,VENTURES,,,https://cdn.lapa.ninja/assets/images/1x/shopify-vc-thumb.webp,https://www.lapa.ninja/post/shopify-vc/
Lapa Ninja (Post),M&C Saatchi Abel,AGENCY,,,https://cdn.lapa.ninja/assets/images/1x/mcsaatchiabel-thumb.webp,https://www.lapa.ninja/post/mcsaatchiabel/
Lapa Ninja (Post),Fleek Network,WEB3,,,https://cdn.lapa.ninja/assets/images/1x/fleek-thumb.webp,https://www.lapa.ninja/post/fleek/
Lapa Ninja (Post),Exo Ape,STUDIO,,,https://cdn.lapa.ninja/assets/images/1x/exoape-4-thumb.webp,https://www.lapa.ninja/post/exoape-4/
Lapa Ninja (Post),Pipe,CORPORATE,,,https://cdn.lapa.ninja/assets/images/1x/pipe-3-thumb.webp,https://www.lapa.ninja/post/pipe-3/
Lapa Ninja (Post),Love Machine,PORTFOLIO,,,https://cdn.lapa.ninja/assets/images/1x/thereallovemachine-thumb.webp,https://www.lapa.ninja/post/thereallovemachine/
Lapa Ninja (Post),Tome,PRODUCTIVITY,,,https://cdn.lapa.ninja/assets/images/1x/tome-2-thumb.webp,https://www.lapa.ninja/post/tome-2/
Lapa Ninja (Post),Tines,SAAS,,,https://cdn.lapa.ninja/assets/images/1x/tines-2-thumb.webp,https://www.lapa.ninja/post/tines-2/
Lapa Ninja (Post),Evrnu,BUSINESS,,,https://cdn.lapa.ninja/assets/images/1x/evrnu-thumb.webp,https://www.lapa.ninja/post/evrnu/
Lapa Ninja (Post),Voila,STUDIO,,,https://cdn.lapa.ninja/assets/images/1x/studiovoila-2-thumb.webp,https://www.lapa.ninja/post/studiovoila-2/
Lapa Ninja (Post),Julien Vallon,PORTFOLIO,,,https://cdn.lapa.ninja/assets/images/1x/julienvallon-thumb.webp,https://www.lapa.ninja/post/julienvallon/
Lapa Ninja (Post),Bertch Capital,VENTURES,,,https://cdn.lapa.ninja/assets/images/1x/bertchcapital-thumb.webp,https://www.lapa.ninja/post/bertchcapital/
Lapa Ninja (Post),David Anthony Chenault,PORTFOLIO,,,https://cdn.lapa.ninja/assets/images/1x/davidanthonychenault-thumb.webp,https://www.lapa.ninja/post/davidanthonychenault/
Lapa Ninja (Post),Positive Intelligence,ILLUSTRATION,,,https://cdn.lapa.ninja/assets/images/1x/positiveintelligence-thumb.webp,https://www.lapa.ninja/post/positiveintelligence/
Lapa Ninja (Post),Asimov,TECHNOLOGY,,,https://cdn.lapa.ninja/assets/images/1x/asimov-thumb.webp,https://www.lapa.ninja/post/asimov/
Lapa Ninja (Post),Alpha Tango,STUDIO,,,https://cdn.lapa.ninja/assets/images/1x/alphatango-thumb.webp,https://www.lapa.ninja/post/alphatango/
Lapa Ninja (Post),Format Furniture,FURNITURE INTERIORS,,,https://cdn.lapa.ninja/assets/images/1x/format-furniture-thumb.webp,https://www.lapa.ninja/post/format-furniture/
Lapa Ninja (Post),CONTROL,DESIGN TOOLS,,,https://cdn.lapa.ninja/assets/images/1x/cntrl-thumb.webp,https://www.lapa.ninja/post/cntrl/
Lapa Ninja (Post),Heure Bleue,STUDIO,,,https://cdn.lapa.ninja/assets/images/1x/heurebleue-thumb.webp,https://www.lapa.ninja/post/heurebleue/
Lapa Ninja (Post),sofi,BEAUTY,,,https://cdn.lapa.ninja/assets/images/1x/sofi-thumb.webp,https://www.lapa.ninja/post/sofi/
Lapa Ninja (Post),Erika Moreira,PORTFOLIO,,,https://cdn.lapa.ninja/assets/images/1x/erikamoreira-thumb.webp,https://www.lapa.ninja/post/erikamoreira/
Lapa Ninja (Post),Worldcoin,3D WEBSITES,,,https://cdn.lapa.ninja/assets/images/1x/worldcoin-thumb.webp,https://www.lapa.ninja/post/worldcoin/
Lapa Ninja (Post),We.,AGENCY,,,https://cdn.lapa.ninja/assets/images/1x/we-are-thumb.webp,https://www.lapa.ninja/post/we-are/
Lapa Ninja (Post),Syncrely,AGENCY,,,https://cdn.lapa.ninja/assets/images/1x/syncrely-thumb.webp,https://www.lapa.ninja/post/syncrely/
Lapa Ninja (Post),Sweatpants,STUDIO,,,https://cdn.lapa.ninja/assets/images/1x/sweatpants-thumb.webp,https://www.lapa.ninja/post/sweatpants/
Lapa Ninja (Post),Qude,AGENCY,,,https://cdn.lapa.ninja/assets/images/1x/qude-thumb.webp,https://www.lapa.ninja/post/qude/
Lapa Ninja (Post),Perry Wang,PORTFOLIO,,,https://cdn.lapa.ninja/assets/images/1x/perryw-thumb.webp,https://www.lapa.ninja/post/perryw/
Lapa Ninja (Post),Autex Acoustics,HOME LIVING,,,https://cdn.lapa.ninja/assets/images/1x/autexacoustics-thumb.webp,https://www.lapa.ninja/post/autexacoustics/
Lapa Ninja (Post),Atlas,FINTECH,,,https://cdn.lapa.ninja/assets/images/1x/atlascard-thumb.webp,https://www.lapa.ninja/post/atlascard/
Lapa Ninja (Post),Anagram Club,STUDIO,,,https://cdn.lapa.ninja/assets/images/1x/anagram-2-thumb.webp,https://www.lapa.ninja/post/anagram-2/
Lapa Ninja (Post),BrewDistrict24,FOOD DRINKS,,,https://cdn.lapa.ninja/assets/images/1x/brewdistrict24-thumb.webp,https://www.lapa.ninja/post/brewdistrict24/
Lapa Ninja (Post),Paper Tiger,AGENCY,,,https://cdn.lapa.ninja/assets/images/1x/papertiger-2-thumb.webp,https://www.lapa.ninja/post/papertiger-2/
Lapa Ninja (Post),PixelEase,AGENCY,,,https://cdn.lapa.ninja/assets/images/1x/pixelease-thumb.webp,https://www.lapa.ninja/post/pixelease/
Lapa Ninja (Post),UZIK,STUDIO,,,https://cdn.lapa.ninja/assets/images/1x/uzik-thumb.webp,https://www.lapa.ninja/post/uzik/
Lapa Ninja (Post),4THSEX,PORTFOLIO,,,https://cdn.lapa.ninja/assets/images/1x/4thsex-thumb.webp,https://www.lapa.ninja/post/4thsex/
Lapa Ninja (Post),OSMO,ARTIFICIAL INTELLIGENCE,,,https://cdn.lapa.ninja/assets/images/1x/osmo-thumb.webp,https://www.lapa.ninja/post/osmo/
Lapa Ninja (Post),Violaine & Jérémy,STUDIO,,,https://cdn.lapa.ninja/assets/images/1x/violaineetjeremy-thumb.webp,https://www.lapa.ninja/post/violaineetjeremy/
Lapa Ninja (Post),Cokau,STUDIO,,,https://cdn.lapa.ninja/assets/images/1x/cokaulab-thumb.webp,https://www.lapa.ninja/post/cokaulab/
Lapa Ninja (Post),Offered,ARTIFICIAL INTELLIGENCE,,,https://cdn.lapa.ninja/assets/images/1x/offered-thumb.webp,https://www.lapa.ninja/post/offered/
Lapa Ninja (Post),Cursor,DEVELOPMENT TOOLS,,,https://cdn.lapa.ninja/assets/images/1x/cursor-thumb.webp,https://www.lapa.ninja/post/cursor/
Lapa Ninja (Post),DS Design Studio,STUDIO,,,https://cdn.lapa.ninja/assets/images/1x/dsdesignstudio-thumb.webp,https://www.lapa.ninja/post/dsdesignstudio/
Lapa Ninja (Post),Wolff Olins,STUDIO,,,https://cdn.lapa.ninja/assets/images/1x/wolffolins-thumb.webp,https://www.lapa.ninja/post/wolffolins/
Lapa Ninja (Post),Super Dope,STUDIO,,,https://cdn.lapa.ninja/assets/images/1x/super-dope-thumb.webp,https://www.lapa.ninja/post/super-dope/
Lapa Ninja (Post),BAINA,ECOMMERCE,,,https://cdn.lapa.ninja/assets/images/1x/shopbaina-2-thumb.webp,https://www.lapa.ninja/post/shopbaina-2/
Lapa Ninja (Post),RIDDLE,EVENT,,,https://cdn.lapa.ninja/assets/images/1x/riddle-thumb.webp,https://www.lapa.ninja/post/riddle/
Lapa Ninja (Post),Revolut,FINTECH,,,https://cdn.lapa.ninja/assets/images/1x/revolut-4-thumb.webp,https://www.lapa.ninja/post/revolut-4/
Lapa Ninja (Post),Outsiders Store,ECOMMERCE,,,https://cdn.lapa.ninja/assets/images/1x/outsidersstore-thumb.webp,https://www.lapa.ninja/post/outsidersstore/
Lapa Ninja (Post),Nike Strength,ECOMMERCE,,,https://cdn.lapa.ninja/assets/images/1x/nikestrength-thumb.webp,https://www.lapa.ninja/post/nikestrength/
Lapa Ninja (Post),Hydra,SAAS,,,https://cdn.lapa.ninja/assets/images/1x/hydra-thumb.webp,https://www.lapa.ninja/post/hydra/
Lapa Ninja (Post),The F Suite,CORPORATE,,,https://cdn.lapa.ninja/assets/images/1x/fsuite-thumb.webp,https://www.lapa.ninja/post/fsuite/
Lapa Ninja (Post),Fluent Health,HEALTH FITNESS,,,https://cdn.lapa.ninja/assets/images/1x/fluent-thumb.webp,https://www.lapa.ninja/post/fluent/
Lapa Ninja (Post),Clay,SAAS,,,https://cdn.lapa.ninja/assets/images/1x/clay-earth-2-thumb.webp,https://www.lapa.ninja/post/clay-earth-2/
Lapa Ninja (Post),Chumbi Valley,NFT,,,https://cdn.lapa.ninja/assets/images/1x/chumbivalley-thumb.webp,https://www.lapa.ninja/post/chumbivalley/
Lapa Ninja (Post),Brandbeet,STUDIO,,,https://cdn.lapa.ninja/assets/images/1x/brandbeet-thumb.webp,https://www.lapa.ninja/post/brandbeet/
Lapa Ninja (Post),AVØLVE,NFT,,,https://cdn.lapa.ninja/assets/images/1x/av0lve-thumb.webp,https://www.lapa.ninja/post/av0lve/
Lapa Ninja (Post),Andrew McKay,PORTFOLIO,,,https://cdn.lapa.ninja/assets/images/1x/andrewmckay-thumb.webp,https://www.lapa.ninja/post/andrewmckay/
Lapa Ninja (Post),AERODOME,TECHNOLOGY,,,https://cdn.lapa.ninja/assets/images/1x/aerodome-thumb.webp,https://www.lapa.ninja/post/aerodome/
Lapa Ninja (Post),Aditya Dubey,PORTFOLIO,,,https://cdn.lapa.ninja/assets/images/1x/adi-thumb.webp,https://www.lapa.ninja/post/adi/
Lapa Ninja (Post),Analogue Foundation,CORPORATE,,,https://cdn.lapa.ninja/assets/images/1x/analoguefoundation-thumb.webp,https://www.lapa.ninja/post/analoguefoundation/
Lapa Ninja (Post),GSAP,DESIGN TOOLS,,,https://cdn.lapa.ninja/assets/images/1x/gsap-thumb.webp,https://www.lapa.ninja/post/gsap/
Lapa Ninja (Post),Vucko,STUDIO,,,https://cdn.lapa.ninja/assets/images/1x/vucko-2-thumb.webp,https://www.lapa.ninja/post/vucko-2/
Lapa Ninja (Post),Great Job!,EDUCATION,,,https://cdn.lapa.ninja/assets/images/1x/greatjob-thumb.webp,https://www.lapa.ninja/post/greatjob/
Lapa Ninja (Post),Jun Ioneda,PORTFOLIO,,,https://cdn.lapa.ninja/assets/images/1x/junioneda-thumb.webp,https://www.lapa.ninja/post/junioneda/
Lapa Ninja (Post),Lunier,ECOMMERCE,,,https://cdn.lapa.ninja/assets/images/1x/lunier-thumb.webp,https://www.lapa.ninja/post/lunier/
Lapa Ninja (Post),Outerspace,ILLUSTRATION,,,https://cdn.lapa.ninja/assets/images/1x/outerspace-thumb.webp,https://www.lapa.ninja/post/outerspace/
Lapa Ninja (Post),Todoist,ILLUSTRATION,,,https://cdn.lapa.ninja/assets/images/1x/todoist-4-thumb.webp,https://www.lapa.ninja/post/todoist-4/
Lapa Ninja (Post),Kaizen,ILLUSTRATION,,,https://cdn.lapa.ninja/assets/images/1x/kaizenlabs-thumb.webp,https://www.lapa.ninja/post/kaizenlabs/
Lapa Ninja (Post),Null Games,GAME,,,https://cdn.lapa.ninja/assets/images/1x/null-thumb.webp,https://www.lapa.ninja/post/null/
Lapa Ninja (Post),Roast Plugin,DESIGN TOOLS,,,https://cdn.lapa.ninja/assets/images/1x/roastdesign-thumb.webp,https://www.lapa.ninja/post/roastdesign/
Lapa Ninja (Post),Muse Group,CORPORATE,,,https://cdn.lapa.ninja/assets/images/1x/musegroup-thumb.webp,https://www.lapa.ninja/post/musegroup/
Lapa Ninja (Post),Vercel,DEVELOPMENT TOOLS,,,https://cdn.lapa.ninja/assets/images/1x/vercel-2-thumb.webp,https://www.lapa.ninja/post/vercel-2/
Lapa Ninja (Post),DLMDD,AGENCY,,,https://cdn.lapa.ninja/assets/images/1x/dlmdd-thumb.webp,https://www.lapa.ninja/post/dlmdd/
Lapa Ninja (Post),Five Pathways,ILLUSTRATION,,,https://cdn.lapa.ninja/assets/images/1x/fivepathways-thumb.webp,https://www.lapa.ninja/post/fivepathways/
Lapa Ninja (Post),Chris Kalafatis,PORTFOLIO,,,https://cdn.lapa.ninja/assets/images/1x/chriskalafatis-thumb.webp,https://www.lapa.ninja/post/chriskalafatis/
Lapa Ninja (Post),Equals,SAAS,,,https://cdn.lapa.ninja/assets/images/1x/equals-2-thumb.webp,https://www.lapa.ninja/post/equals-2/
Lapa Ninja (Post),Type One Ventures,VENTURES,,,https://cdn.lapa.ninja/assets/images/1x/type1ventures-thumb.webp,https://www.lapa.ninja/post/type1ventures/
Lapa Ninja (Post),Mate Libre,ECOMMERCE,,,https://cdn.lapa.ninja/assets/images/1x/matelibre-thumb.webp,https://www.lapa.ninja/post/matelibre/
Lapa Ninja (Post),Jamm,AGENCY,,,https://cdn.lapa.ninja/assets/images/1x/jamm-co-thumb.webp,https://www.lapa.ninja/post/jamm-co/
Lapa Ninja (Post),Heyo,AGENCY,,,https://cdn.lapa.ninja/assets/images/1x/heyo-thumb.webp,https://www.lapa.ninja/post/heyo/
Lapa Ninja (Post),ATOM63,PORTFOLIO,,,https://cdn.lapa.ninja/assets/images/1x/atom63-thumb.webp,https://www.lapa.ninja/post/atom63/
Lapa Ninja (Post),Seen Advertising,AGENCY,,,https://cdn.lapa.ninja/assets/images/1x/seenadvertising-thumb.webp,https://www.lapa.ninja/post/seenadvertising/
Lapa Ninja (Post),Tux & Karma,AGENCY,,,https://cdn.lapa.ninja/assets/images/1x/tuxkarma-thumb.webp,https://www.lapa.ninja/post/tuxkarma/
Lapa Ninja (Post),Gitness,DEVELOPMENT TOOLS,,,https://cdn.lapa.ninja/assets/images/1x/gitness-thumb.webp,https://www.lapa.ninja/post/gitness/
Lapa Ninja (Post),SELF-DISCIPLINE,ECOMMERCE,,,https://cdn.lapa.ninja/assets/images/1x/selfdiscipline-thumb.webp,https://www.lapa.ninja/post/selfdiscipline/
Lapa Ninja (Post),Webflow,NO-CODE,,,https://cdn.lapa.ninja/assets/images/1x/webflow-5-thumb.webp,https://www.lapa.ninja/post/webflow-5/
Lapa Ninja (Post),Patreon,COMMUNITY,,,https://cdn.lapa.ninja/assets/images/1x/patreon-3-thumb.webp,https://www.lapa.ninja/post/patreon-3/
Lapa Ninja (Post),Le Rub,ECOMMERCE,,,https://cdn.lapa.ninja/assets/images/1x/lerub-thumb.webp,https://www.lapa.ninja/post/lerub/
Lapa Ninja (Post),Portal Defi,DEFI,,,https://cdn.lapa.ninja/assets/images/1x/portaldefi-thumb.webp,https://www.lapa.ninja/post/portaldefi/
Lapa Ninja (Post),VSCO,APP,,,https://cdn.lapa.ninja/assets/images/1x/vsco-2-thumb.webp,https://www.lapa.ninja/post/vsco-2/
Lapa Ninja (Post),Syndesi Collection,ECOMMERCE,,,https://cdn.lapa.ninja/assets/images/1x/syndesicollection-thumb.webp,https://www.lapa.ninja/post/syndesicollection/
Lapa Ninja (Post),Android 14,APP,,,https://cdn.lapa.ninja/assets/images/1x/android-14-thumb.webp,https://www.lapa.ninja/post/android-14/
Lapa Ninja (Post),Zelt,SAAS,,,https://cdn.lapa.ninja/assets/images/1x/zelt-thumb.webp,https://www.lapa.ninja/post/zelt/
Lapa Ninja (Post),The Node,EVENT,,,https://cdn.lapa.ninja/assets/images/1x/thenode-thumb.webp,https://www.lapa.ninja/post/thenode/
Lapa Ninja (Post),Tally,SAAS,,,https://cdn.lapa.ninja/assets/images/1x/tally-2-thumb.webp,https://www.lapa.ninja/post/tally-2/
Lapa Ninja (Post),Slater,DEVELOPMENT TOOLS,,,https://cdn.lapa.ninja/assets/images/1x/slater-thumb.webp,https://www.lapa.ninja/post/slater/
Lapa Ninja (Post),Rise,HEALTH FITNESS,,,https://cdn.lapa.ninja/assets/images/1x/risemovement-thumb.webp,https://www.lapa.ninja/post/risemovement/
Lapa Ninja (Post),Relate,SAAS,,,https://cdn.lapa.ninja/assets/images/1x/relate-so-thumb.webp,https://www.lapa.ninja/post/relate-so/
Lapa Ninja (Post),Prismic,SAAS,,,https://cdn.lapa.ninja/assets/images/1x/prismic-3-thumb.webp,https://www.lapa.ninja/post/prismic-3/
Lapa Ninja (Post),Pooja Jadav,PORTFOLIO,,,https://cdn.lapa.ninja/assets/images/1x/poojadav-thumb.webp,https://www.lapa.ninja/post/poojadav/
Lapa Ninja (Post),Polywork,NO-CODE,,,https://cdn.lapa.ninja/assets/images/1x/polywork-2-thumb.webp,https://www.lapa.ninja/post/polywork-2/
Lapa Ninja (Post),Osome,CORPORATE,,,https://cdn.lapa.ninja/assets/images/1x/osome-thumb.webp,https://www.lapa.ninja/post/osome/
Lapa Ninja (Post),Mars Rejects,NFT,,,https://cdn.lapa.ninja/assets/images/1x/marsrejects-thumb.webp,https://www.lapa.ninja/post/marsrejects/
Lapa Ninja (Post),Inversion,CORPORATE,,,https://cdn.lapa.ninja/assets/images/1x/inversionspace-thumb.webp,https://www.lapa.ninja/post/inversionspace/
Lapa Ninja (Post),Contrast,SAAS,,,https://cdn.lapa.ninja/assets/images/1x/getcontrast-thumb.webp,https://www.lapa.ninja/post/getcontrast/
Lapa Ninja (Post),Clingr,BEAUTY,,,https://cdn.lapa.ninja/assets/images/1x/clingr-thumb.webp,https://www.lapa.ninja/post/clingr/
Lapa Ninja (Post),Chia Pet,ECOMMERCE,,,https://cdn.lapa.ninja/assets/images/1x/chia-thumb.webp,https://www.lapa.ninja/post/chia/
Lapa Ninja (Post),Astro,DEVELOPMENT TOOLS,,,https://cdn.lapa.ninja/assets/images/1x/astro-build-4-thumb.webp,https://www.lapa.ninja/post/astro-build-4/
Lapa Ninja (Post),Rouje,ECOMMERCE,,,https://cdn.lapa.ninja/assets/images/1x/rouje-thumb.webp,https://www.lapa.ninja/post/rouje/
Lapa Ninja (Post),Nested Lines,MINIMAL,,,https://cdn.lapa.ninja/assets/images/1x/nestedlines-thumb.webp,https://www.lapa.ninja/post/nestedlines/
Lapa Ninja (Post),ventriloc,MINIMAL,,,https://cdn.lapa.ninja/assets/images/1x/ventriloc-thumb.webp,https://www.lapa.ninja/post/ventriloc/
Lapa Ninja (Post),Sebastiaan Scheer,PORTFOLIO,,,https://cdn.lapa.ninja/assets/images/1x/sebastiaanscheer-thumb.webp,https://www.lapa.ninja/post/sebastiaanscheer/
Lapa Ninja (Post),Dominique Sire,PORTFOLIO,,,https://cdn.lapa.ninja/assets/images/1x/dominiquesire-thumb.webp,https://www.lapa.ninja/post/dominiquesire/
Lapa Ninja (Post),Stable Audio,MUSIC,,,https://cdn.lapa.ninja/assets/images/1x/stableaudio-thumb.webp,https://www.lapa.ninja/post/stableaudio/
Lapa Ninja (Post),PACT,STUDIO,,,https://cdn.lapa.ninja/assets/images/1x/pact-studio-thumb.webp,https://www.lapa.ninja/post/pact-studio/
Lapa Ninja (Post),VRTL WRLD,STUDIO,,,https://cdn.lapa.ninja/assets/images/1x/vrtlwrld-thumb.webp,https://www.lapa.ninja/post/vrtlwrld/
Lapa Ninja (Post),Up,FINTECH,,,https://cdn.lapa.ninja/assets/images/1x/up-com-au-thumb.webp,https://www.lapa.ninja/post/up-com-au/
Lapa Ninja (Post),Solana,BLOCKCHAIN,,,https://cdn.lapa.ninja/assets/images/1x/solana-2-thumb.webp,https://www.lapa.ninja/post/solana-2/
Lapa Ninja (Post),Luro,SAAS,,,https://cdn.lapa.ninja/assets/images/1x/luroapp-3-thumb.webp,https://www.lapa.ninja/post/luroapp-3/
Lapa Ninja (Post),June,SAAS,,,https://cdn.lapa.ninja/assets/images/1x/june-2-thumb.webp,https://www.lapa.ninja/post/june-2/
Lapa Ninja (Post),HELIOT EMIL,ECOMMERCE,,,https://cdn.lapa.ninja/assets/images/1x/heliotemil-thumb.webp,https://www.lapa.ninja/post/heliotemil/
Lapa Ninja (Post),14islands,STUDIO,,,https://cdn.lapa.ninja/assets/images/1x/14islands-2-thumb.webp,https://www.lapa.ninja/post/14islands-2/
Lapa Ninja (Post),After,ILLUSTRATION,,,https://cdn.lapa.ninja/assets/images/1x/after-thumb.webp,https://www.lapa.ninja/post/after/
Lapa Ninja (Post),REJOUICE,AGENCY,,,https://cdn.lapa.ninja/assets/images/1x/rejouice-2-thumb.webp,https://www.lapa.ninja/post/rejouice-2/
Lapa Ninja (Post),T72T,TYPOGRAPHY,,,https://cdn.lapa.ninja/assets/images/1x/t72t-thumb.webp,https://www.lapa.ninja/post/t72t/
Lapa Ninja (Post),Aleksandr Yaremenko,PORTFOLIO,,,https://cdn.lapa.ninja/assets/images/1x/yaremenko-thumb.webp,https://www.lapa.ninja/post/yaremenko/
Lapa Ninja (Post),Human NYC,AGENCY,,,https://cdn.lapa.ninja/assets/images/1x/human-nyc-thumb.webp,https://www.lapa.ninja/post/human-nyc/
Lapa Ninja (Post),Studio Herrström,STUDIO,,,https://cdn.lapa.ninja/assets/images/1x/studioherrstrom-thumb.webp,https://www.lapa.ninja/post/studioherrstrom/
Lapa Ninja (Post),Rise,PRODUCTIVITY,,,https://cdn.lapa.ninja/assets/images/1x/risecalendar-thumb.webp,https://www.lapa.ninja/post/risecalendar/
Lapa Ninja (Post),From Form,STUDIO,,,https://cdn.lapa.ninja/assets/images/1x/fromform-thumb.webp,https://www.lapa.ninja/post/fromform/
Lapa Ninja (Post),Slite,ARTIFICIAL INTELLIGENCE,,,https://cdn.lapa.ninja/assets/images/1x/slite-6-thumb.webp,https://www.lapa.ninja/post/slite-6/
Lapa Ninja (Post),Bourii,BEAUTY,,,https://cdn.lapa.ninja/assets/images/1x/bourii-thumb.webp,https://www.lapa.ninja/post/bourii/
Lapa Ninja (Post),Monad,SAAS,,,https://cdn.lapa.ninja/assets/images/1x/monad-thumb.webp,https://www.lapa.ninja/post/monad/
Lapa Ninja (Post),Fable,DESIGN TOOLS,,,https://cdn.lapa.ninja/assets/images/1x/fable-3-thumb.webp,https://www.lapa.ninja/post/fable-3/
Lapa Ninja (Post),Off Menu,AGENCY,,,https://cdn.lapa.ninja/assets/images/1x/offmenu-thumb.webp,https://www.lapa.ninja/post/offmenu/
Lapa Ninja (Post),Spring/Summer,AGENCY,,,https://cdn.lapa.ninja/assets/images/1x/springsummer-thumb.webp,https://www.lapa.ninja/post/springsummer/
Lapa Ninja (Post),Nuevo.Tokyo,STUDIO,,,https://cdn.lapa.ninja/assets/images/1x/nuevo-thumb.webp,https://www.lapa.ninja/post/nuevo/
Lapa Ninja (Post),Victor Adeniji,PORTFOLIO,,,https://cdn.lapa.ninja/assets/images/1x/codevickk-thumb.webp,https://www.lapa.ninja/post/codevickk/
Lapa Ninja (Post),KIKK Festival 2023,EVENT,,,https://cdn.lapa.ninja/assets/images/1x/kikk-2023-thumb.webp,https://www.lapa.ninja/post/kikk-2023/
Lapa Ninja (Post),Superorganism,VENTURES,,,https://cdn.lapa.ninja/assets/images/1x/superorganism-thumb.webp,https://www.lapa.ninja/post/superorganism/
Lapa Ninja (Post),Trammell Venture Partners,VENTURES,,,https://cdn.lapa.ninja/assets/images/1x/tvp-thumb.webp,https://www.lapa.ninja/post/tvp/
Lapa Ninja (Post),Breeona Nechole,PORTFOLIO,,,https://cdn.lapa.ninja/assets/images/1x/breeonanechole-thumb.webp,https://www.lapa.ninja/post/breeonanechole/
Lapa Ninja (Post),ONNO,STUDIO,,,https://cdn.lapa.ninja/assets/images/1x/onno-thumb.webp,https://www.lapa.ninja/post/onno/
Lapa Ninja (Post),UX Things,AGENCY,,,https://cdn.lapa.ninja/assets/images/1x/uxthings-thumb.webp,https://www.lapa.ninja/post/uxthings/
Lapa Ninja (Post),STUDIO AI,DESIGN TOOLS,,,https://cdn.lapa.ninja/assets/images/1x/studio-design-3-thumb.webp,https://www.lapa.ninja/post/studio-design-3/
Lapa Ninja (Post),Sip,DESIGN TOOLS,,,https://cdn.lapa.ninja/assets/images/1x/sipapp-thumb.webp,https://www.lapa.ninja/post/sipapp/
Lapa Ninja (Post),Lottielab,DESIGN TOOLS,,,https://cdn.lapa.ninja/assets/images/1x/lottielab-thumb.webp,https://www.lapa.ninja/post/lottielab/
Lapa Ninja (Post),Anya Sherriuble,PORTFOLIO,,,https://cdn.lapa.ninja/assets/images/1x/anya-s-thumb.webp,https://www.lapa.ninja/post/anya-s/
Lapa Ninja (Post),10x Designers,COURSE,,,https://cdn.lapa.ninja/assets/images/1x/10xdesigners-thumb.webp,https://www.lapa.ninja/post/10xdesigners/
Lapa Ninja (Post),Kin,AGENCY,,,https://cdn.lapa.ninja/assets/images/1x/madebykin-thumb.webp,https://www.lapa.ninja/post/madebykin/
Lapa Ninja (Post),Build Collective,CORPORATE,,,https://cdn.lapa.ninja/assets/images/1x/buildc-thumb.webp,https://www.lapa.ninja/post/buildc/
Lapa Ninja (Post),Setpoint,INSURANCE,,,https://cdn.lapa.ninja/assets/images/1x/setpoint-thumb.webp,https://www.lapa.ninja/post/setpoint/
Lapa Ninja (Post),Nik Sharma,PORTFOLIO,,,https://cdn.lapa.ninja/assets/images/1x/nik-co-thumb.webp,https://www.lapa.ninja/post/nik-co/
Lapa Ninja (Post),Harmonic Discovery,HEALTH FITNESS,,,https://cdn.lapa.ninja/assets/images/1x/harmonicdiscovery-thumb.webp,https://www.lapa.ninja/post/harmonicdiscovery/
Lapa Ninja (Post),Off-Grid,NEWS,,,https://cdn.lapa.ninja/assets/images/1x/offgrid-design-thumb.webp,https://www.lapa.ninja/post/offgrid-design/
Lapa Ninja (Post),Dovetail,VENTURES,,,https://cdn.lapa.ninja/assets/images/1x/dovetail-2-thumb.webp,https://www.lapa.ninja/post/dovetail-2/
Lapa Ninja (Post),Somefolk,AGENCY,,,https://cdn.lapa.ninja/assets/images/1x/somefolk-thumb.webp,https://www.lapa.ninja/post/somefolk/
Lapa Ninja (Post),TBD,MINIMAL,,,https://cdn.lapa.ninja/assets/images/1x/tbd-thumb.webp,https://www.lapa.ninja/post/tbd/
Lapa Ninja (Post),Gabriel Valdivia,PORTFOLIO,,,https://cdn.lapa.ninja/assets/images/1x/gabrielvaldivia-2-thumb.webp,https://www.lapa.ninja/post/gabrielvaldivia-2/
Lapa Ninja (Post),Makelog,SAAS,,,https://cdn.lapa.ninja/assets/images/1x/makelog-thumb.webp,https://www.lapa.ninja/post/makelog/
Lapa Ninja (Post),Supertape,MUSIC,,,https://cdn.lapa.ninja/assets/images/1x/supertape-2-thumb.webp,https://www.lapa.ninja/post/supertape-2/
Lapa Ninja (Post),Algo,STUDIO,,,https://cdn.lapa.ninja/assets/images/1x/algo-2-thumb.webp,https://www.lapa.ninja/post/algo-2/
Lapa Ninja (Post),Richard Sison,PORTFOLIO,,,https://cdn.lapa.ninja/assets/images/1x/richardsison-thumb.webp,https://www.lapa.ninja/post/richardsison/
Lapa Ninja (Post),TSIC,VENTURES,,,https://cdn.lapa.ninja/assets/images/1x/tiny-vc-thumb.webp,https://www.lapa.ninja/post/tiny-vc/
Lapa Ninja (Post),Ryan Strzok,PORTFOLIO,,,https://cdn.lapa.ninja/assets/images/1x/ryanstrzok-thumb.webp,https://www.lapa.ninja/post/ryanstrzok/
Lapa Ninja (Post),Dribbble,COMMUNITY,,,https://cdn.lapa.ninja/assets/images/1x/dribbble-thumb.webp,https://www.lapa.ninja/post/dribbble/
Lapa Ninja (Post),REOME,BEAUTY,,,https://cdn.lapa.ninja/assets/images/1x/reome-thumb.webp,https://www.lapa.ninja/post/reome/
Lapa Ninja (Post),SBXi,VENTURES,,,https://cdn.lapa.ninja/assets/images/1x/sbxi-thumb.webp,https://www.lapa.ninja/post/sbxi/
Lapa Ninja (Post),Play,DESIGN TOOLS,,,https://cdn.lapa.ninja/assets/images/1x/createwithplay-2-thumb.webp,https://www.lapa.ninja/post/createwithplay-2/
Lapa Ninja (Post),ReadMe,SAAS,,,https://cdn.lapa.ninja/assets/images/1x/readme-2-thumb.webp,https://www.lapa.ninja/post/readme/
Lapa Ninja (Post),Deta Space,HOSTING,,,https://cdn.lapa.ninja/assets/images/1x/deta-space-thumb.webp,https://www.lapa.ninja/post/deta-space/
Lapa Ninja (Post),SKKY,CORPORATE,,,https://cdn.lapa.ninja/assets/images/1x/skky-thumb.webp,https://www.lapa.ninja/post/skky/
Lapa Ninja (Post),viewports.fyi,EDUCATION,,,https://cdn.lapa.ninja/assets/images/1x/viewports-thumb.webp,https://www.lapa.ninja/post/viewports/
Lapa Ninja (Post),Goodnotes,APP,,,https://cdn.lapa.ninja/assets/images/1x/goodnotes-thumb.webp,https://www.lapa.ninja/post/goodnotes/
Lapa Ninja (Post),Google Design,EDUCATION,,,https://cdn.lapa.ninja/assets/images/1x/google-design-2-thumb.webp,https://www.lapa.ninja/post/google-design-2/
Lapa Ninja (Post),Wealthsimple,FINTECH,,,https://cdn.lapa.ninja/assets/images/1x/wealthsimple-3-thumb.webp,https://www.lapa.ninja/post/wealthsimple-3/
Lapa Ninja (Post),Vectro,FOUNDRY,,,https://cdn.lapa.ninja/assets/images/1x/vectrotype-2-thumb.webp,https://www.lapa.ninja/post/vectrotype-2/
Lapa Ninja (Post),Zoë and Zane,PHOTOGRAPHY,,,https://cdn.lapa.ninja/assets/images/1x/zaneandzoe-thumb.webp,https://www.lapa.ninja/post/zaneandzoe/
Lapa Ninja (Post),Sammy,FINTECH,,,https://cdn.lapa.ninja/assets/images/1x/usesammy-thumb.webp,https://www.lapa.ninja/post/usesammy/
Lapa Ninja (Post),Scale AI,ARTIFICIAL INTELLIGENCE,,,https://cdn.lapa.ninja/assets/images/1x/scale-2-thumb.webp,https://www.lapa.ninja/post/scale-2/
Lapa Ninja (Post),David Petro,PORTFOLIO,,,https://cdn.lapa.ninja/assets/images/1x/petro-thumb.webp,https://www.lapa.ninja/post/petro/
Lapa Ninja (Post),Oyster,CORPORATE,,,https://cdn.lapa.ninja/assets/images/1x/oysterhr-2-thumb.webp,https://www.lapa.ninja/post/oysterhr-2/
Lapa Ninja (Post),Family Industries Live,ECOMMERCE,,,https://cdn.lapa.ninja/assets/images/1x/familyindustrieslive-thumb.webp,https://www.lapa.ninja/post/familyindustrieslive/
Lapa Ninja (Post),Ellipsus,COMING SOON,,,https://cdn.lapa.ninja/assets/images/1x/ellipsus-thumb.webp,https://www.lapa.ninja/post/ellipsus/
Lapa Ninja (Post),Dialeto,STUDIO,,,https://cdn.lapa.ninja/assets/images/1x/dialeto-thumb.webp,https://www.lapa.ninja/post/dialeto/
Lapa Ninja (Post),De-Extinction,ILLUSTRATION,,,https://cdn.lapa.ninja/assets/images/1x/de-extinction-thumb.webp,https://www.lapa.ninja/post/de-extinction/
Lapa Ninja (Post),Get Nothing,MINIMAL,,,https://cdn.lapa.ninja/assets/images/1x/getnothing-thumb.webp,https://www.lapa.ninja/post/getnothing/
Lapa Ninja (Post),Pantufla Cuantica,PORTFOLIO,,,https://cdn.lapa.ninja/assets/images/1x/pantufla-thumb.webp,https://www.lapa.ninja/post/pantufla/
Lapa Ninja (Post),The Kernference,EVENT,,,https://cdn.lapa.ninja/assets/images/1x/thekernference-thumb.webp,https://www.lapa.ninja/post/thekernference/
Lapa Ninja (Post),Lens Protocol,WEB3,,,https://cdn.lapa.ninja/assets/images/1x/lens-thumb.webp,https://www.lapa.ninja/post/lens/
Lapa Ninja (Post),Rewind,ARTIFICIAL INTELLIGENCE,,,https://cdn.lapa.ninja/assets/images/1x/rewind-thumb.webp,https://www.lapa.ninja/post/rewind/
Lapa Ninja (Post),prmtv,PORTFOLIO,,,https://cdn.lapa.ninja/assets/images/1x/prmtvdesign-thumb.webp,https://www.lapa.ninja/post/prmtvdesign/
Lapa Ninja (Post),Paul Lapkin,PORTFOLIO,,,https://cdn.lapa.ninja/assets/images/1x/paullapkin-thumb.webp,https://www.lapa.ninja/post/paullapkin/
Lapa Ninja (Post),Little Big,ENTERTAINMENT,,,https://cdn.lapa.ninja/assets/images/1x/littlebig-thumb.webp,https://www.lapa.ninja/post/littlebig/
Lapa Ninja (Post),Filippo Ruffini,PORTFOLIO,,,https://cdn.lapa.ninja/assets/images/1x/filipporuffini-thumb.webp,https://www.lapa.ninja/post/filipporuffini/
Lapa Ninja (Post),EasyA,WEB3,,,https://cdn.lapa.ninja/assets/images/1x/easya-thumb.webp,https://www.lapa.ninja/post/easya/
Lapa Ninja (Post),Codes,EVENT,,,https://cdn.lapa.ninja/assets/images/1x/codes-thumb.webp,https://www.lapa.ninja/post/codes/
Lapa Ninja (Post),Chronicle,PRODUCTIVITY,,,https://cdn.lapa.ninja/assets/images/1x/chroniclehq-thumb.webp,https://www.lapa.ninja/post/chroniclehq/
Lapa Ninja (Post),1337,CREATIVE,,,https://cdn.lapa.ninja/assets/images/1x/1337-thumb.webp,https://www.lapa.ninja/post/1337/
Lapa Ninja (Post),Anotherkind,STUDIO,,,https://cdn.lapa.ninja/assets/images/1x/akind-a-thumb.webp,https://www.lapa.ninja/post/akind-a/
Lapa Ninja (Post),Sundown Studio,STUDIO,,,https://cdn.lapa.ninja/assets/images/1x/sundown-studio-thumb.webp,https://www.lapa.ninja/post/sundown-studio/
Lapa Ninja (Post),Gone Fishing Studio,STUDIO,,,https://cdn.lapa.ninja/assets/images/1x/gonefishing-studio-thumb.webp,https://www.lapa.ninja/post/gonefishing-studio/
Lapa Ninja (Post),Fluz,APP,,,https://cdn.lapa.ninja/assets/images/1x/fluz-thumb.webp,https://www.lapa.ninja/post/fluz/
Lapa Ninja (Post),The Quest of Evolution,WEB3,,,https://cdn.lapa.ninja/assets/images/1x/thequestofevolution-thumb.webp,https://www.lapa.ninja/post/thequestofevolution/
Lapa Ninja (Post),MWM,ARTIFICIAL INTELLIGENCE,,,https://cdn.lapa.ninja/assets/images/1x/mwm-thumb.webp,https://www.lapa.ninja/post/mwm/
Lapa Ninja (Post),HeyFriends!,STUDIO,,,https://cdn.lapa.ninja/assets/images/1x/heyfriends-thumb.webp,https://www.lapa.ninja/post/heyfriends/
Lapa Ninja (Post),Bunsen,STUDIO,,,https://cdn.lapa.ninja/assets/images/1x/bunsenstudio-2-thumb.webp,https://www.lapa.ninja/post/bunsenstudio-2/
Lapa Ninja (Post),Evan Fasquelle,PORTFOLIO,,,https://cdn.lapa.ninja/assets/images/1x/evanfasquelle-thumb.webp,https://www.lapa.ninja/post/evanfasquelle/
Lapa Ninja (Post),Ectogasm,FASHION,,,https://cdn.lapa.ninja/assets/images/1x/ectogasm-thumb.webp,https://www.lapa.ninja/post/ectogasm/
Lapa Ninja (Post),Linearity,DESIGN TOOLS,,,https://cdn.lapa.ninja/assets/images/1x/linearity-thumb.webp,https://www.lapa.ninja/post/linearity/
Lapa Ninja (Post),Ryan Miyoshi,PORTFOLIO,,,https://cdn.lapa.ninja/assets/images/1x/ryry-2-thumb.webp,https://www.lapa.ninja/post/ryry-2/
Lapa Ninja (Post),Rains,FASHION,,,https://cdn.lapa.ninja/assets/images/1x/rains-2-thumb.webp,https://www.lapa.ninja/post/rains-2/
Lapa Ninja (Post),REDSOFA,CORPORATE,,,https://cdn.lapa.ninja/assets/images/1x/redsofa-thumb.webp,https://www.lapa.ninja/post/redsofa/
Lapa Ninja (Post),Clearbit,SAAS,,,https://cdn.lapa.ninja/assets/images/1x/clearbit-3-thumb.webp,https://www.lapa.ninja/post/clearbit-3/
Lapa Ninja (Post),Orbyt Studio,STUDIO,,,https://cdn.lapa.ninja/assets/images/1x/orbyt-thumb.webp,https://www.lapa.ninja/post/orbyt/
Lapa Ninja (Post),Pablo Coronel,PORTFOLIO,,,https://cdn.lapa.ninja/assets/images/1x/coronel-thumb.webp,https://www.lapa.ninja/post/coronel/
Lapa Ninja (Post),Lightspeed,VENTURES,,,https://cdn.lapa.ninja/assets/images/1x/lsvp-thumb.webp,https://www.lapa.ninja/post/lsvp/
Lapa Ninja (Post),Transient Labs,WEB3,,,https://cdn.lapa.ninja/assets/images/1x/transientlabs-thumb.webp,https://www.lapa.ninja/post/transientlabs/
Lapa Ninja (Post),Kiln,STUDIO,,,https://cdn.lapa.ninja/assets/images/1x/studio-kiln-thumb.webp,https://www.lapa.ninja/post/studio-kiln/
Lapa Ninja (Post),tmrw.studio,STUDIO,,,https://cdn.lapa.ninja/assets/images/1x/tmrw-thumb.webp,https://www.lapa.ninja/post/tmrw/
Lapa Ninja (Post),Sol,TECHNOLOGY,,,https://cdn.lapa.ninja/assets/images/1x/solreader-thumb.webp,https://www.lapa.ninja/post/solreader/
Lapa Ninja (Post),Send App,ILLUSTRATION,,,https://cdn.lapa.ninja/assets/images/1x/send-flutterwave-thumb.webp,https://www.lapa.ninja/post/send-flutterwave/
Lapa Ninja (Post),Evmos,BLOCKCHAIN,,,https://cdn.lapa.ninja/assets/images/1x/evmos-thumb.webp,https://www.lapa.ninja/post/evmos/
Lapa Ninja (Post),Cycle,SAAS,,,https://cdn.lapa.ninja/assets/images/1x/cycleapp-thumb.webp,https://www.lapa.ninja/post/cycleapp/
Lapa Ninja (Post),IGLOO,FASHION,,,https://cdn.lapa.ninja/assets/images/1x/igloo-thumb.webp,https://www.lapa.ninja/post/igloo/
Lapa Ninja (Post),EUN JEONG YOO,PORTFOLIO,,,https://cdn.lapa.ninja/assets/images/1x/eunjeongyoo-2-thumb.webp,https://www.lapa.ninja/post/eunjeongyoo-2/
Lapa Ninja (Post),The Thirty7,AGENCY,,,https://cdn.lapa.ninja/assets/images/1x/thethirty7-thumb.webp,https://www.lapa.ninja/post/thethirty7/
Lapa Ninja (Post),Phantom,CRYPTOCURRENCY,,,https://cdn.lapa.ninja/assets/images/1x/phantom-thumb.webp,https://www.lapa.ninja/post/phantom/
Lapa Ninja (Post),NEAR,BLOCKCHAIN,,,https://cdn.lapa.ninja/assets/images/1x/near-thumb.webp,https://www.lapa.ninja/post/near/
Lapa Ninja (Post),Lief Amsterdam,REAL ESTATE,,,https://cdn.lapa.ninja/assets/images/1x/liefamsterdam-thumb.webp,https://www.lapa.ninja/post/liefamsterdam/
Lapa Ninja (Post),Valentin Galmand,PORTFOLIO,,,https://cdn.lapa.ninja/assets/images/1x/heyvalentin-thumb.webp,https://www.lapa.ninja/post/heyvalentin/
Lapa Ninja (Post),Giopato & Coombes,FURNITURE INTERIORS,,,https://cdn.lapa.ninja/assets/images/1x/giopatocoombes-thumb.webp,https://www.lapa.ninja/post/giopatocoombes/
Lapa Ninja (Post),Cassettine,MUSIC,,,https://cdn.lapa.ninja/assets/images/1x/cassettine-thumb.webp,https://www.lapa.ninja/post/cassettine/
Lapa Ninja (Post),Basecamp,SAAS,,,https://cdn.lapa.ninja/assets/images/1x/basecamp-2-thumb.webp,https://www.lapa.ninja/post/basecamp-2/
Lapa Ninja (Post),Timescale,DEVELOPMENT TOOLS,,,https://cdn.lapa.ninja/assets/images/1x/timescale-thumb.webp,https://www.lapa.ninja/post/timescale/
Lapa Ninja (Post),Magic Beans,SAAS,,,https://cdn.lapa.ninja/assets/images/1x/magicbeans-thumb.webp,https://www.lapa.ninja/post/magicbeans/
Lapa Ninja (Post),Hyperliquid,CRYPTOCURRENCY,,,https://cdn.lapa.ninja/assets/images/1x/hyperliquid-thumb.webp,https://www.lapa.ninja/post/hyperliquid/
Lapa Ninja (Post),Warren Lotas,ECOMMERCE,,,https://cdn.lapa.ninja/assets/images/1x/warrenlotas-thumb.webp,https://www.lapa.ninja/post/warrenlotas/
Lapa Ninja (Post),Joonas Sandell,PORTFOLIO,,,https://cdn.lapa.ninja/assets/images/1x/joonassandell-thumb.webp,https://www.lapa.ninja/post/joonassandell/
Lapa Ninja (Post),KUYA,STUDIO,,,https://cdn.lapa.ninja/assets/images/1x/hellokuya-thumb.webp,https://www.lapa.ninja/post/hellokuya/
Lapa Ninja (Post),Moonlock,TECHNOLOGY,,,https://cdn.lapa.ninja/assets/images/1x/moonlock-thumb.webp,https://www.lapa.ninja/post/moonlock/
Lapa Ninja (Post),Config,TECHNOLOGY,,,https://cdn.lapa.ninja/assets/images/1x/config-thumb.webp,https://www.lapa.ninja/post/config/
Lapa Ninja (Post),Bruce Mau Design,STUDIO,,,https://cdn.lapa.ninja/assets/images/1x/brucemaudesign-thumb.webp,https://www.lapa.ninja/post/brucemaudesign/
Lapa Ninja (Post),Slite,ARTIFICIAL INTELLIGENCE,,,https://cdn.lapa.ninja/assets/images/1x/slite-5-thumb.webp,https://www.lapa.ninja/post/slite-5/
Lapa Ninja (Post),Johnyvino,PORTFOLIO,,,https://cdn.lapa.ninja/assets/images/1x/johnyvino-2-thumb.webp,https://www.lapa.ninja/post/johnyvino/
Lapa Ninja (Post),Campsite,SAAS,,,https://cdn.lapa.ninja/assets/images/1x/campsite-2-thumb.webp,https://www.lapa.ninja/post/campsite-2/
Lapa Ninja (Post),Twingate,SAAS,,,https://cdn.lapa.ninja/assets/images/1x/twingate-thumb.webp,https://www.lapa.ninja/post/twingate/
Lapa Ninja (Post),Pickt.,COMMUNITY,,,https://cdn.lapa.ninja/assets/images/1x/pickt-thumb.webp,https://www.lapa.ninja/post/pickt/
Lapa Ninja (Post),Healthy Together,SAAS,,,https://cdn.lapa.ninja/assets/images/1x/healthytogether-thumb.webp,https://www.lapa.ninja/post/healthytogether/
Lapa Ninja (Post),Checkly,SAAS,,,https://cdn.lapa.ninja/assets/images/1x/checklyhq-thumb.webp,https://www.lapa.ninja/post/checklyhq/
Lapa Ninja (Post),Jessica Rosenberg,PORTFOLIO,,,https://cdn.lapa.ninja/assets/images/1x/hellomynameisjess-thumb.webp,https://www.lapa.ninja/post/hellomynameisjess/
Lapa Ninja (Post),Merlin Studio,STUDIO,,,https://cdn.lapa.ninja/assets/images/1x/merlin-studio-thumb.webp,https://www.lapa.ninja/post/merlin-studio/
Lapa Ninja (Post),Endless,AGENCY,,,https://cdn.lapa.ninja/assets/images/1x/endless-design-thumb.webp,https://www.lapa.ninja/post/endless-design/
Lapa Ninja (Post),Opal Camera Inc,ECOMMERCE,,,https://cdn.lapa.ninja/assets/images/1x/opalcamera-2-thumb.webp,https://www.lapa.ninja/post/opalcamera-2/
Lapa Ninja (Post),FABRIC,CORPORATE,,,https://cdn.lapa.ninja/assets/images/1x/fabric-vc-thumb.webp,https://www.lapa.ninja/post/fabric-vc/
Lapa Ninja (Post),UFO,ENTERTAINMENT,,,https://cdn.lapa.ninja/assets/images/1x/ufo-thumb.webp,https://www.lapa.ninja/post/ufo/
Lapa Ninja (Post),Hook,MINIMAL,,,https://cdn.lapa.ninja/assets/images/1x/hook-xyz-thumb.webp,https://www.lapa.ninja/post/hook-xyz/
Lapa Ninja (Post),Festina,CORPORATE,,,https://cdn.lapa.ninja/assets/images/1x/festina-thumb.webp,https://www.lapa.ninja/post/festina/
Lapa Ninja (Post),Cinch PR,AGENCY,,,https://cdn.lapa.ninja/assets/images/1x/cinchpr-thumb.webp,https://www.lapa.ninja/post/cinchpr/
Lapa Ninja (Post),Threads,PRODUCTIVITY,,,https://cdn.lapa.ninja/assets/images/1x/threads-3-thumb.webp,https://www.lapa.ninja/post/threads-3/
Lapa Ninja (Post),Inflection,STUDIO,,,https://cdn.lapa.ninja/assets/images/1x/inflection-thumb.webp,https://www.lapa.ninja/post/inflection/
Lapa Ninja (Post),22MC,STUDIO,,,https://cdn.lapa.ninja/assets/images/1x/22mc-thumb.webp,https://www.lapa.ninja/post/22mc/
Lapa Ninja (Post),Off-Menu,STUDIO,,,https://cdn.lapa.ninja/assets/images/1x/off-menu-thumb.webp,https://www.lapa.ninja/post/off-menu/
Lapa Ninja (Post),Flowman,PORTFOLIO,,,https://cdn.lapa.ninja/assets/images/1x/flowman-2-thumb.webp,https://www.lapa.ninja/post/flowman-2/
Lapa Ninja (Post),Figma,DESIGN TOOLS,,,https://cdn.lapa.ninja/assets/images/1x/figma-4-thumb.webp,https://www.lapa.ninja/post/figma-4/
Lapa Ninja (Post),ED. Studio,STUDIO,,,https://cdn.lapa.ninja/assets/images/1x/ed-studio-thumb.webp,https://www.lapa.ninja/post/ed-studio/
Lapa Ninja (Post),tiblo,PRODUCTIVITY,,,https://cdn.lapa.ninja/assets/images/1x/tiblo-thumb.webp,https://www.lapa.ninja/post/tiblo/
Lapa Ninja (Post),indó,FINANCE,,,https://cdn.lapa.ninja/assets/images/1x/indo-thumb.webp,https://www.lapa.ninja/post/indo/
Lapa Ninja (Post),Pani,ECOMMERCE,,,https://cdn.lapa.ninja/assets/images/1x/getpani-thumb.webp,https://www.lapa.ninja/post/getpani/
Lapa Ninja (Post),PandaPay,FINTECH,,,https://cdn.lapa.ninja/assets/images/1x/pandapay-thumb.webp,https://www.lapa.ninja/post/pandapay/
Lapa Ninja (Post),Le Random,CULTURE,,,https://cdn.lapa.ninja/assets/images/1x/lerandom-thumb.webp,https://www.lapa.ninja/post/lerandom/
Lapa Ninja (Post),Perch Houses,REAL ESTATE,,,https://cdn.lapa.ninja/assets/images/1x/perchhouses-thumb.webp,https://www.lapa.ninja/post/perchhouses/
Lapa Ninja (Post),Marginal Man,PORTFOLIO,,,https://cdn.lapa.ninja/assets/images/1x/marginalman-thumb.webp,https://www.lapa.ninja/post/marginalman/
Lapa Ninja (Post),Marvin Schwaibold,PORTFOLIO,,,https://cdn.lapa.ninja/assets/images/1x/marvinschwaibold-3-thumb.webp,https://www.lapa.ninja/post/marvinschwaibold-3/
Lapa Ninja (Post),Gemnote,ECOMMERCE,,,https://cdn.lapa.ninja/assets/images/1x/gemnote-thumb.webp,https://www.lapa.ninja/post/gemnote/
Lapa Ninja (Post),Loro,FOOD DRINKS,,,https://cdn.lapa.ninja/assets/images/1x/loroeats-thumb.webp,https://www.lapa.ninja/post/loroeats/
Lapa Ninja (Post),Akuto Studio,ECOMMERCE,,,https://cdn.lapa.ninja/assets/images/1x/akutostudio-thumb.webp,https://www.lapa.ninja/post/akutostudio/
Lapa Ninja (Post),WE3,AGENCY,,,https://cdn.lapa.ninja/assets/images/1x/we3-thumb.webp,https://www.lapa.ninja/post/we3/
Lapa Ninja (Post),Flowjo,MINIMAL,,,https://cdn.lapa.ninja/assets/images/1x/getflowjo-thumb.webp,https://www.lapa.ninja/post/getflowjo/
Lapa Ninja (Post),Landa,HOME LIVING,,,https://cdn.lapa.ninja/assets/images/1x/landa-thumb.webp,https://www.lapa.ninja/post/landa/
Lapa Ninja (Post),Old Friends,STUDIO,,,https://cdn.lapa.ninja/assets/images/1x/oldfriends-studio-thumb.webp,https://www.lapa.ninja/post/oldfriends-studio/
Lapa Ninja (Post),Shortcut,BLOG,,,https://cdn.lapa.ninja/assets/images/1x/figma-blog-thumb.webp,https://www.lapa.ninja/post/figma-blog/
Lapa Ninja (Post),Current,SAAS,,,https://cdn.lapa.ninja/assets/images/1x/current-2-thumb.webp,https://www.lapa.ninja/post/current-2/
Lapa Ninja (Post),SVG Animations,COURSE,,,https://cdn.lapa.ninja/assets/images/1x/svg-animations-thumb.webp,https://www.lapa.ninja/post/svg-animations/
Lapa Ninja (Post),Resend,MAIL,,,https://cdn.lapa.ninja/assets/images/1x/resend-thumb.webp,https://www.lapa.ninja/post/resend/
Lapa Ninja (Post),Artboard Studio,DESIGN TOOLS,,,https://cdn.lapa.ninja/assets/images/1x/artboard-studio-2-thumb.webp,https://www.lapa.ninja/post/artboard-studio-2/
Lapa Ninja (Post),Family,APP,,,https://cdn.lapa.ninja/assets/images/1x/family-thumb.webp,https://www.lapa.ninja/post/family/
Lapa Ninja (Post),GRAYCRAFT,NFT,,,https://cdn.lapa.ninja/assets/images/1x/graycraft-thumb.webp,https://www.lapa.ninja/post/graycraft/
Lapa Ninja (Post),The Glow Up Festival 2023,EVENT,,,https://cdn.lapa.ninja/assets/images/1x/theglowup-thumb.webp,https://www.lapa.ninja/post/theglowup/
Lapa Ninja (Post),OnHand,CORPORATE,,,https://cdn.lapa.ninja/assets/images/1x/beonhand-thumb.webp,https://www.lapa.ninja/post/beonhand/
Lapa Ninja (Post),Theo Plawinski,PORTFOLIO,,,https://cdn.lapa.ninja/assets/images/1x/theoplawinski-2-thumb.webp,https://www.lapa.ninja/post/theoplawinski-2/
Lapa Ninja (Post),LVCIDIA,NFT,,,https://cdn.lapa.ninja/assets/images/1x/lvcidia-2-thumb.webp,https://www.lapa.ninja/post/lvcidia-2/
Lapa Ninja (Post),mymind,PRODUCTIVITY,,,https://cdn.lapa.ninja/assets/images/1x/mymind-2-thumb.webp,https://www.lapa.ninja/post/mymind-2/
Lapa Ninja (Post),Monolith Agency,AGENCY,,,https://cdn.lapa.ninja/assets/images/1x/monolith-thumb.webp,https://www.lapa.ninja/post/monolith/
Lapa Ninja (Post),Midnight Alarm,APP,,,https://cdn.lapa.ninja/assets/images/1x/midnight-thumb.webp,https://www.lapa.ninja/post/midnight/
Lapa Ninja (Post),Raw Materials,STUDIO,,,https://cdn.lapa.ninja/assets/images/1x/therawmaterials-thumb.webp,https://www.lapa.ninja/post/therawmaterials/
Lapa Ninja (Post),Instrument,STUDIO,,,https://cdn.lapa.ninja/assets/images/1x/instrument-5-thumb.webp,https://www.lapa.ninja/post/instrument-5/
Lapa Ninja (Post),THE INDEX,MINIMAL,,,https://cdn.lapa.ninja/assets/images/1x/theindex-website-thumb.webp,https://www.lapa.ninja/post/theindex-website/
Lapa Ninja (Post),Diagram,DESIGN TOOLS,,,https://cdn.lapa.ninja/assets/images/1x/diagram-thumb.webp,https://www.lapa.ninja/post/diagram/
Lapa Ninja (Post),Boba Ice Cream,FOOD DRINKS,,,https://cdn.lapa.ninja/assets/images/1x/bobaicecream-thumb.webp,https://www.lapa.ninja/post/bobaicecream/
Lapa Ninja (Post),Lupo Pizza,FOOD DRINKS,,,https://cdn.lapa.ninja/assets/images/1x/lupo-thumb.webp,https://www.lapa.ninja/post/lupo/
Lapa Ninja (Post),Tyler Deeb,PORTFOLIO,,,https://cdn.lapa.ninja/assets/images/1x/tylerdeeb-thumb.webp,https://www.lapa.ninja/post/tylerdeeb/
Lapa Ninja (Post),Alright Studio,STUDIO,,,https://cdn.lapa.ninja/assets/images/1x/alright-studio-thumb.webp,https://www.lapa.ninja/post/alright-studio/
Lapa Ninja (Post),Gil Huybrecht,PORTFOLIO,,,https://cdn.lapa.ninja/assets/images/1x/gilhuybrecht-2-thumb.webp,https://www.lapa.ninja/post/gilhuybrecht-2/
Lapa Ninja (Post),Qatalog,SAAS,,,https://cdn.lapa.ninja/assets/images/1x/qatalog-3-thumb.webp,https://www.lapa.ninja/post/qatalog-3/
Lapa Ninja (Post),Loops,MAIL,,,https://cdn.lapa.ninja/assets/images/1x/loops-thumb.webp,https://www.lapa.ninja/post/loops/
Lapa Ninja (Post),Supertape,MUSIC,,,https://cdn.lapa.ninja/assets/images/1x/supertape-thumb.webp,https://www.lapa.ninja/post/supertape/
Lapa Ninja (Post),OPAL,CORPORATE,,,https://cdn.lapa.ninja/assets/images/1x/weareopal-thumb.webp,https://www.lapa.ninja/post/weareopal/
Lapa Ninja (Post),EvolveMe,ILLUSTRATION,,,https://cdn.lapa.ninja/assets/images/1x/evolveme-thumb.webp,https://www.lapa.ninja/post/evolveme/
Lapa Ninja (Post),Reflect,PRODUCTIVITY,,,https://cdn.lapa.ninja/assets/images/1x/reflect-thumb.webp,https://www.lapa.ninja/post/reflect/
Lapa Ninja (Post),OneHalf,AGENCY,,,https://cdn.lapa.ninja/assets/images/1x/onehalf-agency-thumb.webp,https://www.lapa.ninja/post/onehalf-agency/
Lapa Ninja (Post),Design Business Company,STUDIO,,,https://cdn.lapa.ninja/assets/images/1x/designbusinesscompany-thumb.webp,https://www.lapa.ninja/post/designbusinesscompany/
Lapa Ninja (Post),Maneken,DESIGN TOOLS,,,https://cdn.lapa.ninja/assets/images/1x/maneken-thumb.webp,https://www.lapa.ninja/post/maneken/
Lapa Ninja (Post),Glide,SAAS,,,https://cdn.lapa.ninja/assets/images/1x/glideapps-3-thumb.webp,https://www.lapa.ninja/post/glideapps-3/
Lapa Ninja (Post),Obviously AI,ARTIFICIAL INTELLIGENCE,,,https://cdn.lapa.ninja/assets/images/1x/obviously-2-thumb.webp,https://www.lapa.ninja/post/obviously-2/
Lapa Ninja (Post),Mill,FURNITURE INTERIORS,,,https://cdn.lapa.ninja/assets/images/1x/mill-thumb.webp,https://www.lapa.ninja/post/mill/
Lapa Ninja (Post),FATES,NFT,,,https://cdn.lapa.ninja/assets/images/1x/fates-thumb.webp,https://www.lapa.ninja/post/fates/
Lapa Ninja (Post),eterble,FURNITURE INTERIORS,,,https://cdn.lapa.ninja/assets/images/1x/eterble-thumb.webp,https://www.lapa.ninja/post/eterble/
Lapa Ninja (Post),BRĒZ,FOOD DRINKS,,,https://cdn.lapa.ninja/assets/images/1x/drinkbrez-thumb.webp,https://www.lapa.ninja/post/drinkbrez/
Lapa Ninja (Post),Off Type Foundry,FOUNDRY,,,https://cdn.lapa.ninja/assets/images/1x/off-type-thumb.webp,https://www.lapa.ninja/post/off-type/
Lapa Ninja (Post),Design System University,COURSE,,,https://cdn.lapa.ninja/assets/images/1x/designsystem-university-thumb.webp,https://www.lapa.ninja/post/designsystem-university/
Lapa Ninja (Post),Design is Funny,PORTFOLIO,,,https://cdn.lapa.ninja/assets/images/1x/designisfunny-thumb.webp,https://www.lapa.ninja/post/designisfunny/
Lapa Ninja (Post),Andrea Mata,PORTFOLIO,,,https://cdn.lapa.ninja/assets/images/1x/andmata-thumb.webp,https://www.lapa.ninja/post/andmata/
Lapa Ninja (Post),Ethereum,CRYPTOCURRENCY,,,https://cdn.lapa.ninja/assets/images/1x/ethereum-thumb.webp,https://www.lapa.ninja/post/ethereum/
Lapa Ninja (Post),Samuel Medvedowsky,PORTFOLIO,,,https://cdn.lapa.ninja/assets/images/1x/samuel-medvedowsky-thumb.webp,https://www.lapa.ninja/post/samuel-medvedowsky/
Lapa Ninja (Post),Significa,AGENCY,,,https://cdn.lapa.ninja/assets/images/1x/significa-2-thumb.webp,https://www.lapa.ninja/post/significa-2/
Lapa Ninja (Post),Dux Design,STUDIO,,,https://cdn.lapa.ninja/assets/images/1x/dux-design-thumb.webp,https://www.lapa.ninja/post/dux-design/
Lapa Ninja (Post),Mux,SAAS,,,https://cdn.lapa.ninja/assets/images/1x/mux-thumb.webp,https://www.lapa.ninja/post/mux/
Lapa Ninja (Post),Zajno,STUDIO,,,https://cdn.lapa.ninja/assets/images/1x/zajno-3-thumb.webp,https://www.lapa.ninja/post/zajno-3/
Lapa Ninja (Post),Pam,AGENCY,,,https://cdn.lapa.ninja/assets/images/1x/thisispam-2-thumb.webp,https://www.lapa.ninja/post/thisispam-2/
Lapa Ninja (Post),Current,APP,,,https://cdn.lapa.ninja/assets/images/1x/currentvehicles-thumb.webp,https://www.lapa.ninja/post/currentvehicles/
Lapa Ninja (Post),Luro,SAAS,,,https://cdn.lapa.ninja/assets/images/1x/luroapp-2-thumb.webp,https://www.lapa.ninja/post/luroapp-2/
Lapa Ninja (Post),moiq capital,CORPORATE,,,https://cdn.lapa.ninja/assets/images/1x/moiq-capital-thumb.webp,https://www.lapa.ninja/post/moiq-capital/
Lapa Ninja (Post),Designed by Women,EDUCATION,,,https://cdn.lapa.ninja/assets/images/1x/designedbywomen-2-thumb.webp,https://www.lapa.ninja/post/designedbywomen-2/
Lapa Ninja (Post),JW.S,STUDIO,,,https://cdn.lapa.ninja/assets/images/1x/jonway-studio-3-thumb.webp,https://www.lapa.ninja/post/jonway-studio-3/
Lapa Ninja (Post),The Workshop Survival Guide,BOOK,,,https://cdn.lapa.ninja/assets/images/1x/workshopsurvival-thumb.webp,https://www.lapa.ninja/post/workshopsurvival/
Lapa Ninja (Post),Self Aware,STUDIO,,,https://cdn.lapa.ninja/assets/images/1x/selfaware-studio-2-thumb.webp,https://www.lapa.ninja/post/selfaware-studio-2/
Lapa Ninja (Post),STURDY,STUDIO,,,https://cdn.lapa.ninja/assets/images/1x/sturdy-thumb.webp,https://www.lapa.ninja/post/sturdy/
Lapa Ninja (Post),Otter,ILLUSTRATION,,,https://cdn.lapa.ninja/assets/images/1x/withotter-thumb.webp,https://www.lapa.ninja/post/withotter/
Lapa Ninja (Post),Syllabus,ARTIFICIAL INTELLIGENCE,,,https://cdn.lapa.ninja/assets/images/1x/syllabus-thumb.webp,https://www.lapa.ninja/post/syllabus/
Lapa Ninja (Post),Blaze Type,BOOK,,,https://cdn.lapa.ninja/assets/images/1x/learntype-thumb.webp,https://www.lapa.ninja/post/learntype/
Lapa Ninja (Post),Lovers Magazine,MAGAZINE,,,https://cdn.lapa.ninja/assets/images/1x/loversmagazine-thumb.webp,https://www.lapa.ninja/post/loversmagazine/
Lapa Ninja (Post),Minh Pham,PORTFOLIO,,,https://cdn.lapa.ninja/assets/images/1x/minhpham-thumb.webp,https://www.lapa.ninja/post/minhpham/
Lapa Ninja (Post),Studiogusto,STUDIO,,,https://cdn.lapa.ninja/assets/images/1x/studiogusto-thumb.webp,https://www.lapa.ninja/post/studiogusto/
Lapa Ninja (Post),Mixpanel,SAAS,,,https://cdn.lapa.ninja/assets/images/1x/mixpanel-7-thumb.webp,https://www.lapa.ninja/post/mixpanel-7/
Lapa Ninja (Post),Stripe Sessions,EVENT,,,https://cdn.lapa.ninja/assets/images/1x/stripe-sessions-thumb.webp,https://www.lapa.ninja/post/stripe-sessions/
Lapa Ninja (Post),Twohy Design Works,PORTFOLIO,,,https://cdn.lapa.ninja/assets/images/1x/twohydesign-thumb.webp,https://www.lapa.ninja/post/twohydesign/
Lapa Ninja (Post),Studio Freight,STUDIO,,,https://cdn.lapa.ninja/assets/images/1x/studiofreight-thumb.webp,https://www.lapa.ninja/post/studiofreight/
Lapa Ninja (Post),In The Memory,ARTIFICIAL INTELLIGENCE,,,https://cdn.lapa.ninja/assets/images/1x/inthememory-thumb.webp,https://www.lapa.ninja/post/inthememory/
Lapa Ninja (Post),TakeProfit,COMING SOON,,,https://cdn.lapa.ninja/assets/images/1x/takeprofit-thumb.webp,https://www.lapa.ninja/post/takeprofit/
Lapa Ninja (Post),Carolina Bucci,FASHION,,,https://cdn.lapa.ninja/assets/images/1x/carolinabucci-thumb.webp,https://www.lapa.ninja/post/carolinabucci/
Lapa Ninja (Post),Goodside,STUDIO,,,https://cdn.lapa.ninja/assets/images/1x/goodside-thumb.webp,https://www.lapa.ninja/post/goodside/
Lapa Ninja (Post),Walkie Talkie,APP,,,https://cdn.lapa.ninja/assets/images/1x/walkie-talkie-thumb.webp,https://www.lapa.ninja/post/walkie-talkie/
Lapa Ninja (Post),SupportNinja,ILLUSTRATION,,,https://cdn.lapa.ninja/assets/images/1x/supportninja-thumb.webp,https://www.lapa.ninja/post/supportninja/
Lapa Ninja (Post),Bagage,STUDIO,,,https://cdn.lapa.ninja/assets/images/1x/bagage-thumb.webp,https://www.lapa.ninja/post/bagage/
Lapa Ninja (Post),Attio,SAAS,,,https://cdn.lapa.ninja/assets/images/1x/attio-thumb.webp,https://www.lapa.ninja/post/attio/
Lapa Ninja (Post),Lens,MAGAZINE,,,https://cdn.lapa.ninja/assets/images/1x/lensmag-thumb.webp,https://www.lapa.ninja/post/lensmag/
Lapa Ninja (Post),Thieb,PORTFOLIO,,,https://cdn.lapa.ninja/assets/images/1x/thieb-thumb.webp,https://www.lapa.ninja/post/thieb/
Lapa Ninja (Post),The Future of Design Systems,EVENT,,,https://cdn.lapa.ninja/assets/images/1x/intodesignsystems-thumb.webp,https://www.lapa.ninja/post/intodesignsystems/
Lapa Ninja (Post),Cohere,ARTIFICIAL INTELLIGENCE,,,https://cdn.lapa.ninja/assets/images/1x/cohere-thumb.webp,https://www.lapa.ninja/post/cohere/
Lapa Ninja (Post),Plant Lady Juice Co,ECOMMERCE,,,https://cdn.lapa.ninja/assets/images/1x/plantladyjuice-thumb.webp,https://www.lapa.ninja/post/plantladyjuice/
Lapa Ninja (Post),Fresh Fonts,TYPOGRAPHY,,,https://cdn.lapa.ninja/assets/images/1x/freshfonts-thumb.webp,https://www.lapa.ninja/post/freshfonts/
Lapa Ninja (Post),Eat Curious,FOOD DRINKS,,,https://cdn.lapa.ninja/assets/images/1x/eat-curious-thumb.webp,https://www.lapa.ninja/post/eat-curious/
Lapa Ninja (Post),OLIPOP,ECOMMERCE,,,https://cdn.lapa.ninja/assets/images/1x/drinkolipop-thumb.webp,https://www.lapa.ninja/post/drinkolipop/
Lapa Ninja (Post),Mezmo,SAAS,,,https://cdn.lapa.ninja/assets/images/1x/mezmo-thumb.webp,https://www.lapa.ninja/post/mezmo/
Lapa Ninja (Post),People in Product,COMMUNITY,,,https://cdn.lapa.ninja/assets/images/1x/peopleinproduct-thumb.webp,https://www.lapa.ninja/post/peopleinproduct/
Lapa Ninja (Post),Maggie Appleton,PORTFOLIO,,,https://cdn.lapa.ninja/assets/images/1x/maggieappleton-thumb.webp,https://www.lapa.ninja/post/maggieappleton/
Lapa Ninja (Post),Studio Elana Schlenker,STUDIO,,,https://cdn.lapa.ninja/assets/images/1x/elanaschlenker-thumb.webp,https://www.lapa.ninja/post/elanaschlenker/
Lapa Ninja (Post),Kernel,DESIGN TOOLS,,,https://cdn.lapa.ninja/assets/images/1x/usekernel-2-thumb.webp,https://www.lapa.ninja/post/usekernel-2/
Lapa Ninja (Post),Nenad Grujicic,PORTFOLIO,,,https://cdn.lapa.ninja/assets/images/1x/grujicic-thumb.webp,https://www.lapa.ninja/post/grujicic/
Lapa Ninja (Post),Set Studio,STUDIO,,,https://cdn.lapa.ninja/assets/images/1x/set-studio-thumb.webp,https://www.lapa.ninja/post/set-studio/
Lapa Ninja (Post),GV,VENTURES,,,https://cdn.lapa.ninja/assets/images/1x/gv-thumb.webp,https://www.lapa.ninja/post/gv/
Lapa Ninja (Post),HV-MTL,NFT,,,https://cdn.lapa.ninja/assets/images/1x/hv-mtl-thumb.webp,https://www.lapa.ninja/post/hv-mtl/
Lapa Ninja (Post),react.gg,COURSE,,,https://cdn.lapa.ninja/assets/images/1x/react-gg-thumb.webp,https://www.lapa.ninja/post/react-gg/
Lapa Ninja (Post),Mila Cares,HARDWARE,,,https://cdn.lapa.ninja/assets/images/1x/milacares-thumb.webp,https://www.lapa.ninja/post/milacares/
Lapa Ninja (Post),Artemii Lebedev,PORTFOLIO,,,https://cdn.lapa.ninja/assets/images/1x/artemiilebedev-2-thumb.webp,https://www.lapa.ninja/post/artemiilebedev-2/
Lapa Ninja (Post),Bloom Collective,MINIMAL,,,https://cdn.lapa.ninja/assets/images/1x/bloomcollective-thumb.webp,https://www.lapa.ninja/post/bloomcollective/
Lapa Ninja (Post),Tom Dimajo,PORTFOLIO,,,https://cdn.lapa.ninja/assets/images/1x/tomdimajo-thumb.webp,https://www.lapa.ninja/post/tomdimajo/
Lapa Ninja (Post),Cuban’s EDGE,3D WEBSITES,,,https://cdn.lapa.ninja/assets/images/1x/cubansedge-thumb.webp,https://www.lapa.ninja/post/cubansedge/
Lapa Ninja (Post),Give Where You Live,ILLUSTRATION,,,https://cdn.lapa.ninja/assets/images/1x/givewhereyoulive-thumb.webp,https://www.lapa.ninja/post/givewhereyoulive/
Lapa Ninja (Post),Good Eat'n,FOOD DRINKS,,,https://cdn.lapa.ninja/assets/images/1x/goodeatn-thumb.webp,https://www.lapa.ninja/post/goodeatn/
Lapa Ninja (Post),LOAH,FOOD DRINKS,,,https://cdn.lapa.ninja/assets/images/1x/loah-thumb.webp,https://www.lapa.ninja/post/loah/
Lapa Ninja (Post),Contra,FREELANCE,,,https://cdn.lapa.ninja/assets/images/1x/contra-3-thumb.webp,https://www.lapa.ninja/post/contra-3/
Lapa Ninja (Post),Casa Eminente,CULTURE,,,https://cdn.lapa.ninja/assets/images/1x/casaeminente-thumb.webp,https://www.lapa.ninja/post/casaeminente/
Lapa Ninja (Post),Charlota Blunarova,PORTFOLIO,,,https://cdn.lapa.ninja/assets/images/1x/blunarova-thumb.webp,https://www.lapa.ninja/post/blunarova/
Lapa Ninja (Post),Crush Editorial,AGENCY,,,https://cdn.lapa.ninja/assets/images/1x/crusheditorial-thumb.webp,https://www.lapa.ninja/post/crusheditorial/
Lapa Ninja (Post),Swag,SAAS,,,https://cdn.lapa.ninja/assets/images/1x/swagapp-thumb.webp,https://www.lapa.ninja/post/swagapp/
Lapa Ninja (Post),RCA Records,ENTERTAINMENT,,,https://cdn.lapa.ninja/assets/images/1x/rcarecords-thumb.webp,https://www.lapa.ninja/post/rcarecords/
Lapa Ninja (Post),BaseCreate,AGENCY,,,https://cdn.lapa.ninja/assets/images/1x/basecreate-thumb.webp,https://www.lapa.ninja/post/basecreate/
Lapa Ninja (Post),Cycle,PRODUCTIVITY,,,https://cdn.lapa.ninja/assets/images/1x/cycle-3-thumb.webp,https://www.lapa.ninja/post/cycle-3/
Lapa Ninja (Post),Shortcut,PRODUCTIVITY,,,https://cdn.lapa.ninja/assets/images/1x/shortcut-thumb.webp,https://www.lapa.ninja/post/shortcut/
Lapa Ninja (Post),Cord,SAAS,,,https://cdn.lapa.ninja/assets/images/1x/cord-thumb.webp,https://www.lapa.ninja/post/cord/
Lapa Ninja (Post),Mission Barns,FOOD DRINKS,,,https://cdn.lapa.ninja/assets/images/1x/missionbarns-thumb.webp,https://www.lapa.ninja/post/missionbarns/
Lapa Ninja (Post),Jungle,STUDIO,,,https://cdn.lapa.ninja/assets/images/1x/itsjungle-thumb.webp,https://www.lapa.ninja/post/itsjungle/
Lapa Ninja (Post),Robo Ramen,NFT,,,https://cdn.lapa.ninja/assets/images/1x/roboramen-thumb.webp,https://www.lapa.ninja/post/roboramen/
Lapa Ninja (Post),Metaview,ARTIFICIAL INTELLIGENCE,,,https://cdn.lapa.ninja/assets/images/1x/metaview-thumb.webp,https://www.lapa.ninja/post/metaview/
Lapa Ninja (Post),Drop,SAAS,,,https://cdn.lapa.ninja/assets/images/1x/usedrop-thumb.webp,https://www.lapa.ninja/post/usedrop/
Lapa Ninja (Post),Astro,DEVELOPMENT TOOLS,,,https://cdn.lapa.ninja/assets/images/1x/astro-build-3-thumb.webp,https://www.lapa.ninja/post/astro-build-3/
Lapa Ninja (Post),Expansion VC,VENTURES,,,https://cdn.lapa.ninja/assets/images/1x/expansionvc-thumb.webp,https://www.lapa.ninja/post/expansionvc/
Lapa Ninja (Post),Hen³,PORTFOLIO,,,https://cdn.lapa.ninja/assets/images/1x/hen-ry-thumb.webp,https://www.lapa.ninja/post/hen-ry/
Lapa Ninja (Post),Wise,FINANCE,,,https://cdn.lapa.ninja/assets/images/1x/wise-thumb.webp,https://www.lapa.ninja/post/wise/
Lapa Ninja (Post),Al Power,PORTFOLIO,,,https://cdn.lapa.ninja/assets/images/1x/alpower-thumb.webp,https://www.lapa.ninja/post/alpower/
Lapa Ninja (Post),ContraBureau,STUDIO,,,https://cdn.lapa.ninja/assets/images/1x/contrabureau-thumb.webp,https://www.lapa.ninja/post/contrabureau/
Lapa Ninja (Post),Schlatt & Co.,FASHION,,,https://cdn.lapa.ninja/assets/images/1x/schlatt-thumb.webp,https://www.lapa.ninja/post/schlatt/
Lapa Ninja (Post),Giulia Gartner,PORTFOLIO,,,https://cdn.lapa.ninja/assets/images/1x/giuligartner-thumb.webp,https://www.lapa.ninja/post/giuligartner/
Lapa Ninja (Post),Jonas Emmertsen,PORTFOLIO,,,https://cdn.lapa.ninja/assets/images/1x/jonasemmertsen-2-thumb.webp,https://www.lapa.ninja/post/jonasemmertsen-2/
Lapa Ninja (Post),Wope,SAAS,,,https://cdn.lapa.ninja/assets/images/1x/wope-thumb.webp,https://www.lapa.ninja/post/wope/
Lapa Ninja (Post),HEX,STUDIO,,,https://cdn.lapa.ninja/assets/images/1x/hex-thumb.webp,https://www.lapa.ninja/post/hex/
Lapa Ninja (Post),Aino,AGENCY,,,https://cdn.lapa.ninja/assets/images/1x/aino-thumb.webp,https://www.lapa.ninja/post/aino/
Lapa Ninja (Post),ilovecreatives Studio,STUDIO,,,https://cdn.lapa.ninja/assets/images/1x/ilovecreatives-studio-thumb.webp,https://www.lapa.ninja/post/ilovecreatives-studio/
Lapa Ninja (Post),Reform Collective,AGENCY,,,https://cdn.lapa.ninja/assets/images/1x/reformcollective-3-thumb.webp,https://www.lapa.ninja/post/reformcollective-3/
Lapa Ninja (Post),Evervault,SAAS,,,https://cdn.lapa.ninja/assets/images/1x/evervault-2-thumb.webp,https://www.lapa.ninja/post/evervault-2/
Lapa Ninja (Post),MONOLIF,STUDIO,,,https://cdn.lapa.ninja/assets/images/1x/monolif-thumb.webp,https://www.lapa.ninja/post/monolif/
Lapa Ninja (Post),Jon Yablonski,PORTFOLIO,,,https://cdn.lapa.ninja/assets/images/1x/jonyablonski-3-thumb.webp,https://www.lapa.ninja/post/jonyablonski-3/
Lapa Ninja (Post),MANA yerba mate,FOOD DRINKS,,,https://cdn.lapa.ninja/assets/images/1x/manayerbamate-thumb.webp,https://www.lapa.ninja/post/manayerbamate/
Lapa Ninja (Post),Superthread,ILLUSTRATION,,,https://cdn.lapa.ninja/assets/images/1x/superthread-thumb.webp,https://www.lapa.ninja/post/superthread/
Lapa Ninja (Post),Locomotive,AGENCY,,,https://cdn.lapa.ninja/assets/images/1x/locomotive-2-thumb.webp,https://www.lapa.ninja/post/locomotive-2/
Lapa Ninja (Post),That Original,FASHION,,,https://cdn.lapa.ninja/assets/images/1x/that-original-thumb.webp,https://www.lapa.ninja/post/that-original/
Lapa Ninja (Post),Bento,SAAS,,,https://cdn.lapa.ninja/assets/images/1x/bento-thumb.webp,https://www.lapa.ninja/post/bento/
Lapa Ninja (Post),Current,FINANCE,,,https://cdn.lapa.ninja/assets/images/1x/current-com-thumb.webp,https://www.lapa.ninja/post/current-com/
Lapa Ninja (Post),Our Revolution,AGENCY,,,https://cdn.lapa.ninja/assets/images/1x/our-revolution-thumb.webp,https://www.lapa.ninja/post/our-revolution/
Lapa Ninja (Post),Olha Uzhykova,PORTFOLIO,,,https://cdn.lapa.ninja/assets/images/1x/olhauzhykova-thumb.webp,https://www.lapa.ninja/post/olhauzhykova/
Lapa Ninja (Post),dYdX Academy,DEFI,,,https://cdn.lapa.ninja/assets/images/1x/dydx-academy-thumb.webp,https://www.lapa.ninja/post/dydx-academy/
Lapa Ninja (Post),Evergreen,ILLUSTRATION,,,https://cdn.lapa.ninja/assets/images/1x/evergreen-thumb.webp,https://www.lapa.ninja/post/evergreen/
Lapa Ninja (Post),Josh Warner,PORTFOLIO,,,https://cdn.lapa.ninja/assets/images/1x/joshwarner-2-thumb.webp,https://www.lapa.ninja/post/joshwarner-2/
Lapa Ninja (Post),Jitter,DESIGN TOOLS,,,https://cdn.lapa.ninja/assets/images/1x/jitter-thumb.webp,https://www.lapa.ninja/post/jitter/
Lapa Ninja (Post),Campsite,SAAS,,,https://cdn.lapa.ninja/assets/images/1x/campsite-thumb.webp,https://www.lapa.ninja/post/campsite/
Lapa Ninja (Post),Prismic,DEVELOPMENT TOOLS,,,https://cdn.lapa.ninja/assets/images/1x/prismic-2-thumb.webp,https://www.lapa.ninja/post/prismic-2/
Lapa Ninja (Post),Dock,SAAS,,,https://cdn.lapa.ninja/assets/images/1x/dock-thumb.webp,https://www.lapa.ninja/post/dock/
Lapa Ninja (Post),Etuk Josiah Benjamin,PORTFOLIO,,,https://cdn.lapa.ninja/assets/images/1x/jobenetuk-thumb.webp,https://www.lapa.ninja/post/jobenetuk/
Lapa Ninja (Post),Drive Capital,CORPORATE,,,https://cdn.lapa.ninja/assets/images/1x/drivecapital-2-thumb.webp,https://www.lapa.ninja/post/drivecapital-2/
Lapa Ninja (Post),Skiff,MAIL,,,https://cdn.lapa.ninja/assets/images/1x/skiff-thumb.webp,https://www.lapa.ninja/post/skiff/
Lapa Ninja (Post),Maëlan Le Meur,PORTFOLIO,,,https://cdn.lapa.ninja/assets/images/1x/maelanlemeur-thumb.webp,https://www.lapa.ninja/post/maelanlemeur/
Lapa Ninja (Post),Dirt,NEWS,,,https://cdn.lapa.ninja/assets/images/1x/dirt-thumb.webp,https://www.lapa.ninja/post/dirt/
Lapa Ninja (Post),Hervé,STUDIO,,,https://cdn.lapa.ninja/assets/images/1x/herve-thumb.webp,https://www.lapa.ninja/post/herve/
Lapa Ninja (Post),Horizen Labs Ventures,WEB3,,,https://cdn.lapa.ninja/assets/images/1x/hlv-thumb.webp,https://www.lapa.ninja/post/hlv/
Lapa Ninja (Post),Ortto,SAAS,,,https://cdn.lapa.ninja/assets/images/1x/ortto-thumb.webp,https://www.lapa.ninja/post/ortto/
Lapa Ninja (Post),Ivy Stat,EDUCATION,,,https://cdn.lapa.ninja/assets/images/1x/ivystat-thumb.webp,https://www.lapa.ninja/post/ivystat/
Lapa Ninja (Post),Liveblocks,DEVELOPMENT TOOLS,,,https://cdn.lapa.ninja/assets/images/1x/liveblocks-2-thumb.webp,https://www.lapa.ninja/post/liveblocks-2/
Lapa Ninja (Post),Traffic Productions,AGENCY,,,https://cdn.lapa.ninja/assets/images/1x/traffic-thumb.webp,https://www.lapa.ninja/post/traffic/
Lapa Ninja (Post),Mona,NFT,,,https://cdn.lapa.ninja/assets/images/1x/monaverse-thumb.webp,https://www.lapa.ninja/post/monaverse/
Lapa Ninja (Post),REJOUICE,AGENCY,,,https://cdn.lapa.ninja/assets/images/1x/rejouice-thumb.webp,https://www.lapa.ninja/post/rejouice/
Lapa Ninja (Post),The Flow Party,EVENT,,,https://cdn.lapa.ninja/assets/images/1x/joinflowparty-thumb.webp,https://www.lapa.ninja/post/joinflowparty/
Lapa Ninja (Post),Atria,HEALTH FITNESS,,,https://cdn.lapa.ninja/assets/images/1x/atria-thumb.webp,https://www.lapa.ninja/post/atria/
Lapa Ninja (Post),Alicja Colon,PORTFOLIO,,,https://cdn.lapa.ninja/assets/images/1x/alicjacommercial-thumb.webp,https://www.lapa.ninja/post/alicjacommercial/
Lapa Ninja (Post),Sketch,DESIGN TOOLS,,,https://cdn.lapa.ninja/assets/images/1x/sketch-4-thumb.webp,https://www.lapa.ninja/post/sketch-4/
Lapa Ninja (Post),Fuego,AGENCY,,,https://cdn.lapa.ninja/assets/images/1x/fuegocaminaconmigo-2-thumb.webp,https://www.lapa.ninja/post/fuegocaminaconmigo-2/
Lapa Ninja (Post),Hot buro,AGENCY,,,https://cdn.lapa.ninja/assets/images/1x/hotburo-thumb.webp,https://www.lapa.ninja/post/hotburo/
Lapa Ninja (Post),Maciej Zadykowicz,PORTFOLIO,,,https://cdn.lapa.ninja/assets/images/1x/maciej-thumb.webp,https://www.lapa.ninja/post/maciej/
Lapa Ninja (Post),Bolt,SAAS,,,https://cdn.lapa.ninja/assets/images/1x/bolt-2-thumb.webp,https://www.lapa.ninja/post/bolt-2/
Lapa Ninja (Post),shareup.app,SAAS,,,https://cdn.lapa.ninja/assets/images/1x/shareup-thumb.webp,https://www.lapa.ninja/post/shareup/
Lapa Ninja (Post),Women Tell Women,EDUCATION,,,https://cdn.lapa.ninja/assets/images/1x/womentellwomen-thumb.webp,https://www.lapa.ninja/post/womentellwomen/
Lapa Ninja (Post),Fold,APP,,,https://cdn.lapa.ninja/assets/images/1x/fold-money-thumb.webp,https://www.lapa.ninja/post/fold-money/
Lapa Ninja (Post),Dive,EDUCATION,,,https://cdn.lapa.ninja/assets/images/1x/dive-thumb.webp,https://www.lapa.ninja/post/dive/
Lapa Ninja (Post),Artemiy Lebedev,PORTFOLIO,,,https://cdn.lapa.ninja/assets/images/1x/artemiilebedev-thumb.webp,https://www.lapa.ninja/post/artemiilebedev/
Lapa Ninja (Post),Pipe,SAAS,,,https://cdn.lapa.ninja/assets/images/1x/pipe-2-thumb.webp,https://www.lapa.ninja/post/pipe-2/
Lapa Ninja (Post),Dr Pepper,FOOD DRINKS,,,https://cdn.lapa.ninja/assets/images/1x/drpepper-thumb.webp,https://www.lapa.ninja/post/drpepper/
Lapa Ninja (Post),Lynn Fisher,PORTFOLIO,,,https://cdn.lapa.ninja/assets/images/1x/lynnandtonic-thumb.webp,https://www.lapa.ninja/post/lynnandtonic/
Lapa Ninja (Post),Regeneration,FILM,,,https://cdn.lapa.ninja/assets/images/1x/regenerationblackcinema-thumb.webp,https://www.lapa.ninja/post/regenerationblackcinema/
Lapa Ninja (Post),Compound,FINANCE,,,https://cdn.lapa.ninja/assets/images/1x/withcompound-thumb.webp,https://www.lapa.ninja/post/withcompound/
Lapa Ninja (Post),Shopify,SAAS,,,https://cdn.lapa.ninja/assets/images/1x/shopify-thumb.webp,https://www.lapa.ninja/post/shopify/
Lapa Ninja (Post),Natroceutics,HEALTH FITNESS,,,https://cdn.lapa.ninja/assets/images/1x/natroceutics-thumb.webp,https://www.lapa.ninja/post/natroceutics/
Lapa Ninja (Post),Practical UI,BOOK,,,https://cdn.lapa.ninja/assets/images/1x/practical-ui-thumb.webp,https://www.lapa.ninja/post/practical-ui/
Lapa Ninja (Post),Summer McClure,PORTFOLIO,,,https://cdn.lapa.ninja/assets/images/1x/summermcclure-thumb.webp,https://www.lapa.ninja/post/summermcclure/
Lapa Ninja (Post),Hank Designs,STUDIO,,,https://cdn.lapa.ninja/assets/images/1x/hankdesigns-thumb.webp,https://www.lapa.ninja/post/hankdesigns/
Lapa Ninja (Post),EightyOne,AGENCY,,,https://cdn.lapa.ninja/assets/images/1x/eightyone-thumb.webp,https://www.lapa.ninja/post/eightyone/
Lapa Ninja (Post),Gunner,STUDIO,,,https://cdn.lapa.ninja/assets/images/1x/gunner-thumb.webp,https://www.lapa.ninja/post/gunner/
Lapa Ninja (Post),Forma,ILLUSTRATION,,,https://cdn.lapa.ninja/assets/images/1x/joinforma-thumb.webp,https://www.lapa.ninja/post/joinforma/
Lapa Ninja (Post),Galileo,FINANCE,,,https://cdn.lapa.ninja/assets/images/1x/galileo-ft-thumb.webp,https://www.lapa.ninja/post/galileo-ft/
Lapa Ninja (Post),Hiro,WEB3,,,https://cdn.lapa.ninja/assets/images/1x/hiro-thumb.webp,https://www.lapa.ninja/post/hiro/
Lapa Ninja (Post),Replay,DEVELOPMENT TOOLS,,,https://cdn.lapa.ninja/assets/images/1x/replay-2-thumb.webp,https://www.lapa.ninja/post/replay-2/
Lapa Ninja (Post),Syndicate,WEB3,,,https://cdn.lapa.ninja/assets/images/1x/syndicate-thumb.webp,https://www.lapa.ninja/post/syndicate/
Lapa Ninja (Post),Kaiten,FOOD DRINKS,,,https://cdn.lapa.ninja/assets/images/1x/onkaiten-thumb.webp,https://www.lapa.ninja/post/onkaiten/
Lapa Ninja (Post),PencilBooth,SAAS,,,https://cdn.lapa.ninja/assets/images/1x/pencilbooth-thumb.webp,https://www.lapa.ninja/post/pencilbooth/
Lapa Ninja (Post),Phillip Lee,PORTFOLIO,,,https://cdn.lapa.ninja/assets/images/1x/philliplee-thumb.webp,https://www.lapa.ninja/post/philliplee/
Lapa Ninja (Post),Ness,FINANCE,,,https://cdn.lapa.ninja/assets/images/1x/nesswell-2-thumb.webp,https://www.lapa.ninja/post/nesswell-2/
Lapa Ninja (Post),Constance Souville,PORTFOLIO,,,https://cdn.lapa.ninja/assets/images/1x/constancesouville-thumb.webp,https://www.lapa.ninja/post/constancesouville/
Lapa Ninja (Post),Myota Health,ECOMMERCE,,,https://cdn.lapa.ninja/assets/images/1x/myotahealth-thumb.webp,https://www.lapa.ninja/post/myotahealth/
Lapa Ninja (Post),Social House,AGENCY,,,https://cdn.lapa.ninja/assets/images/1x/socialhouseinc-thumb.webp,https://www.lapa.ninja/post/socialhouseinc/
Lapa Ninja (Post),dYdX Merch,ECOMMERCE,,,https://cdn.lapa.ninja/assets/images/1x/dydxmerch-thumb.webp,https://www.lapa.ninja/post/dydxmerch/
Lapa Ninja (Post),Fiberplane,SAAS,,,https://cdn.lapa.ninja/assets/images/1x/fiberplane-thumb.webp,https://www.lapa.ninja/post/fiberplane/
Lapa Ninja (Post),Look,AGENCY,,,https://cdn.lapa.ninja/assets/images/1x/look-thumb.webp,https://www.lapa.ninja/post/look/
Lapa Ninja (Post),Neoplants,ECOMMERCE,,,https://cdn.lapa.ninja/assets/images/1x/neoplants-thumb.webp,https://www.lapa.ninja/post/neoplants/
Lapa Ninja (Post),SESE BOTANICS,CREATIVE,,,https://cdn.lapa.ninja/assets/images/1x/sesebotanics-thumb.webp,https://www.lapa.ninja/post/sesebotanics/
Lapa Ninja (Post),Sikha Haircare,BEAUTY,,,https://cdn.lapa.ninja/assets/images/1x/sikhahaircare-thumb.webp,https://www.lapa.ninja/post/sikhahaircare/
Lapa Ninja (Post),Café Eleven,NFT,,,https://cdn.lapa.ninja/assets/images/1x/cafe11-thumb.webp,https://www.lapa.ninja/post/cafe11/
Lapa Ninja (Post),Eliot Besson,PORTFOLIO,,,https://cdn.lapa.ninja/assets/images/1x/eliotbesson-thumb.webp,https://www.lapa.ninja/post/eliotbesson/
Lapa Ninja (Post),PlanetScale,DEVELOPMENT TOOLS,,,https://cdn.lapa.ninja/assets/images/1x/planetscale-2-thumb.webp,https://www.lapa.ninja/post/planetscale-2/
Lapa Ninja (Post),Nuxt,DEVELOPMENT TOOLS,,,https://cdn.lapa.ninja/assets/images/1x/nuxt-thumb.webp,https://www.lapa.ninja/post/nuxt/
Lapa Ninja (Post),Webflail,COMMUNITY,,,https://cdn.lapa.ninja/assets/images/1x/webflail-2-thumb.webp,https://www.lapa.ninja/post/webflail-2/
Lapa Ninja (Post),Height,SAAS,,,https://cdn.lapa.ninja/assets/images/1x/height-app-2-thumb.webp,https://www.lapa.ninja/post/height-app-2/
Lapa Ninja (Post),Kyle Craven,PORTFOLIO,,,https://cdn.lapa.ninja/assets/images/1x/kylecraven-thumb.webp,https://www.lapa.ninja/post/kylecraven/
Lapa Ninja (Post),Flashfom,SAAS,,,https://cdn.lapa.ninja/assets/images/1x/flshfrm-thumb.webp,https://www.lapa.ninja/post/flshfrm/
Lapa Ninja (Post),The Cape Agency,AGENCY,,,https://cdn.lapa.ninja/assets/images/1x/thecape-agency-thumb.webp,https://www.lapa.ninja/post/thecape-agency/
Lapa Ninja (Post),Organic Oren,ECOMMERCE,,,https://cdn.lapa.ninja/assets/images/1x/organicoren-thumb.webp,https://www.lapa.ninja/post/organicoren/
Lapa Ninja (Post),ASH,FASHION,,,https://cdn.lapa.ninja/assets/images/1x/ash-thumb.webp,https://www.lapa.ninja/post/ash/
Lapa Ninja (Post),Jellypepper,AGENCY,,,https://cdn.lapa.ninja/assets/images/1x/jellypepper-2-thumb.webp,https://www.lapa.ninja/post/jellypepper-2/
Lapa Ninja (Post),Eclipse,TECHNOLOGY,,,https://cdn.lapa.ninja/assets/images/1x/eclipse-thumb.webp,https://www.lapa.ninja/post/eclipse/
Lapa Ninja (Post),Starlight,WEB3,,,https://cdn.lapa.ninja/assets/images/1x/starlight-money-2-thumb.webp,https://www.lapa.ninja/post/starlight-money-2/
Lapa Ninja (Post),Eigen Therapeutics,HEALTH FITNESS,,,https://cdn.lapa.ninja/assets/images/1x/eigentx-thumb.webp,https://www.lapa.ninja/post/eigentx/
Lapa Ninja (Post),Spaceport,CORPORATE,,,https://cdn.lapa.ninja/assets/images/1x/spaceport-thumb.webp,https://www.lapa.ninja/post/spaceport/
Lapa Ninja (Post),Spacekayak,STUDIO,,,https://cdn.lapa.ninja/assets/images/1x/spacekayak-thumb.webp,https://www.lapa.ninja/post/spacekayak/
Lapa Ninja (Post),Ilja van Eck,PORTFOLIO,,,https://cdn.lapa.ninja/assets/images/1x/iljavaneck-2-thumb.webp,https://www.lapa.ninja/post/iljavaneck-2/
Lapa Ninja (Post),Holiday Snowtacular,EVENT,,,https://cdn.lapa.ninja/assets/images/1x/fundraiser-horse-thumb.webp,https://www.lapa.ninja/post/fundraiser-horse/
Lapa Ninja (Post),Yelp Creative,ILLUSTRATION,,,https://cdn.lapa.ninja/assets/images/1x/yelp-creative-thumb.webp,https://www.lapa.ninja/post/yelp-creative/
Lapa Ninja (Post),Grace Walker,PORTFOLIO,,,https://cdn.lapa.ninja/assets/images/1x/gracewalker-thumb.webp,https://www.lapa.ninja/post/gracewalker/
Lapa Ninja (Post),Logic + Rhythm,STUDIO,,,https://cdn.lapa.ninja/assets/images/1x/logicandrhythm-thumb.webp,https://www.lapa.ninja/post/logicandrhythm/
Lapa Ninja (Post),Mural,DESIGN TOOLS,,,https://cdn.lapa.ninja/assets/images/1x/mural-thumb.webp,https://www.lapa.ninja/post/mural/
Lapa Ninja (Post),BASEMENT FOUNDRY,FOUNDRY,,,https://cdn.lapa.ninja/assets/images/1x/basement-foundry-thumb.webp,https://www.lapa.ninja/post/basement-foundry/
Lapa Ninja (Post),Not a Number,BLOG,,,https://cdn.lapa.ninja/assets/images/1x/nan-fyi-thumb.webp,https://www.lapa.ninja/post/nan-fyi/
Lapa Ninja (Post),Plastic,STUDIO,,,https://cdn.lapa.ninja/assets/images/1x/plastic-design-thumb.webp,https://www.lapa.ninja/post/plastic-design/
Lapa Ninja (Post),Amour Liquide,FOOD DRINKS,,,https://cdn.lapa.ninja/assets/images/1x/amourliquide-thumb.webp,https://www.lapa.ninja/post/amourliquide/
Lapa Ninja (Post),Mode,SAAS,,,https://cdn.lapa.ninja/assets/images/1x/mode-thumb.webp,https://www.lapa.ninja/post/mode/
Lapa Ninja (Post),Morflax,SAAS,,,https://cdn.lapa.ninja/assets/images/1x/morflax-thumb.webp,https://www.lapa.ninja/post/morflax/
Lapa Ninja (Post),BLNK,AGENCY,,,https://cdn.lapa.ninja/assets/images/1x/blnkdigital-thumb.webp,https://www.lapa.ninja/post/blnkdigital/
Lapa Ninja (Post),Glitch,SAAS,,,https://cdn.lapa.ninja/assets/images/1x/glitch-thumb.webp,https://www.lapa.ninja/post/glitch/
Lapa Ninja (Post),Rouvenat,ECOMMERCE,,,https://cdn.lapa.ninja/assets/images/1x/rouvenat-thumb.webp,https://www.lapa.ninja/post/rouvenat/
Lapa Ninja (Post),Surprise Land,NFT,,,https://cdn.lapa.ninja/assets/images/1x/surpriseland-thumb.webp,https://www.lapa.ninja/post/surpriseland/
Lapa Ninja (Post),Motto,STUDIO,,,https://cdn.lapa.ninja/assets/images/1x/wearemotto-thumb.webp,https://www.lapa.ninja/post/wearemotto/
Lapa Ninja (Post),Totems,STUDIO,,,https://cdn.lapa.ninja/assets/images/1x/totems-soclage-thumb.webp,https://www.lapa.ninja/post/totems-soclage/
Lapa Ninja (Post),allwhere,ILLUSTRATION,,,https://cdn.lapa.ninja/assets/images/1x/allwhere-thumb.webp,https://www.lapa.ninja/post/allwhere/
Lapa Ninja (Post),LEOLEO,STUDIO,,,https://cdn.lapa.ninja/assets/images/1x/leoleo-studio-thumb.webp,https://www.lapa.ninja/post/leoleo-studio/
Lapa Ninja (Post),65dB,AGENCY,,,https://cdn.lapa.ninja/assets/images/1x/65db-thumb.webp,https://www.lapa.ninja/post/65db/
Lapa Ninja (Post),Boost Insurance,TECHNOLOGY,,,https://cdn.lapa.ninja/assets/images/1x/boostinsurance-thumb.webp,https://www.lapa.ninja/post/boostinsurance/
Lapa Ninja (Post),SCANDIBOOM,ECOMMERCE,,,https://cdn.lapa.ninja/assets/images/1x/scandiboom-thumb.webp,https://www.lapa.ninja/post/scandiboom/
Lapa Ninja (Post),CleanO2,ECOMMERCE,,,https://cdn.lapa.ninja/assets/images/1x/cleano2-thumb.webp,https://www.lapa.ninja/post/cleano2/
Lapa Ninja (Post),Matt Kipper,PORTFOLIO,,,https://cdn.lapa.ninja/assets/images/1x/mkipper-thumb.webp,https://www.lapa.ninja/post/mkipper/
Lapa Ninja (Post),Obsidian,SOFTWARE,,,https://cdn.lapa.ninja/assets/images/1x/obsidian-thumb.webp,https://www.lapa.ninja/post/obsidian/
Lapa Ninja (Post),Lawtrades,CORPORATE,,,https://cdn.lapa.ninja/assets/images/1x/lawtrades-thumb.webp,https://www.lapa.ninja/post/lawtrades/
Lapa Ninja (Post),Capital,FINANCE,,,https://cdn.lapa.ninja/assets/images/1x/capital-xyz-thumb.webp,https://www.lapa.ninja/post/capital-xyz/
Lapa Ninja (Post),Doce Studio,STUDIO,,,https://cdn.lapa.ninja/assets/images/1x/docestudio-thumb.webp,https://www.lapa.ninja/post/docestudio/
Lapa Ninja (Post),Hakaji,NFT,,,https://cdn.lapa.ninja/assets/images/1x/hakaji-thumb.webp,https://www.lapa.ninja/post/hakaji/
Lapa Ninja (Post),Anna Parellada,PORTFOLIO,,,https://cdn.lapa.ninja/assets/images/1x/annaparellada-thumb.webp,https://www.lapa.ninja/post/annaparellada/
Lapa Ninja (Post),AQUIS,ECOMMERCE,,,https://cdn.lapa.ninja/assets/images/1x/aquis-thumb.webp,https://www.lapa.ninja/post/aquis/
Lapa Ninja (Post),Ready,PRODUCTIVITY,,,https://cdn.lapa.ninja/assets/images/1x/ready-11-20-2022-thumb.webp,https://www.lapa.ninja/post/ready-so/
Lapa Ninja (Post),Magician for Figma,DESIGN TOOLS,,,https://cdn.lapa.ninja/assets/images/1x/magician-design-thumb.webp,https://www.lapa.ninja/post/magician-design/
Lapa Ninja (Post),crypto coven,NFT,,,https://cdn.lapa.ninja/assets/images/1x/cryptocoven-thumb.webp,https://www.lapa.ninja/post/cryptocoven/
Lapa Ninja (Post),David McGillivray,PORTFOLIO,,,https://cdn.lapa.ninja/assets/images/1x/dmcg-thumb.webp,https://www.lapa.ninja/post/dmcg/
Lapa Ninja (Post),Stir,SAAS,,,https://cdn.lapa.ninja/assets/images/1x/usestir-thumb.webp,https://www.lapa.ninja/post/usestir/
Lapa Ninja (Post),Huddle,SAAS,,,https://cdn.lapa.ninja/assets/images/1x/huddle-works-thumb.webp,https://www.lapa.ninja/post/huddle-works/
Lapa Ninja (Post),Decipad,SAAS,,,https://cdn.lapa.ninja/assets/images/1x/decipad-thumb.webp,https://www.lapa.ninja/post/decipad/
Lapa Ninja (Post),Clay,APP,,,https://cdn.lapa.ninja/assets/images/1x/clay-earth-thumb.webp,https://www.lapa.ninja/post/clay-earth/
Lapa Ninja (Post),Wellfound,CORPORATE,,,https://cdn.lapa.ninja/assets/images/1x/wellfound-thumb.webp,https://www.lapa.ninja/post/wellfound/
Lapa Ninja (Post),Flayks,PORTFOLIO,,,https://cdn.lapa.ninja/assets/images/1x/flayks-11-16-2022-thumb.webp,https://www.lapa.ninja/post/flayks-2/
Lapa Ninja (Post),Cash App,APP,,,https://cdn.lapa.ninja/assets/images/1x/cash-app-2022-thumb.webp,https://www.lapa.ninja/post/cash-app-2/
Lapa Ninja (Post),teenage engineering,ECOMMERCE,,,https://cdn.lapa.ninja/assets/images/1x/teenage-engineering-2022-thumb.webp,https://www.lapa.ninja/post/teenage-engineering-2/
Lapa Ninja (Post),Rags Cool,WEB3,,,https://cdn.lapa.ninja/assets/images/1x/rags-cool-thumb.webp,https://www.lapa.ninja/post/rags-cool/
Lapa Ninja (Post),Daisy van Belzen,PORTFOLIO,,,https://cdn.lapa.ninja/assets/images/1x/daisyvanbelzen-thumb.webp,https://www.lapa.ninja/post/daisyvanbelzen/
Lapa Ninja (Post),PrevalentAI,ILLUSTRATION,,,https://cdn.lapa.ninja/assets/images/1x/prevalent-ai-thumb.webp,https://www.lapa.ninja/post/prevalent-ai/
Lapa Ninja (Post),Light Factory,STUDIO,,,https://cdn.lapa.ninja/assets/images/1x/lightfactorynow-thumb.webp,https://www.lapa.ninja/post/lightfactorynow/
Lapa Ninja (Post),Lazy,SAAS,,,https://cdn.lapa.ninja/assets/images/1x/lazy-so-thumb.webp,https://www.lapa.ninja/post/lazy-so/
Lapa Ninja (Post),Filayyyy,ECOMMERCE,,,https://cdn.lapa.ninja/assets/images/1x/filayyyy-thumb.webp,https://www.lapa.ninja/post/filayyyy/
Lapa Ninja (Post),Art Gallery of Ballarat,CULTURE,,,https://cdn.lapa.ninja/assets/images/1x/artgalleryofballarat-thumb.webp,https://www.lapa.ninja/post/artgalleryofballarat/
Lapa Ninja (Post),Solana Mobile,HARDWARE,,,https://cdn.lapa.ninja/assets/images/1x/solanamobile-thumb.webp,https://www.lapa.ninja/post/solanamobile/
Lapa Ninja (Post),Maison Margiela,ECOMMERCE,,,https://cdn.lapa.ninja/assets/images/1x/maisonmargiela-thumb.webp,https://www.lapa.ninja/post/maisonmargiela/
Lapa Ninja (Post),Jason Combs,PORTFOLIO,,,https://cdn.lapa.ninja/assets/images/1x/jasonsbmoc-thumb.webp,https://www.lapa.ninja/post/jasonsbmoc/
Lapa Ninja (Post),Anchor,APP,,,https://cdn.lapa.ninja/assets/images/1x/anchor-thumb.webp,https://www.lapa.ninja/post/anchor/
Lapa Ninja (Post),DAEDALUS,BOOK,,,https://cdn.lapa.ninja/assets/images/1x/daedalus-thumb.webp,https://www.lapa.ninja/post/daedalus/
Lapa Ninja (Post),Overflow,DESIGN TOOLS,,,https://cdn.lapa.ninja/assets/images/1x/overflow-11-08-2022-thumb.webp,https://www.lapa.ninja/post/overflow-2/
Lapa Ninja (Post),Nosaj Thing,PORTFOLIO,,,https://cdn.lapa.ninja/assets/images/1x/nosajthing-thumb.webp,https://www.lapa.ninja/post/nosajthing/
Lapa Ninja (Post),Lights,AGENCY,,,https://cdn.lapa.ninja/assets/images/1x/lights-lu-thumb.webp,https://www.lapa.ninja/post/lights-lu/
Lapa Ninja (Post),Stellar,COMMUNITY,,,https://cdn.lapa.ninja/assets/images/1x/stellar-thumb.webp,https://www.lapa.ninja/post/stellar/
Lapa Ninja (Post),Dan Mall,PORTFOLIO,,,https://cdn.lapa.ninja/assets/images/1x/danmall-thumb.webp,https://www.lapa.ninja/post/danmall/
Lapa Ninja (Post),ForeverBots,NFT,,,https://cdn.lapa.ninja/assets/images/1x/foreverbots-11-03-2022-thumb.webp,https://www.lapa.ninja/post/foreverbots-2/
Lapa Ninja (Post),Bounties,MINIMAL,,,https://cdn.lapa.ninja/assets/images/1x/bounties-thumb.webp,https://www.lapa.ninja/post/bounties/
Lapa Ninja (Post),Michael Novia,PORTFOLIO,,,https://cdn.lapa.ninja/assets/images/1x/novia-studio-11-03-2022-thumb.webp,https://www.lapa.ninja/post/novia-studio-2/
Lapa Ninja (Post),Linear,APP,,,https://cdn.lapa.ninja/assets/images/1x/linear-11-03-2022-thumb.webp,https://www.lapa.ninja/post/linear-3/
Lapa Ninja (Post),Kevin Lagier,PORTFOLIO,,,https://cdn.lapa.ninja/assets/images/1x/kevinlagier-11-03-2022-thumb.webp,https://www.lapa.ninja/post/kevinlagier-2/
Lapa Ninja (Post),Figura,SAAS,,,https://cdn.lapa.ninja/assets/images/1x/figura-digital-thumb.webp,https://www.lapa.ninja/post/figura-digital/
Lapa Ninja (Post),Mixpanel,TECHNOLOGY,,,https://cdn.lapa.ninja/assets/images/1x/mixpanel-11-03-2022-thumb.webp,https://www.lapa.ninja/post/mixpanel-6/
Lapa Ninja (Post),Druhin Tarafder,PORTFOLIO,,,https://cdn.lapa.ninja/assets/images/1x/druhin-thumb.webp,https://www.lapa.ninja/post/druhin/
Lapa Ninja (Post),Farm League,STUDIO,,,https://cdn.lapa.ninja/assets/images/1x/farmleague-thumb.webp,https://www.lapa.ninja/post/farmleague/
Lapa Ninja (Post),Raycast,PRODUCTIVITY,,,https://cdn.lapa.ninja/assets/images/1x/raycast-10-26-2022-thumb.webp,https://www.lapa.ninja/post/raycast-2/
Lapa Ninja (Post),Coco,APP,,,https://cdn.lapa.ninja/assets/images/1x/getcoco-thumb.webp,https://www.lapa.ninja/post/getcoco/
Lapa Ninja (Post),Evil Martians,AGENCY,,,https://cdn.lapa.ninja/assets/images/1x/evilmartians-thumb.webp,https://www.lapa.ninja/post/evilmartians/
Lapa Ninja (Post),Yu Mei,FASHION,,,https://cdn.lapa.ninja/assets/images/1x/yumeibrand-thumb.webp,https://www.lapa.ninja/post/yumeibrand/
Lapa Ninja (Post),Yuga,CORPORATE,,,https://cdn.lapa.ninja/assets/images/1x/yuga-thumb.webp,https://www.lapa.ninja/post/yuga/
Lapa Ninja (Post),NERDDISCO,PORTFOLIO,,,https://cdn.lapa.ninja/assets/images/1x/nerddisco-thumb.webp,https://www.lapa.ninja/post/nerddisco/
Lapa Ninja (Post),k00ks,NFT,,,https://cdn.lapa.ninja/assets/images/1x/k00ks-thumb.webp,https://www.lapa.ninja/post/k00ks/
Lapa Ninja (Post),Material Design,DESIGN TOOLS,,,https://cdn.lapa.ninja/assets/images/1x/material-design-3-thumb.webp,https://www.lapa.ninja/post/material-design-3/
Lapa Ninja (Post),Babylone,AGENCY,,,https://cdn.lapa.ninja/assets/images/1x/babylone-thumb.webp,https://www.lapa.ninja/post/babylone/
Lapa Ninja (Post),Womena,CORPORATE,,,https://cdn.lapa.ninja/assets/images/1x/womena-thumb.webp,https://www.lapa.ninja/post/womena/
Lapa Ninja (Post),Fuzzies,ILLUSTRATION,,,https://cdn.lapa.ninja/assets/images/1x/fuzzies-10-20-2022-thumb.webp,https://www.lapa.ninja/post/fuzzies-2/
Lapa Ninja (Post),language.work,MINIMAL,,,https://cdn.lapa.ninja/assets/images/1x/language-work-thumb.webp,https://www.lapa.ninja/post/language-work/
Lapa Ninja (Post),VIMCOSMO,BEAUTY,,,https://cdn.lapa.ninja/assets/images/1x/vimcosmo-thumb.webp,https://www.lapa.ninja/post/vimcosmo/
Lapa Ninja (Post),The Blue Tour,ILLUSTRATION,,,https://cdn.lapa.ninja/assets/images/1x/thebluetour-thumb.webp,https://www.lapa.ninja/post/thebluetour/
Lapa Ninja (Post),Awwwards,DESIGN TOOLS,,,https://cdn.lapa.ninja/assets/images/1x/awwwards-thumb.webp,https://www.lapa.ninja/post/awwwards/
Lapa Ninja (Post),Seed Club,RETRO STYLE,,,https://cdn.lapa.ninja/assets/images/1x/seedclub-10-17-2022-thumb.webp,https://www.lapa.ninja/post/seedclub-02/
Lapa Ninja (Post),Clam-O-Nais,FOOD DRINKS,,,https://cdn.lapa.ninja/assets/images/1x/clams-thumb.webp,https://www.lapa.ninja/post/clams/
Lapa Ninja (Post),ChainZoku,NFT,,,https://cdn.lapa.ninja/assets/images/1x/chainzoku-thumb.webp,https://www.lapa.ninja/post/chainzoku/
Lapa Ninja (Post),Juliet Creative,AGENCY,,,https://cdn.lapa.ninja/assets/images/1x/wearejuliet-thumb.webp,https://www.lapa.ninja/post/wearejuliet/
Lapa Ninja (Post),Everbloom App,NFT,,,https://cdn.lapa.ninja/assets/images/1x/everbloom-thumb.webp,https://www.lapa.ninja/post/everbloom/
Lapa Ninja (Post),Concrete Club Studio,STUDIO,,,https://cdn.lapa.ninja/assets/images/1x/concreteclub-2022-thumb.webp,https://www.lapa.ninja/post/concreteclub-2/
Lapa Ninja (Post),Margot Priolet,PORTFOLIO,,,https://cdn.lapa.ninja/assets/images/1x/margotpriolet-thumb.webp,https://www.lapa.ninja/post/margotpriolet/
Lapa Ninja (Post),Rose Island,3D WEBSITES,,,https://cdn.lapa.ninja/assets/images/1x/rose-island-thumb.webp,https://www.lapa.ninja/post/rose-island/
Lapa Ninja (Post),Outpost,STUDIO,,,https://cdn.lapa.ninja/assets/images/1x/discoveroutpost-thumb.webp,https://www.lapa.ninja/post/discoveroutpost/
Lapa Ninja (Post),Touché!,AGENCY,,,https://cdn.lapa.ninja/assets/images/1x/touchemedia-thumb.webp,https://www.lapa.ninja/post/touchemedia/
Lapa Ninja (Post),AIR COMPANY,AUTOMOTIVE,,,https://cdn.lapa.ninja/assets/images/1x/aircompany-2022-thumb.webp,https://www.lapa.ninja/post/aircompany-2/
Lapa Ninja (Post),Tracky,PRODUCTIVITY,,,https://cdn.lapa.ninja/assets/images/1x/tracky-thumb.webp,https://www.lapa.ninja/post/tracky/
Lapa Ninja (Post),Odin's Crow,CORPORATE,,,https://cdn.lapa.ninja/assets/images/1x/odins-crow-thumb.webp,https://www.lapa.ninja/post/odins-crow/
Lapa Ninja (Post),Tana,PRODUCTIVITY,,,https://cdn.lapa.ninja/assets/images/1x/tana-thumb.webp,https://www.lapa.ninja/post/tana/
Lapa Ninja (Post),Creative South '23,EVENT,,,https://cdn.lapa.ninja/assets/images/1x/creativesouth-2022-thumb.webp,https://www.lapa.ninja/post/creativesouth-2/
Lapa Ninja (Post),Plain Form,FOUNDRY,,,https://cdn.lapa.ninja/assets/images/1x/plain-form-thumb.webp,https://www.lapa.ninja/post/plain-form/
Lapa Ninja (Post),Age of Union,NEWS,,,https://cdn.lapa.ninja/assets/images/1x/ageofunion-thumb.webp,https://www.lapa.ninja/post/ageofunion/
Lapa Ninja (Post),Rhys Frampton,PHOTOGRAPHY,,,https://cdn.lapa.ninja/assets/images/1x/rhysframpton-thumb.webp,https://www.lapa.ninja/post/rhysframpton/
Lapa Ninja (Post),Juvee,FOOD DRINKS,,,https://cdn.lapa.ninja/assets/images/1x/drinkjuvee-thumb.webp,https://www.lapa.ninja/post/drinkjuvee/
Lapa Ninja (Post),Shortverse,SAAS,,,https://cdn.lapa.ninja/assets/images/1x/shortverse-thumb.webp,https://www.lapa.ninja/post/shortverse/
Lapa Ninja (Post),theprocess,PORTFOLIO,,,https://cdn.lapa.ninja/assets/images/1x/carlhauser-thumb.webp,https://www.lapa.ninja/post/carlhauser/
Lapa Ninja (Post),Angello Torres,PORTFOLIO,,,https://cdn.lapa.ninja/assets/images/1x/angellotorres-thumb.webp,https://www.lapa.ninja/post/angellotorres/
Lapa Ninja (Post),Redis,AGENCY,,,https://cdn.lapa.ninja/assets/images/1x/redis-agency-thumb.webp,https://www.lapa.ninja/post/redis-agency/
Lapa Ninja (Post),Travis Travis,APP,,,https://cdn.lapa.ninja/assets/images/1x/travistravis-thumb.webp,https://www.lapa.ninja/post/travistravis/
Lapa Ninja (Post),Humankind,ILLUSTRATION,,,https://cdn.lapa.ninja/assets/images/1x/humankind-thumb.webp,https://www.lapa.ninja/post/humankind/
Lapa Ninja (Post),Closed On Monday,STUDIO,,,https://cdn.lapa.ninja/assets/images/1x/closedonmonday-thumb.webp,https://www.lapa.ninja/post/closedonmonday/
Lapa Ninja (Post),Standards,DESIGN TOOLS,,,https://cdn.lapa.ninja/assets/images/1x/standards-site-thumb.webp,https://www.lapa.ninja/post/standards-site/
Lapa Ninja (Post),iconwerk,PORTFOLIO,,,https://cdn.lapa.ninja/assets/images/1x/iconwerk-2022-thumb.webp,https://www.lapa.ninja/post/iconwerk-2/
Lapa Ninja (Post),The Garden,NFT,,,https://cdn.lapa.ninja/assets/images/1x/thegarden-thumb.webp,https://www.lapa.ninja/post/thegarden/
Lapa Ninja (Post),Workweek,CORPORATE,,,https://cdn.lapa.ninja/assets/images/1x/workweek-thumb.webp,https://www.lapa.ninja/post/workweek/
Lapa Ninja (Post),Threads,SAAS,,,https://cdn.lapa.ninja/assets/images/1x/threads-2022-thumb.webp,https://www.lapa.ninja/post/threads-2/
Lapa Ninja (Post),Houses Of The World,PHOTOGRAPHY,,,https://cdn.lapa.ninja/assets/images/1x/housesofworld-2022-thumb.webp,https://www.lapa.ninja/post/housesofworld-2/
Lapa Ninja (Post),Flambette,ECOMMERCE,,,https://cdn.lapa.ninja/assets/images/1x/flambette-thumb.webp,https://www.lapa.ninja/post/flambette/
Lapa Ninja (Post),AAWU(M),NFT,,,https://cdn.lapa.ninja/assets/images/1x/aawum-thumb.webp,https://www.lapa.ninja/post/aawum/
Lapa Ninja (Post),Unloan,FINANCE,,,https://cdn.lapa.ninja/assets/images/1x/unloan-thumb.webp,https://www.lapa.ninja/post/unloan/
Lapa Ninja (Post),Apeel,FOOD DRINKS,,,https://cdn.lapa.ninja/assets/images/1x/apeel-thumb.webp,https://www.lapa.ninja/post/apeel/
Lapa Ninja (Post),Linda Eliasen,PORTFOLIO,,,https://cdn.lapa.ninja/assets/images/1x/lindaeliasen-thumb.webp,https://www.lapa.ninja/post/lindaeliasen/
Lapa Ninja (Post),Better World x Design 2022,EVENT,,,https://cdn.lapa.ninja/assets/images/1x/betterworldxdesign-thumb.webp,https://www.lapa.ninja/post/betterworldxdesign/
Lapa Ninja (Post),Composer,APP,,,https://cdn.lapa.ninja/assets/images/1x/composer-trade-thumb.webp,https://www.lapa.ninja/post/composer-trade/
Lapa Ninja (Post),Marco Cornacchia,PORTFOLIO,,,https://cdn.lapa.ninja/assets/images/1x/marco-09-27-2022-thumb.webp,https://www.lapa.ninja/post/marco-2/
Lapa Ninja (Post),Atoms,ECOMMERCE,,,https://cdn.lapa.ninja/assets/images/1x/atoms-09-27-2022-thumb.webp,https://www.lapa.ninja/post/atoms-2/
Lapa Ninja (Post),Rollie Nation,ECOMMERCE,,,https://cdn.lapa.ninja/assets/images/1x/rollienation-thumb.webp,https://www.lapa.ninja/post/rollienation/
Lapa Ninja (Post),VANA,ILLUSTRATION,,,https://cdn.lapa.ninja/assets/images/1x/vana-thumb.webp,https://www.lapa.ninja/post/vana/
Lapa Ninja (Post),Cal.com,APP,,,https://cdn.lapa.ninja/assets/images/1x/cal-com-thumb.webp,https://www.lapa.ninja/post/cal-com/
Lapa Ninja (Post),Landing Love,DESIGN TOOLS,,,https://cdn.lapa.ninja/assets/images/1x/landing-love-thumb.webp,https://www.lapa.ninja/post/landing-love/
Lapa Ninja (Post),Suku,WEB3,,,https://cdn.lapa.ninja/assets/images/1x/suku-thumb.webp,https://www.lapa.ninja/post/suku/
Lapa Ninja (Post),Oyster,ILLUSTRATION,,,https://cdn.lapa.ninja/assets/images/1x/oysterhr-thumb.webp,https://www.lapa.ninja/post/oysterhr/
Lapa Ninja (Post),DrawHistory,AGENCY,,,https://cdn.lapa.ninja/assets/images/1x/drawhistory-thumb.webp,https://www.lapa.ninja/post/drawhistory/
Lapa Ninja (Post),Demuxed 2022,EVENT,,,https://cdn.lapa.ninja/assets/images/1x/demuxed-2022-thumb.webp,https://www.lapa.ninja/post/demuxed-2022/
Lapa Ninja (Post),Eraser,DESIGN TOOLS,,,https://cdn.lapa.ninja/assets/images/1x/tryeraser-thumb.webp,https://www.lapa.ninja/post/tryeraser/
Lapa Ninja (Post),Samuel Owonte,PORTFOLIO,,,https://cdn.lapa.ninja/assets/images/1x/toearts-thumb.webp,https://www.lapa.ninja/post/toearts/
Lapa Ninja (Post),NFT Paris,EVENT,,,https://cdn.lapa.ninja/assets/images/1x/nftparis-thumb.webp,https://www.lapa.ninja/post/nftparis/
Lapa Ninja (Post),Not Another,STUDIO,,,https://cdn.lapa.ninja/assets/images/1x/na-studio-thumb.webp,https://www.lapa.ninja/post/na-studio/
Lapa Ninja (Post),Moonbow,PORTFOLIO,,,https://cdn.lapa.ninja/assets/images/1x/moonbow-design-thumb.webp,https://www.lapa.ninja/post/moonbow-design/
Lapa Ninja (Post),Costa Brazil,BEAUTY,,,https://cdn.lapa.ninja/assets/images/1x/livecostabrazil-thumb.webp,https://www.lapa.ninja/post/livecostabrazil/
Lapa Ninja (Post),Hacktoberfest 2022,EVENT,,,https://cdn.lapa.ninja/assets/images/1x/hacktoberfest-2022-thumb.webp,https://www.lapa.ninja/post/hacktoberfest-2022/
Lapa Ninja (Post),BarSmarts,FOOD DRINKS,,,https://cdn.lapa.ninja/assets/images/1x/barsmarts-thumb.webp,https://www.lapa.ninja/post/barsmarts/
Lapa Ninja (Post),Crème,MINIMAL,,,https://cdn.lapa.ninja/assets/images/1x/wearecreme-thumb.webp,https://www.lapa.ninja/post/wearecreme/
Lapa Ninja (Post),Elva,AGENCY,,,https://cdn.lapa.ninja/assets/images/1x/helloelva-thumb.webp,https://www.lapa.ninja/post/helloelva/
Lapa Ninja (Post),Eco-Pork,3D WEBSITES,,,https://cdn.lapa.ninja/assets/images/1x/eco-pork-thumb.webp,https://www.lapa.ninja/post/eco-pork/
Lapa Ninja (Post),CortexDAO,CRYPTOCURRENCY,,,https://cdn.lapa.ninja/assets/images/1x/cortexdao-thumb.webp,https://www.lapa.ninja/post/cortexdao/
Lapa Ninja (Post),Bunsen,STUDIO,,,https://cdn.lapa.ninja/assets/images/1x/bunsenstudio-thumb.webp,https://www.lapa.ninja/post/bunsenstudio/
Lapa Ninja (Post),Flowman,PORTFOLIO,,,https://cdn.lapa.ninja/assets/images/1x/flowman-thumb.webp,https://www.lapa.ninja/post/flowman/
Lapa Ninja (Post),Cubitts,FASHION,,,https://cdn.lapa.ninja/assets/images/1x/cubitts-2022-thumb.webp,https://www.lapa.ninja/post/cubitts-2/
Lapa Ninja (Post),Dashlane,APP,,,https://cdn.lapa.ninja/assets/images/1x/dashlane-thumb.webp,https://www.lapa.ninja/post/dashlane/
Lapa Ninja (Post),Nucleate,CORPORATE,,,https://cdn.lapa.ninja/assets/images/1x/nucleate-thumb.webp,https://www.lapa.ninja/post/nucleate/
Lapa Ninja (Post),Alice Merton,PORTFOLIO,,,https://cdn.lapa.ninja/assets/images/1x/alicemerton-thumb.webp,https://www.lapa.ninja/post/alicemerton/
Lapa Ninja (Post),Bannach,FURNITURE INTERIORS,,,https://cdn.lapa.ninja/assets/images/1x/bannach-thumb.webp,https://www.lapa.ninja/post/bannach/
Lapa Ninja (Post),Wales Bonner,FASHION,,,https://cdn.lapa.ninja/assets/images/1x/walesbonner-thumb.webp,https://www.lapa.ninja/post/walesbonner/
Lapa Ninja (Post),ClipDrop,DESIGN TOOLS,,,https://cdn.lapa.ninja/assets/images/1x/clipdrop-thumb.webp,https://www.lapa.ninja/post/clipdrop/
Lapa Ninja (Post),Luni,AGENCY,,,https://cdn.lapa.ninja/assets/images/1x/luni-thumb.webp,https://www.lapa.ninja/post/luni/
Lapa Ninja (Post),Flim,MINIMAL,,,https://cdn.lapa.ninja/assets/images/1x/flim-ai-thumb.webp,https://www.lapa.ninja/post/film-ai/
Lapa Ninja (Post),LVCIDIA Finery,ECOMMERCE,,,https://cdn.lapa.ninja/assets/images/1x/lvcidia-finery-thumb.webp,https://www.lapa.ninja/post/lvcidia-finery/
Lapa Ninja (Post),Forge Studio,STUDIO,,,https://cdn.lapa.ninja/assets/images/1x/forge-is-thumb.webp,https://www.lapa.ninja/post/forge-is/
Lapa Ninja (Post),WILDLIFE,3D WEBSITES,,,https://cdn.lapa.ninja/assets/images/1x/wildlife-thumb.webp,https://www.lapa.ninja/post/wildlife/
Lapa Ninja (Post),Arc,SOFTWARE,,,https://cdn.lapa.ninja/assets/images/1x/arc-thumb.webp,https://www.lapa.ninja/post/arc/
Lapa Ninja (Post),Wondersauce,AGENCY,,,https://cdn.lapa.ninja/assets/images/1x/wondersauce-2022-thumb.webp,https://www.lapa.ninja/post/wondersauce-2/
Lapa Ninja (Post),VIITA Watches,ECOMMERCE,,,https://cdn.lapa.ninja/assets/images/1x/viita-watches-thumb.webp,https://www.lapa.ninja/post/viita-watches/
Lapa Ninja (Post),Shares,APP,,,https://cdn.lapa.ninja/assets/images/1x/shares-thumb.webp,https://www.lapa.ninja/post/shares-io/
Lapa Ninja (Post),NUENO,FASHION,,,https://cdn.lapa.ninja/assets/images/1x/nuenofashion-thumb.webp,https://www.lapa.ninja/post/nuenofashion/
Lapa Ninja (Post),ISOKO,ECOMMERCE,,,https://cdn.lapa.ninja/assets/images/1x/isokostores-thumb.webp,https://www.lapa.ninja/post/isokostores/
Lapa Ninja (Post),Ecosia,ILLUSTRATION,,,https://cdn.lapa.ninja/assets/images/1x/ecosia-thumb.webp,https://www.lapa.ninja/post/ecosia/
Lapa Ninja (Post),Craft,SAAS,,,https://cdn.lapa.ninja/assets/images/1x/craft-do-thumb.webp,https://www.lapa.ninja/post/craft-do/
Lapa Ninja (Post),Campsite,SAAS,,,https://cdn.lapa.ninja/assets/images/1x/campsite-design-thumb.webp,https://www.lapa.ninja/post/campsite-design/
Lapa Ninja (Post),Abhishek Jha,PORTFOLIO,,,https://cdn.lapa.ninja/assets/images/1x/abhishekjha-2022-thumb.webp,https://www.lapa.ninja/post/abhishekjha-2/
Lapa Ninja (Post),GRAND LEISURE,NFT,,,https://cdn.lapa.ninja/assets/images/1x/grandleisure-thumb.webp,https://www.lapa.ninja/post/grandleisure/
Lapa Ninja (Post),Lukas Kmoth,PORTFOLIO,,,https://cdn.lapa.ninja/assets/images/1x/lukaskmoth-thumb.webp,https://www.lapa.ninja/post/lukaskmoth/
Lapa Ninja (Post),Modern Life,INSURANCE,,,https://cdn.lapa.ninja/assets/images/1x/modernlife-thumb.webp,https://www.lapa.ninja/post/modernlife/
Lapa Ninja (Post),The Optimal Path Podcast,EDUCATION,,,https://cdn.lapa.ninja/assets/images/1x/the-optimal-path-thumb.webp,https://www.lapa.ninja/post/the-optimal-path/
Lapa Ninja (Post),Venroy,FASHION,,,https://cdn.lapa.ninja/assets/images/1x/venroy-thumb.webp,https://www.lapa.ninja/post/venroy/
Lapa Ninja (Post),Trong Nguyen,PORTFOLIO,,,https://cdn.lapa.ninja/assets/images/1x/trongnguyen-thumb.webp,https://www.lapa.ninja/post/trongnguyen/
Lapa Ninja (Post),VoidersClub,NFT,,,https://cdn.lapa.ninja/assets/images/1x/voidersclub-thumb.webp,https://www.lapa.ninja/post/voidersclub/
Lapa Ninja (Post),Shape,COMING SOON,,,https://cdn.lapa.ninja/assets/images/1x/shapeco-thumb.webp,https://www.lapa.ninja/post/shapeco/
Lapa Ninja (Post),Magda Butrym,FASHION,,,https://cdn.lapa.ninja/assets/images/1x/magdabutrym-2022-thumb.webp,https://www.lapa.ninja/post/magdabutrym-2/
Lapa Ninja (Post),Loom,APP,,,https://cdn.lapa.ninja/assets/images/1x/loom-08-23-2022-thumb.webp,https://www.lapa.ninja/post/loom-4/
Lapa Ninja (Post),Galaxy,BLOCKCHAIN,,,https://cdn.lapa.ninja/assets/images/1x/galaxy-thumb.webp,https://www.lapa.ninja/post/galaxy/
Lapa Ninja (Post),Fig,APP,,,https://cdn.lapa.ninja/assets/images/1x/foodisgood-thumb.webp,https://www.lapa.ninja/post/foodisgood/
Lapa Ninja (Post),CROING.0,NFT,,,https://cdn.lapa.ninja/assets/images/1x/croing0-thumb.webp,https://www.lapa.ninja/post/croing0/
Lapa Ninja (Post),Circle,SAAS,,,https://cdn.lapa.ninja/assets/images/1x/circleso-thumb.webp,https://www.lapa.ninja/post/circleso/
Lapa Ninja (Post),Aninix,DESIGN TOOLS,,,https://cdn.lapa.ninja/assets/images/1x/aninix-thumb.webp,https://www.lapa.ninja/post/aninix/
Lapa Ninja (Post),Sandclock,CRYPTOCURRENCY,,,https://cdn.lapa.ninja/assets/images/1x/sandclock-thumb.webp,https://www.lapa.ninja/post/sandclock/
Lapa Ninja (Post),Post Familiar Wine,FOOD DRINKS,,,https://cdn.lapa.ninja/assets/images/1x/postfamiliar-08-18-2022-thumb.webp,https://www.lapa.ninja/post/postfamiliar-2/
Lapa Ninja (Post),SafePal,HARDWARE,,,https://cdn.lapa.ninja/assets/images/1x/safepal-thumb.webp,https://www.lapa.ninja/post/safepal/
Lapa Ninja (Post),Visible Leaders,EDUCATION,,,https://cdn.lapa.ninja/assets/images/1x/visibleleaders-thumb.webp,https://www.lapa.ninja/post/visibleleaders/
Lapa Ninja (Post),GoodMovement,ECOMMERCE,,,https://cdn.lapa.ninja/assets/images/1x/goodmovement-thumb.webp,https://www.lapa.ninja/post/goodmovement/
Lapa Ninja (Post),Pretty Fast,CORPORATE,,,https://cdn.lapa.ninja/assets/images/1x/pretty-fast-thumb.webp,https://www.lapa.ninja/post/pretty-fast/
Lapa Ninja (Post),Francesco Fagioli,PORTFOLIO,,,https://cdn.lapa.ninja/assets/images/1x/francescofagioli-thumb.webp,https://www.lapa.ninja/post/francescofagioli/
Lapa Ninja (Post),Grabee,SAAS,,,https://cdn.lapa.ninja/assets/images/1x/grabee-thumb.webp,https://www.lapa.ninja/post/grabee/
Lapa Ninja (Post),Ania et Lucie,AGENCY,,,https://cdn.lapa.ninja/assets/images/1x/aniaetlucie-thumb.webp,https://www.lapa.ninja/post/aniaetlucie/
Lapa Ninja (Post),nolk,AGENCY,,,https://cdn.lapa.ninja/assets/images/1x/nolk-thumb.webp,https://www.lapa.ninja/post/nolk/
Lapa Ninja (Post),Lowly Labs,WEB3,,,https://cdn.lapa.ninja/assets/images/1x/lowlylabs-thumb.webp,https://www.lapa.ninja/post/lowlylabs/
Lapa Ninja (Post),Literal,BOOK,,,https://cdn.lapa.ninja/assets/images/1x/literal-club-thumb.webp,https://www.lapa.ninja/post/literal-club/
Lapa Ninja (Post),ATM Anthony Thomas Melillo,FASHION,,,https://cdn.lapa.ninja/assets/images/1x/atmcollection-thumb.webp,https://www.lapa.ninja/post/atmcollection/
Lapa Ninja (Post),Idle Finance,3D WEBSITES,,,https://cdn.lapa.ninja/assets/images/1x/idle-finance-thumb.webp,https://www.lapa.ninja/post/idle-finance/
Lapa Ninja (Post),Maison Simonne-Monet-Chartrand,CORPORATE,,,https://cdn.lapa.ninja/assets/images/1x/maisonsmc-thumb.webp,https://www.lapa.ninja/post/maisonsmc/
Lapa Ninja (Post),Plantarium,MINIMAL,,,https://cdn.lapa.ninja/assets/images/1x/plantarium-thumb.webp,https://www.lapa.ninja/post/plantarium/
Lapa Ninja (Post),Syncore,MINIMAL,,,https://cdn.lapa.ninja/assets/images/1x/synco-thumb.webp,https://www.lapa.ninja/post/synco/
Lapa Ninja (Post),Dial it Down,ILLUSTRATION,,,https://cdn.lapa.ninja/assets/images/1x/dialitdown-thumb.webp,https://www.lapa.ninja/post/dialitdown/
Lapa Ninja (Post),Anthony Burrill,TYPOGRAPHY,,,https://cdn.lapa.ninja/assets/images/1x/anthonyburrill-thumb.webp,https://www.lapa.ninja/post/anthonyburrill/
Lapa Ninja (Post),Bone Design,AGENCY,,,https://cdn.lapa.ninja/assets/images/1x/bone-design-thumb.webp,https://www.lapa.ninja/post/bone-design/
Lapa Ninja (Post),The Blackpepper Studio,STUDIO,,,https://cdn.lapa.ninja/assets/images/1x/theblackpepperstudio-thumb.webp,https://www.lapa.ninja/post/theblackpepperstudio/
Lapa Ninja (Post),Feedsauce,BUSINESS,,,https://cdn.lapa.ninja/assets/images/1x/feedsauce-08-14-2022-thumb.webp,https://www.lapa.ninja/post/feedsauce-3/
Lapa Ninja (Post),Silversun Pickups,ENTERTAINMENT,,,https://cdn.lapa.ninja/assets/images/1x/silversunpickups-thumb.webp,https://www.lapa.ninja/post/silversunpickups/
Lapa Ninja (Post),Stark,DESIGN TOOLS,,,https://cdn.lapa.ninja/assets/images/1x/getstark-08-11-2022-thumb.webp,https://www.lapa.ninja/post/getstark-3/
Lapa Ninja (Post),GoodMood,ECOMMERCE,,,https://cdn.lapa.ninja/assets/images/1x/goodmoodprints-thumb.webp,https://www.lapa.ninja/post/goodmoodprints/
Lapa Ninja (Post),Relayed,SAAS,,,https://cdn.lapa.ninja/assets/images/1x/relayed-thumb.webp,https://www.lapa.ninja/post/relayed/
Lapa Ninja (Post),Astro,DEVELOPMENT TOOLS,,,https://cdn.lapa.ninja/assets/images/1x/astro-build-08-11-2022-thumb.webp,https://www.lapa.ninja/post/astro-build-2/
Lapa Ninja (Post),Parallel,SAAS,,,https://cdn.lapa.ninja/assets/images/1x/useparallel-thumb.webp,https://www.lapa.ninja/post/useparallel/
Lapa Ninja (Post),Marc Andrew,PORTFOLIO,,,https://cdn.lapa.ninja/assets/images/1x/marcandrew-thumb.webp,https://www.lapa.ninja/post/marcandrew/
Lapa Ninja (Post),Built For Mars,EDUCATION,,,https://cdn.lapa.ninja/assets/images/1x/builtformars-thumb.webp,https://www.lapa.ninja/post/builtformars/
Lapa Ninja (Post),Deveaux New York,ECOMMERCE,,,https://cdn.lapa.ninja/assets/images/1x/deveauxnewyork-thumb.webp,https://www.lapa.ninja/post/deveauxnewyork/
Lapa Ninja (Post),Workspaces,MINIMAL,,,https://cdn.lapa.ninja/assets/images/1x/workspaces-thumb.webp,https://www.lapa.ninja/post/workspaces/
Lapa Ninja (Post),Lukas Guschlbauer,PORTFOLIO,,,https://cdn.lapa.ninja/assets/images/1x/der-lukas-thumb.webp,https://www.lapa.ninja/post/der-lukas/
Lapa Ninja (Post),Radke,MINIMAL,,,https://cdn.lapa.ninja/assets/images/1x/radke-thumb.webp,https://www.lapa.ninja/post/radke/
Lapa Ninja (Post),Sprout,SAAS,,,https://cdn.lapa.ninja/assets/images/1x/sprout-thumb.webp,https://www.lapa.ninja/post/sprout/
Lapa Ninja (Post),Awesomic,SAAS,,,https://cdn.lapa.ninja/assets/images/1x/awesomic-thumb.webp,https://www.lapa.ninja/post/awesomic/
Lapa Ninja (Post),Antlii,PORTFOLIO,,,https://cdn.lapa.ninja/assets/images/1x/antlii-thumb.webp,https://www.lapa.ninja/post/antlii/
Lapa Ninja (Post),ShopMrBeast,ECOMMERCE,,,https://cdn.lapa.ninja/assets/images/1x/shopmrbeast-thumb.webp,https://www.lapa.ninja/post/shopmrbeast/
Lapa Ninja (Post),Symbol Audio,ECOMMERCE,,,https://cdn.lapa.ninja/assets/images/1x/symbolaudio-thumb.webp,https://www.lapa.ninja/post/symbolaudio/
Lapa Ninja (Post),Goomiebeans,3D WEBSITES,,,https://cdn.lapa.ninja/assets/images/1x/goomiebeans-thumb.webp,https://www.lapa.ninja/post/goomiebeans/
Lapa Ninja (Post),Danielle Levitt,PORTFOLIO,,,https://cdn.lapa.ninja/assets/images/1x/daniellelevitt-thumb.webp,https://www.lapa.ninja/post/daniellelevitt/
Lapa Ninja (Post),KUSIKOHC,ECOMMERCE,,,https://cdn.lapa.ninja/assets/images/1x/kusikohc-thumb.webp,https://www.lapa.ninja/post/kusikohc/
Lapa Ninja (Post),Current,SAAS,,,https://cdn.lapa.ninja/assets/images/1x/current-thumb.webp,https://www.lapa.ninja/post/current/
Lapa Ninja (Post),James Battye,PORTFOLIO,,,https://cdn.lapa.ninja/assets/images/1x/jamesbattye-thumb.webp,https://www.lapa.ninja/post/jamesbattye/
Lapa Ninja (Post),RabbitHole,WEB3,,,https://cdn.lapa.ninja/assets/images/1x/rabbithole-thumb.webp,https://www.lapa.ninja/post/rabbithole/
Lapa Ninja (Post),Along,APP,,,https://cdn.lapa.ninja/assets/images/1x/along-video-thumb.webp,https://www.lapa.ninja/post/along-video/
Lapa Ninja (Post),Repeat,SAAS,,,https://cdn.lapa.ninja/assets/images/1x/getrepeat-thumb.webp,https://www.lapa.ninja/post/getrepeat/
Lapa Ninja (Post),Rainfall,STUDIO,,,https://cdn.lapa.ninja/assets/images/1x/rainfall-thumb.webp,https://www.lapa.ninja/post/rainfall/
Lapa Ninja (Post),Campfire Labs,ILLUSTRATION,,,https://cdn.lapa.ninja/assets/images/1x/campfirelabs-thumb.webp,https://www.lapa.ninja/post/campfirelabs/
Lapa Ninja (Post),Framer,DESIGN TOOLS,,,https://cdn.lapa.ninja/assets/images/1x/framer-08-03-2022-thumb.webp,https://www.lapa.ninja/post/framer-8/
Lapa Ninja (Post),Forner Studio,STUDIO,,,https://cdn.lapa.ninja/assets/images/1x/forner-studio-thumb.webp,https://www.lapa.ninja/post/forner-studio/
Lapa Ninja (Post),GOALS,GAME,,,https://cdn.lapa.ninja/assets/images/1x/goals-thumb.webp,https://www.lapa.ninja/post/goals/
Lapa Ninja (Post),Extraless,ECOMMERCE,,,https://cdn.lapa.ninja/assets/images/1x/extraless-thumb.webp,https://www.lapa.ninja/post/extraless/
Lapa Ninja (Post),Mindful Health,HEALTH FITNESS,,,https://cdn.lapa.ninja/assets/images/1x/mindful-health-thumb.webp,https://www.lapa.ninja/post/mindful-health/
Lapa Ninja (Post),Ness,HEALTH FITNESS,,,https://cdn.lapa.ninja/assets/images/1x/nesswell-thumb.webp,https://www.lapa.ninja/post/nesswell/
Lapa Ninja (Post),Riccardo Nieddu,PORTFOLIO,,,https://cdn.lapa.ninja/assets/images/1x/riccardonieddu-thumb.webp,https://www.lapa.ninja/post/riccardonieddu/
Lapa Ninja (Post),Metagolden,ECOMMERCE,,,https://cdn.lapa.ninja/assets/images/1x/metagolden-thumb.webp,https://www.lapa.ninja/post/metagolden/
Lapa Ninja (Post),Dronies NFTs,NFT,,,https://cdn.lapa.ninja/assets/images/1x/droniesnft-07-31-2022-thumb.webp,https://www.lapa.ninja/post/droniesnft-2/
Lapa Ninja (Post),Webflail,EDUCATION,,,https://cdn.lapa.ninja/assets/images/1x/webflail-thumb.webp,https://www.lapa.ninja/post/webflail/
Lapa Ninja (Post),WOW-page,SAAS,,,https://cdn.lapa.ninja/assets/images/1x/wowpage-thumb.webp,https://www.lapa.ninja/post/wowpage/
Lapa Ninja (Post),BNVC,CORPORATE,,,https://cdn.lapa.ninja/assets/images/1x/bestnights-vc-thumb.webp,https://www.lapa.ninja/post/bestnights-vc/
Lapa Ninja (Post),Loom Shop,ECOMMERCE,,,https://cdn.lapa.ninja/assets/images/1x/loom-shop-thumb.webp,https://www.lapa.ninja/post/loom-shop/
Lapa Ninja (Post),Hidden Heroes,NEWS,,,https://cdn.lapa.ninja/assets/images/1x/hiddenheroes-thumb.webp,https://www.lapa.ninja/post/hiddenheroes/
Lapa Ninja (Post),Cycle,APP,,,https://cdn.lapa.ninja/assets/images/1x/cycle-07-29-2022-thumb.webp,https://www.lapa.ninja/post/cycle-2/
Lapa Ninja (Post),Love Injection,ECOMMERCE,,,https://cdn.lapa.ninja/assets/images/1x/loveinjection-thumb.webp,https://www.lapa.ninja/post/loveinjection/
Lapa Ninja (Post),Converge,EVENT,,,https://cdn.lapa.ninja/assets/images/1x/convergeldn-thumb.webp,https://www.lapa.ninja/post/convergeldn/
Lapa Ninja (Post),Axelar,WEB3,,,https://cdn.lapa.ninja/assets/images/1x/axelar-network-thumb.webp,https://www.lapa.ninja/post/axelar-network/
Lapa Ninja (Post),Equals,APP,,,https://cdn.lapa.ninja/assets/images/1x/equals-app-thumb.webp,https://www.lapa.ninja/post/equals-app/
Lapa Ninja (Post),Léo Mouraire,PORTFOLIO,,,https://cdn.lapa.ninja/assets/images/1x/leomouraire-2022-thumb.webp,https://www.lapa.ninja/post/leomouraire-2/
Lapa Ninja (Post),Cuckoo,TECHNOLOGY,,,https://cdn.lapa.ninja/assets/images/1x/cuckoo-thumb.webp,https://www.lapa.ninja/post/cuckoo/
Lapa Ninja (Post),Solana Store,ECOMMERCE,,,https://cdn.lapa.ninja/assets/images/1x/solana-store-thumb.webp,https://www.lapa.ninja/post/solana-store/
Lapa Ninja (Post),Open Collective,ILLUSTRATION,,,https://cdn.lapa.ninja/assets/images/1x/opencollective-07-26-2022-thumb.webp,https://www.lapa.ninja/post/opencollective-2/
Lapa Ninja (Post),New Form Capital,CORPORATE,,,https://cdn.lapa.ninja/assets/images/1x/newformcap-thumb.webp,https://www.lapa.ninja/post/newformcap/
Lapa Ninja (Post),Fix Studio,STUDIO,,,https://cdn.lapa.ninja/assets/images/1x/fix-studio-thumb.webp,https://www.lapa.ninja/post/fix-studio/
Lapa Ninja (Post),ALET Agency,AGENCY,,,https://cdn.lapa.ninja/assets/images/1x/aletagency-thumb.webp,https://www.lapa.ninja/post/aletagency/
Lapa Ninja (Post),Bao Society,WEB3,,,https://cdn.lapa.ninja/assets/images/1x/baosociety-thumb.webp,https://www.lapa.ninja/post/baosociety/
Lapa Ninja (Post),POP in the city,EVENT,,,https://cdn.lapa.ninja/assets/images/1x/popinthecity-thumb.webp,https://www.lapa.ninja/post/popinthecity/
Lapa Ninja (Post),Natz,FOOD DRINKS,,,https://cdn.lapa.ninja/assets/images/1x/drinknatz-thumb.webp,https://www.lapa.ninja/post/drinknatz/
Lapa Ninja (Post),Cargo,DESIGN TOOLS,,,https://cdn.lapa.ninja/assets/images/1x/cargo-thumb.webp,https://www.lapa.ninja/post/cargo/
Lapa Ninja (Post),Unflow,APP,,,https://cdn.lapa.ninja/assets/images/1x/unflow-thumb.webp,https://www.lapa.ninja/post/unflow/
Lapa Ninja (Post),freetree,ILLUSTRATION,,,https://cdn.lapa.ninja/assets/images/1x/freetree-thumb.webp,https://www.lapa.ninja/post/freetree/
Lapa Ninja (Post),Another,STUDIO,,,https://cdn.lapa.ninja/assets/images/1x/onlyanother-thumb.webp,https://www.lapa.ninja/post/onlyanother/
Lapa Ninja (Post),DIGITIZATION.wiki,RETRO STYLE,,,https://cdn.lapa.ninja/assets/images/1x/digitization-thumb.webp,https://www.lapa.ninja/post/digitization-wiki/
Lapa Ninja (Post),Future Green Steps,CORPORATE,,,https://cdn.lapa.ninja/assets/images/1x/futuregreensteps-thumb.webp,https://www.lapa.ninja/post/futuregreensteps/
Lapa Ninja (Post),Ángel Valiente,STUDIO,,,https://cdn.lapa.ninja/assets/images/1x/angelvaliente-thumb.webp,https://www.lapa.ninja/post/angelvaliente/
Lapa Ninja (Post),Moonli,BLOCKCHAIN,,,https://cdn.lapa.ninja/assets/images/1x/moonli-thumb.webp,https://www.lapa.ninja/post/moonli/
Lapa Ninja (Post),Heart Aerospace,AUTOMOTIVE,,,https://cdn.lapa.ninja/assets/images/1x/heartaerospace-thumb.webp,https://www.lapa.ninja/post/heartaerospace/
Lapa Ninja (Post),TriviaWhizz,EDUCATION,,,https://cdn.lapa.ninja/assets/images/1x/triviawhizz-thumb.webp,https://www.lapa.ninja/post/triviawhizz/
Lapa Ninja (Post),Maria Scarpulla,STUDIO,,,https://cdn.lapa.ninja/assets/images/1x/mariascarpulla-thumb.webp,https://www.lapa.ninja/post/mariascarpulla/
Lapa Ninja (Post),Product for Net Zero,CORPORATE,,,https://cdn.lapa.ninja/assets/images/1x/productfornetzero-thumb.webp,https://www.lapa.ninja/post/productfornetzero/
Lapa Ninja (Post),Aaron Poe & Co,PORTFOLIO,,,https://cdn.lapa.ninja/assets/images/1x/aaronpoeandco-thumb.webp,https://www.lapa.ninja/post/aaronpoeandco/
Lapa Ninja (Post),Ecommerce Academy,EDUCATION,,,https://cdn.lapa.ninja/assets/images/1x/ecommerceacademy-thumb.webp,https://www.lapa.ninja/post/ecommerceacademy/
Lapa Ninja (Post),Tableland,ILLUSTRATION,,,https://cdn.lapa.ninja/assets/images/1x/tableland-thumb.webp,https://www.lapa.ninja/post/tableland/
Lapa Ninja (Post),Luro,APP,,,https://cdn.lapa.ninja/assets/images/1x/luroapp-thumb.webp,https://www.lapa.ninja/post/luroapp/
Lapa Ninja (Post),HARVATT.HOUSE,PORTFOLIO,,,https://cdn.lapa.ninja/assets/images/1x/harvatt-house-thumb.webp,https://www.lapa.ninja/post/harvatt-house/
Lapa Ninja (Post),Sileon,FINANCE,,,https://cdn.lapa.ninja/assets/images/1x/sileon-thumb.webp,https://www.lapa.ninja/post/sileon/
Lapa Ninja (Post),Propel,TECHNOLOGY,,,https://cdn.lapa.ninja/assets/images/1x/propel-thumb.webp,https://www.lapa.ninja/post/propel/
Lapa Ninja (Post),Walkies,APP,,,https://cdn.lapa.ninja/assets/images/1x/personalwalkies-thumb.webp,https://www.lapa.ninja/post/personalwalkies/
Lapa Ninja (Post),OLLOPA,ECOMMERCE,,,https://cdn.lapa.ninja/assets/images/1x/ollopa-thumb.webp,https://www.lapa.ninja/post/ollopa/
Lapa Ninja (Post),Monokel Eyewear,FASHION,,,https://cdn.lapa.ninja/assets/images/1x/monokel-eyewear-thumb.webp,https://www.lapa.ninja/post/monokel-eyewear/
Lapa Ninja (Post),Invest Bamboo,APP,,,https://cdn.lapa.ninja/assets/images/1x/investbamboo-thumb.webp,https://www.lapa.ninja/post/investbamboo/
Lapa Ninja (Post),Everlend,FINANCE,,,https://cdn.lapa.ninja/assets/images/1x/everlend-thumb.webp,https://www.lapa.ninja/post/everlend/
Lapa Ninja (Post),Dune Suncare,BEAUTY,,,https://cdn.lapa.ninja/assets/images/1x/dunesuncare-thumb.webp,https://www.lapa.ninja/post/dunesuncare/
Lapa Ninja (Post),Doriane Azzouz,PORTFOLIO,,,https://cdn.lapa.ninja/assets/images/1x/dorianeazzouz-thumb.webp,https://www.lapa.ninja/post/dorianeazzouz/
Lapa Ninja (Post),Coinflect,BLOCKCHAIN,,,https://cdn.lapa.ninja/assets/images/1x/coinflect-thumb.webp,https://www.lapa.ninja/post/coinflect/
Lapa Ninja (Post),Beeper,APP,,,https://cdn.lapa.ninja/assets/images/1x/beeper-thumb.webp,https://www.lapa.ninja/post/beeper/
Lapa Ninja (Post),Anthem,AGENCY,,,https://cdn.lapa.ninja/assets/images/1x/anthemrep-thumb.webp,https://www.lapa.ninja/post/anthemrep/
Lapa Ninja (Post),Copy.ai,ARTIFICIAL INTELLIGENCE,,,https://cdn.lapa.ninja/assets/images/1x/copy-ai-thumb.webp,https://www.lapa.ninja/post/copy-ai/
Lapa Ninja (Post),Summer Water,FOOD DRINKS,,,https://cdn.lapa.ninja/assets/images/1x/summerwater-thumb.webp,https://www.lapa.ninja/post/summerwater/
Lapa Ninja (Post),Motion For Mobile,STUDIO,,,https://cdn.lapa.ninja/assets/images/1x/motionformobile-thumb.webp,https://www.lapa.ninja/post/motionformobile/
Lapa Ninja (Post),Arcadia,SAAS,,,https://cdn.lapa.ninja/assets/images/1x/arcadia-thumb.webp,https://www.lapa.ninja/post/arcadia/
Lapa Ninja (Post),Sebastiaan de With,PORTFOLIO,,,https://cdn.lapa.ninja/assets/images/1x/sdw-space-thumb.webp,https://www.lapa.ninja/post/sdw-space/
Lapa Ninja (Post),SIMULATE,FOOD DRINKS,,,https://cdn.lapa.ninja/assets/images/1x/simulate-thumb.webp,https://www.lapa.ninja/post/simulate/
Lapa Ninja (Post),Alex Beige,PORTFOLIO,,,https://cdn.lapa.ninja/assets/images/1x/alexbeigeweb-thumb.webp,https://www.lapa.ninja/post/alexbeigeweb/
Lapa Ninja (Post),Statement,AGENCY,,,https://cdn.lapa.ninja/assets/images/1x/madebystatement-thumb.webp,https://www.lapa.ninja/post/madebystatement/
Lapa Ninja (Post),Solana Summer Camp,ILLUSTRATION,,,https://cdn.lapa.ninja/assets/images/1x/solana-summer-camp-thumb.webp,https://www.lapa.ninja/post/solana-summer-camp/
Lapa Ninja (Post),Oliver Bernotat,PORTFOLIO,,,https://cdn.lapa.ninja/assets/images/1x/oliverbernotat-thumb.webp,https://www.lapa.ninja/post/oliverbernotat/
Lapa Ninja (Post),Bornfight,AGENCY,,,https://cdn.lapa.ninja/assets/images/1x/bornfight-07-11-2022-thumb.webp,https://www.lapa.ninja/post/bornfight-2/
Lapa Ninja (Post),Red Rooster Coffee,FOOD DRINKS,,,https://cdn.lapa.ninja/assets/images/1x/redroostercoffee-thumb.webp,https://www.lapa.ninja/post/redroostercoffee/
Lapa Ninja (Post),Gloutir,STUDIO,,,https://cdn.lapa.ninja/assets/images/1x/gloutir-07-11-2022-thumb.webp,https://www.lapa.ninja/post/gloutir-2/
Lapa Ninja (Post),Vectro,FOUNDRY,,,https://cdn.lapa.ninja/assets/images/1x/vectrotype-thumb.webp,https://www.lapa.ninja/post/vectrotype/
Lapa Ninja (Post),Perendie,ILLUSTRATION,,,https://cdn.lapa.ninja/assets/images/1x/perendie-thumb.webp,https://www.lapa.ninja/post/perendie/
Lapa Ninja (Post),Series Eight,AGENCY,,,https://cdn.lapa.ninja/assets/images/1x/serieseight-thumb.webp,https://www.lapa.ninja/post/serieseight/
Lapa Ninja (Post),Christina Kosik,PORTFOLIO,,,https://cdn.lapa.ninja/assets/images/1x/bychristinakosik-thumb.webp,https://www.lapa.ninja/post/bychristinakosik/
Lapa Ninja (Post),Memorisely,EDUCATION,,,https://cdn.lapa.ninja/assets/images/1x/memorisely-thumb.webp,https://www.lapa.ninja/post/memorisely/
Lapa Ninja (Post),Plau,TYPOGRAPHY,,,https://cdn.lapa.ninja/assets/images/1x/plau-thumb.webp,https://www.lapa.ninja/post/plau/
Lapa Ninja (Post),Airsign,ECOMMERCE,,,https://cdn.lapa.ninja/assets/images/1x/airsign-thumb.webp,https://www.lapa.ninja/post/airsign/
Lapa Ninja (Post),Bakken & Bæck,STUDIO,,,https://cdn.lapa.ninja/assets/images/1x/bakkenbaeck-07-08-2022-thumb.webp,https://www.lapa.ninja/post/bakkenbaeck-3/
Lapa Ninja (Post),Moving Parts,SOFTWARE,,,https://cdn.lapa.ninja/assets/images/1x/movingparts-thumb.webp,https://www.lapa.ninja/post/movingparts/
Lapa Ninja (Post),WebThree Consulting,WEB3,,,https://cdn.lapa.ninja/assets/images/1x/webthreeconsulting-thumb.webp,https://www.lapa.ninja/post/webthreeconsulting/
Lapa Ninja (Post),ORE,ECOMMERCE,,,https://cdn.lapa.ninja/assets/images/1x/ore-thumb.webp,https://www.lapa.ninja/post/ore/
Lapa Ninja (Post),D.S. & DURGA,ECOMMERCE,,,https://cdn.lapa.ninja/assets/images/1x/dsanddurga-thumb.webp,https://www.lapa.ninja/post/dsanddurga/
Lapa Ninja (Post),Google Password Manager,APP,,,https://cdn.lapa.ninja/assets/images/1x/google-password-manager-thumb.webp,https://www.lapa.ninja/post/google-password-manager/
Lapa Ninja (Post),Dyo Tanya,PORTFOLIO,,,https://cdn.lapa.ninja/assets/images/1x/dyotanya-thumb.webp,https://www.lapa.ninja/post/dyotanya/
Lapa Ninja (Post),The Lucky Bones,NFT,,,https://cdn.lapa.ninja/assets/images/1x/theluckybones-thumb.webp,https://www.lapa.ninja/post/theluckybones/
Lapa Ninja (Post),Cantos,CORPORATE,,,https://cdn.lapa.ninja/assets/images/1x/cantos-vc-thumb.webp,https://www.lapa.ninja/post/cantos-vc/
Lapa Ninja (Post),imgs.so,PHOTOGRAPHY,,,https://cdn.lapa.ninja/assets/images/1x/imgs-so-thumb.webp,https://www.lapa.ninja/post/imgs-so/
Lapa Ninja (Post),Haley Park,PORTFOLIO,,,https://cdn.lapa.ninja/assets/images/1x/haleypark-thumb.webp,https://www.lapa.ninja/post/haleypark/
Lapa Ninja (Post),LOEWE,FASHION,,,https://cdn.lapa.ninja/assets/images/1x/loewe-thumb.webp,https://www.lapa.ninja/post/loewe/
Lapa Ninja (Post),Prototyper for Figma,PROTOTYPE,,,https://cdn.lapa.ninja/assets/images/1x/prototyper-for-figma-thumb.webp,https://www.lapa.ninja/post/prototyper-for-figma/
Lapa Ninja (Post),Bequant,TECHNOLOGY,,,https://cdn.lapa.ninja/assets/images/1x/bequant-thumb.webp,https://www.lapa.ninja/post/bequant/
Lapa Ninja (Post),Robust,CORPORATE,,,https://cdn.lapa.ninja/assets/images/1x/robust-vc-thumb.webp,https://www.lapa.ninja/post/robust-vc/
Lapa Ninja (Post),KIKK Festival 2022,EVENT,,,https://cdn.lapa.ninja/assets/images/1x/kikk-2022-thumb.webp,https://www.lapa.ninja/post/kikk-2022/
Lapa Ninja (Post),Anton & Irene,AGENCY,,,https://cdn.lapa.ninja/assets/images/1x/antonandirene-thumb.webp,https://www.lapa.ninja/post/antonandirene/
Lapa Ninja (Post),Groove,PRODUCTIVITY,,,https://cdn.lapa.ninja/assets/images/1x/groove-thumb.webp,https://www.lapa.ninja/post/groove/
Lapa Ninja (Post),Nuevo.Tokyo,STUDIO,,,https://cdn.lapa.ninja/assets/images/1x/nuevo-tokyo-thumb.webp,https://www.lapa.ninja/post/nuevo-tokyo/
Lapa Ninja (Post),Digitas,AGENCY,,,https://cdn.lapa.ninja/assets/images/1x/digitas-thumb.webp,https://www.lapa.ninja/post/digitas/
Lapa Ninja (Post),Alexandra Perles,PORTFOLIO,,,https://cdn.lapa.ninja/assets/images/1x/alexandraperles-thumb.webp,https://www.lapa.ninja/post/alexandraperles/
Lapa Ninja (Post),Antonio Uve,PORTFOLIO,,,https://cdn.lapa.ninja/assets/images/1x/antoniouve-thumb.webp,https://www.lapa.ninja/post/antoniouve/
Lapa Ninja (Post),Becklyn,AGENCY,,,https://cdn.lapa.ninja/assets/images/1x/becklyn-thumb.webp,https://www.lapa.ninja/post/becklyn/
Lapa Ninja (Post),Gotta Go Fast,TECHNOLOGY,,,https://cdn.lapa.ninja/assets/images/1x/gottagofast-thumb.webp,https://www.lapa.ninja/post/gottagofast/
Lapa Ninja (Post),Jaeyou Chung,PORTFOLIO,,,https://cdn.lapa.ninja/assets/images/1x/jaeyouchung-thumb.webp,https://www.lapa.ninja/post/jaeyouchung/
Lapa Ninja (Post),Plant Dynamics,CORPORATE,,,https://cdn.lapa.ninja/assets/images/1x/plantdynamics-thumb.webp,https://www.lapa.ninja/post/plantdynamics/
Lapa Ninja (Post),Rosetta,TYPOGRAPHY,,,https://cdn.lapa.ninja/assets/images/1x/rosettatype-thumb.webp,https://www.lapa.ninja/post/rosettatype/
Lapa Ninja (Post),ThisisGrey,PORTFOLIO,,,https://cdn.lapa.ninja/assets/images/1x/thisisgrey-2022-thumb.webp,https://www.lapa.ninja/post/thisisgrey-2/
Lapa Ninja (Post),Teller,AGENCY,,,https://cdn.lapa.ninja/assets/images/1x/weareteller-thumb.webp,https://www.lapa.ninja/post/weareteller/
Lapa Ninja (Post),Flecto,BUSINESS,,,https://cdn.lapa.ninja/assets/images/1x/flecto-thumb.webp,https://www.lapa.ninja/post/flecto/
Lapa Ninja (Post),Arcana,BEAUTY,,,https://cdn.lapa.ninja/assets/images/1x/arcana-thumb.webp,https://www.lapa.ninja/post/arcana/
Lapa Ninja (Post),Ruben Wyttenbach,PORTFOLIO,,,https://cdn.lapa.ninja/assets/images/1x/rubenwyttenbach-thumb.webp,https://www.lapa.ninja/post/rubenwyttenbach/
Lapa Ninja (Post),Kernel,DESIGN TOOLS,,,https://cdn.lapa.ninja/assets/images/1x/usekernel-thumb.webp,https://www.lapa.ninja/post/usekernel/
Lapa Ninja (Post),Decem,FOOD DRINKS,,,https://cdn.lapa.ninja/assets/images/1x/decemdrinks-thumb.webp,https://www.lapa.ninja/post/decemdrinks/
Lapa Ninja (Post),The Craftsmen,AGENCY,,,https://cdn.lapa.ninja/assets/images/1x/thecraftsmen-thumb.webp,https://www.lapa.ninja/post/thecraftsmen/
Lapa Ninja (Post),GASS Records,MINIMAL,,,https://cdn.lapa.ninja/assets/images/1x/gass-thumb.webp,https://www.lapa.ninja/post/gass/
Lapa Ninja (Post),Fount Gallery,TECHNOLOGY,,,https://cdn.lapa.ninja/assets/images/1x/fount-gallery-thumb.webp,https://www.lapa.ninja/post/fount-gallery/
Lapa Ninja (Post),Aplo,CORPORATE,,,https://cdn.lapa.ninja/assets/images/1x/aplo-thumb.webp,https://www.lapa.ninja/post/aplo/
Lapa Ninja (Post),Extraset,FOUNDRY,,,https://cdn.lapa.ninja/assets/images/1x/extraset-06-24-2022-thumb.webp,https://www.lapa.ninja/post/extraset-2/
Lapa Ninja (Post),Sophie Dallamore,PORTFOLIO,,,https://cdn.lapa.ninja/assets/images/1x/sophiedallamore-thumb.webp,https://www.lapa.ninja/post/sophiedallamore/
Lapa Ninja (Post),DOC,PRODUCTIVITY,,,https://cdn.lapa.ninja/assets/images/1x/doc-cc-thumb.webp,https://www.lapa.ninja/post/doc-cc/
Lapa Ninja (Post),Símon,PORTFOLIO,,,https://cdn.lapa.ninja/assets/images/1x/simon-thumb.webp,https://www.lapa.ninja/post/simon/
Lapa Ninja (Post),Remind,EDUCATION,,,https://cdn.lapa.ninja/assets/images/1x/remind-thumb.webp,https://www.lapa.ninja/post/remind/
Lapa Ninja (Post),Leyann,PORTFOLIO,,,https://cdn.lapa.ninja/assets/images/1x/leyann-studio-thumb.webp,https://www.lapa.ninja/post/leyann-studio/
Lapa Ninja (Post),Sneaker Heads,NFT,,,https://cdn.lapa.ninja/assets/images/1x/sneakerheads-thumb.webp,https://www.lapa.ninja/post/sneakerheads/
Lapa Ninja (Post),Picky Joe,FOOD DRINKS,,,https://cdn.lapa.ninja/assets/images/1x/pickyjoe-thumb.webp,https://www.lapa.ninja/post/pickyjoe/
Lapa Ninja (Post),Antony Northcutt,PORTFOLIO,,,https://cdn.lapa.ninja/assets/images/1x/antonynorthcutt-thumb.webp,https://www.lapa.ninja/post/antonynorthcutt/
Lapa Ninja (Post),Adam Ho,PORTFOLIO,,,https://cdn.lapa.ninja/assets/images/1x/adamho-06-17-2022-thumb.webp,https://www.lapa.ninja/post/adamho-4/
Lapa Ninja (Post),Roof,BUSINESS,,,https://cdn.lapa.ninja/assets/images/1x/weareroof-thumb.webp,https://www.lapa.ninja/post/weareroof/
Lapa Ninja (Post),Paul McCartney,PORTFOLIO,,,https://cdn.lapa.ninja/assets/images/1x/paulmccartney-thumb.webp,https://www.lapa.ninja/post/paulmccartney/
Lapa Ninja (Post),Paix,PORTFOLIO,,,https://cdn.lapa.ninja/assets/images/1x/paix-design-thumb.webp,https://www.lapa.ninja/post/paix-design/
Lapa Ninja (Post),Neo Deluxe,NFT,,,https://cdn.lapa.ninja/assets/images/1x/neodlx-thumb.webp,https://www.lapa.ninja/post/neodlx/
Lapa Ninja (Post),Dgrees Studio,STUDIO,,,https://cdn.lapa.ninja/assets/images/1x/dgrees-studio-thumb.webp,https://www.lapa.ninja/post/dgrees-studio/
Lapa Ninja (Post),Ben Powell,PORTFOLIO,,,https://cdn.lapa.ninja/assets/images/1x/bpowell-thumb.webp,https://www.lapa.ninja/post/bpowell/
Lapa Ninja (Post),Ayda Oz,PORTFOLIO,,,https://cdn.lapa.ninja/assets/images/1x/aydaoz-06-17-2022-thumb.webp,https://www.lapa.ninja/post/aydaoz-2/
Lapa Ninja (Post),Palette Supply,STUDIO,,,https://cdn.lapa.ninja/assets/images/1x/palette-supply-thumb.webp,https://www.lapa.ninja/post/palette-supply/
Lapa Ninja (Post),Gareth Hughes,PORTFOLIO,,,https://cdn.lapa.ninja/assets/images/1x/gareth-hughes-2-thumb.webp,https://www.lapa.ninja/post/gareth-hughes-2/
Lapa Ninja (Post),Aro,ECOMMERCE,,,https://cdn.lapa.ninja/assets/images/1x/goaro-thumb.webp,https://www.lapa.ninja/post/goaro/
Lapa Ninja (Post),Fido,APP,,,https://cdn.lapa.ninja/assets/images/1x/fidostores-thumb.webp,https://www.lapa.ninja/post/fidostores/
Lapa Ninja (Post),GlareDB,ILLUSTRATION,,,https://cdn.lapa.ninja/assets/images/1x/glaredb-thumb.webp,https://www.lapa.ninja/post/glaredb/
Lapa Ninja (Post),Clear.Bank,FINANCE,,,https://cdn.lapa.ninja/assets/images/1x/clear-bank-thumb.webp,https://www.lapa.ninja/post/clear-bank/
Lapa Ninja (Post),Atomic,CORPORATE,,,https://cdn.lapa.ninja/assets/images/1x/atomic-vc-thumb.webp,https://www.lapa.ninja/post/atomic-vc/
Lapa Ninja (Post),Aubrey Emlyn,PORTFOLIO,,,https://cdn.lapa.ninja/assets/images/1x/aubreyemlyn-thumb.webp,https://www.lapa.ninja/post/aubreyemlyn/
Lapa Ninja (Post),Unveil,BLOCKCHAIN,,,https://cdn.lapa.ninja/assets/images/1x/unveil-thumb.webp,https://www.lapa.ninja/post/unveil/
Lapa Ninja (Post),Tamagui,TECHNOLOGY,,,https://cdn.lapa.ninja/assets/images/1x/tamagui-thumb.webp,https://www.lapa.ninja/post/tamagui/
Lapa Ninja (Post),Programa,TECHNOLOGY,,,https://cdn.lapa.ninja/assets/images/1x/programa-thumb.webp,https://www.lapa.ninja/post/programa/
Lapa Ninja (Post),Oak & Eden,FOOD DRINKS,,,https://cdn.lapa.ninja/assets/images/1x/oakandeden-thumb.webp,https://www.lapa.ninja/post/oakandeden/
Lapa Ninja (Post),Newfound Network,CORPORATE,,,https://cdn.lapa.ninja/assets/images/1x/newfoundnetwork-thumb.webp,https://www.lapa.ninja/post/newfoundnetwork/
Lapa Ninja (Post),Martin Briceno,PORTFOLIO,,,https://cdn.lapa.ninja/assets/images/1x/martinbriceno-thumb.webp,https://www.lapa.ninja/post/martinbriceno/
Lapa Ninja (Post),Fol,STUDIO,,,https://cdn.lapa.ninja/assets/images/1x/fol-thumb.webp,https://www.lapa.ninja/post/fol/
Lapa Ninja (Post),Feals,BEAUTY,,,https://cdn.lapa.ninja/assets/images/1x/feals-thumb.webp,https://www.lapa.ninja/post/feals/
Lapa Ninja (Post),Dash Digital Studio,STUDIO,,,https://cdn.lapa.ninja/assets/images/1x/dashdigital-studio-thumb.webp,https://www.lapa.ninja/post/dashdigital-studio/
Lapa Ninja (Post),Aelfie,ECOMMERCE,,,https://cdn.lapa.ninja/assets/images/1x/aelfie-thumb.webp,https://www.lapa.ninja/post/aelfie/
Lapa Ninja (Post),Ochi,AGENCY,,,https://cdn.lapa.ninja/assets/images/1x/ochi-design-thumb.webp,https://www.lapa.ninja/post/ochi-design/
Lapa Ninja (Post),Slite,ILLUSTRATION,,,https://cdn.lapa.ninja/assets/images/1x/slite-06-10-2022-thumb.webp,https://www.lapa.ninja/post/slite-4/
Lapa Ninja (Post),Formagari,FOUNDRY,,,https://cdn.lapa.ninja/assets/images/1x/formagari-thumb.webp,https://www.lapa.ninja/post/formagari/
Lapa Ninja (Post),Boords,DESIGN TOOLS,,,https://cdn.lapa.ninja/assets/images/1x/boords-thumb.webp,https://www.lapa.ninja/post/boords/
Lapa Ninja (Post),Co-Partnership,AGENCY,,,https://cdn.lapa.ninja/assets/images/1x/co-partnership-thumb.webp,https://www.lapa.ninja/post/co-partnership/
Lapa Ninja (Post),Robb Owen,PORTFOLIO,,,https://cdn.lapa.ninja/assets/images/1x/robbowen-thumb.webp,https://www.lapa.ninja/post/robbowen/
Lapa Ninja (Post),Fontshare,TYPOGRAPHY,,,https://cdn.lapa.ninja/assets/images/1x/fontshare-thumb.webp,https://www.lapa.ninja/post/fontshare/
Lapa Ninja (Post),Snickerdoodle,WEB3,,,https://cdn.lapa.ninja/assets/images/1x/snickerdoodlelabs-thumb.webp,https://www.lapa.ninja/post/snickerdoodlelabs/
Lapa Ninja (Post),Chordal,3D WEBSITES,,,https://cdn.lapa.ninja/assets/images/1x/chordal-thumb.webp,https://www.lapa.ninja/post/chordal/
Lapa Ninja (Post),July Fund,CORPORATE,,,https://cdn.lapa.ninja/assets/images/1x/july-fund-thumb.webp,https://www.lapa.ninja/post/july-fund/
Lapa Ninja (Post),Linktree,BUSINESS,,,https://cdn.lapa.ninja/assets/images/1x/linktree-thumb.webp,https://www.lapa.ninja/post/linktree/
Lapa Ninja (Post),pfpid,NFT,,,https://cdn.lapa.ninja/assets/images/1x/pfpid-thumb.webp,https://www.lapa.ninja/post/pfpid/
Lapa Ninja (Post),The Edwin Group,CORPORATE,,,https://cdn.lapa.ninja/assets/images/1x/theedwingroup-thumb.webp,https://www.lapa.ninja/post/theedwingroup/
Lapa Ninja (Post),HŌM Wellness,HEALTH FITNESS,,,https://cdn.lapa.ninja/assets/images/1x/hom-wellness-thumb.webp,https://www.lapa.ninja/post/hom-wellness/
Lapa Ninja (Post),Superlist,PRODUCTIVITY,,,https://cdn.lapa.ninja/assets/images/1x/superlist-06-03-2022-thumb.webp,https://www.lapa.ninja/post/superlist-2/
Lapa Ninja (Post),Third Dimension,3D WEBSITES,,,https://cdn.lapa.ninja/assets/images/1x/third-dimension-studio-thumb.webp,https://www.lapa.ninja/post/third-dimension-studio/
Lapa Ninja (Post),Next Friday,ECOMMERCE,,,https://cdn.lapa.ninja/assets/images/1x/nextfriday-thumb.webp,https://www.lapa.ninja/post/nextfriday/
Lapa Ninja (Post),ADAAAP,STUDIO,,,https://cdn.lapa.ninja/assets/images/1x/adaaap-thumb.webp,https://www.lapa.ninja/post/adaaap/
Lapa Ninja (Post),Uno,APP,,,https://cdn.lapa.ninja/assets/images/1x/uno-app-thumb.webp,https://www.lapa.ninja/post/uno-app/
Lapa Ninja (Post),Pixel Blossom,NFT,,,https://cdn.lapa.ninja/assets/images/1x/pixelblossom-thumb.webp,https://www.lapa.ninja/post/pixelblossom/
Lapa Ninja (Post),Oliver Kiss,PORTFOLIO,,,https://cdn.lapa.ninja/assets/images/1x/oliverkiss-design-thumb.webp,https://www.lapa.ninja/post/oliverkiss-design/
Lapa Ninja (Post),Old Friend,STUDIO,,,https://cdn.lapa.ninja/assets/images/1x/oldfriend-thumb.webp,https://www.lapa.ninja/post/oldfriend/
Lapa Ninja (Post),Neutra VDL,STUDIO,,,https://cdn.lapa.ninja/assets/images/1x/neutra-vdl-thumb.webp,https://www.lapa.ninja/post/neutra-vdl/
Lapa Ninja (Post),Mozverse,WEB3,,,https://cdn.lapa.ninja/assets/images/1x/mozverse-thumb.webp,https://www.lapa.ninja/post/mozverse/
Lapa Ninja (Post),Framer Tips,EDUCATION,,,https://cdn.lapa.ninja/assets/images/1x/framer-tips-thumb.webp,https://www.lapa.ninja/post/framer-tips/
Lapa Ninja (Post),Custo,CORPORATE,,,https://cdn.lapa.ninja/assets/images/1x/custo-thumb.webp,https://www.lapa.ninja/post/custo/
Lapa Ninja (Post),Channel Studio,STUDIO,,,https://cdn.lapa.ninja/assets/images/1x/channel-studio-2022-thumb.webp,https://www.lapa.ninja/post/channel-studio-2/
Lapa Ninja (Post),PLINK!,FOOD DRINKS,,,https://cdn.lapa.ninja/assets/images/1x/drinkplink-thumb.webp,https://www.lapa.ninja/post/drinkplink/
Lapa Ninja (Post),Mojo,APP,,,https://cdn.lapa.ninja/assets/images/1x/mojo-app-thumb.webp,https://www.lapa.ninja/post/mojo-app/
Lapa Ninja (Post),David Heckhoff,3D WEBSITES,,,https://cdn.lapa.ninja/assets/images/1x/david-hckh-thumb.webp,https://www.lapa.ninja/post/david-hckh/
Lapa Ninja (Post),Manor DAO,BUSINESS,,,https://cdn.lapa.ninja/assets/images/1x/manordao-thumb.webp,https://www.lapa.ninja/post/manordao/
Lapa Ninja (Post),Kim Kneipp,STUDIO,,,https://cdn.lapa.ninja/assets/images/1x/kimkneipp-thumb.webp,https://www.lapa.ninja/post/kimkneipp/
Lapa Ninja (Post),Secfi,FINANCE,,,https://cdn.lapa.ninja/assets/images/1x/secfi-05-30-2022-thumb.webp,https://www.lapa.ninja/post/secfi-3/
Lapa Ninja (Post),Elegant Seagulls,AGENCY,,,https://cdn.lapa.ninja/assets/images/1x/elegantseagulls-thumb.webp,https://www.lapa.ninja/post/elegantseagulls/
Lapa Ninja (Post),Dads,NFT,,,https://cdn.lapa.ninja/assets/images/1x/dads-art-thumb.webp,https://www.lapa.ninja/post/dads-art/
Lapa Ninja (Post),Tipofili,FOUNDRY,,,https://cdn.lapa.ninja/assets/images/1x/tipofili-thumb.webp,https://www.lapa.ninja/post/tipofili/
Lapa Ninja (Post),Ulé,ECOMMERCE,,,https://cdn.lapa.ninja/assets/images/1x/ulebeauty-thumb.webp,https://www.lapa.ninja/post/ulebeauty/
Lapa Ninja (Post),Arlen McCluskey,PORTFOLIO,,,https://cdn.lapa.ninja/assets/images/1x/arlenmccluskey-thumb.webp,https://www.lapa.ninja/post/arlenmccluskey/
Lapa Ninja (Post),Isaac Powell,PORTFOLIO,,,https://cdn.lapa.ninja/assets/images/1x/ijpowell-thumb.webp,https://www.lapa.ninja/post/ijpowell/
Lapa Ninja (Post),Muse,APP,,,https://cdn.lapa.ninja/assets/images/1x/museapp-thumb.webp,https://www.lapa.ninja/post/museapp/
Lapa Ninja (Post),Anyden,FURNITURE INTERIORS,,,https://cdn.lapa.ninja/assets/images/1x/anyden-thumb.webp,https://www.lapa.ninja/post/anyden/
Lapa Ninja (Post),Anna Jóna,MINIMAL,,,https://cdn.lapa.ninja/assets/images/1x/annajona-thumb.webp,https://www.lapa.ninja/post/annajona/
Lapa Ninja (Post),Marmoset,ILLUSTRATION,,,https://cdn.lapa.ninja/assets/images/1x/marmosetmusic-thumb.webp,https://www.lapa.ninja/post/marmosetmusic/
Lapa Ninja (Post),basement.studio,STUDIO,,,https://cdn.lapa.ninja/assets/images/1x/basement-studio-05-23-2022-thumb.webp,https://www.lapa.ninja/post/basement-studio-3/
Lapa Ninja (Post),Burb,COMMUNITY,,,https://cdn.lapa.ninja/assets/images/1x/burb-thumb.webp,https://www.lapa.ninja/post/burb/
Lapa Ninja (Post),Flowkit for Figma,DESIGN TOOLS,,,https://cdn.lapa.ninja/assets/images/1x/useflowkit-05-23-2022-thumb.webp,https://www.lapa.ninja/post/flowkit-for-figma/
Lapa Ninja (Post),ForeverBots,NFT,,,https://cdn.lapa.ninja/assets/images/1x/foreverbots-thumb.webp,https://www.lapa.ninja/post/foreverbots/
Lapa Ninja (Post),Geist,STUDIO,,,https://cdn.lapa.ninja/assets/images/1x/geist-thumb.webp,https://www.lapa.ninja/post/geist/
Lapa Ninja (Post),Magnane,STUDIO,,,https://cdn.lapa.ninja/assets/images/1x/magnane-thumb.webp,https://www.lapa.ninja/post/magnane/
Lapa Ninja (Post),Motto,TECHNOLOGY,,,https://cdn.lapa.ninja/assets/images/1x/ridemotto-thumb.webp,https://www.lapa.ninja/post/ridemotto/
Lapa Ninja (Post),Claudia Mussett,PORTFOLIO,,,https://cdn.lapa.ninja/assets/images/1x/clauaskee-thumb.webp,https://www.lapa.ninja/post/clauaskee/
Lapa Ninja (Post),Arcade,TECHNOLOGY,,,https://cdn.lapa.ninja/assets/images/1x/arcade-software-thumb.webp,https://www.lapa.ninja/post/arcade-software/
Lapa Ninja (Post),Grape Juice,FOOD DRINKS,,,https://cdn.lapa.ninja/assets/images/1x/grapejuicewineshop-thumb.webp,https://www.lapa.ninja/post/grapejuicewineshop/
Lapa Ninja (Post),Saint James Iced Teas,FOOD DRINKS,,,https://cdn.lapa.ninja/assets/images/1x/saintjamesicedtea-thumb.webp,https://www.lapa.ninja/post/saintjamesicedtea/
Lapa Ninja (Post),Flor & Fjære,ILLUSTRATION,,,https://cdn.lapa.ninja/assets/images/1x/florogfjare-thumb.webp,https://www.lapa.ninja/post/florogfjare/
Lapa Ninja (Post),Marble,STUDIO,,,https://cdn.lapa.ninja/assets/images/1x/marble-studio-thumb.webp,https://www.lapa.ninja/post/marble-studio/
Lapa Ninja (Post),Rubens Cantuni,PORTFOLIO,,,https://cdn.lapa.ninja/assets/images/1x/rubens-design-thumb.webp,https://www.lapa.ninja/post/rubens-design/
Lapa Ninja (Post),Kargo,CORPORATE,,,https://cdn.lapa.ninja/assets/images/1x/mykargo-thumb.webp,https://www.lapa.ninja/post/mykargo/
Lapa Ninja (Post),Rugby-Man,CREATIVE,,,https://cdn.lapa.ninja/assets/images/1x/rugby-man-thumb.webp,https://www.lapa.ninja/post/rugby-man/
Lapa Ninja (Post),HARDCLO,FASHION,,,https://cdn.lapa.ninja/assets/images/1x/hardclo-thumb.webp,https://www.lapa.ninja/post/hardclo/
Lapa Ninja (Post),Blok Watches,ECOMMERCE,,,https://cdn.lapa.ninja/assets/images/1x/blokwatches-thumb.webp,https://www.lapa.ninja/post/blokwatches/
Lapa Ninja (Post),Plasticbionic,STUDIO,,,https://cdn.lapa.ninja/assets/images/1x/plasticbionic-thumb.webp,https://www.lapa.ninja/post/plasticbionic/
Lapa Ninja (Post),nuka,PRODUCTIVITY,,,https://cdn.lapa.ninja/assets/images/1x/nuka-thumb.webp,https://www.lapa.ninja/post/nuka/
Lapa Ninja (Post),Clay & Bones,COMING SOON,,,https://cdn.lapa.ninja/assets/images/1x/kidclay-thumb.webp,https://www.lapa.ninja/post/kidclay/
Lapa Ninja (Post),Guillermo S,PORTFOLIO,,,https://cdn.lapa.ninja/assets/images/1x/guillermoseis-thumb.webp,https://www.lapa.ninja/post/guillermoseis/
Lapa Ninja (Post),Dynaboard,TECHNOLOGY,,,https://cdn.lapa.ninja/assets/images/1x/dynaboard-thumb.webp,https://www.lapa.ninja/post/dynaboard/
Lapa Ninja (Post),Convo,APP,,,https://cdn.lapa.ninja/assets/images/1x/convo-thumb.webp,https://www.lapa.ninja/post/convo/
Lapa Ninja (Post),Codi,REAL ESTATE,,,https://cdn.lapa.ninja/assets/images/1x/codi-thumb.webp,https://www.lapa.ninja/post/codi/
Lapa Ninja (Post),Bueno,NFT,,,https://cdn.lapa.ninja/assets/images/1x/bueno-art-thumb.webp,https://www.lapa.ninja/post/bueno-art/
Lapa Ninja (Post),Quentin Hocdé,PORTFOLIO,,,https://cdn.lapa.ninja/assets/images/1x/quentinhocde-2022-thumb.webp,https://www.lapa.ninja/post/quentinhocde-2/
Lapa Ninja (Post),Panic,STUDIO,,,https://cdn.lapa.ninja/assets/images/1x/panicstudio-thumb.webp,https://www.lapa.ninja/post/panicstudio/
Lapa Ninja (Post),Alt–Border,STUDIO,,,https://cdn.lapa.ninja/assets/images/1x/alt-border-thumb.webp,https://www.lapa.ninja/post/alt-border/
Lapa Ninja (Post),Socialclub,AGENCY,,,https://cdn.lapa.ninja/assets/images/1x/socialclubparis-thumb.webp,https://www.lapa.ninja/post/socialclubparis/
Lapa Ninja (Post),Filling Pieces,ECOMMERCE,,,https://cdn.lapa.ninja/assets/images/1x/fillingpieces-thumb.webp,https://www.lapa.ninja/post/fillingpieces/
Lapa Ninja (Post),Knockout,DESIGN TOOLS,,,https://cdn.lapa.ninja/assets/images/1x/madewithknockout-thumb.webp,https://www.lapa.ninja/post/madewithknockout/
Lapa Ninja (Post),Exo Ape,STUDIO,,,https://cdn.lapa.ninja/assets/images/1x/exoape-2022-thumb.webp,https://www.lapa.ninja/post/exoape-3/
Lapa Ninja (Post),GT Planar,TYPOGRAPHY,,,https://cdn.lapa.ninja/assets/images/1x/gt-planar-thumb.webp,https://www.lapa.ninja/post/gt-planar/
Lapa Ninja (Post),Humble Motors,AUTOMOTIVE,,,https://cdn.lapa.ninja/assets/images/1x/humblemotors-thumb.webp,https://www.lapa.ninja/post/humblemotors/
Lapa Ninja (Post),Chantlings by Iorama,APP,,,https://cdn.lapa.ninja/assets/images/1x/iorama-studio-2022-thumb.webp,https://www.lapa.ninja/post/iorama-studio-2/
Lapa Ninja (Post),Stage,DESIGN TOOLS,,,https://cdn.lapa.ninja/assets/images/1x/stage-so-thumb.webp,https://www.lapa.ninja/post/stage-so/
Lapa Ninja (Post),PrettyDamnQuick,ILLUSTRATION,,,https://cdn.lapa.ninja/assets/images/1x/prettydamnquick-thumb.webp,https://www.lapa.ninja/post/prettydamnquick/
Lapa Ninja (Post),Tenzr,HEALTH FITNESS,,,https://cdn.lapa.ninja/assets/images/1x/tenzrhealth-thumb.webp,https://www.lapa.ninja/post/tenzrhealth/
Lapa Ninja (Post),LULA PACE,ECOMMERCE,,,https://cdn.lapa.ninja/assets/images/1x/lulapace-thumb.webp,https://www.lapa.ninja/post/lulapace/
Lapa Ninja (Post),Experiment,ECOMMERCE,,,https://cdn.lapa.ninja/assets/images/1x/experimentbeauty-thumb.webp,https://www.lapa.ninja/post/experimentbeauty/
Lapa Ninja (Post),LTTR/INK,DESIGN TOOLS,,,https://cdn.lapa.ninja/assets/images/1x/lttrink-thumb.webp,https://www.lapa.ninja/post/lttrink/
Lapa Ninja (Post),MSCHF Sneakers,ECOMMERCE,,,https://cdn.lapa.ninja/assets/images/1x/mschfsneakers-thumb.webp,https://www.lapa.ninja/post/mschfsneakers/
Lapa Ninja (Post),ONCYBER,NFT,,,https://cdn.lapa.ninja/assets/images/1x/oncyber-thumb.webp,https://www.lapa.ninja/post/oncyber/
Lapa Ninja (Post),Craftwork Studio,STUDIO,,,https://cdn.lapa.ninja/assets/images/1x/craftwork-studio-thumb.webp,https://www.lapa.ninja/post/craftwork-studio/
Lapa Ninja (Post),Barrett RM Type,TYPOGRAPHY,,,https://cdn.lapa.ninja/assets/images/1x/barrettrm-thumb.webp,https://www.lapa.ninja/post/barrettrm/
Lapa Ninja (Post),Couplet Coffee,FOOD DRINKS,,,https://cdn.lapa.ninja/assets/images/1x/coupletcoffee-thumb.webp,https://www.lapa.ninja/post/coupletcoffee/
Lapa Ninja (Post),Motion One,DEVELOPMENT TOOLS,,,https://cdn.lapa.ninja/assets/images/1x/motion-one-thumb.webp,https://www.lapa.ninja/post/motion-one/
Lapa Ninja (Post),Norte (Image Studio),STUDIO,,,https://cdn.lapa.ninja/assets/images/1x/norte-studio-thumb.webp,https://www.lapa.ninja/post/norte-studio/
Lapa Ninja (Post),Made by Porter,PORTFOLIO,,,https://cdn.lapa.ninja/assets/images/1x/madebyporter-thumb.webp,https://www.lapa.ninja/post/madebyporter/
Lapa Ninja (Post),Vent,FINANCE,,,https://cdn.lapa.ninja/assets/images/1x/vent-finance-thumb.webp,https://www.lapa.ninja/post/vent-finance/
Lapa Ninja (Post),Dock,ILLUSTRATION,,,https://cdn.lapa.ninja/assets/images/1x/dock-us-thumb.webp,https://www.lapa.ninja/post/dock-us/
Lapa Ninja (Post),Furry Nomad,ILLUSTRATION,,,https://cdn.lapa.ninja/assets/images/1x/furrynomad-thumb.webp,https://www.lapa.ninja/post/furrynomad/
Lapa Ninja (Post),UnHide,FASHION,,,https://cdn.lapa.ninja/assets/images/1x/unhide-thumb.webp,https://www.lapa.ninja/post/unhide/
Lapa Ninja (Post),Løs Sundays Tequila,FOOD DRINKS,,,https://cdn.lapa.ninja/assets/images/1x/lossundays-thumb.webp,https://www.lapa.ninja/post/lossundays/
Lapa Ninja (Post),StanVision,AGENCY,,,https://cdn.lapa.ninja/assets/images/1x/stan-vision-thumb.webp,https://www.lapa.ninja/post/stan-vision/
Lapa Ninja (Post),Rally,BUSINESS,,,https://cdn.lapa.ninja/assets/images/1x/rallyon-thumb.webp,https://www.lapa.ninja/post/rallyon/
Lapa Ninja (Post),Column,BUSINESS,,,https://cdn.lapa.ninja/assets/images/1x/column-thumb.webp,https://www.lapa.ninja/post/column/
Lapa Ninja (Post),Phil's Finest,FOOD DRINKS,,,https://cdn.lapa.ninja/assets/images/1x/philsfinest-thumb.webp,https://www.lapa.ninja/post/philsfinest/
Lapa Ninja (Post),RocketAir,AGENCY,,,https://cdn.lapa.ninja/assets/images/1x/rocketair-thumb.webp,https://www.lapa.ninja/post/rocketair/
Lapa Ninja (Post),Samurices NFT,NFT,,,https://cdn.lapa.ninja/assets/images/1x/samurices-thumb.webp,https://www.lapa.ninja/post/samurices/
Lapa Ninja (Post),Build Excellent Websites,EDUCATION,,,https://cdn.lapa.ninja/assets/images/1x/buildexcellentwebsites-thumb.webp,https://www.lapa.ninja/post/buildexcellentwebsites/
Lapa Ninja (Post),Little Signals,MINIMAL,,,https://cdn.lapa.ninja/assets/images/1x/little-signals-thumb.webp,https://www.lapa.ninja/post/little-signals/
Lapa Ninja (Post),Minimalissimo,MINIMAL,,,https://cdn.lapa.ninja/assets/images/1x/minimalissimo-04-19-2022-thumb.webp,https://www.lapa.ninja/post/minimalissimo-3/
Lapa Ninja (Post),Early Majority,ECOMMERCE,,,https://cdn.lapa.ninja/assets/images/1x/earlymajority-thumb.webp,https://www.lapa.ninja/post/earlymajority/
Lapa Ninja (Post),Edi & P,STUDIO,,,https://cdn.lapa.ninja/assets/images/1x/edip-studio-thumb.webp,https://www.lapa.ninja/post/edip-studio/
Lapa Ninja (Post),Luc Chaissac,PORTFOLIO,,,https://cdn.lapa.ninja/assets/images/1x/lucchaissac-thumb.webp,https://www.lapa.ninja/post/lucchaissac/
Lapa Ninja (Post),Oatside,HEALTH FITNESS,,,https://cdn.lapa.ninja/assets/images/1x/oatside-thumb.webp,https://www.lapa.ninja/post/oatside/
Lapa Ninja (Post),ODE,FOOD DRINKS,,,https://cdn.lapa.ninja/assets/images/1x/ode-aperitif-thumb.webp,https://www.lapa.ninja/post/ode-aperitif/
Lapa Ninja (Post),Anna Sherruble,PORTFOLIO,,,https://cdn.lapa.ninja/assets/images/1x/sherruble-thumb.webp,https://www.lapa.ninja/post/sherruble/
Lapa Ninja (Post),Study Hall,STUDIO,,,https://cdn.lapa.ninja/assets/images/1x/studyhall-thumb.webp,https://www.lapa.ninja/post/studyhall/
Lapa Ninja (Post),The.com,DESIGN TOOLS,,,https://cdn.lapa.ninja/assets/images/1x/the-com-thumb.webp,https://www.lapa.ninja/post/the-com/
Lapa Ninja (Post),The Luckiest Club,CORPORATE,,,https://cdn.lapa.ninja/assets/images/1x/theluckiestclub-thumb.webp,https://www.lapa.ninja/post/theluckiestclub/
Lapa Ninja (Post),BAGGU,ECOMMERCE,,,https://cdn.lapa.ninja/assets/images/1x/baggu-2022-thumb.webp,https://www.lapa.ninja/post/baggu-2/
Lapa Ninja (Post),Tom Sears,PORTFOLIO,,,https://cdn.lapa.ninja/assets/images/1x/tomsears-thumb.webp,https://www.lapa.ninja/post/tomsears/
Lapa Ninja (Post),Jacques Marie Mage,ECOMMERCE,,,https://cdn.lapa.ninja/assets/images/1x/jacquesmariemage-thumb.webp,https://www.lapa.ninja/post/jacquesmariemage/
Lapa Ninja (Post),Jakub Reis,PORTFOLIO,,,https://cdn.lapa.ninja/assets/images/1x/jakubreis-thumb.webp,https://www.lapa.ninja/post/jakubreis/
Lapa Ninja (Post),Open Purpose,AGENCY,,,https://cdn.lapa.ninja/assets/images/1x/openpurpose-thumb.webp,https://www.lapa.ninja/post/openpurpose/
Lapa Ninja (Post),SummerRain,FOOD DRINKS,,,https://cdn.lapa.ninja/assets/images/1x/getsummerrain-thumb.webp,https://www.lapa.ninja/post/getsummerrain/
Lapa Ninja (Post),Amie,PRODUCTIVITY,,,https://cdn.lapa.ninja/assets/images/1x/amie-thumb.webp,https://www.lapa.ninja/post/amie/
Lapa Ninja (Post),Victor Work,PORTFOLIO,,,https://cdn.lapa.ninja/assets/images/1x/victor-work-2022-thumb.webp,https://www.lapa.ninja/post/victor-work/
Lapa Ninja (Post),Wyre,CRYPTOCURRENCY,,,https://cdn.lapa.ninja/assets/images/1x/sendwyre-thumb.webp,https://www.lapa.ninja/post/sendwyre/
Lapa Ninja (Post),Alicia Moore,FASHION,,,https://cdn.lapa.ninja/assets/images/1x/aliciamoore-thumb.webp,https://www.lapa.ninja/post/aliciamoore/
Lapa Ninja (Post),Imaginary Ones,NFT,,,https://cdn.lapa.ninja/assets/images/1x/imaginaryones-thumb.webp,https://www.lapa.ninja/post/imaginaryones/
Lapa Ninja (Post),Clyde,3D WEBSITES,,,https://cdn.lapa.ninja/assets/images/1x/joinclyde-04-06-2022-thumb.webp,https://www.lapa.ninja/post/joinclyde-2/
Lapa Ninja (Post),NaN,FOUNDRY,,,https://cdn.lapa.ninja/assets/images/1x/nan-04-06-2022-thumb.webp,https://www.lapa.ninja/post/nan-2/
Lapa Ninja (Post),CloverCities,RETRO STYLE,,,https://cdn.lapa.ninja/assets/images/1x/clovercities-thumb.webp,https://www.lapa.ninja/post/clovercities/
Lapa Ninja (Post),Six,AGENCY,,,https://cdn.lapa.ninja/assets/images/1x/madebysix-04-06-2022-thumb.webp,https://www.lapa.ninja/post/madebysix-2/
Lapa Ninja (Post),Ooki,DEFI,,,https://cdn.lapa.ninja/assets/images/1x/ooki-thumb.webp,https://www.lapa.ninja/post/ooki/
Lapa Ninja (Post),Yannick Gregoire,PORTFOLIO,,,https://cdn.lapa.ninja/assets/images/1x/yannickgregoire-thumb.webp,https://www.lapa.ninja/post/yannickgregoire/
Lapa Ninja (Post),Why? Design,EDUCATION,,,https://cdn.lapa.ninja/assets/images/1x/why-design-thumb.webp,https://www.lapa.ninja/post/why-design/
Lapa Ninja (Post),UNITE DIVISION OF ME,FASHION,,,https://cdn.lapa.ninja/assets/images/1x/unite-divisionofme-thumb.webp,https://www.lapa.ninja/post/unite-divisionofme/
Lapa Ninja (Post),Nomen Nescio,FASHION,,,https://cdn.lapa.ninja/assets/images/1x/nomennescio-thumb.webp,https://www.lapa.ninja/post/nomennescio/
Lapa Ninja (Post),Harvest,ILLUSTRATION,,,https://cdn.lapa.ninja/assets/images/1x/getharvest-thumb.webp,https://www.lapa.ninja/post/getharvest/
Lapa Ninja (Post),David Navarro,PORTFOLIO,,,https://cdn.lapa.ninja/assets/images/1x/navarro-thumb.webp,https://www.lapa.ninja/post/navarro/
Lapa Ninja (Post),Richard Ekwonye,PORTFOLIO,,,https://cdn.lapa.ninja/assets/images/1x/richardekwonye-thumb.webp,https://www.lapa.ninja/post/richardekwonye/
Lapa Ninja (Post),Contra,FREELANCE,,,https://cdn.lapa.ninja/assets/images/1x/contra-03-31-2022-thumb.webp,https://www.lapa.ninja/post/contra-2/
Lapa Ninja (Post),Jack Jaeschke,PORTFOLIO,,,https://cdn.lapa.ninja/assets/images/1x/jackjaeschke-thumb.webp,https://www.lapa.ninja/post/jackjaeschke/
Lapa Ninja (Post),Awwwards Conference,EVENT,,,https://cdn.lapa.ninja/assets/images/1x/awwwards-conference-2022-thumb.webp,https://www.lapa.ninja/post/awwwards-conference/
Lapa Ninja (Post),Kirschberg,PORTFOLIO,,,https://cdn.lapa.ninja/assets/images/1x/kirschberg-thumb.webp,https://www.lapa.ninja/post/kirschberg/
Lapa Ninja (Post),Jam,DEVELOPMENT TOOLS,,,https://cdn.lapa.ninja/assets/images/1x/jam-dev-thumb.webp,https://www.lapa.ninja/post/jam-dev/
Lapa Ninja (Post),Philosophical Foxes,BLOCKCHAIN,,,https://cdn.lapa.ninja/assets/images/1x/philosophicalfoxes-thumb.webp,https://www.lapa.ninja/post/philosophicalfoxes/
Lapa Ninja (Post),The Firebase Blog,BLOG,,,https://cdn.lapa.ninja/assets/images/1x/firebase-blog-thumb.webp,https://www.lapa.ninja/post/firebase-blog/
Lapa Ninja (Post),DeadFellaz,NFT,,,https://cdn.lapa.ninja/assets/images/1x/deadfellaz-thumb.webp,https://www.lapa.ninja/post/deadfellaz/
Lapa Ninja (Post),Decor Systems,BUSINESS,,,https://cdn.lapa.ninja/assets/images/1x/decorsystems-thumb.webp,https://www.lapa.ninja/post/decorsystems/
Lapa Ninja (Post),Dezeynne,AGENCY,,,https://cdn.lapa.ninja/assets/images/1x/dezeynne-thumb.webp,https://www.lapa.ninja/post/dezeynne/
Lapa Ninja (Post),Jonas Emmertsen,PORTFOLIO,,,https://cdn.lapa.ninja/assets/images/1x/jonasemmertsen-thumb.webp,https://www.lapa.ninja/post/jonasemmertsen/
Lapa Ninja (Post),Kylie de Boer,PORTFOLIO,,,https://cdn.lapa.ninja/assets/images/1x/kyliedeboer-thumb.webp,https://www.lapa.ninja/post/kyliedeboer/
Lapa Ninja (Post),Magnus Høst,PORTFOLIO,,,https://cdn.lapa.ninja/assets/images/1x/magnushoest-thumb.webp,https://www.lapa.ninja/post/magnushoest/
Lapa Ninja (Post),Natalie Harris,PORTFOLIO,,,https://cdn.lapa.ninja/assets/images/1x/natalieharris-thumb.webp,https://www.lapa.ninja/post/natalieharris/
Lapa Ninja (Post),Perky Bros,AGENCY,,,https://cdn.lapa.ninja/assets/images/1x/perkybros-thumb.webp,https://www.lapa.ninja/post/perkybros/
Lapa Ninja (Post),Loop,STUDIO,,,https://cdn.lapa.ninja/assets/images/1x/the-loop-thumb.webp,https://www.lapa.ninja/post/the-loop/
Lapa Ninja (Post),Doing Things Media,BUSINESS,,,https://cdn.lapa.ninja/assets/images/1x/doingthingsmedia-thumb.webp,https://www.lapa.ninja/post/doingthingsmedia/
Lapa Ninja (Post),ROA,ECOMMERCE,,,https://cdn.lapa.ninja/assets/images/1x/roa-hiking-thumb.webp,https://www.lapa.ninja/post/roa-hiking/
Lapa Ninja (Post),Supafast,NFT,,,https://cdn.lapa.ninja/assets/images/1x/supafast-thumb.webp,https://www.lapa.ninja/post/supafast/
Lapa Ninja (Post),Cole Rise,PORTFOLIO,,,https://cdn.lapa.ninja/assets/images/1x/colerise-thumb.webp,https://www.lapa.ninja/post/colerise/
Lapa Ninja (Post),Scout,3D WEBSITES,,,https://cdn.lapa.ninja/assets/images/1x/fromscout-thumb.webp,https://www.lapa.ninja/post/fromscout/
Lapa Ninja (Post),Propel.vc,FINANCE,,,https://cdn.lapa.ninja/assets/images/1x/propel-vc-thumb.webp,https://www.lapa.ninja/post/propel-vc/
Lapa Ninja (Post),Topbun,FOOD DRINKS,,,https://cdn.lapa.ninja/assets/images/1x/top-bun-thumb.webp,https://www.lapa.ninja/post/top-bun/
Lapa Ninja (Post),MekaVerse,NFT,,,https://cdn.lapa.ninja/assets/images/1x/themekaverse-03-24-2022-thumb.webp,https://www.lapa.ninja/post/themekaverse-2/
Lapa Ninja (Post),Tome,PRODUCTIVITY,,,https://cdn.lapa.ninja/assets/images/1x/tome-thumb.webp,https://www.lapa.ninja/post/tome/
Lapa Ninja (Post),Aerotime,PRODUCTIVITY,,,https://cdn.lapa.ninja/assets/images/1x/aerotime-thumb.webp,https://www.lapa.ninja/post/aerotime/
Lapa Ninja (Post),Jessica Strelioff,PORTFOLIO,,,https://cdn.lapa.ninja/assets/images/1x/strelioff-thumb.webp,https://www.lapa.ninja/post/strelioff/
Lapa Ninja (Post),Land of Ride,ENTERTAINMENT,,,https://cdn.lapa.ninja/assets/images/1x/landofride-thumb.webp,https://www.lapa.ninja/post/landofride/
Lapa Ninja (Post),Funny Water,ECOMMERCE,,,https://cdn.lapa.ninja/assets/images/1x/funnywater-thumb.webp,https://www.lapa.ninja/post/funnywater/
Lapa Ninja (Post),Flourish,ECOMMERCE,,,https://cdn.lapa.ninja/assets/images/1x/flourishplant-thumb.webp,https://www.lapa.ninja/post/flourishplant/
Lapa Ninja (Post),Gloutir,STUDIO,,,https://cdn.lapa.ninja/assets/images/1x/gloutir-thumb.webp,https://www.lapa.ninja/post/gloutir/
Lapa Ninja (Post),Interstellar Lab,TECHNOLOGY,,,https://cdn.lapa.ninja/assets/images/1x/interstellarlab-thumb.webp,https://www.lapa.ninja/post/interstellarlab/
Lapa Ninja (Post),olivierbrueckner,PORTFOLIO,,,https://cdn.lapa.ninja/assets/images/1x/olivierbrueckner-thumb.webp,https://www.lapa.ninja/post/olivierbrueckner/
Lapa Ninja (Post),Steakwallet,APP,,,https://cdn.lapa.ninja/assets/images/1x/steakwallet-thumb.webp,https://www.lapa.ninja/post/steakwallet/
Lapa Ninja (Post),Steffie de Leeuw,PORTFOLIO,,,https://cdn.lapa.ninja/assets/images/1x/steffiedeleeuw-thumb.webp,https://www.lapa.ninja/post/steffiedeleeuw/
Lapa Ninja (Post),Jantana Hennard,PORTFOLIO,,,https://cdn.lapa.ninja/assets/images/1x/jant-2022-thumb.webp,https://www.lapa.ninja/post/jant-2/
Lapa Ninja (Post),Morgan & Brandon,EVENT,,,https://cdn.lapa.ninja/assets/images/1x/mrandmrsz-thumb.webp,https://www.lapa.ninja/post/mrandmrsz/
Lapa Ninja (Post),AESOP.Wines,FOOD DRINKS,,,https://cdn.lapa.ninja/assets/images/1x/aesopwines-thumb.webp,https://www.lapa.ninja/post/aesopwines/
Lapa Ninja (Post),Lemon,APP,,,https://cdn.lapa.ninja/assets/images/1x/lemon-me-thumb.webp,https://www.lapa.ninja/post/lemon-me/
Lapa Ninja (Post),Spline,DESIGN TOOLS,,,https://cdn.lapa.ninja/assets/images/1x/spline-design-03-09-2022-thumb.webp,https://www.lapa.ninja/post/spline-design/
Lapa Ninja (Post),DIABLA OUTDOOR,FURNITURE INTERIORS,,,https://cdn.lapa.ninja/assets/images/1x/diablaoutdoor-thumb.webp,https://www.lapa.ninja/post/diablaoutdoor/
Lapa Ninja (Post),Flutterwave Design,EDUCATION,,,https://cdn.lapa.ninja/assets/images/1x/flutterwave-design-thumb.webp,https://www.lapa.ninja/post/flutterwave-design/
Lapa Ninja (Post),Good Zones,ECOMMERCE,,,https://cdn.lapa.ninja/assets/images/1x/goodzones-thumb.webp,https://www.lapa.ninja/post/goodzones/
Lapa Ninja (Post),HELL YES!,EVENT,,,https://cdn.lapa.ninja/assets/images/1x/hellyes-thumb.webp,https://www.lapa.ninja/post/hellyes/
Lapa Ninja (Post),Kairos,NFT,,,https://cdn.lapa.ninja/assets/images/1x/kairos-thumb.webp,https://www.lapa.ninja/post/kairos/
Lapa Ninja (Post),Lettermatic,FOUNDRY,,,https://cdn.lapa.ninja/assets/images/1x/lettermatic-thumb.webp,https://www.lapa.ninja/post/lettermatic/
Lapa Ninja (Post),Mubien Brands,STUDIO,,,https://cdn.lapa.ninja/assets/images/1x/mubien-thumb.webp,https://www.lapa.ninja/post/mubien/
Lapa Ninja (Post),SpoiledChild,BEAUTY,,,https://cdn.lapa.ninja/assets/images/1x/spoiledchild-thumb.webp,https://www.lapa.ninja/post/spoiledchild/
Lapa Ninja (Post),SuperMush,ECOMMERCE,,,https://cdn.lapa.ninja/assets/images/1x/supermush-thumb.webp,https://www.lapa.ninja/post/supermush/
Lapa Ninja (Post),Luke,REAL ESTATE,,,https://cdn.lapa.ninja/assets/images/1x/textluke-thumb.webp,https://www.lapa.ninja/post/textluke/
Lapa Ninja (Post),Aire,BEAUTY,,,https://cdn.lapa.ninja/assets/images/1x/airecbd-thumb.webp,https://www.lapa.ninja/post/airecbd/
Lapa Ninja (Post),Pact Studio,STUDIO,,,https://cdn.lapa.ninja/assets/images/1x/workwithpact-thumb.webp,https://www.lapa.ninja/post/workwithpact/
Lapa Ninja (Post),Glow Wallet,APP,,,https://cdn.lapa.ninja/assets/images/1x/glow-app-thumb.webp,https://www.lapa.ninja/post/glow-app/
Lapa Ninja (Post),TinyFaces NFT,NFT,,,https://cdn.lapa.ninja/assets/images/1x/tinyfaces-nft-thumb.webp,https://www.lapa.ninja/post/tinyfaces-nft/
Lapa Ninja (Post),Cathy Dolle,PORTFOLIO,,,https://cdn.lapa.ninja/assets/images/1x/cathydolle-thumb.webp,https://www.lapa.ninja/post/cathydolle/
Lapa Ninja (Post),Cereal Club,NFT,,,https://cdn.lapa.ninja/assets/images/1x/cerealclub-thumb.webp,https://www.lapa.ninja/post/cerealclub/
Lapa Ninja (Post),Paddle,FINANCE,,,https://cdn.lapa.ninja/assets/images/1x/paddle-thumb.webp,https://www.lapa.ninja/post/paddle/
Lapa Ninja (Post),Virgile Guinard,PORTFOLIO,,,https://cdn.lapa.ninja/assets/images/1x/virgileguinard-thumb.webp,https://www.lapa.ninja/post/virgileguinard/
Lapa Ninja (Post),Sequence,WEB3,,,https://cdn.lapa.ninja/assets/images/1x/sequence-thumb.webp,https://www.lapa.ninja/post/sequence/
Lapa Ninja (Post),Columbi Farms,ILLUSTRATION,,,https://cdn.lapa.ninja/assets/images/1x/columbifarms-thumb.webp,https://www.lapa.ninja/post/columbifarms/
Lapa Ninja (Post),Ten To One,FOOD DRINKS,,,https://cdn.lapa.ninja/assets/images/1x/tentoonerum-thumb.webp,https://www.lapa.ninja/post/tentoonerum/
Lapa Ninja (Post),Smart Interface Design Patterns,EDUCATION,,,https://cdn.lapa.ninja/assets/images/1x/smart-interface-design-patterns-thumb.webp,https://www.lapa.ninja/post/smart-interface-design-patterns/
Lapa Ninja (Post),Tim Boelaars,PORTFOLIO,,,https://cdn.lapa.ninja/assets/images/1x/timboelaars-thumb.webp,https://www.lapa.ninja/post/timboelaars/
Lapa Ninja (Post),Push,AGENCY,,,https://cdn.lapa.ninja/assets/images/1x/pushh-thumb.webp,https://www.lapa.ninja/post/pushh/
Lapa Ninja (Post),Squirrel Brand Nuts,ECOMMERCE,,,https://cdn.lapa.ninja/assets/images/1x/squirrelbrand-thumb.webp,https://www.lapa.ninja/post/squirrelbrand/
Lapa Ninja (Post),GDevelop,GAME,,,https://cdn.lapa.ninja/assets/images/1x/gdevelop-thumb.webp,https://www.lapa.ninja/post/gdevelop/
Lapa Ninja (Post),ThoughtLab,AGENCY,,,https://cdn.lapa.ninja/assets/images/1x/thoughtlab-thumb.webp,https://www.lapa.ninja/post/thoughtlab/
Lapa Ninja (Post),Spacelab,STUDIO,,,https://cdn.lapa.ninja/assets/images/1x/spacelab-thumb.webp,https://www.lapa.ninja/post/spacelab/
Lapa Ninja (Post),Engineered Floors,FURNITURE INTERIORS,,,https://cdn.lapa.ninja/assets/images/1x/engineeredfloors-thumb.webp,https://www.lapa.ninja/post/engineeredfloors/
Lapa Ninja (Post),Cleanup.pictures,DESIGN TOOLS,,,https://cdn.lapa.ninja/assets/images/1x/cleanup-pictures-thumb.webp,https://www.lapa.ninja/post/cleanup-pictures/
Lapa Ninja (Post),Serendipity,AGENCY,,,https://cdn.lapa.ninja/assets/images/1x/serendipity-agency-thumb.webp,https://www.lapa.ninja/post/serendipity-agency/
Lapa Ninja (Post),TenoverTen,BEAUTY,,,https://cdn.lapa.ninja/assets/images/1x/tenoverten-thumb.webp,https://www.lapa.ninja/post/tenoverten/
Lapa Ninja (Post),WOUQ,STUDIO,,,https://cdn.lapa.ninja/assets/images/1x/wearewouq-thumb.webp,https://www.lapa.ninja/post/wearewouq/
Lapa Ninja (Post),Wallpaper Projects,STUDIO,,,https://cdn.lapa.ninja/assets/images/1x/wallpaperprojects-thumb.webp,https://www.lapa.ninja/post/wallpaperprojects/
Lapa Ninja (Post),Vestre Habitats,ILLUSTRATION,,,https://cdn.lapa.ninja/assets/images/1x/vestrehabitats-thumb.webp,https://www.lapa.ninja/post/vestrehabitats/
Lapa Ninja (Post),Here,STUDIO,,,https://cdn.lapa.ninja/assets/images/1x/herestudio-thumb.webp,https://www.lapa.ninja/post/herestudio/
Lapa Ninja (Post),Hazel,BEAUTY,,,https://cdn.lapa.ninja/assets/images/1x/hellohazel-thumb.webp,https://www.lapa.ninja/post/hellohazel/
Lapa Ninja (Post),Zendaya,PORTFOLIO,,,https://cdn.lapa.ninja/assets/images/1x/zendaya-thumb.webp,https://www.lapa.ninja/post/zendaya/
Lapa Ninja (Post),e-Money,3D WEBSITES,,,https://cdn.lapa.ninja/assets/images/1x/e-money-thumb.webp,https://www.lapa.ninja/post/e-money/
Lapa Ninja (Post),Otherways,ECOMMERCE,,,https://cdn.lapa.ninja/assets/images/1x/otherways-thumb.webp,https://www.lapa.ninja/post/otherways/
Lapa Ninja (Post),Practice,AGENCY,,,https://cdn.lapa.ninja/assets/images/1x/practice-thumb.webp,https://www.lapa.ninja/post/practice/
Lapa Ninja (Post),Likely Story,ILLUSTRATION,,,https://cdn.lapa.ninja/assets/images/1x/likely-story-thumb.webp,https://www.lapa.ninja/post/likely-story/
Lapa Ninja (Post),ARCR,PORTFOLIO,,,https://cdn.lapa.ninja/assets/images/1x/arcr-thumb.webp,https://www.lapa.ninja/post/arcr/
Lapa Ninja (Post),RTFKT,NFT,,,https://cdn.lapa.ninja/assets/images/1x/rtfkt-thumb.webp,https://www.lapa.ninja/post/rtfkt/
Lapa Ninja (Post),LVCIDIA//,ILLUSTRATION,,,https://cdn.lapa.ninja/assets/images/1x/lvcidia-thumb.webp,https://www.lapa.ninja/post/lvcidia/
Lapa Ninja (Post),LUCYD,BUSINESS,,,https://cdn.lapa.ninja/assets/images/1x/wearelucyd-thumb.webp,https://www.lapa.ninja/post/wearelucyd/
Lapa Ninja (Post),EST POPULO,AGENCY,,,https://cdn.lapa.ninja/assets/images/1x/estpopulo-thumb.webp,https://www.lapa.ninja/post/estpopulo/
Lapa Ninja (Post),"2586 Labs, Inc.",CORPORATE,,,https://cdn.lapa.ninja/assets/images/1x/2586labs-thumb.webp,https://www.lapa.ninja/post/2586labs/
Lapa Ninja (Post),Garden Eight,STUDIO,,,https://cdn.lapa.ninja/assets/images/1x/garden-eight-thumb.webp,https://www.lapa.ninja/post/garden-eight/
Lapa Ninja (Post),Howdy,STUDIO,,,https://cdn.lapa.ninja/assets/images/1x/howdy-thumb.webp,https://www.lapa.ninja/post/howdy/
Lapa Ninja (Post),The Nifty Portal,NFT,,,https://cdn.lapa.ninja/assets/images/1x/the-nifty-portal-thumb.webp,https://www.lapa.ninja/post/the-nifty-portal/
Lapa Ninja (Post),INVISIBLE FRIENDS,NFT,,,https://cdn.lapa.ninja/assets/images/1x/invisiblefriends-thumb.webp,https://www.lapa.ninja/post/invisiblefriends/
Lapa Ninja (Post),Stink Studios,STUDIO,,,https://cdn.lapa.ninja/assets/images/1x/stinkstudios-thumb.webp,https://www.lapa.ninja/post/stinkstudios/
Lapa Ninja (Post),Sizzer,AGENCY,,,https://cdn.lapa.ninja/assets/images/1x/sizzer-thumb.webp,https://www.lapa.ninja/post/sizzer/
Lapa Ninja (Post),CLEO,STUDIO,,,https://cdn.lapa.ninja/assets/images/1x/studiocleo-thumb.webp,https://www.lapa.ninja/post/studiocleo/
Lapa Ninja (Post),SMITH&SAINT,MINIMAL,,,https://cdn.lapa.ninja/assets/images/1x/smithandsaint-thumb.webp,https://www.lapa.ninja/post/smithandsaint/
Lapa Ninja (Post),Starlight,CRYPTOCURRENCY,,,https://cdn.lapa.ninja/assets/images/1x/starlight-money-thumb.webp,https://www.lapa.ninja/post/starlight-money/
Lapa Ninja (Post),Laguta+Laguta,STUDIO,,,https://cdn.lapa.ninja/assets/images/1x/lagutalaguta-2022-thumb.webp,https://www.lapa.ninja/post/lagutalaguta-2/
Lapa Ninja (Post),Behold,TECHNOLOGY,,,https://cdn.lapa.ninja/assets/images/1x/beholdcam-thumb.webp,https://www.lapa.ninja/post/beholdcam/
Lapa Ninja (Post),Antonio Segurado,PORTFOLIO,,,https://cdn.lapa.ninja/assets/images/1x/tonesegurado-thumb.webp,https://www.lapa.ninja/post/tonesegurado/
Lapa Ninja (Post),Ubac,ECOMMERCE,,,https://cdn.lapa.ninja/assets/images/1x/ubac-store-thumb.webp,https://www.lapa.ninja/post/ubac-store/
Lapa Ninja (Post),Notion,ILLUSTRATION,,,https://cdn.lapa.ninja/assets/images/1x/notionso-thumb.webp,https://www.lapa.ninja/post/notion-2/
Lapa Ninja (Post),Josh Warner,PORTFOLIO,,,https://cdn.lapa.ninja/assets/images/1x/joshwarner-thumb.webp,https://www.lapa.ninja/post/joshwarner/
Lapa Ninja (Post),Circa,DESIGN TOOLS,,,https://cdn.lapa.ninja/assets/images/1x/circa-thumb.webp,https://www.lapa.ninja/post/circa/
Lapa Ninja (Post),Source,AGENCY,,,https://cdn.lapa.ninja/assets/images/1x/source-paris-thumb.webp,https://www.lapa.ninja/post/source-paris/
Lapa Ninja (Post),Djusie,BEAUTY,,,https://cdn.lapa.ninja/assets/images/1x/djusie-thumb.webp,https://www.lapa.ninja/post/djusie/
Lapa Ninja (Post),Rose Los Angeles,BUSINESS,,,https://cdn.lapa.ninja/assets/images/1x/roselosangeles-thumb.webp,https://www.lapa.ninja/post/roselosangeles/
Lapa Ninja (Post),Halsey Love and Power Tour,ILLUSTRATION,,,https://cdn.lapa.ninja/assets/images/1x/loveandpower-thumb.webp,https://www.lapa.ninja/post/loveandpower/
Lapa Ninja (Post),BLVR,AGENCY,,,https://cdn.lapa.ninja/assets/images/1x/blvr-thumb.webp,https://www.lapa.ninja/post/blvr/
Lapa Ninja (Post),Presight Partners,CORPORATE,,,https://cdn.lapa.ninja/assets/images/1x/presightpartners-thumb.webp,https://www.lapa.ninja/post/presightpartners/
Lapa Ninja (Post),Viso Haus,STUDIO,,,https://cdn.lapa.ninja/assets/images/1x/viso-haus-2022-thumb.webp,https://www.lapa.ninja/post/viso-haus-2/
Lapa Ninja (Post),fred&co.,STUDIO,,,https://cdn.lapa.ninja/assets/images/1x/fredandco-studio-thumb.webp,https://www.lapa.ninja/post/fredandco-studio/
Lapa Ninja (Post),Surf Dreamz,NFT,,,https://cdn.lapa.ninja/assets/images/1x/surfdreamz-thumb.webp,https://www.lapa.ninja/post/surfdreamz/
Lapa Ninja (Post),Pianity,TECHNOLOGY,,,https://cdn.lapa.ninja/assets/images/1x/pianity-thumb.webp,https://www.lapa.ninja/post/pianity/
Lapa Ninja (Post),Paper Tiger,AGENCY,,,https://cdn.lapa.ninja/assets/images/1x/papertiger-thumb.webp,https://www.lapa.ninja/post/papertiger/
Lapa Ninja (Post),Notorious Nooch Co.,FOOD DRINKS,,,https://cdn.lapa.ninja/assets/images/1x/notoriousnooch-thumb.webp,https://www.lapa.ninja/post/notoriousnooch/
Lapa Ninja (Post),Manifold,NFT,,,https://cdn.lapa.ninja/assets/images/1x/manifold-xyz-thumb.webp,https://www.lapa.ninja/post/manifold-xyz/
Lapa Ninja (Post),Gleb Sabirzyanov,PORTFOLIO,,,https://cdn.lapa.ninja/assets/images/1x/gleb-sexy-thumb.webp,https://www.lapa.ninja/post/gleb-sexy/
Lapa Ninja (Post),Jade Purple Brown,PORTFOLIO,,,https://cdn.lapa.ninja/assets/images/1x/jadepurplebrown-thumb.webp,https://www.lapa.ninja/post/jadepurplebrown/
Lapa Ninja (Post),Hedgies,NFT,,,https://cdn.lapa.ninja/assets/images/1x/hedgies-thumb.webp,https://www.lapa.ninja/post/hedgies/
Lapa Ninja (Post),Nuform Type,FOUNDRY,,,https://cdn.lapa.ninja/assets/images/1x/nuformtype-thumb.webp,https://www.lapa.ninja/post/nuformtype/
Lapa Ninja (Post),Nephew,ECOMMERCE,,,https://cdn.lapa.ninja/assets/images/1x/nephew-furniture-thumb.webp,https://www.lapa.ninja/post/nephew-furniture/
Lapa Ninja (Post),The Books of Ye,NFT,,,https://cdn.lapa.ninja/assets/images/1x/booksofye-thumb.webp,https://www.lapa.ninja/post/booksofye/
Lapa Ninja (Post),StudioPaack,STUDIO,,,https://cdn.lapa.ninja/assets/images/1x/studiopaack-thumb.webp,https://www.lapa.ninja/post/studiopaack/
Lapa Ninja (Post),Automator for Figma,DESIGN TOOLS,,,https://cdn.lapa.ninja/assets/images/1x/automator-design-thumb.webp,https://www.lapa.ninja/post/automator-design/
Lapa Ninja (Post),Mirror,WEB3,,,https://cdn.lapa.ninja/assets/images/1x/mirror-xyz-thumb.webp,https://www.lapa.ninja/post/mirror-xyz/
Lapa Ninja (Post),NUXUI / NFT,NFT,,,https://cdn.lapa.ninja/assets/images/1x/nuxui-thumb.webp,https://www.lapa.ninja/post/nuxui/
Lapa Ninja (Post),Tines,DEVELOPMENT TOOLS,,,https://cdn.lapa.ninja/assets/images/1x/tines-thumb.webp,https://www.lapa.ninja/post/tines/
Lapa Ninja (Post),Hartzler Family Dairy,ECOMMERCE,,,https://cdn.lapa.ninja/assets/images/1x/hartzlerdairy-thumb.webp,https://www.lapa.ninja/post/hartzlerdairy/
Lapa Ninja (Post),OfficeSpace,ILLUSTRATION,,,https://cdn.lapa.ninja/assets/images/1x/officespacesoftware-thumb.webp,https://www.lapa.ninja/post/officespacesoftware/
Lapa Ninja (Post),Alts Digital,AGENCY,,,https://cdn.lapa.ninja/assets/images/1x/altsdigital-thumb.webp,https://www.lapa.ninja/post/altsdigital/
Lapa Ninja (Post),Companion-in-a-Box,NFT,,,https://cdn.lapa.ninja/assets/images/1x/companioninabox-thumb.webp,https://www.lapa.ninja/post/companioninabox/
Lapa Ninja (Post),Everyday Robots,TECHNOLOGY,,,https://cdn.lapa.ninja/assets/images/1x/everydayrobots-thumb.webp,https://www.lapa.ninja/post/everydayrobots/
Lapa Ninja (Post),Fueled.io,TECHNOLOGY,,,https://cdn.lapa.ninja/assets/images/1x/fueled-thumb.webp,https://www.lapa.ninja/post/fueled/
Lapa Ninja (Post),Hey Honey,AGENCY,,,https://cdn.lapa.ninja/assets/images/1x/heyhoney-thumb.webp,https://www.lapa.ninja/post/heyhoney/
Lapa Ninja (Post),UY Studio,FASHION,,,https://cdn.lapa.ninja/assets/images/1x/uy-studio-thumb.webp,https://www.lapa.ninja/post/uy-studio/
Lapa Ninja (Post),Fable & Mane,ECOMMERCE,,,https://cdn.lapa.ninja/assets/images/1x/fableandmane-thumb.webp,https://www.lapa.ninja/post/fableandmane/
Lapa Ninja (Post),Seed Club,TECHNOLOGY,,,https://cdn.lapa.ninja/assets/images/1x/seedclub-xyz-thumb.webp,https://www.lapa.ninja/post/seedclub-xyz/
Lapa Ninja (Post),A-WARE,ECOMMERCE,,,https://cdn.lapa.ninja/assets/images/1x/a-ware-thumb.webp,https://www.lapa.ninja/post/a-ware/
Lapa Ninja (Post),re_,ECOMMERCE,,,https://cdn.lapa.ninja/assets/images/1x/regrocery-thumb.webp,https://www.lapa.ninja/post/regrocery/
Lapa Ninja (Post),PrimaHealth Credit,ILLUSTRATION,,,https://cdn.lapa.ninja/assets/images/1x/primahealthcredit-thumb.webp,https://www.lapa.ninja/post/primahealthcredit/
Lapa Ninja (Post),Blaze Type,FOUNDRY,,,https://cdn.lapa.ninja/assets/images/1x/blazetype-thumb.webp,https://www.lapa.ninja/post/blazetype/
Lapa Ninja (Post),Pitch-Works,ILLUSTRATION,,,https://cdn.lapa.ninja/assets/images/1x/pitch-works-thumb.webp,https://www.lapa.ninja/post/pitch-works/
Lapa Ninja (Post),Bolt Café,FOOD DRINKS,,,https://cdn.lapa.ninja/assets/images/1x/bolt-cafe-thumb.webp,https://www.lapa.ninja/post/bolt-cafe/
Lapa Ninja (Post),F37 Foundry,FOUNDRY,,,https://cdn.lapa.ninja/assets/images/1x/f37foundry-thumb.webp,https://www.lapa.ninja/post/f37foundry/
Lapa Ninja (Post),Framer Sites,DESIGN TOOLS,,,https://cdn.lapa.ninja/assets/images/1x/framer-sites-thumb.webp,https://www.lapa.ninja/post/framer-sites/
Lapa Ninja (Post),TALA,FOOD DRINKS,,,https://cdn.lapa.ninja/assets/images/1x/gettala-thumb.webp,https://www.lapa.ninja/post/gettala/
Lapa Ninja (Post),Clim Studio,STUDIO,,,https://cdn.lapa.ninja/assets/images/1x/studioclim-thumb.webp,https://www.lapa.ninja/post/studioclim/
Lapa Ninja (Post),Pienso,ARTIFICIAL INTELLIGENCE,,,https://cdn.lapa.ninja/assets/images/1x/pienso-thumb.webp,https://www.lapa.ninja/post/pienso/
Lapa Ninja (Post),Defund Tigray Genocide,MINIMAL,,,https://cdn.lapa.ninja/assets/images/1x/defundtigraygenocide-thumb.webp,https://www.lapa.ninja/post/defundtigraygenocide/
Lapa Ninja (Post),ecom sweety,EVENT,,,https://cdn.lapa.ninja/assets/images/1x/ecomsweety-thumb.webp,https://www.lapa.ninja/post/ecomsweety/
Lapa Ninja (Post),Polestar,AUTOMOTIVE,,,https://cdn.lapa.ninja/assets/images/1x/polestar-thumb.webp,https://www.lapa.ninja/post/polestar/
Lapa Ninja (Post),Every Layout,COURSE,,,https://cdn.lapa.ninja/assets/images/1x/every-layout-2022-thumb.webp,https://www.lapa.ninja/post/every-layout-2/
Lapa Ninja (Post),Schmo,ECOMMERCE,,,https://cdn.lapa.ninja/assets/images/1x/schmo-thumb.webp,https://www.lapa.ninja/post/schmo/
Lapa Ninja (Post),Elicyon,STUDIO,,,https://cdn.lapa.ninja/assets/images/1x/elicyon-thumb.webp,https://www.lapa.ninja/post/elicyon/
Lapa Ninja (Post),Taletta Music,PORTFOLIO,,,https://cdn.lapa.ninja/assets/images/1x/talettamusic-thumb.webp,https://www.lapa.ninja/post/talettamusic/
Lapa Ninja (Post),The Figma Store,ECOMMERCE,,,https://cdn.lapa.ninja/assets/images/1x/the-figma-store-thumb.webp,https://www.lapa.ninja/post/the-figma-store/
Lapa Ninja (Post),Makr,ECOMMERCE,,,https://cdn.lapa.ninja/assets/images/1x/makr-thumb.webp,https://www.lapa.ninja/post/makr/
Lapa Ninja (Post),Astro,DEVELOPMENT TOOLS,,,https://cdn.lapa.ninja/assets/images/1x/astro-build-thumb.webp,https://www.lapa.ninja/post/astro-build/
Lapa Ninja (Post),Graza,FOOD DRINKS,,,https://cdn.lapa.ninja/assets/images/1x/graza-thumb.webp,https://www.lapa.ninja/post/graza/
Lapa Ninja (Post),Yummygum,AGENCY,,,https://cdn.lapa.ninja/assets/images/1x/yummygum-01-12-2022-thumb.webp,https://www.lapa.ninja/post/yummygum-2/
Lapa Ninja (Post),Styllar,NFT,,,https://cdn.lapa.ninja/assets/images/1x/styllar-thumb.webp,https://www.lapa.ninja/post/styllar/
Lapa Ninja (Post),Youness Benammou,PORTFOLIO,,,https://cdn.lapa.ninja/assets/images/1x/webtimise-thumb.webp,https://www.lapa.ninja/post/webtimise/
Lapa Ninja (Post),Troa,AGENCY,,,https://cdn.lapa.ninja/assets/images/1x/troa-thumb.webp,https://www.lapa.ninja/post/troa/
Lapa Ninja (Post),Cosmos,MINIMAL,,,https://cdn.lapa.ninja/assets/images/1x/cosmos-thumb.webp,https://www.lapa.ninja/post/cosmos/
Lapa Ninja (Post),BB Agency,AGENCY,,,https://cdn.lapa.ninja/assets/images/1x/bb-agency-2022-thumb.webp,https://www.lapa.ninja/post/bb-agency-3/
Lapa Ninja (Post),Chloe Ford,PORTFOLIO,,,https://cdn.lapa.ninja/assets/images/1x/chloeford-thumb.webp,https://www.lapa.ninja/post/chloeford/
Lapa Ninja (Post),Aevi,BEAUTY,,,https://cdn.lapa.ninja/assets/images/1x/liveaevi-thumb.webp,https://www.lapa.ninja/post/liveaevi/
Lapa Ninja (Post),Hypnotica,NFT,,,https://cdn.lapa.ninja/assets/images/1x/hypnotica-2-thumb.webp,https://www.lapa.ninja/post/hypnotica-2/
Lapa Ninja (Post),LALO Tequila,FOOD DRINKS,,,https://cdn.lapa.ninja/assets/images/1x/lalospirits-thumb.webp,https://www.lapa.ninja/post/lalospirits/
Lapa Ninja (Post),Not Real,STUDIO,,,https://cdn.lapa.ninja/assets/images/1x/notreal-thumb.webp,https://www.lapa.ninja/post/notreal/
Lapa Ninja (Post),RoAndCo,AGENCY,,,https://cdn.lapa.ninja/assets/images/1x/roandcostudio-thumb.webp,https://www.lapa.ninja/post/roandcostudio/
Lapa Ninja (Post),Casey Zhang,PORTFOLIO,,,https://cdn.lapa.ninja/assets/images/1x/caseyzhang-thumb.webp,https://www.lapa.ninja/post/caseyzhang/
Lapa Ninja (Post),Norse Sans,TYPOGRAPHY,,,https://cdn.lapa.ninja/assets/images/1x/nrse-thumb.webp,https://www.lapa.ninja/post/nrse/
Lapa Ninja (Post),Craig Black,PORTFOLIO,,,https://cdn.lapa.ninja/assets/images/1x/craig-black-thumb.webp,https://www.lapa.ninja/post/craig-black/
Lapa Ninja (Post),LAK Gallery,MINIMAL,,,https://cdn.lapa.ninja/assets/images/1x/lakgallery-thumb.webp,https://www.lapa.ninja/post/lakgallery/
Lapa Ninja (Post),Liquidities,NFT,,,https://cdn.lapa.ninja/assets/images/1x/liquidities-thumb.webp,https://www.lapa.ninja/post/liquidities/
Lapa Ninja (Post),Varier Furniture,ECOMMERCE,,,https://cdn.lapa.ninja/assets/images/1x/varierfurniture-thumb.webp,https://www.lapa.ninja/post/varierfurniture/
Lapa Ninja (Post),Cushion,PRODUCTIVITY,,,https://cdn.lapa.ninja/assets/images/1x/cushionapp-thumb.webp,https://www.lapa.ninja/post/cushionapp/
Lapa Ninja (Post),Cycl:R NFT bikes,NFT,,,https://cdn.lapa.ninja/assets/images/1x/cyclernft-thumb.webp,https://www.lapa.ninja/post/cyclernft/
Lapa Ninja (Post),Renote,APP,,,https://cdn.lapa.ninja/assets/images/1x/renote-thumb.webp,https://www.lapa.ninja/post/renote/
Lapa Ninja (Post),Supergoop,BEAUTY,,,https://cdn.lapa.ninja/assets/images/1x/supergoop-thumb.webp,https://www.lapa.ninja/post/supergoop/
Lapa Ninja (Post),Chirpley,3D WEBSITES,,,https://cdn.lapa.ninja/assets/images/1x/chirpley-thumb.webp,https://www.lapa.ninja/post/chirpley/
Lapa Ninja (Post),Fuse.kiwi,NEWS,,,https://cdn.lapa.ninja/assets/images/1x/fuse-kiwi-thumb.webp,https://www.lapa.ninja/post/fuse-2/
Lapa Ninja (Post),The Weirdos,NFT,,,https://cdn.lapa.ninja/assets/images/1x/theweirdosnft-thumb.webp,https://www.lapa.ninja/post/theweirdosnft/
Lapa Ninja (Post),Cubitts,ECOMMERCE,,,https://cdn.lapa.ninja/assets/images/1x/cubitts-thumb.webp,https://www.lapa.ninja/post/cubitts/
Lapa Ninja (Post),Highvibe Network,ILLUSTRATION,,,https://cdn.lapa.ninja/assets/images/1x/highvibe-network-thumb.webp,https://www.lapa.ninja/post/highvibe-network/
Lapa Ninja (Post),GOLF le FLEUR*,ECOMMERCE,,,https://cdn.lapa.ninja/assets/images/1x/golflefleur-thumb.webp,https://www.lapa.ninja/post/golflefleur/
Lapa Ninja (Post),Lola Rudrauf,PORTFOLIO,,,https://cdn.lapa.ninja/assets/images/1x/lola-rudrauf-thumb.webp,https://www.lapa.ninja/post/lola-rudrauf/
Lapa Ninja (Post),Amelie Maia,PORTFOLIO,,,https://cdn.lapa.ninja/assets/images/1x/ameliemaia-thumb.webp,https://www.lapa.ninja/post/ameliemaia/
Lapa Ninja (Post),Musotoku,ECOMMERCE,,,https://cdn.lapa.ninja/assets/images/1x/musotoku-thumb.webp,https://www.lapa.ninja/post/musotoku/
Lapa Ninja (Post),Lobelia,CORPORATE,,,https://cdn.lapa.ninja/assets/images/1x/lobelia-thumb.webp,https://www.lapa.ninja/post/lobelia/
Lapa Ninja (Post),THINK / DO / BE DIFFERENT,CREATIVE,,,https://cdn.lapa.ninja/assets/images/1x/think-do-be-different-thumb.webp,https://www.lapa.ninja/post/think-do-be-different/
Lapa Ninja (Post),Dona,PRODUCTIVITY,,,https://cdn.lapa.ninja/assets/images/1x/dona-thumb.webp,https://www.lapa.ninja/post/dona/
Lapa Ninja (Post),Joanna Herman,PORTFOLIO,,,https://cdn.lapa.ninja/assets/images/1x/joannaherman-thumb.webp,https://www.lapa.ninja/post/joannaherman/
Lapa Ninja (Post),Theatre.js,DEVELOPMENT TOOLS,,,https://cdn.lapa.ninja/assets/images/1x/theatrejs-thumb.webp,https://www.lapa.ninja/post/theatrejs/
Lapa Ninja (Post),Ingmar Coenen,PORTFOLIO,,,https://cdn.lapa.ninja/assets/images/1x/ingmarcoenen-thumb.webp,https://www.lapa.ninja/post/ingmarcoenen/
Lapa Ninja (Post),Markarian,FASHION,,,https://cdn.lapa.ninja/assets/images/1x/markarian-nyc-thumb.webp,https://www.lapa.ninja/post/markarian-nyc/
Lapa Ninja (Post),Solana,BLOCKCHAIN,,,https://cdn.lapa.ninja/assets/images/1x/solana-thumb.webp,https://www.lapa.ninja/post/solana/
Lapa Ninja (Post),Lisa Ribeiro,PORTFOLIO,,,https://cdn.lapa.ninja/assets/images/1x/lisaribeiro-photographe-thumb.webp,https://www.lapa.ninja/post/lisaribeiro-photographe/
Lapa Ninja (Post),Kelp,PRODUCTIVITY,,,https://cdn.lapa.ninja/assets/images/1x/kelp-thumb.webp,https://www.lapa.ninja/post/kelp/
Lapa Ninja (Post),NetSpring,ILLUSTRATION,,,https://cdn.lapa.ninja/assets/images/1x/netspring-thumb.webp,https://www.lapa.ninja/post/netspring/
Lapa Ninja (Post),Hydrogen,DEVELOPMENT TOOLS,,,https://cdn.lapa.ninja/assets/images/1x/hydrogen-shopify-thumb.webp,https://www.lapa.ninja/post/hydrogen-shopify/
Lapa Ninja (Post),Aluce,AGENCY,,,https://cdn.lapa.ninja/assets/images/1x/aluce-agency-thumb.webp,https://www.lapa.ninja/post/aluce-agency/
Lapa Ninja (Post),Calm Company Fund,CORPORATE,,,https://cdn.lapa.ninja/assets/images/1x/calmfund-thumb.webp,https://www.lapa.ninja/post/calmfund/
Lapa Ninja (Post),Julien Derreveaux,PORTFOLIO,,,https://cdn.lapa.ninja/assets/images/1x/julienderreveaux-thumb.webp,https://www.lapa.ninja/post/julienderreveaux/
Lapa Ninja (Post),Cash App Taxes,APP,,,https://cdn.lapa.ninja/assets/images/1x/cash-app-taxes-thumb.webp,https://www.lapa.ninja/post/cash-app-taxes/
Lapa Ninja (Post),Detail,APP,,,https://cdn.lapa.ninja/assets/images/1x/detailco-thumb.webp,https://www.lapa.ninja/post/detailco/
Lapa Ninja (Post),Alphalete Athletics,FASHION,,,https://cdn.lapa.ninja/assets/images/1x/alphaleteathletics-thumb.webp,https://www.lapa.ninja/post/alphaleteathletics/
Lapa Ninja (Post),Aston,FINANCE,,,https://cdn.lapa.ninja/assets/images/1x/astoncm-thumb.webp,https://www.lapa.ninja/post/astoncm/
Lapa Ninja (Post),Small Technology Foundation,TECHNOLOGY,,,https://cdn.lapa.ninja/assets/images/1x/small-tech-thumb.webp,https://www.lapa.ninja/post/small-tech/
Lapa Ninja (Post),ast+nebel,AGENCY,,,https://cdn.lapa.ninja/assets/images/1x/astundnebel-thumb.webp,https://www.lapa.ninja/post/astundnebel/
Lapa Ninja (Post),Fabulatorij,AGENCY,,,https://cdn.lapa.ninja/assets/images/1x/fabulatorij-thumb.webp,https://www.lapa.ninja/post/fabulatorij/
Lapa Ninja (Post),Universal Patterns,AGENCY,,,https://cdn.lapa.ninja/assets/images/1x/universalpatterns-thumb.webp,https://www.lapa.ninja/post/universalpatterns/
Lapa Ninja (Post),Florent Biffi,PORTFOLIO,,,https://cdn.lapa.ninja/assets/images/1x/florentbiffi-12-16-2021-thumb.webp,https://www.lapa.ninja/post/florentbiffi-2/
Lapa Ninja (Post),Amsterdam Vintage Watches,ECOMMERCE,,,https://cdn.lapa.ninja/assets/images/1x/amsterdamvintagewatches-thumb.webp,https://www.lapa.ninja/post/amsterdamvintagewatches/
Lapa Ninja (Post),Bettr,3D WEBSITES,,,https://cdn.lapa.ninja/assets/images/1x/bettr-thumb.webp,https://www.lapa.ninja/post/bettr/
Lapa Ninja (Post),Structured,AGENCY,,,https://cdn.lapa.ninja/assets/images/1x/structured-agency-thumb.webp,https://www.lapa.ninja/post/structured-agency/
Lapa Ninja (Post),Hard Work Club,STUDIO,,,https://cdn.lapa.ninja/assets/images/1x/hardworkclub-thumb.webp,https://www.lapa.ninja/post/hardworkclub/
Lapa Ninja (Post),TOOSOON,STUDIO,,,https://cdn.lapa.ninja/assets/images/1x/toosoon-paris-thumb.webp,https://www.lapa.ninja/post/toosoon-paris/
Lapa Ninja (Post),Sagmeister & Walsh,PORTFOLIO,,,https://cdn.lapa.ninja/assets/images/1x/special-s-thumb.webp,https://www.lapa.ninja/post/special-s/
Lapa Ninja (Post),Novia,STUDIO,,,https://cdn.lapa.ninja/assets/images/1x/novia-studio-thumb.webp,https://www.lapa.ninja/post/novia-studio/
Lapa Ninja (Post),Kindred Prints,ECOMMERCE,,,https://cdn.lapa.ninja/assets/images/1x/kindredprints-thumb.webp,https://www.lapa.ninja/post/kindredprints/
Lapa Ninja (Post),SKUGGA,ECOMMERCE,,,https://cdn.lapa.ninja/assets/images/1x/skugga-thumb.webp,https://www.lapa.ninja/post/skugga/
Lapa Ninja (Post),Tailwind CSS,DEVELOPMENT TOOLS,,,https://cdn.lapa.ninja/assets/images/1x/tailwindcss-thumb.webp,https://www.lapa.ninja/post/tailwindcss/
Lapa Ninja (Post),Mononomo,STUDIO,,,https://cdn.lapa.ninja/assets/images/1x/mononomo-studio-thumb.webp,https://www.lapa.ninja/post/mononomo-studio/
Lapa Ninja (Post),Stord,3D WEBSITES,,,https://cdn.lapa.ninja/assets/images/1x/stord-thumb.webp,https://www.lapa.ninja/post/stord/
Lapa Ninja (Post),Swwim,AGENCY,,,https://cdn.lapa.ninja/assets/images/1x/weswwim-thumb.webp,https://www.lapa.ninja/post/weswwim/
Lapa Ninja (Post),Sociotype,FOUNDRY,,,https://cdn.lapa.ninja/assets/images/1x/socio-type-thumb.webp,https://www.lapa.ninja/post/socio-type/
Lapa Ninja (Post),Ven,AGENCY,,,https://cdn.lapa.ninja/assets/images/1x/ven-thumb.webp,https://www.lapa.ninja/post/ven/
Lapa Ninja (Post),State of APIs,EDUCATION,,,https://cdn.lapa.ninja/assets/images/1x/stateofapis-thumb.webp,https://www.lapa.ninja/post/stateofapis/
Lapa Ninja (Post),breef.,AGENCY,,,https://cdn.lapa.ninja/assets/images/1x/breef-thumb.webp,https://www.lapa.ninja/post/breef/
Lapa Ninja (Post),Lindsey Created,PORTFOLIO,,,https://cdn.lapa.ninja/assets/images/1x/lindseycreated-thumb.webp,https://www.lapa.ninja/post/lindseycreated/
Lapa Ninja (Post),Agent Pekka,AGENCY,,,https://cdn.lapa.ninja/assets/images/1x/agentpekka-thumb.webp,https://www.lapa.ninja/post/agentpekka/
Lapa Ninja (Post),Upword,PRODUCTIVITY,,,https://cdn.lapa.ninja/assets/images/1x/upword-thumb.webp,https://www.lapa.ninja/post/upword/
Lapa Ninja (Post),Typedream,DESIGN TOOLS,,,https://cdn.lapa.ninja/assets/images/1x/typedream-thumb.webp,https://www.lapa.ninja/post/typedream/
Lapa Ninja (Post),Sound.xyz,COMMUNITY,,,https://cdn.lapa.ninja/assets/images/1x/sound-xyz-thumb.webp,https://www.lapa.ninja/post/sound-xyz/
Lapa Ninja (Post),Reveal,BUSINESS,,,https://cdn.lapa.ninja/assets/images/1x/reveal-thumb.webp,https://www.lapa.ninja/post/reveal/
Lapa Ninja (Post),MARRAM,REAL ESTATE,,,https://cdn.lapa.ninja/assets/images/1x/marrammontauk-thumb.webp,https://www.lapa.ninja/post/marrammontauk/
Lapa Ninja (Post),Luke Mitchell,PORTFOLIO,,,https://cdn.lapa.ninja/assets/images/1x/interroban-thumb.webp,https://www.lapa.ninja/post/interroban/
Lapa Ninja (Post),Diego Tramontin,PORTFOLIO,,,https://cdn.lapa.ninja/assets/images/1x/diegotramontin-thumb.webp,https://www.lapa.ninja/post/diegotramontin/
Lapa Ninja (Post),Warm & Fuzzy,STUDIO,,,https://cdn.lapa.ninja/assets/images/1x/warmnfuzzy-thumb.webp,https://www.lapa.ninja/post/warmnfuzzy/
Lapa Ninja (Post),Henri Heymans,PORTFOLIO,,,https://cdn.lapa.ninja/assets/images/1x/henriheymans-thumb.webp,https://www.lapa.ninja/post/henriheymans/
Lapa Ninja (Post),JUST AN IDEA,BOOK,,,https://cdn.lapa.ninja/assets/images/1x/justanidea-thumb.webp,https://www.lapa.ninja/post/justanidea/
Lapa Ninja (Post),Infinite Grid,NFT,,,https://cdn.lapa.ninja/assets/images/1x/infinitegrid-thumb.webp,https://www.lapa.ninja/post/infinitegrid/
Lapa Ninja (Post),Luca Nardi,PORTFOLIO,,,https://cdn.lapa.ninja/assets/images/1x/aboutluca-thumb.webp,https://www.lapa.ninja/post/aboutluca/
Lapa Ninja (Post),Jason Pontin,PORTFOLIO,,,https://cdn.lapa.ninja/assets/images/1x/jasonpontin-thumb.webp,https://www.lapa.ninja/post/jasonpontin/
Lapa Ninja (Post),IRIS Ventures,CORPORATE,,,https://cdn.lapa.ninja/assets/images/1x/weareiris-thumb.webp,https://www.lapa.ninja/post/weareiris/
Lapa Ninja (Post),List Across,3D WEBSITES,,,https://cdn.lapa.ninja/assets/images/1x/listacross-thumb.webp,https://www.lapa.ninja/post/listacross/
Lapa Ninja (Post),Lucas Berghoef,PORTFOLIO,,,https://cdn.lapa.ninja/assets/images/1x/lucasberghoef-thumb.webp,https://www.lapa.ninja/post/lucasberghoef/
Lapa Ninja (Post),teenage engineering,ECOMMERCE,,,https://cdn.lapa.ninja/assets/images/1x/teenage-engineering-thumb.webp,https://www.lapa.ninja/post/teenage-engineering/
Lapa Ninja (Post),Becolourful,AGENCY,,,https://cdn.lapa.ninja/assets/images/1x/becolourful-thumb.webp,https://www.lapa.ninja/post/becolourful/
Lapa Ninja (Post),Freddie Braun,PORTFOLIO,,,https://cdn.lapa.ninja/assets/images/1x/freddiebraun-thumb.webp,https://www.lapa.ninja/post/freddiebraun/
Lapa Ninja (Post),Krisp,ARTIFICIAL INTELLIGENCE,,,https://cdn.lapa.ninja/assets/images/1x/krisp-thumb.webp,https://www.lapa.ninja/post/krisp/
Lapa Ninja (Post),Red Antler,AGENCY,,,https://cdn.lapa.ninja/assets/images/1x/redantler-thumb.webp,https://www.lapa.ninja/post/redantler/
Lapa Ninja (Post),Salumi Studio,MINIMAL,,,https://cdn.lapa.ninja/assets/images/1x/salumi-studio-thumb.webp,https://www.lapa.ninja/post/salumi-studio/
Lapa Ninja (Post),Alphamark,STUDIO,,,https://cdn.lapa.ninja/assets/images/1x/alphamark-thumb.webp,https://www.lapa.ninja/post/alphamark/
Lapa Ninja (Post),Wade and Leta,AGENCY,,,https://cdn.lapa.ninja/assets/images/1x/wadeandleta-thumb.webp,https://www.lapa.ninja/post/wadeandleta/
Lapa Ninja (Post),Dash Dash,EDUCATION,,,https://cdn.lapa.ninja/assets/images/1x/dashdash-thumb.webp,https://www.lapa.ninja/post/dashdash/
Lapa Ninja (Post),Designcember,ILLUSTRATION,,,https://cdn.lapa.ninja/assets/images/1x/designcember-thumb.webp,https://www.lapa.ninja/post/designcember/
Lapa Ninja (Post),696 NYC,ECOMMERCE,,,https://cdn.lapa.ninja/assets/images/1x/696nyc-thumb.webp,https://www.lapa.ninja/post/696nyc/
Lapa Ninja (Post),Earthly Made,STUDIO,,,https://cdn.lapa.ninja/assets/images/1x/earthlymade-studio-thumb.webp,https://www.lapa.ninja/post/earthlymade-studio/
Lapa Ninja (Post),Manoverboard,STUDIO,,,https://cdn.lapa.ninja/assets/images/1x/manoverboard-thumb.webp,https://www.lapa.ninja/post/manoverboard/
Lapa Ninja (Post),Pablo Farias,PORTFOLIO,,,https://cdn.lapa.ninja/assets/images/1x/fariasviolins-thumb.webp,https://www.lapa.ninja/post/fariasviolins/
Lapa Ninja (Post),DROP PARTY,CORPORATE,,,https://cdn.lapa.ninja/assets/images/1x/drop-party-thumb.webp,https://www.lapa.ninja/post/drop-party/
Lapa Ninja (Post),Maircare,BUSINESS,,,https://cdn.lapa.ninja/assets/images/1x/maircare-thumb.webp,https://www.lapa.ninja/post/maircare/
Lapa Ninja (Post),SCHIERKE Artists,AGENCY,,,https://cdn.lapa.ninja/assets/images/1x/schierke-thumb.webp,https://www.lapa.ninja/post/schierke/
Lapa Ninja (Post),That Wine Is Mine,FOOD DRINKS,,,https://cdn.lapa.ninja/assets/images/1x/thatwineismine-thumb.webp,https://www.lapa.ninja/post/thatwineismine/
Lapa Ninja (Post),Stage11,CORPORATE,,,https://cdn.lapa.ninja/assets/images/1x/stage11-thumb.webp,https://www.lapa.ninja/post/stage11/
Lapa Ninja (Post),Marvin Schwaibold,PORTFOLIO,,,https://cdn.lapa.ninja/assets/images/1x/marvinschwaibold-12-04-2021-thumb.webp,https://www.lapa.ninja/post/marvinschwaibold-2/
Lapa Ninja (Post),Azzerad Studios,STUDIO,,,https://cdn.lapa.ninja/assets/images/1x/azzerad-thumb.webp,https://www.lapa.ninja/post/azzerad/
Lapa Ninja (Post),Bison Studio,STUDIO,,,https://cdn.lapa.ninja/assets/images/1x/bison-studio-thumb.webp,https://www.lapa.ninja/post/bison-studio/
Lapa Ninja (Post),Dronies,NFT,,,https://cdn.lapa.ninja/assets/images/1x/droniesnft-thumb.webp,https://www.lapa.ninja/post/droniesnft/
Lapa Ninja (Post),Mohnish Landge,PORTFOLIO,,,https://cdn.lapa.ninja/assets/images/1x/mohnish-thumb.webp,https://www.lapa.ninja/post/mohnish/
Lapa Ninja (Post),Choreograffiti,FASHION,,,https://cdn.lapa.ninja/assets/images/1x/choreograffiti-thumb.webp,https://www.lapa.ninja/post/choreograffiti/
Lapa Ninja (Post),Wonder,ILLUSTRATION,,,https://cdn.lapa.ninja/assets/images/1x/wonder-me-thumb.webp,https://www.lapa.ninja/post/wonder/
Lapa Ninja (Post),Leo Burnett,AGENCY,,,https://cdn.lapa.ninja/assets/images/1x/leoburnett-thumb.webp,https://www.lapa.ninja/post/leoburnett/
Lapa Ninja (Post),Digital Animals,NFT,,,https://cdn.lapa.ninja/assets/images/1x/digitalanimals-thumb.webp,https://www.lapa.ninja/post/digitalanimals/
Lapa Ninja (Post),Antinomy Studio,STUDIO,,,https://cdn.lapa.ninja/assets/images/1x/antinomy-12-01-2021-thumb.webp,https://www.lapa.ninja/post/antinomy-2/
Lapa Ninja (Post),Roots Digital Studio,STUDIO,,,https://cdn.lapa.ninja/assets/images/1x/rootsdigitalstudio-thumb.webp,https://www.lapa.ninja/post/rootsdigitalstudio/
Lapa Ninja (Post),Gumroad,ILLUSTRATION,,,https://cdn.lapa.ninja/assets/images/1x/gumroad-12-01-2021-thumb.webp,https://www.lapa.ninja/post/gumroad-2/
Lapa Ninja (Post),Kodo Nishimura,PORTFOLIO,,,https://cdn.lapa.ninja/assets/images/1x/kodonishimura-thumb.webp,https://www.lapa.ninja/post/kodonishimura/
Lapa Ninja (Post),Lama Lama,AGENCY,,,https://cdn.lapa.ninja/assets/images/1x/lamalama-thumb.webp,https://www.lapa.ninja/post/lamalama/
Lapa Ninja (Post),Hypnotica,NFT,,,https://cdn.lapa.ninja/assets/images/1x/hypnotica-thumb.webp,https://www.lapa.ninja/post/hypnotica/
Lapa Ninja (Post),Montreal Village,REAL ESTATE,,,https://cdn.lapa.ninja/assets/images/1x/villagemontreal-thumb.webp,https://www.lapa.ninja/post/villagemontreal/
Lapa Ninja (Post),Syng,ECOMMERCE,,,https://cdn.lapa.ninja/assets/images/1x/syngspace-thumb.webp,https://www.lapa.ninja/post/syngspace/
Lapa Ninja (Post),Studio Lyon Szot,STUDIO,,,https://cdn.lapa.ninja/assets/images/1x/studiolyonszot-thumb.webp,https://www.lapa.ninja/post/studiolyonszot/
Lapa Ninja (Post),Shopify Magazine,MAGAZINE,,,https://cdn.lapa.ninja/assets/images/1x/shopify-magazine-thumb.webp,https://www.lapa.ninja/post/shopify-magazine/
Lapa Ninja (Post),Monsta Cats,NFT,,,https://cdn.lapa.ninja/assets/images/1x/monstacats-thumb.webp,https://www.lapa.ninja/post/monstacats/
Lapa Ninja (Post),Madhappy,ECOMMERCE,,,https://cdn.lapa.ninja/assets/images/1x/madhappy-thumb.webp,https://www.lapa.ninja/post/madhappy/
Lapa Ninja (Post),Feste,BUSINESS,,,https://cdn.lapa.ninja/assets/images/1x/lovefeste-thumb.webp,https://www.lapa.ninja/post/lovefeste/
Lapa Ninja (Post),Baillat Studio,STUDIO,,,https://cdn.lapa.ninja/assets/images/1x/baillatstudio-thumb.webp,https://www.lapa.ninja/post/baillatstudio/
Lapa Ninja (Post),Octi,APP,,,https://cdn.lapa.ninja/assets/images/1x/octi-thumb.webp,https://www.lapa.ninja/post/octi/
Lapa Ninja (Post),Idle Hour Vodka,FOOD DRINKS,,,https://cdn.lapa.ninja/assets/images/1x/idlehourvodka-thumb.webp,https://www.lapa.ninja/post/idlehourvodka/
Lapa Ninja (Post),COLUMN A,ECOMMERCE,,,https://cdn.lapa.ninja/assets/images/1x/column-a-thumb.webp,https://www.lapa.ninja/post/column-a/
Lapa Ninja (Post),La Sagrada Familia,ENTERTAINMENT,,,https://cdn.lapa.ninja/assets/images/1x/lasagradafamilia-thumb.webp,https://www.lapa.ninja/post/lasagradafamilia/
Lapa Ninja (Post),Veloretti,ECOMMERCE,,,https://cdn.lapa.ninja/assets/images/1x/veloretti-thumb.webp,https://www.lapa.ninja/post/veloretti/
Lapa Ninja (Post),Joko,APP,,,https://cdn.lapa.ninja/assets/images/1x/hellojoko-thumb.webp,https://www.lapa.ninja/post/hellojoko/
Lapa Ninja (Post),SELFMADE,BEAUTY,,,https://cdn.lapa.ninja/assets/images/1x/beselfmade-thumb.webp,https://www.lapa.ninja/post/beselfmade/
Lapa Ninja (Post),Meg,BUSINESS,,,https://cdn.lapa.ninja/assets/images/1x/wearemeg-thumb.webp,https://www.lapa.ninja/post/wearemeg/
Lapa Ninja (Post),WAA,EDUCATION,,,https://cdn.lapa.ninja/assets/images/1x/waa-thumb.webp,https://www.lapa.ninja/post/waa/
Lapa Ninja (Post),Tobias Ahlin,PORTFOLIO,,,https://cdn.lapa.ninja/assets/images/1x/tobiasahlin-thumb.webp,https://www.lapa.ninja/post/tobiasahlin/
Lapa Ninja (Post),Pam,STUDIO,,,https://cdn.lapa.ninja/assets/images/1x/thisispam-thumb.webp,https://www.lapa.ninja/post/thisispam/
Lapa Ninja (Post),Studio Gruhl,STUDIO,,,https://cdn.lapa.ninja/assets/images/1x/studiogruhl-thumb.webp,https://www.lapa.ninja/post/studiogruhl/
Lapa Ninja (Post),Jess Wang,PORTFOLIO,,,https://cdn.lapa.ninja/assets/images/1x/jesswang-thumb.webp,https://www.lapa.ninja/post/jesswang/
Lapa Ninja (Post),IQOSA,STUDIO,,,https://cdn.lapa.ninja/assets/images/1x/iqosa-thumb.webp,https://www.lapa.ninja/post/iqosa/
Lapa Ninja (Post),Bureau BCM,CORPORATE,,,https://cdn.lapa.ninja/assets/images/1x/bureaubcm-thumb.webp,https://www.lapa.ninja/post/bureaubcm/
Lapa Ninja (Post),Alyssa Nguyen,STUDIO,,,https://cdn.lapa.ninja/assets/images/1x/atnndesign-thumb.webp,https://www.lapa.ninja/post/atnndesign/
Lapa Ninja (Post),ImReallyATRex,PORTFOLIO,,,https://cdn.lapa.ninja/assets/images/1x/imreallyatrex-thumb.webp,https://www.lapa.ninja/post/imreallyatrex/
Lapa Ninja (Post),Dala,ARTIFICIAL INTELLIGENCE,,,https://cdn.lapa.ninja/assets/images/1x/dala-thumb.webp,https://www.lapa.ninja/post/dala/
Lapa Ninja (Post),JAM Store,ECOMMERCE,,,https://cdn.lapa.ninja/assets/images/1x/jam-earth-thumb.webp,https://www.lapa.ninja/post/jam-earth/
Lapa Ninja (Post),The Pluto People,NFT,,,https://cdn.lapa.ninja/assets/images/1x/plutopeople-thumb.webp,https://www.lapa.ninja/post/plutopeople/
Lapa Ninja (Post),RR MOTORS,BUSINESS,,,https://cdn.lapa.ninja/assets/images/1x/rrmotors-thumb.webp,https://www.lapa.ninja/post/rrmotors/
Lapa Ninja (Post),Jean Paul Gaultier,ECOMMERCE,,,https://cdn.lapa.ninja/assets/images/1x/jeanpaulgaultier-thumb.webp,https://www.lapa.ninja/post/jeanpaulgaultier/
Lapa Ninja (Post),Goodfit,ECOMMERCE,,,https://cdn.lapa.ninja/assets/images/1x/goodfit-thumb.webp,https://www.lapa.ninja/post/goodfit/
Lapa Ninja (Post),MXXN,FOOD DRINKS,,,https://cdn.lapa.ninja/assets/images/1x/enjoymxxn-thumb.webp,https://www.lapa.ninja/post/enjoymxxn/
Lapa Ninja (Post),WAVS,ENTERTAINMENT,,,https://cdn.lapa.ninja/assets/images/1x/wavs-thumb.webp,https://www.lapa.ninja/post/wavs/
Lapa Ninja (Post),Viking Aqua,BUSINESS,,,https://cdn.lapa.ninja/assets/images/1x/vikingaqua-thumb.webp,https://www.lapa.ninja/post/vikingaqua/
Lapa Ninja (Post),Rachodoodles,PORTFOLIO,,,https://cdn.lapa.ninja/assets/images/1x/rachodoodles-thumb.webp,https://www.lapa.ninja/post/rachodoodles/
Lapa Ninja (Post),Nordhealth,HEALTH FITNESS,,,https://cdn.lapa.ninja/assets/images/1x/nordhealth-thumb.webp,https://www.lapa.ninja/post/nordhealth/
Lapa Ninja (Post),mmcité,HOME LIVING,,,https://cdn.lapa.ninja/assets/images/1x/mmcite-thumb.webp,https://www.lapa.ninja/post/mmcite/
Lapa Ninja (Post),Meg Lewis,PORTFOLIO,,,https://cdn.lapa.ninja/assets/images/1x/meglewis-thumb.webp,https://www.lapa.ninja/post/meglewis/
Lapa Ninja (Post),Lilt,CORPORATE,,,https://cdn.lapa.ninja/assets/images/1x/lilt-thumb.webp,https://www.lapa.ninja/post/lilt/
Lapa Ninja (Post),For Good Design Lab,AGENCY,,,https://cdn.lapa.ninja/assets/images/1x/forgooddesignlab-thumb.webp,https://www.lapa.ninja/post/forgooddesignlab/
Lapa Ninja (Post),Etheric,AGENCY,,,https://cdn.lapa.ninja/assets/images/1x/etheric-agency-thumb.webp,https://www.lapa.ninja/post/etheric-agency/
Lapa Ninja (Post),Fishwife,FOOD DRINKS,,,https://cdn.lapa.ninja/assets/images/1x/eatfishwife-thumb.webp,https://www.lapa.ninja/post/eatfishwife/
Lapa Ninja (Post),Ranboo Fashion,FASHION,,,https://cdn.lapa.ninja/assets/images/1x/ranboo-fashion-thumb.webp,https://www.lapa.ninja/post/ranboo-fashion/
Lapa Ninja (Post),ONE,STUDIO,,,https://cdn.lapa.ninja/assets/images/1x/one-is-thumb.webp,https://www.lapa.ninja/post/one-is/
Lapa Ninja (Post),OddCommon,AGENCY,,,https://cdn.lapa.ninja/assets/images/1x/oddcommon-thumb.webp,https://www.lapa.ninja/post/oddcommon/
Lapa Ninja (Post),Excalidraw+,DESIGN TOOLS,,,https://cdn.lapa.ninja/assets/images/1x/excalidraw-thumb.webp,https://www.lapa.ninja/post/excalidraw/
Lapa Ninja (Post),Daria IZbash,PORTFOLIO,,,https://cdn.lapa.ninja/assets/images/1x/dariaizbash-thumb.webp,https://www.lapa.ninja/post/dariaizbash/
Lapa Ninja (Post),Redbrick,FOOD DRINKS,,,https://cdn.lapa.ninja/assets/images/1x/redbrick-coffee-thumb.webp,https://www.lapa.ninja/post/redbrick-coffee/
Lapa Ninja (Post),vijay verma,PORTFOLIO,,,https://cdn.lapa.ninja/assets/images/1x/vijayverma-thumb.webp,https://www.lapa.ninja/post/vijayverma/
Lapa Ninja (Post),888: The New World,NFT,,,https://cdn.lapa.ninja/assets/images/1x/888tnw-thumb.webp,https://www.lapa.ninja/post/888tnw/
Lapa Ninja (Post),Emi Styles,PORTFOLIO,,,https://cdn.lapa.ninja/assets/images/1x/emistyles-thumb.webp,https://www.lapa.ninja/post/emistyles/
Lapa Ninja (Post),Scale AI,ARTIFICIAL INTELLIGENCE,,,https://cdn.lapa.ninja/assets/images/1x/scale-thumb.webp,https://www.lapa.ninja/post/scale/
Lapa Ninja (Post),Peter Lindbergh,PORTFOLIO,,,https://cdn.lapa.ninja/assets/images/1x/peterlindbergh-lisicina-thumb.webp,https://www.lapa.ninja/post/peterlindbergh-lisicina/
Lapa Ninja (Post),Safe Haven Investment,FINANCE,,,https://cdn.lapa.ninja/assets/images/1x/safe-haven-thumb.webp,https://www.lapa.ninja/post/safe-haven/
Lapa Ninja (Post),Tamara Driessen,PORTFOLIO,,,https://cdn.lapa.ninja/assets/images/1x/tamaradriessen-thumb.webp,https://www.lapa.ninja/post/tamaradriessen/
Lapa Ninja (Post),Handsome Frank,AGENCY,,,https://cdn.lapa.ninja/assets/images/1x/handsomefrank-thumb.webp,https://www.lapa.ninja/post/handsomefrank/
Lapa Ninja (Post),Vectary,DESIGN TOOLS,,,https://cdn.lapa.ninja/assets/images/1x/vectary-11-11-2021-thumb.webp,https://www.lapa.ninja/post/vectary-2/
Lapa Ninja (Post),Climate Catastrophe Pack,CREATIVE,,,https://cdn.lapa.ninja/assets/images/1x/climatecatastrophepack-thumb.webp,https://www.lapa.ninja/post/climatecatastrophepack/
Lapa Ninja (Post),García Salmerón,STUDIO,,,https://cdn.lapa.ninja/assets/images/1x/garciasalmeron-thumb.webp,https://www.lapa.ninja/post/garciasalmeron/
Lapa Ninja (Post),Airbnb,BUSINESS,,,https://cdn.lapa.ninja/assets/images/1x/airbnb-11-11-2021-thumb.webp,https://www.lapa.ninja/post/airbnb-4/
Lapa Ninja (Post),Revolt,BUSINESS,,,https://cdn.lapa.ninja/assets/images/1x/rvlt-thumb.webp,https://www.lapa.ninja/post/rvlt/
Lapa Ninja (Post),Aquerone,ECOMMERCE,,,https://cdn.lapa.ninja/assets/images/1x/aquerone-thumb.webp,https://www.lapa.ninja/post/aquerone/
Lapa Ninja (Post),Women in Type,EDUCATION,,,https://cdn.lapa.ninja/assets/images/1x/women-in-type-thumb.webp,https://www.lapa.ninja/post/women-in-type/
Lapa Ninja (Post),Fuzzies NFT,NFT,,,https://cdn.lapa.ninja/assets/images/1x/fuzzies-thumb.webp,https://www.lapa.ninja/post/fuzzies/
Lapa Ninja (Post),Cultish,FASHION,,,https://cdn.lapa.ninja/assets/images/1x/cultishsupply-thumb.webp,https://www.lapa.ninja/post/cultishsupply/
Lapa Ninja (Post),Clark Dinnison,PORTFOLIO,,,https://cdn.lapa.ninja/assets/images/1x/clarkdinnison-thumb.webp,https://www.lapa.ninja/post/clarkdinnison/
Lapa Ninja (Post),Suzanne LaGasa,PORTFOLIO,,,https://cdn.lapa.ninja/assets/images/1x/lagasa-thumb.webp,https://www.lapa.ninja/post/lagasa/
Lapa Ninja (Post),Opal Camera,TECHNOLOGY,,,https://cdn.lapa.ninja/assets/images/1x/opalcamera-thumb.webp,https://www.lapa.ninja/post/opalcamera/
Lapa Ninja (Post),Studio MV,STUDIO,,,https://cdn.lapa.ninja/assets/images/1x/mvstudiodesign-thumb.webp,https://www.lapa.ninja/post/mvstudiodesign/
Lapa Ninja (Post),LifeLabs Design,FASHION,,,https://cdn.lapa.ninja/assets/images/1x/lifelabs-thumb.webp,https://www.lapa.ninja/post/lifelabs/
Lapa Ninja (Post),Patrick Trevidic,PORTFOLIO,,,https://cdn.lapa.ninja/assets/images/1x/trevidic-thumb.webp,https://www.lapa.ninja/post/trevidic/
Lapa Ninja (Post),Meta,AGENCY,,,https://cdn.lapa.ninja/assets/images/1x/meta-inc-thumb.webp,https://www.lapa.ninja/post/meta-inc/
Lapa Ninja (Post),Hotjar,PRODUCTIVITY,,,https://cdn.lapa.ninja/assets/images/1x/hotjar-thumb.webp,https://www.lapa.ninja/post/hotjar/
Lapa Ninja (Post),Citadelle,FOOD DRINKS,,,https://cdn.lapa.ninja/assets/images/1x/citadellegin-thumb.webp,https://www.lapa.ninja/post/citadellegin/
Lapa Ninja (Post),Hey Low,STUDIO,,,https://cdn.lapa.ninja/assets/images/1x/heylow-thumb.webp,https://www.lapa.ninja/post/heylow/
Lapa Ninja (Post),Artists for Climate,CORPORATE,,,https://cdn.lapa.ninja/assets/images/1x/artistsforclimate-thumb.webp,https://www.lapa.ninja/post/artistsforclimate/
Lapa Ninja (Post),Amalia Boier,PORTFOLIO,,,https://cdn.lapa.ninja/assets/images/1x/amaliaboier-thumb.webp,https://www.lapa.ninja/post/amaliaboier/
Lapa Ninja (Post),Conrad Stel,PORTFOLIO,,,https://cdn.lapa.ninja/assets/images/1x/conradstel-thumb.webp,https://www.lapa.ninja/post/conradstel/
Lapa Ninja (Post),Monarchs,NFT,,,https://cdn.lapa.ninja/assets/images/1x/monarchs-thumb.webp,https://www.lapa.ninja/post/monarchs/
Lapa Ninja (Post),King & Partners,STUDIO,,,https://cdn.lapa.ninja/assets/images/1x/kingandpartners-thumb.webp,https://www.lapa.ninja/post/kingandpartners/
Lapa Ninja (Post),Display,STUDIO,,,https://cdn.lapa.ninja/assets/images/1x/display-care-thumb.webp,https://www.lapa.ninja/post/display-care/
Lapa Ninja (Post),Michael Wandelmaier,PORTFOLIO,,,https://cdn.lapa.ninja/assets/images/1x/wandelmaier-thumb.webp,https://www.lapa.ninja/post/wandelmaier/
Lapa Ninja (Post),Clément Balavoine,PORTFOLIO,,,https://cdn.lapa.ninja/assets/images/1x/clementbalavoine-thumb.webp,https://www.lapa.ninja/post/clementbalavoine/
Lapa Ninja (Post),Litkovskaya,FASHION,,,https://cdn.lapa.ninja/assets/images/1x/litkovskaya-thumb.webp,https://www.lapa.ninja/post/litkovskaya/
Lapa Ninja (Post),OKTO,AGENCY,,,https://cdn.lapa.ninja/assets/images/1x/okto-thumb.webp,https://www.lapa.ninja/post/okto/
Lapa Ninja (Post),Leo Natsume,PORTFOLIO,,,https://cdn.lapa.ninja/assets/images/1x/leonatsume-thumb.webp,https://www.lapa.ninja/post/leonatsume/
Lapa Ninja (Post),Cyber Empathy Podcast,ENTERTAINMENT,,,https://cdn.lapa.ninja/assets/images/1x/cyberempathy-thumb.webp,https://www.lapa.ninja/post/cyberempathy/
Lapa Ninja (Post),web.dev,DEVELOPMENT TOOLS,,,https://cdn.lapa.ninja/assets/images/1x/web-dev-11-04-2021-thumb.webp,https://www.lapa.ninja/post/web-dev-2/
Lapa Ninja (Post),Femme Fatale Studio,STUDIO,,,https://cdn.lapa.ninja/assets/images/1x/femmefatale-thumb.webp,https://www.lapa.ninja/post/femmefatale/
Lapa Ninja (Post),Codesphere,ILLUSTRATION,,,https://cdn.lapa.ninja/assets/images/1x/codesphere-thumb.webp,https://www.lapa.ninja/post/codesphere/
Lapa Ninja (Post),Baillardran,FOOD DRINKS,,,https://cdn.lapa.ninja/assets/images/1x/baillardran-thumb.webp,https://www.lapa.ninja/post/baillardran/
Lapa Ninja (Post),Jomor Design,STUDIO,,,https://cdn.lapa.ninja/assets/images/1x/jomor-design-thumb.webp,https://www.lapa.ninja/post/jomor-design/
Lapa Ninja (Post),Odilia Flowers,MINIMAL,,,https://cdn.lapa.ninja/assets/images/1x/odiliaflowers-thumb.webp,https://www.lapa.ninja/post/odiliaflowers/
Lapa Ninja (Post),Canvas Agency,AGENCY,,,https://cdn.lapa.ninja/assets/images/1x/thecanvasagency-thumb.webp,https://www.lapa.ninja/post/thecanvasagency/
Lapa Ninja (Post),Mage,ARTIFICIAL INTELLIGENCE,,,https://cdn.lapa.ninja/assets/images/1x/mage-thumb.webp,https://www.lapa.ninja/post/mage/
Lapa Ninja (Post),Al Murphy,PORTFOLIO,,,https://cdn.lapa.ninja/assets/images/1x/al-murphy-thumb.webp,https://www.lapa.ninja/post/al-murphy/
Lapa Ninja (Post),Magnetism,AGENCY,,,https://cdn.lapa.ninja/assets/images/1x/magnetism-thumb.webp,https://www.lapa.ninja/post/magnetism/
Lapa Ninja (Post),well kept,ECOMMERCE,,,https://cdn.lapa.ninja/assets/images/1x/keepwellkept-thumb.webp,https://www.lapa.ninja/post/keepwellkept/
Lapa Ninja (Post),Altreno,BEAUTY,,,https://cdn.lapa.ninja/assets/images/1x/altreno-thumb.webp,https://www.lapa.ninja/post/altreno/
Lapa Ninja (Post),Futureswap,CRYPTOCURRENCY,,,https://cdn.lapa.ninja/assets/images/1x/futureswap-thumb.webp,https://www.lapa.ninja/post/futureswap/
Lapa Ninja (Post),Signature 365,ILLUSTRATION,,,https://cdn.lapa.ninja/assets/images/1x/signature365-thumb.webp,https://www.lapa.ninja/post/signature365/
Lapa Ninja (Post),Mougins en Danse,EDUCATION,,,https://cdn.lapa.ninja/assets/images/1x/mouginsendanse-thumb.webp,https://www.lapa.ninja/post/mouginsendanse/
Lapa Ninja (Post),Banky,FINANCE,,,https://cdn.lapa.ninja/assets/images/1x/banky-thumb.webp,https://www.lapa.ninja/post/banky/
Lapa Ninja (Post),Highnote,FINANCE,,,https://cdn.lapa.ninja/assets/images/1x/highnoteplatform-thumb.webp,https://www.lapa.ninja/post/highnoteplatform/
Lapa Ninja (Post),Framer,DESIGN TOOLS,,,https://cdn.lapa.ninja/assets/images/1x/framer-10-28-2021-thumb.webp,https://www.lapa.ninja/post/framer-7/
Lapa Ninja (Post),Output,STUDIO,,,https://cdn.lapa.ninja/assets/images/1x/studio-output-10-28-2021-thumb.webp,https://www.lapa.ninja/post/studio-output-2/
Lapa Ninja (Post),Lonely Shadows,NFT,,,https://cdn.lapa.ninja/assets/images/1x/lonelyshadows-thumb.webp,https://www.lapa.ninja/post/lonelyshadows/
Lapa Ninja (Post),eighty,STUDIO,,,https://cdn.lapa.ninja/assets/images/1x/madebyeighty-thumb.webp,https://www.lapa.ninja/post/madebyeighty/
Lapa Ninja (Post),LogoArchive Shop,ECOMMERCE,,,https://cdn.lapa.ninja/assets/images/1x/logoarchive-thumb.webp,https://www.lapa.ninja/post/logoarchive/
Lapa Ninja (Post),We are Minds,CORPORATE,,,https://cdn.lapa.ninja/assets/images/1x/weareminds-thumb.webp,https://www.lapa.ninja/post/weareminds/
Lapa Ninja (Post),Context,NFT,,,https://cdn.lapa.ninja/assets/images/1x/context-app-thumb.webp,https://www.lapa.ninja/post/context-app/
Lapa Ninja (Post),Dreamscape,CORPORATE,,,https://cdn.lapa.ninja/assets/images/1x/dreamscapecos-thumb.webp,https://www.lapa.ninja/post/dreamscapecos/
Lapa Ninja (Post),Taiki Murayama,PORTFOLIO,,,https://cdn.lapa.ninja/assets/images/1x/taiki-murayama-thumb.webp,https://www.lapa.ninja/post/taiki-murayama/
Lapa Ninja (Post),Fluff,BEAUTY,,,https://cdn.lapa.ninja/assets/images/1x/itsallfluff-thumb.webp,https://www.lapa.ninja/post/itsallfluff/
Lapa Ninja (Post),Taste Good Notes,FOOD DRINKS,,,https://cdn.lapa.ninja/assets/images/1x/tastegoodnotes-thumb.webp,https://www.lapa.ninja/post/tastegoodnotes/
Lapa Ninja (Post),Twigs Paper,ECOMMERCE,,,https://cdn.lapa.ninja/assets/images/1x/twigspaper-thumb.webp,https://www.lapa.ninja/post/twigspaper/
Lapa Ninja (Post),Olivier Gillaizeau,PORTFOLIO,,,https://cdn.lapa.ninja/assets/images/1x/frenchbutnice-thumb.webp,https://www.lapa.ninja/post/frenchbutnice/
Lapa Ninja (Post),Coast,APP,,,https://cdn.lapa.ninja/assets/images/1x/coastpay-thumb.webp,https://www.lapa.ninja/post/coastpay/
Lapa Ninja (Post),Persona Grata,AGENCY,,,https://cdn.lapa.ninja/assets/images/1x/personagrataagency-thumb.webp,https://www.lapa.ninja/post/personagrataagency/
Lapa Ninja (Post),Oui Management,CORPORATE,,,https://cdn.lapa.ninja/assets/images/1x/ouimanagement-thumb.webp,https://www.lapa.ninja/post/ouimanagement/
Lapa Ninja (Post),Wyshbox,INSURANCE,,,https://cdn.lapa.ninja/assets/images/1x/wyshbox-thumb.webp,https://www.lapa.ninja/post/wyshbox/
Lapa Ninja (Post),Nothing,TECHNOLOGY,,,https://cdn.lapa.ninja/assets/images/1x/nothing-tech-thumb.webp,https://www.lapa.ninja/post/nothing-tech/
Lapa Ninja (Post),Agorapulse,3D WEBSITES,,,https://cdn.lapa.ninja/assets/images/1x/agorapulse-thumb.webp,https://www.lapa.ninja/post/agorapulse/
Lapa Ninja (Post),Humanrace,BEAUTY,,,https://cdn.lapa.ninja/assets/images/1x/humanrace-thumb.webp,https://www.lapa.ninja/post/humanrace/
Lapa Ninja (Post),Matthew Noe,PORTFOLIO,,,https://cdn.lapa.ninja/assets/images/1x/mattnoe-thumb.webp,https://www.lapa.ninja/post/mattnoe/
Lapa Ninja (Post),Alaa Alnuaimi,PORTFOLIO,,,https://cdn.lapa.ninja/assets/images/1x/alaa-works-thumb.webp,https://www.lapa.ninja/post/alaa-works/
Lapa Ninja (Post),Tempest,HEALTH FITNESS,,,https://cdn.lapa.ninja/assets/images/1x/jointempest-thumb.webp,https://www.lapa.ninja/post/jointempest/
Lapa Ninja (Post),Maev,ECOMMERCE,,,https://cdn.lapa.ninja/assets/images/1x/meetmaev-thumb.webp,https://www.lapa.ninja/post/meetmaev/
Lapa Ninja (Post),SICKY Magazine,MAGAZINE,,,https://cdn.lapa.ninja/assets/images/1x/sickymag-thumb.webp,https://www.lapa.ninja/post/sickymag/
Lapa Ninja (Post),Irene Neuwirth,FASHION,,,https://cdn.lapa.ninja/assets/images/1x/ireneneuwirth-thumb.webp,https://www.lapa.ninja/post/ireneneuwirth/
Lapa Ninja (Post),Pánico,STUDIO,,,https://cdn.lapa.ninja/assets/images/1x/wearepanico-thumb.webp,https://www.lapa.ninja/post/wearepanico/
Lapa Ninja (Post),Leta Sobierajski,PORTFOLIO,,,https://cdn.lapa.ninja/assets/images/1x/letasobierajski-thumb.webp,https://www.lapa.ninja/post/letasobierajski/
Lapa Ninja (Post),Halloween 3D illustrations,ILLUSTRATION,,,https://cdn.lapa.ninja/assets/images/1x/halloween-3d-illustrations-thumb.webp,https://www.lapa.ninja/post/halloween-3d-illustrations/
Lapa Ninja (Post),Niccolò Miranda,PORTFOLIO,,,https://cdn.lapa.ninja/assets/images/1x/niccolomiranda-10-25-2021-thumb.webp,https://www.lapa.ninja/post/niccolomiranda-2/
Lapa Ninja (Post),In the Works,MAGAZINE,,,https://cdn.lapa.ninja/assets/images/1x/intheworks-thumb.webp,https://www.lapa.ninja/post/intheworks/
Lapa Ninja (Post),Kady Creative,AGENCY,,,https://cdn.lapa.ninja/assets/images/1x/kadycreative-thumb.webp,https://www.lapa.ninja/post/kadycreative/
Lapa Ninja (Post),Hyper Tria,AGENCY,,,https://cdn.lapa.ninja/assets/images/1x/hypertria-thumb.webp,https://www.lapa.ninja/post/hypertria/
Lapa Ninja (Post),Novi,APP,,,https://cdn.lapa.ninja/assets/images/1x/novi-thumb.webp,https://www.lapa.ninja/post/novi/
Lapa Ninja (Post),Twist,APP,,,https://cdn.lapa.ninja/assets/images/1x/twist-10-25-2021-thumb.webp,https://www.lapa.ninja/post/twist-2/
Lapa Ninja (Post),Eun Jeong Yoo,PORTFOLIO,,,https://cdn.lapa.ninja/assets/images/1x/eunjeongyoo-thumb.webp,https://www.lapa.ninja/post/eunjeongyoo/
Lapa Ninja (Post),Spacemesh,CRYPTOCURRENCY,,,https://cdn.lapa.ninja/assets/images/1x/spacemesh-thumb.webp,https://www.lapa.ninja/post/spacemesh/
Lapa Ninja (Post),Firi,CRYPTOCURRENCY,,,https://cdn.lapa.ninja/assets/images/1x/firi-thumb.webp,https://www.lapa.ninja/post/firi/
Lapa Ninja (Post),Pa'lais,FOOD DRINKS,,,https://cdn.lapa.ninja/assets/images/1x/palais-thumb.webp,https://www.lapa.ninja/post/palais/
Lapa Ninja (Post),Sol’ace,ECOMMERCE,,,https://cdn.lapa.ninja/assets/images/1x/solace-store-thumb.webp,https://www.lapa.ninja/post/solace-store/
Lapa Ninja (Post),Air Company,AUTOMOTIVE,,,https://cdn.lapa.ninja/assets/images/1x/aircompany-thumb.webp,https://www.lapa.ninja/post/aircompany/
Lapa Ninja (Post),Stories Plus,MINIMAL,,,https://cdn.lapa.ninja/assets/images/1x/storiesplus-thumb.webp,https://www.lapa.ninja/post/storiesplus/
Lapa Ninja (Post),PLAZA ST-HUBERT,FOOD DRINKS,,,https://cdn.lapa.ninja/assets/images/1x/plazasthubert-thumb.webp,https://www.lapa.ninja/post/plazasthubert/
Lapa Ninja (Post),Zehigel,PORTFOLIO,,,https://cdn.lapa.ninja/assets/images/1x/zehigel-thumb.webp,https://www.lapa.ninja/post/zehigel/
Lapa Ninja (Post),Code de la Route,3D WEBSITES,,,https://cdn.lapa.ninja/assets/images/1x/codedelaroute-thumb.webp,https://www.lapa.ninja/post/codedelaroute/
Lapa Ninja (Post),überdosis,AGENCY,,,https://cdn.lapa.ninja/assets/images/1x/ueberdosis-thumb.webp,https://www.lapa.ninja/post/ueberdosis/
Lapa Ninja (Post),Kent C. Dodds,PORTFOLIO,,,https://cdn.lapa.ninja/assets/images/1x/kentcdodds-thumb.webp,https://www.lapa.ninja/post/kentcdodds/
Lapa Ninja (Post),Second Wave Dive,EDUCATION,,,https://cdn.lapa.ninja/assets/images/1x/secondwavedive-thumb.webp,https://www.lapa.ninja/post/secondwavedive/
Lapa Ninja (Post),Google for Creators,EDUCATION,,,https://cdn.lapa.ninja/assets/images/1x/google-for-creators-thumb.webp,https://www.lapa.ninja/post/google-for-creators/
Lapa Ninja (Post),The Brand Identity,EDUCATION,,,https://cdn.lapa.ninja/assets/images/1x/the-brandidentity-thumb.webp,https://www.lapa.ninja/post/the-brandidentity/
Lapa Ninja (Post),Gigant,FOOD DRINKS,,,https://cdn.lapa.ninja/assets/images/1x/gigantisgreat-thumb.webp,https://www.lapa.ninja/post/gigantisgreat/
Lapa Ninja (Post),Team Stefansky,AGENCY,,,https://cdn.lapa.ninja/assets/images/1x/teamstefansky-thumb.webp,https://www.lapa.ninja/post/teamstefansky/
Lapa Ninja (Post),Orman Clark,PORTFOLIO,,,https://cdn.lapa.ninja/assets/images/1x/ormanclark-thumb.webp,https://www.lapa.ninja/post/ormanclark/
Lapa Ninja (Post),That's Clutch,APP,,,https://cdn.lapa.ninja/assets/images/1x/thatsclutch-thumb.webp,https://www.lapa.ninja/post/thatsclutch/
Lapa Ninja (Post),Kitchen.co,ILLUSTRATION,,,https://cdn.lapa.ninja/assets/images/1x/kitchen-thumb.webp,https://www.lapa.ninja/post/kitchen/
Lapa Ninja (Post),Juicy Marbles,FOOD DRINKS,,,https://cdn.lapa.ninja/assets/images/1x/juicymarbles-thumb.webp,https://www.lapa.ninja/post/juicymarbles/
Lapa Ninja (Post),Shapefarm,AGENCY,,,https://cdn.lapa.ninja/assets/images/1x/shapefarm-thumb.webp,https://www.lapa.ninja/post/shapefarm/
Lapa Ninja (Post),Palette,ECOMMERCE,,,https://cdn.lapa.ninja/assets/images/1x/palette-thumb.webp,https://www.lapa.ninja/post/palette/
Lapa Ninja (Post),DFY,AGENCY,,,https://cdn.lapa.ninja/assets/images/1x/dfy-thumb.webp,https://www.lapa.ninja/post/dfy/
Lapa Ninja (Post),Rumfoords,AGENCY,,,https://cdn.lapa.ninja/assets/images/1x/rumfoords-thumb.webp,https://www.lapa.ninja/post/rumfoords/
Lapa Ninja (Post),Hivecell,BUSINESS,,,https://cdn.lapa.ninja/assets/images/1x/hivecell-thumb.webp,https://www.lapa.ninja/post/hivecell/
Lapa Ninja (Post),Nifty Pixels,NFT,,,https://cdn.lapa.ninja/assets/images/1x/niftypixels-thumb.webp,https://www.lapa.ninja/post/niftypixels/
Lapa Ninja (Post),Nuri,FINANCE,,,https://cdn.lapa.ninja/assets/images/1x/nuri-thumb.webp,https://www.lapa.ninja/post/nuri/
Lapa Ninja (Post),Ask Phill,AGENCY,,,https://cdn.lapa.ninja/assets/images/1x/askphill-thumb.webp,https://www.lapa.ninja/post/askphill/
Lapa Ninja (Post),Kirby Long,PORTFOLIO,,,https://cdn.lapa.ninja/assets/images/1x/klpageantry-thumb.webp,https://www.lapa.ninja/post/klpageantry/
Lapa Ninja (Post),with conviction,STUDIO,,,https://cdn.lapa.ninja/assets/images/1x/withconviction-thumb.webp,https://www.lapa.ninja/post/withconviction/
Lapa Ninja (Post),DECODE,AGENCY,,,https://cdn.lapa.ninja/assets/images/1x/decode-agency-thumb.webp,https://www.lapa.ninja/post/decode-agency/
Lapa Ninja (Post),Trista Yard,PORTFOLIO,,,https://cdn.lapa.ninja/assets/images/1x/tristayard-thumb.webp,https://www.lapa.ninja/post/tristayard/
Lapa Ninja (Post),Maison Gainsbourg,PHOTOGRAPHY,,,https://cdn.lapa.ninja/assets/images/1x/maisongainsbourg-thumb.webp,https://www.lapa.ninja/post/maisongainsbourg/
Lapa Ninja (Post),Lens Fest,EVENT,,,https://cdn.lapa.ninja/assets/images/1x/lensfest-10-18-2021-thumb.webp,https://www.lapa.ninja/post/lensfest-2/
Lapa Ninja (Post),Stem Design,BUSINESS,,,https://cdn.lapa.ninja/assets/images/1x/stemdesign-thumb.webp,https://www.lapa.ninja/post/stemdesign/
Lapa Ninja (Post),Addd.Studio,STUDIO,,,https://cdn.lapa.ninja/assets/images/1x/addd-studio-thumb.webp,https://www.lapa.ninja/post/addd-studio/
Lapa Ninja (Post),Shortcut Design,ILLUSTRATION,,,https://cdn.lapa.ninja/assets/images/1x/shortcut-design-thumb.webp,https://www.lapa.ninja/post/shortcut-design/
Lapa Ninja (Post),Touchy Coffee,FOOD DRINKS,,,https://cdn.lapa.ninja/assets/images/1x/touchycoffee-thumb.webp,https://www.lapa.ninja/post/touchycoffee/
Lapa Ninja (Post),Earthr.,STUDIO,,,https://cdn.lapa.ninja/assets/images/1x/earthr-thumb.webp,https://www.lapa.ninja/post/earthr/
Lapa Ninja (Post),Sixty-Nine,FASHION,,,https://cdn.lapa.ninja/assets/images/1x/sixty-nine-thumb.webp,https://www.lapa.ninja/post/sixty-nine/
Lapa Ninja (Post),Glide,APP,,,https://cdn.lapa.ninja/assets/images/1x/glideapps-10-18-2021-thumb.webp,https://www.lapa.ninja/post/glideapps-2/
Lapa Ninja (Post),Weekrise,APP,,,https://cdn.lapa.ninja/assets/images/1x/weekrise-thumb.webp,https://www.lapa.ninja/post/weekrise/
Lapa Ninja (Post),Edelmade,STUDIO,,,https://cdn.lapa.ninja/assets/images/1x/edelmade-thumb.webp,https://www.lapa.ninja/post/edelmade/
Lapa Ninja (Post),Monceau Co.,FOOD DRINKS,,,https://cdn.lapa.ninja/assets/images/1x/monceau-thumb.webp,https://www.lapa.ninja/post/monceau/
Lapa Ninja (Post),Common Coin,CORPORATE,,,https://cdn.lapa.ninja/assets/images/1x/common-coin-thumb.webp,https://www.lapa.ninja/post/common-coin/
Lapa Ninja (Post),Lotta Nieminen,STUDIO,,,https://cdn.lapa.ninja/assets/images/1x/lottanieminen-thumb.webp,https://www.lapa.ninja/post/lottanieminen/
Lapa Ninja (Post),Quarter,FOOD DRINKS,,,https://cdn.lapa.ninja/assets/images/1x/quarterproof-thumb.webp,https://www.lapa.ninja/post/quarterproof/
Lapa Ninja (Post),Constantinos Haritos,PORTFOLIO,,,https://cdn.lapa.ninja/assets/images/1x/haritos-thumb.webp,https://www.lapa.ninja/post/haritos/
Lapa Ninja (Post),The Douglas Hyde Gallery,CORPORATE,,,https://cdn.lapa.ninja/assets/images/1x/thedouglashyde-thumb.webp,https://www.lapa.ninja/post/thedouglashyde/
Lapa Ninja (Post),INO Jewelry,FASHION,,,https://cdn.lapa.ninja/assets/images/1x/ino-jewelry-thumb.webp,https://www.lapa.ninja/post/ino-jewelry/
Lapa Ninja (Post),Ilja van Eck,PORTFOLIO,,,https://cdn.lapa.ninja/assets/images/1x/iljavaneck-thumb.webp,https://www.lapa.ninja/post/iljavaneck/
Lapa Ninja (Post),Analog is Heavy,STUDIO,,,https://cdn.lapa.ninja/assets/images/1x/analogisheavy-10-15-2021-thumb.webp,https://www.lapa.ninja/post/analogisheavy-2/
Lapa Ninja (Post),Matter,3D WEBSITES,,,https://cdn.lapa.ninja/assets/images/1x/matterapp-10-15-2021-thumb.webp,https://www.lapa.ninja/post/matterapp-3/
Lapa Ninja (Post),Fergus,FOOD DRINKS,,,https://cdn.lapa.ninja/assets/images/1x/fergus-thumb.webp,https://www.lapa.ninja/post/fergus/
Lapa Ninja (Post),Captain Data,TECHNOLOGY,,,https://cdn.lapa.ninja/assets/images/1x/captaindata-thumb.webp,https://www.lapa.ninja/post/captaindata/
Lapa Ninja (Post),Wealthfront,FINANCE,,,https://cdn.lapa.ninja/assets/images/1x/wealthfront-15-10-2021-thumb.webp,https://www.lapa.ninja/post/wealthfront-2/
Lapa Ninja (Post),pleo.design,BLOG,,,https://cdn.lapa.ninja/assets/images/1x/pleo-design-thumb.webp,https://www.lapa.ninja/post/pleo-design/
Lapa Ninja (Post),Parcel,DEVELOPMENT TOOLS,,,https://cdn.lapa.ninja/assets/images/1x/parceljs-thumb.webp,https://www.lapa.ninja/post/parceljs/
Lapa Ninja (Post),Victoire Douy,PORTFOLIO,,,https://cdn.lapa.ninja/assets/images/1x/victoiredouy-thumb.webp,https://www.lapa.ninja/post/victoiredouy/
Lapa Ninja (Post),Cash App Studios,STUDIO,,,https://cdn.lapa.ninja/assets/images/1x/cashapp-studios-thumb.webp,https://www.lapa.ninja/post/cashapp-studios/
Lapa Ninja (Post),"LoveFrom,",MINIMAL,,,https://cdn.lapa.ninja/assets/images/1x/lovefrom-thumb.webp,https://www.lapa.ninja/post/lovefrom/
Lapa Ninja (Post),Speedy,FINANCE,,,https://cdn.lapa.ninja/assets/images/1x/speedy-thumb.webp,https://www.lapa.ninja/post/speedy/
Lapa Ninja (Post),Katherine Pihl,PORTFOLIO,,,https://cdn.lapa.ninja/assets/images/1x/katherinepihl-thumb.webp,https://www.lapa.ninja/post/katherinepihl/
Lapa Ninja (Post),MAWO,FASHION,,,https://cdn.lapa.ninja/assets/images/1x/mawocollective-thumb.webp,https://www.lapa.ninja/post/mawocollective/
Lapa Ninja (Post),Le Puzz,ECOMMERCE,,,https://cdn.lapa.ninja/assets/images/1x/lepuzz-thumb.webp,https://www.lapa.ninja/post/lepuzz/
Lapa Ninja (Post),Living Dead Co.,ENTERTAINMENT,,,https://cdn.lapa.ninja/assets/images/1x/livingdead-thumb.webp,https://www.lapa.ninja/post/livingdead/
Lapa Ninja (Post),The Facebook Logout,MINIMAL,,,https://cdn.lapa.ninja/assets/images/1x/thefacebooklogout-thumb.webp,https://www.lapa.ninja/post/thefacebooklogout/
Lapa Ninja (Post),GoMore,ILLUSTRATION,,,https://cdn.lapa.ninja/assets/images/1x/gomore-thumb.webp,https://www.lapa.ninja/post/gomore/
Lapa Ninja (Post),Nest Renew from Google,TECHNOLOGY,,,https://cdn.lapa.ninja/assets/images/1x/nestrenew-thumb.webp,https://www.lapa.ninja/post/nestrenew/
Lapa Ninja (Post),Railway,DEVELOPMENT TOOLS,,,https://cdn.lapa.ninja/assets/images/1x/railway-thumb.webp,https://www.lapa.ninja/post/railway/
Lapa Ninja (Post),HYER,AUTOMOTIVE,,,https://cdn.lapa.ninja/assets/images/1x/flyhyer-thumb.webp,https://www.lapa.ninja/post/flyhyer/
Lapa Ninja (Post),Kindly,FASHION,,,https://cdn.lapa.ninja/assets/images/1x/thisiskindly-thumb.webp,https://www.lapa.ninja/post/thisiskindly/
Lapa Ninja (Post),Miranda Biondi,PORTFOLIO,,,https://cdn.lapa.ninja/assets/images/1x/mirandabiondi-thumb.webp,https://www.lapa.ninja/post/mirandabiondi/
Lapa Ninja (Post),Re:store,ECOMMERCE,,,https://cdn.lapa.ninja/assets/images/1x/visitrestore-thumb.webp,https://www.lapa.ninja/post/visitrestore/
Lapa Ninja (Post),THAKOON,FASHION,,,https://cdn.lapa.ninja/assets/images/1x/thakoon-thumb.webp,https://www.lapa.ninja/post/thakoon/
Lapa Ninja (Post),Upstatement,STUDIO,,,https://cdn.lapa.ninja/assets/images/1x/upstatement-thumb.webp,https://www.lapa.ninja/post/upstatement/
Lapa Ninja (Post),Amelia Wattenberger,PORTFOLIO,,,https://cdn.lapa.ninja/assets/images/1x/wattenberger-thumb.webp,https://www.lapa.ninja/post/wattenberger/
Lapa Ninja (Post),Counter-Print,ECOMMERCE,,,https://cdn.lapa.ninja/assets/images/1x/counter-print-thumb.webp,https://www.lapa.ninja/post/counter-print/
Lapa Ninja (Post),Smith & Diction,STUDIO,,,https://cdn.lapa.ninja/assets/images/1x/smith-diction-thumb.webp,https://www.lapa.ninja/post/smith-diction/
Lapa Ninja (Post),MidMod,ECOMMERCE,,,https://cdn.lapa.ninja/assets/images/1x/midmod-thumb.webp,https://www.lapa.ninja/post/midmod/
Lapa Ninja (Post),Woset,FASHION,,,https://cdn.lapa.ninja/assets/images/1x/woset-thumb.webp,https://www.lapa.ninja/post/woset/
Lapa Ninja (Post),Gone Fishing Studio,STUDIO,,,https://cdn.lapa.ninja/assets/images/1x/gone-fishing-studio-thumb.webp,https://www.lapa.ninja/post/gone-fishing-studio/
Lapa Ninja (Post),Designjoy,AGENCY,,,https://cdn.lapa.ninja/assets/images/1x/designjoy-thumb.webp,https://www.lapa.ninja/post/designjoy/
Lapa Ninja (Post),MD Nichrome by Mass-Driver,TYPOGRAPHY,,,https://cdn.lapa.ninja/assets/images/1x/nichrome-mass-driver-thumb.webp,https://www.lapa.ninja/post/nichrome-mass-driver/
Lapa Ninja (Post),Patrick McCarthy,PORTFOLIO,,,https://cdn.lapa.ninja/assets/images/1x/patrickmccarthy-thumb.webp,https://www.lapa.ninja/post/patrickmccarthy/
Lapa Ninja (Post),Metta,CORPORATE,,,https://cdn.lapa.ninja/assets/images/1x/metta-partners-thumb.webp,https://www.lapa.ninja/post/metta-partners/
Lapa Ninja (Post),Wild Cities,APP,,,https://cdn.lapa.ninja/assets/images/1x/wildcities-thumb.webp,https://www.lapa.ninja/post/wildcities/
Lapa Ninja (Post),Cantina Puiatti,MINIMAL,,,https://cdn.lapa.ninja/assets/images/1x/puiatti-thumb.webp,https://www.lapa.ninja/post/puiatti/
Lapa Ninja (Post),Lunchbox,FOOD DRINKS,,,https://cdn.lapa.ninja/assets/images/1x/lunchbox-thumb.webp,https://www.lapa.ninja/post/lunchbox/
Lapa Ninja (Post),Stripe Press,BOOK,,,https://cdn.lapa.ninja/assets/images/1x/stripe-press-thumb.webp,https://www.lapa.ninja/post/stripe-press/
Lapa Ninja (Post),Exhibition Magazine,MAGAZINE,,,https://cdn.lapa.ninja/assets/images/1x/exhibition-magazine-thumb.webp,https://www.lapa.ninja/post/exhibition-magazine/
Lapa Ninja (Post),NaN,FOUNDRY,,,https://cdn.lapa.ninja/assets/images/1x/nan-thumb.webp,https://www.lapa.ninja/post/nan/
Lapa Ninja (Post),XSF,TECHNOLOGY,,,https://cdn.lapa.ninja/assets/images/1x/futurexs-thumb.webp,https://www.lapa.ninja/post/futurexs/
Lapa Ninja (Post),Chapters Studio,STUDIO,,,https://cdn.lapa.ninja/assets/images/1x/chapters-studio-thumb.webp,https://www.lapa.ninja/post/chapters-studio/
Lapa Ninja (Post),ICMT,CREATIVE,,,https://cdn.lapa.ninja/assets/images/1x/barbherella-thumb.webp,https://www.lapa.ninja/post/barbherella/
Lapa Ninja (Post),Kylie Swim,FASHION,,,https://cdn.lapa.ninja/assets/images/1x/kyliejenner-thumb.webp,https://www.lapa.ninja/post/kyliejenner/
Lapa Ninja (Post),Haley Park,PORTFOLIO,,,https://cdn.lapa.ninja/assets/images/1x/haleys-design-thumb.webp,https://www.lapa.ninja/post/haleys-design/
Lapa Ninja (Post),Sal Parausco,FASHION,,,https://cdn.lapa.ninja/assets/images/1x/salparasuco-thumb.webp,https://www.lapa.ninja/post/salparasuco/
Lapa Ninja (Post),Alexander Munz,PORTFOLIO,,,https://cdn.lapa.ninja/assets/images/1x/amunz-thumb.webp,https://www.lapa.ninja/post/amunz/
Lapa Ninja (Post),Armadillo,ILLUSTRATION,,,https://cdn.lapa.ninja/assets/images/1x/armadillo-thumb.webp,https://www.lapa.ninja/post/armadillo/
Lapa Ninja (Post),Relay,ILLUSTRATION,,,https://cdn.lapa.ninja/assets/images/1x/relay-buzz-thumb.webp,https://www.lapa.ninja/post/relay-buzz/
Lapa Ninja (Post),Taika,FOOD DRINKS,,,https://cdn.lapa.ninja/assets/images/1x/taika-thumb.webp,https://www.lapa.ninja/post/taika/
Lapa Ninja (Post),Minymon,MINIMAL,,,https://cdn.lapa.ninja/assets/images/1x/minymon-thumb.webp,https://www.lapa.ninja/post/minymon/
Lapa Ninja (Post),SEINT STORE,FASHION,,,https://cdn.lapa.ninja/assets/images/1x/seint-store-thumb.webp,https://www.lapa.ninja/post/seint-store/
Lapa Ninja (Post),Height,SOFTWARE,,,https://cdn.lapa.ninja/assets/images/1x/height-app-thumb.webp,https://www.lapa.ninja/post/height-app/
Lapa Ninja (Post),Hellosaurus,APP,,,https://cdn.lapa.ninja/assets/images/1x/hellosaurus-thumb.webp,https://www.lapa.ninja/post/hellosaurus/
Lapa Ninja (Post),Ten Year Impact,ILLUSTRATION,,,https://cdn.lapa.ninja/assets/images/1x/impact-ideo-thumb.webp,https://www.lapa.ninja/post/impact-ideo/
Lapa Ninja (Post),Bureau Benjamin,FURNITURE INTERIORS,,,https://cdn.lapa.ninja/assets/images/1x/bureaubenjamin-thumb.webp,https://www.lapa.ninja/post/bureaubenjamin/
Lapa Ninja (Post),Humbleteam,AGENCY,,,https://cdn.lapa.ninja/assets/images/1x/humbleteam-2-thumb.webp,https://www.lapa.ninja/post/humbleteam-2/
Lapa Ninja (Post),Cori Corinne,PORTFOLIO,,,https://cdn.lapa.ninja/assets/images/1x/coricorinne-thumb.webp,https://www.lapa.ninja/post/coricorinne/
Lapa Ninja (Post),Garret Schauteet,PORTFOLIO,,,https://cdn.lapa.ninja/assets/images/1x/garretschauteet-thumb.webp,https://www.lapa.ninja/post/garretschauteet/
Lapa Ninja (Post),ilovecreatives,EDUCATION,,,https://cdn.lapa.ninja/assets/images/1x/ilovecreatives-thumb.webp,https://www.lapa.ninja/post/ilovecreatives/
Lapa Ninja (Post),Uh–Huh,ECOMMERCE,,,https://cdn.lapa.ninja/assets/images/1x/shopuhhuh-thumb.webp,https://www.lapa.ninja/post/shopuhhuh/
Lapa Ninja (Post),Santiago Jaramillo,PORTFOLIO,,,https://cdn.lapa.ninja/assets/images/1x/santijaramillo-thumb.webp,https://www.lapa.ninja/post/santijaramillo/
Lapa Ninja (Post),818 Tequila,FOOD DRINKS,,,https://cdn.lapa.ninja/assets/images/1x/drink818-thumb.webp,https://www.lapa.ninja/post/drink818/
Lapa Ninja (Post),Health By Habit,BEAUTY,,,https://cdn.lapa.ninja/assets/images/1x/byhabit-thumb.webp,https://www.lapa.ninja/post/byhabit/
Lapa Ninja (Post),Rockyvision,MAGAZINE,,,https://cdn.lapa.ninja/assets/images/1x/rockyvision-thumb.webp,https://www.lapa.ninja/post/rockyvision/
Lapa Ninja (Post),GT Ultra,TYPOGRAPHY,,,https://cdn.lapa.ninja/assets/images/1x/gt-ultra-thumb.webp,https://www.lapa.ninja/post/gt-ultra/
Lapa Ninja (Post),CREVIXA,PORTFOLIO,,,https://cdn.lapa.ninja/assets/images/1x/crevixa-thumb.webp,https://www.lapa.ninja/post/crevixa/
Lapa Ninja (Post),Altered State Machine,DEFI,,,https://cdn.lapa.ninja/assets/images/1x/alteredstatemachine-thumb.webp,https://www.lapa.ninja/post/alteredstatemachine/
Lapa Ninja (Post),Wemakefab,AGENCY,,,https://cdn.lapa.ninja/assets/images/1x/wemakefab-thumb.webp,https://www.lapa.ninja/post/wemakefab/
Lapa Ninja (Post),Langmobile,EDUCATION,,,https://cdn.lapa.ninja/assets/images/1x/langmobile-thumb.webp,https://www.lapa.ninja/post/langmobile/
Lapa Ninja (Post),THE SHIFT,STUDIO,,,https://cdn.lapa.ninja/assets/images/1x/theshift-tokyo-thumb.webp,https://www.lapa.ninja/post/theshift-tokyo/
Lapa Ninja (Post),MekaVerse,NFT,,,https://cdn.lapa.ninja/assets/images/1x/themekaverse-thumb.webp,https://www.lapa.ninja/post/themekaverse/
Lapa Ninja (Post),Soper Copenbragen,FOUNDRY,,,https://cdn.lapa.ninja/assets/images/1x/sopercopenbragen-thumb.webp,https://www.lapa.ninja/post/sopercopenbragen/
Lapa Ninja (Post),COMN Architects,MINIMAL,,,https://cdn.lapa.ninja/assets/images/1x/comnarchitects-thumb.webp,https://www.lapa.ninja/post/comnarchitects/
Lapa Ninja (Post),Thalby Guides,BOOK,,,https://cdn.lapa.ninja/assets/images/1x/thalby-thumb.webp,https://www.lapa.ninja/post/thalby/
Lapa Ninja (Post),LaunchDarkly,TECHNOLOGY,,,https://cdn.lapa.ninja/assets/images/1x/launchdarkly-thumb.webp,https://www.lapa.ninja/post/launchdarkly/
Lapa Ninja (Post),Clubhouse,SOCIAL MEDIA,,,https://cdn.lapa.ninja/assets/images/1x/joinclubhouse-thumb.webp,https://www.lapa.ninja/post/joinclubhouse/
Lapa Ninja (Post),Valkyrae Store,FASHION,,,https://cdn.lapa.ninja/assets/images/1x/valkyrae-store-thumb.webp,https://www.lapa.ninja/post/valkyrae-store/
Lapa Ninja (Post),Oxide,TECHNOLOGY,,,https://cdn.lapa.ninja/assets/images/1x/oxide-computer-thumb.webp,https://www.lapa.ninja/post/oxide-computer/
Lapa Ninja (Post),Whiteboard,AGENCY,,,https://cdn.lapa.ninja/assets/images/1x/whiteboard-09-25-2021-thumb.webp,https://www.lapa.ninja/post/whiteboard-4/
Lapa Ninja (Post),500 Global,CORPORATE,,,https://cdn.lapa.ninja/assets/images/1x/500co-thumb.webp,https://www.lapa.ninja/post/500co/
Lapa Ninja (Post),Lee Jameson,PORTFOLIO,,,https://cdn.lapa.ninja/assets/images/1x/leejameson-thumb.webp,https://www.lapa.ninja/post/leejameson/
Lapa Ninja (Post),Drink Ditto,FOOD DRINKS,,,https://cdn.lapa.ninja/assets/images/1x/drinkditto-thumb.webp,https://www.lapa.ninja/post/drinkditto/
Lapa Ninja (Post),Flaco,ECOMMERCE,,,https://cdn.lapa.ninja/assets/images/1x/helloflaco-thumb.webp,https://www.lapa.ninja/post/helloflaco/
Lapa Ninja (Post),Shopify Developers Platform,MINIMAL,,,https://cdn.lapa.ninja/assets/images/1x/shopify-dev-thumb.webp,https://www.lapa.ninja/post/shopify-dev/
Lapa Ninja (Post),The New Era Magazine,MAGAZINE,,,https://cdn.lapa.ninja/assets/images/1x/theneweramagazine-thumb.webp,https://www.lapa.ninja/post/theneweramagazine/
Lapa Ninja (Post),Pangram Pangram Foundry,FOUNDRY,,,https://cdn.lapa.ninja/assets/images/1x/pangrampangram-2-thumb.webp,https://www.lapa.ninja/post/pangrampangram-2/
Lapa Ninja (Post),Muzli Design Inspiration,DESIGN TOOLS,,,https://cdn.lapa.ninja/assets/images/1x/muzli-thumb.webp,https://www.lapa.ninja/post/muzli/
Lapa Ninja (Post),Dola,TECHNOLOGY,,,https://cdn.lapa.ninja/assets/images/1x/dola-thumb.webp,https://www.lapa.ninja/post/dola/
Lapa Ninja (Post),Espace Go,CORPORATE,,,https://cdn.lapa.ninja/assets/images/1x/espacego-thumb.webp,https://www.lapa.ninja/post/espacego/
Lapa Ninja (Post),monopo london,AGENCY,,,https://cdn.lapa.ninja/assets/images/1x/monopo-london-thumb.webp,https://www.lapa.ninja/post/monopo-london/
Lapa Ninja (Post),BIGTECH Fellowship,CORPORATE,,,https://cdn.lapa.ninja/assets/images/1x/bigtechfellowship-thumb.webp,https://www.lapa.ninja/post/bigtechfellowship/
Lapa Ninja (Post),Seed Club,CORPORATE,,,https://cdn.lapa.ninja/assets/images/1x/seedclub-thumb.webp,https://www.lapa.ninja/post/seedclub/
Lapa Ninja (Post),PerimeterWatch,CORPORATE,,,https://cdn.lapa.ninja/assets/images/1x/perimeterwatch-thumb.webp,https://www.lapa.ninja/post/perimeterwatch/
Lapa Ninja (Post),Alicia Keys,PORTFOLIO,,,https://cdn.lapa.ninja/assets/images/1x/aliciakeys-thumb.webp,https://www.lapa.ninja/post/aliciakeys/
Lapa Ninja (Post),Jean Paul Gaultier x Lil Nas X,FASHION,,,https://cdn.lapa.ninja/assets/images/1x/lilnasx-thumb.webp,https://www.lapa.ninja/post/lilnasx/
Lapa Ninja (Post),Marine Gourvennec,PORTFOLIO,,,https://cdn.lapa.ninja/assets/images/1x/marinegourvennec-thumb.webp,https://www.lapa.ninja/post/marinegourvennec/
Lapa Ninja (Post),Mechanic,DESIGN TOOLS,,,https://cdn.lapa.ninja/assets/images/1x/mechanic-thumb.webp,https://www.lapa.ninja/post/mechanic/
Lapa Ninja (Post),Party Round,APP,,,https://cdn.lapa.ninja/assets/images/1x/partyround-thumb.webp,https://www.lapa.ninja/post/partyround/
Lapa Ninja (Post),Studio Trev,STUDIO,,,https://cdn.lapa.ninja/assets/images/1x/studiotrev-thumb.webp,https://www.lapa.ninja/post/studiotrev/
Lapa Ninja (Post),Grand Studio,STUDIO,,,https://cdn.lapa.ninja/assets/images/1x/grandstudio-thumb.webp,https://www.lapa.ninja/post/grandstudio/
Lapa Ninja (Post),SAVEME,FOOD DRINKS,,,https://cdn.lapa.ninja/assets/images/1x/savemeforgood-thumb.webp,https://www.lapa.ninja/post/savemeforgood/
Lapa Ninja (Post),Walden,HEALTH FITNESS,,,https://cdn.lapa.ninja/assets/images/1x/walden-09-20-2021-thumb.webp,https://www.lapa.ninja/post/walden-2/
Lapa Ninja (Post),Wrk,CORPORATE,,,https://cdn.lapa.ninja/assets/images/1x/wrkhq-thumb.webp,https://www.lapa.ninja/post/wrkhq/
Lapa Ninja (Post),Mount Sapo,BEAUTY,,,https://cdn.lapa.ninja/assets/images/1x/mountsapo-thumb.webp,https://www.lapa.ninja/post/mountsapo/
Lapa Ninja (Post),Toast Press,AGENCY,,,https://cdn.lapa.ninja/assets/images/1x/toastpress-thumb.webp,https://www.lapa.ninja/post/toastpress/
Lapa Ninja (Post),Leaf Shave,ECOMMERCE,,,https://cdn.lapa.ninja/assets/images/1x/leafshave-09-20-2021-thumb.webp,https://www.lapa.ninja/post/leafshave-2/
Lapa Ninja (Post),LUNCH,FASHION,,,https://cdn.lapa.ninja/assets/images/1x/lunchconcept-thumb.webp,https://www.lapa.ninja/post/lunchconcept/
Lapa Ninja (Post),Compose It,AGENCY,,,https://cdn.lapa.ninja/assets/images/1x/composeitprod-thumb.webp,https://www.lapa.ninja/post/composeitprod/
Lapa Ninja (Post),Lemkus,ECOMMERCE,,,https://cdn.lapa.ninja/assets/images/1x/lemkus-thumb.webp,https://www.lapa.ninja/post/lemkus/
Lapa Ninja (Post),Replay,DEVELOPMENT TOOLS,,,https://cdn.lapa.ninja/assets/images/1x/replay-thumb.webp,https://www.lapa.ninja/post/replay/
Lapa Ninja (Post),Rocc Naturals,ECOMMERCE,,,https://cdn.lapa.ninja/assets/images/1x/roccnaturals-thumb.webp,https://www.lapa.ninja/post/roccnaturals/
Lapa Ninja (Post),Jess Bright,PORTFOLIO,,,https://cdn.lapa.ninja/assets/images/1x/jessbrightdesign-thumb.webp,https://www.lapa.ninja/post/jessbrightdesign/
Lapa Ninja (Post),EverAfter,ILLUSTRATION,,,https://cdn.lapa.ninja/assets/images/1x/everafter-thumb.webp,https://www.lapa.ninja/post/everafter/
Lapa Ninja (Post),Dissrup,TECHNOLOGY,,,https://cdn.lapa.ninja/assets/images/1x/dissrup-thumb.webp,https://www.lapa.ninja/post/dissrup/
Lapa Ninja (Post),Copilot,APP,,,https://cdn.lapa.ninja/assets/images/1x/copilot-thumb.webp,https://www.lapa.ninja/post/copilot/
Lapa Ninja (Post),Pilot,FINANCE,,,https://cdn.lapa.ninja/assets/images/1x/pilot-com-thumb.webp,https://www.lapa.ninja/post/pilot-com/
Lapa Ninja (Post),Minimalissimo,MAGAZINE,,,https://cdn.lapa.ninja/assets/images/1x/minimalissimo-09-17-thumb.webp,https://www.lapa.ninja/post/minimalissimo-2/
Lapa Ninja (Post),Artem Militonian,PORTFOLIO,,,https://cdn.lapa.ninja/assets/images/1x/artmilitonian-thumb.webp,https://www.lapa.ninja/post/artmilitonian/
Lapa Ninja (Post),Noodz,ECOMMERCE,,,https://cdn.lapa.ninja/assets/images/1x/wearenoodz-thumb.webp,https://www.lapa.ninja/post/wearenoodz/
Lapa Ninja (Post),Sleep My Darling,ENTERTAINMENT,,,https://cdn.lapa.ninja/assets/images/1x/sleepmydarling-thumb.webp,https://www.lapa.ninja/post/sleepmydarling/
Lapa Ninja (Post),Homerun,BUSINESS,,,https://cdn.lapa.ninja/assets/images/1x/homerun-09-17-2021-thumb.webp,https://www.lapa.ninja/post/homerun-2/
Lapa Ninja (Post),&DEWOLFF,FURNITURE INTERIORS,,,https://cdn.lapa.ninja/assets/images/1x/endewolff-thumb.webp,https://www.lapa.ninja/post/endewolff/
Lapa Ninja (Post),NON,FOOD DRINKS,,,https://cdn.lapa.ninja/assets/images/1x/non-world-thumb.webp,https://www.lapa.ninja/post/non-world/
Lapa Ninja (Post),Chukster,AGENCY,,,https://cdn.lapa.ninja/assets/images/1x/chukster-thumb.webp,https://www.lapa.ninja/post/chukster/
Lapa Ninja (Post),Datalands,STUDIO,,,https://cdn.lapa.ninja/assets/images/1x/datalands-09-14-2021-thumb.webp,https://www.lapa.ninja/post/datalands-2/
Lapa Ninja (Post),Scenes,COMMUNITY,,,https://cdn.lapa.ninja/assets/images/1x/scenes-social-thumb.webp,https://www.lapa.ninja/post/scenes-social/
Lapa Ninja (Post),Meridian,CORPORATE,,,https://cdn.lapa.ninja/assets/images/1x/meridiancapital-thumb.webp,https://www.lapa.ninja/post/meridiancapital/
Lapa Ninja (Post),Slimes World,NFT,,,https://cdn.lapa.ninja/assets/images/1x/slimes-world-thumb.webp,https://www.lapa.ninja/post/slimes-world/
Lapa Ninja (Post),Vibor,AUTOMOTIVE,,,https://cdn.lapa.ninja/assets/images/1x/vibor-thumb.webp,https://www.lapa.ninja/post/vibor/
Lapa Ninja (Post),BIGSTAR,STUDIO,,,https://cdn.lapa.ninja/assets/images/1x/bgstr-thumb.webp,https://www.lapa.ninja/post/bgstr/
Lapa Ninja (Post),Design Full-Time,COURSE,,,https://cdn.lapa.ninja/assets/images/1x/designfulltime-thumb.webp,https://www.lapa.ninja/post/designfulltime/
Lapa Ninja (Post),Nice Commerce,ILLUSTRATION,,,https://cdn.lapa.ninja/assets/images/1x/nicecommerce-thumb.webp,https://www.lapa.ninja/post/nicecommerce/
Lapa Ninja (Post),Promly App,APP,,,https://cdn.lapa.ninja/assets/images/1x/promlyapp-thumb.webp,https://www.lapa.ninja/post/promlyapp/
Lapa Ninja (Post),Flayks,PORTFOLIO,,,https://cdn.lapa.ninja/assets/images/1x/flayks-thumb.webp,https://www.lapa.ninja/post/flayks/
Lapa Ninja (Post),Marylou Faure,PORTFOLIO,,,https://cdn.lapa.ninja/assets/images/1x/maryloufaure-thumb.webp,https://www.lapa.ninja/post/maryloufaure/
Lapa Ninja (Post),Ugo Pignal,PORTFOLIO,,,https://cdn.lapa.ninja/assets/images/1x/ugopignal-thumb.webp,https://www.lapa.ninja/post/ugopignal/
Lapa Ninja (Post),Cleo,APP,,,https://cdn.lapa.ninja/assets/images/1x/meetcleo-09-09-2021-thumb.webp,https://www.lapa.ninja/post/meetcleo-2/
Lapa Ninja (Post),Cup of Couple,PRODUCTIVITY,,,https://cdn.lapa.ninja/assets/images/1x/cupofcouple-thumb.webp,https://www.lapa.ninja/post/cupofcouple/
Lapa Ninja (Post),Knickey,ECOMMERCE,,,https://cdn.lapa.ninja/assets/images/1x/knickey-thumb.webp,https://www.lapa.ninja/post/knickey/
Lapa Ninja (Post),Woven Whisky,FOOD DRINKS,,,https://cdn.lapa.ninja/assets/images/1x/wovenwhisky-thumb.webp,https://www.lapa.ninja/post/wovenwhisky/
Lapa Ninja (Post),Ritual Made,STUDIO,,,https://cdn.lapa.ninja/assets/images/1x/ritualmade-thumb.webp,https://www.lapa.ninja/post/ritualmade/
Lapa Ninja (Post),DashGo,CORPORATE,,,https://cdn.lapa.ninja/assets/images/1x/dashgo-thumb.webp,https://www.lapa.ninja/post/dashgo/
Lapa Ninja (Post),Nuu,TECHNOLOGY,,,https://cdn.lapa.ninja/assets/images/1x/explorenuu-thumb.webp,https://www.lapa.ninja/post/explorenuu/
Lapa Ninja (Post),Stacker,TECHNOLOGY,,,https://cdn.lapa.ninja/assets/images/1x/stackerhq-thumb.webp,https://www.lapa.ninja/post/stackerhq/
Lapa Ninja (Post),Steven Olimpio,PORTFOLIO,,,https://cdn.lapa.ninja/assets/images/1x/olimpio-thumb.webp,https://www.lapa.ninja/post/olimpio/
Lapa Ninja (Post),Refuse Uline,BUSINESS,,,https://cdn.lapa.ninja/assets/images/1x/refuseuline-thumb.webp,https://www.lapa.ninja/post/refuseuline/
Lapa Ninja (Post),VR for Work,TECHNOLOGY,,,https://cdn.lapa.ninja/assets/images/1x/vrforwork-thumb.webp,https://www.lapa.ninja/post/vrforwork/
Lapa Ninja (Post),Madbox,3D WEBSITES,,,https://cdn.lapa.ninja/assets/images/1x/madbox-thumb.webp,https://www.lapa.ninja/post/madbox/
Lapa Ninja (Post),Mickaël Larchevêque,PORTFOLIO,,,https://cdn.lapa.ninja/assets/images/1x/dotmick-thumb.webp,https://www.lapa.ninja/post/dotmick/
Lapa Ninja (Post),Hoboken Yogi,HEALTH FITNESS,,,https://cdn.lapa.ninja/assets/images/1x/hobokenyogi-thumb.webp,https://www.lapa.ninja/post/hobokenyogi/
Lapa Ninja (Post),Houses Of Malmö,ECOMMERCE,,,https://cdn.lapa.ninja/assets/images/1x/hom-design-thumb.webp,https://www.lapa.ninja/post/hom-design/
Lapa Ninja (Post),KITTEN,AGENCY,,,https://cdn.lapa.ninja/assets/images/1x/kittenproduction-thumb.webp,https://www.lapa.ninja/post/kittenproduction/
Lapa Ninja (Post),Fuente Real,REAL ESTATE,,,https://cdn.lapa.ninja/assets/images/1x/fuentereal-thumb.webp,https://www.lapa.ninja/post/fuentereal/
Lapa Ninja (Post),Altos Ventures,CORPORATE,,,https://cdn.lapa.ninja/assets/images/1x/altos-ventures-thumb.webp,https://www.lapa.ninja/post/altos-ventures/
Lapa Ninja (Post),Daye,HEALTH FITNESS,,,https://cdn.lapa.ninja/assets/images/1x/yourdaye-thumb.webp,https://www.lapa.ninja/post/yourdaye/
Lapa Ninja (Post),F. Miller Skincare,BEAUTY,,,https://cdn.lapa.ninja/assets/images/1x/fmillerskincare-thumb.webp,https://www.lapa.ninja/post/fmillerskincare/
Lapa Ninja (Post),Claudia Rubin,PORTFOLIO,,,https://cdn.lapa.ninja/assets/images/1x/claudiarubin-thumb.webp,https://www.lapa.ninja/post/claudiarubin/
Lapa Ninja (Post),Fireside,PRODUCTIVITY,,,https://cdn.lapa.ninja/assets/images/1x/fireside-thumb.webp,https://www.lapa.ninja/post/fireside/
Lapa Ninja (Post),Goodkids,AGENCY,,,https://cdn.lapa.ninja/assets/images/1x/goodkidsagency-thumb.webp,https://www.lapa.ninja/post/goodkidsagency/
Lapa Ninja (Post),Seed,HEALTH FITNESS,,,https://cdn.lapa.ninja/assets/images/1x/seed-thumb.webp,https://www.lapa.ninja/post/seed/
Lapa Ninja (Post),Sunny at Sea,AGENCY,,,https://cdn.lapa.ninja/assets/images/1x/sunnyatsea-thumb.webp,https://www.lapa.ninja/post/sunnyatsea/
Lapa Ninja (Post),Cosmos,BLOCKCHAIN,,,https://cdn.lapa.ninja/assets/images/1x/cosmos-network-thumb.webp,https://www.lapa.ninja/post/cosmos-network/
Lapa Ninja (Post),Kyle Wilkinson,STUDIO,,,https://cdn.lapa.ninja/assets/images/1x/wilkinson-studio-thumb.webp,https://www.lapa.ninja/post/wilkinson-studio/
Lapa Ninja (Post),Evan Corrigan,PORTFOLIO,,,https://cdn.lapa.ninja/assets/images/1x/corrigan-thumb.webp,https://www.lapa.ninja/post/corrigan/
Lapa Ninja (Post),Seyi,PORTFOLIO,,,https://cdn.lapa.ninja/assets/images/1x/seyi-thumb.webp,https://www.lapa.ninja/post/seyi/
Lapa Ninja (Post),Monster Box,BLOG,,,https://cdn.lapa.ninja/assets/images/1x/mbpedia-thumb.webp,https://www.lapa.ninja/post/mbpedia/
Lapa Ninja (Post),Contra,FREELANCE,,,https://cdn.lapa.ninja/assets/images/1x/contra-thumb.webp,https://www.lapa.ninja/post/contra/
Lapa Ninja (Post),INDEX,COMMUNITY,,,https://cdn.lapa.ninja/assets/images/1x/index-space-thumb.webp,https://www.lapa.ninja/post/index-space/
Lapa Ninja (Post),Versions,AGENCY,,,https://cdn.lapa.ninja/assets/images/1x/versions-thumb.webp,https://www.lapa.ninja/post/versions/
Lapa Ninja (Post),Erica Weiner,ECOMMERCE,,,https://cdn.lapa.ninja/assets/images/1x/ericaweiner-thumb.webp,https://www.lapa.ninja/post/ericaweiner/
Lapa Ninja (Post),Bukwild,STUDIO,,,https://cdn.lapa.ninja/assets/images/1x/bukwild-09-01-2021-thumb.webp,https://www.lapa.ninja/post/bukwild-2/
Lapa Ninja (Post),Tori Hinn,PORTFOLIO,,,https://cdn.lapa.ninja/assets/images/1x/torihinn-thumb.webp,https://www.lapa.ninja/post/torihinn/
Lapa Ninja (Post),THEY THE THEM ARE WE,COMMUNITY,,,https://cdn.lapa.ninja/assets/images/1x/theythethemarewe-thumb.webp,https://www.lapa.ninja/post/theythethemarewe/
Lapa Ninja (Post),Nofilter.space,NEWS,,,https://cdn.lapa.ninja/assets/images/1x/nofilter-space-thumb.webp,https://www.lapa.ninja/post/nofilter-space/
Lapa Ninja (Post),Infrared,HEALTH FITNESS,,,https://cdn.lapa.ninja/assets/images/1x/infraredmindbody-thumb.webp,https://www.lapa.ninja/post/infraredmindbody/
Lapa Ninja (Post),Serino,FASHION,,,https://cdn.lapa.ninja/assets/images/1x/serino-studio-thumb.webp,https://www.lapa.ninja/post/serino-studio/
Lapa Ninja (Post),Revolut,FINTECH,,,https://cdn.lapa.ninja/assets/images/1x/revolut-08-28-2021-thumb.webp,https://www.lapa.ninja/post/revolut-3/
Lapa Ninja (Post),Kieran Parker,PORTFOLIO,,,https://cdn.lapa.ninja/assets/images/1x/kieranparker-thumb.webp,https://www.lapa.ninja/post/kieranparker/
Lapa Ninja (Post),MOZOM,STUDIO,,,https://cdn.lapa.ninja/assets/images/1x/mozom-1-thumb.webp,https://www.lapa.ninja/post/mozom-1/
Lapa Ninja (Post),FENN,BEAUTY,,,https://cdn.lapa.ninja/assets/images/1x/fennstore-thumb.webp,https://www.lapa.ninja/post/fennstore/
Lapa Ninja (Post),Mailchimp,MAIL,,,https://cdn.lapa.ninja/assets/images/1x/mailchimp-08-28-2021-thumb.webp,https://www.lapa.ninja/post/mailchimp-4/
Lapa Ninja (Post),Macro,SOFTWARE,,,https://cdn.lapa.ninja/assets/images/1x/macro-thumb.webp,https://www.lapa.ninja/post/macro/
Lapa Ninja (Post),UNION©,CORPORATE,,,https://cdn.lapa.ninja/assets/images/1x/unionconstruction-thumb.webp,https://www.lapa.ninja/post/unionconstruction/
Lapa Ninja (Post),Clain,BLOCKCHAIN,,,https://cdn.lapa.ninja/assets/images/1x/clain-thumb.webp,https://www.lapa.ninja/post/clain/
Lapa Ninja (Post),Podcorn,CORPORATE,,,https://cdn.lapa.ninja/assets/images/1x/podcorn-thumb.webp,https://www.lapa.ninja/post/podcorn/
Lapa Ninja (Post),Scruples Studio,STUDIO,,,https://cdn.lapa.ninja/assets/images/1x/scruples-studio-thumb.webp,https://www.lapa.ninja/post/scruples-studio/
Lapa Ninja (Post),antinomy,STUDIO,,,https://cdn.lapa.ninja/assets/images/1x/antinomy-thumb.webp,https://www.lapa.ninja/post/antinomy/
Lapa Ninja (Post),Bastien Allard,PORTFOLIO,,,https://cdn.lapa.ninja/assets/images/1x/bastienallard-08-26-2021-thumb.webp,https://www.lapa.ninja/post/bastienallard-2/
Lapa Ninja (Post),Camille Luang,PORTFOLIO,,,https://cdn.lapa.ninja/assets/images/1x/camilleluang-thumb.webp,https://www.lapa.ninja/post/camilleluang/
Lapa Ninja (Post),Cleo,APP,,,https://cdn.lapa.ninja/assets/images/1x/meetcleo-thumb.webp,https://www.lapa.ninja/post/meetcleo/
Lapa Ninja (Post),Giulia Saporito,PORTFOLIO,,,https://cdn.lapa.ninja/assets/images/1x/giuliasaporito-thumb.webp,https://www.lapa.ninja/post/giuliasaporito/
Lapa Ninja (Post),Pipe,PRODUCTIVITY,,,https://cdn.lapa.ninja/assets/images/1x/pipe-thumb.webp,https://www.lapa.ninja/post/pipe/
Lapa Ninja (Post),Potion Lifestyle,BEAUTY,,,https://cdn.lapa.ninja/assets/images/1x/potionlifestyle-thumb.webp,https://www.lapa.ninja/post/potionlifestyle/
Lapa Ninja (Post),Kinn Home,ECOMMERCE,,,https://cdn.lapa.ninja/assets/images/1x/kinnhome-thumb.webp,https://www.lapa.ninja/post/kinnhome/
Lapa Ninja (Post),Occo Spices,FOOD DRINKS,,,https://cdn.lapa.ninja/assets/images/1x/eatocco-thumb.webp,https://www.lapa.ninja/post/eatocco/
Lapa Ninja (Post),Parquet Courts,ILLUSTRATION,,,https://cdn.lapa.ninja/assets/images/1x/parquet-courts-thumb.webp,https://www.lapa.ninja/post/parquet-courts/
Lapa Ninja (Post),The Well,NFT,,,https://cdn.lapa.ninja/assets/images/1x/the-well-thumb.webp,https://www.lapa.ninja/post/the-well/
Lapa Ninja (Post),SUPERGLOW,AGENCY,,,https://cdn.lapa.ninja/assets/images/1x/superglow-thumb.webp,https://www.lapa.ninja/post/superglow/
Lapa Ninja (Post),Kookslams Hard Seltzer,FOOD DRINKS,,,https://cdn.lapa.ninja/assets/images/1x/kookslamshardseltzer-thumb.webp,https://www.lapa.ninja/post/kookslamshardseltzer/
Lapa Ninja (Post),Crosta & Mollica,FOOD DRINKS,,,https://cdn.lapa.ninja/assets/images/1x/crostamollica-thumb.webp,https://www.lapa.ninja/post/crostamollica/
Lapa Ninja (Post),Nuno Pereira Sousa,PORTFOLIO,,,https://cdn.lapa.ninja/assets/images/1x/nunops-thumb.webp,https://www.lapa.ninja/post/nunops/
Lapa Ninja (Post),Mario Gogh,PORTFOLIO,,,https://cdn.lapa.ninja/assets/images/1x/mariogogh-thumb.webp,https://www.lapa.ninja/post/mariogogh/
Lapa Ninja (Post),Maciej Mach,PORTFOLIO,,,https://cdn.lapa.ninja/assets/images/1x/maciejmach-thumb.webp,https://www.lapa.ninja/post/maciejmach/
Lapa Ninja (Post),Alike,APP,,,https://cdn.lapa.ninja/assets/images/1x/alike-thumb.webp,https://www.lapa.ninja/post/alike/
Lapa Ninja (Post),Atlantis Technology,ILLUSTRATION,,,https://cdn.lapa.ninja/assets/images/1x/atlantistech-thumb.webp,https://www.lapa.ninja/post/atlantistech/
Lapa Ninja (Post),Scope of Work,AGENCY,,,https://cdn.lapa.ninja/assets/images/1x/scopeofwork-thumb.webp,https://www.lapa.ninja/post/scopeofwork/
Lapa Ninja (Post),FUTUREVVORLD,COMMUNITY,,,https://cdn.lapa.ninja/assets/images/1x/futurevvorld-thumb.webp,https://www.lapa.ninja/post/futurevvorld/
Lapa Ninja (Post),Fussy,ECOMMERCE,,,https://cdn.lapa.ninja/assets/images/1x/getfussy-thumb.webp,https://www.lapa.ninja/post/getfussy/
Lapa Ninja (Post),Bloomers,AGENCY,,,https://cdn.lapa.ninja/assets/images/1x/bloomers-thumb.webp,https://www.lapa.ninja/post/bloomers/
Lapa Ninja (Post),Henry Desroches,PORTFOLIO,,,https://cdn.lapa.ninja/assets/images/1x/henry-codes-thumb.webp,https://www.lapa.ninja/post/henry-codes/
Lapa Ninja (Post),TOGETHXR,ECOMMERCE,,,https://cdn.lapa.ninja/assets/images/1x/togethxr-thumb.webp,https://www.lapa.ninja/post/togethxr/
Lapa Ninja (Post),Drive Capital,AGENCY,,,https://cdn.lapa.ninja/assets/images/1x/drivecapital-thumb.webp,https://www.lapa.ninja/post/drivecapital/
Lapa Ninja (Post),Hugo Nicaise,PORTFOLIO,,,https://cdn.lapa.ninja/assets/images/1x/hugonicaise-thumb.webp,https://www.lapa.ninja/post/hugonicaise/
Lapa Ninja (Post),Stream Club,COMMUNITY,,,https://cdn.lapa.ninja/assets/images/1x/streamclub-thumb.webp,https://www.lapa.ninja/post/streamclub/
Lapa Ninja (Post),Leonid Kostetskyi,PORTFOLIO,,,https://cdn.lapa.ninja/assets/images/1x/leonidkostetskyi-thumb.webp,https://www.lapa.ninja/post/leonidkostetskyi/
Lapa Ninja (Post),Epicurrence,EVENT,,,https://cdn.lapa.ninja/assets/images/1x/epicurrence-2021-thumb.webp,https://www.lapa.ninja/post/epicurrence-2021/
Lapa Ninja (Post),Club local,FOOD DRINKS,,,https://cdn.lapa.ninja/assets/images/1x/clublocal-thumb.webp,https://www.lapa.ninja/post/clublocal/
Lapa Ninja (Post),Makeshift Brooklyn,STUDIO,,,https://cdn.lapa.ninja/assets/images/1x/makeshiftbk-thumb.webp,https://www.lapa.ninja/post/makeshiftbk/
Lapa Ninja (Post),Ljubicic Tennis Academy,EDUCATION,,,https://cdn.lapa.ninja/assets/images/1x/ljubicicacademy-thumb.webp,https://www.lapa.ninja/post/ljubicicacademy/
Lapa Ninja (Post),Section Cut,EVENT,,,https://cdn.lapa.ninja/assets/images/1x/sectioncut-thumb.webp,https://www.lapa.ninja/post/sectioncut/
Lapa Ninja (Post),Hyphen,TECHNOLOGY,,,https://cdn.lapa.ninja/assets/images/1x/usehyphen-thumb.webp,https://www.lapa.ninja/post/usehyphen/
Lapa Ninja (Post),K72 Agency,AGENCY,,,https://cdn.lapa.ninja/assets/images/1x/k72-thumb.webp,https://www.lapa.ninja/post/k72/
Lapa Ninja (Post),Kazuki Noda,PORTFOLIO,,,https://cdn.lapa.ninja/assets/images/1x/kazukinoda-thumb.webp,https://www.lapa.ninja/post/kazukinoda/
Lapa Ninja (Post),Media.Monks,AGENCY,,,https://cdn.lapa.ninja/assets/images/1x/media-monks-thumb.webp,https://www.lapa.ninja/post/media-monks/
Lapa Ninja (Post),Lucas Mesa Gouiffes,,,,https://cdn.lapa.ninja/assets/images/1x/lucasmesagouiffes-thumb.webp,https://www.lapa.ninja/post/lucasmesagouiffes/
Lapa Ninja (Post),twelveNYC,AGENCY,,,https://cdn.lapa.ninja/assets/images/1x/twelvenyc-thumb.webp,https://www.lapa.ninja/post/twelvenyc/
Lapa Ninja (Post),Cliphire,PRODUCTIVITY,,,https://cdn.lapa.ninja/assets/images/1x/cliphire-thumb.webp,https://www.lapa.ninja/post/cliphire/
Lapa Ninja (Post),Nobell Foods,FOOD DRINKS,,,https://cdn.lapa.ninja/assets/images/1x/nobellfoods-thumb.webp,https://www.lapa.ninja/post/nobellfoods/
Lapa Ninja (Post),Palantir IR,BUSINESS,,,https://cdn.lapa.ninja/assets/images/1x/palantir-thumb.webp,https://www.lapa.ninja/post/palantir/
Lapa Ninja (Post),Steve Carr,PORTFOLIO,,,https://cdn.lapa.ninja/assets/images/1x/stevecarr-thumb.webp,https://www.lapa.ninja/post/stevecarr/
Lapa Ninja (Post),GCG DAO,NFT,,,https://cdn.lapa.ninja/assets/images/1x/gcgdao-thumb.webp,https://www.lapa.ninja/post/gcgdao/
Lapa Ninja (Post),Felt,TECHNOLOGY,,,https://cdn.lapa.ninja/assets/images/1x/felt-thumb.webp,https://www.lapa.ninja/post/felt/
Lapa Ninja (Post),Bryn Taylor,PORTFOLIO,,,https://cdn.lapa.ninja/assets/images/1x/bryntaylor-thumb.webp,https://www.lapa.ninja/post/bryntaylor/
Lapa Ninja (Post),read.cv,COMMUNITY,,,https://cdn.lapa.ninja/assets/images/1x/read-cv-thumb.webp,https://www.lapa.ninja/post/read-cv/
Lapa Ninja (Post),BAGGU,ECOMMERCE,,,https://cdn.lapa.ninja/assets/images/1x/baggu-thumb.webp,https://www.lapa.ninja/post/baggu/
Lapa Ninja (Post),Aura Bora,FOOD DRINKS,,,https://cdn.lapa.ninja/assets/images/1x/aurabora-thumb.webp,https://www.lapa.ninja/post/aurabora/
Lapa Ninja (Post),Navarra.is,AGENCY,,,https://cdn.lapa.ninja/assets/images/1x/navarra-thumb.webp,https://www.lapa.ninja/post/navarra/
Lapa Ninja (Post),Studio Bicyclette,STUDIO,,,https://cdn.lapa.ninja/assets/images/1x/studiobicyclette-thumb.webp,https://www.lapa.ninja/post/studiobicyclette/
Lapa Ninja (Post),Liquid Crystal,AGENCY,,,https://cdn.lapa.ninja/assets/images/1x/makebeautifulwork-thumb.webp,https://www.lapa.ninja/post/makebeautifulwork/
Lapa Ninja (Post),Evermade,AGENCY,,,https://cdn.lapa.ninja/assets/images/1x/evermade-thumb.webp,https://www.lapa.ninja/post/evermade/
Lapa Ninja (Post),luge,DEVELOPMENT TOOLS,,,https://cdn.lapa.ninja/assets/images/1x/luge-thumb.webp,https://www.lapa.ninja/post/luge/
Lapa Ninja (Post),Miew,STUDIO,,,https://cdn.lapa.ninja/assets/images/1x/miew-thumb.webp,https://www.lapa.ninja/post/miew/
Lapa Ninja (Post),How Many Plants,ILLUSTRATION,,,https://cdn.lapa.ninja/assets/images/1x/howmanyplants-thumb.webp,https://www.lapa.ninja/post/howmanyplants/
Lapa Ninja (Post),Instinct Origine,FOOD DRINKS,,,https://cdn.lapa.ninja/assets/images/1x/instinct-paris-thumb.webp,https://www.lapa.ninja/post/instinct-paris/
Lapa Ninja (Post),McLane Teitel,PORTFOLIO,,,https://cdn.lapa.ninja/assets/images/1x/mclane-thumb.webp,https://www.lapa.ninja/post/mclane/
Lapa Ninja (Post),Pluto,APP,,,https://cdn.lapa.ninja/assets/images/1x/pluto-thumb.webp,https://www.lapa.ninja/post/pluto/
Lapa Ninja (Post),Gucci Osteria,REAL ESTATE,,,https://cdn.lapa.ninja/assets/images/1x/gucciosteria-thumb.webp,https://www.lapa.ninja/post/gucciosteria/
Lapa Ninja (Post),Flowmingo,EDUCATION,,,https://cdn.lapa.ninja/assets/images/1x/flowmingo-thumb.webp,https://www.lapa.ninja/post/flowmingo/
Lapa Ninja (Post),Anti,FURNITURE INTERIORS,,,https://cdn.lapa.ninja/assets/images/1x/anti-waste-thumb.webp,https://www.lapa.ninja/post/anti-waste/
Lapa Ninja (Post),Hello Astro,AGENCY,,,https://cdn.lapa.ninja/assets/images/1x/helloastro-thumb.webp,https://www.lapa.ninja/post/helloastro/
Lapa Ninja (Post),Norimasa Inoue,PORTFOLIO,,,https://cdn.lapa.ninja/assets/images/1x/nori-inoue-thumb.webp,https://www.lapa.ninja/post/nori-inoue/
Lapa Ninja (Post),Airbnb,OUTDOORS TRAVEL,,,https://cdn.lapa.ninja/assets/images/1x/airbnb-08-06-2021-thumb.webp,https://www.lapa.ninja/post/airbnb-3/
Lapa Ninja (Post),GEN Z 💧,FOOD DRINKS,,,https://cdn.lapa.ninja/assets/images/1x/drinkgenz-thumb.webp,https://www.lapa.ninja/post/drinkgenz/
Lapa Ninja (Post),Cards Against Humanity,COMMUNITY,,,https://cdn.lapa.ninja/assets/images/1x/cardsagainsthumanity-thumb.webp,https://www.lapa.ninja/post/cardsagainsthumanity/
Lapa Ninja (Post),Playdate,TECHNOLOGY,,,https://cdn.lapa.ninja/assets/images/1x/play-date-08-06-2021-thumb.webp,https://www.lapa.ninja/post/play-date-2/
Lapa Ninja (Post),Miti Navi,AUTOMOTIVE,,,https://cdn.lapa.ninja/assets/images/1x/miti-navi-thumb.webp,https://www.lapa.ninja/post/miti-navi/
Lapa Ninja (Post),A Human Future,STUDIO,,,https://cdn.lapa.ninja/assets/images/1x/ahumanfuture-thumb.webp,https://www.lapa.ninja/post/ahumanfuture/
Lapa Ninja (Post),Jacob Leech,PORTFOLIO,,,https://cdn.lapa.ninja/assets/images/1x/jacobleech-thumb.webp,https://www.lapa.ninja/post/jacobleech/
Lapa Ninja (Post),Vita Architecture,STUDIO,,,https://cdn.lapa.ninja/assets/images/1x/vitaarchitecture-thumb.webp,https://www.lapa.ninja/post/vitaarchitecture/
Lapa Ninja (Post),Hagi's Barber Shop,CULTURE,,,https://cdn.lapa.ninja/assets/images/1x/hagisbarbershop-thumb.webp,https://www.lapa.ninja/post/hagisbarbershop/
Lapa Ninja (Post),GRETA,PORTFOLIO,,,https://cdn.lapa.ninja/assets/images/1x/gretamusic-thumb.webp,https://www.lapa.ninja/post/gretamusic/
Lapa Ninja (Post),Mary & Maurizio,PHOTOGRAPHY,,,https://cdn.lapa.ninja/assets/images/1x/quattrostudio-01-thumb.webp,https://www.lapa.ninja/post/quattrostudio/
Lapa Ninja (Post),SUPERCONTINENT,STUDIO,,,https://cdn.lapa.ninja/assets/images/1x/supercontinent-thumb.webp,https://www.lapa.ninja/post/supercontinent/
Lapa Ninja (Post),Liveblocks,TECHNOLOGY,,,https://cdn.lapa.ninja/assets/images/1x/liveblocks-thumb.webp,https://www.lapa.ninja/post/liveblocks/
Lapa Ninja (Post),Avalanche,BLOCKCHAIN,,,https://cdn.lapa.ninja/assets/images/1x/avax-network-thumb.webp,https://www.lapa.ninja/post/avax-network/
Lapa Ninja (Post),Lemon Squeezy,TECHNOLOGY,,,https://cdn.lapa.ninja/assets/images/1x/lemonsqueezy-thumb.webp,https://www.lapa.ninja/post/lemonsqueezy/
Lapa Ninja (Post),No-Code Conference 2021,EVENT,,,https://cdn.lapa.ninja/assets/images/1x/nocodeconf-thumb.webp,https://www.lapa.ninja/post/nocodeconf/
Lapa Ninja (Post),Google Bug Hunters,TECHNOLOGY,,,https://cdn.lapa.ninja/assets/images/1x/bughunters-thumb.webp,https://www.lapa.ninja/post/bughunters/
Lapa Ninja (Post),Robotos,ILLUSTRATION,,,https://cdn.lapa.ninja/assets/images/1x/robotos-thumb.webp,https://www.lapa.ninja/post/robotos/
Lapa Ninja (Post),Glossarie,STUDIO,,,https://cdn.lapa.ninja/assets/images/1x/glossarie-thumb.webp,https://www.lapa.ninja/post/glossarie/
Lapa Ninja (Post),Naomi Osaka,PORTFOLIO,,,https://cdn.lapa.ninja/assets/images/1x/naomiosaka-thumb.webp,https://www.lapa.ninja/post/naomiosaka/
Lapa Ninja (Post),Post Familiar Wine,FOOD DRINKS,,,https://cdn.lapa.ninja/assets/images/1x/postfamiliar-thumb.webp,https://www.lapa.ninja/post/postfamiliar/
Lapa Ninja (Post),Rachel Austin,PORTFOLIO,,,https://cdn.lapa.ninja/assets/images/1x/rachelaustin-thumb.webp,https://www.lapa.ninja/post/rachelaustin/
Lapa Ninja (Post),D.M Brut,FOOD DRINKS,,,https://cdn.lapa.ninja/assets/images/1x/dmbrut-thumb.webp,https://www.lapa.ninja/post/dmbrut/
Lapa Ninja (Post),Molly Stubbs,PORTFOLIO,,,https://cdn.lapa.ninja/assets/images/1x/mollystubbs-thumb.webp,https://www.lapa.ninja/post/mollystubbs/
Lapa Ninja (Post),WEVE,COMMUNITY,,,https://cdn.lapa.ninja/assets/images/1x/weve-thumb.webp,https://www.lapa.ninja/post/weve/
Lapa Ninja (Post),NORF,STUDIO,,,https://cdn.lapa.ninja/assets/images/1x/norfstudio-thumb.webp,https://www.lapa.ninja/post/norfstudio/
Lapa Ninja (Post),carbonplan,CORPORATE,,,https://cdn.lapa.ninja/assets/images/1x/carbonplan-thumb.webp,https://www.lapa.ninja/post/carbonplan/
Lapa Ninja (Post),mmm.page,DESIGN TOOLS,,,https://cdn.lapa.ninja/assets/images/1x/mmm-page-thumb.webp,https://www.lapa.ninja/post/mmm-page/
Lapa Ninja (Post),Passbase,TECHNOLOGY,,,https://cdn.lapa.ninja/assets/images/1x/passbase-thumb.webp,https://www.lapa.ninja/post/passbase/
Lapa Ninja (Post),Typelab,FOUNDRY,,,https://cdn.lapa.ninja/assets/images/1x/typelab-thumb.webp,https://www.lapa.ninja/post/typelab/
Lapa Ninja (Post),Expo,DEVELOPMENT TOOLS,,,https://cdn.lapa.ninja/assets/images/1x/expo-07-25-2021-thumb.webp,https://www.lapa.ninja/post/expo-2/
Lapa Ninja (Post),Arvin Leeuwis,PORTFOLIO,,,https://cdn.lapa.ninja/assets/images/1x/arvinleeuwis-thumb.webp,https://www.lapa.ninja/post/arvinleeuwis/
Lapa Ninja (Post),Drink Zuzu,FOOD DRINKS,,,https://cdn.lapa.ninja/assets/images/1x/drinkzuzu-thumb.webp,https://www.lapa.ninja/post/drinkzuzu/
Lapa Ninja (Post),10kdesigners,EDUCATION,,,https://cdn.lapa.ninja/assets/images/1x/10kdesigners-thumb.webp,https://www.lapa.ninja/post/10kdesigners/
Lapa Ninja (Post),C.W. Urban,REAL ESTATE,,,https://cdn.lapa.ninja/assets/images/1x/builtbycw-thumb.webp,https://www.lapa.ninja/post/builtbycw/
Lapa Ninja (Post),Enrojecerse,BLOG,,,https://cdn.lapa.ninja/assets/images/1x/enrojecerse-thumb.webp,https://www.lapa.ninja/post/enrojecerse/
Lapa Ninja (Post),NoGood,AGENCY,,,https://cdn.lapa.ninja/assets/images/1x/nogood-thumb.webp,https://www.lapa.ninja/post/nogood/
Lapa Ninja (Post),Dovetail,ILLUSTRATION,,,https://cdn.lapa.ninja/assets/images/1x/dovetailapp-thumb.webp,https://www.lapa.ninja/post/dovetailapp/
Lapa Ninja (Post),Sarah Guo,PORTFOLIO,,,https://cdn.lapa.ninja/assets/images/1x/sarahguo-thumb.webp,https://www.lapa.ninja/post/sarahguo/
Lapa Ninja (Post),norda run,ECOMMERCE,,,https://cdn.lapa.ninja/assets/images/1x/nordarun-thumb.webp,https://www.lapa.ninja/post/nordarun/
Lapa Ninja (Post),Sundae Finest,FASHION,,,https://cdn.lapa.ninja/assets/images/1x/sundaefinest-thumb.webp,https://www.lapa.ninja/post/sundaefinest/
Lapa Ninja (Post),TransactionLink,FINANCE,,,https://cdn.lapa.ninja/assets/images/1x/transactionlink-thumb.webp,https://www.lapa.ninja/post/transactionlink/
Lapa Ninja (Post),Bio Link,MINIMAL,,,https://cdn.lapa.ninja/assets/images/1x/bio-link-thumb.webp,https://www.lapa.ninja/post/bio-link/
Lapa Ninja (Post),Entireworld,FASHION,,,https://cdn.lapa.ninja/assets/images/1x/theentireworld-thumb.webp,https://www.lapa.ninja/post/theentireworld/
Lapa Ninja (Post),by Humankind,BEAUTY,,,https://cdn.lapa.ninja/assets/images/1x/byhumankind-thumb.webp,https://www.lapa.ninja/post/byhumankind/
Lapa Ninja (Post),Helft & Pinta,PHOTOGRAPHY,,,https://cdn.lapa.ninja/assets/images/1x/helftpinta-thumb.webp,https://www.lapa.ninja/post/helftpinta/
Lapa Ninja (Post),Clover,PRODUCTIVITY,,,https://cdn.lapa.ninja/assets/images/1x/cloverapp-07-17-2021-thumb.webp,https://www.lapa.ninja/post/cloverapp-2/
Lapa Ninja (Post),TWOTWO,ECOMMERCE,,,https://cdn.lapa.ninja/assets/images/1x/twotwo-thumb.webp,https://www.lapa.ninja/post/twotwo/
Lapa Ninja (Post),Sketch,DESIGN TOOLS,,,https://cdn.lapa.ninja/assets/images/1x/sketch-07-17-2021-thumb.webp,https://www.lapa.ninja/post/sketch-3/
Lapa Ninja (Post),Pixel True,STUDIO,,,https://cdn.lapa.ninja/assets/images/1x/pixeltrue-thumb.webp,https://www.lapa.ninja/post/pixeltrue/
Lapa Ninja (Post),Fresh Prince Store,FASHION,,,https://cdn.lapa.ninja/assets/images/1x/freshprincestore-thumb.webp,https://www.lapa.ninja/post/freshprincestore/
Lapa Ninja (Post),Danilo Campos,PORTFOLIO,,,https://cdn.lapa.ninja/assets/images/1x/danilocampos-thumb.webp,https://www.lapa.ninja/post/danilocampos/
Lapa Ninja (Post),Invision Freehand,DESIGN TOOLS,,,https://cdn.lapa.ninja/assets/images/1x/invision-freehand-thumb.webp,https://www.lapa.ninja/post/invision-freehand/
Lapa Ninja (Post),Stay At Home Kids,MINIMAL,,,https://cdn.lapa.ninja/assets/images/1x/stay-at-home-kids-thumb.webp,https://www.lapa.ninja/post/stay-at-home-kids/
Lapa Ninja (Post),Alexander Morris,PORTFOLIO,,,https://cdn.lapa.ninja/assets/images/1x/alexandermorris-thumb.webp,https://www.lapa.ninja/post/alexandermorris/
Lapa Ninja (Post),Steam Deck,ENTERTAINMENT,,,https://cdn.lapa.ninja/assets/images/1x/steamdeck-thumb.webp,https://www.lapa.ninja/post/steamdeck/
Lapa Ninja (Post),Kibana,HOME LIVING,,,https://cdn.lapa.ninja/assets/images/1x/wearekibana-thumb.webp,https://www.lapa.ninja/post/wearekibana/
Lapa Ninja (Post),Dead Startup Toys,CREATIVE,,,https://cdn.lapa.ninja/assets/images/1x/deadstartuptoys-thumb.webp,https://www.lapa.ninja/post/deadstartuptoys/
Lapa Ninja (Post),Apotheke,BEAUTY,,,https://cdn.lapa.ninja/assets/images/1x/apothekeperfume-thumb.webp,https://www.lapa.ninja/post/apothekeperfume/
Lapa Ninja (Post),hello harbor,APP,,,https://cdn.lapa.ninja/assets/images/1x/helloharbor-thumb.webp,https://www.lapa.ninja/post/helloharbor/
Lapa Ninja (Post),Webbed Briefs,BLOG,,,https://cdn.lapa.ninja/assets/images/1x/briefs-thumb.webp,https://www.lapa.ninja/post/briefs/
Lapa Ninja (Post),Batch,APP,,,https://cdn.lapa.ninja/assets/images/1x/getbatch-thumb.webp,https://www.lapa.ninja/post/getbatch/
Lapa Ninja (Post),Miquel Pons,PORTFOLIO,,,https://cdn.lapa.ninja/assets/images/1x/miquelpons-thumb.webp,https://www.lapa.ninja/post/miquelpons/
Lapa Ninja (Post),Break Maiden,STUDIO,,,https://cdn.lapa.ninja/assets/images/1x/breakmaiden-thumb.webp,https://www.lapa.ninja/post/breakmaiden/
Lapa Ninja (Post),Gabriel Valdivia,PORTFOLIO,,,https://cdn.lapa.ninja/assets/images/1x/gabrielvaldivia-thumb.webp,https://www.lapa.ninja/post/gabrielvaldivia/
Lapa Ninja (Post),Obviously AI,ARTIFICIAL INTELLIGENCE,,,https://cdn.lapa.ninja/assets/images/1x/obviously-thumb.webp,https://www.lapa.ninja/post/obviously/
Lapa Ninja (Post),Taylor Nowotny,PORTFOLIO,,,https://cdn.lapa.ninja/assets/images/1x/taylornowotny-thumb.webp,https://www.lapa.ninja/post/taylornowotny/
Lapa Ninja (Post),Sometimes Always,FOOD DRINKS,,,https://cdn.lapa.ninja/assets/images/1x/sometimesalways-thumb.webp,https://www.lapa.ninja/post/sometimesalways/
Lapa Ninja (Post),Bad Boys,ECOMMERCE,,,https://cdn.lapa.ninja/assets/images/1x/bad-boys-thumb.webp,https://www.lapa.ninja/post/bad-boys/
Lapa Ninja (Post),Fred Nerby,PORTFOLIO,,,https://cdn.lapa.ninja/assets/images/1x/nerby-thumb.webp,https://www.lapa.ninja/post/nerby/
Lapa Ninja (Post),Alex Fisher Design,PORTFOLIO,,,https://cdn.lapa.ninja/assets/images/1x/alexfisherdesign-thumb.webp,https://www.lapa.ninja/post/alexfisherdesign/
Lapa Ninja (Post),Glide,DEVELOPMENT TOOLS,,,https://cdn.lapa.ninja/assets/images/1x/glideapps-thumb.webp,https://www.lapa.ninja/post/glideapps/
Lapa Ninja (Post),GitHub Copilot,DEVELOPMENT TOOLS,,,https://cdn.lapa.ninja/assets/images/1x/github-copilot-thumb.webp,https://www.lapa.ninja/post/github-copilot/
Lapa Ninja (Post),Runway,ARTIFICIAL INTELLIGENCE,,,https://cdn.lapa.ninja/assets/images/1x/runwayml-07-07-2021-thumb.webp,https://www.lapa.ninja/post/runwayml-3/
Lapa Ninja (Post),Welcome Software,TECHNOLOGY,,,https://cdn.lapa.ninja/assets/images/1x/welcomesoftware-thumb.webp,https://www.lapa.ninja/post/welcomesoftware/
Lapa Ninja (Post),Arthur Simonini,PORTFOLIO,,,https://cdn.lapa.ninja/assets/images/1x/arthursimonini-thumb.webp,https://www.lapa.ninja/post/arthursimonini/
Lapa Ninja (Post),Erdensen,ECOMMERCE,,,https://cdn.lapa.ninja/assets/images/1x/erdensen-thumb.webp,https://www.lapa.ninja/post/erdensen/
Lapa Ninja (Post),Glob,ECOMMERCE,,,https://cdn.lapa.ninja/assets/images/1x/glob-thumb.webp,https://www.lapa.ninja/post/glob/
Lapa Ninja (Post),Justified Studio,STUDIO,,,https://cdn.lapa.ninja/assets/images/1x/justified-studio-thumb.webp,https://www.lapa.ninja/post/justified-studio/
Lapa Ninja (Post),Stutpak,PORTFOLIO,,,https://cdn.lapa.ninja/assets/images/1x/stutpak-thumb.webp,https://www.lapa.ninja/post/stutpak/
Lapa Ninja (Post),Joshua Söhn,PORTFOLIO,,,https://cdn.lapa.ninja/assets/images/1x/joshuasoehn-thumb.webp,https://www.lapa.ninja/post/joshuasoehn/
Lapa Ninja (Post),Lance,APP,,,https://cdn.lapa.ninja/assets/images/1x/lance-thumb.webp,https://www.lapa.ninja/post/lance/
Lapa Ninja (Post),A Color Bright,AGENCY,,,https://cdn.lapa.ninja/assets/images/1x/acolorbright-thumb.webp,https://www.lapa.ninja/post/acolorbright/
Lapa Ninja (Post),Otta,BUSINESS,,,https://cdn.lapa.ninja/assets/images/1x/otta-thumb.webp,https://www.lapa.ninja/post/otta/
Lapa Ninja (Post),Haraldur Thorleifsson,PORTFOLIO,,,https://cdn.lapa.ninja/assets/images/1x/haraldurthorleifsson-thumb.webp,https://www.lapa.ninja/post/haraldurthorleifsson/
Lapa Ninja (Post),KIKK Festival 2021,EVENT,,,https://cdn.lapa.ninja/assets/images/1x/kikk-2021-thumb.webp,https://www.lapa.ninja/post/kikk-2021/
Lapa Ninja (Post),Valeria Francis,PORTFOLIO,,,https://cdn.lapa.ninja/assets/images/1x/valeriafrancis-thumb.webp,https://www.lapa.ninja/post/valeriafrancis/
Lapa Ninja (Post),Oku,APP,,,https://cdn.lapa.ninja/assets/images/1x/oku-thumb.webp,https://www.lapa.ninja/post/oku/
Lapa Ninja (Post),Mojo SuperMarket,AGENCY,,,https://cdn.lapa.ninja/assets/images/1x/mojosuper-market-thumb.webp,https://www.lapa.ninja/post/mojosuper-market/
Lapa Ninja (Post),Beseda,APP,,,https://cdn.lapa.ninja/assets/images/1x/beseda-thumb.webp,https://www.lapa.ninja/post/beseda/
Lapa Ninja (Post),ChangMade,PORTFOLIO,,,https://cdn.lapa.ninja/assets/images/1x/changmade-thumb.webp,https://www.lapa.ninja/post/changmade/
Lapa Ninja (Post),Snapple Spiked,FOOD DRINKS,,,https://cdn.lapa.ninja/assets/images/1x/snapplespiked-thumb.webp,https://www.lapa.ninja/post/snapplespiked/
Lapa Ninja (Post),Open Art,DESIGN TOOLS,,,https://cdn.lapa.ninja/assets/images/1x/openui-thumb.webp,https://www.lapa.ninja/post/openui/
Lapa Ninja (Post),The Summer Drive,EVENT,,,https://cdn.lapa.ninja/assets/images/1x/thesummerdrive-thumb.webp,https://www.lapa.ninja/post/thesummerdrive/
Lapa Ninja (Post),Figure 1 Beauty,BEAUTY,,,https://cdn.lapa.ninja/assets/images/1x/fig-1-thumb.webp,https://www.lapa.ninja/post/fig-1/
Lapa Ninja (Post),Yann-Edern Gillet,PORTFOLIO,,,https://cdn.lapa.ninja/assets/images/1x/yannglt-thumb.webp,https://www.lapa.ninja/post/yannglt/
Lapa Ninja (Post),Doo,APP,,,https://cdn.lapa.ninja/assets/images/1x/getdooapp-thumb.webp,https://www.lapa.ninja/post/getdooapp/
Lapa Ninja (Post),Authentic Artists,ARTIFICIAL INTELLIGENCE,,,https://cdn.lapa.ninja/assets/images/1x/authentic-artists-thumb.webp,https://www.lapa.ninja/post/authentic-artists/
Lapa Ninja (Post),Pierre Hardy,ECOMMERCE,,,https://cdn.lapa.ninja/assets/images/1x/pierrehardy-thumb.webp,https://www.lapa.ninja/post/pierrehardy/
Lapa Ninja (Post),Peppa Sauce,FOOD DRINKS,,,https://cdn.lapa.ninja/assets/images/1x/peppasauce-thumb.webp,https://www.lapa.ninja/post/peppasauce/
Lapa Ninja (Post),Yubo,APP,,,https://cdn.lapa.ninja/assets/images/1x/yubo-thumb.webp,https://www.lapa.ninja/post/yubo/
Lapa Ninja (Post),AngelList Venture,CORPORATE,,,https://cdn.lapa.ninja/assets/images/1x/angellist-thumb.webp,https://www.lapa.ninja/post/angellist/
Lapa Ninja (Post),Fable,DESIGN TOOLS,,,https://cdn.lapa.ninja/assets/images/1x/fable-06-18-2021-thumb.webp,https://www.lapa.ninja/post/fable-2/
Lapa Ninja (Post),Pitch,DESIGN TOOLS,,,https://cdn.lapa.ninja/assets/images/1x/pitch-06-18-2021-thumb.webp,https://www.lapa.ninja/post/pitch-4/
Lapa Ninja (Post),Relieve Furniture,CORPORATE,,,https://cdn.lapa.ninja/assets/images/1x/relievefurniture-thumb.webp,https://www.lapa.ninja/post/relievefurniture/
Lapa Ninja (Post),Zero Egg,FOOD DRINKS,,,https://cdn.lapa.ninja/assets/images/1x/zeroeggfood-thumb.webp,https://www.lapa.ninja/post/zeroeggfood/
Lapa Ninja (Post),Petaluma,ECOMMERCE,,,https://cdn.lapa.ninja/assets/images/1x/feedpetaluma-thumb.webp,https://www.lapa.ninja/post/feedpetaluma/
Lapa Ninja (Post),Harold AO,PORTFOLIO,,,https://cdn.lapa.ninja/assets/images/1x/haroldao-thumb.webp,https://www.lapa.ninja/post/haroldao/
Lapa Ninja (Post),OK Motion Club,STUDIO,,,https://cdn.lapa.ninja/assets/images/1x/okmotion-thumb.webp,https://www.lapa.ninja/post/okmotion/
Lapa Ninja (Post),Ryan Miyoshi,PORTFOLIO,,,https://cdn.lapa.ninja/assets/images/1x/ryry-thumb.webp,https://www.lapa.ninja/post/ryry/
Lapa Ninja (Post),Bathing Culture,ECOMMERCE,,,https://cdn.lapa.ninja/assets/images/1x/bathingculture-thumb.webp,https://www.lapa.ninja/post/bathingculture/
Lapa Ninja (Post),Daniele Buffa,PORTFOLIO,,,https://cdn.lapa.ninja/assets/images/1x/danielebuffa-thumb.webp,https://www.lapa.ninja/post/danielebuffa/
Lapa Ninja (Post),Flow,DESIGN TOOLS,,,https://cdn.lapa.ninja/assets/images/1x/createwithflow-06-15-2021-thumb.webp,https://www.lapa.ninja/post/createwithflow-3/
Lapa Ninja (Post),Draftbit,DESIGN TOOLS,,,https://cdn.lapa.ninja/assets/images/1x/draftbit-06-15-2021-thumb.webp,https://www.lapa.ninja/post/draftbit-2/
Lapa Ninja (Post),Safe Security,BUSINESS,,,https://cdn.lapa.ninja/assets/images/1x/safesecurity-thumb.webp,https://www.lapa.ninja/post/safesecurity/
Lapa Ninja (Post),Adrien Gervaix,PORTFOLIO,,,https://cdn.lapa.ninja/assets/images/1x/adriengervaix-thumb.webp,https://www.lapa.ninja/post/adriengervaix/
Lapa Ninja (Post),Vacation,ECOMMERCE,,,https://cdn.lapa.ninja/assets/images/1x/vacation-thumb.webp,https://www.lapa.ninja/post/vacation/
Lapa Ninja (Post),Isabel Moranta,PORTFOLIO,,,https://cdn.lapa.ninja/assets/images/1x/isabelmoranta-thumb.webp,https://www.lapa.ninja/post/isabelmoranta/
Lapa Ninja (Post),Pattern Brands,ECOMMERCE,,,https://cdn.lapa.ninja/assets/images/1x/patternbrands-06-11-2021-thumb.webp,https://www.lapa.ninja/post/patternbrands-2/
Lapa Ninja (Post),Short.io,ILLUSTRATION,,,https://cdn.lapa.ninja/assets/images/1x/short-thumb.webp,https://www.lapa.ninja/post/short/
Lapa Ninja (Post),Moon Delivers Cakes,FOOD DRINKS,,,https://cdn.lapa.ninja/assets/images/1x/moondeliverscakes-06-11-2021-thumb.webp,https://www.lapa.ninja/post/moondeliverscakes-2/
Lapa Ninja (Post),Lithic,DEVELOPMENT TOOLS,,,https://cdn.lapa.ninja/assets/images/1x/lithic-thumb.webp,https://www.lapa.ninja/post/lithic/
Lapa Ninja (Post),Cricut,TECHNOLOGY,,,https://cdn.lapa.ninja/assets/images/1x/cricut-thumb.webp,https://www.lapa.ninja/post/cricut/
Lapa Ninja (Post),Moment,FOOD DRINKS,,,https://cdn.lapa.ninja/assets/images/1x/drinkmoment-thumb.webp,https://www.lapa.ninja/post/drinkmoment/
Lapa Ninja (Post),Benefit3,HEALTH FITNESS,,,https://cdn.lapa.ninja/assets/images/1x/benefit3-thumb.webp,https://www.lapa.ninja/post/benefit3/
Lapa Ninja (Post),Lightmatter,TECHNOLOGY,,,https://cdn.lapa.ninja/assets/images/1x/lightmatter-thumb.webp,https://www.lapa.ninja/post/lightmatter/
Lapa Ninja (Post),Grummies,ECOMMERCE,,,https://cdn.lapa.ninja/assets/images/1x/eatyourgrummies-thumb.webp,https://www.lapa.ninja/post/eatyourgrummies/
Lapa Ninja (Post),Bulletproof,AGENCY,,,https://cdn.lapa.ninja/assets/images/1x/wearebulletproof-thumb.webp,https://www.lapa.ninja/post/wearebulletproof/
Lapa Ninja (Post),15Five,ILLUSTRATION,,,https://cdn.lapa.ninja/assets/images/1x/15five-thumb.webp,https://www.lapa.ninja/post/15five/
Lapa Ninja (Post),Renan de Souza,PORTFOLIO,,,https://cdn.lapa.ninja/assets/images/1x/renandesouza-thumb.webp,https://www.lapa.ninja/post/renandesouza/
Lapa Ninja (Post),July,ECOMMERCE,,,https://cdn.lapa.ninja/assets/images/1x/july-06-08-2021-thumb.webp,https://www.lapa.ninja/post/july-2/
Lapa Ninja (Post),The Doors of Dublin,ILLUSTRATION,,,https://cdn.lapa.ninja/assets/images/1x/doorsofdublin-thumb.webp,https://www.lapa.ninja/post/doorsofdublin/
Lapa Ninja (Post),Marc Silva Gonçalves,PORTFOLIO,,,https://cdn.lapa.ninja/assets/images/1x/marcsilvagoncalves-thumb.webp,https://www.lapa.ninja/post/marcsilvagoncalves/
Lapa Ninja (Post),O2 Monde,FASHION,,,https://cdn.lapa.ninja/assets/images/1x/o2monde-thumb.webp,https://www.lapa.ninja/post/o2monde/
Lapa Ninja (Post),Switchyards,REAL ESTATE,,,https://cdn.lapa.ninja/assets/images/1x/switchyards-thumb.webp,https://www.lapa.ninja/post/switchyards/
Lapa Ninja (Post),Proto.io,DESIGN TOOLS,,,https://cdn.lapa.ninja/assets/images/1x/proto-thumb.webp,https://www.lapa.ninja/post/proto/
Lapa Ninja (Post),Moonbridge,DESIGN TOOLS,,,https://cdn.lapa.ninja/assets/images/1x/moonbridge-thumb.webp,https://www.lapa.ninja/post/moonbridge/
Lapa Ninja (Post),Spencer Camp,PORTFOLIO,,,https://cdn.lapa.ninja/assets/images/1x/spencercamp-thumb.webp,https://www.lapa.ninja/post/spencercamp/
Lapa Ninja (Post),Works in Progress,MAGAZINE,,,https://cdn.lapa.ninja/assets/images/1x/worksinprogress-thumb.webp,https://www.lapa.ninja/post/worksinprogress/
Lapa Ninja (Post),Studio Ouam,STUDIO,,,https://cdn.lapa.ninja/assets/images/1x/studioouam-06-03-2021-thumb.webp,https://www.lapa.ninja/post/studioouam-2/
Lapa Ninja (Post),Marshmallow,INSURANCE,,,https://cdn.lapa.ninja/assets/images/1x/marshmallow-06-03-2021-thumb.webp,https://www.lapa.ninja/post/marshmallow-2/
Lapa Ninja (Post),iET SA,BUSINESS,,,https://cdn.lapa.ninja/assets/images/1x/iet-thumb.webp,https://www.lapa.ninja/post/iet/
Lapa Ninja (Post),Flyby,ECOMMERCE,,,https://cdn.lapa.ninja/assets/images/1x/flyby-thumb.webp,https://www.lapa.ninja/post/flyby/
Lapa Ninja (Post),Ujjo,FOOD DRINKS,,,https://cdn.lapa.ninja/assets/images/1x/ujjo-thumb.webp,https://www.lapa.ninja/post/ujjo/
Lapa Ninja (Post),Big Mail,MAIL,,,https://cdn.lapa.ninja/assets/images/1x/getbigmail-thumb.webp,https://www.lapa.ninja/post/getbigmail/
Lapa Ninja (Post),OpenWeb,MINIMAL,,,https://cdn.lapa.ninja/assets/images/1x/openweb-thumb.webp,https://www.lapa.ninja/post/openweb/
Lapa Ninja (Post),General Irving,BUSINESS,,,https://cdn.lapa.ninja/assets/images/1x/generalirving-thumb.webp,https://www.lapa.ninja/post/generalirving/
Lapa Ninja (Post),Empower,APP,,,https://cdn.lapa.ninja/assets/images/1x/empower-thumb.webp,https://www.lapa.ninja/post/empower/
Lapa Ninja (Post),Hopin,APP,,,https://cdn.lapa.ninja/assets/images/1x/hopin-thumb.webp,https://www.lapa.ninja/post/hopin/
Lapa Ninja (Post),Jean Xincong He,PORTFOLIO,,,https://cdn.lapa.ninja/assets/images/1x/jeanxhe-thumb.webp,https://www.lapa.ninja/post/jeanxhe/
Lapa Ninja (Post),Hayden Bleasel,PORTFOLIO,,,https://cdn.lapa.ninja/assets/images/1x/haydenbleasel-06-01-2021-thumb.webp,https://www.lapa.ninja/post/haydenbleasel-2/
Lapa Ninja (Post),Perturbator,PORTFOLIO,,,https://cdn.lapa.ninja/assets/images/1x/perturbator-thumb.webp,https://www.lapa.ninja/post/perturbator/
Lapa Ninja (Post),Anagram Club,STUDIO,,,https://cdn.lapa.ninja/assets/images/1x/anagram-thumb.webp,https://www.lapa.ninja/post/anagram/
Lapa Ninja (Post),Amy Lima,PORTFOLIO,,,https://cdn.lapa.ninja/assets/images/1x/amylima-thumb.webp,https://www.lapa.ninja/post/amylima/
Lapa Ninja (Post),Sandland,ECOMMERCE,,,https://cdn.lapa.ninja/assets/images/1x/sandlandsleep-thumb.webp,https://www.lapa.ninja/post/sandlandsleep/
Lapa Ninja (Post),PlanetScale,DEVELOPMENT TOOLS,,,https://cdn.lapa.ninja/assets/images/1x/planetscale-thumb.webp,https://www.lapa.ninja/post/planetscale/
Lapa Ninja (Post),Steven Taylor,PORTFOLIO,,,https://cdn.lapa.ninja/assets/images/1x/steventaylor-thumb.webp,https://www.lapa.ninja/post/steventaylor/
Lapa Ninja (Post),A Message from Earth,CORPORATE,,,https://cdn.lapa.ninja/assets/images/1x/amessagefromearth-thumb.webp,https://www.lapa.ninja/post/amessagefromearth/
Lapa Ninja (Post),Jon Yablonski,PORTFOLIO,,,https://cdn.lapa.ninja/assets/images/1x/jonyablonski-05-23-2021-thumb.webp,https://www.lapa.ninja/post/jonyablonski-2/
Lapa Ninja (Post),Provider Store,ECOMMERCE,,,https://cdn.lapa.ninja/assets/images/1x/providerstore-thumb.webp,https://www.lapa.ninja/post/providerstore/
Lapa Ninja (Post),June,TECHNOLOGY,,,https://cdn.lapa.ninja/assets/images/1x/june-thumb.webp,https://www.lapa.ninja/post/june/
Lapa Ninja (Post),Doug Alves,PORTFOLIO,,,https://cdn.lapa.ninja/assets/images/1x/dougalves-thumb.webp,https://www.lapa.ninja/post/dougalves/
Lapa Ninja (Post),Gather,COMMUNITY,,,https://cdn.lapa.ninja/assets/images/1x/gather-town-thumb.webp,https://www.lapa.ninja/post/gather-town/
Lapa Ninja (Post),Extra Vitamins,ECOMMERCE,,,https://cdn.lapa.ninja/assets/images/1x/extra-vitamins-thumb.webp,https://www.lapa.ninja/post/extra-vitamins/
Lapa Ninja (Post),Sésame,PORTFOLIO,,,https://cdn.lapa.ninja/assets/images/1x/supersesame-thumb.webp,https://www.lapa.ninja/post/supersesame/
Lapa Ninja (Post),Solitario,STUDIO,,,https://cdn.lapa.ninja/assets/images/1x/solitario-studio-thumb.webp,https://www.lapa.ninja/post/solitario-studio/
Lapa Ninja (Post),Overlooked Ventures,VENTURES,,,https://cdn.lapa.ninja/assets/images/1x/overlookedventures-thumb.webp,https://www.lapa.ninja/post/overlookedventures/
Lapa Ninja (Post),Instrument,AGENCY,,,https://cdn.lapa.ninja/assets/images/1x/instrument-05-19-2021-thumb.webp,https://www.lapa.ninja/post/instrument-4/
Lapa Ninja (Post),Figlia,FOOD DRINKS,,,https://cdn.lapa.ninja/assets/images/1x/drinkfiglia-thumb.webp,https://www.lapa.ninja/post/drinkfiglia/
Lapa Ninja (Post),Made by Nacho,FOOD DRINKS,,,https://cdn.lapa.ninja/assets/images/1x/madebynacho-thumb.webp,https://www.lapa.ninja/post/madebynacho/
Lapa Ninja (Post),REPENTANCE,ECOMMERCE,,,https://cdn.lapa.ninja/assets/images/1x/repentanceclo-thumb.webp,https://www.lapa.ninja/post/repentanceclo/
Lapa Ninja (Post),Miro.design,DESIGN TOOLS,,,https://cdn.lapa.ninja/assets/images/1x/miro-design-thumb.webp,https://www.lapa.ninja/post/miro-design/
Lapa Ninja (Post),Shortcuts.design,DESIGN TOOLS,,,https://cdn.lapa.ninja/assets/images/1x/shortcuts-design-05-19-2021-thumb.webp,https://www.lapa.ninja/post/shortcuts-design-2/
Lapa Ninja (Post),Lovebug Pet Food,ECOMMERCE,,,https://cdn.lapa.ninja/assets/images/1x/lovebugpetfood-thumb.webp,https://www.lapa.ninja/post/lovebugpetfood/
Lapa Ninja (Post),Moonlight,AGENCY,,,https://cdn.lapa.ninja/assets/images/1x/wearemoonlight-thumb.webp,https://www.lapa.ninja/post/wearemoonlight/
Lapa Ninja (Post),Roadmap,PRODUCTIVITY,,,https://cdn.lapa.ninja/assets/images/1x/onroadmap-05-16-2021-thumb.webp,https://www.lapa.ninja/post/onroadmap-4/
Lapa Ninja (Post),ATID,ECOMMERCE,,,https://cdn.lapa.ninja/assets/images/1x/atid-thumb.webp,https://www.lapa.ninja/post/atid/
Lapa Ninja (Post),CraieCraie,STUDIO,,,https://cdn.lapa.ninja/assets/images/1x/craiecraie-thumb.webp,https://www.lapa.ninja/post/craiecraie/
Lapa Ninja (Post),George Kedenburg III,PORTFOLIO,,,https://cdn.lapa.ninja/assets/images/1x/gk3-thumb.webp,https://www.lapa.ninja/post/gk3/
Lapa Ninja (Post),Prism Data,TECHNOLOGY,,,https://cdn.lapa.ninja/assets/images/1x/prismdata-thumb.webp,https://www.lapa.ninja/post/prismdata/
Lapa Ninja (Post),Lina Forsgren,STUDIO,,,https://cdn.lapa.ninja/assets/images/1x/linaforsgren-thumb.webp,https://www.lapa.ninja/post/linaforsgren/
Lapa Ninja (Post),Sunday,APP,,,https://cdn.lapa.ninja/assets/images/1x/sundayapp-thumb.webp,https://www.lapa.ninja/post/sundayapp/
Lapa Ninja (Post),Marco Calignano,PORTFOLIO,,,https://cdn.lapa.ninja/assets/images/1x/marcocalignano-thumb.webp,https://www.lapa.ninja/post/marcocalignano/
Lapa Ninja (Post),Mixcloud,APP,,,https://cdn.lapa.ninja/assets/images/1x/mixcloud-thumb.webp,https://www.lapa.ninja/post/mixcloud-2/
Lapa Ninja (Post),arcarta,ILLUSTRATION,,,https://cdn.lapa.ninja/assets/images/1x/arcarta-thumb.webp,https://www.lapa.ninja/post/arcarta/
Lapa Ninja (Post),The Werk,NEWS,,,https://cdn.lapa.ninja/assets/images/1x/thewerk-thumb.webp,https://www.lapa.ninja/post/thewerk/
Lapa Ninja (Post),Thierry Ambraisse,PORTFOLIO,,,https://cdn.lapa.ninja/assets/images/1x/thierryambraisse-thumb.webp,https://www.lapa.ninja/post/thierryambraisse/
Lapa Ninja (Post),George Francis,PORTFOLIO,,,https://cdn.lapa.ninja/assets/images/1x/georgefrancis-thumb.webp,https://www.lapa.ninja/post/georgefrancis/
Lapa Ninja (Post),Polywork,3D WEBSITES,,,https://cdn.lapa.ninja/assets/images/1x/polywork-thumb.webp,https://www.lapa.ninja/post/polywork/
Lapa Ninja (Post),Madeleine Dalla,PORTFOLIO,,,https://cdn.lapa.ninja/assets/images/1x/madeleinedalla-thumb.webp,https://www.lapa.ninja/post/madeleinedalla/
Lapa Ninja (Post),Developments,EDUCATION,,,https://cdn.lapa.ninja/assets/images/1x/developments-thumb.webp,https://www.lapa.ninja/post/developments/
Lapa Ninja (Post),Volley,FOOD DRINKS,,,https://cdn.lapa.ninja/assets/images/1x/drinkvolley-thumb.webp,https://www.lapa.ninja/post/drinkvolley/
Lapa Ninja (Post),Oberlo,EDUCATION,,,https://cdn.lapa.ninja/assets/images/1x/oberlo-thumb.webp,https://www.lapa.ninja/post/oberlo/
Lapa Ninja (Post),Reform,AGENCY,,,https://cdn.lapa.ninja/assets/images/1x/reform-property-thumb.webp,https://www.lapa.ninja/post/reform-property/
Lapa Ninja (Post),Hidden Valley,ECOMMERCE,,,https://cdn.lapa.ninja/assets/images/1x/hiddenvalley-thumb.webp,https://www.lapa.ninja/post/hiddenvalley/
Lapa Ninja (Post),Le Bibent,FOOD DRINKS,,,https://cdn.lapa.ninja/assets/images/1x/lebibent-thumb.webp,https://www.lapa.ninja/post/lebibent/
Lapa Ninja (Post),Wisr,FINANCE,,,https://cdn.lapa.ninja/assets/images/1x/wisr-thumb.webp,https://www.lapa.ninja/post/wisr/
Lapa Ninja (Post),Loop Returns,ILLUSTRATION,,,https://cdn.lapa.ninja/assets/images/1x/loopreturns-thumb.webp,https://www.lapa.ninja/post/loopreturns/
Lapa Ninja (Post),Details of war,STUDIO,,,https://cdn.lapa.ninja/assets/images/1x/detailsofwar-thumb.webp,https://www.lapa.ninja/post/detailsofwar/
Lapa Ninja (Post),Adetomiwa Isiaka,PORTFOLIO,,,https://cdn.lapa.ninja/assets/images/1x/adetomiwa-thumb.webp,https://www.lapa.ninja/post/adetomiwa/
Lapa Ninja (Post),FLATLIST,ECOMMERCE,,,https://cdn.lapa.ninja/assets/images/1x/flatlisteyewear-thumb.webp,https://www.lapa.ninja/post/flatlisteyewear/
Lapa Ninja (Post),Feels,APP,,,https://cdn.lapa.ninja/assets/images/1x/feels-app-thumb.webp,https://www.lapa.ninja/post/feels-app/
Lapa Ninja (Post),Rich Minority,STUDIO,,,https://cdn.lapa.ninja/assets/images/1x/richminority-thumb.webp,https://www.lapa.ninja/post/richminority/
Lapa Ninja (Post),Robert Mayer,PORTFOLIO,,,https://cdn.lapa.ninja/assets/images/1x/mayerr-thumb.webp,https://www.lapa.ninja/post/mayerr/
Lapa Ninja (Post),Typeverything,TYPOGRAPHY,,,https://cdn.lapa.ninja/assets/images/1x/typeverything-thumb.webp,https://www.lapa.ninja/post/typeverything/
Lapa Ninja (Post),Billi,APP,,,https://cdn.lapa.ninja/assets/images/1x/billi-thumb.webp,https://www.lapa.ninja/post/billi/
Lapa Ninja (Post),BIDE,MINIMAL,,,https://cdn.lapa.ninja/assets/images/1x/bidemarket-thumb.webp,https://www.lapa.ninja/post/bidemarket/
Lapa Ninja (Post),The Ocean Agency,AGENCY,,,https://cdn.lapa.ninja/assets/images/1x/theoceanagency-thumb.webp,https://www.lapa.ninja/post/theoceanagency/
Lapa Ninja (Post),A24,STUDIO,,,https://cdn.lapa.ninja/assets/images/1x/a24films-thumb.webp,https://www.lapa.ninja/post/a24films/
Lapa Ninja (Post),Joost Huver,PORTFOLIO,,,https://cdn.lapa.ninja/assets/images/1x/joosthuver-thumb.webp,https://www.lapa.ninja/post/joosthuver/
Lapa Ninja (Post),Taikonauten,AGENCY,,,https://cdn.lapa.ninja/assets/images/1x/taikonauten-thumb.webp,https://www.lapa.ninja/post/taikonauten/
Lapa Ninja (Post),Enjjoy,ECOMMERCE,,,https://cdn.lapa.ninja/assets/images/1x/enjjoy-thumb.webp,https://www.lapa.ninja/post/enjjoy/
Lapa Ninja (Post),my mind,PRODUCTIVITY,,,https://cdn.lapa.ninja/assets/images/1x/mymind-thumb.webp,https://www.lapa.ninja/post/mymind/
Lapa Ninja (Post),Jon Way Studio,STUDIO,,,https://cdn.lapa.ninja/assets/images/1x/jonway-studio-04-30-2021-thumb.webp,https://www.lapa.ninja/post/jonway-studio-2/
Lapa Ninja (Post),Super Deluxe,3D WEBSITES,,,https://cdn.lapa.ninja/assets/images/1x/superdelux-thumb.webp,https://www.lapa.ninja/post/superdelux/
Lapa Ninja (Post),Well Traveled,OUTDOORS TRAVEL,,,https://cdn.lapa.ninja/assets/images/1x/welltraveledclub-thumb.webp,https://www.lapa.ninja/post/welltraveledclub/
Lapa Ninja (Post),Mighty,3D WEBSITES,,,https://cdn.lapa.ninja/assets/images/1x/mightyapp-thumb.webp,https://www.lapa.ninja/post/mightyapp/
Lapa Ninja (Post),Marla Aaron,ECOMMERCE,,,https://cdn.lapa.ninja/assets/images/1x/marlaaaron-thumb.webp,https://www.lapa.ninja/post/marlaaaron/
Lapa Ninja (Post),Liist,APP,,,https://cdn.lapa.ninja/assets/images/1x/liist-thumb.webp,https://www.lapa.ninja/post/liist/
Lapa Ninja (Post),Sabato,PORTFOLIO,,,https://cdn.lapa.ninja/assets/images/1x/sabato-studio-thumb.webp,https://www.lapa.ninja/post/sabato-studio/
Lapa Ninja (Post),Everland,AGENCY,,,https://cdn.lapa.ninja/assets/images/1x/everland-thumb.webp,https://www.lapa.ninja/post/everland/
Lapa Ninja (Post),Daniel See,PORTFOLIO,,,https://cdn.lapa.ninja/assets/images/1x/danielsee-thumb.webp,https://www.lapa.ninja/post/danielsee/
Lapa Ninja (Post),Spotify Jobs,BUSINESS,,,https://cdn.lapa.ninja/assets/images/1x/spotifyjobs-thumb.webp,https://www.lapa.ninja/post/spotifyjobs/
Lapa Ninja (Post),Over,DESIGN TOOLS,,,https://cdn.lapa.ninja/assets/images/1x/madewithover-thumb.webp,https://www.lapa.ninja/post/madewithover/
Lapa Ninja (Post),Good Use,ILLUSTRATION,,,https://cdn.lapa.ninja/assets/images/1x/gooduse-thumb.webp,https://www.lapa.ninja/post/gooduse/
Lapa Ninja (Post),Rogue Studio Store,ECOMMERCE,,,https://cdn.lapa.ninja/assets/images/1x/rogue-studio-store-thumb.webp,https://www.lapa.ninja/post/rogue-studio-store/
Lapa Ninja (Post),Inflow,FINANCE,,,https://cdn.lapa.ninja/assets/images/1x/inflow-thumb.webp,https://www.lapa.ninja/post/inflow/
Lapa Ninja (Post),The Kitchen,AGENCY,,,https://cdn.lapa.ninja/assets/images/1x/thekitchen-thumb.webp,https://www.lapa.ninja/post/thekitchen/
Lapa Ninja (Post),Dreamer Mode,MINIMAL,,,https://cdn.lapa.ninja/assets/images/1x/dreamermode-thumb.webp,https://www.lapa.ninja/post/dreamermode/
Lapa Ninja (Post),Mouthwash Studio,STUDIO,,,https://cdn.lapa.ninja/assets/images/1x/mouthwash-studio-thumb.webp,https://www.lapa.ninja/post/mouthwash-studio/
Lapa Ninja (Post),Gentle Guide,HEALTH FITNESS,,,https://cdn.lapa.ninja/assets/images/1x/gentle-guide-thumb.webp,https://www.lapa.ninja/post/gentle-guide/
Lapa Ninja (Post),Varun Vachhar,PORTFOLIO,,,https://cdn.lapa.ninja/assets/images/1x/varun-thumb.webp,https://www.lapa.ninja/post/varun/
Lapa Ninja (Post),Auth0,TECHNOLOGY,,,https://cdn.lapa.ninja/assets/images/1x/auth0-thumb.webp,https://www.lapa.ninja/post/auth0/
Lapa Ninja (Post),Plus,ECOMMERCE,,,https://cdn.lapa.ninja/assets/images/1x/cleanwithplus-thumb.webp,https://www.lapa.ninja/post/cleanwithplus/
Lapa Ninja (Post),Steam Logistics,BUSINESS,,,https://cdn.lapa.ninja/assets/images/1x/steamlogistics-thumb.webp,https://www.lapa.ninja/post/steamlogistics/
Lapa Ninja (Post),The Covid Art Museum,CULTURE,,,https://cdn.lapa.ninja/assets/images/1x/covidartmuseum-thumb.webp,https://www.lapa.ninja/post/covidartmuseum/
Lapa Ninja (Post),Playspace,COMMUNITY,,,https://cdn.lapa.ninja/assets/images/1x/play-space-thumb.webp,https://www.lapa.ninja/post/play-space/
Lapa Ninja (Post),Baptiste Briel,PORTFOLIO,,,https://cdn.lapa.ninja/assets/images/1x/bbriel-thumb.webp,https://www.lapa.ninja/post/bbriel/
Lapa Ninja (Post),TOMAS THAN,FASHION,,,https://cdn.lapa.ninja/assets/images/1x/tomasthan-thumb.webp,https://www.lapa.ninja/post/tomasthan/
Lapa Ninja (Post),FigJam,DESIGN TOOLS,,,https://cdn.lapa.ninja/assets/images/1x/figjam-thumb.webp,https://www.lapa.ninja/post/figjam/
Lapa Ninja (Post),Zmaslo,PORTFOLIO,,,https://cdn.lapa.ninja/assets/images/1x/zmaslo-thumb.webp,https://www.lapa.ninja/post/zmaslo/
Lapa Ninja (Post),Richard Sancho,PORTFOLIO,,,https://cdn.lapa.ninja/assets/images/1x/richardsancho-thumb.webp,https://www.lapa.ninja/post/richardsancho/
Lapa Ninja (Post),WAOF,AGENCY,,,https://cdn.lapa.ninja/assets/images/1x/waof-thumb.webp,https://www.lapa.ninja/post/waof/
Lapa Ninja (Post),Future Noodles,FOOD DRINKS,,,https://cdn.lapa.ninja/assets/images/1x/futurenoodles-thumb.webp,https://www.lapa.ninja/post/futurenoodles/
Lapa Ninja (Post),Flow Your Money,APP,,,https://cdn.lapa.ninja/assets/images/1x/flowyourmoney-thumb.webp,https://www.lapa.ninja/post/flowyourmoney/
Lapa Ninja (Post),Weezy,APP,,,https://cdn.lapa.ninja/assets/images/1x/weezy-thumb.webp,https://www.lapa.ninja/post/weezy/
Lapa Ninja (Post),Max Kaplun,PORTFOLIO,,,https://cdn.lapa.ninja/assets/images/1x/maxkaplun-thumb.webp,https://www.lapa.ninja/post/maxkaplun/
Lapa Ninja (Post),MEplace,HEALTH FITNESS,,,https://cdn.lapa.ninja/assets/images/1x/meplace-thumb.webp,https://www.lapa.ninja/post/meplace/
Lapa Ninja (Post),Proxy,PRODUCTIVITY,,,https://cdn.lapa.ninja/assets/images/1x/proxy-thumb.webp,https://www.lapa.ninja/post/proxy/
Lapa Ninja (Post),VVAND,STUDIO,,,https://cdn.lapa.ninja/assets/images/1x/vvand-thumb.webp,https://www.lapa.ninja/post/vvand/
Lapa Ninja (Post),Jonas Reymondin,PORTFOLIO,,,https://cdn.lapa.ninja/assets/images/1x/jonasreymondin-thumb.webp,https://www.lapa.ninja/post/jonasreymondin/
Lapa Ninja (Post),Pauli & Sisters,ECOMMERCE,,,https://cdn.lapa.ninja/assets/images/1x/pauliandsisters-thumb.webp,https://www.lapa.ninja/post/pauliandsisters/
Lapa Ninja (Post),Funeral,STUDIO,,,https://cdn.lapa.ninja/assets/images/1x/funeral-studio-thumb.webp,https://www.lapa.ninja/post/funeral-studio/
Lapa Ninja (Post),Vintageria,ECOMMERCE,,,https://cdn.lapa.ninja/assets/images/1x/vintageria-thumb.webp,https://www.lapa.ninja/post/vintageria/
Lapa Ninja (Post),Watermelon,ARTIFICIAL INTELLIGENCE,,,https://cdn.lapa.ninja/assets/images/1x/watermelon-thumb.webp,https://www.lapa.ninja/post/watermelon/
Lapa Ninja (Post),Smalls,ECOMMERCE,,,https://cdn.lapa.ninja/assets/images/1x/smalls-thumb.webp,https://www.lapa.ninja/post/smalls/
Lapa Ninja (Post),Nahel Moussi,PORTFOLIO,,,https://cdn.lapa.ninja/assets/images/1x/nahelmoussi-thumb.webp,https://www.lapa.ninja/post/nahelmoussi/
Lapa Ninja (Post),Chill Music Club,ENTERTAINMENT,,,https://cdn.lapa.ninja/assets/images/1x/chillmusic-club-thumb.webp,https://www.lapa.ninja/post/chillmusic-club/
Lapa Ninja (Post),Focus Lab,AGENCY,,,https://cdn.lapa.ninja/assets/images/1x/focuslab-04-17-2021-thumb.webp,https://www.lapa.ninja/post/focuslab-2/
Lapa Ninja (Post),Zorka,AGENCY,,,https://cdn.lapa.ninja/assets/images/1x/zorka-agency-thumb.webp,https://www.lapa.ninja/post/zorka-agency/
Lapa Ninja (Post),Cartoon Feelings,ENTERTAINMENT,,,https://cdn.lapa.ninja/assets/images/1x/cartoonfeelings-thumb.webp,https://www.lapa.ninja/post/cartoonfeelings/
Lapa Ninja (Post),OpenAI,ARTIFICIAL INTELLIGENCE,,,https://cdn.lapa.ninja/assets/images/1x/openai-04-17-2021-thumb.webp,https://www.lapa.ninja/post/openai-2/
Lapa Ninja (Post),Oboosho,BUSINESS,,,https://cdn.lapa.ninja/assets/images/1x/oboosho-thumb.webp,https://www.lapa.ninja/post/oboosho/
Lapa Ninja (Post),Font Review Journal,TYPOGRAPHY,,,https://cdn.lapa.ninja/assets/images/1x/fontreviewjournal-thumb.webp,https://www.lapa.ninja/post/fontreviewjournal/
Lapa Ninja (Post),Car Thing,MUSIC,,,https://cdn.lapa.ninja/assets/images/1x/carthing-thumb.webp,https://www.lapa.ninja/post/carthing/
Lapa Ninja (Post),Brandpad,PRODUCTIVITY,,,https://cdn.lapa.ninja/assets/images/1x/brandpad-04-14-2021-thumb.webp,https://www.lapa.ninja/post/brandpad-2/
Lapa Ninja (Post),VOLK GLOBAL,AGENCY,,,https://cdn.lapa.ninja/assets/images/1x/volk-global-thumb.webp,https://www.lapa.ninja/post/volk-global/
Lapa Ninja (Post),Dan Woodger,PORTFOLIO,,,https://cdn.lapa.ninja/assets/images/1x/danwoodger-thumb.webp,https://www.lapa.ninja/post/danwoodger/
Lapa Ninja (Post),Luma,MINIMAL,,,https://cdn.lapa.ninja/assets/images/1x/luma-thumb.webp,https://www.lapa.ninja/post/luma/
Lapa Ninja (Post),Nuro,ARTIFICIAL INTELLIGENCE,,,https://cdn.lapa.ninja/assets/images/1x/nuro-04-13-2021-thumb.webp,https://www.lapa.ninja/post/nuro-ai/
Lapa Ninja (Post),Schweppes,FOOD DRINKS,,,https://cdn.lapa.ninja/assets/images/1x/schweppes-thumb.webp,https://www.lapa.ninja/post/schweppes/
Lapa Ninja (Post),Coffee Supreme,ECOMMERCE,,,https://cdn.lapa.ninja/assets/images/1x/coffeesupreme-thumb.webp,https://www.lapa.ninja/post/coffeesupreme/
Lapa Ninja (Post),Gabriel Norman,PORTFOLIO,,,https://cdn.lapa.ninja/assets/images/1x/gnrm-thumb.webp,https://www.lapa.ninja/post/gnrm/
Lapa Ninja (Post),Flow,FINANCE,,,https://cdn.lapa.ninja/assets/images/1x/flowfi-thumb.webp,https://www.lapa.ninja/post/flowfi/
Lapa Ninja (Post),Clubhouse,PRODUCT MANAGEMENT,,,https://cdn.lapa.ninja/assets/images/1x/clubhouse-04-13-2021-thumb.webp,https://www.lapa.ninja/post/clubhouse-2/
Lapa Ninja (Post),Ko-fi,ILLUSTRATION,,,https://cdn.lapa.ninja/assets/images/1x/ko-fi-04-13-2021-thumb.webp,https://www.lapa.ninja/post/ko-fi-2/
Lapa Ninja (Post),Bitneki,CRYPTOCURRENCY,,,https://cdn.lapa.ninja/assets/images/1x/bitneki-thumb.webp,https://www.lapa.ninja/post/bitneki/
Lapa Ninja (Post),Argon Ventures,VENTURES,,,https://cdn.lapa.ninja/assets/images/1x/argon-ventures-thumb.webp,https://www.lapa.ninja/post/argon-ventures/
Lapa Ninja (Post),Sentempo,STUDIO,,,https://cdn.lapa.ninja/assets/images/1x/studiosentempo-thumb.webp,https://www.lapa.ninja/post/studiosentempo/
Lapa Ninja (Post),Valery Marier,PORTFOLIO,,,https://cdn.lapa.ninja/assets/images/1x/marier-thumb.webp,https://www.lapa.ninja/post/marier/
Lapa Ninja (Post),Pragma,ISOMETRIC,,,https://cdn.lapa.ninja/assets/images/1x/pragma-thumb.webp,https://www.lapa.ninja/post/pragma/
Lapa Ninja (Post),Iron Fish,CRYPTOCURRENCY,,,https://cdn.lapa.ninja/assets/images/1x/ironfish-thumb.webp,https://www.lapa.ninja/post/ironfish/
Lapa Ninja (Post),Materia,MAGAZINE,,,https://cdn.lapa.ninja/assets/images/1x/materia-thumb.webp,https://www.lapa.ninja/post/materia/
Lapa Ninja (Post),Charlie Osborne,PORTFOLIO,,,https://cdn.lapa.ninja/assets/images/1x/charlieosborne-thumb.webp,https://www.lapa.ninja/post/charlieosborne/
Lapa Ninja (Post),Jeremiah Shoaf,PORTFOLIO,,,https://cdn.lapa.ninja/assets/images/1x/jeremiahshoaf-thumb.webp,https://www.lapa.ninja/post/jeremiahshoaf/
Lapa Ninja (Post),Ombia Studio,STUDIO,,,https://cdn.lapa.ninja/assets/images/1x/ombiastudio-thumb.webp,https://www.lapa.ninja/post/ombiastudio/
Lapa Ninja (Post),Martin Laxenaire,PORTFOLIO,,,https://cdn.lapa.ninja/assets/images/1x/martin-laxenaire-04-07-2021-thumb.webp,https://www.lapa.ninja/post/martin-laxenaire-2/
Lapa Ninja (Post),Empathy,APP,,,https://cdn.lapa.ninja/assets/images/1x/empathy-thumb.webp,https://www.lapa.ninja/post/empathy/
Lapa Ninja (Post),Mamboleoo,PORTFOLIO,,,https://cdn.lapa.ninja/assets/images/1x/mamboleoo-thumb.webp,https://www.lapa.ninja/post/mamboleoo/
Lapa Ninja (Post),The New Company,AGENCY,,,https://cdn.lapa.ninja/assets/images/1x/thenewcompany-thumb.webp,https://www.lapa.ninja/post/thenewcompany/
Lapa Ninja (Post),Finematter,ECOMMERCE,,,https://cdn.lapa.ninja/assets/images/1x/finematter-thumb.webp,https://www.lapa.ninja/post/finematter/
Lapa Ninja (Post),Primer,EDUCATION,,,https://cdn.lapa.ninja/assets/images/1x/withprimer-thumb.webp,https://www.lapa.ninja/post/withprimer/
Lapa Ninja (Post),Qatalog,PRODUCTIVITY,,,https://cdn.lapa.ninja/assets/images/1x/qatalog-04-05-2021-thumb.webp,https://www.lapa.ninja/post/qatalog-2/
Lapa Ninja (Post),Patrik Hübner,PORTFOLIO,,,https://cdn.lapa.ninja/assets/images/1x/patrik-huebner-thumb.webp,https://www.lapa.ninja/post/patrik-huebner/
Lapa Ninja (Post),Oasis Cannabis,FOOD DRINKS,,,https://cdn.lapa.ninja/assets/images/1x/oasiscannabis-thumb.webp,https://www.lapa.ninja/post/oasiscannabis/
Lapa Ninja (Post),Linear,PRODUCTIVITY,,,https://cdn.lapa.ninja/assets/images/1x/linear-04-05-2021-thumb.webp,https://www.lapa.ninja/post/linear-2/
Lapa Ninja (Post),HNST Jeans,FASHION,,,https://cdn.lapa.ninja/assets/images/1x/letsbehonest-thumb.webp,https://www.lapa.ninja/post/letsbehonest/
Lapa Ninja (Post),Lamanna Bakery,FOOD DRINKS,,,https://cdn.lapa.ninja/assets/images/1x/lamannabakery-thumb.webp,https://www.lapa.ninja/post/lamannabakery/
Lapa Ninja (Post),Joasia Fidler,PORTFOLIO,,,https://cdn.lapa.ninja/assets/images/1x/fidlerowna-thumb.webp,https://www.lapa.ninja/post/fidlerowna/
Lapa Ninja (Post),iMAL,MINIMAL,,,https://cdn.lapa.ninja/assets/images/1x/imal-thumb.webp,https://www.lapa.ninja/post/imal/
Lapa Ninja (Post),Please Repeat,FASHION,,,https://cdn.lapa.ninja/assets/images/1x/pleaserepeat-thumb.webp,https://www.lapa.ninja/post/pleaserepeat/
Lapa Ninja (Post),Glide,ILLUSTRATION,,,https://cdn.lapa.ninja/assets/images/1x/glide-thumb.webp,https://www.lapa.ninja/post/glide/
Lapa Ninja (Post),AAPI Safety Card,COMMUNITY,,,https://cdn.lapa.ninja/assets/images/1x/aapisafetybadge-thumb.webp,https://www.lapa.ninja/post/aapisafetybadge/
Lapa Ninja (Post),Acquis Consulting,CORPORATE,,,https://cdn.lapa.ninja/assets/images/1x/acquisconsulting-thumb.webp,https://www.lapa.ninja/post/acquisconsulting/
Lapa Ninja (Post),Legwrk,MINIMAL,,,https://cdn.lapa.ninja/assets/images/1x/legwrk-thumb.webp,https://www.lapa.ninja/post/legwrk/
Lapa Ninja (Post),Companion-Platform,MINIMAL,,,https://cdn.lapa.ninja/assets/images/1x/companion-platform-thumb.webp,https://www.lapa.ninja/post/companion-platform/
Lapa Ninja (Post),Superfood Gin,FOOD DRINKS,,,https://cdn.lapa.ninja/assets/images/1x/superfoodgin-thumb.webp,https://www.lapa.ninja/post/superfoodgin/
Lapa Ninja (Post),Do-Hee Kim,PORTFOLIO,,,https://cdn.lapa.ninja/assets/images/1x/do-hee-thumb.webp,https://www.lapa.ninja/post/do-hee/
Lapa Ninja (Post),loadmo.re,DESIGN TOOLS,,,https://cdn.lapa.ninja/assets/images/1x/loadmore-thumb.webp,https://www.lapa.ninja/post/loadmore/
Lapa Ninja (Post),Found,STUDIO,,,https://cdn.lapa.ninja/assets/images/1x/found-studio-thumb.webp,https://www.lapa.ninja/post/found-studio/
Lapa Ninja (Post),AVA Company,AGENCY,,,https://cdn.lapa.ninja/assets/images/1x/avacompany-thumb.webp,https://www.lapa.ninja/post/avacompany/
Lapa Ninja (Post),Vectornator 4.0,DESIGN TOOLS,,,https://cdn.lapa.ninja/assets/images/1x/vectornator-03-31-2021-thumb.webp,https://www.lapa.ninja/post/vectornator-3/
Lapa Ninja (Post),Fabio Formato,PORTFOLIO,,,https://cdn.lapa.ninja/assets/images/1x/fabioformato-thumb.webp,https://www.lapa.ninja/post/fabioformato/
Lapa Ninja (Post),Atomic Digital Design,AGENCY,,,https://cdn.lapa.ninja/assets/images/1x/atomicdigital-thumb.webp,https://www.lapa.ninja/post/atomicdigital/
Lapa Ninja (Post),CoType Foundry,FOUNDRY,,,https://cdn.lapa.ninja/assets/images/1x/cotypefoundry-thumb.webp,https://www.lapa.ninja/post/cotypefoundry/
Lapa Ninja (Post),MBRC the ocean,CORPORATE,,,https://cdn.lapa.ninja/assets/images/1x/mbrctheocean-thumb.webp,https://www.lapa.ninja/post/mbrctheocean/
Lapa Ninja (Post),Zero Waste App,APP,,,https://cdn.lapa.ninja/assets/images/1x/zerowaste-thumb.webp,https://www.lapa.ninja/post/zerowaste/
Lapa Ninja (Post),3drops,STUDIO,,,https://cdn.lapa.ninja/assets/images/1x/3drops-03-30-2021-thumb.webp,https://www.lapa.ninja/post/3drops-5/
Lapa Ninja (Post),Ruby Hibiscus Water,FOOD DRINKS,,,https://cdn.lapa.ninja/assets/images/1x/ruby-thumb.webp,https://www.lapa.ninja/post/ruby/
Lapa Ninja (Post),Aaply,APP,,,https://cdn.lapa.ninja/assets/images/1x/aaply-thumb.webp,https://www.lapa.ninja/post/aaply/
Lapa Ninja (Post),Pirsch,DEVELOPMENT TOOLS,,,https://cdn.lapa.ninja/assets/images/1x/pirsch-thumb.webp,https://www.lapa.ninja/post/pirsch/
Lapa Ninja (Post),JAM!,ILLUSTRATION,,,https://cdn.lapa.ninja/assets/images/1x/jam-thumb.webp,https://www.lapa.ninja/post/jam/
Lapa Ninja (Post),Jellypepper,AGENCY,,,https://cdn.lapa.ninja/assets/images/1x/jellypepper-thumb.webp,https://www.lapa.ninja/post/jellypepper/
Lapa Ninja (Post),Coolection,DESIGN TOOLS,,,https://cdn.lapa.ninja/assets/images/1x/coolection-thumb.webp,https://www.lapa.ninja/post/coolection/
Lapa Ninja (Post),Superlist,PRODUCTIVITY,,,https://cdn.lapa.ninja/assets/images/1x/superlist-thumb.webp,https://www.lapa.ninja/post/superlist/
Lapa Ninja (Post),Statamic,CMS,,,https://cdn.lapa.ninja/assets/images/1x/statamic-thumb.webp,https://www.lapa.ninja/post/statamic/
Lapa Ninja (Post),Commonry,ECOMMERCE,,,https://cdn.lapa.ninja/assets/images/1x/commonry-thumb.webp,https://www.lapa.ninja/post/commonry/
Lapa Ninja (Post),First on SoundCloud,MUSIC,,,https://cdn.lapa.ninja/assets/images/1x/firston-soundcloud-thumb.webp,https://www.lapa.ninja/post/firston-soundcloud/
Lapa Ninja (Post),Chapter20,ECOMMERCE,,,https://cdn.lapa.ninja/assets/images/1x/chapter20care-thumb.webp,https://www.lapa.ninja/post/chapter20care/
Lapa Ninja (Post),Abound,TECHNOLOGY,,,https://cdn.lapa.ninja/assets/images/1x/withabound-thumb.webp,https://www.lapa.ninja/post/withabound/
Lapa Ninja (Post),DISTANCE,ECOMMERCE,,,https://cdn.lapa.ninja/assets/images/1x/distance-store-thumb.webp,https://www.lapa.ninja/post/distance-store/
Lapa Ninja (Post),Kiff,APP,,,https://cdn.lapa.ninja/assets/images/1x/kiff-thumb.webp,https://www.lapa.ninja/post/kiff/
Lapa Ninja (Post),Roof Studio,STUDIO,,,https://cdn.lapa.ninja/assets/images/1x/roofstudio-thumb.webp,https://www.lapa.ninja/post/roofstudio/
Lapa Ninja (Post),Sustainable Menus,HEALTH FITNESS,,,https://cdn.lapa.ninja/assets/images/1x/menudurable-thumb.webp,https://www.lapa.ninja/post/menudurable/
Lapa Ninja (Post),Onda,FOOD DRINKS,,,https://cdn.lapa.ninja/assets/images/1x/drinkonda-thumb.webp,https://www.lapa.ninja/post/drinkonda/
Lapa Ninja (Post),Because Animals,ILLUSTRATION,,,https://cdn.lapa.ninja/assets/images/1x/becauseanimals-thumb.webp,https://www.lapa.ninja/post/becauseanimals/
Lapa Ninja (Post),Charlie Phipps,PORTFOLIO,,,https://cdn.lapa.ninja/assets/images/1x/phippscharlie-thumb.webp,https://www.lapa.ninja/post/phippscharlie/
Lapa Ninja (Post),Clover,PRODUCTIVITY,,,https://cdn.lapa.ninja/assets/images/1x/cloverapp-thumb.webp,https://www.lapa.ninja/post/cloverapp/
Lapa Ninja (Post),SPIRAL,MAGAZINE,,,https://cdn.lapa.ninja/assets/images/1x/spiraljournal-thumb.webp,https://www.lapa.ninja/post/spiraljournal/
Lapa Ninja (Post),Relate,DESIGN TOOLS,,,https://cdn.lapa.ninja/assets/images/1x/relate-03-25-2021-thumb.webp,https://www.lapa.ninja/post/relate-5/
Lapa Ninja (Post),Vera,BLOCKCHAIN,,,https://cdn.lapa.ninja/assets/images/1x/joinvera-thumb.webp,https://www.lapa.ninja/post/joinvera/
Lapa Ninja (Post),Flipaclip,APP,,,https://cdn.lapa.ninja/assets/images/1x/flipaclip-thumb.webp,https://www.lapa.ninja/post/flipaclip/
Lapa Ninja (Post),Matthew Fisher,PORTFOLIO,,,https://cdn.lapa.ninja/assets/images/1x/mfisher-03-21-2021-thumb.webp,https://www.lapa.ninja/post/mfisher-2/
Lapa Ninja (Post),Dan Burrows,PORTFOLIO,,,https://cdn.lapa.ninja/assets/images/1x/danburro-thumb.webp,https://www.lapa.ninja/post/danburro/
Lapa Ninja (Post),Amigos,DESIGN TOOLS,,,https://cdn.lapa.ninja/assets/images/1x/amigos-thumb.webp,https://www.lapa.ninja/post/amigos/
Lapa Ninja (Post),Garoa Skincare,ECOMMERCE,,,https://cdn.lapa.ninja/assets/images/1x/garoaskincare-thumb.webp,https://www.lapa.ninja/post/garoaskincare/
Lapa Ninja (Post),Realtime Robotics,ARTIFICIAL INTELLIGENCE,,,https://cdn.lapa.ninja/assets/images/1x/rtr-thumb.webp,https://www.lapa.ninja/post/rtr/
Lapa Ninja (Post),Wax Poetics,MAGAZINE,,,https://cdn.lapa.ninja/assets/images/1x/waxpoetics-thumb.webp,https://www.lapa.ninja/post/waxpoetics/
Lapa Ninja (Post),Fat Free,STUDIO,,,https://cdn.lapa.ninja/assets/images/1x/hellofatfree-thumb.webp,https://www.lapa.ninja/post/hellofatfree/
Lapa Ninja (Post),Gareth Hughes,PORTFOLIO,,,https://cdn.lapa.ninja/assets/images/1x/gareth-hughes-thumb.webp,https://www.lapa.ninja/post/gareth-hughes/
Lapa Ninja (Post),Reclaim,ARTIFICIAL INTELLIGENCE,,,https://cdn.lapa.ninja/assets/images/1x/reclaimai-thumb.webp,https://www.lapa.ninja/post/reclaimai/
Lapa Ninja (Post),Stacks,CRYPTOCURRENCY,,,https://cdn.lapa.ninja/assets/images/1x/stacks-thumb.webp,https://www.lapa.ninja/post/stacks/
Lapa Ninja (Post),VoetsDesign,PORTFOLIO,,,https://cdn.lapa.ninja/assets/images/1x/voetsdesign-thumb.webp,https://www.lapa.ninja/post/voetsdesign/
Lapa Ninja (Post),Ghost 4.0,TECHNOLOGY,,,https://cdn.lapa.ninja/assets/images/1x/ghost-03-17-2021-thumb.webp,https://www.lapa.ninja/post/ghost/
Lapa Ninja (Post),The European Review of Books,MAGAZINE,,,https://cdn.lapa.ninja/assets/images/1x/europeanreviewofbooks-thumb.webp,https://www.lapa.ninja/post/europeanreviewofbooks/
Lapa Ninja (Post),NOKO NOKO,STUDIO,,,https://cdn.lapa.ninja/assets/images/1x/nokonoko-thumb.webp,https://www.lapa.ninja/post/nokonoko/
Lapa Ninja (Post),Pupy,APP,,,https://cdn.lapa.ninja/assets/images/1x/pupy-thumb.webp,https://www.lapa.ninja/post/pupy/
Lapa Ninja (Post),twobirds.,STUDIO,,,https://cdn.lapa.ninja/assets/images/1x/twobirds-thumb.webp,https://www.lapa.ninja/post/twobirds/
Lapa Ninja (Post),Showtime,NFT,,,https://cdn.lapa.ninja/assets/images/1x/tryshowtime-thumb.webp,https://www.lapa.ninja/post/tryshowtime/
Lapa Ninja (Post),The Hiring Chain,CULTURE,,,https://cdn.lapa.ninja/assets/images/1x/hiringchain-thumb.webp,https://www.lapa.ninja/post/hiringchain/
Lapa Ninja (Post),Andrey Bolonev,PORTFOLIO,,,https://cdn.lapa.ninja/assets/images/1x/bolonev-thumb.webp,https://www.lapa.ninja/post/bolonev/
Lapa Ninja (Post),Château Boll,REAL ESTATE,,,https://cdn.lapa.ninja/assets/images/1x/chateauboll-thumb.webp,https://www.lapa.ninja/post/chateauboll/
Lapa Ninja (Post),Coder,TECHNOLOGY,,,https://cdn.lapa.ninja/assets/images/1x/coder-03-15-2021-thumb.webp,https://www.lapa.ninja/post/coder-3/
Lapa Ninja (Post),Around,PRODUCTIVITY,,,https://cdn.lapa.ninja/assets/images/1x/around-thumb.webp,https://www.lapa.ninja/post/around/
Lapa Ninja (Post),Lu Yu,PORTFOLIO,,,https://cdn.lapa.ninja/assets/images/1x/luyu-03-12-2021-thumb.webp,https://www.lapa.ninja/post/luyu-2/
Lapa Ninja (Post),Tangan,HEALTH FITNESS,,,https://cdn.lapa.ninja/assets/images/1x/tangan-thumb.webp,https://www.lapa.ninja/post/tangan/
Lapa Ninja (Post),Jameen Tarlier,PORTFOLIO,,,https://cdn.lapa.ninja/assets/images/1x/jameenctarlier-thumb.webp,https://www.lapa.ninja/post/jameenctarlier/
Lapa Ninja (Post),Index,CORPORATE,,,https://cdn.lapa.ninja/assets/images/1x/galeriaindex-thumb.webp,https://www.lapa.ninja/post/galeriaindex/
Lapa Ninja (Post),Showhere,ILLUSTRATION,,,https://cdn.lapa.ninja/assets/images/1x/showhere-thumb.webp,https://www.lapa.ninja/post/showhere/
Lapa Ninja (Post),Animus Studios,STUDIO,,,https://cdn.lapa.ninja/assets/images/1x/animusstudios-thumb.webp,https://www.lapa.ninja/post/animusstudios/
Lapa Ninja (Post),Talia Cotton,PORTFOLIO,,,https://cdn.lapa.ninja/assets/images/1x/taliacotton-thumb.webp,https://www.lapa.ninja/post/taliacotton/
Lapa Ninja (Post),Blue Cyclops Design Co,STUDIO,,,https://cdn.lapa.ninja/assets/images/1x/bluecyclops-03-10-2021-thumb.webp,https://www.lapa.ninja/post/bluecyclops-2/
Lapa Ninja (Post),Female Faces,CORPORATE,,,https://cdn.lapa.ninja/assets/images/1x/femalefaces-thumb.webp,https://www.lapa.ninja/post/femalefaces/
Lapa Ninja (Post),Julie Blaive,ECOMMERCE,,,https://cdn.lapa.ninja/assets/images/1x/julieblaive-thumb.webp,https://www.lapa.ninja/post/julieblaive/
Lapa Ninja (Post),Amanda Yeh,PORTFOLIO,,,https://cdn.lapa.ninja/assets/images/1x/amandayeh-thumb.webp,https://www.lapa.ninja/post/amandayeh/
Lapa Ninja (Post),Markit by Reify,ILLUSTRATION,,,https://cdn.lapa.ninja/assets/images/1x/gotomarkit-thumb.webp,https://www.lapa.ninja/post/gotomarkit/
Lapa Ninja (Post),Fleex,BUSINESS,,,https://cdn.lapa.ninja/assets/images/1x/fleex-thumb.webp,https://www.lapa.ninja/post/fleex/
Lapa Ninja (Post),fatty15,HEALTH FITNESS,,,https://cdn.lapa.ninja/assets/images/1x/fatty15-thumb.webp,https://www.lapa.ninja/post/fatty15/
Lapa Ninja (Post),Beasts of England,FOUNDRY,,,https://cdn.lapa.ninja/assets/images/1x/beastsofengland-thumb.webp,https://www.lapa.ninja/post/beastsofengland/
Lapa Ninja (Post),Heartcore,ILLUSTRATION,,,https://cdn.lapa.ninja/assets/images/1x/heartcore-thumb.webp,https://www.lapa.ninja/post/heartcore/
Lapa Ninja (Post),Universal Favourite,STUDIO,,,https://cdn.lapa.ninja/assets/images/1x/universalfavourite-thumb.webp,https://www.lapa.ninja/post/universalfavourite/
Lapa Ninja (Post),Owl Labs,ECOMMERCE,,,https://cdn.lapa.ninja/assets/images/1x/owllabs-thumb.webp,https://www.lapa.ninja/post/owllabs/
Lapa Ninja (Post),Calvados France,FOOD DRINKS,,,https://cdn.lapa.ninja/assets/images/1x/drinkcalvados-thumb.webp,https://www.lapa.ninja/post/drinkcalvados/
Lapa Ninja (Post),Dennis Cortés,PORTFOLIO,,,https://cdn.lapa.ninja/assets/images/1x/cortes-thumb.webp,https://www.lapa.ninja/post/cortes/
Lapa Ninja (Post),Courser,ECOMMERCE,,,https://cdn.lapa.ninja/assets/images/1x/courserworld-thumb.webp,https://www.lapa.ninja/post/courserworld/
Lapa Ninja (Post),Lasse Fløde,PORTFOLIO,,,https://cdn.lapa.ninja/assets/images/1x/lassefloede-thumb.webp,https://www.lapa.ninja/post/lassefloede/
Lapa Ninja (Post),Ysé Paris,ECOMMERCE,,,https://cdn.lapa.ninja/assets/images/1x/yse-paris-thumb.webp,https://www.lapa.ninja/post/yse-paris/
Lapa Ninja (Post),Bellerose,ECOMMERCE,,,https://cdn.lapa.ninja/assets/images/1x/bellerose-thumb.webp,https://www.lapa.ninja/post/bellerose/
Lapa Ninja (Post),Letters From Venus,COMMUNITY,,,https://cdn.lapa.ninja/assets/images/1x/lettersfromvenus-03-07-2021-thumb.webp,https://www.lapa.ninja/post/lettersfromvenus-2/
Lapa Ninja (Post),TIGHTYPE™,FOUNDRY,,,https://cdn.lapa.ninja/assets/images/1x/tightype-thumb.webp,https://www.lapa.ninja/post/tightype/
Lapa Ninja (Post),Defund to Refund,CORPORATE,,,https://cdn.lapa.ninja/assets/images/1x/defund2refund-thumb.webp,https://www.lapa.ninja/post/defund2refund/
Lapa Ninja (Post),Lenonguyen,PORTFOLIO,,,https://cdn.lapa.ninja/assets/images/1x/lenonguyen-thumb.webp,https://www.lapa.ninja/post/lenonguyen/
Lapa Ninja (Post),Jonathan Alpmyr,PORTFOLIO,,,https://cdn.lapa.ninja/assets/images/1x/jonathanalpmyr-thumb.webp,https://www.lapa.ninja/post/jonathanalpmyr/
Lapa Ninja (Post),Bruno,AGENCY,,,https://cdn.lapa.ninja/assets/images/1x/callbruno-thumb.webp,https://www.lapa.ninja/post/callbruno/
Lapa Ninja (Post),Hanai World,3D WEBSITES,,,https://cdn.lapa.ninja/assets/images/1x/hanaiworld-thumb.webp,https://www.lapa.ninja/post/hanaiworld/
Lapa Ninja (Post),Huge XD School,EDUCATION,,,https://cdn.lapa.ninja/assets/images/1x/huge-xd-school-thumb.webp,https://www.lapa.ninja/post/huge-xd-school/
Lapa Ninja (Post),Tracklib,MUSIC,,,https://cdn.lapa.ninja/assets/images/1x/tracklib-thumb.webp,https://www.lapa.ninja/post/tracklib/
Lapa Ninja (Post),Black Lines,FOOD DRINKS,,,https://cdn.lapa.ninja/assets/images/1x/blacklinesdrinks-thumb.webp,https://www.lapa.ninja/post/blacklinesdrinks/
Lapa Ninja (Post),Alfread,APP,,,https://cdn.lapa.ninja/assets/images/1x/alfreadapp-03-04-2021-thumb.webp,https://www.lapa.ninja/post/alfreadapp/
Lapa Ninja (Post),Monograph,PRODUCT MANAGEMENT,,,https://cdn.lapa.ninja/assets/images/1x/monograph-03-04-20211-thumb.webp,https://www.lapa.ninja/post/monograph-4/
Lapa Ninja (Post),Ternary,TECHNOLOGY,,,https://cdn.lapa.ninja/assets/images/1x/ternary-thumb.webp,https://www.lapa.ninja/post/ternary/
Lapa Ninja (Post),MyPayNow,FINANCE,,,https://cdn.lapa.ninja/assets/images/1x/mypaynow-thumb.webp,https://www.lapa.ninja/post/mypaynow/
Lapa Ninja (Post),Pablito Planeta,CREATIVE,,,https://cdn.lapa.ninja/assets/images/1x/pablitoplaneta-thumb.webp,https://www.lapa.ninja/post/pablitoplaneta/
Lapa Ninja (Post),Thingtesting,EDUCATION,,,https://cdn.lapa.ninja/assets/images/1x/thingtesting-thumb.webp,https://www.lapa.ninja/post/thingtesting/
Lapa Ninja (Post),Viso Haus,STUDIO,,,https://cdn.lapa.ninja/assets/images/1x/viso-haus-thumb.webp,https://www.lapa.ninja/post/viso-haus/
Lapa Ninja (Post),Wild Souls,FOOD DRINKS,,,https://cdn.lapa.ninja/assets/images/1x/wildsouls-thumb.webp,https://www.lapa.ninja/post/wildsouls/
Lapa Ninja (Post),Irys,PRODUCTIVITY,,,https://cdn.lapa.ninja/assets/images/1x/heyirys-thumb.webp,https://www.lapa.ninja/post/heyirys/
Lapa Ninja (Post),Adam Ho,PORTFOLIO,,,https://cdn.lapa.ninja/assets/images/1x/adamho-03-02-2021-thumb.webp,https://www.lapa.ninja/post/adamho-3/
Lapa Ninja (Post),Cult Gaia,ECOMMERCE,,,https://cdn.lapa.ninja/assets/images/1x/cultgaia-thumb.webp,https://www.lapa.ninja/post/cultgaia/
Lapa Ninja (Post),Cosmic Collusion,PORTFOLIO,,,https://cdn.lapa.ninja/assets/images/1x/cosmiccollusion-thumb.webp,https://www.lapa.ninja/post/cosmiccollusion/
Lapa Ninja (Post),TRWM,HEALTH FITNESS,,,https://cdn.lapa.ninja/assets/images/1x/takearidewithme-thumb.webp,https://www.lapa.ninja/post/takearidewithme/
Lapa Ninja (Post),Josh W Comeau,BLOG,,,https://cdn.lapa.ninja/assets/images/1x/joshwcomeau-thumb.webp,https://www.lapa.ninja/post/joshwcomeau/
Lapa Ninja (Post),Order,STUDIO,,,https://cdn.lapa.ninja/assets/images/1x/order-design-thumb.webp,https://www.lapa.ninja/post/order-design/
Lapa Ninja (Post),Quill,APP,,,https://cdn.lapa.ninja/assets/images/1x/quill-02-24-2021-thumb.webp,https://www.lapa.ninja/post/quill-2/
Lapa Ninja (Post),Rider.404,OUTDOORS TRAVEL,,,https://cdn.lapa.ninja/assets/images/1x/rider404-thumb.webp,https://www.lapa.ninja/post/rider404/
Lapa Ninja (Post),Easol,PRODUCTIVITY,,,https://cdn.lapa.ninja/assets/images/1x/easol-thumb.webp,https://www.lapa.ninja/post/easol/
Lapa Ninja (Post),Happy Tooth,HEALTH FITNESS,,,https://cdn.lapa.ninja/assets/images/1x/happytoothslc-thumb.webp,https://www.lapa.ninja/post/happytoothslc/
Lapa Ninja (Post),Vucko,STUDIO,,,https://cdn.lapa.ninja/assets/images/1x/vucko-thumb.webp,https://www.lapa.ninja/post/vucko/
Lapa Ninja (Post),Fifty Editions,ECOMMERCE,,,https://cdn.lapa.ninja/assets/images/1x/fiftyeditions-02-24-2021-thumb.webp,https://www.lapa.ninja/post/fiftyeditions-2/
Lapa Ninja (Post),Utopia Agriculture,ILLUSTRATION,,,https://cdn.lapa.ninja/assets/images/1x/utopiaagriculture-thumb.webp,https://www.lapa.ninja/post/utopiaagriculture/
Lapa Ninja (Post),Emma Tulloch Architects,MINIMAL,,,https://cdn.lapa.ninja/assets/images/1x/emmatulloch-thumb.webp,https://www.lapa.ninja/post/emmatulloch/
Lapa Ninja (Post),Powder,APP,,,https://cdn.lapa.ninja/assets/images/1x/powder-thumb.webp,https://www.lapa.ninja/post/powder/
Lapa Ninja (Post),Peddlers Gin,FOOD DRINKS,,,https://cdn.lapa.ninja/assets/images/1x/peddlersgin-thumb.webp,https://www.lapa.ninja/post/peddlersgin/
Lapa Ninja (Post),Abstract Notebooks,DESIGN TOOLS,,,https://cdn.lapa.ninja/assets/images/1x/abstract-02-24-2021-thumb.webp,https://www.lapa.ninja/post/abstract-3/
Lapa Ninja (Post),Gunnar Freyr,PORTFOLIO,,,https://cdn.lapa.ninja/assets/images/1x/icelandicexplorer-thumb.webp,https://www.lapa.ninja/post/icelandicexplorer/
Lapa Ninja (Post),Circule,STUDIO,,,https://cdn.lapa.ninja/assets/images/1x/studiocircule-thumb.webp,https://www.lapa.ninja/post/studiocircule/
Lapa Ninja (Post),Too Gallus,AGENCY,,,https://cdn.lapa.ninja/assets/images/1x/toogallus-thumb.webp,https://www.lapa.ninja/post/toogallus/
Lapa Ninja (Post),Whiteboard,AGENCY,,,https://cdn.lapa.ninja/assets/images/1x/whiteboard-02-24-2021-thumb.webp,https://www.lapa.ninja/post/whiteboard-3/
Lapa Ninja (Post),Andy Works,TECHNOLOGY,,,https://cdn.lapa.ninja/assets/images/1x/andy-thumb.webp,https://www.lapa.ninja/post/andy-works/
Lapa Ninja (Post),Bitski,NFT,,,https://cdn.lapa.ninja/assets/images/1x/bitski-thumb.webp,https://www.lapa.ninja/post/bitski/
Lapa Ninja (Post),Murmur,PRODUCTIVITY,,,https://cdn.lapa.ninja/assets/images/1x/murmur-thumb.webp,https://www.lapa.ninja/post/murmur/
Lapa Ninja (Post),Gavin Nelson,PORTFOLIO,,,https://cdn.lapa.ninja/assets/images/1x/nelson-thumb.webp,https://www.lapa.ninja/post/nelson/
Lapa Ninja (Post),Duo Studio,STUDIO,,,https://cdn.lapa.ninja/assets/images/1x/duo-studio-thumb.webp,https://www.lapa.ninja/post/duo-studio/
Lapa Ninja (Post),LeMond,OUTDOORS TRAVEL,,,https://cdn.lapa.ninja/assets/images/1x/lemond-thumb.webp,https://www.lapa.ninja/post/lemond/
Lapa Ninja (Post),Apostrophe,ECOMMERCE,,,https://cdn.lapa.ninja/assets/images/1x/apostrophe-thumb.webp,https://www.lapa.ninja/post/apostrophe/
Lapa Ninja (Post),Concrete Club Studio,STUDIO,,,https://cdn.lapa.ninja/assets/images/1x/concreteclub-thumb.webp,https://www.lapa.ninja/post/concreteclub/
Lapa Ninja (Post),Silvia Tcherassi,ECOMMERCE,,,https://cdn.lapa.ninja/assets/images/1x/silviatcherassi-thumb.webp,https://www.lapa.ninja/post/silviatcherassi/
Lapa Ninja (Post),Garden City Center,BUSINESS,,,https://cdn.lapa.ninja/assets/images/1x/gardencitycenter-thumb.webp,https://www.lapa.ninja/post/gardencitycenter/
Lapa Ninja (Post),Steven Mengin,PORTFOLIO,,,https://cdn.lapa.ninja/assets/images/1x/stevenmengin-thumb.webp,https://www.lapa.ninja/post/stevenmengin/
Lapa Ninja (Post),MOTH,FOOD DRINKS,,,https://cdn.lapa.ninja/assets/images/1x/mothdrinks-thumb.webp,https://www.lapa.ninja/post/mothdrinks/
Lapa Ninja (Post),Ten Two,ILLUSTRATION,,,https://cdn.lapa.ninja/assets/images/1x/tentwo-thumb.webp,https://www.lapa.ninja/post/tentwo/
Lapa Ninja (Post),Pretty Wild,ECOMMERCE,,,https://cdn.lapa.ninja/assets/images/1x/itsallprettywild-thumb.webp,https://www.lapa.ninja/post/itsallprettywild/
Lapa Ninja (Post),Never Sit Still,STUDIO,,,https://cdn.lapa.ninja/assets/images/1x/neversitstill-thumb.webp,https://www.lapa.ninja/post/neversitstill/
Lapa Ninja (Post),Mass-Driver,FOUNDRY,,,https://cdn.lapa.ninja/assets/images/1x/mass-driver-thumb.webp,https://www.lapa.ninja/post/mass-driver/
Lapa Ninja (Post),MONUMENTO,STUDIO,,,https://cdn.lapa.ninja/assets/images/1x/monumento-thumb.webp,https://www.lapa.ninja/post/monumento/
Lapa Ninja (Post),oioi.gg,AGENCY,,,https://cdn.lapa.ninja/assets/images/1x/oioi-thumb.webp,https://www.lapa.ninja/post/oioi/
Lapa Ninja (Post),Cafe Robot,DEVELOPMENT TOOLS,,,https://cdn.lapa.ninja/assets/images/1x/cafe-robot-thumb.webp,https://www.lapa.ninja/post/cafe-robot/
Lapa Ninja (Post),WILD FI,AGENCY,,,https://cdn.lapa.ninja/assets/images/1x/wild-fi-thumb.webp,https://www.lapa.ninja/post/wild-fi/
Lapa Ninja (Post),Comme Si,ECOMMERCE,,,https://cdn.lapa.ninja/assets/images/1x/commesi-02-08-2021-thumb.webp,https://www.lapa.ninja/post/commesi-2/
Lapa Ninja (Post),Framer,DESIGN TOOLS,,,https://cdn.lapa.ninja/assets/images/1x/framer-02-08-2021-thumb.webp,https://www.lapa.ninja/post/framer-6/
Lapa Ninja (Post),Hélène Vignon,PORTFOLIO,,,https://cdn.lapa.ninja/assets/images/1x/helenevignon-thumb.webp,https://www.lapa.ninja/post/helenevignon/
Lapa Ninja (Post),Benjamin Briand,PORTFOLIO,,,https://cdn.lapa.ninja/assets/images/1x/benjaminbriandavocat-thumb.webp,https://www.lapa.ninja/post/benjaminbriandavocat/
Lapa Ninja (Post),Thomas Geisen,PORTFOLIO,,,https://cdn.lapa.ninja/assets/images/1x/thomasgeisen-thumb.webp,https://www.lapa.ninja/post/thomasgeisen/
Lapa Ninja (Post),Balance,TECHNOLOGY,,,https://cdn.lapa.ninja/assets/images/1x/getbalance-thumb.webp,https://www.lapa.ninja/post/getbalance/
Lapa Ninja (Post),Meta Craft,AGENCY,,,https://cdn.lapa.ninja/assets/images/1x/meta-craft-thumb.webp,https://www.lapa.ninja/post/meta-craft/
Lapa Ninja (Post),Ragged Edge,AGENCY,,,https://cdn.lapa.ninja/assets/images/1x/raggededge-thumb.webp,https://www.lapa.ninja/post/raggededge/
Lapa Ninja (Post),Fujee Design,CREATIVE,,,https://cdn.lapa.ninja/assets/images/1x/fujeedesign-thumb.webp,https://www.lapa.ninja/post/fujeedesign/
Lapa Ninja (Post),Kruger Buro,STUDIO,,,https://cdn.lapa.ninja/assets/images/1x/krugerburo-thumb.webp,https://www.lapa.ninja/post/krugerburo/
Lapa Ninja (Post),Highcourt,ILLUSTRATION,,,https://cdn.lapa.ninja/assets/images/1x/highcourt-thumb.webp,https://www.lapa.ninja/post/highcourt/
Lapa Ninja (Post),INFRINGE,MAGAZINE,,,https://cdn.lapa.ninja/assets/images/1x/infringe-thumb.webp,https://www.lapa.ninja/post/infringe/
Lapa Ninja (Post),Impermanence,PHOTOGRAPHY,,,https://cdn.lapa.ninja/assets/images/1x/impermanence-thumb.webp,https://www.lapa.ninja/post/impermanence/
Lapa Ninja (Post),Ryan & Aly,ILLUSTRATION,,,https://cdn.lapa.ninja/assets/images/1x/ryanandaly-thumb.webp,https://www.lapa.ninja/post/ryanandaly/
Lapa Ninja (Post),VJ Type Typefaces,FOUNDRY,,,https://cdn.lapa.ninja/assets/images/1x/vj-type-02-07-2021-thumb.webp,https://www.lapa.ninja/post/vj-type-2/
Lapa Ninja (Post),Maze,DESIGN TOOLS,,,https://cdn.lapa.ninja/assets/images/1x/maze-02-07-2021-thumb.webp,https://www.lapa.ninja/post/maze-2/
Lapa Ninja (Post),Bitcoin,ILLUSTRATION,,,https://cdn.lapa.ninja/assets/images/1x/bitcoin-thumb.webp,https://www.lapa.ninja/post/bitcoin/
Lapa Ninja (Post),Olivier Guillard,PORTFOLIO,,,https://cdn.lapa.ninja/assets/images/1x/olivierguillard-thumb.webp,https://www.lapa.ninja/post/olivierguillard/
Lapa Ninja (Post),dBodhi,ECOMMERCE,,,https://cdn.lapa.ninja/assets/images/1x/dbodhi-thumb.webp,https://www.lapa.ninja/post/dbodhi/
Lapa Ninja (Post),Nibelu,HEALTH FITNESS,,,https://cdn.lapa.ninja/assets/images/1x/nibelu-thumb.webp,https://www.lapa.ninja/post/nibelu/
Lapa Ninja (Post),Diamond Cafe,PORTFOLIO,,,https://cdn.lapa.ninja/assets/images/1x/diamond-cafe-thumb.webp,https://www.lapa.ninja/post/diamond-cafe/
Lapa Ninja (Post),Ytech,AGENCY,,,https://cdn.lapa.ninja/assets/images/1x/ytech-thumb.webp,https://www.lapa.ninja/post/ytech/
Lapa Ninja (Post),Hoodzpah,BUSINESS,,,https://cdn.lapa.ninja/assets/images/1x/hoodzpahdesign-01-31-2021-thumb.webp,https://www.lapa.ninja/post/hoodzpahdesign-2/
Lapa Ninja (Post),Buy Fonts Save Lives,TYPOGRAPHY,,,https://cdn.lapa.ninja/assets/images/1x/buyfontssavelives-thumb.webp,https://www.lapa.ninja/post/buyfontssavelives/
Lapa Ninja (Post),fanfanfan,STUDIO,,,https://cdn.lapa.ninja/assets/images/1x/fanfanfan-thumb.webp,https://www.lapa.ninja/post/fanfanfan/
Lapa Ninja (Post),Aurélia Durand,PORTFOLIO,,,https://cdn.lapa.ninja/assets/images/1x/aurelia-studio-thumb.webp,https://www.lapa.ninja/post/aurelia-studio/
Lapa Ninja (Post),The Mind Map,MINIMAL,,,https://cdn.lapa.ninja/assets/images/1x/themindmap-thumb.webp,https://www.lapa.ninja/post/themindmap/
Lapa Ninja (Post),Davis Row,ILLUSTRATION,,,https://cdn.lapa.ninja/assets/images/1x/davisrow-thumb.webp,https://www.lapa.ninja/post/davisrow/
Lapa Ninja (Post),Every,EDUCATION,,,https://cdn.lapa.ninja/assets/images/1x/everyto-thumb.webp,https://www.lapa.ninja/post/every/
Lapa Ninja (Post),BlueIO,ILLUSTRATION,,,https://cdn.lapa.ninja/assets/images/1x/blueio-thumb.webp,https://www.lapa.ninja/post/blueio/
Lapa Ninja (Post),Hobbes,STUDIO,,,https://cdn.lapa.ninja/assets/images/1x/hobbes-thumb.webp,https://www.lapa.ninja/post/hobbes/
Lapa Ninja (Post),Circle,AGENCY,,,https://cdn.lapa.ninja/assets/images/1x/circle-thumb.webp,https://www.lapa.ninja/post/circle/
Lapa Ninja (Post),AUFI,AGENCY,,,https://cdn.lapa.ninja/assets/images/1x/aufi-01-31-2021-thumb.webp,https://www.lapa.ninja/post/aufi-2/
Lapa Ninja (Post),Tomasz Strekowski,PORTFOLIO,,,https://cdn.lapa.ninja/assets/images/1x/strekowski-thumb.webp,https://www.lapa.ninja/post/strekowski/
Lapa Ninja (Post),Levon Aronian,PORTFOLIO,,,https://cdn.lapa.ninja/assets/images/1x/levonaronian-thumb.webp,https://www.lapa.ninja/post/levonaronian/
Lapa Ninja (Post),CauseVox,FINANCE,,,https://cdn.lapa.ninja/assets/images/1x/causevox-thumb.webp,https://www.lapa.ninja/post/causevox/
Lapa Ninja (Post),Hemster,FASHION,,,https://cdn.lapa.ninja/assets/images/1x/hemster-thumb.webp,https://www.lapa.ninja/post/hemster/
Lapa Ninja (Post),Convicts,STUDIO,,,https://cdn.lapa.ninja/assets/images/1x/convicts-thumb.webp,https://www.lapa.ninja/post/convicts/
Lapa Ninja (Post),The New Movement,STUDIO,,,https://cdn.lapa.ninja/assets/images/1x/thenewmvt-thumb.webp,https://www.lapa.ninja/post/thenewmvt/
Lapa Ninja (Post),Laws of UX,COURSE,,,https://cdn.lapa.ninja/assets/images/1x/lawsofux-thumb.webp,https://www.lapa.ninja/post/lawsofux/
Lapa Ninja (Post),Plenty,BUSINESS,,,https://cdn.lapa.ninja/assets/images/1x/plenty-thumb.webp,https://www.lapa.ninja/post/plenty/
Lapa Ninja (Post),Eder Anaya,PORTFOLIO,,,https://cdn.lapa.ninja/assets/images/1x/ederanaya-thumb.webp,https://www.lapa.ninja/post/ederanaya/
Lapa Ninja (Post),Caligrafik,AGENCY,,,https://cdn.lapa.ninja/assets/images/1x/caligrafik-thumb.webp,https://www.lapa.ninja/post/caligrafik/
Lapa Ninja (Post),GIGANTIC!,FOOD DRINKS,,,https://cdn.lapa.ninja/assets/images/1x/giganticcandy-thumb.webp,https://www.lapa.ninja/post/giganticcandy/
Lapa Ninja (Post),FarmWise,TECHNOLOGY,,,https://cdn.lapa.ninja/assets/images/1x/farmwise-thumb.webp,https://www.lapa.ninja/post/farmwise/
Lapa Ninja (Post),Black Madre,STUDIO,,,https://cdn.lapa.ninja/assets/images/1x/blackmadre-thumb.webp,https://www.lapa.ninja/post/blackmadre/
Lapa Ninja (Post),Helena Zhang,PORTFOLIO,,,https://cdn.lapa.ninja/assets/images/1x/helenazhang-thumb.webp,https://www.lapa.ninja/post/helenazhang/
Lapa Ninja (Post),ExpressVPN,ILLUSTRATION,,,https://cdn.lapa.ninja/assets/images/1x/expressvpn-thumb.webp,https://www.lapa.ninja/post/expressvpn/
Lapa Ninja (Post),Myriad,AGENCY,,,https://cdn.lapa.ninja/assets/images/1x/myriad-thumb.webp,https://www.lapa.ninja/post/myriad/
Lapa Ninja (Post),Sam Goddard,PORTFOLIO,,,https://cdn.lapa.ninja/assets/images/1x/samgoddard-thumb.webp,https://www.lapa.ninja/post/samgoddard/
Lapa Ninja (Post),Middltone,PORTFOLIO,,,https://cdn.lapa.ninja/assets/images/1x/middltone-thumb.webp,https://www.lapa.ninja/post/middltone/
Lapa Ninja (Post),NEW ORDER,OUTDOORS TRAVEL,,,https://cdn.lapa.ninja/assets/images/1x/neworder-thumb.webp,https://www.lapa.ninja/post/neworder/
Lapa Ninja (Post),SPORTIVO STORE,ECOMMERCE,,,https://cdn.lapa.ninja/assets/images/1x/sportivostore-thumb.webp,https://www.lapa.ninja/post/sportivostore/
Lapa Ninja (Post),Lara Mendonça,PORTFOLIO,,,https://cdn.lapa.ninja/assets/images/1x/laramendon-thumb.webp,https://www.lapa.ninja/post/laramendon/
Lapa Ninja (Post),we-go,AGENCY,,,https://cdn.lapa.ninja/assets/images/1x/we-go-thumb.webp,https://www.lapa.ninja/post/we-go/
Lapa Ninja (Post),Artomatic,BUSINESS,,,https://cdn.lapa.ninja/assets/images/1x/artomatic-thumb.webp,https://www.lapa.ninja/post/artomatic/
Lapa Ninja (Post),GAFFER,MAGAZINE,,,https://cdn.lapa.ninja/assets/images/1x/gaffer-thumb.webp,https://www.lapa.ninja/post/gaffer/
Lapa Ninja (Post),Three.js Journey,COURSE,,,https://cdn.lapa.ninja/assets/images/1x/threejs-journey-thumb.webp,https://www.lapa.ninja/post/threejs-journey/
Lapa Ninja (Post),L'Impératrice,ILLUSTRATION,,,https://cdn.lapa.ninja/assets/images/1x/l-imperatrice-thumb.webp,https://www.lapa.ninja/post/l-imperatrice/
Lapa Ninja (Post),Open Design,DESIGN TOOLS,,,https://cdn.lapa.ninja/assets/images/1x/opendesign-avocode-thumb.webp,https://www.lapa.ninja/post/opendesign-avocode/
Lapa Ninja (Post),Erica Bech,PORTFOLIO,,,https://cdn.lapa.ninja/assets/images/1x/ericabech-thumb.webp,https://www.lapa.ninja/post/ericabech/
Lapa Ninja (Post),Antara Studio,STUDIO,,,https://cdn.lapa.ninja/assets/images/1x/antara-studio-thumb.webp,https://www.lapa.ninja/post/antara-studio/
Lapa Ninja (Post),Nanna Lagerman,STUDIO,,,https://cdn.lapa.ninja/assets/images/1x/nannalagerman-thumb.webp,https://www.lapa.ninja/post/nannalagerman/
Lapa Ninja (Post),Maggie Stiefvater,PORTFOLIO,,,https://cdn.lapa.ninja/assets/images/1x/maggiestiefvater-thumb.webp,https://www.lapa.ninja/post/maggiestiefvater/
Lapa Ninja (Post),World After Covid,EDUCATION,,,https://cdn.lapa.ninja/assets/images/1x/worldaftercovid-thumb.webp,https://www.lapa.ninja/post/worldaftercovid/
Lapa Ninja (Post),Swell,3D WEBSITES,,,https://cdn.lapa.ninja/assets/images/1x/swell-thumb.webp,https://www.lapa.ninja/post/swell/
Lapa Ninja (Post),Moe Amaya,PORTFOLIO,,,https://cdn.lapa.ninja/assets/images/1x/moeamaya-01-19-2021-thumb.webp,https://www.lapa.ninja/post/moeamaya/
Lapa Ninja (Post),Until One Sunday We Didn’t,BOOK,,,https://cdn.lapa.ninja/assets/images/1x/timokuilder-01-19-2021-thumb.webp,https://www.lapa.ninja/post/timo-kuilder-book/
Lapa Ninja (Post),Spacecadet,CORPORATE,,,https://cdn.lapa.ninja/assets/images/1x/spacecadet-thumb.webp,https://www.lapa.ninja/post/spacecadet/
Lapa Ninja (Post),Teamflow,PRODUCTIVITY,,,https://cdn.lapa.ninja/assets/images/1x/teamflowhq-thumb.webp,https://www.lapa.ninja/post/teamflowhq/
Lapa Ninja (Post),Aaron Shapiro,PORTFOLIO,,,https://cdn.lapa.ninja/assets/images/1x/aaron-thumb.webp,https://www.lapa.ninja/post/aaron/
Lapa Ninja (Post),Fauna,ECOMMERCE,,,https://cdn.lapa.ninja/assets/images/1x/faune-bijouterie-thumb.webp,https://www.lapa.ninja/post/faune-bijouterie/
Lapa Ninja (Post),immi,FOOD DRINKS,,,https://cdn.lapa.ninja/assets/images/1x/immieats-thumb.webp,https://www.lapa.ninja/post/immieats/
Lapa Ninja (Post),Clar Development,AGENCY,,,https://cdn.lapa.ninja/assets/images/1x/clar-thumb.webp,https://www.lapa.ninja/post/clar/
Lapa Ninja (Post),Fermé,ECOMMERCE,,,https://cdn.lapa.ninja/assets/images/1x/ferme-thumb.webp,https://www.lapa.ninja/post/ferme/
Lapa Ninja (Post),Signal Messenger,APP,,,https://cdn.lapa.ninja/assets/images/1x/signal-thumb.webp,https://www.lapa.ninja/post/signal/
Lapa Ninja (Post),Flavien Guilbaud,PORTFOLIO,,,https://cdn.lapa.ninja/assets/images/1x/flavinsky-01-16-2021-thumb.webp,https://www.lapa.ninja/post/flavinsky-2/
Lapa Ninja (Post),Porto Cálem,FOOD DRINKS,,,https://cdn.lapa.ninja/assets/images/1x/calem-thumb.webp,https://www.lapa.ninja/post/calem/
Lapa Ninja (Post),bigbump,AGENCY,,,https://cdn.lapa.ninja/assets/images/1x/bigbump-thumb.webp,https://www.lapa.ninja/post/bigbump/
Lapa Ninja (Post),NicelySmall,BUSINESS,,,https://cdn.lapa.ninja/assets/images/1x/nicelysmall-thumb.webp,https://www.lapa.ninja/post/nicelysmall/
Lapa Ninja (Post),Aesop,ECOMMERCE,,,https://cdn.lapa.ninja/assets/images/1x/aesop-thumb.webp,https://www.lapa.ninja/post/aesop/
Lapa Ninja (Post),otterdev,AGENCY,,,https://cdn.lapa.ninja/assets/images/1x/otterdev-thumb.webp,https://www.lapa.ninja/post/otterdev/
Lapa Ninja (Post),Rick Waalders,PORTFOLIO,,,https://cdn.lapa.ninja/assets/images/1x/rickwaalders-thumb.webp,https://www.lapa.ninja/post/rickwaalders/
Lapa Ninja (Post),Frontend Horse,EDUCATION,,,https://cdn.lapa.ninja/assets/images/1x/frontend-horse-thumb.webp,https://www.lapa.ninja/post/frontend-horse/
Lapa Ninja (Post),mmhmm,APP,,,https://cdn.lapa.ninja/assets/images/1x/mmhmm-thumb.webp,https://www.lapa.ninja/post/mmhmm/
Lapa Ninja (Post),EX LIBRIS,MAGAZINE,,,https://cdn.lapa.ninja/assets/images/1x/exlibris-thumb.webp,https://www.lapa.ninja/post/exlibris/
Lapa Ninja (Post),Cetrucflotte,AGENCY,,,https://cdn.lapa.ninja/assets/images/1x/cetrucflotte-thumb.webp,https://www.lapa.ninja/post/cetrucflotte/
Lapa Ninja (Post),Andy Burdin,PORTFOLIO,,,https://cdn.lapa.ninja/assets/images/1x/burdin-thumb.webp,https://www.lapa.ninja/post/burdin/
Lapa Ninja (Post),Coastal Clouds,ECOMMERCE,,,https://cdn.lapa.ninja/assets/images/1x/cccbd-thumb.webp,https://www.lapa.ninja/post/cccbd/
Lapa Ninja (Post),Slash,PRODUCTIVITY,,,https://cdn.lapa.ninja/assets/images/1x/getslash-thumb.webp,https://www.lapa.ninja/post/getslash/
Lapa Ninja (Post),Thomas Vimare,PORTFOLIO,,,https://cdn.lapa.ninja/assets/images/1x/thms-thumb.webp,https://www.lapa.ninja/post/thms/
Lapa Ninja (Post),Loah Drinks,FOOD DRINKS,,,https://cdn.lapa.ninja/assets/images/1x/loah-beer-thumb.webp,https://www.lapa.ninja/post/loah-beer/
Lapa Ninja (Post),Enid.fm,STUDIO,,,https://cdn.lapa.ninja/assets/images/1x/enid-thumb.webp,https://www.lapa.ninja/post/enid/
Lapa Ninja (Post),Reset,APP,,,https://cdn.lapa.ninja/assets/images/1x/reset-thumb.webp,https://www.lapa.ninja/post/reset/
Lapa Ninja (Post),Nightjar,STUDIO,,,https://cdn.lapa.ninja/assets/images/1x/nightjar-01-08-2021-thumb.webp,https://www.lapa.ninja/post/nightjar-2/
Lapa Ninja (Post),Flamingo,ECOMMERCE,,,https://cdn.lapa.ninja/assets/images/1x/shopflamingo-thumb.webp,https://www.lapa.ninja/post/shopflamingo/
Lapa Ninja (Post),Amber,APP,,,https://cdn.lapa.ninja/assets/images/1x/amber-thumb.webp,https://www.lapa.ninja/post/amber/
Lapa Ninja (Post),Matthew Fisher,PORTFOLIO,,,https://cdn.lapa.ninja/assets/images/1x/mfisher-thumb.webp,https://www.lapa.ninja/post/mfisher/
Lapa Ninja (Post),worklife.,CORPORATE,,,https://cdn.lapa.ninja/assets/images/1x/worklife-thumb.webp,https://www.lapa.ninja/post/worklife/
Lapa Ninja (Post),Mirko Saugo,PORTFOLIO,,,https://cdn.lapa.ninja/assets/images/1x/mynameismirko-thumb.webp,https://www.lapa.ninja/post/mynameismirko/
Lapa Ninja (Post),Techleap.nl,CORPORATE,,,https://cdn.lapa.ninja/assets/images/1x/techleap-01-03-2021-thumb.webp,https://www.lapa.ninja/post/techleap-2/
Lapa Ninja (Post),Pet-à-Porter,ECOMMERCE,,,https://cdn.lapa.ninja/assets/images/1x/petaporterofficial-thumb.webp,https://www.lapa.ninja/post/petaporterofficial/
Lapa Ninja (Post),Echoes Magazine,MAGAZINE,,,https://cdn.lapa.ninja/assets/images/1x/echoes-mag-thumb.webp,https://www.lapa.ninja/post/echoes-mag/
Lapa Ninja (Post),CSS-Tricks,DEVELOPMENT TOOLS,,,https://cdn.lapa.ninja/assets/images/1x/css-tricks-01-03-2021-thumb.webp,https://www.lapa.ninja/post/css-tricks-2/
Lapa Ninja (Post),Relate,DESIGN TOOLS,,,https://cdn.lapa.ninja/assets/images/1x/relate-12-29-2020-thumb.webp,https://www.lapa.ninja/post/relate-4/
Lapa Ninja (Post),Adrian Z,PORTFOLIO,,,https://cdn.lapa.ninja/assets/images/1x/azumbrunnen-thumb.webp,https://www.lapa.ninja/post/azumbrunnen/
Lapa Ninja (Post),handsome,AGENCY,,,https://cdn.lapa.ninja/assets/images/1x/handsome-12-29-2020-thumb.webp,https://www.lapa.ninja/post/handsome-2/
Lapa Ninja (Post),Golden Wolf,STUDIO,,,https://cdn.lapa.ninja/assets/images/1x/goldenwolf-thumb.webp,https://www.lapa.ninja/post/goldenwolf/
Lapa Ninja (Post),Honk,APP,,,https://cdn.lapa.ninja/assets/images/1x/honk-thumb.webp,https://www.lapa.ninja/post/honk/
Lapa Ninja (Post),Peter Demulsant,PORTFOLIO,,,https://cdn.lapa.ninja/assets/images/1x/picodix-thumb.webp,https://www.lapa.ninja/post/picodix/
Lapa Ninja (Post),La QV,ECOMMERCE,,,https://cdn.lapa.ninja/assets/images/1x/laqv-thumb.webp,https://www.lapa.ninja/post/laqv/
Lapa Ninja (Post),mishmash,ECOMMERCE,,,https://cdn.lapa.ninja/assets/images/1x/mishmash-thumb.webp,https://www.lapa.ninja/post/mishmash/
Lapa Ninja (Post),Marx Design,STUDIO,,,https://cdn.lapa.ninja/assets/images/1x/marxdesign-thumb.webp,https://www.lapa.ninja/post/marxdesign/
Lapa Ninja (Post),hum,ECOMMERCE,,,https://cdn.lapa.ninja/assets/images/1x/hum-colgate-thumb.webp,https://www.lapa.ninja/post/hum-colgate/
Lapa Ninja (Post),Crystals,ECOMMERCE,,,https://cdn.lapa.ninja/assets/images/1x/crystals-thumb.webp,https://www.lapa.ninja/post/crystals/
Lapa Ninja (Post),Magic Spoon,FOOD DRINKS,,,https://cdn.lapa.ninja/assets/images/1x/magicspoon-thumb.webp,https://www.lapa.ninja/post/magicspoon/
Lapa Ninja (Post),Route,APP,,,https://cdn.lapa.ninja/assets/images/1x/route-thumb.webp,https://www.lapa.ninja/post/route/
Lapa Ninja (Post),Aplós,ECOMMERCE,,,https://cdn.lapa.ninja/assets/images/1x/aplos-thumb.webp,https://www.lapa.ninja/post/aplos/
Lapa Ninja (Post),Numbered Studio,STUDIO,,,https://cdn.lapa.ninja/assets/images/1x/numbered-studio-12-27-2020-thumb.webp,https://www.lapa.ninja/post/numbered-studio-2/
Lapa Ninja (Post),Maui Studios Aotearoa,AGENCY,,,https://cdn.lapa.ninja/assets/images/1x/mauistudios-thumb.webp,https://www.lapa.ninja/post/mauistudios/
Lapa Ninja (Post),Guillaume Colombel,PORTFOLIO,,,https://cdn.lapa.ninja/assets/images/1x/guillaumecolombel-21-12-2020-thumb.webp,https://www.lapa.ninja/post/guillaumecolombel-2/
Lapa Ninja (Post),Petal,FINANCE,,,https://cdn.lapa.ninja/assets/images/1x/petalcard-12-21-2020-thumb.webp,https://www.lapa.ninja/post/petalcard/
Lapa Ninja (Post),EarCOUTURE,ECOMMERCE,,,https://cdn.lapa.ninja/assets/images/1x/earcouture-thumb.webp,https://www.lapa.ninja/post/earcouture/
Lapa Ninja (Post),Patrick Mahomes,ECOMMERCE,,,https://cdn.lapa.ninja/assets/images/1x/patrickmahomes-thumb.webp,https://www.lapa.ninja/post/patrickmahomes/
Lapa Ninja (Post),Out of Place Studio Design,STUDIO,,,https://cdn.lapa.ninja/assets/images/1x/outofplace-studio-thumb.webp,https://www.lapa.ninja/post/outofplace-studio/
Lapa Ninja (Post),Nicole He,PORTFOLIO,,,https://cdn.lapa.ninja/assets/images/1x/nicole-pizza-thumb.webp,https://www.lapa.ninja/post/nicole-pizza/
Lapa Ninja (Post),Wilder Fields,FOOD DRINKS,,,https://cdn.lapa.ninja/assets/images/1x/wilderfields-thumb.webp,https://www.lapa.ninja/post/wilderfields/
Lapa Ninja (Post),Cloverly,TECHNOLOGY,,,https://cdn.lapa.ninja/assets/images/1x/cloverly-thumb.webp,https://www.lapa.ninja/post/cloverly/
Lapa Ninja (Post),Rows,PRODUCTIVITY,,,https://cdn.lapa.ninja/assets/images/1x/rows-thumb.webp,https://www.lapa.ninja/post/rows/
Lapa Ninja (Post),IL Letterista,ILLUSTRATION,,,https://cdn.lapa.ninja/assets/images/1x/illetterista-thumb.webp,https://www.lapa.ninja/post/illetterista/
Lapa Ninja (Post),Evens,ECOMMERCE,,,https://cdn.lapa.ninja/assets/images/1x/evens-thumb.webp,https://www.lapa.ninja/post/evens/
Lapa Ninja (Post),Danilo Rodrigues,PORTFOLIO,,,https://cdn.lapa.ninja/assets/images/1x/danilorodrigues-thumb.webp,https://www.lapa.ninja/post/danilorodrigues/
Lapa Ninja (Post),COGRID-19,COMMUNITY,,,https://cdn.lapa.ninja/assets/images/1x/cogrid19-12-20-2020-thumb.webp,https://www.lapa.ninja/post/cogrid19-2/
Lapa Ninja (Post),ChungiYoo,PORTFOLIO,,,https://cdn.lapa.ninja/assets/images/1x/chungiyoo-thumb.webp,https://www.lapa.ninja/post/chungiyoo/
Lapa Ninja (Post),Idyl,ECOMMERCE,,,https://cdn.lapa.ninja/assets/images/1x/idyl-thumb.webp,https://www.lapa.ninja/post/idyl/
Lapa Ninja (Post),Retrospec,OUTDOORS TRAVEL,,,https://cdn.lapa.ninja/assets/images/1x/retrospec-thumb.webp,https://www.lapa.ninja/post/retrospec/
Lapa Ninja (Post),Lëtzebuerger Journal,MAGAZINE,,,https://cdn.lapa.ninja/assets/images/1x/journal-thumb.webp,https://www.lapa.ninja/post/journal/
Lapa Ninja (Post),Arnie.M,FURNITURE INTERIORS,,,https://cdn.lapa.ninja/assets/images/1x/arniem-thumb.webp,https://www.lapa.ninja/post/arniem/
Lapa Ninja (Post),23d.1,PORTFOLIO,,,https://cdn.lapa.ninja/assets/images/1x/23d-thumb.webp,https://www.lapa.ninja/post/23d/
Lapa Ninja (Post),UJET,AUTOMOTIVE,,,https://cdn.lapa.ninja/assets/images/1x/ujet-thumb.webp,https://www.lapa.ninja/post/ujet/
Lapa Ninja (Post),Juliana Cavalcanti,PORTFOLIO,,,https://cdn.lapa.ninja/assets/images/1x/juliana-cavalcanti-thumb.webp,https://www.lapa.ninja/post/juliana-cavalcanti/
Lapa Ninja (Post),Olssøn Barbieri,STUDIO,,,https://cdn.lapa.ninja/assets/images/1x/olssonbarbieri-thumb.webp,https://www.lapa.ninja/post/olssonbarbieri/
Lapa Ninja (Post),Stephan Friedli,PORTFOLIO,,,https://cdn.lapa.ninja/assets/images/1x/stephanfriedli-thumb.webp,https://www.lapa.ninja/post/stephanfriedli/
Lapa Ninja (Post),Parostec,CORPORATE,,,https://cdn.lapa.ninja/assets/images/1x/parostec-thumb.webp,https://www.lapa.ninja/post/parostec/
Lapa Ninja (Post),Zoox,AUTOMOTIVE,,,https://cdn.lapa.ninja/assets/images/1x/zoox-thumb.webp,https://www.lapa.ninja/post/zoox/
Lapa Ninja (Post),2020 - Album Colors Of The Year,CREATIVE,,,https://cdn.lapa.ninja/assets/images/1x/albumcolors-thumb.webp,https://www.lapa.ninja/post/albumcolors/
Lapa Ninja (Post),Designed by Women,EDUCATION,,,https://cdn.lapa.ninja/assets/images/1x/designedbywomen-thumb.webp,https://www.lapa.ninja/post/designedbywomen/
Lapa Ninja (Post),Italic,ECOMMERCE,,,https://cdn.lapa.ninja/assets/images/1x/italic-12-14-2020-thumb.webp,https://www.lapa.ninja/post/italic-2/
Lapa Ninja (Post),Basic.Space,ECOMMERCE,,,https://cdn.lapa.ninja/assets/images/1x/basic-space-thumb.webp,https://www.lapa.ninja/post/basic-space/
Lapa Ninja (Post),Hot Black,AGENCY,,,https://cdn.lapa.ninja/assets/images/1x/hotblack-thumb.webp,https://www.lapa.ninja/post/hotblack/
Lapa Ninja (Post),Base,TECHNOLOGY,,,https://cdn.lapa.ninja/assets/images/1x/get-base-thumb.webp,https://www.lapa.ninja/post/get-base/
Lapa Ninja (Post),Directus,TECHNOLOGY,,,https://cdn.lapa.ninja/assets/images/1x/directus-thumb.webp,https://www.lapa.ninja/post/directus/
Lapa Ninja (Post),Super,HOSTING,,,https://cdn.lapa.ninja/assets/images/1x/super-so-thumb.webp,https://www.lapa.ninja/post/superso/
Lapa Ninja (Post),Stamped.io,TECHNOLOGY,,,https://cdn.lapa.ninja/assets/images/1x/stamped-12-14-2020-thumb.webp,https://www.lapa.ninja/post/stamped-2/
Lapa Ninja (Post),Lunettes Noires,AGENCY,,,https://cdn.lapa.ninja/assets/images/1x/lunettesnoires-thumb.webp,https://www.lapa.ninja/post/lunettesnoires/
Lapa Ninja (Post),Mesh Times,ECOMMERCE,,,https://cdn.lapa.ninja/assets/images/1x/mesh-times-thumb.webp,https://www.lapa.ninja/post/mesh-times/
Lapa Ninja (Post),Bello,INSURANCE,,,https://cdn.lapa.ninja/assets/images/1x/getbello-thumb.webp,https://www.lapa.ninja/post/getbello/
Lapa Ninja (Post),Mixpanel,TECHNOLOGY,,,https://cdn.lapa.ninja/assets/images/1x/mixpanel-12-13-2020-thumb.webp,https://www.lapa.ninja/post/mixpanel-5/
Lapa Ninja (Post),Hive Streaming,3D WEBSITES,,,https://cdn.lapa.ninja/assets/images/1x/hivestreaming-thumb.webp,https://www.lapa.ninja/post/hivestreaming/
Lapa Ninja (Post),Runway,ARTIFICIAL INTELLIGENCE,,,https://cdn.lapa.ninja/assets/images/1x/runwayml-12-12-2020-thumb.webp,https://www.lapa.ninja/post/runwayml-2/
Lapa Ninja (Post),Internet Pin Company,ECOMMERCE,,,https://cdn.lapa.ninja/assets/images/1x/internetpin-12-12-2020-thumb.webp,https://www.lapa.ninja/post/internetpin-2/
Lapa Ninja (Post),Typography Principles,TYPOGRAPHY,,,https://cdn.lapa.ninja/assets/images/1x/typography-principles-thumb.webp,https://www.lapa.ninja/post/typography-principles/
Lapa Ninja (Post),Sandy Gray,FOOD DRINKS,,,https://cdn.lapa.ninja/assets/images/1x/sandygraywhisky-thumb.webp,https://www.lapa.ninja/post/sandygraywhisky/
Lapa Ninja (Post),Homebase,TECHNOLOGY,,,https://cdn.lapa.ninja/assets/images/1x/homebase-thumb.webp,https://www.lapa.ninja/post/homebase/
Lapa Ninja (Post),Vrrb,AGENCY,,,https://cdn.lapa.ninja/assets/images/1x/vrrb-thumb.webp,https://www.lapa.ninja/post/vrrb/
Lapa Ninja (Post),Fanfare,AGENCY,,,https://cdn.lapa.ninja/assets/images/1x/fanfare-thumb.webp,https://www.lapa.ninja/post/fanfare/
Lapa Ninja (Post),Dann Petty,PORTFOLIO,,,https://cdn.lapa.ninja/assets/images/1x/dannpetty-thumb.webp,https://www.lapa.ninja/post/dannpetty/
Lapa Ninja (Post),Lovers Magazine,MAGAZINE,,,https://cdn.lapa.ninja/assets/images/1x/oversmagazine-thumb.webp,https://www.lapa.ninja/post/oversmagazine/
Lapa Ninja (Post),Le Singe,AGENCY,,,https://cdn.lapa.ninja/assets/images/1x/lesinge-thumb.webp,https://www.lapa.ninja/post/lesinge/
Lapa Ninja (Post),GitHub,TECHNOLOGY,,,https://cdn.lapa.ninja/assets/images/1x/github-12-10-2020-thumb.webp,https://www.lapa.ninja/post/github-2/
Lapa Ninja (Post),Brutask,ILLUSTRATION,,,https://cdn.lapa.ninja/assets/images/1x/brutask-thumb.webp,https://www.lapa.ninja/post/brutask/
Lapa Ninja (Post),Bubble,ECOMMERCE,,,https://cdn.lapa.ninja/assets/images/1x/hellobubble-thumb.webp,https://www.lapa.ninja/post/hellobubble/
Lapa Ninja (Post),Browser History 2020,ILLUSTRATION,,,https://cdn.lapa.ninja/assets/images/1x/browser-history-2020-thumb.webp,https://www.lapa.ninja/post/browser-history-2020/
Lapa Ninja (Post),Tomorrow,FINANCE,,,https://cdn.lapa.ninja/assets/images/1x/tomorrow-thumb.webp,https://www.lapa.ninja/post/tomorrow/
Lapa Ninja (Post),Esther Jansma,PORTFOLIO,,,https://cdn.lapa.ninja/assets/images/1x/estherjansma-thumb.webp,https://www.lapa.ninja/post/estherjansma/
Lapa Ninja (Post),Welcome,CORPORATE,,,https://cdn.lapa.ninja/assets/images/1x/experiencewelcome-thumb.webp,https://www.lapa.ninja/post/experiencewelcome/
Lapa Ninja (Post),Autumn Agency,AGENCY,,,https://cdn.lapa.ninja/assets/images/1x/autumn-agency-thumb.webp,https://www.lapa.ninja/post/autumn-agency/
Lapa Ninja (Post),Mack & Pouya,PHOTOGRAPHY,,,https://cdn.lapa.ninja/assets/images/1x/mackandpouya-thumb.webp,https://www.lapa.ninja/post/mackandpouya/
Lapa Ninja (Post),Channel D,ILLUSTRATION,,,https://cdn.lapa.ninja/assets/images/1x/channeld-thumb.webp,https://www.lapa.ninja/post/channeld/
Lapa Ninja (Post),BIZARRØ,PORTFOLIO,,,https://cdn.lapa.ninja/assets/images/1x/bizar-thumb.webp,https://www.lapa.ninja/post/bizar/
Lapa Ninja (Post),KEENTU,FASHION,,,https://cdn.lapa.ninja/assets/images/1x/keentu-thumb.webp,https://www.lapa.ninja/post/keentu/
Lapa Ninja (Post),Elkin Editions,STUDIO,,,https://cdn.lapa.ninja/assets/images/1x/elkineditions-thumb.webp,https://www.lapa.ninja/post/elkineditions/
Lapa Ninja (Post),Lucky Folks,FOOD DRINKS,,,https://cdn.lapa.ninja/assets/images/1x/luckyfolks-thumb.webp,https://www.lapa.ninja/post/luckyfolks/
Lapa Ninja (Post),CRSA,CORPORATE,,,https://cdn.lapa.ninja/assets/images/1x/crsa-thumb.webp,https://www.lapa.ninja/post/crsa/
Lapa Ninja (Post),viction:ary,ECOMMERCE,,,https://cdn.lapa.ninja/assets/images/1x/victionary-thumb.webp,https://www.lapa.ninja/post/victionary/
Lapa Ninja (Post),SuperHi,COURSE,,,https://cdn.lapa.ninja/assets/images/1x/superhi-12-06-2020-thumb.webp,https://www.lapa.ninja/post/superhi-2/
Lapa Ninja (Post),Nodes,DEVELOPMENT TOOLS,,,https://cdn.lapa.ninja/assets/images/1x/nodes-thumb.webp,https://www.lapa.ninja/post/nodes/
Lapa Ninja (Post),Bump Coffee,FOOD DRINKS,,,https://cdn.lapa.ninja/assets/images/1x/drinkbumpcoffee-thumb.webp,https://www.lapa.ninja/post/drinkbumpcoffee/
Lapa Ninja (Post),thi.ng,DEVELOPMENT TOOLS,,,https://cdn.lapa.ninja/assets/images/1x/thing-thumb.webp,https://www.lapa.ninja/post/thing/
Lapa Ninja (Post),Cash By Cash App,ECOMMERCE,,,https://cdn.lapa.ninja/assets/images/1x/cash-by-cash-app-thumb.webp,https://www.lapa.ninja/post/cash-by-cash-app/
Lapa Ninja (Post),Simon Liesinger,PORTFOLIO,,,https://cdn.lapa.ninja/assets/images/1x/liesingers-thumb.webp,https://www.lapa.ninja/post/liesingers/
Lapa Ninja (Post),LoveSeen,ECOMMERCE,,,https://cdn.lapa.ninja/assets/images/1x/loveseen-thumb.webp,https://www.lapa.ninja/post/loveseen/
Lapa Ninja (Post),Mellow Studio,STUDIO,,,https://cdn.lapa.ninja/assets/images/1x/mellowstudio-thumb.webp,https://www.lapa.ninja/post/mellowstudio/
Lapa Ninja (Post),BalanceTech,ILLUSTRATION,,,https://cdn.lapa.ninja/assets/images/1x/balancetech-thumb.webp,https://www.lapa.ninja/post/balancetech/
Lapa Ninja (Post),PANOPTICA,AGENCY,,,https://cdn.lapa.ninja/assets/images/1x/panopticafilms-thumb.webp,https://www.lapa.ninja/post/panopticafilms/
Lapa Ninja (Post),Pangram Pangram,STUDIO,,,https://cdn.lapa.ninja/assets/images/1x/pangrampangram-thumb.webp,https://www.lapa.ninja/post/pangrampangram/
Lapa Ninja (Post),"Hi, skin",ECOMMERCE,,,https://cdn.lapa.ninja/assets/images/1x/hiskin-thumb.webp,https://www.lapa.ninja/post/hiskin/
Lapa Ninja (Post),2020 IS A SONG,MUSIC,,,https://cdn.lapa.ninja/assets/images/1x/2020isasong-thumb.webp,https://www.lapa.ninja/post/2020isasong/
Lapa Ninja (Post),Arlind Aliu,PORTFOLIO,,,https://cdn.lapa.ninja/assets/images/1x/arlindaliu-thumb.webp,https://www.lapa.ninja/post/arlindaliu/
Lapa Ninja (Post),radicle,DEVELOPMENT TOOLS,,,https://cdn.lapa.ninja/assets/images/1x/radicle-thumb.webp,https://www.lapa.ninja/post/radicle/
Lapa Ninja (Post),Mill3,STUDIO,,,https://cdn.lapa.ninja/assets/images/1x/mill3-xmas-thumb.webp,https://www.lapa.ninja/post/mill3-xmas/
Lapa Ninja (Post),The Invisible Collection,ECOMMERCE,,,https://cdn.lapa.ninja/assets/images/1x/theinvisiblecollection-thumb.webp,https://www.lapa.ninja/post/theinvisiblecollection/
Lapa Ninja (Post),Spline,DESIGN TOOLS,,,https://cdn.lapa.ninja/assets/images/1x/spline-thumb.webp,https://www.lapa.ninja/post/spline/
Lapa Ninja (Post),Léo Mouraire,PORTFOLIO,,,https://cdn.lapa.ninja/assets/images/1x/leomouraire-thumb.webp,https://www.lapa.ninja/post/leomouraire/
Lapa Ninja (Post),Harry Vincent,PORTFOLIO,,,https://cdn.lapa.ninja/assets/images/1x/harryvincent-thumb.webp,https://www.lapa.ninja/post/harryvincent/
Lapa Ninja (Post),Tropics Paris,ECOMMERCE,,,https://cdn.lapa.ninja/assets/images/1x/tropics-thumb.webp,https://www.lapa.ninja/post/tropics/
Lapa Ninja (Post),Collecta,DESIGN TOOLS,,,https://cdn.lapa.ninja/assets/images/1x/collecta-thumb.webp,https://www.lapa.ninja/post/collecta/
Lapa Ninja (Post),HouseTMM,STUDIO,,,https://cdn.lapa.ninja/assets/images/1x/housetmm-thumb.webp,https://www.lapa.ninja/post/housetmm/
Lapa Ninja (Post),BB Agency,AGENCY,,,https://cdn.lapa.ninja/assets/images/1x/bb-agency-12-02-2020-thumb.webp,https://www.lapa.ninja/post/bb-agency-2/
Lapa Ninja (Post),Remrise,ECOMMERCE,,,https://cdn.lapa.ninja/assets/images/1x/getremrise-thumb.webp,https://www.lapa.ninja/post/getremrise/
Lapa Ninja (Post),También,STUDIO,,,https://cdn.lapa.ninja/assets/images/1x/tambien-studio-thumb.webp,https://www.lapa.ninja/post/tambien-studio/
Lapa Ninja (Post),Web Stories on Google,TECHNOLOGY,,,https://cdn.lapa.ninja/assets/images/1x/web-stories-on-google-thumb.webp,https://www.lapa.ninja/post/web-stories-on-google/
Lapa Ninja (Post),BUCK,AGENCY,,,https://cdn.lapa.ninja/assets/images/1x/buck-thumb.webp,https://www.lapa.ninja/post/buck/
Lapa Ninja (Post),Letters From Venus,COMMUNITY,,,https://cdn.lapa.ninja/assets/images/1x/lettersfromvenus-thumb.webp,https://www.lapa.ninja/post/lettersfromvenus/
Lapa Ninja (Post),oisx,AGENCY,,,https://cdn.lapa.ninja/assets/images/1x/oisx-thumb.webp,https://www.lapa.ninja/post/oisx/
Lapa Ninja (Post),Nieuw Bergen,REAL ESTATE,,,https://cdn.lapa.ninja/assets/images/1x/nieuwbergen-thumb.webp,https://www.lapa.ninja/post/nieuwbergen/
Lapa Ninja (Post),MIDWAM,3D WEBSITES,,,https://cdn.lapa.ninja/assets/images/1x/midwam-thumb.webp,https://www.lapa.ninja/post/midwam/
Lapa Ninja (Post),Foundation,NFT,,,https://cdn.lapa.ninja/assets/images/1x/foundation-thumb.webp,https://www.lapa.ninja/post/foundation/
Lapa Ninja (Post),Squadeasy,APP,,,https://cdn.lapa.ninja/assets/images/1x/squadeasy-thumb.webp,https://www.lapa.ninja/post/squadeasy/
Lapa Ninja (Post),Genusee,ECOMMERCE,,,https://cdn.lapa.ninja/assets/images/1x/genusee-thumb.webp,https://www.lapa.ninja/post/genusee/
Lapa Ninja (Post),Taxonomy of Design,MINIMAL,,,https://cdn.lapa.ninja/assets/images/1x/taxonomyofdesign-thumb.webp,https://www.lapa.ninja/post/taxonomyofdesign/
Lapa Ninja (Post),Beau,ILLUSTRATION,,,https://cdn.lapa.ninja/assets/images/1x/beau-thumb.webp,https://www.lapa.ninja/post/beau/
Lapa Ninja (Post),Studio Malvah,STUDIO,,,https://cdn.lapa.ninja/assets/images/1x/malvah-thumb.webp,https://www.lapa.ninja/post/malvah/
Lapa Ninja (Post),Peter Tait,PORTFOLIO,,,https://cdn.lapa.ninja/assets/images/1x/petertait-thumb.webp,https://www.lapa.ninja/post/petertait/
Lapa Ninja (Post),Sophie Doukhopelnikoff,PORTFOLIO,,,https://cdn.lapa.ninja/assets/images/1x/sophie-dkf-thumb.webp,https://www.lapa.ninja/post/sophie-dkf/
Lapa Ninja (Post),Joinery,FINANCE,,,https://cdn.lapa.ninja/assets/images/1x/joinery-thumb.webp,https://www.lapa.ninja/post/joinery/
Lapa Ninja (Post),Figma Store,DESIGN TOOLS,,,https://cdn.lapa.ninja/assets/images/1x/figma-store-thumb.webp,https://www.lapa.ninja/post/figma-store/
Lapa Ninja (Post),Loftgarten,STUDIO,,,https://cdn.lapa.ninja/assets/images/1x/loftgarten-11-24-2020-thumb.webp,https://www.lapa.ninja/post/loftgarten-2/
Lapa Ninja (Post),Famera,APP,,,https://cdn.lapa.ninja/assets/images/1x/famera-thumb.webp,https://www.lapa.ninja/post/famera/
Lapa Ninja (Post),Oscar,INSURANCE,,,https://cdn.lapa.ninja/assets/images/1x/hioscar-11-24-2020-thumb.webp,https://www.lapa.ninja/post/hioscar-3/
Lapa Ninja (Post),Magda Butrym,FASHION,,,https://cdn.lapa.ninja/assets/images/1x/magdabutrym-thumb.webp,https://www.lapa.ninja/post/magdabutrym/
Lapa Ninja (Post),Santi Zoraidez,PORTFOLIO,,,https://cdn.lapa.ninja/assets/images/1x/santizoraidez-thumb.webp,https://www.lapa.ninja/post/santizoraidez/
Lapa Ninja (Post),The Game Awards,CORPORATE,,,https://cdn.lapa.ninja/assets/images/1x/thegameawards-thumb.webp,https://www.lapa.ninja/post/thegameawards/
Lapa Ninja (Post),Ludmilla Maury,PORTFOLIO,,,https://cdn.lapa.ninja/assets/images/1x/ludmillamaury-thumb.webp,https://www.lapa.ninja/post/ludmillamaury/
Lapa Ninja (Post),SPREAD,ARTIFICIAL INTELLIGENCE,,,https://cdn.lapa.ninja/assets/images/1x/spreadai-thumb.webp,https://www.lapa.ninja/post/spreadai/
Lapa Ninja (Post),Innotech,TECHNOLOGY,,,https://cdn.lapa.ninja/assets/images/1x/innotech-thumb.webp,https://www.lapa.ninja/post/innotech/
Lapa Ninja (Post),Political Playlist,CORPORATE,,,https://cdn.lapa.ninja/assets/images/1x/politicalplaylist-thumb.webp,https://www.lapa.ninja/post/politicalplaylist/
Lapa Ninja (Post),SVZ Design,PORTFOLIO,,,https://cdn.lapa.ninja/assets/images/1x/svz-thumb.webp,https://www.lapa.ninja/post/svz/
Lapa Ninja (Post),Ugly Drinks,FOOD DRINKS,,,https://cdn.lapa.ninja/assets/images/1x/uglydrinks-thumb.webp,https://www.lapa.ninja/post/uglydrinks/
Lapa Ninja (Post),HealthQuarters,ILLUSTRATION,,,https://cdn.lapa.ninja/assets/images/1x/healthquarters-thumb.webp,https://www.lapa.ninja/post/healthquarters/
Lapa Ninja (Post),Naba Zabih,PORTFOLIO,,,https://cdn.lapa.ninja/assets/images/1x/nabazabih-thumb.webp,https://www.lapa.ninja/post/nabazabih/
Lapa Ninja (Post),Lift Type,TYPOGRAPHY,,,https://cdn.lapa.ninja/assets/images/1x/lift-type-thumb.webp,https://www.lapa.ninja/post/lift-type/
Lapa Ninja (Post),Lift Her Wealth,EVENT,,,https://cdn.lapa.ninja/assets/images/1x/lift-her-wealth-thumb.webp,https://www.lapa.ninja/post/lift-her-wealth/
Lapa Ninja (Post),Lens Fest,EVENT,,,https://cdn.lapa.ninja/assets/images/1x/lensfest-thumb.webp,https://www.lapa.ninja/post/lensfest/
Lapa Ninja (Post),MoonClerk,FINANCE,,,https://cdn.lapa.ninja/assets/images/1x/moonclerk-thumb.webp,https://www.lapa.ninja/post/moonclerk/
Lapa Ninja (Post),Impero,AGENCY,,,https://cdn.lapa.ninja/assets/images/1x/weareimpero-thumb.webp,https://www.lapa.ninja/post/weareimpero/
Lapa Ninja (Post),Nike Air Jordan XXXV Unveil,ECOMMERCE,,,https://cdn.lapa.ninja/assets/images/1x/jordanbrandlive-thumb.webp,https://www.lapa.ninja/post/jordanbrandlive/
Lapa Ninja (Post),True To Form,STUDIO,,,https://cdn.lapa.ninja/assets/images/1x/truetoform-thumb.webp,https://www.lapa.ninja/post/truetoform/
Lapa Ninja (Post),Whirly Birdie,TYPOGRAPHY,,,https://cdn.lapa.ninja/assets/images/1x/whirlybirdie-thumb.webp,https://www.lapa.ninja/post/whirlybirdie/
Lapa Ninja (Post),PORTO ROCHA,STUDIO,,,https://cdn.lapa.ninja/assets/images/1x/portorocha-thumb.webp,https://www.lapa.ninja/post/portorocha/
Lapa Ninja (Post),Glyphs 3,DESIGN TOOLS,,,https://cdn.lapa.ninja/assets/images/1x/glyphsapp-thumb.webp,https://www.lapa.ninja/post/glyphsapp/
Lapa Ninja (Post),Seaborne,ILLUSTRATION,,,https://cdn.lapa.ninja/assets/images/1x/seaborne-thumb.webp,https://www.lapa.ninja/post/seaborne/
Lapa Ninja (Post),Craft,APP,,,https://cdn.lapa.ninja/assets/images/1x/craftdo-thumb.webp,https://www.lapa.ninja/post/craftdo/
Lapa Ninja (Post),Look Look Studio,STUDIO,,,https://cdn.lapa.ninja/assets/images/1x/looklookstudio-thumb.webp,https://www.lapa.ninja/post/looklookstudio/
Lapa Ninja (Post),OpenPhone,APP,,,https://cdn.lapa.ninja/assets/images/1x/openphone-11-18-2020-thumb.webp,https://www.lapa.ninja/post/openphone-2/
Lapa Ninja (Post),Flux Academy,COURSE,,,https://cdn.lapa.ninja/assets/images/1x/flux-academy-thumb.webp,https://www.lapa.ninja/post/flux-academy/
Lapa Ninja (Post),Wine + Peace,FOOD DRINKS,,,https://cdn.lapa.ninja/assets/images/1x/wineandpeace-thumb.webp,https://www.lapa.ninja/post/wineandpeace/
Lapa Ninja (Post),Comme,HEALTH FITNESS,,,https://cdn.lapa.ninja/assets/images/1x/comme-thumb.webp,https://www.lapa.ninja/post/comme/
Lapa Ninja (Post),Dims.,ECOMMERCE,,,https://cdn.lapa.ninja/assets/images/1x/dimshome-17-11-2020-thumb.webp,https://www.lapa.ninja/post/dimshome-2/
Lapa Ninja (Post),Farah Zidane,PORTFOLIO,,,https://cdn.lapa.ninja/assets/images/1x/farahzidane-thumb.webp,https://www.lapa.ninja/post/farahzidane/
Lapa Ninja (Post),Manual -,ECOMMERCE,,,https://cdn.lapa.ninja/assets/images/1x/manualphoto-thumb.webp,https://www.lapa.ninja/post/manualphoto/
Lapa Ninja (Post),Ofcina,STUDIO,,,https://cdn.lapa.ninja/assets/images/1x/ofcina-thumb.webp,https://www.lapa.ninja/post/ofcina/
Lapa Ninja (Post),Lennarts & de Bruijn,STUDIO,,,https://cdn.lapa.ninja/assets/images/1x/lennartsendebruijn-thumb.webp,https://www.lapa.ninja/post/lennartsendebruijn/
Lapa Ninja (Post),Gumroad,ILLUSTRATION,,,https://cdn.lapa.ninja/assets/images/1x/gumroad-thumb.webp,https://www.lapa.ninja/post/gumroad/
Lapa Ninja (Post),Serial 1,ECOMMERCE,,,https://cdn.lapa.ninja/assets/images/1x/serial1-thumb.webp,https://www.lapa.ninja/post/serial1/
Lapa Ninja (Post),Michael McKeever,PORTFOLIO,,,https://cdn.lapa.ninja/assets/images/1x/mckvr-thumb.webp,https://www.lapa.ninja/post/mckvr/
Lapa Ninja (Post),SPENCER BADU,ECOMMERCE,,,https://cdn.lapa.ninja/assets/images/1x/spencerbadu-thumb.webp,https://www.lapa.ninja/post/spencerbadu/
Lapa Ninja (Post),Clerksy,ILLUSTRATION,,,https://cdn.lapa.ninja/assets/images/1x/clerksy-thumb.webp,https://www.lapa.ninja/post/clerksy/
Lapa Ninja (Post),Zammad,SOFTWARE,,,https://cdn.lapa.ninja/assets/images/1x/zammad-thumb.webp,https://www.lapa.ninja/post/zammad/
Lapa Ninja (Post),Spain Collection,OUTDOORS TRAVEL,,,https://cdn.lapa.ninja/assets/images/1x/spaincollection-thumb.webp,https://www.lapa.ninja/post/spaincollection/
Lapa Ninja (Post),-ism.,ECOMMERCE,,,https://cdn.lapa.ninja/assets/images/1x/ism-crafts-11-15-2020-thumb.webp,https://www.lapa.ninja/post/ism-crafts-2/
Lapa Ninja (Post),Gonzalo Miranda,PORTFOLIO,,,https://cdn.lapa.ninja/assets/images/1x/gonzzzalo-thumb.webp,https://www.lapa.ninja/post/gonzzzalo/
Lapa Ninja (Post),Chivi Chivi,MINIMAL,,,https://cdn.lapa.ninja/assets/images/1x/chivichivi-thumb.webp,https://www.lapa.ninja/post/chivichivi/
Lapa Ninja (Post),LIVRE,ECOMMERCE,,,https://cdn.lapa.ninja/assets/images/1x/livre-thumb.webp,https://www.lapa.ninja/post/livre/
Lapa Ninja (Post),Jesper Vos,PORTFOLIO,,,https://cdn.lapa.ninja/assets/images/1x/jespervos-11-15-2020-thumb.webp,https://www.lapa.ninja/post/jespervos-2/
Lapa Ninja (Post),Shelby Kay,PORTFOLIO,,,https://cdn.lapa.ninja/assets/images/1x/shelbykay-11-15-2020-thumb.webp,https://www.lapa.ninja/post/shelbykay-2/
Lapa Ninja (Post),Headspace,APP,,,https://cdn.lapa.ninja/assets/images/1x/headspace-11-15-2020-thumb.webp,https://www.lapa.ninja/post/headspace-2/
Lapa Ninja (Post),Dally,HEALTH FITNESS,,,https://cdn.lapa.ninja/assets/images/1x/dallygoods-thumb.webp,https://www.lapa.ninja/post/dallygoods/
Lapa Ninja (Post),Raw.Studio,STUDIO,,,https://cdn.lapa.ninja/assets/images/1x/raw-studio-11-15-2020-thumb.webp,https://www.lapa.ninja/post/raw-studio-2/
Lapa Ninja (Post),Clint Agency,AGENCY,,,https://cdn.lapa.ninja/assets/images/1x/clintagency-thumb.webp,https://www.lapa.ninja/post/clintagency/
Lapa Ninja (Post),Brewbike,FOOD DRINKS,,,https://cdn.lapa.ninja/assets/images/1x/brewbike-thumb.webp,https://www.lapa.ninja/post/brewbike/
Lapa Ninja (Post),Adam Romano,PORTFOLIO,,,https://cdn.lapa.ninja/assets/images/1x/adamromano-thumb.webp,https://www.lapa.ninja/post/adamromano/
Lapa Ninja (Post),Poulos Collective,AGENCY,,,https://cdn.lapa.ninja/assets/images/1x/poulos-thumb.webp,https://www.lapa.ninja/post/poulos/
Lapa Ninja (Post),Varyer,STUDIO,,,https://cdn.lapa.ninja/assets/images/1x/varyer-thumb.webp,https://www.lapa.ninja/post/varyer/
Lapa Ninja (Post),Maximilian Berndt,PORTFOLIO,,,https://cdn.lapa.ninja/assets/images/1x/maximilianberndt-thumb.webp,https://www.lapa.ninja/post/maximilianberndt/
Lapa Ninja (Post),OFFHOURS,FASHION,,,https://cdn.lapa.ninja/assets/images/1x/offhours-thumb.webp,https://www.lapa.ninja/post/offhours/
Lapa Ninja (Post),Loom,SOFTWARE,,,https://cdn.lapa.ninja/assets/images/1x/loom-11-12-2020-thumb.webp,https://www.lapa.ninja/post/loom-3/
Lapa Ninja (Post),snif,ECOMMERCE,,,https://cdn.lapa.ninja/assets/images/1x/snif-thumb.webp,https://www.lapa.ninja/post/snif/
Lapa Ninja (Post),Weekend Home,OUTDOORS TRAVEL,,,https://cdn.lapa.ninja/assets/images/1x/weekendhome-thumb.webp,https://www.lapa.ninja/post/weekendhome/
Lapa Ninja (Post),Folklore,AGENCY,,,https://cdn.lapa.ninja/assets/images/1x/folklore-thumb.webp,https://www.lapa.ninja/post/folklore/
Lapa Ninja (Post),Eva Sánchez Clemente,PORTFOLIO,,,https://cdn.lapa.ninja/assets/images/1x/evasanchezclemente-thumb.webp,https://www.lapa.ninja/post/evasanchezclemente/
Lapa Ninja (Post),Endplan,HEALTH FITNESS,,,https://cdn.lapa.ninja/assets/images/1x/endplan-thumb.webp,https://www.lapa.ninja/post/endplan/
Lapa Ninja (Post),Leichtfried,STUDIO,,,https://cdn.lapa.ninja/assets/images/1x/leichtfried-thumb.webp,https://www.lapa.ninja/post/leichtfried/
Lapa Ninja (Post),Spendesk,FINANCE,,,https://cdn.lapa.ninja/assets/images/1x/spendesk-11-09-2020-thumb.webp,https://www.lapa.ninja/post/spendesk-3/
Lapa Ninja (Post),July,ECOMMERCE,,,https://cdn.lapa.ninja/assets/images/1x/july-thumb.webp,https://www.lapa.ninja/post/july/
Lapa Ninja (Post),MamboMambo,STUDIO,,,https://cdn.lapa.ninja/assets/images/1x/mambomambo-thumb.webp,https://www.lapa.ninja/post/mambomambo/
Lapa Ninja (Post),Sofia Papadopoulou,PORTFOLIO,,,https://cdn.lapa.ninja/assets/images/1x/sofiapapadopoulou-thumb.webp,https://www.lapa.ninja/post/sofiapapadopoulou/
Lapa Ninja (Post),CartHook,DEVELOPMENT TOOLS,,,https://cdn.lapa.ninja/assets/images/1x/carthook-thumb.webp,https://www.lapa.ninja/post/carthook/
Lapa Ninja (Post),Rive 2,DESIGN TOOLS,,,https://cdn.lapa.ninja/assets/images/1x/rive-thumb.webp,https://www.lapa.ninja/post/rive/
Lapa Ninja (Post),Sean Halpin,PORTFOLIO,,,https://cdn.lapa.ninja/assets/images/1x/seanhalpin-thumb.webp,https://www.lapa.ninja/post/seanhalpin/
Lapa Ninja (Post),MOY,ECOMMERCE,,,https://cdn.lapa.ninja/assets/images/1x/moy-thumb.webp,https://www.lapa.ninja/post/moy/
Lapa Ninja (Post),BrandLoyal,AGENCY,,,https://cdn.lapa.ninja/assets/images/1x/brandloyal-thumb.webp,https://www.lapa.ninja/post/brandloyal/
Lapa Ninja (Post),Meatable,CORPORATE,,,https://cdn.lapa.ninja/assets/images/1x/meatable-thumb.webp,https://www.lapa.ninja/post/meatable/
Lapa Ninja (Post),Alto,ILLUSTRATION,,,https://cdn.lapa.ninja/assets/images/1x/alto-thumb.webp,https://www.lapa.ninja/post/alto/
Lapa Ninja (Post),Dario,PORTFOLIO,,,https://cdn.lapa.ninja/assets/images/1x/dario-thumb.webp,https://www.lapa.ninja/post/dario/
Lapa Ninja (Post),Anima,DESIGN TOOLS,,,https://cdn.lapa.ninja/assets/images/1x/animaapp-thumb.webp,https://www.lapa.ninja/post/animaapp/
Lapa Ninja (Post),Atom,DEVELOPMENT TOOLS,,,https://cdn.lapa.ninja/assets/images/1x/atom-thumb.webp,https://www.lapa.ninja/post/atom/
Lapa Ninja (Post),Comme Si,FASHION,,,https://cdn.lapa.ninja/assets/images/1x/commesi-thumb.webp,https://www.lapa.ninja/post/commesi/
Lapa Ninja (Post),Skuid,ILLUSTRATION,,,https://cdn.lapa.ninja/assets/images/1x/skuid-thumb.webp,https://www.lapa.ninja/post/skuid/
Lapa Ninja (Post),Hugo Crozet,PORTFOLIO,,,https://cdn.lapa.ninja/assets/images/1x/hugocrozet-thumb.webp,https://www.lapa.ninja/post/hugocrozet/
Lapa Ninja (Post),Kabuto Noodles,FOOD DRINKS,,,https://cdn.lapa.ninja/assets/images/1x/kabutonoodles-thumb.webp,https://www.lapa.ninja/post/kabutonoodles/
Lapa Ninja (Post),Sonia Rykiel,FASHION,,,https://cdn.lapa.ninja/assets/images/1x/soniarykiel-thumb.webp,https://www.lapa.ninja/post/soniarykiel/
Lapa Ninja (Post),Gusto Wallet,APP,,,https://cdn.lapa.ninja/assets/images/1x/gusto-wallet-thumb.webp,https://www.lapa.ninja/post/gusto-wallet/
Lapa Ninja (Post),Cometeer,FOOD DRINKS,,,https://cdn.lapa.ninja/assets/images/1x/cometeer-thumb.webp,https://www.lapa.ninja/post/cometeer/
Lapa Ninja (Post),Worth It Docs,STUDIO,,,https://cdn.lapa.ninja/assets/images/1x/worthitdocs-thumb.webp,https://www.lapa.ninja/post/worthitdocs/
Lapa Ninja (Post),Wellory,APP,,,https://cdn.lapa.ninja/assets/images/1x/wellory-thumb.webp,https://www.lapa.ninja/post/wellory/
Lapa Ninja (Post),Raycast,PRODUCTIVITY,,,https://cdn.lapa.ninja/assets/images/1x/raycast-thumb.webp,https://www.lapa.ninja/post/raycast/
Lapa Ninja (Post),USBYUS,ECOMMERCE,,,https://cdn.lapa.ninja/assets/images/1x/usbyus-thumb.webp,https://www.lapa.ninja/post/usbyus/
Lapa Ninja (Post),Vibely,COMMUNITY,,,https://cdn.lapa.ninja/assets/images/1x/vibely-thumb.webp,https://www.lapa.ninja/post/vibely/
Lapa Ninja (Post),Clause,ILLUSTRATION,,,https://cdn.lapa.ninja/assets/images/1x/clause-thumb.webp,https://www.lapa.ninja/post/clause/
Lapa Ninja (Post),Stark,DESIGN TOOLS,,,https://cdn.lapa.ninja/assets/images/1x/getstark-10-28-2020-thumb.webp,https://www.lapa.ninja/post/getstark-2/
Lapa Ninja (Post),Grilli Type,FOUNDRY,,,https://cdn.lapa.ninja/assets/images/1x/grillitype-thumb.webp,https://www.lapa.ninja/post/grillitype/
Lapa Ninja (Post),Tyrus,ILLUSTRATION,,,https://cdn.lapa.ninja/assets/images/1x/tyrus-thumb.webp,https://www.lapa.ninja/post/tyrus/
Lapa Ninja (Post),Kate Proulx,PORTFOLIO,,,https://cdn.lapa.ninja/assets/images/1x/kateproulx-thumb.webp,https://www.lapa.ninja/post/kateproulx/
Lapa Ninja (Post),Jean Dawson,PORTFOLIO,,,https://cdn.lapa.ninja/assets/images/1x/jeandawson-thumb.webp,https://www.lapa.ninja/post/jeandawson/
Lapa Ninja (Post),Emergence Magazine,MAGAZINE,,,https://cdn.lapa.ninja/assets/images/1x/emergencemagazine-thumb.webp,https://www.lapa.ninja/post/emergencemagazine/
Lapa Ninja (Post),Acid League,ECOMMERCE,,,https://cdn.lapa.ninja/assets/images/1x/acidleague-thumb.webp,https://www.lapa.ninja/post/acidleague/
Lapa Ninja (Post),Blush,DESIGN TOOLS,,,https://cdn.lapa.ninja/assets/images/1x/blush-design-thumb.webp,https://www.lapa.ninja/post/blush-design/
Lapa Ninja (Post),Loftgarten,PHOTOGRAPHY,,,https://cdn.lapa.ninja/assets/images/1x/loftgarten-thumb.webp,https://www.lapa.ninja/post/loftgarten/
Lapa Ninja (Post),Charlie Le Maignan,PORTFOLIO,,,https://cdn.lapa.ninja/assets/images/1x/charlielemaignan-thumb.webp,https://www.lapa.ninja/post/charlielemaignan/
Lapa Ninja (Post),Whiled,ECOMMERCE,,,https://cdn.lapa.ninja/assets/images/1x/whiled-thumb.webp,https://www.lapa.ninja/post/whiled/
Lapa Ninja (Post),helloMuller,PORTFOLIO,,,https://cdn.lapa.ninja/assets/images/1x/hellomuller-thumb.webp,https://www.lapa.ninja/post/hellomuller/
Lapa Ninja (Post),Utrust,CRYPTOCURRENCY,,,https://cdn.lapa.ninja/assets/images/1x/utrust-thumb.webp,https://www.lapa.ninja/post/utrust/
Lapa Ninja (Post),Canvas Medical,CORPORATE,,,https://cdn.lapa.ninja/assets/images/1x/canvasmedical-thumb.webp,https://www.lapa.ninja/post/canvasmedical/
Lapa Ninja (Post),Feedly,NEWS,,,https://cdn.lapa.ninja/assets/images/1x/feedly-thumb.webp,https://www.lapa.ninja/post/feedly/
Lapa Ninja (Post),Damn Good Beauty,BUSINESS,,,https://cdn.lapa.ninja/assets/images/1x/damngoodbeauty-thumb.webp,https://www.lapa.ninja/post/damngoodbeauty/
Lapa Ninja (Post),Melyon,ECOMMERCE,,,https://cdn.lapa.ninja/assets/images/1x/melyon-thumb.webp,https://www.lapa.ninja/post/melyon/
Lapa Ninja (Post),Wunderbucket,DEVELOPMENT TOOLS,,,https://cdn.lapa.ninja/assets/images/1x/wunderbucket-thumb.webp,https://www.lapa.ninja/post/wunderbucket/
Lapa Ninja (Post),Victor Berbel,PORTFOLIO,,,https://cdn.lapa.ninja/assets/images/1x/victorberbel-thumb.webp,https://www.lapa.ninja/post/victorberbel/
Lapa Ninja (Post),Hugo Maury,PORTFOLIO,,,https://cdn.lapa.ninja/assets/images/1x/maury-thumb.webp,https://www.lapa.ninja/post/maury/
Lapa Ninja (Post),Pitch,DESIGN TOOLS,,,https://cdn.lapa.ninja/assets/images/1x/pitch-21-10-2020-thumb.webp,https://www.lapa.ninja/post/pitch-3/
Lapa Ninja (Post),Aerial,APP,,,https://cdn.lapa.ninja/assets/images/1x/aerial-thumb.webp,https://www.lapa.ninja/post/aerial/
Lapa Ninja (Post),Sennep,AGENCY,,,https://cdn.lapa.ninja/assets/images/1x/sennep-thumb.webp,https://www.lapa.ninja/post/sennep/
Lapa Ninja (Post),Gavril Perov,PORTFOLIO,,,https://cdn.lapa.ninja/assets/images/1x/gavril-thumb.webp,https://www.lapa.ninja/post/gavril/
Lapa Ninja (Post),Natreve,ECOMMERCE,,,https://cdn.lapa.ninja/assets/images/1x/natreve-thumb.webp,https://www.lapa.ninja/post/natreve/
Lapa Ninja (Post),Slite,TECHNOLOGY,,,https://cdn.lapa.ninja/assets/images/1x/slite-21-10-2020-thumb.webp,https://www.lapa.ninja/post/slite-3/
Lapa Ninja (Post),Google TV,TECHNOLOGY,,,https://cdn.lapa.ninja/assets/images/1x/google-tv-thumb.webp,https://www.lapa.ninja/post/google-tv/
Lapa Ninja (Post),Unis Shoes,ECOMMERCE,,,https://cdn.lapa.ninja/assets/images/1x/unisfootwear-thumb.webp,https://www.lapa.ninja/post/unisfootwear/
Lapa Ninja (Post),Hey Bicycle,ECOMMERCE,,,https://cdn.lapa.ninja/assets/images/1x/heybicycle-thumb.webp,https://www.lapa.ninja/post/heybicycle/
Lapa Ninja (Post),Anton Repponen,PORTFOLIO,,,https://cdn.lapa.ninja/assets/images/1x/repponen-thumb.webp,https://www.lapa.ninja/post/repponen/
Lapa Ninja (Post),Goliath Entertainment,ILLUSTRATION,,,https://cdn.lapa.ninja/assets/images/1x/goliath-entertainment-thumb.webp,https://www.lapa.ninja/post/goliath-entertainment/
Lapa Ninja (Post),Raindrop.io,DESIGN TOOLS,,,https://cdn.lapa.ninja/assets/images/1x/raindrop-10-19-2020-thumb.webp,https://www.lapa.ninja/post/raindrop-3/
Lapa Ninja (Post),Digital Dollar Store,ECOMMERCE,,,https://cdn.lapa.ninja/assets/images/1x/digital-dollar-thumb.webp,https://www.lapa.ninja/post/digital-dollar/
Lapa Ninja (Post),Air,PRODUCTIVITY,,,https://cdn.lapa.ninja/assets/images/1x/air-inc-thumb.webp,https://www.lapa.ninja/post/air/
Lapa Ninja (Post),Paracelsia Le Saigné,TYPOGRAPHY,,,https://cdn.lapa.ninja/assets/images/1x/paracelsialesaigne-thumb.webp,https://www.lapa.ninja/post/paracelsialesaigne/
Lapa Ninja (Post),Greenlist,TECHNOLOGY,,,https://cdn.lapa.ninja/assets/images/1x/greenlistapp-thumb.webp,https://www.lapa.ninja/post/greenlistapp/
Lapa Ninja (Post),Rowdy Mermaid Kombucha,ECOMMERCE,,,https://cdn.lapa.ninja/assets/images/1x/rowdymermaid-thumb.webp,https://www.lapa.ninja/post/rowdymermaid/
Lapa Ninja (Post),Nabla,HEALTH FITNESS,,,https://cdn.lapa.ninja/assets/images/1x/nabla-thumb.webp,https://www.lapa.ninja/post/nabla/
Lapa Ninja (Post),TreeCard,FINANCE,,,https://cdn.lapa.ninja/assets/images/1x/treecard-thumb.webp,https://www.lapa.ninja/post/treecard/
Lapa Ninja (Post),Overpass,BUSINESS,,,https://cdn.lapa.ninja/assets/images/1x/overpass-thumb.webp,https://www.lapa.ninja/post/overpass/
Lapa Ninja (Post),Design+Code,DESIGN TOOLS,,,https://cdn.lapa.ninja/assets/images/1x/designcode-16-10-2020-thumb.webp,https://www.lapa.ninja/post/designcode/
Lapa Ninja (Post),Mario Sanchez Maselli,PORTFOLIO,,,https://cdn.lapa.ninja/assets/images/1x/mariosmaselli-thumb.webp,https://www.lapa.ninja/post/mariosmaselli/
Lapa Ninja (Post),Oda,ECOMMERCE,,,https://cdn.lapa.ninja/assets/images/1x/oda-thumb.webp,https://www.lapa.ninja/post/oda/
Lapa Ninja (Post),Erik Herrström,PORTFOLIO,,,https://cdn.lapa.ninja/assets/images/1x/erikherrstrom-10-16-2020-thumb.webp,https://www.lapa.ninja/post/erikherrstrom-2/
Lapa Ninja (Post),Hylo Athletics,ECOMMERCE,,,https://cdn.lapa.ninja/assets/images/1x/hyloathletics-thumb.webp,https://www.lapa.ninja/post/hyloathletics/
Lapa Ninja (Post),Armand Sallé,PORTFOLIO,,,https://cdn.lapa.ninja/assets/images/1x/armand-salle-thumb.webp,https://www.lapa.ninja/post/armand-salle/
Lapa Ninja (Post),PeekUp,APP,,,https://cdn.lapa.ninja/assets/images/1x/peekup-thumb.webp,https://www.lapa.ninja/post/peekup/
Lapa Ninja (Post),Museum of Peace & Quiet,ECOMMERCE,,,https://cdn.lapa.ninja/assets/images/1x/museumofpeaceandquiet-thumb.webp,https://www.lapa.ninja/post/museumofpeaceandquiet/
Lapa Ninja (Post),UPQODE,AGENCY,,,https://cdn.lapa.ninja/assets/images/1x/upqode-thumb.webp,https://www.lapa.ninja/post/upqode/
Lapa Ninja (Post),Koa,ECOMMERCE,,,https://cdn.lapa.ninja/assets/images/1x/livingkoa-thumb.webp,https://www.lapa.ninja/post/livingkoa/
Lapa Ninja (Post),Gorillaz,ILLUSTRATION,,,https://cdn.lapa.ninja/assets/images/1x/gorillaz-promo-thumb.webp,https://www.lapa.ninja/post/gorillaz-promo/
Lapa Ninja (Post),Monsieur M,PORTFOLIO,,,https://cdn.lapa.ninja/assets/images/1x/monsieurm-thumb.webp,https://www.lapa.ninja/post/monsieurm/
Lapa Ninja (Post),Pachama,CORPORATE,,,https://cdn.lapa.ninja/assets/images/1x/pachama-thumb.webp,https://www.lapa.ninja/post/pachama/
Lapa Ninja (Post),Mehrotra,ECOMMERCE,,,https://cdn.lapa.ninja/assets/images/1x/mehrotrasthlm-thumb.webp,https://www.lapa.ninja/post/mehrotrasthlm/
Lapa Ninja (Post),Flamingo Estate,ECOMMERCE,,,https://cdn.lapa.ninja/assets/images/1x/flamingoestate-thumb.webp,https://www.lapa.ninja/post/flamingoestate/
Lapa Ninja (Post),Mezcal Rosaluna,FOOD DRINKS,,,https://cdn.lapa.ninja/assets/images/1x/mezcalrosaluna-thumb.webp,https://www.lapa.ninja/post/mezcalrosaluna/
Lapa Ninja (Post),Mike Lamont,PORTFOLIO,,,https://cdn.lapa.ninja/assets/images/1x/mike-thumb.webp,https://www.lapa.ninja/post/mike/
Lapa Ninja (Post),Good Measure,AGENCY,,,https://cdn.lapa.ninja/assets/images/1x/findgoodmeasure-thumb.webp,https://www.lapa.ninja/post/findgoodmeasure/
Lapa Ninja (Post),Extraset,FOUNDRY,,,https://cdn.lapa.ninja/assets/images/1x/extraset-thumb.webp,https://www.lapa.ninja/post/extraset/
Lapa Ninja (Post),Æbele Interiors,FURNITURE INTERIORS,,,https://cdn.lapa.ninja/assets/images/1x/aebeleinteriors-thumb.webp,https://www.lapa.ninja/post/aebeleinteriors/
Lapa Ninja (Post),Faculty,STUDIO,,,https://cdn.lapa.ninja/assets/images/1x/faculty-thumb.webp,https://www.lapa.ninja/post/faculty/
Lapa Ninja (Post),Oculus,TECHNOLOGY,,,https://cdn.lapa.ninja/assets/images/1x/oculus-10-07-2020-thumb.webp,https://www.lapa.ninja/post/oculus-3/
Lapa Ninja (Post),Ayaka B. Ito,PORTFOLIO,,,https://cdn.lapa.ninja/assets/images/1x/ayakaito-thumb.webp,https://www.lapa.ninja/post/ayakaito/
Lapa Ninja (Post),Canny,DEVELOPMENT TOOLS,,,https://cdn.lapa.ninja/assets/images/1x/canny-10-07-2020-thumb.webp,https://www.lapa.ninja/post/canny-2/
Lapa Ninja (Post),Dore Partnership,BUSINESS,,,https://cdn.lapa.ninja/assets/images/1x/dorepartnership-thumb.webp,https://www.lapa.ninja/post/dorepartnership/
Lapa Ninja (Post),Asana,PRODUCTIVITY,,,https://cdn.lapa.ninja/assets/images/1x/asana-10-03-2020-thumb.webp,https://www.lapa.ninja/post/asana-4/
Lapa Ninja (Post),Bizzon,ILLUSTRATION,,,https://cdn.lapa.ninja/assets/images/1x/bizzon-thumb.webp,https://www.lapa.ninja/post/bizzon/
Lapa Ninja (Post),Gianluca Armenio,PORTFOLIO,,,https://cdn.lapa.ninja/assets/images/1x/gianlucarmenio-thumb.webp,https://www.lapa.ninja/post/gianlucarmenio/
Lapa Ninja (Post),Harry Moses,PORTFOLIO,,,https://cdn.lapa.ninja/assets/images/1x/harrymoses-thumb.webp,https://www.lapa.ninja/post/harrymoses/
Lapa Ninja (Post),Tiny,CORPORATE,,,https://cdn.lapa.ninja/assets/images/1x/tinycapital-thumb.webp,https://www.lapa.ninja/post/tinycapital/
Lapa Ninja (Post),Locomotive Culture,AGENCY,,,https://cdn.lapa.ninja/assets/images/1x/locomotive-play-thumb.webp,https://www.lapa.ninja/post/locomotive-culture/
Lapa Ninja (Post),Philip Battin,PORTFOLIO,,,https://cdn.lapa.ninja/assets/images/1x/philipbattin-thumb.webp,https://www.lapa.ninja/post/philipbattin/
Lapa Ninja (Post),NUGGS,FOOD DRINKS,,,https://cdn.lapa.ninja/assets/images/1x/eatnuggs-thumb.webp,https://www.lapa.ninja/post/eatnuggs/
Lapa Ninja (Post),Google Store,ECOMMERCE,,,https://cdn.lapa.ninja/assets/images/1x/google-store-thumb.webp,https://www.lapa.ninja/post/google-store/
Lapa Ninja (Post),Karst,ECOMMERCE,,,https://cdn.lapa.ninja/assets/images/1x/karststonepaper-thumb.webp,https://www.lapa.ninja/post/karststonepaper/
Lapa Ninja (Post),Mollydooker Wines,FOOD DRINKS,,,https://cdn.lapa.ninja/assets/images/1x/mollydookerwines-thumb.webp,https://www.lapa.ninja/post/mollydookerwines/
Lapa Ninja (Post),WTF.studio,STUDIO,,,https://cdn.lapa.ninja/assets/images/1x/wtf-studio-09-30-2020-thumb.webp,https://www.lapa.ninja/post/wtf-studio-2/
Lapa Ninja (Post),The Met Museum,CULTURE,,,https://cdn.lapa.ninja/assets/images/1x/metmus-150-thumb.webp,https://www.lapa.ninja/post/metmus-150/
Lapa Ninja (Post),Quicksand,EDUCATION,,,https://cdn.lapa.ninja/assets/images/1x/quicksand-thumb.webp,https://www.lapa.ninja/post/airbnb-quicksand/
Lapa Ninja (Post),Waste Not,BUSINESS,,,https://cdn.lapa.ninja/assets/images/1x/wastenot-thumb.webp,https://www.lapa.ninja/post/wastenot/
Lapa Ninja (Post),Owi Sixseven,PORTFOLIO,,,https://cdn.lapa.ninja/assets/images/1x/theartofvisual-thumb.webp,https://www.lapa.ninja/post/theartofvisual/
Lapa Ninja (Post),Basium Fragrances,ECOMMERCE,,,https://cdn.lapa.ninja/assets/images/1x/basiumfragrances-thumb.webp,https://www.lapa.ninja/post/basiumfragrances/
Lapa Ninja (Post),Wnder,FOOD DRINKS,,,https://cdn.lapa.ninja/assets/images/1x/wnder-thumb.webp,https://www.lapa.ninja/post/wnder/
Lapa Ninja (Post),Atelier Akuko,FURNITURE INTERIORS,,,https://cdn.lapa.ninja/assets/images/1x/atelier-akuko-thumb.webp,https://www.lapa.ninja/post/atelier-akuko/
Lapa Ninja (Post),MinamiDesignCo,STUDIO,,,https://cdn.lapa.ninja/assets/images/1x/minami-design-thumb.webp,https://www.lapa.ninja/post/minami-design/
Lapa Ninja (Post),Ralph Buenconsejo,PORTFOLIO,,,https://cdn.lapa.ninja/assets/images/1x/buenmakes-thumb.webp,https://www.lapa.ninja/post/buenmakes/
Lapa Ninja (Post),BEHAVE,FOOD DRINKS,,,https://cdn.lapa.ninja/assets/images/1x/eatbehave-thumb.webp,https://www.lapa.ninja/post/eatbehave/
Lapa Ninja (Post),Svea Solar,TECHNOLOGY,,,https://cdn.lapa.ninja/assets/images/1x/sveasolar-thumb.webp,https://www.lapa.ninja/post/sveasolar/
Lapa Ninja (Post),Status,CRYPTOCURRENCY,,,https://cdn.lapa.ninja/assets/images/1x/status-thumb.webp,https://www.lapa.ninja/post/status/
Lapa Ninja (Post),Hello Hay,FINANCE,,,https://cdn.lapa.ninja/assets/images/1x/hellohay-thumb.webp,https://www.lapa.ninja/post/hellohay/
Lapa Ninja (Post),Natural,APP,,,https://cdn.lapa.ninja/assets/images/1x/natural-thumb.webp,https://www.lapa.ninja/post/natural/
Lapa Ninja (Post),Shirley Wang,PORTFOLIO,,,https://cdn.lapa.ninja/assets/images/1x/shirleywangdesign-thumb.webp,https://www.lapa.ninja/post/shirleywangdesign/
Lapa Ninja (Post),Brews & Grooves,FOOD DRINKS,,,https://cdn.lapa.ninja/assets/images/1x/brewsandgrooves-thumb.webp,https://www.lapa.ninja/post/brewsandgrooves/
Lapa Ninja (Post),Simon Daufresne,PORTFOLIO,,,https://cdn.lapa.ninja/assets/images/1x/simondaufresne-thumb.webp,https://www.lapa.ninja/post/simondaufresne/
Lapa Ninja (Post),Virgin Hyperloop,AUTOMOTIVE,,,https://cdn.lapa.ninja/assets/images/1x/virginhyperloop-thumb.webp,https://www.lapa.ninja/post/virginhyperloop/
Lapa Ninja (Post),Animade,STUDIO,,,https://cdn.lapa.ninja/assets/images/1x/animade-thumb.webp,https://www.lapa.ninja/post/animade/
Lapa Ninja (Post),Demuxed 2020,EVENT,,,https://cdn.lapa.ninja/assets/images/1x/demuxed-2020-thumb.webp,https://www.lapa.ninja/post/demuxed-2020/
Lapa Ninja (Post),Procreate Education,COURSE,,,https://cdn.lapa.ninja/assets/images/1x/procreate-education-thumb.webp,https://www.lapa.ninja/post/procreate-education/
Lapa Ninja (Post),Synthesia,ARTIFICIAL INTELLIGENCE,,,https://cdn.lapa.ninja/assets/images/1x/synthesia-thumb.webp,https://www.lapa.ninja/post/synthesia/
Lapa Ninja (Post),Front,MAIL,,,https://cdn.lapa.ninja/assets/images/1x/frontapp-09-23-2020-thumb.webp,https://www.lapa.ninja/post/frontapp-5/
Lapa Ninja (Post),Teachable,EDUCATION,,,https://cdn.lapa.ninja/assets/images/1x/teachable-thumb.webp,https://www.lapa.ninja/post/teachable/
Lapa Ninja (Post),SmashBrand,BUSINESS,,,https://cdn.lapa.ninja/assets/images/1x/smashbrand-thumb.webp,https://www.lapa.ninja/post/smashbrand/
Lapa Ninja (Post),2°C EARTH,OUTDOORS TRAVEL,,,https://cdn.lapa.ninja/assets/images/1x/2-c-earth-thumb.webp,https://www.lapa.ninja/post/2-c-earth/
Lapa Ninja (Post),Limnia Araw,ECOMMERCE,,,https://cdn.lapa.ninja/assets/images/1x/araw-limnia-thumb.webp,https://www.lapa.ninja/post/araw-limnia/
Lapa Ninja (Post),G2K Creative Agency,AGENCY,,,https://cdn.lapa.ninja/assets/images/1x/g2k-thumb.webp,https://www.lapa.ninja/post/g2k/
Lapa Ninja (Post),Quintin Lodge,PORTFOLIO,,,https://cdn.lapa.ninja/assets/images/1x/quintinlodge-thumb.webp,https://www.lapa.ninja/post/quintinlodge/
Lapa Ninja (Post),Finn,FOOD DRINKS,,,https://cdn.lapa.ninja/assets/images/1x/petfinn-thumb.webp,https://www.lapa.ninja/post/petfinn/
Lapa Ninja (Post),Glass,APP,,,https://cdn.lapa.ninja/assets/images/1x/glass-thumb.webp,https://www.lapa.ninja/post/glass/
Lapa Ninja (Post),Geckoboard,ILLUSTRATION,,,https://cdn.lapa.ninja/assets/images/1x/geckoboard-thumb.webp,https://www.lapa.ninja/post/geckoboard/
Lapa Ninja (Post),We are owlsome,STUDIO,,,https://cdn.lapa.ninja/assets/images/1x/weareowlsome-thumb.webp,https://www.lapa.ninja/post/weareowlsome/
Lapa Ninja (Post),Rainbo,FOOD DRINKS,,,https://cdn.lapa.ninja/assets/images/1x/rainbo-thumb.webp,https://www.lapa.ninja/post/rainbo/
Lapa Ninja (Post),Plain Jane Events,AGENCY,,,https://cdn.lapa.ninja/assets/images/1x/plainjaneevents-thumb.webp,https://www.lapa.ninja/post/plainjaneevents/
Lapa Ninja (Post),Field,AGENCY,,,https://cdn.lapa.ninja/assets/images/1x/builtbyfield-thumb.webp,https://www.lapa.ninja/post/builtbyfield/
Lapa Ninja (Post),Tranen,MINIMAL,,,https://cdn.lapa.ninja/assets/images/1x/tranen-thumb.webp,https://www.lapa.ninja/post/tranen/
Lapa Ninja (Post),Rafael Conde,PORTFOLIO,,,https://cdn.lapa.ninja/assets/images/1x/rafa-thumb.webp,https://www.lapa.ninja/post/rafa/
Lapa Ninja (Post),Salus Body,ECOMMERCE,,,https://cdn.lapa.ninja/assets/images/1x/salusbody-thumb.webp,https://www.lapa.ninja/post/salusbody/
Lapa Ninja (Post),Letter,FINANCE,,,https://cdn.lapa.ninja/assets/images/1x/letterco-thumb.webp,https://www.lapa.ninja/post/letterco/
Lapa Ninja (Post),Dinamo,FOUNDRY,,,https://cdn.lapa.ninja/assets/images/1x/abcdinamo-thumb.webp,https://www.lapa.ninja/post/abcdinamo/
Lapa Ninja (Post),Make Lemonade,STUDIO,,,https://cdn.lapa.ninja/assets/images/1x/makelemonade-thumb.webp,https://www.lapa.ninja/post/makelemonade/
