source,title,url,image,dominant_colors,color_weights,primary_hex,primary_descriptor,elements,mood_keywords,confidence
Lapa Ninja (Post),Monologue,https://www.lapa.ninja/post/monologue/,https://cdn.lapa.ninja/assets/images/1x/monologue-thumb.jpg,"[""#090909"", ""#1e1e1e""]","{""#090909"": 0.6207, ""#1e1e1e"": 0.2633}",#090909,dark muted neutral,"rounded buttons, sidebar, video background, large typography, grid layout, cta button","modern, retro, futuristic",0.82
Lapa Ninja (Post),Ona,https://www.lapa.ninja/post/ona/,https://cdn.lapa.ninja/assets/images/1x/ona-thumb.jpg,"[""#fdfefd""]","{""#fdfefd"": 0.828}",#fdfefd,light muted green,"rounded buttons, search bar, split screen, sidebar, grid layout, footer","modern, minimal, professional",0.87
Lapa Ninja (Post),Jon Howell,https://www.lapa.ninja/post/jonhowell/,https://cdn.lapa.ninja/assets/images/1x/jonhowell-thumb.jpg,"[""#020101"", ""#39333d""]","{""#020101"": 0.6239, ""#39333d"": 0.1388}",#020101,dark muted red,"grid layout, avatar, large typography, search bar, sidebar, form","futuristic, modern, minimal",0.86
Lapa Ninja (Post),Brainfish,https://www.lapa.ninja/post/brainfishai/,https://cdn.lapa.ninja/assets/images/1x/brainfishai-thumb.jpg,"[""#adebe6"", ""#e1f5f8""]","{""#adebe6"": 0.4358, ""#e1f5f8"": 0.2692}",#adebe6,bright teal,"rounded buttons, top navigation, sidebar, pricing cards, feature list, search bar","modern, minimal, cool",0.83
Lapa Ninja (Post),Board.fun,https://www.lapa.ninja/post/board-fun/,https://cdn.lapa.ninja/assets/images/1x/board-fun-thumb.jpg,"[""#322825"", ""#fefdf0""]","{""#322825"": 0.2127, ""#fefdf0"": 0.3216}",#322825,dark muted red,"large typography, split screen, grid layout, rounded buttons, sidebar, video background","modern, creative, minimal",0.72
Lapa Ninja (Post),Chipsa,https://www.lapa.ninja/post/chipsa/,https://cdn.lapa.ninja/assets/images/1x/chipsa-thumb.jpg,"[""#f5f5f5"", ""#141413""]","{""#f5f5f5"": 0.7212, ""#141413"": 0.0908}",#f5f5f5,light muted neutral,"large typography, rounded buttons, sidebar, top navigation, form, avatar","futuristic, modern, minimal",0.82
Lapa Ninja (Post),Aeons,https://www.lapa.ninja/post/aeons/,https://cdn.lapa.ninja/assets/images/1x/aeons-thumb.jpg,"[""#000001""]","{""#000001"": 0.9222}",#000001,dark bright blue,"centered hero, avatar, icon list, video background, data table, large typography","cool, futuristic, creative",0.86
Lapa Ninja (Post),MØM,https://www.lapa.ninja/post/matter-of-mind-2/,https://cdn.lapa.ninja/assets/images/1x/matter-of-mind-2-thumb.jpg,"[""#272927""]","{""#272927"": 0.8407}",#272927,dark muted neutral,"large typography, sidebar, rounded buttons, grid layout, data table, video background","modern, minimal, bold",0.83
Lapa Ninja (Post),Merlin,https://www.lapa.ninja/post/merlin/,https://cdn.lapa.ninja/assets/images/1x/merlin-thumb.jpg,"[""#fdfdfd""]","{""#fdfdfd"": 0.8441}",#fdfdfd,light muted neutral,"rounded buttons, search bar, avatar, sidebar, cta button, split screen","professional, modern, futuristic",0.82
Lapa Ninja (Post),CHRLS.DSGN,https://www.lapa.ninja/post/chrls/,https://cdn.lapa.ninja/assets/images/1x/chrls-thumb.jpg,"[""#e9e8e8"", ""#f96b1c""]","{""#e9e8e8"": 0.7231, ""#f96b1c"": 0.0996}",#e9e8e8,light muted neutral,"cta button, sidebar, grid layout, large typography, pricing cards, single column","modern, minimal, professional",0.83
Lapa Ninja (Post),Fantasy,https://www.lapa.ninja/post/fantasy/,https://cdn.lapa.ninja/assets/images/1x/fantasy-thumb.jpg,"[""#030404"", ""#15171b""]","{""#030404"": 0.5296, ""#15171b"": 0.4003}",#030404,dark muted teal,"rounded buttons, search bar, large typography, grid layout, feature list, split screen","futuristic, modern, minimal",0.87
Lapa Ninja (Post),Vibe-X,https://www.lapa.ninja/post/vibex/,https://cdn.lapa.ninja/assets/images/1x/vibex-thumb.jpg,"[""#070707""]","{""#070707"": 0.8711}",#070707,dark muted neutral,"rounded buttons, sidebar, video background, search bar, avatar, form","minimal, futuristic, modern",0.82
Lapa Ninja (Post),Creech,https://www.lapa.ninja/post/creech/,https://cdn.lapa.ninja/assets/images/1x/creech-thumb.jpg,"[""#f1f0f0"", ""#b89c97""]","{""#f1f0f0"": 0.5087, ""#b89c97"": 0.1715}",#f1f0f0,light muted neutral,"grid layout, search bar, icon list, sidebar, rounded buttons, feature list","minimal, modern, artistic",0.83
Lapa Ninja (Post),LORE,https://www.lapa.ninja/post/lore/,https://cdn.lapa.ninja/assets/images/1x/lore-thumb.jpg,"[""#f8f8f7"", ""#170a03""]","{""#f8f8f7"": 0.4665, ""#170a03"": 0.1734}",#f8f8f7,light muted neutral,"rounded buttons, sidebar, video background, grid layout, avatar, split screen","minimal, futuristic, modern",0.81
Lapa Ninja (Post),Taara,https://www.lapa.ninja/post/taaraconnect/,https://cdn.lapa.ninja/assets/images/1x/taaraconnect-thumb.jpg,"[""#fefefe"", ""#c5c0c0""]","{""#fefefe"": 0.799, ""#c5c0c0"": 0.1187}",#fefefe,light muted neutral,"rounded buttons, large typography, top navigation, form, cta button, hero image","futuristic, modern, luxury",0.82
Lapa Ninja (Post),Control,https://www.lapa.ninja/post/cntrl-2/,https://cdn.lapa.ninja/assets/images/1x/cntrl-2-thumb.jpg,"[""#fefefe"", ""#090909""]","{""#fefefe"": 0.7673, ""#090909"": 0.1462}",#fefefe,light muted neutral,"split screen, sidebar, rounded buttons, grid layout, feature list, two-column layout","modern, futuristic, creative",0.83
Lapa Ninja (Post),Stephanie Bruce,https://www.lapa.ninja/post/stephaniebruce-2/,https://cdn.lapa.ninja/assets/images/1x/stephaniebruce-2-thumb.jpg,"[""#090909""]","{""#090909"": 0.8198}",#090909,dark muted neutral,"large typography, grid layout, split screen, rounded buttons, sidebar, search bar","modern, minimal, futuristic",0.83
Lapa Ninja (Post),Cloudflare Sandbox,https://www.lapa.ninja/post/cloudflare-sandbox/,https://cdn.lapa.ninja/assets/images/1x/cloudflare-sandbox-thumb.jpg,"[""#0a0a0a""]","{""#0a0a0a"": 0.8957}",#0a0a0a,dark muted neutral,"grid layout, sidebar, rounded buttons, search bar, feature list, large typography","minimal, modern, luxury",0.83
Lapa Ninja (Post),Quantum Body,https://www.lapa.ninja/post/quantumbody/,https://cdn.lapa.ninja/assets/images/1x/quantumbody-thumb.jpg,"[""#201c16"", ""#0c0e0d""]","{""#201c16"": 0.5342, ""#0c0e0d"": 0.2908}",#201c16,dark muted orange,"grid layout, video background, avatar, rounded buttons, large typography, sidebar","modern, minimal, artistic",0.86
Lapa Ninja (Post),FUTURE THREE,https://www.lapa.ninja/post/futurethree/,https://cdn.lapa.ninja/assets/images/1x/futurethree-thumb.jpg,"[""#efefee"", ""#acb69e""]","{""#efefee"": 0.496, ""#acb69e"": 0.1585}",#efefee,light muted neutral,"large typography, split screen, sidebar, form, rounded buttons, video background","modern, futuristic, creative",0.82
Lapa Ninja (Post),David AI,https://www.lapa.ninja/post/withdavid/,https://cdn.lapa.ninja/assets/images/1x/withdavid-thumb.jpg,"[""#f0f1e9"", ""#fbfcf9""]","{""#f0f1e9"": 0.3341, ""#fbfcf9"": 0.6284}",#f0f1e9,light muted yellow,"large typography, rounded buttons, pricing cards, grid layout, footer, sidebar","minimal, modern, cool",0.78
Lapa Ninja (Post),poolside,https://www.lapa.ninja/post/poolside/,https://cdn.lapa.ninja/assets/images/1x/poolside-thumb.jpg,"[""#1a1a1a""]","{""#1a1a1a"": 0.9624}",#1a1a1a,dark muted neutral,"large typography, grid layout, data table, top navigation, footer, single column","minimal, modern, futuristic",0.83
Lapa Ninja (Post),xmcp,https://www.lapa.ninja/post/xmcp/,https://cdn.lapa.ninja/assets/images/1x/xmcp-thumb.jpg,"[""#000000""]","{""#000000"": 0.9382}",#000000,dark muted neutral,"search bar, feature list, icon list, grid layout, top navigation, large typography","futuristic, cool, creative",0.82
Lapa Ninja (Post),GAÏO,https://www.lapa.ninja/post/gaio/,https://cdn.lapa.ninja/assets/images/1x/gaio-thumb.jpg,"[""#090808"", ""#fcf0d8""]","{""#090808"": 0.5194, ""#fcf0d8"": 0.3477}",#090808,dark muted neutral,"sidebar, pricing cards, footer, data table, large typography, feature list","luxury, modern, cool",0.82
Lapa Ninja (Post),General Condition,https://www.lapa.ninja/post/generalcondition/,https://cdn.lapa.ninja/assets/images/1x/generalcondition-thumb.jpg,"[""#e7cbc6"", ""#14100f""]","{""#e7cbc6"": 0.4106, ""#14100f"": 0.3242}",#e7cbc6,bright red,"large typography, rounded buttons, icon list, pricing cards, feature list, sidebar","modern, creative, artistic",0.82
Lapa Ninja (Post),Null Studio,https://www.lapa.ninja/post/nullstudio/,https://cdn.lapa.ninja/assets/images/1x/nullstudio-thumb.jpg,"[""#131312"", ""#f6f6f6""]","{""#131312"": 0.2207, ""#f6f6f6"": 0.4872}",#131312,dark muted neutral,"large typography, grid layout, rounded buttons, sidebar, video background, footer","minimal, futuristic, modern",0.69
Lapa Ninja (Post),Paradigm,https://www.lapa.ninja/post/paradigmai/,https://cdn.lapa.ninja/assets/images/1x/paradigmai-thumb.jpg,"[""#090c13"", ""#f5f6f8""]","{""#090c13"": 0.2956, ""#f5f6f8"": 0.5744}",#090c13,dark bright blue,"grid layout, large typography, rounded buttons, feature list, footer, pricing cards","minimal, modern, futuristic",0.77
Lapa Ninja (Post),Kikk Festival 2025,https://www.lapa.ninja/post/kikk-2025/,https://cdn.lapa.ninja/assets/images/1x/kikk-2025-thumb.jpg,"[""#eeeeee"", ""#ee672f""]","{""#eeeeee"": 0.4084, ""#ee672f"": 0.2178}",#eeeeee,light muted neutral,"large typography, sidebar, footer, logo, video background, split screen","cool, minimal, retro",0.78
Lapa Ninja (Post),darkroom.engineering,https://www.lapa.ninja/post/darkroom-engineering/,https://cdn.lapa.ninja/assets/images/1x/darkroom-engineering-thumb.jpg,"[""#010001"", ""#2b232d""]","{""#010001"": 0.6082, ""#2b232d"": 0.1633}",#010001,dark bright magenta,"video background, rounded buttons, sidebar, feature list, grid layout, hero image","cool, retro, creative",0.87
Lapa Ninja (Post),React Email,https://www.lapa.ninja/post/react-email/,https://cdn.lapa.ninja/assets/images/1x/react-email-thumb.jpg,"[""#000101"", ""#04111a""]","{""#000101"": 0.7438, ""#04111a"": 0.1637}",#000101,dark bright teal,"search bar, large typography, split screen, footer, rounded buttons, avatar","futuristic, modern, minimal",0.87
Lapa Ninja (Post),Liftoff,https://www.lapa.ninja/post/liftoff/,https://cdn.lapa.ninja/assets/images/1x/liftoff-thumb.jpg,"[""#fef9f3""]","{""#fef9f3"": 0.8897}",#fef9f3,light bright orange,"rounded buttons, search bar, grid layout, sidebar, large typography, icon list","modern, trustworthy, minimal",0.87
Lapa Ninja (Post),David Alaba,https://www.lapa.ninja/post/davidalaba/,https://cdn.lapa.ninja/assets/images/1x/davidalaba-thumb.jpg,"[""#fefefd"", ""#191016""]","{""#fefefd"": 0.5537, ""#191016"": 0.1564}",#fefefd,light muted yellow,"video background, sidebar, split screen, avatar, single column, large typography","modern, creative, professional",0.86
Lapa Ninja (Post),Qatchup,https://www.lapa.ninja/post/qatchup/,https://cdn.lapa.ninja/assets/images/1x/qatchup-thumb.jpg,"[""#f9f9f9"", ""#2a2a2a""]","{""#f9f9f9"": 0.8487, ""#2a2a2a"": 0.1014}",#f9f9f9,light muted neutral,"rounded buttons, grid layout, large typography, pricing cards, top navigation, footer","modern, minimal, vibrant",0.83
Lapa Ninja (Post),Era,https://www.lapa.ninja/post/era-app-2/,https://cdn.lapa.ninja/assets/images/1x/era-app-2-thumb.jpg,"[""#1a1a18"", ""#becdcc""]","{""#1a1a18"": 0.3529, ""#becdcc"": 0.3282}",#1a1a18,dark muted neutral,"grid layout, large typography, rounded buttons, pricing cards, top navigation, sidebar","modern, minimal, cool",0.75
Lapa Ninja (Post),Sunset,https://www.lapa.ninja/post/hellosunset/,https://cdn.lapa.ninja/assets/images/1x/hellosunset-thumb.jpg,"[""#f2eee5"", ""#e2d6ca""]","{""#f2eee5"": 0.6108, ""#e2d6ca"": 0.1745}",#f2eee5,light muted orange,"rounded buttons, large typography, grid layout, footer, pricing cards, split screen","minimal, modern, professional",0.87
Lapa Ninja (Post),Taya,https://www.lapa.ninja/post/tayanecklace/,https://cdn.lapa.ninja/assets/images/1x/tayanecklace-thumb.jpg,"[""#fefefc"", ""#a99384""]","{""#fefefc"": 0.5607, ""#a99384"": 0.1551}",#fefefc,light bright yellow,"rounded buttons, video background, pricing cards, sidebar, feature list, large typography","modern, artistic, creative",0.86
Lapa Ninja (Post),When We Love,https://www.lapa.ninja/post/whenwelove/,https://cdn.lapa.ninja/assets/images/1x/whenwelove-thumb.jpg,"[""#e5e3e4"", ""#d0c5cf""]","{""#e5e3e4"": 0.7475, ""#d0c5cf"": 0.1168}",#e5e3e4,light muted neutral,"large typography, video background, sidebar, grid layout, footer, chart","minimal, creative, cool",0.82
Lapa Ninja (Post),Rob Figueredo,https://www.lapa.ninja/post/robably/,https://cdn.lapa.ninja/assets/images/1x/robably-thumb.jpg,"[""#fefefe"", ""#eeeeee""]","{""#fefefe"": 0.7642, ""#eeeeee"": 0.1656}",#fefefe,light muted neutral,"grid layout, large typography, top navigation, rounded buttons, video background, sidebar","modern, minimal, creative",0.83
Lapa Ninja (Post),Groth Studio,https://www.lapa.ninja/post/groth/,https://cdn.lapa.ninja/assets/images/1x/groth-thumb.jpg,"[""#d9d5c1"", ""#fdfdfd""]","{""#d9d5c1"": 0.405, ""#fdfdfd"": 0.1931}",#d9d5c1,muted yellow,"grid layout, large typography, footer, form, icon list, sidebar","modern, minimal, creative",0.82
Lapa Ninja (Post),Ditto,https://www.lapa.ninja/post/trustditto/,https://cdn.lapa.ninja/assets/images/1x/trustditto-thumb.jpg,"[""#eef1e4""]","{""#eef1e4"": 0.8356}",#eef1e4,light muted yellow,"grid layout, rounded buttons, pricing cards, large typography, feature list, video background","modern, minimal, vibrant",0.86
Lapa Ninja (Post),Essential,https://www.lapa.ninja/post/essential/,https://cdn.lapa.ninja/assets/images/1x/essential-thumb.jpg,"[""#f2f2f1"", ""#0b0f15""]","{""#f2f2f1"": 0.7364, ""#0b0f15"": 0.1445}",#f2f2f1,light muted neutral,"large typography, grid layout, split screen, rounded buttons, sidebar, footer","modern, futuristic, retro",0.83
Lapa Ninja (Post),Make It Real Fund Merch,https://www.lapa.ninja/post/mirfundmerch/,https://cdn.lapa.ninja/assets/images/1x/mirfundmerch-thumb.jpg,"[""#2a29a4"", ""#010230""]","{""#2a29a4"": 0.4124, ""#010230"": 0.3637}",#2a29a4,bright blue,"large typography, video background, sidebar, logo, split screen, rounded buttons","cool, minimal, creative",0.82
Lapa Ninja (Post),Duna,https://www.lapa.ninja/post/duna/,https://cdn.lapa.ninja/assets/images/1x/duna-thumb.jpg,"[""#f2caaa"", ""#fefdfd""]","{""#f2caaa"": 0.1909, ""#fefdfd"": 0.7031}",#f2caaa,bright orange,"rounded buttons, top navigation, grid layout, footer, search bar, sidebar","minimal, modern, calm",0.71
Lapa Ninja (Post),Dulcedo,https://www.lapa.ninja/post/dulcedo/,https://cdn.lapa.ninja/assets/images/1x/dulcedo-thumb.jpg,"[""#0a0a0a"", ""#f3f3f3""]","{""#0a0a0a"": 0.6023, ""#f3f3f3"": 0.2852}",#0a0a0a,dark muted neutral,"sidebar, rounded buttons, feature list, video background, large typography, pricing cards","modern, minimal, moody",0.82
Lapa Ninja (Post),REF Digital Agency,https://www.lapa.ninja/post/ref/,https://cdn.lapa.ninja/assets/images/1x/ref-thumb.jpg,"[""#c3b9ae"", ""#10086a""]","{""#c3b9ae"": 0.5044, ""#10086a"": 0.2417}",#c3b9ae,muted orange,"grid layout, video background, footer, split screen, icon list, sidebar","minimal, modern, artistic",0.87
Lapa Ninja (Post),Genie,https://www.lapa.ninja/post/geniestudio/,https://cdn.lapa.ninja/assets/images/1x/geniestudio-thumb.jpg,"[""#fbfdfe""]","{""#fbfdfe"": 0.9587}",#fbfdfe,light bright teal,"search bar, rounded buttons, feature list, large typography, video background, sidebar","creative, cool, friendly",0.86
Lapa Ninja (Post),Coda,https://www.lapa.ninja/post/coda-co/,https://cdn.lapa.ninja/assets/images/1x/coda-co-thumb.jpg,"[""#f7f9eb"", ""#013d22""]","{""#f7f9eb"": 0.5492, ""#013d22"": 0.3346}",#f7f9eb,light bright yellow,"cta button, rounded buttons, sidebar, video background, avatar, pricing cards","trustworthy, creative, modern",0.85
Lapa Ninja (Post),Cursor,https://www.lapa.ninja/post/cursor-2/,https://cdn.lapa.ninja/assets/images/1x/cursor-2-thumb.jpg,"[""#16140e"", ""#b7b5b1""]","{""#16140e"": 0.8101, ""#b7b5b1"": 0.082}",#16140e,dark muted orange,"split screen, grid layout, video background, sidebar, search bar, feature list","modern, minimal, professional",0.87
Lapa Ninja (Post),Tilt,https://www.lapa.ninja/post/tilt/,https://cdn.lapa.ninja/assets/images/1x/tilt-thumb.jpg,"[""#161616"", ""#f7f6f2""]","{""#161616"": 0.5104, ""#f7f6f2"": 0.3642}",#161616,dark muted neutral,"grid layout, pricing cards, sidebar, rounded buttons, centered hero, footer","modern, professional, retro",0.83
Lapa Ninja (Post),THE LINE Studio,https://www.lapa.ninja/post/thelinestudio/,https://cdn.lapa.ninja/assets/images/1x/thelinestudio-thumb.jpg,"[""#24030f"", ""#e9eaed""]","{""#24030f"": 0.3232, ""#e9eaed"": 0.3095}",#24030f,dark bright magenta,"sidebar, video background, rounded buttons, hero image, split screen, footer","bold, cool, artistic",0.77
Lapa Ninja (Post),Super Chill,https://www.lapa.ninja/post/superchill/,https://cdn.lapa.ninja/assets/images/1x/superchill-thumb.jpg,"[""#f1ebdd"", ""#e599c5""]","{""#f1ebdd"": 0.5948, ""#e599c5"": 0.2828}",#f1ebdd,light bright orange,"rounded buttons, sidebar, grid layout, split screen, large typography, footer","modern, calm, futuristic",0.86
Lapa Ninja (Post),Pikkas,https://www.lapa.ninja/post/pikkasinternational/,https://cdn.lapa.ninja/assets/images/1x/pikkasinternational-thumb.jpg,"[""#f5f7f4"", ""#93794f""]","{""#f5f7f4"": 0.6118, ""#93794f"": 0.1462}",#f5f7f4,light muted green,"sidebar, large typography, video background, grid layout, split screen, feature list","playful, modern, friendly",0.86
Lapa Ninja (Post),Meracinque,https://www.lapa.ninja/post/meracinque/,https://cdn.lapa.ninja/assets/images/1x/meracinque-thumb.jpg,"[""#f8f5e4"", ""#83633c""]","{""#f8f5e4"": 0.4412, ""#83633c"": 0.1488}",#f8f5e4,light bright yellow,"sidebar, video background, rounded buttons, feature list, footer, search bar","cool, creative, modern",0.83
Lapa Ninja (Post),Hot Type,https://www.lapa.ninja/post/hottype/,https://cdn.lapa.ninja/assets/images/1x/hottype-thumb.jpg,"[""#fdfdfd"", ""#060605""]","{""#fdfdfd"": 0.7651, ""#060605"": 0.1078}",#fdfdfd,light muted neutral,"large typography, two-column layout, grid layout, icon list, feature list, form","modern, minimal, artistic",0.84
Lapa Ninja (Post),GT Pantheon,https://www.lapa.ninja/post/gt-pantheon/,https://cdn.lapa.ninja/assets/images/1x/gt-pantheon-thumb.jpg,"[""#000000""]","{""#000000"": 0.8278}",#000000,dark muted neutral,"large typography, sidebar, icon list, logo, top navigation, video background","modern, cool, trustworthy",0.82
Lapa Ninja (Post),Duten,https://www.lapa.ninja/post/duten/,https://cdn.lapa.ninja/assets/images/1x/duten-thumb.jpg,"[""#ebebeb"", ""#d5d4d4""]","{""#ebebeb"": 0.5904, ""#d5d4d4"": 0.3077}",#ebebeb,light muted neutral,"large typography, sidebar, footer, pricing cards, grid layout, form","modern, minimal, futuristic",0.83
Lapa Ninja (Post),Dirty Vine,https://www.lapa.ninja/post/dirtyvine/,https://cdn.lapa.ninja/assets/images/1x/dirtyvine-thumb.jpg,"[""#f6efe6"", ""#786a41""]","{""#f6efe6"": 0.4785, ""#786a41"": 0.2251}",#f6efe6,light bright orange,"grid layout, rounded buttons, pricing cards, footer, sidebar, feature list","luxury, modern, calm",0.84
Lapa Ninja (Post),Arkeale,https://www.lapa.ninja/post/arkeale/,https://cdn.lapa.ninja/assets/images/1x/arkeale-thumb.jpg,"[""#1d2e27"", ""#4e5448""]","{""#1d2e27"": 0.5663, ""#4e5448"": 0.1759}",#1d2e27,dark muted green,"sidebar, grid layout, avatar, feature list, pricing cards, video background","modern, futuristic, minimal",0.85
Lapa Ninja (Post),Portal,https://www.lapa.ninja/post/useportal/,https://cdn.lapa.ninja/assets/images/1x/useportal-thumb.jpg,"[""#708ff0"", ""#f5f5f6""]","{""#708ff0"": 0.191, ""#f5f5f6"": 0.5882}",#708ff0,bright blue,"rounded buttons, grid layout, top navigation, search bar, cta button, sidebar","modern, minimal, calm",0.71
Lapa Ninja (Post),Matic,https://www.lapa.ninja/post/maticrobots/,https://cdn.lapa.ninja/assets/images/1x/maticrobots-thumb.jpg,"[""#d6d5d4"", ""#fefefe""]","{""#d6d5d4"": 0.3653, ""#fefefe"": 0.2727}",#d6d5d4,muted neutral,"grid layout, cta button, rounded buttons, search bar, avatar, sidebar","futuristic, modern, minimal",0.76
Lapa Ninja (Post),Form&Fun,https://www.lapa.ninja/post/formandfun/,https://cdn.lapa.ninja/assets/images/1x/formandfun-thumb.jpg,"[""#fbc7e2"", ""#fefefe""]","{""#fbc7e2"": 0.3672, ""#fefefe"": 0.4807}",#fbc7e2,light bright magenta,"form, large typography, footer, sidebar, avatar, feature list","futuristic, modern, artistic",0.81
Lapa Ninja (Post),Bloom & Wolf,https://www.lapa.ninja/post/bloomandwolf/,https://cdn.lapa.ninja/assets/images/1x/bloomandwolf-thumb.jpg,"[""#eeece8"", ""#fefefe""]","{""#eeece8"": 0.245, ""#fefefe"": 0.3078}",#eeece8,light muted orange,"grid layout, large typography, rounded buttons, pricing cards, video background, footer","creative, modern, artistic",0.73
Lapa Ninja (Post),Azione,https://www.lapa.ninja/post/azionepr/,https://cdn.lapa.ninja/assets/images/1x/azionepr-thumb.jpg,"[""#171f19"", ""#6f432c""]","{""#171f19"": 0.3456, ""#6f432c"": 0.3008}",#171f19,dark muted green,"sidebar, grid layout, rounded buttons, two-column layout, split screen, form","modern, artistic, minimal",0.79
Lapa Ninja (Post),Maggie App,https://www.lapa.ninja/post/maggie-app/,https://cdn.lapa.ninja/assets/images/1x/maggie-app-thumb.jpg,"[""#fbfe93"", ""#81eca7""]","{""#fbfe93"": 0.5429, ""#81eca7"": 0.3104}",#fbfe93,bright yellow,"icon list, sidebar, feature list, footer, search bar, card list","modern, creative, cool",0.87
Lapa Ninja (Post),Grit Pictures,https://www.lapa.ninja/post/grit/,https://cdn.lapa.ninja/assets/images/1x/grit-thumb.jpg,"[""#050505"", ""#f4f4f4""]","{""#050505"": 0.7357, ""#f4f4f4"": 0.1032}",#050505,dark muted neutral,"sidebar, large typography, video background, card list, footer, feature list","cool, creative, artistic",0.82
Lapa Ninja (Post),That One Couple,https://www.lapa.ninja/post/thatonecouple/,https://cdn.lapa.ninja/assets/images/1x/thatonecouple-thumb.jpg,"[""#341b18"", ""#fbfbfb""]","{""#341b18"": 0.2673, ""#fbfbfb"": 0.3824}",#341b18,dark bright red,"rounded buttons, grid layout, sidebar, split screen, large typography, search bar","modern, retro, bold",0.75
Lapa Ninja (Post),Studio Tyrsa,https://www.lapa.ninja/post/studiotyrsa/,https://cdn.lapa.ninja/assets/images/1x/studiotyrsa-thumb.jpg,"[""#0f0a0b"", ""#fbfbfb""]","{""#0f0a0b"": 0.2256, ""#fbfbfb"": 0.3669}",#0f0a0b,dark muted red,"video background, sidebar, rounded buttons, footer, feature list, large typography","cool, retro, professional",0.72
Lapa Ninja (Post),Revitin,https://www.lapa.ninja/post/revitin/,https://cdn.lapa.ninja/assets/images/1x/revitin-thumb.jpg,"[""#f4ecdc"", ""#fefaee""]","{""#f4ecdc"": 0.3365, ""#fefaee"": 0.556}",#f4ecdc,light bright orange,"rounded buttons, grid layout, large typography, footer, search bar, sidebar","minimal, luxury, modern",0.79
Lapa Ninja (Post),Early Works,https://www.lapa.ninja/post/early/,https://cdn.lapa.ninja/assets/images/1x/early-thumb.jpg,"[""#010101"", ""#d7e0eb""]","{""#010101"": 0.644, ""#d7e0eb"": 0.2137}",#010101,dark muted neutral,"rounded buttons, large typography, pricing cards, single column, sidebar, chart","modern, futuristic, professional",0.83
Lapa Ninja (Post),Exrcst,https://www.lapa.ninja/post/exrcst/,https://cdn.lapa.ninja/assets/images/1x/exrcst-thumb.jpg,"[""#f0f1f0"", ""#1c0d0e""]","{""#f0f1f0"": 0.4775, ""#1c0d0e"": 0.1842}",#f0f1f0,light muted neutral,"sidebar, large typography, video background, feature list, icon list, split screen","modern, artistic, minimal",0.81
Lapa Ninja (Post),Scout Motors,https://www.lapa.ninja/post/scoutmotors/,https://cdn.lapa.ninja/assets/images/1x/scoutmotors-thumb.jpg,"[""#1a1315"", ""#cac3bb""]","{""#1a1315"": 0.2492, ""#cac3bb"": 0.2121}",#1a1315,dark muted red,"video background, sidebar, top navigation, search bar, rounded buttons, feature list","retro, trustworthy, modern",0.73
Lapa Ninja (Post),T3 by EquipmentShare,https://www.lapa.ninja/post/t3/,https://cdn.lapa.ninja/assets/images/1x/t3-thumb.jpg,"[""#14150f"", ""#fdf3e8""]","{""#14150f"": 0.3362, ""#fdf3e8"": 0.3305}",#14150f,dark muted yellow,"grid layout, top navigation, large typography, footer, feature list, rounded buttons","modern, futuristic, minimal",0.79
Lapa Ninja (Post),Sunrise Robotics,https://www.lapa.ninja/post/sunriserobotics/,https://cdn.lapa.ninja/assets/images/1x/sunriserobotics-thumb.jpg,"[""#e2e2dc"", ""#0e0f09""]","{""#e2e2dc"": 0.4947, ""#0e0f09"": 0.2511}",#e2e2dc,light muted neutral,"large typography, rounded buttons, sidebar, grid layout, form, top navigation","minimal, modern, cool",0.82
Lapa Ninja (Post),Normal Computing,https://www.lapa.ninja/post/normalcomputing/,https://cdn.lapa.ninja/assets/images/1x/normalcomputing-thumb.jpg,"[""#e0dfe4"", ""#0d191e""]","{""#e0dfe4"": 0.4284, ""#0d191e"": 0.3828}",#e0dfe4,light muted neutral,"large typography, rounded buttons, grid layout, split screen, top navigation, sidebar","modern, futuristic, calm",0.79
Lapa Ninja (Post),Michael Aust,https://www.lapa.ninja/post/michael-aust/,https://cdn.lapa.ninja/assets/images/1x/michael-aust-thumb.jpg,"[""#d8d8d8"", ""#353535""]","{""#d8d8d8"": 0.5502, ""#353535"": 0.2885}",#d8d8d8,muted neutral,"large typography, split screen, sidebar, search bar, rounded buttons, footer","trustworthy, modern, professional",0.83
Lapa Ninja (Post),Dorian Lods,https://www.lapa.ninja/post/dorianlods/,https://cdn.lapa.ninja/assets/images/1x/dorianlods-thumb.jpg,"[""#080409""]","{""#080409"": 0.8689}",#080409,dark bright purple,"large typography, rounded buttons, video background, footer, pricing cards, sidebar","cool, creative, bold",0.87
Lapa Ninja (Post),Olha Lazarieva,https://www.lapa.ninja/post/olhalazarieva/,https://cdn.lapa.ninja/assets/images/1x/olhalazarieva-thumb.jpg,"[""#101010"", ""#f6f6f6""]","{""#101010"": 0.3263, ""#f6f6f6"": 0.5978}",#101010,dark muted neutral,"large typography, grid layout, pricing cards, sidebar, split screen, feature list","creative, modern, artistic",0.74
Lapa Ninja (Post),Panconesi,https://www.lapa.ninja/post/marcopanconesi/,https://cdn.lapa.ninja/assets/images/1x/marcopanconesi-thumb.jpg,"[""#fcfcfb"", ""#b7b2ae""]","{""#fcfcfb"": 0.4012, ""#b7b2ae"": 0.1588}",#fcfcfb,light muted yellow,"rounded buttons, grid layout, sidebar, icon list, avatar, feature list","modern, minimal, bold",0.82
Lapa Ninja (Post),Ink Games,https://www.lapa.ninja/post/inkgames/,https://cdn.lapa.ninja/assets/images/1x/inkgames-thumb.jpg,"[""#0b0f11"", ""#e9ebe5""]","{""#0b0f11"": 0.6119, ""#e9ebe5"": 0.1288}",#0b0f11,dark muted teal,"sidebar, video background, feature list, card list, icon list, split screen","retro, modern, futuristic",0.86
Lapa Ninja (Post),Celeres,https://www.lapa.ninja/post/celeresinvestments/,https://cdn.lapa.ninja/assets/images/1x/celeresinvestments-thumb.jpg,"[""#efe8e0"", ""#beafa3""]","{""#efe8e0"": 0.7745, ""#beafa3"": 0.0924}",#efe8e0,light muted orange,"sidebar, grid layout, video background, rounded buttons, pricing cards, feature list","professional, modern, minimal",0.86
Lapa Ninja (Post),Cofounder,https://www.lapa.ninja/post/cofounder/,https://cdn.lapa.ninja/assets/images/1x/cofounder-thumb.jpg,"[""#fdfdfb"", ""#53b1d8""]","{""#fdfdfb"": 0.6017, ""#53b1d8"": 0.1247}",#fdfdfb,light muted yellow,"rounded buttons, grid layout, search bar, video background, sidebar, large typography","minimal, modern, calm",0.87
Lapa Ninja (Post),Dayos,https://www.lapa.ninja/post/dayos/,https://cdn.lapa.ninja/assets/images/1x/dayos-thumb.jpg,"[""#000000"", ""#e6e5e5""]","{""#000000"": 0.5728, ""#e6e5e5"": 0.3503}",#000000,dark muted neutral,"large typography, data table, form, pricing cards, avatar, grid layout","modern, futuristic, cool",0.82
Lapa Ninja (Post),Mouthwash Studio,https://www.lapa.ninja/post/mouthwash-studio-2/,https://cdn.lapa.ninja/assets/images/1x/mouthwash-studio-2-thumb.jpg,"[""#150d12"", ""#f6f6f6""]","{""#150d12"": 0.2174, ""#f6f6f6"": 0.4203}",#150d12,dark muted magenta,"rounded buttons, sidebar, split screen, feature list, large typography, grid layout","modern, futuristic, minimal",0.72
Lapa Ninja (Post),Rue Haus,https://www.lapa.ninja/post/ruehaus/,https://cdn.lapa.ninja/assets/images/1x/ruehaus-thumb.jpg,"[""#1c1817"", ""#f4f5f1""]","{""#1c1817"": 0.1968, ""#f4f5f1"": 0.536}",#1c1817,dark muted neutral,"large typography, rounded buttons, sidebar, footer, search bar, feature list","luxury, bold, futuristic",0.68
Lapa Ninja (Post),Craft,https://www.lapa.ninja/post/craft-do-4/,https://cdn.lapa.ninja/assets/images/1x/craft-do-4-thumb.jpg,"[""#aed5ec"", ""#faf7f5""]","{""#aed5ec"": 0.2347, ""#faf7f5"": 0.6612}",#aed5ec,bright blue,"grid layout, pricing cards, rounded buttons, sidebar, feature list, icon list","modern, minimal, professional",0.73
Lapa Ninja (Post),Stable,https://www.lapa.ninja/post/stable/,https://cdn.lapa.ninja/assets/images/1x/stable-thumb.jpg,"[""#eaf9f2"", ""#fefefe""]","{""#eaf9f2"": 0.3767, ""#fefefe"": 0.5186}",#eaf9f2,light bright green,"rounded buttons, form, sidebar, split screen, large typography, pricing cards","minimal, modern, retro",0.81
Lapa Ninja (Post),Daylight Health,https://www.lapa.ninja/post/daylight-health/,https://cdn.lapa.ninja/assets/images/1x/daylight-health-thumb.jpg,"[""#f7c437"", ""#f7e79a""]","{""#f7c437"": 0.5351, ""#f7e79a"": 0.218}",#f7c437,bright orange,"grid layout, rounded buttons, search bar, large typography, split screen, video background","cool, minimal, creative",0.86
Lapa Ninja (Post),EverythingMoves,https://www.lapa.ninja/post/everythingmoves/,https://cdn.lapa.ninja/assets/images/1x/everythingmoves-thumb.jpg,"[""#fefefe"", ""#e0e1e1""]","{""#fefefe"": 0.6837, ""#e0e1e1"": 0.1463}",#fefefe,light muted neutral,"feature list, rounded buttons, sidebar, search bar, two-column layout, footer","modern, futuristic, cool",0.83
Lapa Ninja (Post),Operate,https://www.lapa.ninja/post/operate/,https://cdn.lapa.ninja/assets/images/1x/operate-thumb.jpg,"[""#dfdfdf"", ""#8ac098""]","{""#dfdfdf"": 0.505, ""#8ac098"": 0.3651}",#dfdfdf,light muted neutral,"grid layout, large typography, footer, top navigation, rounded buttons, pricing cards","minimal, modern, creative",0.83
Lapa Ninja (Post),ADCKER,https://www.lapa.ninja/post/adcker/,https://cdn.lapa.ninja/assets/images/1x/adcker-thumb.jpg,"[""#edece8"", ""#232626""]","{""#edece8"": 0.4923, ""#232626"": 0.2079}",#edece8,light muted orange,"sidebar, grid layout, icon list, video background, hero image, feature list","modern, bold, cool",0.86
Lapa Ninja (Post),Ben And Martin,https://www.lapa.ninja/post/benandmartin/,https://cdn.lapa.ninja/assets/images/1x/benandmartin-thumb.jpg,"[""#252316"", ""#68563d""]","{""#252316"": 0.3605, ""#68563d"": 0.282}",#252316,dark muted yellow,"sidebar, video background, feature list, rounded buttons, split screen, icon list","modern, calm, bold",0.79
Lapa Ninja (Post),L'Étude,https://www.lapa.ninja/post/letude/,https://cdn.lapa.ninja/assets/images/1x/letude-thumb.jpg,"[""#9496a3"", ""#ea362a""]","{""#9496a3"": 0.4719, ""#ea362a"": 0.3156}",#9496a3,muted neutral,"large typography, sidebar, video background, feature list, centered hero, grid layout","futuristic, modern, minimal",0.82
Lapa Ninja (Post),Abhishek Jha,https://www.lapa.ninja/post/abhishekjha-3/,https://cdn.lapa.ninja/assets/images/1x/abhishekjha-3-thumb.jpg,"[""#b4c5d6"", ""#f2f3f4""]","{""#b4c5d6"": 0.2606, ""#f2f3f4"": 0.4237}",#b4c5d6,muted blue,"large typography, sidebar, avatar, video background, logo, footer","futuristic, modern, cool",0.74
Lapa Ninja (Post),Jack Theobald,https://www.lapa.ninja/post/jacktheobald/,https://cdn.lapa.ninja/assets/images/1x/jacktheobald-thumb.jpg,"[""#fbfbfb"", ""#2a2826""]","{""#fbfbfb"": 0.7419, ""#2a2826"": 0.1048}",#fbfbfb,light muted neutral,"grid layout, rounded buttons, search bar, sidebar, split screen, footer","modern, minimal, futuristic",0.83
Lapa Ninja (Post),Anything,https://www.lapa.ninja/post/createanything/,https://cdn.lapa.ninja/assets/images/1x/createanything-thumb.jpg,"[""#191b1f"", ""#fdfdfd""]","{""#191b1f"": 0.203, ""#fdfdfd"": 0.3756}",#191b1f,dark muted neutral,"grid layout, rounded buttons, video background, search bar, split screen, sidebar","modern, minimal, futuristic",0.69
Lapa Ninja (Post),Hurt Feelings,https://www.lapa.ninja/post/hurt-feelings/,https://cdn.lapa.ninja/assets/images/1x/hurt-feelings-thumb.jpg,"[""#f797c7"", ""#faf9f4""]","{""#f797c7"": 0.4306, ""#faf9f4"": 0.4326}",#f797c7,bright magenta,"large typography, pricing cards, sidebar, video background, search bar, footer","modern, creative, cool",0.84
Lapa Ninja (Post),monopo NYC,https://www.lapa.ninja/post/monopo/,https://cdn.lapa.ninja/assets/images/1x/monopo-thumb.jpg,"[""#f4ede6"", ""#887c69""]","{""#f4ede6"": 0.6392, ""#887c69"": 0.1697}",#f4ede6,light bright orange,"rounded buttons, top navigation, footer, sidebar, video background, large typography","cool, modern, minimal",0.85
Lapa Ninja (Post),Resolute AI,https://www.lapa.ninja/post/theresolute/,https://cdn.lapa.ninja/assets/images/1x/theresolute-thumb.jpg,"[""#0f1729"", ""#fefefe""]","{""#0f1729"": 0.261, ""#fefefe"": 0.4231}",#0f1729,dark bright blue,"grid layout, rounded buttons, large typography, top navigation, video background, search bar","minimal, modern, calm",0.75
Lapa Ninja (Post),Studio Nordost,https://www.lapa.ninja/post/studio-nordost/,https://cdn.lapa.ninja/assets/images/1x/studio-nordost-thumb.jpg,"[""#d9d6cb"", ""#201a18""]","{""#d9d6cb"": 0.8668, ""#201a18"": 0.0853}",#d9d6cb,muted orange,"rounded buttons, footer, grid layout, large typography, sidebar, icon list","modern, minimal, bold",0.87
Lapa Ninja (Post),SkinGame Media,https://www.lapa.ninja/post/skingamemedia/,https://cdn.lapa.ninja/assets/images/1x/skingamemedia-thumb.jpg,"[""#010101"", ""#553537""]","{""#010101"": 0.3585, ""#553537"": 0.3532}",#010101,dark muted neutral,"rounded buttons, split screen, video background, grid layout, sidebar, search bar","modern, futuristic, minimal",0.76
Lapa Ninja (Post),Rhumb Studio,https://www.lapa.ninja/post/rhumb/,https://cdn.lapa.ninja/assets/images/1x/rhumb-thumb.jpg,"[""#0f0d13""]","{""#0f0d13"": 0.7581}",#0f0d13,dark muted purple,"grid layout, video background, top navigation, split screen, feature list, rounded buttons","modern, minimal, futuristic",0.85
Lapa Ninja (Post),David Kushner,https://www.lapa.ninja/post/davidkushnermusic/,https://cdn.lapa.ninja/assets/images/1x/davidkushnermusic-thumb.jpg,"[""#161618"", ""#ac6c3a""]","{""#161618"": 0.497, ""#ac6c3a"": 0.3762}",#161618,dark muted neutral,"sidebar, icon list, feature list, video background, rounded buttons, centered hero","modern, serious, cool",0.83
Lapa Ninja (Post),A Present Force,https://www.lapa.ninja/post/apresentforce/,https://cdn.lapa.ninja/assets/images/1x/apresentforce-thumb.jpg,"[""#e6d8f1"", ""#cac498""]","{""#e6d8f1"": 0.511, ""#cac498"": 0.2101}",#e6d8f1,light bright purple,"footer, large typography, rounded buttons, sidebar, form, grid layout","futuristic, modern, cool",0.86
Lapa Ninja (Post),Almost Pearfect,https://www.lapa.ninja/post/almost-pearfect/,https://cdn.lapa.ninja/assets/images/1x/almost-pearfect-thumb.jpg,"[""#fc1d00"", ""#fdfdfd""]","{""#fc1d00"": 0.4182, ""#fdfdfd"": 0.4083}",#fc1d00,bright red,"large typography, sidebar, footer, centered hero, chart, feature list","creative, professional, artistic",0.82
Lapa Ninja (Post),Parallel,https://www.lapa.ninja/post/parallel/,https://cdn.lapa.ninja/assets/images/1x/parallel-thumb.jpg,"[""#fefefe"", ""#639cdd""]","{""#fefefe"": 0.7592, ""#639cdd"": 0.1149}",#fefefe,light muted neutral,"data table, grid layout, chart, large typography, rounded buttons, top navigation","modern, minimal, futuristic",0.82
Lapa Ninja (Post),Digilab,https://www.lapa.ninja/post/digilab/,https://cdn.lapa.ninja/assets/images/1x/digilab-thumb.jpg,"[""#f0ece3"", ""#160d20""]","{""#f0ece3"": 0.425, ""#160d20"": 0.3879}",#f0ece3,light muted orange,"large typography, rounded buttons, grid layout, video background, data table, search bar","minimal, modern, futuristic",0.84
Lapa Ninja (Post),Cap,https://www.lapa.ninja/post/cap-3/,https://cdn.lapa.ninja/assets/images/1x/cap-3-thumb.jpg,"[""#f2f2f2""]","{""#f2f2f2"": 0.8612}",#f2f2f2,light muted neutral,"rounded buttons, video background, search bar, split screen, feature list, sidebar","minimal, futuristic, professional",0.83
Lapa Ninja (Post),Stephen Hannon,https://www.lapa.ninja/post/stephenhannon/,https://cdn.lapa.ninja/assets/images/1x/stephenhannon-thumb.jpg,"[""#080807"", ""#fefefe""]","{""#080807"": 0.3192, ""#fefefe"": 0.2964}",#080807,dark muted neutral,"video background, split screen, grid layout, rounded buttons, sidebar, icon list","minimal, creative, calm",0.74
Lapa Ninja (Post),Dust Moto,https://www.lapa.ninja/post/dustmoto/,https://cdn.lapa.ninja/assets/images/1x/dustmoto-thumb.jpg,"[""#010101"", ""#dcdcdb""]","{""#010101"": 0.4194, ""#dcdcdb"": 0.2627}",#010101,dark muted neutral,"large typography, feature list, icon list, sidebar, video background, footer","cool, futuristic, luxury",0.79
Lapa Ninja (Post),RIERA,https://www.lapa.ninja/post/rierastudio/,https://cdn.lapa.ninja/assets/images/1x/rierastudio-thumb.jpg,"[""#133f26"", ""#e6e8e9""]","{""#133f26"": 0.745, ""#e6e8e9"": 0.083}",#133f26,dark bright green,"grid layout, two-column layout, sidebar, large typography, video background, avatar","minimal, modern, cool",0.87
Lapa Ninja (Post),Racepoint,https://www.lapa.ninja/post/racepointglobal/,https://cdn.lapa.ninja/assets/images/1x/racepointglobal-thumb.jpg,"[""#471810"", ""#fefefe""]","{""#471810"": 0.3981, ""#fefefe"": 0.5304}",#471810,dark bright red,"large typography, sidebar, split screen, two-column layout, form, video background","minimal, bold, modern",0.82
Lapa Ninja (Post),Parable,https://www.lapa.ninja/post/parablevc/,https://cdn.lapa.ninja/assets/images/1x/parablevc-thumb.jpg,"[""#f1f0fb"", ""#255d99""]","{""#f1f0fb"": 0.3601, ""#255d99"": 0.2451}",#f1f0fb,light bright blue,"large typography, sidebar, avatar, video background, feature list, hero image","futuristic, modern, minimal",0.8
Lapa Ninja (Post),Nivedha Nirmal,https://www.lapa.ninja/post/nivedhanirmal/,https://cdn.lapa.ninja/assets/images/1x/nivedhanirmal-thumb.jpg,"[""#7da1bf"", ""#fdfbf4""]","{""#7da1bf"": 0.196, ""#fdfbf4"": 0.6081}",#7da1bf,muted blue,"large typography, grid layout, two-column layout, rounded buttons, sidebar, icon list","minimal, modern, professional",0.72
Lapa Ninja (Post),Juice Agency,https://www.lapa.ninja/post/juice-agency/,https://cdn.lapa.ninja/assets/images/1x/juice-agency-thumb.jpg,"[""#60a45d"", ""#fcfee9""]","{""#60a45d"": 0.3134, ""#fcfee9"": 0.5727}",#60a45d,muted green,"large typography, footer, sidebar, grid layout, rounded buttons, form","modern, futuristic, minimal",0.78
Lapa Ninja (Post),Clearwater,https://www.lapa.ninja/post/clearwater/,https://cdn.lapa.ninja/assets/images/1x/clearwater-thumb.jpg,"[""#dadee3"", ""#f3f8fc""]","{""#dadee3"": 0.3293, ""#f3f8fc"": 0.5433}",#dadee3,light muted blue,"large typography, form, sidebar, pricing cards, centered hero, video background","modern, futuristic, minimal",0.78
Lapa Ninja (Post),BEINGS,https://www.lapa.ninja/post/beings/,https://cdn.lapa.ninja/assets/images/1x/beings-thumb.jpg,"[""#2c1406"", ""#f9fbfb""]","{""#2c1406"": 0.296, ""#f9fbfb"": 0.3816}",#2c1406,dark bright orange,"sidebar, pricing cards, large typography, form, avatar, feature list","bold, creative, artistic",0.75
Lapa Ninja (Post),TUX CREATIVE HOUSE,https://www.lapa.ninja/post/tux/,https://cdn.lapa.ninja/assets/images/1x/tux-thumb.jpg,"[""#8a9298"", ""#f9f9f9""]","{""#8a9298"": 0.2395, ""#f9f9f9"": 0.3707}",#8a9298,muted neutral,"large typography, grid layout, rounded buttons, split screen, video background, sidebar","futuristic, modern, minimal",0.7
Lapa Ninja (Post),The New Industrials,https://www.lapa.ninja/post/thenewindustrials/,https://cdn.lapa.ninja/assets/images/1x/thenewindustrials-thumb.jpg,"[""#fc8025"", ""#f1eadd""]","{""#fc8025"": 0.5519, ""#f1eadd"": 0.3055}",#fc8025,bright orange,"large typography, sidebar, top navigation, feature list, grid layout, pricing cards","modern, futuristic, cool",0.87
Lapa Ninja (Post),LINE OF SIGHT,https://www.lapa.ninja/post/lineofsight/,https://cdn.lapa.ninja/assets/images/1x/lineofsight-thumb.jpg,"[""#031335"", ""#fdfaea""]","{""#031335"": 0.366, ""#fdfaea"": 0.5064}",#031335,dark bright blue,"grid layout, avatar, large typography, sidebar, split screen, footer","minimal, artistic, futuristic",0.81
Lapa Ninja (Post),Double Play,https://www.lapa.ninja/post/doubleplay/,https://cdn.lapa.ninja/assets/images/1x/doubleplay-thumb.jpg,"[""#181611"", ""#fafafa""]","{""#181611"": 0.25, ""#fafafa"": 0.4238}",#181611,dark muted orange,"large typography, sidebar, rounded buttons, split screen, grid layout, search bar","modern, futuristic, minimal",0.75
Lapa Ninja (Post),Alter Geneva,https://www.lapa.ninja/post/altergeneva/,https://cdn.lapa.ninja/assets/images/1x/altergeneva-thumb.jpg,"[""#686868"", ""#fdfdfd""]","{""#686868"": 0.2452, ""#fdfdfd"": 0.253}",#686868,muted neutral,"large typography, rounded buttons, form, sidebar, top navigation, feature list","luxury, futuristic, modern",0.7
Lapa Ninja (Post),Boring Industries,https://www.lapa.ninja/post/boring-industries/,https://cdn.lapa.ninja/assets/images/1x/boring-industries-thumb.jpg,"[""#f3f3eb"", ""#000000""]","{""#f3f3eb"": 0.8115, ""#000000"": 0.1633}",#f3f3eb,light muted yellow,"large typography, pricing cards, top navigation, sidebar, rounded buttons, data table","trustworthy, minimal, luxury",0.87
Lapa Ninja (Post),Mike Kus,https://www.lapa.ninja/post/mikekus/,https://cdn.lapa.ninja/assets/images/1x/mikekus-thumb.jpg,"[""#f7f7f4"", ""#c0c4c4""]","{""#f7f7f4"": 0.5721, ""#c0c4c4"": 0.1492}",#f7f7f4,light muted yellow,"pricing cards, large typography, grid layout, rounded buttons, cta button, sidebar","modern, futuristic, retro",0.87
Lapa Ninja (Post),Superpower,https://www.lapa.ninja/post/superpower-2/,https://cdn.lapa.ninja/assets/images/1x/superpower-2-thumb.jpg,"[""#aa401d"", ""#fefefe""]","{""#aa401d"": 0.2278, ""#fefefe"": 0.5838}",#aa401d,bright red,"rounded buttons, grid layout, sidebar, avatar, feature list, top navigation","modern, minimal, cool",0.73
Lapa Ninja (Post),Daniel Sun,https://www.lapa.ninja/post/danielsun-3/,https://cdn.lapa.ninja/assets/images/1x/danielsun-3-thumb.jpg,"[""#fbfbfa"", ""#f1eec7""]","{""#fbfbfa"": 0.5747, ""#f1eec7"": 0.1572}",#fbfbfa,light muted neutral,"large typography, sidebar, grid layout, split screen, rounded buttons, search bar","modern, futuristic, minimal",0.83
Lapa Ninja (Post),Cobot,https://www.lapa.ninja/post/cobot/,https://cdn.lapa.ninja/assets/images/1x/cobot-thumb.jpg,"[""#202021"", ""#272728""]","{""#202021"": 0.5158, ""#272728"": 0.4201}",#202021,dark muted neutral,"video background, search bar, split screen, avatar, feature list, rounded buttons","minimal, modern, professional",0.83
Lapa Ninja (Post),Vetric,https://www.lapa.ninja/post/vetric/,https://cdn.lapa.ninja/assets/images/1x/vetric-thumb.jpg,"[""#fdfdfc""]","{""#fdfdfc"": 0.8861}",#fdfdfc,light muted yellow,"rounded buttons, grid layout, search bar, feature list, footer, top navigation","minimal, futuristic, modern",0.86
Lapa Ninja (Post),Solflare,https://www.lapa.ninja/post/solflare/,https://cdn.lapa.ninja/assets/images/1x/solflare-thumb.jpg,"[""#02050a"", ""#f4f7fe""]","{""#02050a"": 0.3459, ""#f4f7fe"": 0.4598}",#02050a,dark bright blue,"sidebar, feature list, pricing cards, avatar, large typography, form","cool, futuristic, creative",0.77
Lapa Ninja (Post),Charm,https://www.lapa.ninja/post/charm/,https://cdn.lapa.ninja/assets/images/1x/charm-thumb.jpg,"[""#6a55f3"", ""#1d1d23""]","{""#6a55f3"": 0.3358, ""#1d1d23"": 0.3218}",#6a55f3,bright blue,"video background, feature list, grid layout, sidebar, rounded buttons, search bar","futuristic, friendly, retro",0.78
Lapa Ninja (Post),Cluely,https://www.lapa.ninja/post/cluely/,https://cdn.lapa.ninja/assets/images/1x/cluely-thumb.jpg,"[""#dce0eb"", ""#fcfcfd""]","{""#dce0eb"": 0.3932, ""#fcfcfd"": 0.4426}",#dce0eb,light muted blue,"split screen, sidebar, grid layout, rounded buttons, search bar, video background","modern, minimal, bold",0.81
Lapa Ninja (Post),Headroom,https://www.lapa.ninja/post/headroom/,https://cdn.lapa.ninja/assets/images/1x/headroom-thumb.jpg,"[""#213cfe"", ""#fafafa""]","{""#213cfe"": 0.3245, ""#fafafa"": 0.6427}",#213cfe,bright blue,"rounded buttons, feature list, grid layout, cta button, top navigation, pricing cards","futuristic, minimal, modern",0.78
Lapa Ninja (Post),Dream Recorder,https://www.lapa.ninja/post/dreamrecorder/,https://cdn.lapa.ninja/assets/images/1x/dreamrecorder-thumb.jpg,"[""#1e1a17"", ""#2d90c3""]","{""#1e1a17"": 0.6215, ""#2d90c3"": 0.1127}",#1e1a17,dark muted orange,"video background, rounded buttons, search bar, large typography, pricing cards, sidebar","retro, futuristic, modern",0.87
Lapa Ninja (Post),Everest Systems,https://www.lapa.ninja/post/everest-systems/,https://cdn.lapa.ninja/assets/images/1x/everest-systems-thumb.jpg,"[""#e5edf5""]","{""#e5edf5"": 0.8223}",#e5edf5,light bright blue,"large typography, sidebar, data table, rounded buttons, video background, top navigation","modern, futuristic, professional",0.84
Lapa Ninja (Post),Elevate,https://www.lapa.ninja/post/elevatehomescriptions/,https://cdn.lapa.ninja/assets/images/1x/elevatehomescriptions-thumb.jpg,"[""#f6d9a1"", ""#2d3f11""]","{""#f6d9a1"": 0.4601, ""#2d3f11"": 0.2294}",#f6d9a1,bright orange,"large typography, pricing cards, rounded buttons, sidebar, two-column layout, feature list","luxury, creative, cool",0.83
Lapa Ninja (Post),Sebastian Curi,https://www.lapa.ninja/post/sebastiancuri/,https://cdn.lapa.ninja/assets/images/1x/sebastiancuri-thumb.jpg,"[""#e7e5e5"", ""#39492e""]","{""#e7e5e5"": 0.5296, ""#39492e"": 0.1646}",#e7e5e5,light muted neutral,"sidebar, icon list, video background, carousel, grid layout, footer","artistic, cool, modern",0.82
Lapa Ninja (Post),Dapper,https://www.lapa.ninja/post/dapper/,https://cdn.lapa.ninja/assets/images/1x/dapper-thumb.jpg,"[""#f0f0f0""]","{""#f0f0f0"": 0.8544}",#f0f0f0,light muted neutral,"large typography, pricing cards, sidebar, feature list, rounded buttons, split screen","modern, professional, bold",0.83
Lapa Ninja (Post),Fishwife,https://www.lapa.ninja/post/eatfishwife-2/,https://cdn.lapa.ninja/assets/images/1x/eatfishwife-2-thumb.jpg,"[""#fcf6ed"", ""#efc550""]","{""#fcf6ed"": 0.4332, ""#efc550"": 0.3336}",#fcf6ed,light bright orange,"pricing cards, rounded buttons, grid layout, feature list, sidebar, footer","luxury, cool, friendly",0.83
Lapa Ninja (Post),REN,https://www.lapa.ninja/post/matcharen/,https://cdn.lapa.ninja/assets/images/1x/matcharen-thumb.jpg,"[""#f4f0f1"", ""#01662a""]","{""#f4f0f1"": 0.3957, ""#01662a"": 0.3766}",#f4f0f1,light muted red,"grid layout, avatar, pricing cards, large typography, sidebar, video background","minimal, modern, creative",0.8
Lapa Ninja (Post),Sarah Eisman Studio,https://www.lapa.ninja/post/saraheismanstudio/,https://cdn.lapa.ninja/assets/images/1x/saraheismanstudio-thumb.jpg,"[""#9f9c94"", ""#f9f7f2""]","{""#9f9c94"": 0.2972, ""#f9f7f2"": 0.3009}",#9f9c94,muted neutral,"large typography, grid layout, rounded buttons, sidebar, form, pricing cards","luxury, creative, elegant",0.72
Lapa Ninja (Post),Cyphr Studio,https://www.lapa.ninja/post/cyphr-studio/,https://cdn.lapa.ninja/assets/images/1x/cyphr-studio-thumb.jpg,"[""#e8e9e5"", ""#0a0b09""]","{""#e8e9e5"": 0.5285, ""#0a0b09"": 0.2416}",#e8e9e5,light muted neutral,"large typography, sidebar, video background, feature list, form, split screen","futuristic, retro, modern",0.82
Lapa Ninja (Post),Lottiefiles,https://www.lapa.ninja/post/lottiefiles/,https://cdn.lapa.ninja/assets/images/1x/lottiefiles-thumb.jpg,"[""#fcfcfc""]","{""#fcfcfc"": 0.8291}",#fcfcfc,light muted neutral,"rounded buttons, feature list, large typography, grid layout, footer, cta button","modern, minimal, futuristic",0.83
Lapa Ninja (Post),Swehl,https://www.lapa.ninja/post/swehl/,https://cdn.lapa.ninja/assets/images/1x/swehl-thumb.jpg,"[""#bd9f87"", ""#cbd3f5""]","{""#bd9f87"": 0.3616, ""#cbd3f5"": 0.3565}",#bd9f87,muted orange,"pricing cards, rounded buttons, sidebar, video background, grid layout, feature list","creative, artistic, futuristic",0.8
Lapa Ninja (Post),Web Design London,https://www.lapa.ninja/post/web-designlondon/,https://cdn.lapa.ninja/assets/images/1x/web-designlondon-thumb.jpg,"[""#1c1e40"", ""#fbfcfe""]","{""#1c1e40"": 0.2055, ""#fbfcfe"": 0.4075}",#1c1e40,dark bright blue,"grid layout, feature list, split screen, sidebar, icon list, large typography","modern, minimal, futuristic",0.72
Lapa Ninja (Post),Visual Domain,https://www.lapa.ninja/post/visualdomain/,https://cdn.lapa.ninja/assets/images/1x/visualdomain-thumb.jpg,"[""#000100"", ""#fefefe""]","{""#000100"": 0.2524, ""#fefefe"": 0.7005}",#000100,dark bright green,"sidebar, feature list, footer, grid layout, centered hero, cta button","creative, artistic, modern",0.74
Lapa Ninja (Post),Turn.io,https://www.lapa.ninja/post/turn/,https://cdn.lapa.ninja/assets/images/1x/turn-thumb.jpg,"[""#fd6840"", ""#66cee4""]","{""#fd6840"": 0.3485, ""#66cee4"": 0.2442}",#fd6840,bright red,"grid layout, rounded buttons, split screen, large typography, sidebar, search bar","modern, minimal, vibrant",0.79
Lapa Ninja (Post),SquadEasy,https://www.lapa.ninja/post/squadeasy-2/,https://cdn.lapa.ninja/assets/images/1x/squadeasy-2-thumb.jpg,"[""#e1c09d""]","{""#e1c09d"": 0.8753}",#e1c09d,bright orange,"grid layout, sidebar, video background, split screen, two-column layout, feature list","modern, cool, creative",0.87
Lapa Ninja (Post),Posthuman Lab,https://www.lapa.ninja/post/posthmnlab/,https://cdn.lapa.ninja/assets/images/1x/posthmnlab-thumb.jpg,"[""#4c5953"", ""#fdfdfd""]","{""#4c5953"": 0.2626, ""#fdfdfd"": 0.4277}",#4c5953,muted neutral,"grid layout, pricing cards, sidebar, rounded buttons, video background, feature list","futuristic, modern, minimal",0.7
Lapa Ninja (Post),Portrait,https://www.lapa.ninja/post/portrait/,https://cdn.lapa.ninja/assets/images/1x/portrait-thumb.jpg,"[""#fdfefe"", ""#ececed""]","{""#fdfefe"": 0.7406, ""#ececed"": 0.1115}",#fdfefe,light muted teal,"grid layout, rounded buttons, footer, sidebar, search bar, feature list","modern, friendly, cool",0.86
Lapa Ninja (Post),Muse Group,https://www.lapa.ninja/post/muse/,https://cdn.lapa.ninja/assets/images/1x/muse-thumb.jpg,"[""#0f150f"", ""#fefefe""]","{""#0f150f"": 0.2302, ""#fefefe"": 0.5812}",#0f150f,dark muted green,"sidebar, feature list, rounded buttons, large typography, pricing cards, split screen","creative, futuristic, modern",0.72
Lapa Ninja (Post),Figma,https://www.lapa.ninja/post/figma-6/,https://cdn.lapa.ninja/assets/images/1x/figma-6-thumb.jpg,"[""#fefefe"", ""#292127""]","{""#fefefe"": 0.663, ""#292127"": 0.1233}",#fefefe,light muted neutral,"grid layout, rounded buttons, split screen, feature list, large typography, icon list","modern, futuristic, minimal",0.83
Lapa Ninja (Post),Douze,https://www.lapa.ninja/post/drinkdouze/,https://cdn.lapa.ninja/assets/images/1x/drinkdouze-thumb.jpg,"[""#f2efe9"", ""#473914""]","{""#f2efe9"": 0.4438, ""#473914"": 0.1865}",#f2efe9,light muted orange,"sidebar, grid layout, rounded buttons, feature list, icon list, search bar","minimal, luxury, modern",0.84
Lapa Ninja (Post),Coinsetters,https://www.lapa.ninja/post/coinsetters/,https://cdn.lapa.ninja/assets/images/1x/coinsetters-thumb.jpg,"[""#030314"", ""#f9f8fd""]","{""#030314"": 0.195, ""#f9f8fd"": 0.5621}",#030314,dark bright blue,"rounded buttons, pricing cards, sidebar, large typography, footer, cta button","futuristic, modern, professional",0.7
Lapa Ninja (Post),Clutch Sercurity,https://www.lapa.ninja/post/clutch/,https://cdn.lapa.ninja/assets/images/1x/clutch-thumb.jpg,"[""#fefefe""]","{""#fefefe"": 0.9079}",#fefefe,light muted neutral,"large typography, top navigation, grid layout, rounded buttons, data table, search bar","futuristic, minimal, modern",0.83
Lapa Ninja (Post),Studio Chong,https://www.lapa.ninja/post/chong-studio/,https://cdn.lapa.ninja/assets/images/1x/chong-studio-thumb.jpg,"[""#080808"", ""#c9fe8c""]","{""#080808"": 0.6884, ""#c9fe8c"": 0.2234}",#080808,dark muted neutral,"rounded buttons, large typography, grid layout, footer, feature list, cta button","modern, minimal, cool",0.83
Lapa Ninja (Post),Please Call Me Champ,https://www.lapa.ninja/post/pleasecallmechamp/,https://cdn.lapa.ninja/assets/images/1x/pleasecallmechamp-thumb.jpg,"[""#010101"", ""#f9f4f9""]","{""#010101"": 0.5733, ""#f9f4f9"": 0.2151}",#010101,dark muted neutral,"large typography, cta button, avatar, top navigation, grid layout, sidebar","retro, futuristic, modern",0.83
Lapa Ninja (Post),PlanetScale,https://www.lapa.ninja/post/planetscale-3/,https://cdn.lapa.ninja/assets/images/1x/planetscale-3-thumb.jpg,"[""#111111""]","{""#111111"": 0.9172}",#111111,dark muted neutral,"grid layout, search bar, data table, rounded buttons, sidebar, two-column layout","minimal, modern, professional",0.83
Lapa Ninja (Post),Mainframe,https://www.lapa.ninja/post/mainframe/,https://cdn.lapa.ninja/assets/images/1x/mainframe-thumb.jpg,"[""#dfdcd7"", ""#272727""]","{""#dfdcd7"": 0.4572, ""#272727"": 0.2864}",#dfdcd7,light muted neutral,"large typography, rounded buttons, grid layout, footer, pricing cards, top navigation","minimal, modern, creative",0.81
Lapa Ninja (Post),Clay Boan,https://www.lapa.ninja/post/clayboan-2/,https://cdn.lapa.ninja/assets/images/1x/clayboan-2-thumb.jpg,"[""#110c0c"", ""#b5a08f""]","{""#110c0c"": 0.6061, ""#b5a08f"": 0.1053}",#110c0c,dark muted red,"large typography, split screen, sidebar, rounded buttons, search bar, grid layout","luxury, modern, cool",0.87
Lapa Ninja (Post),F. MILLER,https://www.lapa.ninja/post/fmillerskincare-2/,https://cdn.lapa.ninja/assets/images/1x/fmillerskincare-2-thumb.jpg,"[""#3f4335"", ""#f8f8f3""]","{""#3f4335"": 0.2177, ""#f8f8f3"": 0.673}",#3f4335,dark muted neutral,"grid layout, rounded buttons, sidebar, feature list, pricing cards, video background","minimal, modern, luxury",0.69
Lapa Ninja (Post),Hyperbolic,https://www.lapa.ninja/post/hyperbolic/,https://cdn.lapa.ninja/assets/images/1x/hyperbolic-thumb.jpg,"[""#161616""]","{""#161616"": 0.8941}",#161616,dark muted neutral,"large typography, grid layout, form, sidebar, feature list, video background","modern, futuristic, minimal",0.82
Lapa Ninja (Post),Reflection AI,https://www.lapa.ninja/post/reflection-ai/,https://cdn.lapa.ninja/assets/images/1x/reflection-ai-thumb.jpg,"[""#f5f5f1""]","{""#f5f5f1"": 0.8167}",#f5f5f1,light muted yellow,"grid layout, rounded buttons, split screen, sidebar, search bar, footer","modern, minimal, professional",0.86
Lapa Ninja (Post),Sol,https://www.lapa.ninja/post/solreader-2/,https://cdn.lapa.ninja/assets/images/1x/solreader-2-thumb.jpg,"[""#100c0b"", ""#461d0b""]","{""#100c0b"": 0.652, ""#461d0b"": 0.1498}",#100c0b,dark muted red,"large typography, footer, rounded buttons, feature list, video background, sidebar","modern, futuristic, cool",0.86
Lapa Ninja (Post),Intents & Purposes,https://www.lapa.ninja/post/intents-purposes/,https://cdn.lapa.ninja/assets/images/1x/intents-purposes-thumb.jpg,"[""#52624a"", ""#1e1b17""]","{""#52624a"": 0.4577, ""#1e1b17"": 0.1966}",#52624a,muted green,"sidebar, feature list, video background, top navigation, rounded buttons, avatar","vibrant, creative, cool",0.84
Lapa Ninja (Post),Haus,https://www.lapa.ninja/post/gohaus/,https://cdn.lapa.ninja/assets/images/1x/gohaus-thumb.jpg,"[""#020203"", ""#181324""]","{""#020203"": 0.7756, ""#181324"": 0.1567}",#020203,dark muted blue,"rounded buttons, large typography, video background, centered hero, feature list, sidebar","futuristic, modern, cool",0.86
Lapa Ninja (Post),Diego,https://www.lapa.ninja/post/diegoliv/,https://cdn.lapa.ninja/assets/images/1x/diegoliv-thumb.jpg,"[""#097b69"", ""#fcfcfd""]","{""#097b69"": 0.277, ""#fcfcfd"": 0.4978}",#097b69,bright teal,"large typography, sidebar, split screen, video background, grid layout, hero image","futuristic, modern, professional",0.76
Lapa Ninja (Post),Best Friend Finance,https://www.lapa.ninja/post/bestfriend/,https://cdn.lapa.ninja/assets/images/1x/bestfriend-thumb.jpg,"[""#f9d4d9"", ""#fbfbfe""]","{""#f9d4d9"": 0.4686, ""#fbfbfe"": 0.3395}",#f9d4d9,light bright red,"video background, sidebar, single column, feature list, rounded buttons, pricing cards","friendly, trustworthy, cool",0.84
Lapa Ninja (Post),Muse Studio,https://www.lapa.ninja/post/musestudio/,https://cdn.lapa.ninja/assets/images/1x/musestudio-thumb.jpg,"[""#d6ddd9"", ""#fcfdeb""]","{""#d6ddd9"": 0.291, ""#fcfdeb"": 0.6336}",#d6ddd9,light muted neutral,"pricing cards, rounded buttons, large typography, grid layout, icon list, sidebar","creative, professional, minimal",0.73
Lapa Ninja (Post),Truus,https://www.lapa.ninja/post/truus/,https://cdn.lapa.ninja/assets/images/1x/truus-thumb.jpg,"[""#efeae4"", ""#c2912f""]","{""#efeae4"": 0.5641, ""#c2912f"": 0.1993}",#efeae4,light muted orange,"sidebar, large typography, split screen, video background, feature list, search bar","modern, artistic, futuristic",0.87
Lapa Ninja (Post),Speakeasy,https://www.lapa.ninja/post/speakeasy/,https://cdn.lapa.ninja/assets/images/1x/speakeasy-thumb.jpg,"[""#000000""]","{""#000000"": 0.9643}",#000000,dark muted neutral,"search bar, video background, feature list, large typography, avatar, sidebar","cool, futuristic, minimal",0.83
Lapa Ninja (Post),Somefolk,https://www.lapa.ninja/post/somefolk-2/,https://cdn.lapa.ninja/assets/images/1x/somefolk-2-thumb.jpg,"[""#6f191d"", ""#c05106""]","{""#6f191d"": 0.3102, ""#c05106"": 0.3038}",#6f191d,bright red,"large typography, video background, footer, rounded buttons, sidebar, split screen","futuristic, modern, cool",0.77
Lapa Ninja (Post),PRIMARY PAPER,https://www.lapa.ninja/post/primary-paper/,https://cdn.lapa.ninja/assets/images/1x/primary-paper-thumb.jpg,"[""#b6b3b2"", ""#fafafa""]","{""#b6b3b2"": 0.3358, ""#fafafa"": 0.3238}",#b6b3b2,muted neutral,"grid layout, rounded buttons, video background, feature list, sidebar, avatar","modern, minimal, artistic",0.74
Lapa Ninja (Post),Devouring Details,https://www.lapa.ninja/post/devouringdetails/,https://cdn.lapa.ninja/assets/images/1x/devouringdetails-thumb.jpg,"[""#ececec"", ""#fdfdfd""]","{""#ececec"": 0.4226, ""#fdfdfd"": 0.531}",#ececec,light muted neutral,"grid layout, large typography, rounded buttons, data table, footer, top navigation","minimal, modern, futuristic",0.79
Lapa Ninja (Post),Oscar Pecher,https://www.lapa.ninja/post/oscarpecher/,https://cdn.lapa.ninja/assets/images/1x/oscarpecher-thumb.jpg,"[""#f0f0f0"", ""#141119""]","{""#f0f0f0"": 0.4863, ""#141119"": 0.24}",#f0f0f0,light muted neutral,"sidebar, feature list, icon list, large typography, avatar, video background","minimal, modern, futuristic",0.82
Lapa Ninja (Post),Gang,https://www.lapa.ninja/post/gang-tv/,https://cdn.lapa.ninja/assets/images/1x/gang-tv-thumb.jpg,"[""#676a66"", ""#fdfdfd""]","{""#676a66"": 0.2955, ""#fdfdfd"": 0.4811}",#676a66,muted neutral,"large typography, sidebar, grid layout, split screen, rounded buttons, avatar","creative, artistic, cool",0.73
Lapa Ninja (Post),No-Mercy,https://www.lapa.ninja/post/nomercy/,https://cdn.lapa.ninja/assets/images/1x/nomercy-thumb.jpg,"[""#010203"", ""#b5b5b4""]","{""#010203"": 0.4404, ""#b5b5b4"": 0.2604}",#010203,dark bright blue,"video background, sidebar, centered hero, avatar, rounded buttons, split screen","modern, futuristic, bold",0.84
Lapa Ninja (Post),Streamtime,https://www.lapa.ninja/post/streamtime/,https://cdn.lapa.ninja/assets/images/1x/streamtime-thumb.jpg,"[""#312d2a"", ""#fbfaf9""]","{""#312d2a"": 0.3731, ""#fbfaf9"": 0.4823}",#312d2a,dark muted neutral,"sidebar, video background, split screen, large typography, feature list, footer","creative, modern, artistic",0.76
Lapa Ninja (Post),Perplexity Comet,https://www.lapa.ninja/post/perplexity-comet/,https://cdn.lapa.ninja/assets/images/1x/perplexity-comet-thumb.jpg,"[""#111418"", ""#f9f8f3""]","{""#111418"": 0.3944, ""#f9f8f3"": 0.4088}",#111418,dark muted blue,"video background, split screen, search bar, footer, sidebar, avatar","creative, modern, futuristic",0.81
Lapa Ninja (Post),Example,https://www.lapa.ninja/post/weareexample/,https://cdn.lapa.ninja/assets/images/1x/weareexample-thumb.jpg,"[""#f2f3ee"", ""#202219""]","{""#f2f3ee"": 0.4717, ""#202219"": 0.2309}",#f2f3ee,light muted yellow,"large typography, sidebar, two-column layout, grid layout, feature list, top navigation","modern, luxury, creative",0.84
Lapa Ninja (Post),Storyboard Agency,https://www.lapa.ninja/post/storyboard-agency/,https://cdn.lapa.ninja/assets/images/1x/storyboard-agency-thumb.jpg,"[""#eeeeed"", ""#511e16""]","{""#eeeeed"": 0.481, ""#511e16"": 0.1932}",#eeeeed,light muted neutral,"rounded buttons, large typography, sidebar, grid layout, footer, feature list","modern, bold, professional",0.82
Lapa Ninja (Post),Daydream 1820,https://www.lapa.ninja/post/daydream1820/,https://cdn.lapa.ninja/assets/images/1x/daydream1820-thumb.jpg,"[""#bdab9a"", ""#ccc9c1""]","{""#bdab9a"": 0.3183, ""#ccc9c1"": 0.2187}",#bdab9a,muted orange,"rounded buttons, grid layout, large typography, video background, split screen, sidebar","artistic, minimal, calm",0.77
Lapa Ninja (Post),Unicorn.studio,https://www.lapa.ninja/post/unicorn-2/,https://cdn.lapa.ninja/assets/images/1x/unicorn-2-thumb.jpg,"[""#09080a"", ""#251b29""]","{""#09080a"": 0.8313, ""#251b29"": 0.0936}",#09080a,dark muted neutral,"rounded buttons, video background, pricing cards, search bar, feature list, large typography","futuristic, cool, modern",0.83
Lapa Ninja (Post),All You Can,https://www.lapa.ninja/post/allyoucan-2/,https://cdn.lapa.ninja/assets/images/1x/allyoucan-2-thumb.jpg,"[""#fdfefe"", ""#dcebe1""]","{""#fdfefe"": 0.7269, ""#dcebe1"": 0.1111}",#fdfefe,light muted teal,"grid layout, rounded buttons, large typography, footer, sidebar, top navigation","minimal, bold, cool",0.86
Lapa Ninja (Post),Alone in New York,https://www.lapa.ninja/post/aloneinnewyork/,https://cdn.lapa.ninja/assets/images/1x/aloneinnewyork-thumb.jpg,"[""#36546a"", ""#090c13""]","{""#36546a"": 0.3524, ""#090c13"": 0.3417}",#36546a,muted blue,"sidebar, large typography, video background, grid layout, two-column layout, feature list","futuristic, serious, bold",0.79
Lapa Ninja (Post),Infinite Machine,https://www.lapa.ninja/post/infinitemachine-2/,https://cdn.lapa.ninja/assets/images/1x/infinitemachine-2-thumb.jpg,"[""#d4dde6"", ""#fcfcfd""]","{""#d4dde6"": 0.3264, ""#fcfcfd"": 0.3421}",#d4dde6,light muted blue,"large typography, rounded buttons, top navigation, icon list, search bar, footer","futuristic, modern, creative",0.77
Lapa Ninja (Post),Resend,https://www.lapa.ninja/post/resend-2/,https://cdn.lapa.ninja/assets/images/1x/resend-2-thumb.jpg,"[""#010101"", ""#111111""]","{""#010101"": 0.8556, ""#111111"": 0.122}",#010101,dark muted neutral,"grid layout, rounded buttons, large typography, form, icon list, footer","minimal, modern, futuristic",0.83
Lapa Ninja (Post),Super Evil Genius Corp,https://www.lapa.ninja/post/superevilgeniuscorp/,https://cdn.lapa.ninja/assets/images/1x/superevilgeniuscorp-thumb.jpg,"[""#000000""]","{""#000000"": 0.899}",#000000,dark muted neutral,"video background, sidebar, large typography, feature list, grid layout, split screen","modern, creative, minimal",0.83
Lapa Ninja (Post),Design Beyond Barriers,https://www.lapa.ninja/post/designbeyondbarriers/,https://cdn.lapa.ninja/assets/images/1x/designbeyondbarriers-thumb.jpg,"[""#fefefe""]","{""#fefefe"": 0.9064}",#fefefe,light muted neutral,"large typography, sidebar, icon list, grid layout, search bar, footer","modern, cool, minimal",0.82
Lapa Ninja (Post),Dia Browser,https://www.lapa.ninja/post/diabrowser/,https://cdn.lapa.ninja/assets/images/1x/diabrowser-thumb.jpg,"[""#f7f7f6""]","{""#f7f7f6"": 0.8674}",#f7f7f6,light muted neutral,"rounded buttons, search bar, split screen, grid layout, sidebar, feature list","modern, minimal, professional",0.83
Lapa Ninja (Post),Detach,https://www.lapa.ninja/post/detach-app/,https://cdn.lapa.ninja/assets/images/1x/detach-app-thumb.jpg,"[""#fefefe""]","{""#fefefe"": 0.8715}",#fefefe,light muted neutral,"rounded buttons, grid layout, pricing cards, footer, split screen, large typography","modern, futuristic, minimal",0.82
Lapa Ninja (Post),unwell,https://www.lapa.ninja/post/drinkunwell/,https://cdn.lapa.ninja/assets/images/1x/drinkunwell-thumb.jpg,"[""#eddcca"", ""#fefefe""]","{""#eddcca"": 0.2796, ""#fefefe"": 0.3228}",#eddcca,light bright orange,"rounded buttons, feature list, grid layout, sidebar, video background, footer","cool, creative, minimal",0.76
Lapa Ninja (Post),Shelby,https://www.lapa.ninja/post/shelby/,https://cdn.lapa.ninja/assets/images/1x/shelby-thumb.jpg,"[""#fed5eb"", ""#332313""]","{""#fed5eb"": 0.5267, ""#332313"": 0.3267}",#fed5eb,light bright magenta,"sidebar, feature list, icon list, search bar, footer, rounded buttons","modern, minimal, futuristic",0.88
Lapa Ninja (Post),Karim Saab,https://www.lapa.ninja/post/karim-saab/,https://cdn.lapa.ninja/assets/images/1x/karim-saab-thumb.jpg,"[""#2c2217"", ""#fefefe""]","{""#2c2217"": 0.252, ""#fefefe"": 0.3272}",#2c2217,dark muted orange,"rounded buttons, grid layout, large typography, video background, sidebar, split screen","modern, artistic, futuristic",0.74
Lapa Ninja (Post),Jkane,https://www.lapa.ninja/post/jkane/,https://cdn.lapa.ninja/assets/images/1x/jkane-thumb.jpg,"[""#d2d2d2"", ""#fcfcfc""]","{""#d2d2d2"": 0.2586, ""#fcfcfc"": 0.306}",#d2d2d2,muted neutral,"split screen, grid layout, cta button, video background, sidebar, icon list","modern, creative, minimal",0.71
Lapa Ninja (Post),@bitcoin,https://www.lapa.ninja/post/atbitcoin/,https://cdn.lapa.ninja/assets/images/1x/atbitcoin-thumb.jpg,"[""#ebebeb"", ""#0c0c0e""]","{""#ebebeb"": 0.6186, ""#0c0c0e"": 0.3193}",#ebebeb,light muted neutral,"large typography, grid layout, top navigation, rounded buttons, footer, pricing cards","futuristic, modern, minimal",0.83
Lapa Ninja (Post),Adaline,https://www.lapa.ninja/post/adaline/,https://cdn.lapa.ninja/assets/images/1x/adaline-thumb.jpg,"[""#fbfbf4"", ""#eee8dc""]","{""#fbfbf4"": 0.5788, ""#eee8dc"": 0.1718}",#fbfbf4,light bright yellow,"grid layout, rounded buttons, video background, footer, large typography, form","minimal, modern, calm",0.86
Lapa Ninja (Post),Jasper,https://www.lapa.ninja/post/jasper-2/,https://cdn.lapa.ninja/assets/images/1x/jasper-2-thumb.jpg,"[""#f8f9f7""]","{""#f8f9f7"": 0.8339}",#f8f9f7,light muted green,"grid layout, rounded buttons, large typography, sidebar, search bar, video background","modern, professional, minimal",0.86
Lapa Ninja (Post),Bunsen Studio,https://www.lapa.ninja/post/bunsenstudio-3/,https://cdn.lapa.ninja/assets/images/1x/bunsenstudio-3-thumb.jpg,"[""#0b0b0c"", ""#c8c9d1""]","{""#0b0b0c"": 0.7863, ""#c8c9d1"": 0.0968}",#0b0b0c,dark muted neutral,"feature list, sidebar, large typography, form, icon list, video background","futuristic, modern, minimal",0.82
Lapa Ninja (Post),Visual Electric,https://www.lapa.ninja/post/visualelectric-3/,https://cdn.lapa.ninja/assets/images/1x/visualelectric-3-thumb.jpg,"[""#020202"", ""#c5c7c4""]","{""#020202"": 0.4115, ""#c5c7c4"": 0.3694}",#020202,dark muted neutral,"grid layout, large typography, rounded buttons, avatar, footer, split screen","modern, futuristic, minimal",0.79
Lapa Ninja (Post),Shed,https://www.lapa.ninja/post/shed/,https://cdn.lapa.ninja/assets/images/1x/shed-thumb.jpg,"[""#31261c"", ""#fdfdfc""]","{""#31261c"": 0.2041, ""#fdfdfc"": 0.4751}",#31261c,dark muted orange,"grid layout, sidebar, split screen, large typography, two-column layout, avatar","futuristic, modern, retro",0.72
Lapa Ninja (Post),SuperHi.cv,https://www.lapa.ninja/post/superhi-cv/,https://cdn.lapa.ninja/assets/images/1x/superhi-cv-thumb.jpg,"[""#1b201a"", ""#020202""]","{""#1b201a"": 0.6317, ""#020202"": 0.2282}",#1b201a,dark muted neutral,"rounded buttons, grid layout, sidebar, large typography, form, split screen","professional, modern, minimal",0.82
Lapa Ninja (Post),Michael Brown,https://www.lapa.ninja/post/mbrown/,https://cdn.lapa.ninja/assets/images/1x/mbrown-thumb.jpg,"[""#271504"", ""#434242""]","{""#271504"": 0.6922, ""#434242"": 0.1604}",#271504,dark bright orange,"grid layout, large typography, sidebar, rounded buttons, footer, video background","modern, minimal, professional",0.86
Lapa Ninja (Post),Dix Hectares,https://www.lapa.ninja/post/dixhectares/,https://cdn.lapa.ninja/assets/images/1x/dixhectares-thumb.jpg,"[""#ede4d5"", ""#5a5d2c""]","{""#ede4d5"": 0.4511, ""#5a5d2c"": 0.1535}",#ede4d5,light bright orange,"rounded buttons, sidebar, grid layout, large typography, feature list, video background","retro, luxury, minimal",0.84
Lapa Ninja (Post),Emily Lonetto,https://www.lapa.ninja/post/emilylonetto/,https://cdn.lapa.ninja/assets/images/1x/emilylonetto-thumb.jpg,"[""#282e2e"", ""#f3f3f5""]","{""#282e2e"": 0.2384, ""#f3f3f5"": 0.5565}",#282e2e,dark muted neutral,"sidebar, large typography, rounded buttons, form, footer, video background","friendly, futuristic, bold",0.7
Lapa Ninja (Post),ThreeTools,https://www.lapa.ninja/post/three-tools/,https://cdn.lapa.ninja/assets/images/1x/three-tools-thumb.jpg,"[""#010202"", ""#262929""]","{""#010202"": 0.7242, ""#262929"": 0.2123}",#010202,dark muted teal,"large typography, rounded buttons, cta button, footer, top navigation, grid layout","futuristic, cool, modern",0.87
Lapa Ninja (Post),Fin,https://www.lapa.ninja/post/fin-ai/,https://cdn.lapa.ninja/assets/images/1x/fin-ai-thumb.jpg,"[""#050c17"", ""#232026""]","{""#050c17"": 0.7218, ""#232026"": 0.1742}",#050c17,dark bright blue,"search bar, feature list, sidebar, top navigation, rounded buttons, large typography","futuristic, modern, cool",0.85
Lapa Ninja (Post),Radical Face,https://www.lapa.ninja/post/radicalface/,https://cdn.lapa.ninja/assets/images/1x/radicalface-thumb.jpg,"[""#eeede9"", ""#cad2dc""]","{""#eeede9"": 0.4578, ""#cad2dc"": 0.2976}",#eeede9,light muted orange,"rounded buttons, sidebar, grid layout, large typography, avatar, feature list","modern, minimal, professional",0.84
Lapa Ninja (Post),Jordan Rosenberg,https://www.lapa.ninja/post/jordanrosenberg/,https://cdn.lapa.ninja/assets/images/1x/jordanrosenberg-thumb.jpg,"[""#c5c6c3"", ""#211f21""]","{""#c5c6c3"": 0.4904, ""#211f21"": 0.1798}",#c5c6c3,muted neutral,"large typography, sidebar, grid layout, icon list, feature list, video background","retro, modern, cool",0.82
Lapa Ninja (Post),Swift,https://www.lapa.ninja/post/swift/,https://cdn.lapa.ninja/assets/images/1x/swift-thumb.jpg,"[""#eaf2f7"", ""#f3cb98""]","{""#eaf2f7"": 0.4159, ""#f3cb98"": 0.3336}",#eaf2f7,light bright blue,"rounded buttons, sidebar, large typography, search bar, video background, split screen","minimal, modern, cool",0.82
Lapa Ninja (Post),kit:,https://www.lapa.ninja/post/kitskinkind/,https://cdn.lapa.ninja/assets/images/1x/kitskinkind-thumb.jpg,"[""#4a241f"", ""#c99d83""]","{""#4a241f"": 0.2115, ""#c99d83"": 0.2069}",#4a241f,dark bright red,"grid layout, pricing cards, sidebar, rounded buttons, search bar, large typography","luxury, trustworthy, creative",0.72
Lapa Ninja (Post),Ngan Nguyen,https://www.lapa.ninja/post/ngan-nguyen/,https://cdn.lapa.ninja/assets/images/1x/ngan-nguyen-thumb.jpg,"[""#f4f4f4"", ""#0f171a""]","{""#f4f4f4"": 0.6625, ""#0f171a"": 0.1623}",#f4f4f4,light muted neutral,"grid layout, icon list, large typography, sidebar, rounded buttons, feature list","minimal, professional, modern",0.83
Lapa Ninja (Post),Altitude Beverages,https://www.lapa.ninja/post/altitudebev/,https://cdn.lapa.ninja/assets/images/1x/altitudebev-thumb.jpg,"[""#3d4f60"", ""#262733""]","{""#3d4f60"": 0.2703, ""#262733"": 0.2258}",#3d4f60,muted blue,"large typography, grid layout, sidebar, video background, rounded buttons, split screen","minimal, luxury, modern",0.74
Lapa Ninja (Post),Level Money,https://www.lapa.ninja/post/level-money/,https://cdn.lapa.ninja/assets/images/1x/level-money-thumb.jpg,"[""#1c42ea"", ""#f2f2f2""]","{""#1c42ea"": 0.3319, ""#f2f2f2"": 0.4139}",#1c42ea,bright blue,"grid layout, large typography, rounded buttons, pricing cards, feature list, search bar","minimal, modern, futuristic",0.79
Lapa Ninja (Post),MakeReign,https://www.lapa.ninja/post/makereign/,https://cdn.lapa.ninja/assets/images/1x/makereign-thumb.jpg,"[""#d7dbda"", ""#262528""]","{""#d7dbda"": 0.5287, ""#262528"": 0.2493}",#d7dbda,light muted neutral,"large typography, sidebar, pricing cards, rounded buttons, feature list, footer","modern, professional, minimal",0.82
Lapa Ninja (Post),OVNA OVICH,https://www.lapa.ninja/post/ovnaovich/,https://cdn.lapa.ninja/assets/images/1x/ovnaovich-thumb.jpg,"[""#f2f1ed"", ""#323c35""]","{""#f2f1ed"": 0.4849, ""#323c35"": 0.1515}",#f2f1ed,light muted orange,"grid layout, sidebar, video background, avatar, feature list, form","minimal, modern, retro",0.87
Lapa Ninja (Post),ONBOX,https://www.lapa.ninja/post/onboxcreative/,https://cdn.lapa.ninja/assets/images/1x/onboxcreative-thumb.jpg,"[""#ebe9e4"", ""#170f0b""]","{""#ebe9e4"": 0.4206, ""#170f0b"": 0.2906}",#ebe9e4,light muted orange,"large typography, rounded buttons, grid layout, sidebar, footer, feature list","luxury, minimal, professional",0.82
Lapa Ninja (Post),TERMS,https://www.lapa.ninja/post/terms/,https://cdn.lapa.ninja/assets/images/1x/terms-thumb.jpg,"[""#d4d4d3"", ""#fefefe""]","{""#d4d4d3"": 0.3551, ""#fefefe"": 0.3628}",#d4d4d3,muted neutral,"form, large typography, two-column layout, data table, single column, rounded buttons","modern, minimal, futuristic",0.76
Lapa Ninja (Post),AWE,https://www.lapa.ninja/post/awenetwork/,https://cdn.lapa.ninja/assets/images/1x/awenetwork-thumb.jpg,"[""#010101"", ""#db8364""]","{""#010101"": 0.509, ""#db8364"": 0.138}",#010101,dark muted neutral,"large typography, split screen, grid layout, sidebar, form, video background","modern, creative, artistic",0.82
Lapa Ninja (Post),Defiant,https://www.lapa.ninja/post/defiant/,https://cdn.lapa.ninja/assets/images/1x/defiant-thumb.jpg,"[""#f1f1f1"", ""#fefefe""]","{""#f1f1f1"": 0.6195, ""#fefefe"": 0.2631}",#f1f1f1,light muted neutral,"large typography, search bar, footer, rounded buttons, split screen, video background","futuristic, modern, minimal",0.84
Lapa Ninja (Post),Made With Gsap,https://www.lapa.ninja/post/madewithgsap/,https://cdn.lapa.ninja/assets/images/1x/madewithgsap-thumb.jpg,"[""#f0f0f0"", ""#131313""]","{""#f0f0f0"": 0.5447, ""#131313"": 0.3208}",#f0f0f0,light muted neutral,"large typography, grid layout, rounded buttons, pricing cards, sidebar, footer","retro, futuristic, modern",0.82
Lapa Ninja (Post),Lué Studio,https://www.lapa.ninja/post/lue/,https://cdn.lapa.ninja/assets/images/1x/lue-thumb.jpg,"[""#fefcfd"", ""#ecdae8""]","{""#fefcfd"": 0.6071, ""#ecdae8"": 0.112}",#fefcfd,light bright magenta,"video background, sidebar, large typography, pricing cards, rounded buttons, grid layout","luxury, artistic, cool",0.86
Lapa Ninja (Post),Yolanta Birkhane,https://www.lapa.ninja/post/yolantabirkhane/,https://cdn.lapa.ninja/assets/images/1x/yolantabirkhane-thumb.jpg,"[""#f8f5ef"", ""#4f5051""]","{""#f8f5ef"": 0.5406, ""#4f5051"": 0.1419}",#f8f5ef,light bright orange,"sidebar, video background, carousel, rounded buttons, large typography, grid layout","retro, artistic, cool",0.86
Lapa Ninja (Post),Blackalgo,https://www.lapa.ninja/post/blackalgo/,https://cdn.lapa.ninja/assets/images/1x/blackalgo-thumb.jpg,"[""#060417"", ""#0f0d24""]","{""#060417"": 0.8539, ""#0f0d24"": 0.1047}",#060417,dark bright blue,"feature list, icon list, video background, search bar, sidebar, split screen","futuristic, modern, cool",0.86
Lapa Ninja (Post),STEL,https://www.lapa.ninja/post/stelstores/,https://cdn.lapa.ninja/assets/images/1x/stelstores-thumb.jpg,"[""#312624"", ""#fbfbfb""]","{""#312624"": 0.2291, ""#fbfbfb"": 0.3918}",#312624,dark muted red,"rounded buttons, grid layout, sidebar, pricing cards, icon list, split screen","professional, modern, futuristic",0.73
Lapa Ninja (Post),Letters,https://www.lapa.ninja/post/letters/,https://cdn.lapa.ninja/assets/images/1x/letters-thumb.jpg,"[""#fafafa"", ""#84a7c9""]","{""#fafafa"": 0.5814, ""#84a7c9"": 0.1796}",#fafafa,light muted neutral,"rounded buttons, grid layout, footer, feature list, search bar, sidebar","minimal, modern, calm",0.83
Lapa Ninja (Post),The Variable,https://www.lapa.ninja/post/thevariable/,https://cdn.lapa.ninja/assets/images/1x/thevariable-thumb.jpg,"[""#1d1d1d""]","{""#1d1d1d"": 0.9047}",#1d1d1d,dark muted neutral,"large typography, split screen, video background, logo, grid layout, sidebar","minimal, modern, professional",0.83
Lapa Ninja (Post),247PLUS,https://www.lapa.ninja/post/247plus/,https://cdn.lapa.ninja/assets/images/1x/247plus-thumb.jpg,"[""#e8e4e0"", ""#fefefe""]","{""#e8e4e0"": 0.187, ""#fefefe"": 0.4462}",#e8e4e0,light muted orange,"grid layout, rounded buttons, sidebar, feature list, large typography, form","modern, minimal, bold",0.71
Lapa Ninja (Post),Molly,https://www.lapa.ninja/post/molly-studio/,https://cdn.lapa.ninja/assets/images/1x/molly-studio-thumb.jpg,"[""#fcfcfb"", ""#e6e7e0""]","{""#fcfcfb"": 0.6115, ""#e6e7e0"": 0.1587}",#fcfcfb,light muted yellow,"rounded buttons, large typography, footer, grid layout, cta button, sidebar","minimal, modern, creative",0.86
Lapa Ninja (Post),Drop,https://www.lapa.ninja/post/drop/,https://cdn.lapa.ninja/assets/images/1x/drop-thumb.jpg,"[""#02020c"", ""#fbfbfb""]","{""#02020c"": 0.2934, ""#fbfbfb"": 0.458}",#02020c,dark bright blue,"rounded buttons, grid layout, video background, feature list, sidebar, footer","minimal, futuristic, modern",0.76
Lapa Ninja (Post),Wildy Riftian,https://www.lapa.ninja/post/wildyriftian/,https://cdn.lapa.ninja/assets/images/1x/wildyriftian-thumb.jpg,"[""#020101"", ""#7a7d7d""]","{""#020101"": 0.4211, ""#7a7d7d"": 0.2257}",#020101,dark muted red,"large typography, video background, rounded buttons, grid layout, form, sidebar","minimal, futuristic, modern",0.82
Lapa Ninja (Post),Studio Three,https://www.lapa.ninja/post/three-studio/,https://cdn.lapa.ninja/assets/images/1x/three-studio-thumb.jpg,"[""#080808"", ""#56535b""]","{""#080808"": 0.7879, ""#56535b"": 0.0855}",#080808,dark muted neutral,"rounded buttons, large typography, sidebar, feature list, search bar, icon list","minimal, futuristic, modern",0.83
Lapa Ninja (Post),Meet Your Legend,https://www.lapa.ninja/post/meetyourlegend/,https://cdn.lapa.ninja/assets/images/1x/meetyourlegend-thumb.jpg,"[""#170202"", ""#f78f13""]","{""#170202"": 0.5605, ""#f78f13"": 0.1783}",#170202,dark bright red,"sidebar, video background, large typography, feature list, split screen, data table","cool, friendly, modern",0.85
Lapa Ninja (Post),Face Formula,https://www.lapa.ninja/post/faceformula/,https://cdn.lapa.ninja/assets/images/1x/faceformula-thumb.jpg,"[""#231c17"", ""#fafaf8""]","{""#231c17"": 0.3177, ""#fafaf8"": 0.2229}",#231c17,dark muted orange,"sidebar, grid layout, large typography, footer, rounded buttons, search bar","modern, futuristic, minimal",0.77
Lapa Ninja (Post),Coercive Control,https://www.lapa.ninja/post/coercive-control/,https://cdn.lapa.ninja/assets/images/1x/coercive-control-thumb.jpg,"[""#1b1d1d""]","{""#1b1d1d"": 0.9239}",#1b1d1d,dark muted neutral,"pricing cards, large typography, footer, centered hero, avatar, form","luxury, modern, professional",0.83
Lapa Ninja (Post),Reform Collective,https://www.lapa.ninja/post/reformcollective-4/,https://cdn.lapa.ninja/assets/images/1x/reformcollective-4-thumb.jpg,"[""#261d1a"", ""#a89077""]","{""#261d1a"": 0.2753, ""#a89077"": 0.2299}",#261d1a,dark muted red,"form, rounded buttons, sidebar, large typography, footer, feature list","modern, bold, vibrant",0.75
Lapa Ninja (Post),Chicago Kare,https://www.lapa.ninja/post/chicagokare/,https://cdn.lapa.ninja/assets/images/1x/chicagokare-thumb.jpg,"[""#010101"", ""#252525""]","{""#010101"": 0.7235, ""#252525"": 0.0883}",#010101,dark muted neutral,"large typography, sidebar, footer, video background, data table, hero image","retro, cool, friendly",0.83
Lapa Ninja (Post),LEOLEO Studio,https://www.lapa.ninja/post/leoleo-studio-2/,https://cdn.lapa.ninja/assets/images/1x/leoleo-studio-2-thumb.jpg,"[""#b1afae"", ""#fefdfe""]","{""#b1afae"": 0.2676, ""#fefdfe"": 0.2863}",#b1afae,muted neutral,"large typography, grid layout, pricing cards, rounded buttons, sidebar, form","modern, creative, futuristic",0.72
Lapa Ninja (Post),Seasoned,https://www.lapa.ninja/post/seasoned/,https://cdn.lapa.ninja/assets/images/1x/seasoned-thumb.jpg,"[""#f2f0e9"", ""#eae0b0""]","{""#f2f0e9"": 0.3454, ""#eae0b0"": 0.2829}",#f2f0e9,light muted orange,"video background, rounded buttons, large typography, sidebar, pricing cards, split screen","luxury, professional, elegant",0.78
Lapa Ninja (Post),Kindsight,https://www.lapa.ninja/post/kindsight/,https://cdn.lapa.ninja/assets/images/1x/kindsight-thumb.jpg,"[""#3d4028"", ""#f9f5f1""]","{""#3d4028"": 0.3171, ""#f9f5f1"": 0.5604}",#3d4028,dark muted yellow,"grid layout, rounded buttons, split screen, search bar, sidebar, large typography","modern, minimal, professional",0.77
Lapa Ninja (Post),Astral Frontier,https://www.lapa.ninja/post/theastralfrontier/,https://cdn.lapa.ninja/assets/images/1x/theastralfrontier-thumb.jpg,"[""#080a0e"", ""#101417""]","{""#080a0e"": 0.4867, ""#101417"": 0.3896}",#080a0e,dark muted blue,"video background, large typography, footer, sidebar, avatar, search bar","futuristic, friendly, trustworthy",0.86
Lapa Ninja (Post),FLORA,https://www.lapa.ninja/post/florafauna/,https://cdn.lapa.ninja/assets/images/1x/florafauna-thumb.jpg,"[""#000000"", ""#1f1e1f""]","{""#000000"": 0.8792, ""#1f1e1f"": 0.0897}",#000000,dark muted neutral,"top navigation, avatar, feature list, video background, large typography, split screen","cool, futuristic, modern",0.83
Lapa Ninja (Post),Firebase Studio,https://www.lapa.ninja/post/firebase-2/,https://cdn.lapa.ninja/assets/images/1x/firebase-2-thumb.jpg,"[""#050302"", ""#2a1e15""]","{""#050302"": 0.4535, ""#2a1e15"": 0.2788}",#050302,dark bright orange,"split screen, feature list, icon list, sidebar, grid layout, video background","modern, professional, futuristic",0.84
Lapa Ninja (Post),Charlie Osborne,https://www.lapa.ninja/post/charlieosborne-2/,https://cdn.lapa.ninja/assets/images/1x/charlieosborne-2-thumb.jpg,"[""#070303"", ""#faf9f8""]","{""#070303"": 0.3711, ""#faf9f8"": 0.3361}",#070303,dark bright red,"rounded buttons, large typography, feature list, data table, sidebar, video background","modern, minimal, futuristic",0.8
Lapa Ninja (Post),Ranlus,https://www.lapa.ninja/post/ranlus/,https://cdn.lapa.ninja/assets/images/1x/ranlus-thumb.jpg,"[""#191818"", ""#130320""]","{""#191818"": 0.6973, ""#130320"": 0.1602}",#191818,dark muted neutral,"large typography, sidebar, rounded buttons, grid layout, search bar, split screen","futuristic, minimal, retro",0.83
Lapa Ninja (Post),Mallard & Claret,https://www.lapa.ninja/post/mallardandclaret/,https://cdn.lapa.ninja/assets/images/1x/mallardandclaret-thumb.jpg,"[""#09080c"", ""#292532""]","{""#09080c"": 0.314, ""#292532"": 0.2846}",#09080c,dark muted blue,"video background, large typography, split screen, sidebar, grid layout, rounded buttons","modern, futuristic, cool",0.77
Lapa Ninja (Post),Jules,https://www.lapa.ninja/post/jules/,https://cdn.lapa.ninja/assets/images/1x/jules-thumb.jpg,"[""#1d0245"", ""#130826""]","{""#1d0245"": 0.7148, ""#130826"": 0.1932}",#1d0245,dark bright purple,"grid layout, rounded buttons, sidebar, footer, search bar, large typography","modern, vibrant, creative",0.87
Lapa Ninja (Post),Jack McDade,https://www.lapa.ninja/post/jackmcdade/,https://cdn.lapa.ninja/assets/images/1x/jackmcdade-thumb.jpg,"[""#03f9fb"", ""#01303a""]","{""#03f9fb"": 0.438, ""#01303a"": 0.4014}",#03f9fb,bright teal,"sidebar, video background, large typography, grid layout, rounded buttons, avatar","modern, creative, futuristic",0.83
Lapa Ninja (Post),Flow,https://www.lapa.ninja/post/google-flow/,https://cdn.lapa.ninja/assets/images/1x/google-flow-thumb.jpg,"[""#050607"", ""#1f333d""]","{""#050607"": 0.3525, ""#1f333d"": 0.2631}",#050607,dark muted blue,"form, footer, video background, large typography, sidebar, feature list","futuristic, calm, creative",0.79
Lapa Ninja (Post),dola,https://www.lapa.ninja/post/thedola/,https://cdn.lapa.ninja/assets/images/1x/thedola-thumb.jpg,"[""#d44e29"", ""#ddd6cd""]","{""#d44e29"": 0.4541, ""#ddd6cd"": 0.2899}",#d44e29,bright red,"sidebar, feature list, icon list, grid layout, search bar, rounded buttons","modern, minimal, retro",0.85
Lapa Ninja (Post),Distributional,https://www.lapa.ninja/post/distributional/,https://cdn.lapa.ninja/assets/images/1x/distributional-thumb.jpg,"[""#1e1e1e"", ""#ececec""]","{""#1e1e1e"": 0.6082, ""#ececec"": 0.2156}",#1e1e1e,dark muted neutral,"grid layout, large typography, rounded buttons, footer, split screen, top navigation","minimal, modern, futuristic",0.83
Lapa Ninja (Post),JIDDO,https://www.lapa.ninja/post/jiddo/,https://cdn.lapa.ninja/assets/images/1x/jiddo-thumb.jpg,"[""#ece9ea"", ""#fefefe""]","{""#ece9ea"": 0.368, ""#fefefe"": 0.394}",#ece9ea,light muted neutral,"top navigation, avatar, sidebar, feature list, large typography, centered hero","futuristic, creative, calm",0.75
Lapa Ninja (Post),General Proximity,https://www.lapa.ninja/post/generalproximity/,https://cdn.lapa.ninja/assets/images/1x/generalproximity-thumb.jpg,"[""#010102"", ""#141525""]","{""#010102"": 0.7119, ""#141525"": 0.1358}",#010102,dark muted blue,"large typography, sidebar, avatar, video background, footer, form","futuristic, modern, cool",0.87
Lapa Ninja (Post),Moti,https://www.lapa.ninja/post/motiapp/,https://cdn.lapa.ninja/assets/images/1x/motiapp-thumb.jpg,"[""#fed838"", ""#1f1f1f""]","{""#fed838"": 0.5697, ""#1f1f1f"": 0.3389}",#fed838,bright orange,"footer, rounded buttons, search bar, sidebar, video background, cta button","modern, creative, minimal",0.86
Lapa Ninja (Post),Doğukan Karapınar,https://www.lapa.ninja/post/doughkan/,https://cdn.lapa.ninja/assets/images/1x/doughkan-thumb.jpg,"[""#e9ecec"", ""#221555""]","{""#e9ecec"": 0.5535, ""#221555"": 0.1879}",#e9ecec,light muted neutral,"large typography, grid layout, form, rounded buttons, icon list, two-column layout","modern, futuristic, minimal",0.84
Lapa Ninja (Post),Joi Planner,https://www.lapa.ninja/post/joi/,https://cdn.lapa.ninja/assets/images/1x/joi-thumb.jpg,"[""#fefefe"", ""#060303""]","{""#fefefe"": 0.8762, ""#060303"": 0.0828}",#fefefe,light muted neutral,"sidebar, top navigation, rounded buttons, feature list, large typography, footer","modern, professional, minimal",0.83
Lapa Ninja (Post),Cassette,https://www.lapa.ninja/post/cassettemusic/,https://cdn.lapa.ninja/assets/images/1x/cassettemusic-thumb.jpg,"[""#1a1a1b"", ""#e1d426""]","{""#1a1a1b"": 0.742, ""#e1d426"": 0.1263}",#1a1a1b,dark muted neutral,"video background, sidebar, large typography, feature list, icon list, rounded buttons","minimal, retro, cool",0.82
Lapa Ninja (Post),Amaterasu,https://www.lapa.ninja/post/amaterasu/,https://cdn.lapa.ninja/assets/images/1x/amaterasu-thumb.jpg,"[""#fefefe"", ""#4998b8""]","{""#fefefe"": 0.3561, ""#4998b8"": 0.1746}",#fefefe,light muted neutral,"large typography, split screen, grid layout, rounded buttons, avatar, sidebar","modern, minimal, futuristic",0.76
Lapa Ninja (Post),Onboard,https://www.lapa.ninja/post/onboard/,https://cdn.lapa.ninja/assets/images/1x/onboard-thumb.jpg,"[""#f8f6e4"", ""#99a3a2""]","{""#f8f6e4"": 0.4177, ""#99a3a2"": 0.2203}",#f8f6e4,light bright yellow,"grid layout, sidebar, rounded buttons, video background, split screen, hero image","modern, trustworthy, creative",0.82
Lapa Ninja (Post),STUDIO HERRSTRÖM,https://www.lapa.ninja/post/studioherrstrom-2/,https://cdn.lapa.ninja/assets/images/1x/studioherrstrom-2-thumb.jpg,"[""#000000"", ""#a6af90""]","{""#000000"": 0.7053, ""#a6af90"": 0.0961}",#000000,dark muted neutral,"grid layout, rounded buttons, sidebar, icon list, video background, feature list","futuristic, modern, artistic",0.83
Lapa Ninja (Post),Daniella Marynov,https://www.lapa.ninja/post/hellodani/,https://cdn.lapa.ninja/assets/images/1x/hellodani-thumb.jpg,"[""#f3f1ee""]","{""#f3f1ee"": 0.8051}",#f3f1ee,light muted orange,"rounded buttons, grid layout, sidebar, search bar, feature list, icon list","minimal, modern, futuristic",0.87
Lapa Ninja (Post),SVZ,https://www.lapa.ninja/post/svz-2/,https://cdn.lapa.ninja/assets/images/1x/svz-2-thumb.jpg,"[""#020202"", ""#616161""]","{""#020202"": 0.5463, ""#616161"": 0.3847}",#020202,dark muted neutral,"large typography, logo, video background, form, data table, pricing cards","futuristic, modern, minimal",0.82
Lapa Ninja (Post),YOU=US,https://www.lapa.ninja/post/destigmatize/,https://cdn.lapa.ninja/assets/images/1x/destigmatize-thumb.jpg,"[""#0d0e0e""]","{""#0d0e0e"": 0.8175}",#0d0e0e,dark muted neutral,"large typography, sidebar, video background, avatar, form, rounded buttons","minimal, futuristic, modern",0.82
Lapa Ninja (Post),Bisou Gallery,https://www.lapa.ninja/post/bisougallery/,https://cdn.lapa.ninja/assets/images/1x/bisougallery-thumb.jpg,"[""#471111"", ""#f2f3f2""]","{""#471111"": 0.4477, ""#f2f3f2"": 0.3435}",#471111,dark bright red,"single column, two-column layout, grid layout, large typography, rounded buttons, sidebar","modern, cool, artistic",0.83
Lapa Ninja (Post),Ada,https://www.lapa.ninja/post/ada/,https://cdn.lapa.ninja/assets/images/1x/ada-thumb.jpg,"[""#f9e68c"", ""#f9f9f9""]","{""#f9e68c"": 0.2471, ""#f9f9f9"": 0.4261}",#f9e68c,bright orange,"pricing cards, grid layout, data table, large typography, rounded buttons, top navigation","modern, professional, trustworthy",0.74
Lapa Ninja (Post),Fine Thought,https://www.lapa.ninja/post/finethought/,https://cdn.lapa.ninja/assets/images/1x/finethought-thumb.jpg,"[""#282828"", ""#b8b8b8""]","{""#282828"": 0.7641, ""#b8b8b8"": 0.128}",#282828,dark muted neutral,"large typography, feature list, sidebar, grid layout, icon list, video background","creative, professional, artistic",0.83
Lapa Ninja (Post),Your Creative,https://www.lapa.ninja/post/yourcreative/,https://cdn.lapa.ninja/assets/images/1x/yourcreative-thumb.jpg,"[""#f8f6f4"", ""#c6cfe2""]","{""#f8f6f4"": 0.6211, ""#c6cfe2"": 0.1462}",#f8f6f4,light muted orange,"avatar, rounded buttons, search bar, grid layout, video background, footer","modern, futuristic, minimal",0.86
Lapa Ninja (Post),Amelia Wattenberger,https://www.lapa.ninja/post/wattenberger-2/,https://cdn.lapa.ninja/assets/images/1x/wattenberger-2-thumb.jpg,"[""#fefefe""]","{""#fefefe"": 0.9181}",#fefefe,light muted neutral,"large typography, logo, two-column layout, sidebar, avatar, single column","professional, cool, modern",0.82
Lapa Ninja (Post),Clue Perfumery,https://www.lapa.ninja/post/clueperfumery/,https://cdn.lapa.ninja/assets/images/1x/clueperfumery-thumb.jpg,"[""#f0f1e8"", ""#bfb1a8""]","{""#f0f1e8"": 0.5122, ""#bfb1a8"": 0.2794}",#f0f1e8,light muted yellow,"large typography, sidebar, rounded buttons, grid layout, icon list, pricing cards","creative, cool, artistic",0.87
Lapa Ninja (Post),Slite,https://www.lapa.ninja/post/slite-7/,https://cdn.lapa.ninja/assets/images/1x/slite-7-thumb.jpg,"[""#f8ede4"", ""#fafbfc""]","{""#f8ede4"": 0.71, ""#fafbfc"": 0.2323}",#f8ede4,light bright orange,"grid layout, rounded buttons, sidebar, feature list, footer, split screen","modern, minimal, cool",0.87
Lapa Ninja (Post),Devin,https://www.lapa.ninja/post/devin/,https://cdn.lapa.ninja/assets/images/1x/devin-thumb.jpg,"[""#10151f"", ""#172134""]","{""#10151f"": 0.5929, ""#172134"": 0.185}",#10151f,dark muted blue,"sidebar, feature list, split screen, data table, pricing cards, rounded buttons","modern, minimal, futuristic",0.87
Lapa Ninja (Post),Mesh Architects,https://www.lapa.ninja/post/mesharchitects/,https://cdn.lapa.ninja/assets/images/1x/mesharchitects-thumb.jpg,"[""#eeeada"", ""#352c1e""]","{""#eeeada"": 0.4191, ""#352c1e"": 0.1834}",#eeeada,light bright orange,"grid layout, large typography, hero image, feature list, pricing cards, sidebar","modern, luxury, futuristic",0.81
Lapa Ninja (Post),Glow Finance,https://www.lapa.ninja/post/glowfinance/,https://cdn.lapa.ninja/assets/images/1x/glowfinance-thumb.jpg,"[""#151516"", ""#2a2a3c""]","{""#151516"": 0.661, ""#2a2a3c"": 0.1713}",#151516,dark muted neutral,"large typography, video background, sidebar, rounded buttons, feature list, search bar","modern, minimal, futuristic",0.83
Lapa Ninja (Post),Hugo Baron,https://www.lapa.ninja/post/nuageboi/,https://cdn.lapa.ninja/assets/images/1x/nuageboi-thumb.jpg,"[""#020202"", ""#11bf30""]","{""#020202"": 0.6956, ""#11bf30"": 0.1994}",#020202,dark muted neutral,"video background, sidebar, split screen, large typography, hero image, search bar","futuristic, modern, minimal",0.83
Lapa Ninja (Post),Lightship,https://www.lapa.ninja/post/lightshiprv/,https://cdn.lapa.ninja/assets/images/1x/lightshiprv-thumb.jpg,"[""#f2f2f2"", ""#564c36""]","{""#f2f2f2"": 0.4982, ""#564c36"": 0.1606}",#f2f2f2,light muted neutral,"top navigation, large typography, footer, form, sidebar, centered hero","futuristic, minimal, modern",0.82
Lapa Ninja (Post),Midlife Engineering,https://www.lapa.ninja/post/midlife-engineering/,https://cdn.lapa.ninja/assets/images/1x/midlife-engineering-thumb.jpg,"[""#eaeaea"", ""#222325""]","{""#eaeaea"": 0.7063, ""#222325"": 0.1835}",#eaeaea,light muted neutral,"rounded buttons, large typography, grid layout, two-column layout, pricing cards, footer","modern, minimal, retro",0.83
Lapa Ninja (Post),Valio Con 2025,https://www.lapa.ninja/post/valiocon/,https://cdn.lapa.ninja/assets/images/1x/valiocon-thumb.jpg,"[""#7f7271"", ""#f6f6f3""]","{""#7f7271"": 0.191, ""#f6f6f3"": 0.4033}",#7f7271,muted neutral,"rounded buttons, grid layout, sidebar, footer, large typography, avatar","cool, bold, minimal",0.67
Lapa Ninja (Post),SOMAREALITY,https://www.lapa.ninja/post/somareality/,https://cdn.lapa.ninja/assets/images/1x/somareality-thumb.jpg,"[""#050606"", ""#fefefe""]","{""#050606"": 0.394, ""#fefefe"": 0.47}",#050606,dark muted neutral,"sidebar, avatar, split screen, search bar, top navigation, feature list","futuristic, modern, serious",0.77
Lapa Ninja (Post),WØRKS,https://www.lapa.ninja/post/works-studio-2/,https://cdn.lapa.ninja/assets/images/1x/works-studio-2-thumb.jpg,"[""#cdc8c4"", ""#fefefe""]","{""#cdc8c4"": 0.2144, ""#fefefe"": 0.4518}",#cdc8c4,muted neutral,"grid layout, sidebar, video background, icon list, rounded buttons, form","minimal, modern, elegant",0.69
Lapa Ninja (Post),Bulletproof,https://www.lapa.ninja/post/wearebulletproof-2/,https://cdn.lapa.ninja/assets/images/1x/wearebulletproof-2-thumb.jpg,"[""#f0f0f0"", ""#010101""]","{""#f0f0f0"": 0.464, ""#010101"": 0.3604}",#f0f0f0,light muted neutral,"large typography, video background, sidebar, feature list, rounded buttons, search bar","minimal, creative, modern",0.8
Lapa Ninja (Post),DocTocToc,https://www.lapa.ninja/post/doctoctoc/,https://cdn.lapa.ninja/assets/images/1x/doctoctoc-thumb.jpg,"[""#f5f1e8"", ""#f0e4c9""]","{""#f5f1e8"": 0.457, ""#f0e4c9"": 0.393}",#f5f1e8,light bright orange,"large typography, rounded buttons, pricing cards, top navigation, grid layout, search bar","friendly, creative, modern",0.84
Lapa Ninja (Post),Eva Sánchez,https://www.lapa.ninja/post/evasanchez/,https://cdn.lapa.ninja/assets/images/1x/evasanchez-thumb.jpg,"[""#f6f5f1""]","{""#f6f5f1"": 0.7861}",#f6f5f1,light muted orange,"large typography, grid layout, rounded buttons, pricing cards, sidebar, search bar","minimal, modern, professional",0.87
Lapa Ninja (Post),Tomas Kmet,https://www.lapa.ninja/post/tomaskmet/,https://cdn.lapa.ninja/assets/images/1x/tomaskmet-thumb.jpg,"[""#1c1817"", ""#bebfb1""]","{""#1c1817"": 0.6008, ""#bebfb1"": 0.224}",#1c1817,dark muted neutral,"large typography, sidebar, avatar, centered hero, form, video background","professional, minimal, trustworthy",0.82
Lapa Ninja (Post),3200 Kelvin,https://www.lapa.ninja/post/3200kelvin/,https://cdn.lapa.ninja/assets/images/1x/3200kelvin-thumb.jpg,"[""#bc410d""]","{""#bc410d"": 0.9533}",#bc410d,bright red,"large typography, video background, two-column layout, top navigation, footer, pricing cards","minimal, cool, futuristic",0.87
Lapa Ninja (Post),Helmut Agency,https://www.lapa.ninja/post/helmutagency/,https://cdn.lapa.ninja/assets/images/1x/helmutagency-thumb.jpg,"[""#060407"", ""#fdfdfd""]","{""#060407"": 0.36, ""#fdfdfd"": 0.4424}",#060407,dark muted purple,"hero image, centered hero, rounded buttons, sidebar, avatar, form","futuristic, minimal, elegant",0.79
Lapa Ninja (Post),Atoll Digital,https://www.lapa.ninja/post/atolldigital/,https://cdn.lapa.ninja/assets/images/1x/atolldigital-thumb.jpg,"[""#e6e7e9""]","{""#e6e7e9"": 0.8663}",#e6e7e9,light muted neutral,"large typography, grid layout, pricing cards, rounded buttons, icon list, footer","modern, cool, minimal",0.83
Lapa Ninja (Post),Matre,https://www.lapa.ninja/post/matre/,https://cdn.lapa.ninja/assets/images/1x/matre-thumb.jpg,"[""#f3f0e2"", ""#d6c2ab""]","{""#f3f0e2"": 0.5235, ""#d6c2ab"": 0.1447}",#f3f0e2,light bright orange,"large typography, rounded buttons, grid layout, sidebar, top navigation, footer","minimal, luxury, modern",0.86
Lapa Ninja (Post),Infinite Machine,https://www.lapa.ninja/post/infinitemachine/,https://cdn.lapa.ninja/assets/images/1x/infinitemachine-thumb.jpg,"[""#fefefe"", ""#181c26""]","{""#fefefe"": 0.4657, ""#181c26"": 0.161}",#fefefe,light muted neutral,"grid layout, top navigation, feature list, video background, rounded buttons, footer","futuristic, modern, minimal",0.8
Lapa Ninja (Post),Rabbits Black,https://www.lapa.ninja/post/rabbitsblack/,https://cdn.lapa.ninja/assets/images/1x/rabbitsblack-thumb.jpg,"[""#231210"", ""#a690e0""]","{""#231210"": 0.3477, ""#a690e0"": 0.3264}",#231210,dark bright red,"video background, split screen, sidebar, cta button, rounded buttons, large typography","retro, futuristic, modern",0.78
Lapa Ninja (Post),Mews FM,https://www.lapa.ninja/post/mews-fm/,https://cdn.lapa.ninja/assets/images/1x/mews-fm-thumb.jpg,"[""#e4b8f4""]","{""#e4b8f4"": 0.8355}",#e4b8f4,bright purple,"sidebar, large typography, rounded buttons, video background, feature list, icon list","minimal, retro, modern",0.86
Lapa Ninja (Post),Sunny Bonnell,https://www.lapa.ninja/post/sunnybonnell/,https://cdn.lapa.ninja/assets/images/1x/sunnybonnell-thumb.jpg,"[""#cac6c7"", ""#fefefe""]","{""#cac6c7"": 0.1892, ""#fefefe"": 0.5394}",#cac6c7,muted neutral,"sidebar, split screen, search bar, video background, rounded buttons, feature list","modern, futuristic, professional",0.67
Lapa Ninja (Post),State of AI Agents,https://www.lapa.ninja/post/state-of-ai-agents/,https://cdn.lapa.ninja/assets/images/1x/state-of-ai-agents-thumb.jpg,"[""#a6a0ef"", ""#fefefe""]","{""#a6a0ef"": 0.213, ""#fefefe"": 0.5964}",#a6a0ef,bright blue,"sidebar, data table, feature list, rounded buttons, pricing cards, two-column layout","professional, futuristic, cool",0.7
Lapa Ninja (Post),Pop Site,https://www.lapa.ninja/post/pop-site/,https://cdn.lapa.ninja/assets/images/1x/pop-site-thumb.jpg,"[""#fbfcfd"", ""#141919""]","{""#fbfcfd"": 0.6922, ""#141919"": 0.1216}",#fbfcfd,light muted blue,"rounded buttons, feature list, pricing cards, search bar, sidebar, icon list","minimal, modern, futuristic",0.87
Lapa Ninja (Post),Drewl,https://www.lapa.ninja/post/drewl/,https://cdn.lapa.ninja/assets/images/1x/drewl-thumb.jpg,"[""#f4f4f5"", ""#fefefe""]","{""#f4f4f5"": 0.5609, ""#fefefe"": 0.3778}",#f4f4f5,light muted neutral,"grid layout, rounded buttons, large typography, footer, search bar, pricing cards","minimal, modern, futuristic",0.83
Lapa Ninja (Post),Clear Street,https://www.lapa.ninja/post/clearstreet/,https://cdn.lapa.ninja/assets/images/1x/clearstreet-thumb.jpg,"[""#2d21dc"", ""#1f2075""]","{""#2d21dc"": 0.6143, ""#1f2075"": 0.1462}",#2d21dc,bright blue,"grid layout, large typography, video background, rounded buttons, search bar, data table","modern, futuristic, minimal",0.87
Lapa Ninja (Post),CRI,https://www.lapa.ninja/post/cri-sf/,https://cdn.lapa.ninja/assets/images/1x/cri-sf-thumb.jpg,"[""#fa9a33"", ""#fefdfd""]","{""#fa9a33"": 0.3993, ""#fefdfd"": 0.2082}",#fa9a33,bright orange,"grid layout, feature list, sidebar, two-column layout, data table, large typography","modern, futuristic, cool",0.81
Lapa Ninja (Post),Ko-fi,https://www.lapa.ninja/post/ko-fi-3/,https://cdn.lapa.ninja/assets/images/1x/ko-fi-3-thumb.jpg,"[""#f3efe7"", ""#ebe1d6""]","{""#f3efe7"": 0.6693, ""#ebe1d6"": 0.1544}",#f3efe7,light muted orange,"rounded buttons, grid layout, pricing cards, footer, sidebar, feature list","friendly, modern, minimal",0.87
Lapa Ninja (Post),Emre Kayganaci,https://www.lapa.ninja/post/emrekayganaci-2/,https://cdn.lapa.ninja/assets/images/1x/emrekayganaci-2-thumb.jpg,"[""#f8f8f8""]","{""#f8f8f8"": 0.8723}",#f8f8f8,light muted neutral,"grid layout, rounded buttons, pricing cards, icon list, large typography, sidebar","minimal, modern, cool",0.83
Lapa Ninja (Post),Voicenotes,https://www.lapa.ninja/post/voicenotes/,https://cdn.lapa.ninja/assets/images/1x/voicenotes-thumb.jpg,"[""#f1efed"", ""#fefefe""]","{""#f1efed"": 0.2584, ""#fefefe"": 0.497}",#f1efed,light muted orange,"rounded buttons, grid layout, two-column layout, pricing cards, sidebar, footer","minimal, modern, trustworthy",0.74
Lapa Ninja (Post),Viewport,https://www.lapa.ninja/post/viewport/,https://cdn.lapa.ninja/assets/images/1x/viewport-thumb.jpg,"[""#e0f0f5"", ""#fbfdfd""]","{""#e0f0f5"": 0.2122, ""#fbfdfd"": 0.6928}",#e0f0f5,light bright teal,"grid layout, rounded buttons, search bar, footer, split screen, video background","modern, futuristic, minimal",0.73
Lapa Ninja (Post),Casa Lunara,https://www.lapa.ninja/post/casa-lunara/,https://cdn.lapa.ninja/assets/images/1x/casa-lunara-thumb.jpg,"[""#232222"", ""#585053""]","{""#232222"": 0.5246, ""#585053"": 0.1996}",#232222,dark muted neutral,"sidebar, grid layout, avatar, rounded buttons, video background, large typography","futuristic, modern, retro",0.83
Lapa Ninja (Post),Caldera,https://www.lapa.ninja/post/caldera/,https://cdn.lapa.ninja/assets/images/1x/caldera-thumb.jpg,"[""#e1e2dd"", ""#f75608""]","{""#e1e2dd"": 0.6254, ""#f75608"": 0.1745}",#e1e2dd,light muted neutral,"large typography, grid layout, chart, feature list, data table, sidebar","modern, cool, futuristic",0.83
Lapa Ninja (Post),Amie,https://www.lapa.ninja/post/amie-3/,https://cdn.lapa.ninja/assets/images/1x/amie-3-thumb.jpg,"[""#f9f9f9""]","{""#f9f9f9"": 0.9422}",#f9f9f9,light muted neutral,"rounded buttons, feature list, form, search bar, sidebar, cta button","modern, professional, minimal",0.82
Lapa Ninja (Post),Pizzatoits,https://www.lapa.ninja/post/pizzatoits/,https://cdn.lapa.ninja/assets/images/1x/pizzatoits-thumb.jpg,"[""#f2f0e4"", ""#98b3ea""]","{""#f2f0e4"": 0.6044, ""#98b3ea"": 0.1186}",#f2f0e4,light muted yellow,"sidebar, large typography, logo, pricing cards, data table, top navigation","professional, retro, trustworthy",0.86
Lapa Ninja (Post),Gamma,https://www.lapa.ninja/post/gamma-2/,https://cdn.lapa.ninja/assets/images/1x/gamma-2-thumb.jpg,"[""#bde0fa"", ""#f8fbfd""]","{""#bde0fa"": 0.2395, ""#f8fbfd"": 0.5602}",#bde0fa,light bright blue,"grid layout, rounded buttons, sidebar, pricing cards, feature list, large typography","modern, futuristic, minimal",0.74
Lapa Ninja (Post),M.Fisher,https://www.lapa.ninja/post/mfisher-3/,https://cdn.lapa.ninja/assets/images/1x/mfisher-3-thumb.jpg,"[""#f7f2eb"", ""#6b3823""]","{""#f7f2eb"": 0.4183, ""#6b3823"": 0.327}",#f7f2eb,light bright orange,"large typography, grid layout, sidebar, two-column layout, top navigation, form","minimal, modern, artistic",0.81
Lapa Ninja (Post),Yummygum,https://www.lapa.ninja/post/yummygum-3/,https://cdn.lapa.ninja/assets/images/1x/yummygum-3-thumb.jpg,"[""#1b1726"", ""#f6f5f4""]","{""#1b1726"": 0.2685, ""#f6f5f4"": 0.6459}",#1b1726,dark muted blue,"top navigation, grid layout, search bar, feature list, rounded buttons, footer","modern, minimal, futuristic",0.75
Lapa Ninja (Post),Jitter,https://www.lapa.ninja/post/jitter-2/,https://cdn.lapa.ninja/assets/images/1x/jitter-2-thumb.jpg,"[""#fefefe"", ""#ededef""]","{""#fefefe"": 0.7404, ""#ededef"": 0.1674}",#fefefe,light muted neutral,"rounded buttons, large typography, feature list, split screen, footer, search bar","modern, minimal, futuristic",0.83
Lapa Ninja (Post),Purpose Talent,https://www.lapa.ninja/post/purposetalent/,https://cdn.lapa.ninja/assets/images/1x/purposetalent-thumb.jpg,"[""#f7efe5""]","{""#f7efe5"": 0.899}",#f7efe5,light bright orange,"large typography, sidebar, pricing cards, rounded buttons, avatar, footer","professional, creative, modern",0.87
Lapa Ninja (Post),Odinaut,https://www.lapa.ninja/post/odinaut/,https://cdn.lapa.ninja/assets/images/1x/odinaut-thumb.jpg,"[""#0f0d0d"", ""#47251b""]","{""#0f0d0d"": 0.6875, ""#47251b"": 0.1362}",#0f0d0d,dark muted neutral,"sidebar, video background, rounded buttons, avatar, split screen, centered hero","futuristic, modern, minimal",0.82
Lapa Ninja (Post),Heyo,https://www.lapa.ninja/post/heyo-2/,https://cdn.lapa.ninja/assets/images/1x/heyo-2-thumb.jpg,"[""#faf9fa""]","{""#faf9fa"": 0.7819}",#faf9fa,light muted neutral,"search bar, feature list, video background, rounded buttons, sidebar, grid layout","modern, futuristic, retro",0.83
Lapa Ninja (Post),GRAPHICHUNTERS,https://www.lapa.ninja/post/graphichunters/,https://cdn.lapa.ninja/assets/images/1x/graphichunters-thumb.jpg,"[""#f0f0f0"", ""#262324""]","{""#f0f0f0"": 0.4473, ""#262324"": 0.2329}",#f0f0f0,light muted neutral,"large typography, grid layout, sidebar, split screen, video background, rounded buttons","creative, artistic, modern",0.8
Lapa Ninja (Post),BOND,https://www.lapa.ninja/post/thisisbond/,https://cdn.lapa.ninja/assets/images/1x/thisisbond-thumb.jpg,"[""#fd5c5f"", ""#050606""]","{""#fd5c5f"": 0.4127, ""#050606"": 0.2229}",#fd5c5f,bright red,"large typography, sidebar, video background, form, rounded buttons, grid layout","retro, bold, futuristic",0.82
Lapa Ninja (Post),Heynds,https://www.lapa.ninja/post/heynds/,https://cdn.lapa.ninja/assets/images/1x/heynds-thumb.jpg,"[""#fdf8f7"", ""#17111e""]","{""#fdf8f7"": 0.8259, ""#17111e"": 0.119}",#fdf8f7,light bright red,"rounded buttons, sidebar, large typography, search bar, split screen, grid layout","minimal, modern, professional",0.86
Lapa Ninja (Post),Micro,https://www.lapa.ninja/post/micro/,https://cdn.lapa.ninja/assets/images/1x/micro-thumb.jpg,"[""#0e1114"", ""#f7cdb3""]","{""#0e1114"": 0.6839, ""#f7cdb3"": 0.1636}",#0e1114,dark muted blue,"rounded buttons, grid layout, top navigation, video background, search bar, split screen","minimal, modern, futuristic",0.87
Lapa Ninja (Post),From Scratch,https://www.lapa.ninja/post/fromscratch/,https://cdn.lapa.ninja/assets/images/1x/fromscratch-thumb.jpg,"[""#e8e4db"", ""#fafbfb""]","{""#e8e4db"": 0.7501, ""#fafbfb"": 0.103}",#e8e4db,light muted orange,"grid layout, large typography, rounded buttons, pricing cards, footer, top navigation","modern, minimal, professional",0.86
Lapa Ninja (Post),Diana's Seafood,https://www.lapa.ninja/post/dianasseafood/,https://cdn.lapa.ninja/assets/images/1x/dianasseafood-thumb.jpg,"[""#fcf3df"", ""#0d3736""]","{""#fcf3df"": 0.337, ""#0d3736"": 0.2219}",#fcf3df,light bright orange,"sidebar, footer, large typography, feature list, grid layout, hero image","bold, retro, creative",0.79
Lapa Ninja (Post),Entreautre,https://www.lapa.ninja/post/entreautre/,https://cdn.lapa.ninja/assets/images/1x/entreautre-thumb.jpg,"[""#fefefe"", ""#a59a85""]","{""#fefefe"": 0.6361, ""#a59a85"": 0.1568}",#fefefe,light muted neutral,"sidebar, large typography, feature list, rounded buttons, grid layout, top navigation","modern, futuristic, calm",0.82
Lapa Ninja (Post),Oleg Coada,https://www.lapa.ninja/post/olegcoada/,https://cdn.lapa.ninja/assets/images/1x/olegcoada-thumb.jpg,"[""#000000"", ""#c4c9e8""]","{""#000000"": 0.7661, ""#c4c9e8"": 0.1235}",#000000,dark muted neutral,"feature list, data table, sidebar, grid layout, video background, large typography","futuristic, artistic, cool",0.82
Lapa Ninja (Post),Magical Toys,https://www.lapa.ninja/post/magicaltoys/,https://cdn.lapa.ninja/assets/images/1x/magicaltoys-thumb.jpg,"[""#fafafb"", ""#bab3bb""]","{""#fafafb"": 0.7857, ""#bab3bb"": 0.1142}",#fafafb,light muted neutral,"pricing cards, rounded buttons, grid layout, sidebar, feature list, split screen","modern, futuristic, cool",0.83
Lapa Ninja (Post),Sublime,https://www.lapa.ninja/post/sublime/,https://cdn.lapa.ninja/assets/images/1x/sublime-thumb.jpg,"[""#fefefe""]","{""#fefefe"": 0.8798}",#fefefe,light muted neutral,"large typography, video background, sidebar, split screen, form, avatar","creative, artistic, modern",0.83
Lapa Ninja (Post),TrueKind,https://www.lapa.ninja/post/truekindskincare/,https://cdn.lapa.ninja/assets/images/1x/truekindskincare-thumb.jpg,"[""#b0ac9f"", ""#fdfcfc""]","{""#b0ac9f"": 0.247, ""#fdfcfc"": 0.4339}",#b0ac9f,muted neutral,"rounded buttons, grid layout, avatar, pricing cards, sidebar, split screen","minimal, futuristic, modern",0.7
Lapa Ninja (Post),Cap,https://www.lapa.ninja/post/cap-2/,https://cdn.lapa.ninja/assets/images/1x/cap-2-thumb.jpg,"[""#fcfdfe""]","{""#fcfdfe"": 0.8861}",#fcfdfe,light bright blue,"search bar, grid layout, video background, sidebar, data table, split screen","minimal, modern, warm",0.87
Lapa Ninja (Post),makeover,https://www.lapa.ninja/post/makeover/,https://cdn.lapa.ninja/assets/images/1x/makeover-thumb.jpg,"[""#fcfcfc""]","{""#fcfcfc"": 0.9024}",#fcfcfc,light muted neutral,"rounded buttons, search bar, split screen, grid layout, feature list, video background","modern, futuristic, minimal",0.83
Lapa Ninja (Post),Trawelt,https://www.lapa.ninja/post/trawelt/,https://cdn.lapa.ninja/assets/images/1x/trawelt-thumb.jpg,"[""#000000"", ""#e0e6c7""]","{""#000000"": 0.8077, ""#e0e6c7"": 0.0868}",#000000,dark muted neutral,"grid layout, pricing cards, top navigation, video background, large typography, split screen","cool, luxury, trustworthy",0.82
Lapa Ninja (Post),The Playa,https://www.lapa.ninja/post/theplaya/,https://cdn.lapa.ninja/assets/images/1x/theplaya-thumb.jpg,"[""#587582"", ""#fefefe""]","{""#587582"": 0.193, ""#fefefe"": 0.5901}",#587582,muted teal,"data table, pricing cards, rounded buttons, centered hero, split screen, sidebar","professional, modern, cool",0.7
Lapa Ninja (Post),J-Vers,https://www.lapa.ninja/post/j-vers/,https://cdn.lapa.ninja/assets/images/1x/j-vers-thumb.jpg,"[""#e8e6e9"", ""#ccb8e2""]","{""#e8e6e9"": 0.4944, ""#ccb8e2"": 0.2216}",#e8e6e9,light muted neutral,"split screen, large typography, video background, rounded buttons, form, sidebar","professional, futuristic, modern",0.82
Lapa Ninja (Post),Proper Prompts,https://www.lapa.ninja/post/properprompts/,https://cdn.lapa.ninja/assets/images/1x/properprompts-thumb.jpg,"[""#ccd1d7"", ""#f9f7f5""]","{""#ccd1d7"": 0.2977, ""#f9f7f5"": 0.3832}",#ccd1d7,muted blue,"avatar, large typography, sidebar, footer, feature list, icon list","professional, creative, trustworthy",0.75
Lapa Ninja (Post),Gander,https://www.lapa.ninja/post/takeagander/,https://cdn.lapa.ninja/assets/images/1x/takeagander-thumb.jpg,"[""#fcf2eb"", ""#826925""]","{""#fcf2eb"": 0.4403, ""#826925"": 0.1741}",#fcf2eb,light bright orange,"grid layout, large typography, sidebar, rounded buttons, footer, top navigation","modern, vibrant, creative",0.83
Lapa Ninja (Post),Fishs Eddy,https://www.lapa.ninja/post/fishseddy/,https://cdn.lapa.ninja/assets/images/1x/fishseddy-thumb.jpg,"[""#423e39"", ""#d2c9bc""]","{""#423e39"": 0.2877, ""#d2c9bc"": 0.2442}",#423e39,dark muted neutral,"pricing cards, rounded buttons, grid layout, large typography, feature list, footer","luxury, minimal, creative",0.73
Lapa Ninja (Post),Matthieu Renaut,https://www.lapa.ninja/post/matthieurenaut/,https://cdn.lapa.ninja/assets/images/1x/matthieurenaut-thumb.jpg,"[""#1d1d1d"", ""#070707""]","{""#1d1d1d"": 0.446, ""#070707"": 0.3368}",#1d1d1d,dark muted neutral,"grid layout, feature list, sidebar, icon list, rounded buttons, large typography","modern, minimal, futuristic",0.81
Lapa Ninja (Post),Daybreak Studio,https://www.lapa.ninja/post/daybreak-2/,https://cdn.lapa.ninja/assets/images/1x/daybreak-2-thumb.jpg,"[""#eee6e9"", ""#fefdfd""]","{""#eee6e9"": 0.3365, ""#fefdfd"": 0.4393}",#eee6e9,light muted magenta,"grid layout, rounded buttons, sidebar, feature list, footer, large typography","modern, minimal, futuristic",0.79
Lapa Ninja (Post),Lumen Artspace,https://www.lapa.ninja/post/lumenartspace/,https://cdn.lapa.ninja/assets/images/1x/lumenartspace-thumb.jpg,"[""#040607""]","{""#040607"": 0.8312}",#040607,dark muted teal,"large typography, form, hero image, grid layout, feature list, video background","artistic, modern, retro",0.85
Lapa Ninja (Post),Cloudflare Agents,https://www.lapa.ninja/post/cloudflare-agents/,https://cdn.lapa.ninja/assets/images/1x/cloudflare-agents-thumb.jpg,"[""#fefefe""]","{""#fefefe"": 0.9}",#fefefe,light muted neutral,"rounded buttons, sidebar, two-column layout, grid layout, search bar, large typography","minimal, modern, trustworthy",0.83
Lapa Ninja (Post),REJOUICE,https://www.lapa.ninja/post/rejouice-3/,https://cdn.lapa.ninja/assets/images/1x/rejouice-3-thumb.jpg,"[""#000101"", ""#ccbcb2""]","{""#000101"": 0.5177, ""#ccbcb2"": 0.1905}",#000101,dark bright teal,"sidebar, feature list, large typography, top navigation, hero image, video background","futuristic, modern, professional",0.84
Lapa Ninja (Post),Scribe,https://www.lapa.ninja/post/scribetx/,https://cdn.lapa.ninja/assets/images/1x/scribetx-thumb.jpg,"[""#010101"", ""#fafafb""]","{""#010101"": 0.5495, ""#fafafb"": 0.3421}",#010101,dark muted neutral,"large typography, data table, grid layout, two-column layout, form, video background","modern, cool, minimal",0.83
Lapa Ninja (Post),Vapi,https://www.lapa.ninja/post/vapi/,https://cdn.lapa.ninja/assets/images/1x/vapi-thumb.jpg,"[""#0f0e13""]","{""#0f0e13"": 0.903}",#0f0e13,dark muted blue,"large typography, rounded buttons, search bar, footer, grid layout, data table","modern, futuristic, cool",0.86
Lapa Ninja (Post),Jack’s Best,https://www.lapa.ninja/post/jacksbest/,https://cdn.lapa.ninja/assets/images/1x/jacksbest-thumb.jpg,"[""#86c2d7"", ""#fbf7f0""]","{""#86c2d7"": 0.2331, ""#fbf7f0"": 0.5133}",#86c2d7,bright teal,"pricing cards, large typography, footer, grid layout, sidebar, feature list","cool, retro, minimal",0.73
Lapa Ninja (Post),TIWD,https://www.lapa.ninja/post/tiwd/,https://cdn.lapa.ninja/assets/images/1x/tiwd-thumb.jpg,"[""#10110f"", ""#fefefe""]","{""#10110f"": 0.4653, ""#fefefe"": 0.4321}",#10110f,dark muted neutral,"sidebar, pricing cards, split screen, large typography, rounded buttons, feature list","retro, cool, professional",0.81
Lapa Ninja (Post),Deta Surf,https://www.lapa.ninja/post/deta/,https://cdn.lapa.ninja/assets/images/1x/deta-thumb.jpg,"[""#f0f2f0"", ""#b5c2a3""]","{""#f0f2f0"": 0.536, ""#b5c2a3"": 0.1707}",#f0f2f0,light muted neutral,"search bar, video background, split screen, top navigation, footer, grid layout","minimal, modern, trustworthy",0.83
Lapa Ninja (Post),theprocess,https://www.lapa.ninja/post/carlhauser-2/,https://cdn.lapa.ninja/assets/images/1x/carlhauser-2-thumb.jpg,"[""#f4f4f4"", ""#e4e4e4""]","{""#f4f4f4"": 0.7274, ""#e4e4e4"": 0.1759}",#f4f4f4,light muted neutral,"grid layout, rounded buttons, top navigation, large typography, pricing cards, footer","modern, minimal, cool",0.83
Lapa Ninja (Post),Irys,https://www.lapa.ninja/post/irys/,https://cdn.lapa.ninja/assets/images/1x/irys-thumb.jpg,"[""#161b1c"", ""#294f55""]","{""#161b1c"": 0.6635, ""#294f55"": 0.1532}",#161b1c,dark muted teal,"sidebar, video background, icon list, avatar, feature list, footer","futuristic, cool, modern",0.87
Lapa Ninja (Post),La Petite Jumelle,https://www.lapa.ninja/post/lapetitejumelle/,https://cdn.lapa.ninja/assets/images/1x/lapetitejumelle-thumb.jpg,"[""#20272f"", ""#fefefe""]","{""#20272f"": 0.2598, ""#fefefe"": 0.4877}",#20272f,dark muted blue,"large typography, grid layout, sidebar, video background, top navigation, rounded buttons","professional, modern, futuristic",0.73
Lapa Ninja (Post),OFF MENU,https://www.lapa.ninja/post/offmenu-2/,https://cdn.lapa.ninja/assets/images/1x/offmenu-2-thumb.jpg,"[""#d0d3d1"", ""#f4f4f4""]","{""#d0d3d1"": 0.2355, ""#f4f4f4"": 0.5661}",#d0d3d1,muted neutral,"large typography, grid layout, form, pricing cards, rounded buttons, sidebar","modern, futuristic, minimal",0.69
Lapa Ninja (Post),Freewrite Valentine,https://www.lapa.ninja/post/getfreewrite/,https://cdn.lapa.ninja/assets/images/1x/getfreewrite-thumb.jpg,"[""#f1f1f0"", ""#e12f37""]","{""#f1f1f0"": 0.5684, ""#e12f37"": 0.2714}",#f1f1f0,light muted neutral,"large typography, rounded buttons, grid layout, sidebar, two-column layout, form","creative, modern, retro",0.83
Lapa Ninja (Post),Oliver Gareis,https://www.lapa.ninja/post/olivergareis/,https://cdn.lapa.ninja/assets/images/1x/olivergareis-thumb.jpg,"[""#e9e9e9"", ""#060505""]","{""#e9e9e9"": 0.6958, ""#060505"": 0.1133}",#e9e9e9,light muted neutral,"sidebar, grid layout, large typography, split screen, rounded buttons, two-column layout","minimal, modern, bold",0.83
Lapa Ninja (Post),Luma AI,https://www.lapa.ninja/post/lumalabs/,https://cdn.lapa.ninja/assets/images/1x/lumalabs-thumb.jpg,"[""#e8e8e8"", ""#0b0b09""]","{""#e8e8e8"": 0.6243, ""#0b0b09"": 0.1157}",#e8e8e8,light muted neutral,"large typography, sidebar, avatar, grid layout, feature list, rounded buttons","futuristic, modern, minimal",0.83
Lapa Ninja (Post),Toca Boca,https://www.lapa.ninja/post/tocaboca/,https://cdn.lapa.ninja/assets/images/1x/tocaboca-thumb.jpg,"[""#fdfcfe""]","{""#fdfcfe"": 0.8046}",#fdfcfe,light bright purple,"pricing cards, rounded buttons, sidebar, card list, feature list, large typography","modern, cool, creative",0.86
Lapa Ninja (Post),Elegant Seagulls,https://www.lapa.ninja/post/elegantseagulls-3/,https://cdn.lapa.ninja/assets/images/1x/elegantseagulls-3-thumb.jpg,"[""#fefdfe"", ""#231a1e""]","{""#fefdfe"": 0.5905, ""#231a1e"": 0.1298}",#fefdfe,light muted magenta,"grid layout, large typography, sidebar, rounded buttons, feature list, video background","creative, artistic, modern",0.87
Lapa Ninja (Post),BATCH,https://www.lapa.ninja/post/batch/,https://cdn.lapa.ninja/assets/images/1x/batch-thumb.jpg,"[""#050606"", ""#d4d5cd""]","{""#050606"": 0.4841, ""#d4d5cd"": 0.3389}",#050606,dark muted neutral,"grid layout, large typography, sidebar, video background, cta button, rounded buttons","futuristic, modern, retro",0.82
Lapa Ninja (Post),Acctual,https://www.lapa.ninja/post/acctual-2/,https://cdn.lapa.ninja/assets/images/1x/acctual-2-thumb.jpg,"[""#f4f7fa""]","{""#f4f7fa"": 0.9433}",#f4f7fa,light bright blue,"rounded buttons, grid layout, pricing cards, large typography, search bar, top navigation","minimal, cool, modern",0.87
Lapa Ninja (Post),Manuel Tocanne,https://www.lapa.ninja/post/manueltocanne/,https://cdn.lapa.ninja/assets/images/1x/manueltocanne-thumb.jpg,"[""#fefefe""]","{""#fefefe"": 0.791}",#fefefe,light muted neutral,"grid layout, sidebar, feature list, icon list, video background, rounded buttons","minimal, modern, artistic",0.83
Lapa Ninja (Post),MEK.txt,https://www.lapa.ninja/post/mek/,https://cdn.lapa.ninja/assets/images/1x/mek-thumb.jpg,"[""#030303"", ""#413b3d""]","{""#030303"": 0.4426, ""#413b3d"": 0.2075}",#030303,dark muted neutral,"grid layout, icon list, card list, video background, sidebar, feature list","retro, modern, futuristic",0.8
Lapa Ninja (Post),THE1,https://www.lapa.ninja/post/the1/,https://cdn.lapa.ninja/assets/images/1x/the1-thumb.jpg,"[""#d8d8d8"", ""#274131""]","{""#d8d8d8"": 0.6317, ""#274131"": 0.1166}",#d8d8d8,muted neutral,"large typography, grid layout, two-column layout, pricing cards, icon list, sidebar","modern, creative, minimal",0.83
Lapa Ninja (Post),Portal,https://www.lapa.ninja/post/portal/,https://cdn.lapa.ninja/assets/images/1x/portal-thumb.jpg,"[""#1f1f1f"", ""#dedede""]","{""#1f1f1f"": 0.4325, ""#dedede"": 0.3617}",#1f1f1f,dark muted neutral,"large typography, grid layout, split screen, pricing cards, form, avatar","professional, minimal, modern",0.79
Lapa Ninja (Post),Default,https://www.lapa.ninja/post/default/,https://cdn.lapa.ninja/assets/images/1x/default-thumb.jpg,"[""#f1f1f1"", ""#fefefe""]","{""#f1f1f1"": 0.49, ""#fefefe"": 0.4566}",#f1f1f1,light muted neutral,"grid layout, rounded buttons, large typography, data table, feature list, search bar","minimal, modern, professional",0.82
Lapa Ninja (Post),Obscura VPN,https://www.lapa.ninja/post/obscura/,https://cdn.lapa.ninja/assets/images/1x/obscura-thumb.jpg,"[""#dcecfb"", ""#f6f9fc""]","{""#dcecfb"": 0.8192, ""#f6f9fc"": 0.1506}",#dcecfb,light bright blue,"rounded buttons, top navigation, feature list, grid layout, sidebar, search bar","modern, minimal, cool",0.86
Lapa Ninja (Post),BLOOM.,https://www.lapa.ninja/post/bloomparis/,https://cdn.lapa.ninja/assets/images/1x/bloomparis-thumb.jpg,"[""#15161b"", ""#305835""]","{""#15161b"": 0.505, ""#305835"": 0.1735}",#15161b,dark muted blue,"video background, pricing cards, split screen, sidebar, feature list, rounded buttons","professional, creative, futuristic",0.86
Lapa Ninja (Post),Maeve Chocolate,https://www.lapa.ninja/post/maevechocolate/,https://cdn.lapa.ninja/assets/images/1x/maevechocolate-thumb.jpg,"[""#04c1b7"", ""#fcf3e9""]","{""#04c1b7"": 0.4417, ""#fcf3e9"": 0.2286}",#04c1b7,bright teal,"carousel, video background, sidebar, avatar, pricing cards, feature list","artistic, creative, retro",0.83
Lapa Ninja (Post),Cortical Labs,https://www.lapa.ninja/post/corticallabs/,https://cdn.lapa.ninja/assets/images/1x/corticallabs-thumb.jpg,"[""#3d4852"", ""#b9bab9""]","{""#3d4852"": 0.2872, ""#b9bab9"": 0.2855}",#3d4852,muted blue,"icon list, sidebar, grid layout, split screen, rounded buttons, pricing cards","modern, futuristic, cool",0.74
Lapa Ninja (Post),Crappy Presentation,https://www.lapa.ninja/post/crappypresentations/,https://cdn.lapa.ninja/assets/images/1x/crappypresentations-thumb.jpg,"[""#fc6801"", ""#fdfef4""]","{""#fc6801"": 0.457, ""#fdfef4"": 0.5016}",#fc6801,bright orange,"sidebar, rounded buttons, grid layout, large typography, pricing cards, split screen","professional, creative, modern",0.85
Lapa Ninja (Post),Edu Carrillo,https://www.lapa.ninja/post/educarrillo/,https://cdn.lapa.ninja/assets/images/1x/educarrillo-thumb.jpg,"[""#313f36"", ""#fefefd""]","{""#313f36"": 0.2144, ""#fefefd"": 0.56}",#313f36,dark muted green,"two-column layout, large typography, sidebar, hero illustration, centered hero, hero image","artistic, creative, retro",0.72
Lapa Ninja (Post),Clay,https://www.lapa.ninja/post/clay-com-2/,https://cdn.lapa.ninja/assets/images/1x/clay-com-2-thumb.jpg,"[""#1369d7"", ""#fbfbfa""]","{""#1369d7"": 0.2645, ""#fbfbfa"": 0.5619}",#1369d7,bright blue,"large typography, footer, avatar, sidebar, search bar, grid layout","minimal, modern, professional",0.73
Lapa Ninja (Post),TOBACCO Theater,https://www.lapa.ninja/post/tobaccotheater/,https://cdn.lapa.ninja/assets/images/1x/tobaccotheater-thumb.jpg,"[""#070809"", ""#debbcf""]","{""#070809"": 0.3066, ""#debbcf"": 0.2906}",#070809,dark muted blue,"sidebar, footer, video background, split screen, feature list, icon list","cool, retro, bold",0.76
Lapa Ninja (Post),Photoncycle,https://www.lapa.ninja/post/photoncycle/,https://cdn.lapa.ninja/assets/images/1x/photoncycle-thumb.jpg,"[""#ecebe9"", ""#fefefe""]","{""#ecebe9"": 0.2059, ""#fefefe"": 0.4354}",#ecebe9,light muted neutral,"grid layout, large typography, form, rounded buttons, split screen, footer","modern, minimal, cool",0.68
Lapa Ninja (Post),Eclo Beauty,https://www.lapa.ninja/post/eclobeauty/,https://cdn.lapa.ninja/assets/images/1x/eclobeauty-thumb.jpg,"[""#f4f1ef"", ""#c6b6ad""]","{""#f4f1ef"": 0.4508, ""#c6b6ad"": 0.2168}",#f4f1ef,light muted orange,"grid layout, rounded buttons, search bar, pricing cards, feature list, large typography","minimal, modern, futuristic",0.84
Lapa Ninja (Post),Tripletta,https://www.lapa.ninja/post/triplettapizza/,https://cdn.lapa.ninja/assets/images/1x/triplettapizza-thumb.jpg,"[""#fbecdd"", ""#034634""]","{""#fbecdd"": 0.511, ""#034634"": 0.2387}",#fbecdd,light bright orange,"grid layout, sidebar, video background, top navigation, feature list, logo","retro, trustworthy, luxury",0.87
Lapa Ninja (Post),ERLY,https://www.lapa.ninja/post/itserly/,https://cdn.lapa.ninja/assets/images/1x/itserly-thumb.jpg,"[""#d3bbaf"", ""#faf9f7""]","{""#d3bbaf"": 0.2254, ""#faf9f7"": 0.3159}",#d3bbaf,muted red,"grid layout, sidebar, large typography, rounded buttons, single column, two-column layout","futuristic, vibrant, modern",0.72
Lapa Ninja (Post),Paper Design,https://www.lapa.ninja/post/paper-design/,https://cdn.lapa.ninja/assets/images/1x/paper-design-thumb.jpg,"[""#ecece3"", ""#fbfbf7""]","{""#ecece3"": 0.201, ""#fbfbf7"": 0.6586}",#ecece3,light muted yellow,"large typography, grid layout, rounded buttons, icon list, feature list, split screen","minimal, modern, creative",0.71
Lapa Ninja (Post),McALPINE,https://www.lapa.ninja/post/mcalpinehouse/,https://cdn.lapa.ninja/assets/images/1x/mcalpinehouse-thumb.jpg,"[""#a7a39f"", ""#fefefe""]","{""#a7a39f"": 0.2013, ""#fefefe"": 0.5326}",#a7a39f,muted neutral,"large typography, video background, sidebar, rounded buttons, pricing cards, grid layout","minimal, modern, calm",0.68
Lapa Ninja (Post),Making Software,https://www.lapa.ninja/post/makingsoftware/,https://cdn.lapa.ninja/assets/images/1x/makingsoftware-thumb.jpg,"[""#fafafb""]","{""#fafafb"": 0.9266}",#fafafb,light muted neutral,"large typography, grid layout, data table, rounded buttons, footer, two-column layout","minimal, modern, futuristic",0.84
Lapa Ninja (Post),The Banshies,https://www.lapa.ninja/post/thebanshies/,https://cdn.lapa.ninja/assets/images/1x/thebanshies-thumb.jpg,"[""#d8d4cd"", ""#212a20""]","{""#d8d4cd"": 0.5098, ""#212a20"": 0.1566}",#d8d4cd,muted orange,"large typography, grid layout, video background, sidebar, split screen, feature list","modern, bold, cool",0.86
Lapa Ninja (Post),Rocco Barbaro,https://www.lapa.ninja/post/roccobarbaro/,https://cdn.lapa.ninja/assets/images/1x/roccobarbaro-thumb.jpg,"[""#aec2b0"", ""#7e8c7f""]","{""#aec2b0"": 0.4087, ""#7e8c7f"": 0.3207}",#aec2b0,muted green,"large typography, grid layout, pricing cards, icon list, sidebar, card list","retro, cool, modern",0.82
Lapa Ninja (Post),Zenwood,https://www.lapa.ninja/post/zenwood/,https://cdn.lapa.ninja/assets/images/1x/zenwood-thumb.jpg,"[""#70b6e9"", ""#f1f3f3""]","{""#70b6e9"": 0.7879, ""#f1f3f3"": 0.1271}",#70b6e9,bright blue,"rounded buttons, grid layout, pricing cards, top navigation, large typography, footer","minimal, modern, creative",0.86
Lapa Ninja (Post),Mees Verberne,https://www.lapa.ninja/post/meesverberne/,https://cdn.lapa.ninja/assets/images/1x/meesverberne-thumb.jpg,"[""#d4c4aa"", ""#1f2d4b""]","{""#d4c4aa"": 0.6056, ""#1f2d4b"": 0.158}",#d4c4aa,muted orange,"sidebar, grid layout, video background, large typography, form, feature list","retro, modern, artistic",0.87
Lapa Ninja (Post),Color Monkey,https://www.lapa.ninja/post/color-monkey/,https://cdn.lapa.ninja/assets/images/1x/color-monkey-thumb.jpg,"[""#1c1919"", ""#cbd2d1""]","{""#1c1919"": 0.6103, ""#cbd2d1"": 0.198}",#1c1919,dark muted neutral,"rounded buttons, video background, pricing cards, grid layout, large typography, search bar","modern, minimal, cool",0.82
Lapa Ninja (Post),Flipside,https://www.lapa.ninja/post/flipsidecrypto/,https://cdn.lapa.ninja/assets/images/1x/flipsidecrypto-thumb.jpg,"[""#121212"", ""#f4f4f4""]","{""#121212"": 0.3873, ""#f4f4f4"": 0.4817}",#121212,dark muted neutral,"large typography, grid layout, video background, form, rounded buttons, split screen","minimal, modern, futuristic",0.78
Lapa Ninja (Post),Sania Saleh,https://www.lapa.ninja/post/sania/,https://cdn.lapa.ninja/assets/images/1x/sania-thumb.jpg,"[""#b1c4c2"", ""#f7f6f6""]","{""#b1c4c2"": 0.328, ""#f7f6f6"": 0.5071}",#b1c4c2,muted teal,"grid layout, large typography, sidebar, icon list, rounded buttons, avatar","modern, minimal, futuristic",0.78
Lapa Ninja (Post),Starhaven,https://www.lapa.ninja/post/starhaven/,https://cdn.lapa.ninja/assets/images/1x/starhaven-thumb.jpg,"[""#100e0f"", ""#271b1e""]","{""#100e0f"": 0.5882, ""#271b1e"": 0.2859}",#100e0f,dark muted neutral,"sidebar, split screen, video background, large typography, avatar, top navigation","futuristic, elegant, artistic",0.83
Lapa Ninja (Post),Few and Far,https://www.lapa.ninja/post/fewandfar/,https://cdn.lapa.ninja/assets/images/1x/fewandfar-thumb.jpg,"[""#010101"", ""#f1edea""]","{""#010101"": 0.5456, ""#f1edea"": 0.221}",#010101,dark muted neutral,"grid layout, large typography, rounded buttons, footer, pricing cards, search bar","minimal, modern, professional",0.83
Lapa Ninja (Post),Paul Macgregor,https://www.lapa.ninja/post/works/,https://cdn.lapa.ninja/assets/images/1x/works-thumb.jpg,"[""#fe3300"", ""#f7f7f9""]","{""#fe3300"": 0.2297, ""#f7f7f9"": 0.6048}",#fe3300,bright red,"rounded buttons, search bar, cta button, footer, sidebar, icon list","minimal, modern, professional",0.74
Lapa Ninja (Post),Background Noise,https://www.lapa.ninja/post/backgroundnoise/,https://cdn.lapa.ninja/assets/images/1x/backgroundnoise-thumb.jpg,"[""#272137"", ""#f4f4f4""]","{""#272137"": 0.667, ""#f4f4f4"": 0.1189}",#272137,dark muted blue,"grid layout, sidebar, large typography, pricing cards, video background, feature list","futuristic, professional, modern",0.85
Lapa Ninja (Post),Off-Menu,https://www.lapa.ninja/post/off-menu-2/,https://cdn.lapa.ninja/assets/images/1x/off-menu-2-thumb.jpg,"[""#f3f0ea"", ""#414a9d""]","{""#f3f0ea"": 0.5304, ""#414a9d"": 0.3483}",#f3f0ea,light muted orange,"sidebar, pricing cards, large typography, video background, hero image, icon list","serious, trustworthy, bold",0.85
Lapa Ninja (Post),Willy Brauner,https://www.lapa.ninja/post/willybrauner/,https://cdn.lapa.ninja/assets/images/1x/willybrauner-thumb.jpg,"[""#f2f2f2""]","{""#f2f2f2"": 0.9509}",#f2f2f2,light muted neutral,"large typography, grid layout, data table, icon list, feature list, pricing cards","minimal, cool, modern",0.83
Lapa Ninja (Post),Telepathic Instruments,https://www.lapa.ninja/post/telepathicinstruments/,https://cdn.lapa.ninja/assets/images/1x/telepathicinstruments-thumb.jpg,"[""#df5c35"", ""#a49a8b""]","{""#df5c35"": 0.3503, ""#a49a8b"": 0.2333}",#df5c35,bright red,"rounded buttons, sidebar, grid layout, large typography, two-column layout, search bar","friendly, retro, modern",0.79
Lapa Ninja (Post),Family Style,https://www.lapa.ninja/post/wearefamilystyle-2/,https://cdn.lapa.ninja/assets/images/1x/wearefamilystyle-2-thumb.jpg,"[""#060904"", ""#fefefe""]","{""#060904"": 0.3221, ""#fefefe"": 0.5273}",#060904,dark bright green,"large typography, footer, pricing cards, logo, sidebar, video background","creative, cool, luxury",0.77
Lapa Ninja (Post),Rendezvous Barbers,https://www.lapa.ninja/post/myrendezvous/,https://cdn.lapa.ninja/assets/images/1x/myrendezvous-thumb.jpg,"[""#fe612c"", ""#070301""]","{""#fe612c"": 0.716, ""#070301"": 0.1987}",#fe612c,bright red,"large typography, two-column layout, sidebar, rounded buttons, split screen, grid layout","modern, retro, futuristic",0.87
Lapa Ninja (Post),Founders Future,https://www.lapa.ninja/post/foundersfuture/,https://cdn.lapa.ninja/assets/images/1x/foundersfuture-thumb.jpg,"[""#c2d6d5"", ""#a4bdbd""]","{""#c2d6d5"": 0.6477, ""#a4bdbd"": 0.235}",#c2d6d5,muted teal,"large typography, footer, rounded buttons, form, top navigation, sidebar","modern, futuristic, creative",0.86
Lapa Ninja (Post),PAISANA,https://www.lapa.ninja/post/paisana/,https://cdn.lapa.ninja/assets/images/1x/paisana-thumb.jpg,"[""#1e1e16"", ""#fefefe""]","{""#1e1e16"": 0.2789, ""#fefefe"": 0.4291}",#1e1e16,dark muted yellow,"rounded buttons, grid layout, sidebar, large typography, split screen, icon list","modern, minimal, trustworthy",0.76
Lapa Ninja (Post),Katrine Pil,https://www.lapa.ninja/post/katrinepil/,https://cdn.lapa.ninja/assets/images/1x/katrinepil-thumb.jpg,"[""#121316"", ""#383a31""]","{""#121316"": 0.6506, ""#383a31"": 0.1627}",#121316,dark muted neutral,"video background, split screen, large typography, sidebar, rounded buttons, search bar","professional, futuristic, modern",0.83
Lapa Ninja (Post),Ocean,https://www.lapa.ninja/post/oceanldn/,https://cdn.lapa.ninja/assets/images/1x/oceanldn-thumb.jpg,"[""#010101"", ""#b1a79f""]","{""#010101"": 0.6271, ""#b1a79f"": 0.1042}",#010101,dark muted neutral,"icon list, large typography, grid layout, sidebar, video background, avatar","modern, minimal, futuristic",0.83
Lapa Ninja (Post),Yellow Fellow,https://www.lapa.ninja/post/yellowfellow/,https://cdn.lapa.ninja/assets/images/1x/yellowfellow-thumb.jpg,"[""#f4fae1"", ""#dfe309""]","{""#f4fae1"": 0.7767, ""#dfe309"": 0.0945}",#f4fae1,light bright yellow,"sidebar, hero image, top navigation, footer, form, large typography","cool, modern, futuristic",0.88
Lapa Ninja (Post),David Ukauwa,https://www.lapa.ninja/post/commissioner/,https://cdn.lapa.ninja/assets/images/1x/commissioner-thumb.jpg,"[""#eee7dd"", ""#b9b3ae""]","{""#eee7dd"": 0.7353, ""#b9b3ae"": 0.095}",#eee7dd,light muted orange,"grid layout, top navigation, sidebar, video background, icon list, large typography","modern, retro, futuristic",0.85
Lapa Ninja (Post),ID—C,https://www.lapa.ninja/post/id-c/,https://cdn.lapa.ninja/assets/images/1x/id-c-thumb.jpg,"[""#e7e7e8"", ""#fefefe""]","{""#e7e7e8"": 0.3102, ""#fefefe"": 0.344}",#e7e7e8,light muted neutral,"large typography, grid layout, sidebar, avatar, icon list, rounded buttons","modern, futuristic, creative",0.74
Lapa Ninja (Post),Raad,https://www.lapa.ninja/post/raad/,https://cdn.lapa.ninja/assets/images/1x/raad-thumb.jpg,"[""#fcfaf1"", ""#9fa3a6""]","{""#fcfaf1"": 0.5946, ""#9fa3a6"": 0.1463}",#fcfaf1,light bright orange,"large typography, top navigation, grid layout, sidebar, data table, split screen","modern, minimal, professional",0.88
Lapa Ninja (Post),People Made Machines,https://www.lapa.ninja/post/peoplemademachines/,https://cdn.lapa.ninja/assets/images/1x/peoplemademachines-thumb.jpg,"[""#ebebe3"", ""#252526""]","{""#ebebe3"": 0.461, ""#252526"": 0.3802}",#ebebe3,light muted yellow,"sidebar, video background, split screen, hero image, avatar, large typography","creative, futuristic, minimal",0.84
Lapa Ninja (Post),Lil Frog,https://www.lapa.ninja/post/lilfrogeth/,https://cdn.lapa.ninja/assets/images/1x/lilfrogeth-thumb.jpg,"[""#090909"", ""#eff095""]","{""#090909"": 0.3507, ""#eff095"": 0.2428}",#090909,dark muted neutral,"video background, sidebar, footer, hero image, centered hero, split screen","futuristic, retro, artistic",0.75
Lapa Ninja (Post),exactly.ai,https://www.lapa.ninja/post/exactly-ai/,https://cdn.lapa.ninja/assets/images/1x/exactly-ai-thumb.jpg,"[""#f7f7f7""]","{""#f7f7f7"": 0.8252}",#f7f7f7,light muted neutral,"feature list, grid layout, icon list, rounded buttons, large typography, sidebar","minimal, modern, artistic",0.82
Lapa Ninja (Post),Pasha Ink,https://www.lapa.ninja/post/pashaink/,https://cdn.lapa.ninja/assets/images/1x/pashaink-thumb.jpg,"[""#efefef"", ""#0d0b12""]","{""#efefef"": 0.4219, ""#0d0b12"": 0.2955}",#efefef,light muted neutral,"grid layout, large typography, video background, sidebar, split screen, hero image","modern, futuristic, vibrant",0.79
Lapa Ninja (Post),Alpine Bio,https://www.lapa.ninja/post/alpbio/,https://cdn.lapa.ninja/assets/images/1x/alpbio-thumb.jpg,"[""#a6dade"", ""#dcd8d0""]","{""#a6dade"": 0.2346, ""#dcd8d0"": 0.2247}",#a6dade,bright teal,"video background, large typography, sidebar, carousel, grid layout, split screen","modern, creative, futuristic",0.73
Lapa Ninja (Post),Plaid,https://www.lapa.ninja/post/plaid-2/,https://cdn.lapa.ninja/assets/images/1x/plaid-2-thumb.jpg,"[""#0e746b"", ""#196e98""]","{""#0e746b"": 0.4465, ""#196e98"": 0.2451}",#0e746b,bright teal,"rounded buttons, sidebar, pricing cards, grid layout, video background, feature list","minimal, modern, friendly",0.84
Lapa Ninja (Post),By Matthew,https://www.lapa.ninja/post/bymatthew/,https://cdn.lapa.ninja/assets/images/1x/bymatthew-thumb.jpg,"[""#fdfdfd"", ""#1e2409""]","{""#fdfdfd"": 0.5116, ""#1e2409"": 0.1521}",#fdfdfd,light muted neutral,"large typography, rounded buttons, grid layout, video background, sidebar, pricing cards","professional, bold, modern",0.82
Lapa Ninja (Post),Rerun,https://www.lapa.ninja/post/rerun/,https://cdn.lapa.ninja/assets/images/1x/rerun-thumb.jpg,"[""#101010""]","{""#101010"": 0.9172}",#101010,dark muted neutral,"grid layout, search bar, video background, feature list, icon list, top navigation","minimal, modern, futuristic",0.83
Lapa Ninja (Post),Theseus,https://www.lapa.ninja/post/theseus/,https://cdn.lapa.ninja/assets/images/1x/theseus-thumb.jpg,"[""#bcc1bf"", ""#212121""]","{""#bcc1bf"": 0.3129, ""#212121"": 0.263}",#bcc1bf,muted neutral,"data table, large typography, video background, rounded buttons, form, pricing cards","futuristic, modern, professional",0.72
Lapa Ninja (Post),Incention,https://www.lapa.ninja/post/incention/,https://cdn.lapa.ninja/assets/images/1x/incention-thumb.jpg,"[""#fcfef3"", ""#0d0d11""]","{""#fcfef3"": 0.7139, ""#0d0d11"": 0.1477}",#fcfef3,light bright yellow,"sidebar, large typography, rounded buttons, grid layout, feature list, video background","futuristic, modern, retro",0.86
Lapa Ninja (Post),Yolo,https://www.lapa.ninja/post/yolo/,https://cdn.lapa.ninja/assets/images/1x/yolo-thumb.jpg,"[""#2b41f8"", ""#fefefe""]","{""#2b41f8"": 0.3332, ""#fefefe"": 0.422}",#2b41f8,bright blue,"rounded buttons, pricing cards, avatar, split screen, grid layout, sidebar","modern, cool, professional",0.79
Lapa Ninja (Post),Ridiculous Design,https://www.lapa.ninja/post/ridiculous/,https://cdn.lapa.ninja/assets/images/1x/ridiculous-thumb.jpg,"[""#f5f5f5"", ""#92b6a1""]","{""#f5f5f5"": 0.7417, ""#92b6a1"": 0.093}",#f5f5f5,light muted neutral,"rounded buttons, sidebar, footer, large typography, search bar, top navigation","minimal, modern, cool",0.83
Lapa Ninja (Post),Vibrant,https://www.lapa.ninja/post/vibrantpractice/,https://cdn.lapa.ninja/assets/images/1x/vibrantpractice-thumb.jpg,"[""#f6f5ef"", ""#e6832d""]","{""#f6f5ef"": 0.4101, ""#e6832d"": 0.1928}",#f6f5ef,light muted yellow,"rounded buttons, pricing cards, search bar, split screen, large typography, grid layout","modern, cool, minimal",0.81
Lapa Ninja (Post),Framer Studio,https://www.lapa.ninja/post/framer-studio/,https://cdn.lapa.ninja/assets/images/1x/framer-studio-thumb.jpg,"[""#020206""]","{""#020206"": 0.791}",#020206,dark bright blue,"grid layout, icon list, sidebar, feature list, rounded buttons, large typography","modern, futuristic, minimal",0.86
Lapa Ninja (Post),Sato Eyewear,https://www.lapa.ninja/post/sato-eyewear/,https://cdn.lapa.ninja/assets/images/1x/sato-eyewear-thumb.jpg,"[""#832119"", ""#fbfbfb""]","{""#832119"": 0.2151, ""#fbfbfb"": 0.5169}",#832119,bright red,"rounded buttons, video background, avatar, split screen, sidebar, search bar","retro, futuristic, minimal",0.72
Lapa Ninja (Post),Literary Sport,https://www.lapa.ninja/post/literarysport/,https://cdn.lapa.ninja/assets/images/1x/literarysport-thumb.jpg,"[""#dadbdb"", ""#f7f8f7""]","{""#dadbdb"": 0.2729, ""#f7f8f7"": 0.3638}",#dadbdb,light muted neutral,"grid layout, rounded buttons, feature list, large typography, search bar, footer","minimal, modern, luxury",0.71
Lapa Ninja (Post),Basedash,https://www.lapa.ninja/post/basedash/,https://cdn.lapa.ninja/assets/images/1x/basedash-thumb.jpg,"[""#030303"", ""#121212""]","{""#030303"": 0.839, ""#121212"": 0.1298}",#030303,dark muted neutral,"data table, large typography, chart, top navigation, search bar, footer","minimal, futuristic, modern",0.82
Lapa Ninja (Post),Henri Heymans,https://www.lapa.ninja/post/henriheymans-2/,https://cdn.lapa.ninja/assets/images/1x/henriheymans-2-thumb.jpg,"[""#fefefe"", ""#050e09""]","{""#fefefe"": 0.7411, ""#050e09"": 0.1237}",#fefefe,light muted neutral,"sidebar, large typography, hero image, icon list, split screen, feature list","modern, serious, cool",0.82
Lapa Ninja (Post),Emmpo,https://www.lapa.ninja/post/emmpo/,https://cdn.lapa.ninja/assets/images/1x/emmpo-thumb.jpg,"[""#f7f3eb"", ""#bdafb2""]","{""#f7f3eb"": 0.423, ""#bdafb2"": 0.3033}",#f7f3eb,light bright orange,"sidebar, large typography, form, split screen, avatar, grid layout","professional, modern, bold",0.82
Lapa Ninja (Post),Tana,https://www.lapa.ninja/post/tana-2/,https://cdn.lapa.ninja/assets/images/1x/tana-2-thumb.jpg,"[""#d9efa1"", ""#f5f5f6""]","{""#d9efa1"": 0.2006, ""#f5f5f6"": 0.6373}",#d9efa1,bright yellow,"rounded buttons, grid layout, pricing cards, large typography, footer, feature list","modern, minimal, futuristic",0.71
Lapa Ninja (Post),Johanna Arrieta,https://www.lapa.ninja/post/johannadarrieta/,https://cdn.lapa.ninja/assets/images/1x/johannadarrieta-thumb.jpg,"[""#fefefe""]","{""#fefefe"": 0.8263}",#fefefe,light muted neutral,"footer, rounded buttons, large typography, grid layout, video background, sidebar","minimal, modern, friendly",0.83
Lapa Ninja (Post),Hardik Bhansali,https://www.lapa.ninja/post/hardikbhansali/,https://cdn.lapa.ninja/assets/images/1x/hardikbhansali-thumb.jpg,"[""#060101"", ""#400203""]","{""#060101"": 0.6222, ""#400203"": 0.1504}",#060101,dark bright red,"large typography, sidebar, split screen, grid layout, hero image, video background","minimal, bold, futuristic",0.88
Lapa Ninja (Post),Craft 3,https://www.lapa.ninja/post/craft-do-3/,https://cdn.lapa.ninja/assets/images/1x/craft-do-3-thumb.jpg,"[""#e5e2db"", ""#acadad""]","{""#e5e2db"": 0.7089, ""#acadad"": 0.1232}",#e5e2db,light muted orange,"rounded buttons, grid layout, data table, top navigation, pricing cards, sidebar","minimal, modern, professional",0.86
Lapa Ninja (Post),Daisy AI,https://www.lapa.ninja/post/hidaisy/,https://cdn.lapa.ninja/assets/images/1x/hidaisy-thumb.jpg,"[""#f5f4f2""]","{""#f5f4f2"": 0.7916}",#f5f4f2,light muted orange,"grid layout, pricing cards, sidebar, rounded buttons, large typography, icon list","modern, artistic, minimal",0.86
Lapa Ninja (Post),Orchestra,https://www.lapa.ninja/post/orchestraco/,https://cdn.lapa.ninja/assets/images/1x/orchestraco-thumb.jpg,"[""#24310a"", ""#f0f1ee""]","{""#24310a"": 0.814, ""#f0f1ee"": 0.1233}",#24310a,dark bright green,"icon list, video background, large typography, grid layout, rounded buttons, sidebar","modern, minimal, professional",0.87
Lapa Ninja (Post),Equals,https://www.lapa.ninja/post/equals-3/,https://cdn.lapa.ninja/assets/images/1x/equals-3-thumb.jpg,"[""#f3f3f3""]","{""#f3f3f3"": 0.8681}",#f3f3f3,light muted neutral,"grid layout, data table, large typography, pricing cards, search bar, rounded buttons","modern, minimal, futuristic",0.83
Lapa Ninja (Post),Check,https://www.lapa.ninja/post/wearecheck/,https://cdn.lapa.ninja/assets/images/1x/wearecheck-thumb.jpg,"[""#ebf0f0"", ""#fefefe""]","{""#ebf0f0"": 0.2558, ""#fefefe"": 0.5648}",#ebf0f0,light muted teal,"large typography, grid layout, sidebar, avatar, video background, pricing cards","futuristic, modern, artistic",0.74
Lapa Ninja (Post),Tailwind CSS v4.0,https://www.lapa.ninja/post/tailwindcss-2/,https://cdn.lapa.ninja/assets/images/1x/tailwindcss-2-thumb.jpg,"[""#030712"", ""#171b25""]","{""#030712"": 0.78, ""#171b25"": 0.1431}",#030712,dark bright blue,"grid layout, feature list, split screen, search bar, sidebar, footer","modern, minimal, futuristic",0.87
Lapa Ninja (Post),OrdinaryFolks,https://www.lapa.ninja/post/weareordinaryfolks/,https://cdn.lapa.ninja/assets/images/1x/weareordinaryfolks-thumb.jpg,"[""#fe6403"", ""#fb98d8""]","{""#fe6403"": 0.5049, ""#fb98d8"": 0.2993}",#fe6403,bright orange,"sidebar, video background, search bar, large typography, rounded buttons, icon list","minimal, bold, modern",0.88
Lapa Ninja (Post),Hedge,https://www.lapa.ninja/post/hedge/,https://cdn.lapa.ninja/assets/images/1x/hedge-thumb.jpg,"[""#131411"", ""#17251d""]","{""#131411"": 0.4556, ""#17251d"": 0.407}",#131411,dark muted neutral,"grid layout, rounded buttons, footer, split screen, feature list, video background","minimal, modern, futuristic",0.81
Lapa Ninja (Post),Ghost,https://www.lapa.ninja/post/ghst/,https://cdn.lapa.ninja/assets/images/1x/ghst-thumb.jpg,"[""#050505"", ""#fcfcfc""]","{""#050505"": 0.4123, ""#fcfcfc"": 0.2819}",#050505,dark muted neutral,"rounded buttons, large typography, avatar, pricing cards, split screen, sidebar","minimal, futuristic, modern",0.79
Lapa Ninja (Post),Sons & Daughters,https://www.lapa.ninja/post/sonsanddaughters/,https://cdn.lapa.ninja/assets/images/1x/sonsanddaughters-thumb.jpg,"[""#ece6da"", ""#c5c1ba""]","{""#ece6da"": 0.517, ""#c5c1ba"": 0.2055}",#ece6da,light muted orange,"grid layout, large typography, sidebar, split screen, search bar, video background","minimal, modern, retro",0.86
Lapa Ninja (Post),Jasper,https://www.lapa.ninja/post/jasper/,https://cdn.lapa.ninja/assets/images/1x/jasper-thumb.jpg,"[""#fefdfd"", ""#f4d9c2""]","{""#fefdfd"": 0.6097, ""#f4d9c2"": 0.163}",#fefdfd,light muted red,"rounded buttons, pricing cards, sidebar, grid layout, large typography, feature list","minimal, modern, professional",0.85
Lapa Ninja (Post),Magma,https://www.lapa.ninja/post/magmamusicagency/,https://cdn.lapa.ninja/assets/images/1x/magmamusicagency-thumb.jpg,"[""#030302"", ""#2b2310""]","{""#030302"": 0.4247, ""#2b2310"": 0.2363}",#030302,dark muted yellow,"split screen, video background, search bar, large typography, sidebar, avatar","modern, trustworthy, creative",0.83
Lapa Ninja (Post),Halo,https://www.lapa.ninja/post/halodental/,https://cdn.lapa.ninja/assets/images/1x/halodental-thumb.jpg,"[""#f4f0ed"", ""#070707""]","{""#f4f0ed"": 0.457, ""#070707"": 0.3288}",#f4f0ed,light muted orange,"large typography, rounded buttons, sidebar, hero image, centered hero, split screen","futuristic, minimal, bold",0.85
Lapa Ninja (Post),HOLIDAYS,https://www.lapa.ninja/post/holidays/,https://cdn.lapa.ninja/assets/images/1x/holidays-thumb.jpg,"[""#0c1011"", ""#292830""]","{""#0c1011"": 0.3999, ""#292830"": 0.2478}",#0c1011,dark muted teal,"video background, grid layout, sidebar, feature list, rounded buttons, hero image","minimal, modern, cool",0.81
Lapa Ninja (Post),Function Health,https://www.lapa.ninja/post/functionhealth/,https://cdn.lapa.ninja/assets/images/1x/functionhealth-thumb.jpg,"[""#fcf8ee"", ""#8d7d73""]","{""#fcf8ee"": 0.6581, ""#8d7d73"": 0.0998}",#fcf8ee,light bright orange,"large typography, grid layout, sidebar, pricing cards, avatar, rounded buttons","modern, futuristic, trustworthy",0.86
Lapa Ninja (Post),Walbi,https://www.lapa.ninja/post/walbi/,https://cdn.lapa.ninja/assets/images/1x/walbi-thumb.jpg,"[""#050505"", ""#0d0d0d""]","{""#050505"": 0.5551, ""#0d0d0d"": 0.3586}",#050505,dark muted neutral,"video background, sidebar, rounded buttons, data table, grid layout, icon list","modern, futuristic, minimal",0.82
Lapa Ninja (Post),Osmo Supply,https://www.lapa.ninja/post/osmo-supply/,https://cdn.lapa.ninja/assets/images/1x/osmo-supply-thumb.jpg,"[""#020202"", ""#e3dfdf""]","{""#020202"": 0.8037, ""#e3dfdf"": 0.091}",#020202,dark muted neutral,"grid layout, large typography, rounded buttons, footer, search bar, feature list","modern, minimal, futuristic",0.83
Lapa Ninja (Post),BLUEMARBLE,https://www.lapa.ninja/post/bluemarbleparis/,https://cdn.lapa.ninja/assets/images/1x/bluemarbleparis-thumb.jpg,"[""#eeebe3"", ""#846e52""]","{""#eeebe3"": 0.3144, ""#846e52"": 0.2546}",#eeebe3,light muted orange,"rounded buttons, grid layout, feature list, icon list, sidebar, search bar","warm, modern, minimal",0.76
Lapa Ninja (Post),Mercredi Studio,https://www.lapa.ninja/post/mercredistudio/,https://cdn.lapa.ninja/assets/images/1x/mercredistudio-thumb.jpg,"[""#eef1e9"", ""#b9bbb6""]","{""#eef1e9"": 0.5028, ""#b9bbb6"": 0.2426}",#eef1e9,light muted green,"pricing cards, grid layout, video background, sidebar, feature list, avatar","professional, modern, creative",0.87
Lapa Ninja (Post),Rootly,https://www.lapa.ninja/post/rootly/,https://cdn.lapa.ninja/assets/images/1x/rootly-thumb.jpg,"[""#d7c7cb"", ""#fcfcfd""]","{""#d7c7cb"": 0.2156, ""#fcfcfd"": 0.5456}",#d7c7cb,muted red,"rounded buttons, search bar, sidebar, footer, feature list, top navigation","modern, minimal, calm",0.71
Lapa Ninja (Post),Polène,https://www.lapa.ninja/post/polene/,https://cdn.lapa.ninja/assets/images/1x/polene-thumb.jpg,"[""#555850"", ""#fefefe""]","{""#555850"": 0.2308, ""#fefefe"": 0.2305}",#555850,muted neutral,"rounded buttons, sidebar, video background, grid layout, pricing cards, feature list","minimal, luxury, bold",0.69
Lapa Ninja (Post),Airborne,https://www.lapa.ninja/post/airborne/,https://cdn.lapa.ninja/assets/images/1x/airborne-thumb.jpg,"[""#000000"", ""#f9f2e5""]","{""#000000"": 0.6249, ""#f9f2e5"": 0.2743}",#000000,dark muted neutral,"large typography, grid layout, sidebar, avatar, rounded buttons, data table","cool, futuristic, modern",0.83
Lapa Ninja (Post),VWLAB,https://www.lapa.ninja/post/vwlab/,https://cdn.lapa.ninja/assets/images/1x/vwlab-thumb.jpg,"[""#f5ebdf"", ""#fefefe""]","{""#f5ebdf"": 0.3303, ""#fefefe"": 0.5123}",#f5ebdf,light bright orange,"rounded buttons, pricing cards, sidebar, video background, grid layout, split screen","minimal, modern, professional",0.78
Lapa Ninja (Post),Cyd Stumpel,https://www.lapa.ninja/post/cydstumpel/,https://cdn.lapa.ninja/assets/images/1x/cydstumpel-thumb.jpg,"[""#fef3ed""]","{""#fef3ed"": 0.8463}",#fef3ed,light bright orange,"feature list, sidebar, icon list, grid layout, footer, large typography","creative, modern, retro",0.86
Lapa Ninja (Post),Modem,https://www.lapa.ninja/post/modemworks/,https://cdn.lapa.ninja/assets/images/1x/modemworks-thumb.jpg,"[""#0c0d07"", ""#fdfbf4""]","{""#0c0d07"": 0.2289, ""#fdfbf4"": 0.4196}",#0c0d07,dark muted yellow,"rounded buttons, grid layout, cta button, sidebar, footer, top navigation","modern, futuristic, minimal",0.74
Lapa Ninja (Post),brand.ai,https://www.lapa.ninja/post/brand-ai/,https://cdn.lapa.ninja/assets/images/1x/brand-ai-thumb.jpg,"[""#f5f4f0""]","{""#f5f4f0"": 0.82}",#f5f4f0,light muted orange,"large typography, grid layout, rounded buttons, pricing cards, search bar, sidebar","modern, minimal, futuristic",0.87
Lapa Ninja (Post),Popcorn,https://www.lapa.ninja/post/popcorn/,https://cdn.lapa.ninja/assets/images/1x/popcorn-thumb.jpg,"[""#f7f7f7"", ""#e7eaec""]","{""#f7f7f7"": 0.8635, ""#e7eaec"": 0.0952}",#f7f7f7,light muted neutral,"rounded buttons, search bar, footer, pricing cards, grid layout, sidebar","minimal, modern, cool",0.83
Lapa Ninja (Post),Bee Computer,https://www.lapa.ninja/post/bee-computer/,https://cdn.lapa.ninja/assets/images/1x/bee-computer-thumb.jpg,"[""#e9e2e8"", ""#fdd902""]","{""#e9e2e8"": 0.2428, ""#fdd902"": 0.2405}",#e9e2e8,light muted magenta,"rounded buttons, search bar, sidebar, avatar, feature list, data table","futuristic, modern, cool",0.73
Lapa Ninja (Post),Henry Desroches,https://www.lapa.ninja/post/henry-codes-2/,https://cdn.lapa.ninja/assets/images/1x/henry-codes-2-thumb.jpg,"[""#2a2722"", ""#f9f9f8""]","{""#2a2722"": 0.3971, ""#f9f9f8"": 0.5302}",#2a2722,dark muted neutral,"sidebar, large typography, icon list, search bar, two-column layout, feature list","minimal, modern, trustworthy",0.78
Lapa Ninja (Post),M.Rodzik,https://www.lapa.ninja/post/mrodzik/,https://cdn.lapa.ninja/assets/images/1x/mrodzik-thumb.jpg,"[""#f9f9f8"", ""#e3e2e0""]","{""#f9f9f8"": 0.6782, ""#e3e2e0"": 0.1557}",#f9f9f8,light muted neutral,"rounded buttons, icon list, large typography, grid layout, top navigation, sidebar","minimal, modern, artistic",0.82
Lapa Ninja (Post),Daniel Sun,https://www.lapa.ninja/post/danielsun-2/,https://cdn.lapa.ninja/assets/images/1x/danielsun-2-thumb.jpg,"[""#fcfcf8"", ""#f8f1b8""]","{""#fcfcf8"": 0.6003, ""#f8f1b8"": 0.1317}",#fcfcf8,light bright yellow,"large typography, sidebar, search bar, split screen, grid layout, rounded buttons","modern, minimal, professional",0.88
Lapa Ninja (Post),Nodaleto,https://www.lapa.ninja/post/nodaleto/,https://cdn.lapa.ninja/assets/images/1x/nodaleto-thumb.jpg,"[""#f2f1f0"", ""#610f0b""]","{""#f2f1f0"": 0.3987, ""#610f0b"": 0.2069}",#f2f1f0,light muted neutral,"footer, rounded buttons, sidebar, grid layout, form, feature list","modern, minimal, cool",0.77
Lapa Ninja (Post),Büro,https://www.lapa.ninja/post/burocratik-2/,https://cdn.lapa.ninja/assets/images/1x/burocratik-2-thumb.jpg,"[""#2a231c"", ""#fefdfd""]","{""#2a231c"": 0.1899, ""#fefdfd"": 0.5191}",#2a231c,dark muted orange,"large typography, sidebar, feature list, pricing cards, rounded buttons, grid layout","modern, minimal, futuristic",0.71
Lapa Ninja (Post),Adopt,https://www.lapa.ninja/post/weareadopt/,https://cdn.lapa.ninja/assets/images/1x/weareadopt-thumb.jpg,"[""#fefdf8""]","{""#fefdf8"": 0.9216}",#fefdf8,light bright yellow,"large typography, sidebar, rounded buttons, feature list, pricing cards, top navigation","professional, trustworthy, luxury",0.86
Lapa Ninja (Post),Mickey Friedman,https://www.lapa.ninja/post/mickeyfriedman/,https://cdn.lapa.ninja/assets/images/1x/mickeyfriedman-thumb.jpg,"[""#dbdad5""]","{""#dbdad5"": 0.8825}",#dbdad5,muted neutral,"large typography, grid layout, rounded buttons, sidebar, form, footer","minimal, modern, elegant",0.83
Lapa Ninja (Post),Lovework Studio,https://www.lapa.ninja/post/lovework-studio/,https://cdn.lapa.ninja/assets/images/1x/lovework-studio-thumb.jpg,"[""#05dca1"", ""#fefdf9""]","{""#05dca1"": 0.2404, ""#fefdf9"": 0.5922}",#05dca1,bright teal,"rounded buttons, two-column layout, grid layout, sidebar, large typography, feature list","modern, minimal, futuristic",0.73
Lapa Ninja (Post),Mintlify,https://www.lapa.ninja/post/mintlify/,https://cdn.lapa.ninja/assets/images/1x/mintlify-thumb.jpg,"[""#080a0c"", ""#072120""]","{""#080a0c"": 0.6515, ""#072120"": 0.2292}",#080a0c,dark muted blue,"search bar, grid layout, rounded buttons, top navigation, feature list, large typography","minimal, futuristic, modern",0.87
Lapa Ninja (Post),Relocate Now,https://www.lapa.ninja/post/relocatenow/,https://cdn.lapa.ninja/assets/images/1x/relocatenow-thumb.jpg,"[""#600134"", ""#fbf7ed""]","{""#600134"": 0.5615, ""#fbf7ed"": 0.2661}",#600134,dark bright magenta,"rounded buttons, grid layout, large typography, sidebar, split screen, footer","modern, calm, minimal",0.87
Lapa Ninja (Post),Happy Droid,https://www.lapa.ninja/post/happydroid/,https://cdn.lapa.ninja/assets/images/1x/happydroid-thumb.jpg,"[""#e9f5da"", ""#bebdb4""]","{""#e9f5da"": 0.4548, ""#bebdb4"": 0.3583}",#e9f5da,light bright green,"rounded buttons, large typography, sidebar, avatar, grid layout, footer","futuristic, minimal, creative",0.86
Lapa Ninja (Post),Stas Bondar,https://www.lapa.ninja/post/stabondar/,https://cdn.lapa.ninja/assets/images/1x/stabondar-thumb.jpg,"[""#0a0a0a""]","{""#0a0a0a"": 0.8547}",#0a0a0a,dark muted neutral,"large typography, sidebar, split screen, grid layout, video background, hero image","modern, minimal, futuristic",0.83
Lapa Ninja (Post),The Happy Few,https://www.lapa.ninja/post/thehappyfew/,https://cdn.lapa.ninja/assets/images/1x/thehappyfew-thumb.jpg,"[""#d8cfc8"", ""#faea73""]","{""#d8cfc8"": 0.4579, ""#faea73"": 0.277}",#d8cfc8,muted orange,"sidebar, large typography, rounded buttons, footer, split screen, feature list","modern, friendly, minimal",0.84
Lapa Ninja (Post),AYOCIN,https://www.lapa.ninja/post/ayocin/,https://cdn.lapa.ninja/assets/images/1x/ayocin-thumb.jpg,"[""#282717"", ""#cdbd9c""]","{""#282717"": 0.4423, ""#cdbd9c"": 0.2053}",#282717,dark muted yellow,"large typography, split screen, single column, video background, sidebar, avatar","modern, minimal, futuristic",0.84
Lapa Ninja (Post),Maria Santos,https://www.lapa.ninja/post/saintsmary/,https://cdn.lapa.ninja/assets/images/1x/saintsmary-thumb.jpg,"[""#f0e5f5""]","{""#f0e5f5"": 0.8059}",#f0e5f5,light bright purple,"large typography, sidebar, feature list, grid layout, avatar, logo","creative, artistic, modern",0.87
Lapa Ninja (Post),Inette,https://www.lapa.ninja/post/inette/,https://cdn.lapa.ninja/assets/images/1x/inette-thumb.jpg,"[""#eaeaea"", ""#111111""]","{""#eaeaea"": 0.7896, ""#111111"": 0.0974}",#eaeaea,light muted neutral,"large typography, rounded buttons, cta button, sidebar, footer, search bar","modern, minimal, futuristic",0.83
Lapa Ninja (Post),Wand,https://www.lapa.ninja/post/wand-2/,https://cdn.lapa.ninja/assets/images/1x/wand-2-thumb.jpg,"[""#58493c"", ""#fbfbfa""]","{""#58493c"": 0.1897, ""#fbfbfa"": 0.4543}",#58493c,muted orange,"search bar, split screen, feature list, grid layout, large typography, sidebar","artistic, creative, modern",0.71
Lapa Ninja (Post),Qudrix,https://www.lapa.ninja/post/qudrix/,https://cdn.lapa.ninja/assets/images/1x/qudrix-thumb.jpg,"[""#d1d1d0"", ""#e3e8f6""]","{""#d1d1d0"": 0.6707, ""#e3e8f6"": 0.1011}",#d1d1d0,muted neutral,"grid layout, large typography, sidebar, pricing cards, feature list, form","modern, professional, minimal",0.83
Lapa Ninja (Post),Hiking Patrol,https://www.lapa.ninja/post/hikingpatrol/,https://cdn.lapa.ninja/assets/images/1x/hikingpatrol-thumb.jpg,"[""#070808"", ""#242420""]","{""#070808"": 0.273, ""#242420"": 0.2696}",#070808,dark muted neutral,"sidebar, grid layout, rounded buttons, footer, form, feature list","modern, futuristic, warm",0.71
Lapa Ninja (Post),Ori,https://www.lapa.ninja/post/ori/,https://cdn.lapa.ninja/assets/images/1x/ori-thumb.jpg,"[""#60a3a7"", ""#fbfbfb""]","{""#60a3a7"": 0.2884, ""#fbfbfb"": 0.3268}",#60a3a7,muted teal,"rounded buttons, cta button, grid layout, sidebar, video background, form","minimal, futuristic, modern",0.76
Lapa Ninja (Post),Prept,https://www.lapa.ninja/post/prept-foundation/,https://cdn.lapa.ninja/assets/images/1x/prept-foundation-thumb.jpg,"[""#0c692f"", ""#fdfbf6""]","{""#0c692f"": 0.2186, ""#fdfbf6"": 0.6792}",#0c692f,dark bright green,"large typography, rounded buttons, pricing cards, footer, sidebar, grid layout","minimal, friendly, cool",0.74
Lapa Ninja (Post),Bakken & Bæck,https://www.lapa.ninja/post/bakkenbaeck-4/,https://cdn.lapa.ninja/assets/images/1x/bakkenbaeck-4-thumb.jpg,"[""#b5b3ad"", ""#fefefe""]","{""#b5b3ad"": 0.2224, ""#fefefe"": 0.4107}",#b5b3ad,muted neutral,"grid layout, rounded buttons, pricing cards, large typography, feature list, form","modern, minimal, futuristic",0.69
Lapa Ninja (Post),Oxide Computer,https://www.lapa.ninja/post/oxide-computer-2/,https://cdn.lapa.ninja/assets/images/1x/oxide-computer-2-thumb.jpg,"[""#060f11""]","{""#060f11"": 0.9427}",#060f11,dark bright teal,"data table, grid layout, rounded buttons, large typography, chart, feature list","minimal, modern, calm",0.87
Lapa Ninja (Post),AniMattor,https://www.lapa.ninja/post/animattor/,https://cdn.lapa.ninja/assets/images/1x/animattor-thumb.jpg,"[""#f9f8fb"", ""#d3c3c5""]","{""#f9f8fb"": 0.7624, ""#d3c3c5"": 0.1126}",#f9f8fb,light muted purple,"video background, feature list, icon list, grid layout, sidebar, rounded buttons","cool, modern, minimal",0.86
Lapa Ninja (Post),Say Briefly,https://www.lapa.ninja/post/saybriefly/,https://cdn.lapa.ninja/assets/images/1x/saybriefly-thumb.jpg,"[""#faf9f4""]","{""#faf9f4"": 0.8357}",#faf9f4,light bright yellow,"sidebar, rounded buttons, split screen, search bar, video background, pricing cards","minimal, modern, professional",0.86
Lapa Ninja (Post),ITEM Amsterdam,https://www.lapa.ninja/post/item-amsterdam/,https://cdn.lapa.ninja/assets/images/1x/item-amsterdam-thumb.jpg,"[""#1b1c20"", ""#f6f6f6""]","{""#1b1c20"": 0.1852, ""#f6f6f6"": 0.5744}",#1b1c20,dark muted neutral,"large typography, form, data table, grid layout, icon list, two-column layout","modern, minimal, cool",0.68
Lapa Ninja (Post),Designgal Studio,https://www.lapa.ninja/post/designgal-studio/,https://cdn.lapa.ninja/assets/images/1x/designgal-studio-thumb.jpg,"[""#f9f4e6"", ""#e19cd7""]","{""#f9f4e6"": 0.5511, ""#e19cd7"": 0.1956}",#f9f4e6,light bright orange,"grid layout, pricing cards, rounded buttons, sidebar, large typography, data table","modern, minimal, artistic",0.86
Lapa Ninja (Post),Heyday Canning,https://www.lapa.ninja/post/heydaycanning/,https://cdn.lapa.ninja/assets/images/1x/heydaycanning-thumb.jpg,"[""#f9f3d5"", ""#413e1d""]","{""#f9f3d5"": 0.3639, ""#413e1d"": 0.2736}",#f9f3d5,light bright orange,"grid layout, large typography, pricing cards, footer, sidebar, feature list","retro, cool, creative",0.79
Lapa Ninja (Post),Fleerackers,https://www.lapa.ninja/post/fleerackers/,https://cdn.lapa.ninja/assets/images/1x/fleerackers-thumb.jpg,"[""#fefdfc"", ""#5e2c0d""]","{""#fefdfc"": 0.5369, ""#5e2c0d"": 0.1756}",#fefdfc,light bright orange,"footer, sidebar, icon list, card list, hero image, logo","bold, cool, modern",0.87
Lapa Ninja (Post),Desdoigts,https://www.lapa.ninja/post/desdoigts/,https://cdn.lapa.ninja/assets/images/1x/desdoigts-thumb.jpg,"[""#dbd1ca"", ""#f4f4f3""]","{""#dbd1ca"": 0.2442, ""#f4f4f3"": 0.3175}",#dbd1ca,muted orange,"rounded buttons, large typography, grid layout, pricing cards, icon list, sidebar","luxury, modern, professional",0.74
Lapa Ninja (Post),Native,https://www.lapa.ninja/post/native/,https://cdn.lapa.ninja/assets/images/1x/native-thumb.jpg,"[""#def05d"", ""#fdfdfd""]","{""#def05d"": 0.2487, ""#fdfdfd"": 0.6071}",#def05d,bright yellow,"large typography, grid layout, search bar, sidebar, rounded buttons, footer","minimal, futuristic, modern",0.75
Lapa Ninja (Post),Entuitive,https://www.lapa.ninja/post/entuitiveengineering/,https://cdn.lapa.ninja/assets/images/1x/entuitiveengineering-thumb.jpg,"[""#eeeeed"", ""#796154""]","{""#eeeeed"": 0.4617, ""#796154"": 0.184}",#eeeeed,light muted neutral,"large typography, feature list, grid layout, form, two-column layout, sidebar","futuristic, modern, luxury",0.8
Lapa Ninja (Post),OMMO,https://www.lapa.ninja/post/ommo/,https://cdn.lapa.ninja/assets/images/1x/ommo-thumb.jpg,"[""#191919"", ""#000000""]","{""#191919"": 0.5946, ""#000000"": 0.2102}",#191919,dark muted neutral,"split screen, grid layout, footer, sidebar, rounded buttons, feature list","modern, professional, cool",0.82
Lapa Ninja (Post),Reveal Studio,https://www.lapa.ninja/post/revealstudio/,https://cdn.lapa.ninja/assets/images/1x/revealstudio-thumb.jpg,"[""#f4f3e8"", ""#e6cffb""]","{""#f4f3e8"": 0.5022, ""#e6cffb"": 0.3021}",#f4f3e8,light bright yellow,"grid layout, sidebar, top navigation, feature list, rounded buttons, search bar","minimal, modern, creative",0.86
Lapa Ninja (Post),OODOS,https://www.lapa.ninja/post/oodos/,https://cdn.lapa.ninja/assets/images/1x/oodos-thumb.jpg,"[""#101214"", ""#f8f8f7""]","{""#101214"": 0.6197, ""#f8f8f7"": 0.2583}",#101214,dark muted neutral,"large typography, grid layout, video background, top navigation, search bar, rounded buttons","modern, minimal, calm",0.83
Lapa Ninja (Post),New Valley Labs,https://www.lapa.ninja/post/newvalleylabs/,https://cdn.lapa.ninja/assets/images/1x/newvalleylabs-thumb.jpg,"[""#e3d7ba"", ""#5e392c""]","{""#e3d7ba"": 0.5741, ""#5e392c"": 0.3589}",#e3d7ba,bright orange,"large typography, video background, sidebar, avatar, hero illustration, pricing cards","friendly, creative, minimal",0.86
Lapa Ninja (Post),Hyperplex,https://www.lapa.ninja/post/hyperplex/,https://cdn.lapa.ninja/assets/images/1x/hyperplex-thumb.jpg,"[""#0e0e0e"", ""#282314""]","{""#0e0e0e"": 0.7283, ""#282314"": 0.2277}",#0e0e0e,dark muted neutral,"data table, grid layout, search bar, rounded buttons, sidebar, video background","minimal, modern, cool",0.83
Lapa Ninja (Post),Monolith,https://www.lapa.ninja/post/monolith-nyc/,https://cdn.lapa.ninja/assets/images/1x/monolith-nyc-thumb.jpg,"[""#0f0e0e"", ""#c7c4be""]","{""#0f0e0e"": 0.4094, ""#c7c4be"": 0.3169}",#0f0e0e,dark muted neutral,"large typography, two-column layout, form, grid layout, data table, rounded buttons","modern, minimal, artistic",0.78
Lapa Ninja (Post),Roberta Ungaro,https://www.lapa.ninja/post/robertaungaro/,https://cdn.lapa.ninja/assets/images/1x/robertaungaro-thumb.jpg,"[""#eceae8"", ""#1c1815""]","{""#eceae8"": 0.3211, ""#1c1815"": 0.2701}",#eceae8,light muted neutral,"grid layout, sidebar, feature list, icon list, form, rounded buttons","modern, minimal, artistic",0.74
Lapa Ninja (Post),Statamic,https://www.lapa.ninja/post/statamic-2/,https://cdn.lapa.ninja/assets/images/1x/statamic-2-thumb.jpg,"[""#f6f0f0"", ""#fdfdfe""]","{""#f6f0f0"": 0.344, ""#fdfdfe"": 0.4955}",#f6f0f0,light muted red,"rounded buttons, sidebar, feature list, search bar, grid layout, footer","minimal, modern, calm",0.78
Lapa Ninja (Post),111 West 57th Street,https://www.lapa.ninja/post/111w57/,https://cdn.lapa.ninja/assets/images/1x/111w57-thumb.jpg,"[""#5e503a"", ""#fefefd""]","{""#5e503a"": 0.2773, ""#fefefd"": 0.2576}",#5e503a,muted orange,"two-column layout, single column, rounded buttons, large typography, grid layout, feature list","modern, luxury, warm",0.74
Lapa Ninja (Post),Spellbook,https://www.lapa.ninja/post/spellbook/,https://cdn.lapa.ninja/assets/images/1x/spellbook-thumb.jpg,"[""#14191c"", ""#e8ecef""]","{""#14191c"": 0.7513, ""#e8ecef"": 0.1138}",#14191c,dark muted blue,"large typography, search bar, rounded buttons, sidebar, top navigation, grid layout","modern, minimal, futuristic",0.86
Lapa Ninja (Post),Cap,https://www.lapa.ninja/post/cap/,https://cdn.lapa.ninja/assets/images/1x/cap-thumb.jpg,"[""#6395f9"", ""#fdfdfe""]","{""#6395f9"": 0.3392, ""#fdfdfe"": 0.4647}",#6395f9,bright blue,"rounded buttons, pricing cards, cta button, search bar, top navigation, grid layout","minimal, modern, futuristic",0.79
Lapa Ninja (Post),Koffiracha,https://www.lapa.ninja/post/koffiracha/,https://cdn.lapa.ninja/assets/images/1x/koffiracha-thumb.jpg,"[""#e9e157"", ""#fafaf7""]","{""#e9e157"": 0.3227, ""#fafaf7"": 0.2738}",#e9e157,bright yellow,"sidebar, large typography, pricing cards, grid layout, feature list, rounded buttons","bold, luxury, creative",0.77
Lapa Ninja (Post),Portal,https://www.lapa.ninja/post/portalgaming/,https://cdn.lapa.ninja/assets/images/1x/portalgaming-thumb.jpg,"[""#e4dcfc"", ""#fdfdfe""]","{""#e4dcfc"": 0.3204, ""#fdfdfe"": 0.6176}",#e4dcfc,light bright blue,"sidebar, avatar, video background, search bar, grid layout, split screen","minimal, modern, futuristic",0.76
Lapa Ninja (Post),Jasmina Denner,https://www.lapa.ninja/post/jasminadenner/,https://cdn.lapa.ninja/assets/images/1x/jasminadenner-thumb.jpg,"[""#090723"", ""#151034""]","{""#090723"": 0.7614, ""#151034"": 0.1474}",#090723,dark bright blue,"large typography, rounded buttons, avatar, grid layout, centered hero, form","futuristic, minimal, modern",0.87
Lapa Ninja (Post),Genesis Creative,https://www.lapa.ninja/post/genesiscreative/,https://cdn.lapa.ninja/assets/images/1x/genesiscreative-thumb.jpg,"[""#fbfaf8"", ""#232221""]","{""#fbfaf8"": 0.6257, ""#232221"": 0.1398}",#fbfaf8,light muted orange,"large typography, rounded buttons, grid layout, pricing cards, sidebar, feature list","modern, bold, creative",0.87
Lapa Ninja (Post),Airtree,https://www.lapa.ninja/post/airtree/,https://cdn.lapa.ninja/assets/images/1x/airtree-thumb.jpg,"[""#f5f3e2"", ""#d0d8da""]","{""#f5f3e2"": 0.553, ""#d0d8da"": 0.1937}",#f5f3e2,light bright yellow,"rounded buttons, grid layout, video background, split screen, sidebar, footer","modern, professional, minimal",0.85
Lapa Ninja (Post),Melrosepr,https://www.lapa.ninja/post/melrosepr/,https://cdn.lapa.ninja/assets/images/1x/melrosepr-thumb.jpg,"[""#f5f2ea"", ""#efc79c""]","{""#f5f2ea"": 0.5146, ""#efc79c"": 0.1944}",#f5f2ea,light bright orange,"large typography, rounded buttons, sidebar, grid layout, two-column layout, centered hero","retro, professional, minimal",0.87
Lapa Ninja (Post),ODA,https://www.lapa.ninja/post/oda-services/,https://cdn.lapa.ninja/assets/images/1x/oda-services-thumb.jpg,"[""#000000"", ""#a1a1a1""]","{""#000000"": 0.7323, ""#a1a1a1"": 0.1125}",#000000,dark muted neutral,"large typography, grid layout, icon list, footer, rounded buttons, search bar","minimal, retro, modern",0.83
Lapa Ninja (Post),Summer Smash Tennis,https://www.lapa.ninja/post/summersmashtennis/,https://cdn.lapa.ninja/assets/images/1x/summersmashtennis-thumb.jpg,"[""#fefaf4"", ""#284434""]","{""#fefaf4"": 0.7465, ""#284434"": 0.0939}",#fefaf4,light bright orange,"sidebar, feature list, pricing cards, video background, two-column layout, rounded buttons","professional, friendly, creative",0.84
Lapa Ninja (Post),Pudgy Penguins,https://www.lapa.ninja/post/pudgypenguins/,https://cdn.lapa.ninja/assets/images/1x/pudgypenguins-thumb.jpg,"[""#faf1ea"", ""#3595cd""]","{""#faf1ea"": 0.2958, ""#3595cd"": 0.2765}",#faf1ea,light bright orange,"sidebar, hero illustration, rounded buttons, hero image, top navigation, feature list","modern, minimal, cool",0.75
Lapa Ninja (Post),Euphemia,https://www.lapa.ninja/post/euphemia/,https://cdn.lapa.ninja/assets/images/1x/euphemia-thumb.jpg,"[""#f6f6f6"", ""#fdab38""]","{""#f6f6f6"": 0.4999, ""#fdab38"": 0.1567}",#f6f6f6,light muted neutral,"large typography, pricing cards, data table, grid layout, video background, chart","minimal, modern, artistic",0.83
Lapa Ninja (Post),Paloceras,https://www.lapa.ninja/post/paloceras/,https://cdn.lapa.ninja/assets/images/1x/paloceras-thumb.jpg,"[""#e4e6df"", ""#c5c1c0""]","{""#e4e6df"": 0.5384, ""#c5c1c0"": 0.1769}",#e4e6df,light muted yellow,"grid layout, rounded buttons, avatar, large typography, split screen, video background","futuristic, modern, minimal",0.87
Lapa Ninja (Post),Woset,https://www.lapa.ninja/post/woset-2/,https://cdn.lapa.ninja/assets/images/1x/woset-2-thumb.jpg,"[""#e0e2e1"", ""#afb1c0""]","{""#e0e2e1"": 0.5415, ""#afb1c0"": 0.227}",#e0e2e1,light muted neutral,"grid layout, top navigation, large typography, search bar, rounded buttons, icon list","modern, creative, artistic",0.83
Lapa Ninja (Post),Studio 38,https://www.lapa.ninja/post/weare38/,https://cdn.lapa.ninja/assets/images/1x/weare38-thumb.jpg,"[""#200202"", ""#3d2f26""]","{""#200202"": 0.701, ""#3d2f26"": 0.1449}",#200202,dark bright red,"sidebar, large typography, video background, rounded buttons, footer, search bar","modern, minimal, serious",0.86
Lapa Ninja (Post),St Kilda Orthodontics,https://www.lapa.ninja/post/stkildaorthodontics/,https://cdn.lapa.ninja/assets/images/1x/stkildaorthodontics-thumb.jpg,"[""#7d8cb2"", ""#f4f6fa""]","{""#7d8cb2"": 0.2598, ""#f4f6fa"": 0.692}",#7d8cb2,muted blue,"sidebar, video background, feature list, pricing cards, cta button, rounded buttons","creative, artistic, futuristic",0.74
Lapa Ninja (Post),Bruut,https://www.lapa.ninja/post/bruut-media/,https://cdn.lapa.ninja/assets/images/1x/bruut-media-thumb.jpg,"[""#ecefee"", ""#baa292""]","{""#ecefee"": 0.5028, ""#baa292"": 0.1886}",#ecefee,light muted neutral,"grid layout, large typography, sidebar, video background, feature list, rounded buttons","modern, professional, minimal",0.83
Lapa Ninja (Post),Dub.co,https://www.lapa.ninja/post/dub/,https://cdn.lapa.ninja/assets/images/1x/dub-thumb.jpg,"[""#fefefe"", ""#f6efe9""]","{""#fefefe"": 0.8885, ""#f6efe9"": 0.0861}",#fefefe,light muted neutral,"rounded buttons, search bar, grid layout, footer, top navigation, sidebar","minimal, modern, calm",0.83
Lapa Ninja (Post),Riotters,https://www.lapa.ninja/post/riotters/,https://cdn.lapa.ninja/assets/images/1x/riotters-thumb.jpg,"[""#fcfcfc""]","{""#fcfcfc"": 0.8955}",#fcfcfc,light muted neutral,"large typography, grid layout, rounded buttons, pricing cards, feature list, sidebar","modern, futuristic, professional",0.82
Lapa Ninja (Post),Humane CosmOS,https://www.lapa.ninja/post/humane-cosmos/,https://cdn.lapa.ninja/assets/images/1x/humane-cosmos-thumb.jpg,"[""#010101"", ""#16181c""]","{""#010101"": 0.4284, ""#16181c"": 0.3474}",#010101,dark muted neutral,"sidebar, feature list, search bar, icon list, large typography, centered hero","futuristic, cool, retro",0.78
Lapa Ninja (Post),Hellotime,https://www.lapa.ninja/post/hellotime/,https://cdn.lapa.ninja/assets/images/1x/hellotime-thumb.jpg,"[""#edeef0"", ""#fefefe""]","{""#edeef0"": 0.1895, ""#fefefe"": 0.7617}",#edeef0,light muted neutral,"rounded buttons, search bar, grid layout, pricing cards, sidebar, split screen","modern, minimal, trustworthy",0.67
Lapa Ninja (Post),Casa Malka,https://www.lapa.ninja/post/casamalka/,https://cdn.lapa.ninja/assets/images/1x/casamalka-thumb.jpg,"[""#fefefd"", ""#010101""]","{""#fefefd"": 0.7471, ""#010101"": 0.1624}",#fefefd,light muted yellow,"large typography, grid layout, sidebar, pricing cards, chart, top navigation","luxury, creative, modern",0.85
Lapa Ninja (Post),Index Inc,https://www.lapa.ninja/post/index-inc/,https://cdn.lapa.ninja/assets/images/1x/index-inc-thumb.jpg,"[""#141524"", ""#02071b""]","{""#141524"": 0.3554, ""#02071b"": 0.3328}",#141524,dark muted blue,"rounded buttons, grid layout, feature list, search bar, sidebar, top navigation","minimal, modern, calm",0.79
Lapa Ninja (Post),ANALOGUE,https://www.lapa.ninja/post/madebyanalogue/,https://cdn.lapa.ninja/assets/images/1x/madebyanalogue-thumb.jpg,"[""#e2dad6"", ""#fefefe""]","{""#e2dad6"": 0.4088, ""#fefefe"": 0.4906}",#e2dad6,light muted red,"large typography, form, sidebar, single column, footer, rounded buttons","modern, professional, creative",0.81
Lapa Ninja (Post),Jimmy Fairly,https://www.lapa.ninja/post/jimmyfairly/,https://cdn.lapa.ninja/assets/images/1x/jimmyfairly-thumb.jpg,"[""#a8bec1"", ""#eae6de""]","{""#a8bec1"": 0.3127, ""#eae6de"": 0.274}",#a8bec1,muted teal,"grid layout, sidebar, split screen, large typography, rounded buttons, top navigation","modern, futuristic, cool",0.76
Lapa Ninja (Post),Zach Hamed,https://www.lapa.ninja/post/zmh/,https://cdn.lapa.ninja/assets/images/1x/zmh-thumb.jpg,"[""#f3eee9"", ""#f9d460""]","{""#f3eee9"": 0.6597, ""#f9d460"": 0.1483}",#f3eee9,light muted orange,"rounded buttons, large typography, search bar, grid layout, video background, top navigation","modern, futuristic, minimal",0.86
Lapa Ninja (Post),Stompers,https://www.lapa.ninja/post/stompers/,https://cdn.lapa.ninja/assets/images/1x/stompers-thumb.jpg,"[""#f7b434"", ""#fae9cb""]","{""#f7b434"": 0.3881, ""#fae9cb"": 0.36}",#f7b434,bright orange,"rounded buttons, search bar, grid layout, video background, feature list, sidebar","minimal, creative, modern",0.81
Lapa Ninja (Post),Karina Makarova,https://www.lapa.ninja/post/karina-makarova/,https://cdn.lapa.ninja/assets/images/1x/karina-makarova-thumb.jpg,"[""#d9d9d9"", ""#222222""]","{""#d9d9d9"": 0.753, ""#222222"": 0.1739}",#d9d9d9,light muted neutral,"grid layout, rounded buttons, split screen, large typography, sidebar, video background","modern, minimal, cool",0.83
Lapa Ninja (Post),TechTO,https://www.lapa.ninja/post/techto/,https://cdn.lapa.ninja/assets/images/1x/techto-thumb.jpg,"[""#fbfdfc""]","{""#fbfdfc"": 0.8092}",#fbfdfc,light muted green,"rounded buttons, grid layout, large typography, sidebar, split screen, search bar","modern, minimal, futuristic",0.86
Lapa Ninja (Post),Cassandre Levrard,https://www.lapa.ninja/post/cassandrelevrard/,https://cdn.lapa.ninja/assets/images/1x/cassandrelevrard-thumb.jpg,"[""#ebe7e1"", ""#fcfaf8""]","{""#ebe7e1"": 0.2667, ""#fcfaf8"": 0.4693}",#ebe7e1,light muted orange,"rounded buttons, grid layout, carousel, large typography, video background, cta button","minimal, creative, modern",0.75
Lapa Ninja (Post),Things Inc,https://www.lapa.ninja/post/things-inc/,https://cdn.lapa.ninja/assets/images/1x/things-inc-thumb.jpg,"[""#b9d4fb"", ""#73bbfc""]","{""#b9d4fb"": 0.4971, ""#73bbfc"": 0.321}",#b9d4fb,light bright blue,"pricing cards, rounded buttons, feature list, cta button, video background, sidebar","minimal, futuristic, modern",0.86
Lapa Ninja (Post),Jaffa,https://www.lapa.ninja/post/jaffa/,https://cdn.lapa.ninja/assets/images/1x/jaffa-thumb.jpg,"[""#1232aa"", ""#fdfdfd""]","{""#1232aa"": 0.4483, ""#fdfdfd"": 0.2507}",#1232aa,bright blue,"large typography, pricing cards, sidebar, grid layout, footer, data table","creative, cool, friendly",0.83
Lapa Ninja (Post),Moved Network,https://www.lapa.ninja/post/moved-network/,https://cdn.lapa.ninja/assets/images/1x/moved-network-thumb.jpg,"[""#fdfdfe"", ""#0a7af8""]","{""#fdfdfe"": 0.7374, ""#0a7af8"": 0.1001}",#fdfdfe,light muted blue,"rounded buttons, search bar, grid layout, video background, footer, sidebar","minimal, modern, calm",0.87
Lapa Ninja (Post),Prand,https://www.lapa.ninja/post/prand/,https://cdn.lapa.ninja/assets/images/1x/prand-thumb.jpg,"[""#ccd6ee"", ""#c5d859""]","{""#ccd6ee"": 0.5624, ""#c5d859"": 0.3767}",#ccd6ee,light bright blue,"avatar, video background, sidebar, feature list, icon list, rounded buttons","minimal, creative, artistic",0.86
Lapa Ninja (Post),Arch Agency,https://www.lapa.ninja/post/arch-agency/,https://cdn.lapa.ninja/assets/images/1x/arch-agency-thumb.jpg,"[""#1b243d"", ""#fbfcfd""]","{""#1b243d"": 0.2198, ""#fbfcfd"": 0.3351}",#1b243d,dark bright blue,"feature list, sidebar, rounded buttons, grid layout, pricing cards, icon list","modern, professional, futuristic",0.72
Lapa Ninja (Post),Clim Studio,https://www.lapa.ninja/post/studioclim-2/,https://cdn.lapa.ninja/assets/images/1x/studioclim-2-thumb.jpg,"[""#010101"", ""#fefefd""]","{""#010101"": 0.5168, ""#fefefd"": 0.2449}",#010101,dark muted neutral,"rounded buttons, feature list, sidebar, split screen, avatar, search bar","modern, minimal, futuristic",0.83
Lapa Ninja (Post),Rhythm Influence,https://www.lapa.ninja/post/rhythminfluence/,https://cdn.lapa.ninja/assets/images/1x/rhythminfluence-thumb.jpg,"[""#000000"", ""#fcfbfb""]","{""#000000"": 0.8202, ""#fcfbfb"": 0.0904}",#000000,dark muted neutral,"sidebar, video background, avatar, footer, feature list, logo","cool, modern, professional",0.83
Lapa Ninja (Post),Shareio,https://www.lapa.ninja/post/shareio/,https://cdn.lapa.ninja/assets/images/1x/shareio-thumb.jpg,"[""#000000"", ""#151615""]","{""#000000"": 0.7292, ""#151615"": 0.1806}",#000000,dark muted neutral,"search bar, rounded buttons, large typography, video background, footer, avatar","futuristic, minimal, modern",0.83
Lapa Ninja (Post),Idol,https://www.lapa.ninja/post/idol-partners/,https://cdn.lapa.ninja/assets/images/1x/idol-partners-thumb.jpg,"[""#fefefe"", ""#1b1f23""]","{""#fefefe"": 0.5461, ""#1b1f23"": 0.1596}",#fefefe,light muted neutral,"pricing cards, rounded buttons, large typography, sidebar, video background, footer","modern, minimal, professional",0.83
Lapa Ninja (Post),Lens,https://www.lapa.ninja/post/lens-2/,https://cdn.lapa.ninja/assets/images/1x/lens-2-thumb.jpg,"[""#fefefe""]","{""#fefefe"": 0.9702}",#fefefe,light muted neutral,"rounded buttons, grid layout, feature list, sidebar, top navigation, search bar","modern, minimal, cool",0.83
Lapa Ninja (Post),Purée Maison,https://www.lapa.ninja/post/pureemaison/,https://cdn.lapa.ninja/assets/images/1x/pureemaison-thumb.jpg,"[""#f0ede4"", ""#c8c0b9""]","{""#f0ede4"": 0.5448, ""#c8c0b9"": 0.168}",#f0ede4,light muted orange,"large typography, icon list, top navigation, sidebar, rounded buttons, split screen","creative, artistic, professional",0.86
Lapa Ninja (Post),Gone Fishing Studio,https://www.lapa.ninja/post/gonefishing-studio-2/,https://cdn.lapa.ninja/assets/images/1x/gonefishing-studio-2-thumb.jpg,"[""#faf6ed"", ""#252320""]","{""#faf6ed"": 0.4653, ""#252320"": 0.2957}",#faf6ed,light bright orange,"grid layout, sidebar, rounded buttons, feature list, testimonial, pricing cards","luxury, futuristic, modern",0.84
Lapa Ninja (Post),Huey Lightshop,https://www.lapa.ninja/post/hueylightshop/,https://cdn.lapa.ninja/assets/images/1x/hueylightshop-thumb.jpg,"[""#fef7e5"", ""#22231c""]","{""#fef7e5"": 0.539, ""#22231c"": 0.1768}",#fef7e5,light bright orange,"grid layout, pricing cards, rounded buttons, video background, feature list, icon list","minimal, elegant, luxury",0.86
Lapa Ninja (Post),Vic Rojo,https://www.lapa.ninja/post/vicrojo/,https://cdn.lapa.ninja/assets/images/1x/vicrojo-thumb.jpg,"[""#2a3d3f"", ""#fcfdf5""]","{""#2a3d3f"": 0.2265, ""#fcfdf5"": 0.4744}",#2a3d3f,dark muted teal,"large typography, grid layout, footer, rounded buttons, sidebar, form","modern, futuristic, minimal",0.74
Lapa Ninja (Post),Kurate Music,https://www.lapa.ninja/post/kuratemusic/,https://cdn.lapa.ninja/assets/images/1x/kuratemusic-thumb.jpg,"[""#060706"", ""#151a1c""]","{""#060706"": 0.7955, ""#151a1c"": 0.1088}",#060706,dark muted neutral,"sidebar, video background, large typography, feature list, grid layout, split screen","futuristic, retro, artistic",0.83
Lapa Ninja (Post),Eric Hu Studio,https://www.lapa.ninja/post/erichu-2/,https://cdn.lapa.ninja/assets/images/1x/erichu-2-thumb.jpg,"[""#060708"", ""#cce1cd""]","{""#060708"": 0.3746, ""#cce1cd"": 0.2604}",#060708,dark muted blue,"icon list, sidebar, video background, card list, feature list, form","minimal, artistic, creative",0.8
Lapa Ninja (Post),CAHU,https://www.lapa.ninja/post/cahuparis/,https://cdn.lapa.ninja/assets/images/1x/cahuparis-thumb.jpg,"[""#e4e5e3"", ""#0d1217""]","{""#e4e5e3"": 0.5652, ""#0d1217"": 0.1977}",#e4e5e3,light muted neutral,"rounded buttons, grid layout, sidebar, feature list, large typography, top navigation","futuristic, minimal, modern",0.82
Lapa Ninja (Post),Ava Protocol,https://www.lapa.ninja/post/avaprotocol/,https://cdn.lapa.ninja/assets/images/1x/avaprotocol-thumb.jpg,"[""#000000"", ""#18161a""]","{""#000000"": 0.8171, ""#18161a"": 0.1456}",#000000,dark muted neutral,"grid layout, large typography, top navigation, data table, centered hero, feature list","modern, futuristic, minimal",0.82
Lapa Ninja (Post),neil.graphics,https://www.lapa.ninja/post/neil/,https://cdn.lapa.ninja/assets/images/1x/neil-thumb.jpg,"[""#fdfdfd"", ""#ccb1bf""]","{""#fdfdfd"": 0.7, ""#ccb1bf"": 0.0947}",#fdfdfd,light muted neutral,"pricing cards, large typography, sidebar, form, video background, carousel","creative, artistic, cool",0.82
Lapa Ninja (Post),Beepy Bella,https://www.lapa.ninja/post/beepybella/,https://cdn.lapa.ninja/assets/images/1x/beepybella-thumb.jpg,"[""#2f322a"", ""#fcfbfb""]","{""#2f322a"": 0.2385, ""#fcfbfb"": 0.4692}",#2f322a,dark muted neutral,"video background, search bar, rounded buttons, sidebar, icon list, grid layout","artistic, cool, creative",0.69
Lapa Ninja (Post),Modal,https://www.lapa.ninja/post/modal/,https://cdn.lapa.ninja/assets/images/1x/modal-thumb.jpg,"[""#010201""]","{""#010201"": 0.8189}",#010201,dark muted green,"large typography, grid layout, video background, pricing cards, footer, rounded buttons","modern, futuristic, cool",0.88
Lapa Ninja (Post),Attio,https://www.lapa.ninja/post/attio-2/,https://cdn.lapa.ninja/assets/images/1x/attio-2-thumb.jpg,"[""#fefefe""]","{""#fefefe"": 0.9581}",#fefefe,light muted neutral,"feature list, icon list, sidebar, large typography, two-column layout, search bar","modern, minimal, calm",0.83
Lapa Ninja (Post),Mitchell Eaton,https://www.lapa.ninja/post/mitchelleaton/,https://cdn.lapa.ninja/assets/images/1x/mitchelleaton-thumb.jpg,"[""#101010"", ""#a2a4aa""]","{""#101010"": 0.4431, ""#a2a4aa"": 0.2339}",#101010,dark muted neutral,"video background, split screen, icon list, large typography, sidebar, rounded buttons","modern, futuristic, retro",0.8
Lapa Ninja (Post),Treize grammes,https://www.lapa.ninja/post/13g/,https://cdn.lapa.ninja/assets/images/1x/13g-thumb.jpg,"[""#131413""]","{""#131413"": 0.9436}",#131413,dark muted neutral,"large typography, rounded buttons, grid layout, footer, pricing cards, data table","minimal, modern, futuristic",0.83
Lapa Ninja (Post),Clark Hosting,https://www.lapa.ninja/post/hostwithclark/,https://cdn.lapa.ninja/assets/images/1x/hostwithclark-thumb.jpg,"[""#fefefe""]","{""#fefefe"": 0.9524}",#fefefe,light muted neutral,"large typography, sidebar, rounded buttons, grid layout, footer, centered hero","minimal, modern, creative",0.83
Lapa Ninja (Post),eBay Playbook,https://www.lapa.ninja/post/playbook-ebay/,https://cdn.lapa.ninja/assets/images/1x/playbook-ebay-thumb.jpg,"[""#f4bf3f"", ""#fefefe""]","{""#f4bf3f"": 0.2216, ""#fefefe"": 0.5432}",#f4bf3f,bright orange,"large typography, sidebar, rounded buttons, split screen, grid layout, avatar","modern, minimal, artistic",0.73
Lapa Ninja (Post),P448,https://www.lapa.ninja/post/p448/,https://cdn.lapa.ninja/assets/images/1x/p448-thumb.jpg,"[""#e3e0e4"", ""#a8a3af""]","{""#e3e0e4"": 0.3831, ""#a8a3af"": 0.3352}",#e3e0e4,light muted neutral,"footer, rounded buttons, feature list, large typography, sidebar, grid layout","retro, minimal, cool",0.77
Lapa Ninja (Post),ChainGPT Labs,https://www.lapa.ninja/post/chaingpt-labs/,https://cdn.lapa.ninja/assets/images/1x/chaingpt-labs-thumb.jpg,"[""#e2e2e2"", ""#f5f5f5""]","{""#e2e2e2"": 0.7173, ""#f5f5f5"": 0.1645}",#e2e2e2,light muted neutral,"large typography, rounded buttons, cta button, grid layout, icon list, top navigation","futuristic, modern, creative",0.84
Lapa Ninja (Post),27b,https://www.lapa.ninja/post/27-b/,https://cdn.lapa.ninja/assets/images/1x/27-b-thumb.jpg,"[""#121212"", ""#fefefe""]","{""#121212"": 0.2973, ""#fefefe"": 0.3699}",#121212,dark muted neutral,"large typography, pricing cards, rounded buttons, search bar, footer, sidebar","modern, futuristic, minimal",0.73
Lapa Ninja (Post),bella,https://www.lapa.ninja/post/bellakitchenware/,https://cdn.lapa.ninja/assets/images/1x/bellakitchenware-thumb.jpg,"[""#dfe4de"", ""#37bcfa""]","{""#dfe4de"": 0.63, ""#37bcfa"": 0.1175}",#dfe4de,light muted neutral,"large typography, cta button, sidebar, rounded buttons, feature list, video background","minimal, modern, retro",0.82
Lapa Ninja (Post),Rains,https://www.lapa.ninja/post/rains-3/,https://cdn.lapa.ninja/assets/images/1x/rains-3-thumb.jpg,"[""#2a1f22"", ""#131317""]","{""#2a1f22"": 0.4361, ""#131317"": 0.3506}",#2a1f22,dark muted red,"rounded buttons, sidebar, feature list, top navigation, icon list, form","modern, luxury, warm",0.82
Lapa Ninja (Post),Artemisa Beauty,https://www.lapa.ninja/post/artemisabeauty/,https://cdn.lapa.ninja/assets/images/1x/artemisabeauty-thumb.jpg,"[""#f8f1e0"", ""#d7c8bd""]","{""#f8f1e0"": 0.4198, ""#d7c8bd"": 0.1994}",#f8f1e0,light bright orange,"large typography, grid layout, rounded buttons, sidebar, single column, form","modern, minimal, futuristic",0.83
Lapa Ninja (Post),Sundae Creative,https://www.lapa.ninja/post/sundaecreative/,https://cdn.lapa.ninja/assets/images/1x/sundaecreative-thumb.jpg,"[""#1f2120"", ""#fbfbfb""]","{""#1f2120"": 0.4637, ""#fbfbfb"": 0.1805}",#1f2120,dark muted neutral,"sidebar, large typography, top navigation, icon list, feature list, split screen","modern, professional, serious",0.8
Lapa Ninja (Post),Wodniack,https://www.lapa.ninja/post/wodniack/,https://cdn.lapa.ninja/assets/images/1x/wodniack-thumb.jpg,"[""#f20d3f"", ""#170000""]","{""#f20d3f"": 0.7577, ""#170000"": 0.0887}",#f20d3f,bright red,"large typography, sidebar, feature list, grid layout, pricing cards, footer","creative, modern, artistic",0.86
Lapa Ninja (Post),OrbitX,https://www.lapa.ninja/post/orbitxpay/,https://cdn.lapa.ninja/assets/images/1x/orbitxpay-thumb.jpg,"[""#050507"", ""#1b1c1f""]","{""#050507"": 0.6058, ""#1b1c1f"": 0.2379}",#050507,dark muted blue,"grid layout, pricing cards, rounded buttons, sidebar, avatar, split screen","modern, futuristic, luxury",0.86
Lapa Ninja (Post),The Coding Train,https://www.lapa.ninja/post/thecodingtrain/,https://cdn.lapa.ninja/assets/images/1x/thecodingtrain-thumb.jpg,"[""#221e22"", ""#a04966""]","{""#221e22"": 0.8088, ""#a04966"": 0.0859}",#221e22,dark muted neutral,"grid layout, feature list, video background, sidebar, search bar, icon list","cool, retro, futuristic",0.83
Lapa Ninja (Post),Wild Thingz,https://www.lapa.ninja/post/wildthingz/,https://cdn.lapa.ninja/assets/images/1x/wildthingz-thumb.jpg,"[""#0b200c"", ""#b0f43f""]","{""#0b200c"": 0.6091, ""#b0f43f"": 0.1631}",#0b200c,dark bright green,"video background, avatar, sidebar, logo, large typography, footer","cool, serious, trustworthy",0.88
Lapa Ninja (Post),By Hollie Arnett,https://www.lapa.ninja/post/byholliearnett/,https://cdn.lapa.ninja/assets/images/1x/byholliearnett-thumb.jpg,"[""#efede2"", ""#919c91""]","{""#efede2"": 0.5244, ""#919c91"": 0.1985}",#efede2,light muted yellow,"grid layout, sidebar, large typography, rounded buttons, avatar, icon list","modern, retro, futuristic",0.86
Lapa Ninja (Post),Browserbase,https://www.lapa.ninja/post/browserbase/,https://cdn.lapa.ninja/assets/images/1x/browserbase-thumb.jpg,"[""#fefefe""]","{""#fefefe"": 0.9475}",#fefefe,light muted neutral,"rounded buttons, search bar, icon list, feature list, grid layout, avatar","professional, modern, futuristic",0.82
Lapa Ninja (Post),DoThings,https://www.lapa.ninja/post/dothingsnyc-2/,https://cdn.lapa.ninja/assets/images/1x/dothingsnyc-2-thumb.jpg,"[""#aaa9a9"", ""#fdfdfd""]","{""#aaa9a9"": 0.3915, ""#fdfdfd"": 0.5172}",#aaa9a9,muted neutral,"large typography, sidebar, grid layout, rounded buttons, feature list, pricing cards","creative, modern, artistic",0.78
Lapa Ninja (Post),Social Impact Capital,https://www.lapa.ninja/post/social-impact-capital/,https://cdn.lapa.ninja/assets/images/1x/social-impact-capital-thumb.jpg,"[""#fbfbfb""]","{""#fbfbfb"": 0.8038}",#fbfbfb,light muted neutral,"form, logo, illustration, two-column layout, sidebar, large typography","futuristic, cool, retro",0.82
Lapa Ninja (Post),FABRIC,https://www.lapa.ninja/post/fabric-vc-2/,https://cdn.lapa.ninja/assets/images/1x/fabric-vc-2-thumb.jpg,"[""#e1e1e9"", ""#f5f6fa""]","{""#e1e1e9"": 0.188, ""#f5f6fa"": 0.6879}",#e1e1e9,light muted blue,"large typography, grid layout, rounded buttons, form, pricing cards, footer","futuristic, modern, vibrant",0.71
Lapa Ninja (Post),Writing Examples,https://www.lapa.ninja/post/writingexamples/,https://cdn.lapa.ninja/assets/images/1x/writingexamples-thumb.jpg,"[""#6a473e"", ""#fef8ec""]","{""#6a473e"": 0.2455, ""#fef8ec"": 0.3036}",#6a473e,muted red,"pricing cards, card list, icon list, grid layout, feature list, sidebar","creative, trustworthy, retro",0.73
Lapa Ninja (Post),expand.ai,https://www.lapa.ninja/post/expand/,https://cdn.lapa.ninja/assets/images/1x/expand-thumb.jpg,"[""#f0f1ec""]","{""#f0f1ec"": 0.9176}",#f0f1ec,light muted yellow,"grid layout, large typography, rounded buttons, footer, sidebar, top navigation","minimal, modern, cool",0.87
Lapa Ninja (Post),Index,https://www.lapa.ninja/post/index-app/,https://cdn.lapa.ninja/assets/images/1x/index-app-thumb.jpg,"[""#fefefe"", ""#f9f8f6""]","{""#fefefe"": 0.6099, ""#f9f8f6"": 0.3528}",#fefefe,light muted neutral,"data table, pricing cards, rounded buttons, grid layout, feature list, chart","minimal, modern, professional",0.83
Lapa Ninja (Post),BRĒZ,https://www.lapa.ninja/post/drinkbrez-2/,https://cdn.lapa.ninja/assets/images/1x/drinkbrez-2-thumb.jpg,"[""#eeeaf6"", ""#fefefe""]","{""#eeeaf6"": 0.296, ""#fefefe"": 0.535}",#eeeaf6,light bright purple,"large typography, sidebar, single column, grid layout, video background, two-column layout","futuristic, modern, luxury",0.75
Lapa Ninja (Post),One Manor Place,https://www.lapa.ninja/post/omp/,https://cdn.lapa.ninja/assets/images/1x/omp-thumb.jpg,"[""#fcf5c6"", ""#fefefe""]","{""#fcf5c6"": 0.4418, ""#fefefe"": 0.261}",#fcf5c6,light bright yellow,"rounded buttons, grid layout, sidebar, pricing cards, feature list, large typography","professional, modern, friendly",0.83
Lapa Ninja (Post),FISK,https://www.lapa.ninja/post/fiskprojects/,https://cdn.lapa.ninja/assets/images/1x/fiskprojects-thumb.jpg,"[""#f5f5ee"", ""#ccae99""]","{""#f5f5ee"": 0.5905, ""#ccae99"": 0.1419}",#f5f5ee,light muted yellow,"pricing cards, grid layout, sidebar, card list, feature list, icon list","retro, artistic, creative",0.87
Lapa Ninja (Post),NOBL,https://www.lapa.ninja/post/nobl/,https://cdn.lapa.ninja/assets/images/1x/nobl-thumb.jpg,"[""#f8eee2""]","{""#f8eee2"": 0.9478}",#f8eee2,light bright orange,"sidebar, rounded buttons, top navigation, feature list, large typography, centered hero","modern, trustworthy, professional",0.85
Lapa Ninja (Post),HeroKit,https://www.lapa.ninja/post/herokit/,https://cdn.lapa.ninja/assets/images/1x/herokit-thumb.jpg,"[""#000000"", ""#fefca4""]","{""#000000"": 0.4624, ""#fefca4"": 0.3729}",#000000,dark muted neutral,"search bar, rounded buttons, video background, avatar, sidebar, form","futuristic, minimal, professional",0.81
Lapa Ninja (Post),Davide Baratta,https://www.lapa.ninja/post/davidebaratta-2/,https://cdn.lapa.ninja/assets/images/1x/davidebaratta-2-thumb.jpg,"[""#fdfdfd"", ""#151313""]","{""#fdfdfd"": 0.6907, ""#151313"": 0.1402}",#fdfdfd,light muted neutral,"grid layout, rounded buttons, icon list, large typography, two-column layout, sidebar","modern, minimal, luxury",0.83
Lapa Ninja (Post),Valentin Cheval,https://www.lapa.ninja/post/valentincheval/,https://cdn.lapa.ninja/assets/images/1x/valentincheval-thumb.jpg,"[""#0e0d0f""]","{""#0e0d0f"": 0.8803}",#0e0d0f,dark muted neutral,"rounded buttons, grid layout, feature list, sidebar, footer, icon list","futuristic, modern, professional",0.83
Lapa Ninja (Post),Fabric,https://www.lapa.ninja/post/fabric-so-2/,https://cdn.lapa.ninja/assets/images/1x/fabric-so-2-thumb.jpg,"[""#e9e9e9"", ""#fefefd""]","{""#e9e9e9"": 0.2214, ""#fefefd"": 0.729}",#e9e9e9,light muted neutral,"large typography, rounded buttons, grid layout, sidebar, search bar, feature list","minimal, modern, creative",0.69
Lapa Ninja (Post),Oakâme,https://www.lapa.ninja/post/oakame/,https://cdn.lapa.ninja/assets/images/1x/oakame-thumb.jpg,"[""#f4f0ea"", ""#d7d2cc""]","{""#f4f0ea"": 0.4966, ""#d7d2cc"": 0.2573}",#f4f0ea,light muted orange,"large typography, rounded buttons, pricing cards, form, data table, grid layout","minimal, modern, futuristic",0.86
Lapa Ninja (Post),Genway,https://www.lapa.ninja/post/genway/,https://cdn.lapa.ninja/assets/images/1x/genway-thumb.jpg,"[""#6a5edb"", ""#fbfafe""]","{""#6a5edb"": 0.309, ""#fbfafe"": 0.5262}",#6a5edb,bright blue,"rounded buttons, sidebar, feature list, avatar, centered hero, search bar","futuristic, minimal, modern",0.77
Lapa Ninja (Post),shoyokoko,https://www.lapa.ninja/post/shoyokoko/,https://cdn.lapa.ninja/assets/images/1x/shoyokoko-thumb.jpg,"[""#6e6123"", ""#151015""]","{""#6e6123"": 0.3207, ""#151015"": 0.2914}",#6e6123,bright orange,"sidebar, video background, rounded buttons, large typography, feature list, split screen","creative, futuristic, cool",0.78
Lapa Ninja (Post),Otherlife,https://www.lapa.ninja/post/otherlife/,https://cdn.lapa.ninja/assets/images/1x/otherlife-thumb.jpg,"[""#a59d93"", ""#fefefe""]","{""#a59d93"": 0.2312, ""#fefefe"": 0.3189}",#a59d93,muted neutral,"large typography, video background, sidebar, split screen, avatar, rounded buttons","creative, modern, artistic",0.69
Lapa Ninja (Post),Humane Ai Pin,https://www.lapa.ninja/post/humane/,https://cdn.lapa.ninja/assets/images/1x/humane-thumb.jpg,"[""#69644d"", ""#f5f6f6""]","{""#69644d"": 0.2892, ""#f5f6f6"": 0.333}",#69644d,muted orange,"grid layout, rounded buttons, split screen, feature list, search bar, avatar","modern, futuristic, cool",0.77
Lapa Ninja (Post),Warp,https://www.lapa.ninja/post/warp/,https://cdn.lapa.ninja/assets/images/1x/warp-thumb.jpg,"[""#121212"", ""#222726""]","{""#121212"": 0.5527, ""#222726"": 0.2232}",#121212,dark muted neutral,"split screen, video background, search bar, sidebar, grid layout, icon list","minimal, modern, professional",0.83
Lapa Ninja (Post),PARADOX Series,https://www.lapa.ninja/post/paradox-series/,https://cdn.lapa.ninja/assets/images/1x/paradox-series-thumb.jpg,"[""#e1e2e3"", ""#c4c3bb""]","{""#e1e2e3"": 0.5556, ""#c4c3bb"": 0.1292}",#e1e2e3,light muted neutral,"grid layout, rounded buttons, two-column layout, data table, feature list, sidebar","modern, luxury, futuristic",0.82
Lapa Ninja (Post),Onward,https://www.lapa.ninja/post/thisisonward-2/,https://cdn.lapa.ninja/assets/images/1x/thisisonward-2-thumb.jpg,"[""#f0ede9"", ""#010000""]","{""#f0ede9"": 0.5757, ""#010000"": 0.2839}",#f0ede9,light muted orange,"large typography, top navigation, split screen, rounded buttons, sidebar, pricing cards","modern, professional, futuristic",0.86
Lapa Ninja (Post),Kreatives,https://www.lapa.ninja/post/kreatives/,https://cdn.lapa.ninja/assets/images/1x/kreatives-thumb.jpg,"[""#fcfbf9"", ""#b7b6b4""]","{""#fcfbf9"": 0.5911, ""#b7b6b4"": 0.1627}",#fcfbf9,light muted orange,"sidebar, large typography, grid layout, feature list, rounded buttons, avatar","modern, creative, futuristic",0.86
Lapa Ninja (Post),Jack Redley Design,https://www.lapa.ninja/post/jackredley/,https://cdn.lapa.ninja/assets/images/1x/jackredley-thumb.jpg,"[""#070707"", ""#f4f5f4""]","{""#070707"": 0.5387, ""#f4f5f4"": 0.3042}",#070707,dark muted neutral,"sidebar, large typography, video background, footer, feature list, search bar","modern, futuristic, creative",0.83
Lapa Ninja (Post),Leya,https://www.lapa.ninja/post/leya/,https://cdn.lapa.ninja/assets/images/1x/leya-thumb.jpg,"[""#fefefe""]","{""#fefefe"": 0.889}",#fefefe,light muted neutral,"rounded buttons, footer, grid layout, sidebar, search bar, form","minimal, modern, professional",0.83
Lapa Ninja (Post),Granola,https://www.lapa.ninja/post/granola/,https://cdn.lapa.ninja/assets/images/1x/granola-thumb.jpg,"[""#fefefc"", ""#eef7d9""]","{""#fefefc"": 0.8311, ""#eef7d9"": 0.1295}",#fefefc,light bright yellow,"grid layout, sidebar, rounded buttons, feature list, split screen, data table","minimal, professional, modern",0.85
Lapa Ninja (Post),Kino,https://www.lapa.ninja/post/shotwithkino/,https://cdn.lapa.ninja/assets/images/1x/shotwithkino-thumb.jpg,"[""#010101"", ""#191929""]","{""#010101"": 0.8117, ""#191929"": 0.1237}",#010101,dark muted neutral,"video background, top navigation, cta button, split screen, rounded buttons, sidebar","retro, modern, futuristic",0.83
Lapa Ninja (Post),Front,https://www.lapa.ninja/post/front/,https://cdn.lapa.ninja/assets/images/1x/front-2-thumb.webp,"[""#23082e"", ""#fefefe""]","{""#23082e"": 0.3882, ""#fefefe"": 0.4341}",#23082e,dark bright purple,"rounded buttons, pricing cards, sidebar, cta button, search bar, footer","modern, professional, cool",0.82
Lapa Ninja (Post),Checkmyfile,https://www.lapa.ninja/post/checkmyfile/,https://cdn.lapa.ninja/assets/images/1x/checkmyfile-thumb.webp,"[""#f9faf8""]","{""#f9faf8"": 0.8089}",#f9faf8,light muted green,"pricing cards, rounded buttons, sidebar, grid layout, large typography, cta button","minimal, modern, trustworthy",0.87
Lapa Ninja (Post),Podia,https://www.lapa.ninja/post/podia/,https://cdn.lapa.ninja/assets/images/1x/podia-thumb.webp,"[""#f8f8f8"", ""#aeafca""]","{""#f8f8f8"": 0.6799, ""#aeafca"": 0.1189}",#f8f8f8,light muted neutral,"rounded buttons, grid layout, sidebar, pricing cards, feature list, large typography","modern, minimal, professional",0.83
Lapa Ninja (Post),Gev,https://www.lapa.ninja/post/gev/,https://cdn.lapa.ninja/assets/images/1x/gev-thumb.webp,"[""#fefefe"", ""#0e0d10""]","{""#fefefe"": 0.595, ""#0e0d10"": 0.1591}",#fefefe,light muted neutral,"rounded buttons, sidebar, search bar, split screen, footer, large typography","professional, modern, futuristic",0.83
Lapa Ninja (Post),Monkey Talkie,https://www.lapa.ninja/post/monkeytalkie/,https://cdn.lapa.ninja/assets/images/1x/monkeytalkie-thumb.webp,"[""#030101"", ""#937249""]","{""#030101"": 0.4825, ""#937249"": 0.1785}",#030101,dark bright red,"large typography, sidebar, split screen, video background, rounded buttons, avatar","minimal, modern, creative",0.86
Lapa Ninja (Post),Busy Status Bar,https://www.lapa.ninja/post/busy-bar/,https://cdn.lapa.ninja/assets/images/1x/busy-bar-thumb.webp,"[""#ececec"", ""#fdfdfd""]","{""#ececec"": 0.5669, ""#fdfdfd"": 0.2606}",#ececec,light muted neutral,"grid layout, large typography, rounded buttons, pricing cards, top navigation, sidebar","modern, professional, minimal",0.83
Lapa Ninja (Post),Polkadot,https://www.lapa.ninja/post/polkadot/,https://cdn.lapa.ninja/assets/images/1x/polkadot-thumb.webp,"[""#f0f3f5"", ""#231f33""]","{""#f0f3f5"": 0.6224, ""#231f33"": 0.1433}",#f0f3f5,light muted blue,"avatar, sidebar, grid layout, search bar, centered hero, split screen","futuristic, modern, minimal",0.87
Lapa Ninja (Post),DivBlockers,https://www.lapa.ninja/post/divblockers/,https://cdn.lapa.ninja/assets/images/1x/divblockers-thumb.webp,"[""#0a0a0b""]","{""#0a0a0b"": 0.845}",#0a0a0b,dark muted neutral,"rounded buttons, sidebar, top navigation, avatar, large typography, icon list","minimal, modern, bold",0.83
Lapa Ninja (Post),Buddy,https://www.lapa.ninja/post/buddy-works-2/,https://cdn.lapa.ninja/assets/images/1x/buddy-works-2-thumb.webp,"[""#fafafc"", ""#eff1f3""]","{""#fafafc"": 0.841, ""#eff1f3"": 0.1105}",#fafafc,light muted blue,"search bar, rounded buttons, grid layout, footer, feature list, data table","minimal, modern, cool",0.86
Lapa Ninja (Post),August Health,https://www.lapa.ninja/post/augusthealth/,https://cdn.lapa.ninja/assets/images/1x/augusthealth-thumb.webp,"[""#fcfbf9""]","{""#fcfbf9"": 0.8266}",#fcfbf9,light muted orange,"rounded buttons, sidebar, feature list, search bar, grid layout, pricing cards","modern, minimal, professional",0.87
Lapa Ninja (Post),Mach Studio,https://www.lapa.ninja/post/mach-studio/,https://cdn.lapa.ninja/assets/images/1x/mach-studio-thumb.webp,"[""#040402"", ""#b7e2da""]","{""#040402"": 0.3564, ""#b7e2da"": 0.3319}",#040402,dark muted yellow,"large typography, video background, top navigation, sidebar, split screen, feature list","futuristic, artistic, modern",0.79
Lapa Ninja (Post),Vazzi,https://www.lapa.ninja/post/vazzi/,https://cdn.lapa.ninja/assets/images/1x/vazzi-thumb.webp,"[""#84a69b"", ""#559795""]","{""#84a69b"": 0.3733, ""#559795"": 0.3589}",#84a69b,muted teal,"large typography, video background, top navigation, sidebar, footer, avatar","modern, creative, cool",0.8
Lapa Ninja (Post),Mathieu Crepel,https://www.lapa.ninja/post/mathieu-crepel/,https://cdn.lapa.ninja/assets/images/1x/mathieu-crepel-thumb.webp,"[""#343946"", ""#0a0e1a""]","{""#343946"": 0.4088, ""#0a0e1a"": 0.3116}",#343946,dark muted blue,"top navigation, rounded buttons, grid layout, large typography, footer, sidebar","modern, minimal, trustworthy",0.81
Lapa Ninja (Post),Unichain,https://www.lapa.ninja/post/unichain/,https://cdn.lapa.ninja/assets/images/1x/unichain-thumb.webp,"[""#f804c0"", ""#fcfcfc""]","{""#f804c0"": 0.2895, ""#fcfcfc"": 0.6702}",#f804c0,bright magenta,"large typography, pricing cards, grid layout, data table, rounded buttons, sidebar","modern, minimal, futuristic",0.77
Lapa Ninja (Post),Jonathan Grado,https://www.lapa.ninja/post/jonathangrado/,https://cdn.lapa.ninja/assets/images/1x/jonathangrado-thumb.webp,"[""#04090d"", ""#0e161c""]","{""#04090d"": 0.4458, ""#0e161c"": 0.2832}",#04090d,dark bright blue,"split screen, sidebar, avatar, video background, search bar, large typography","minimal, creative, artistic",0.85
Lapa Ninja (Post),GP Communication,https://www.lapa.ninja/post/gaelleperrin/,https://cdn.lapa.ninja/assets/images/1x/gaelleperrin-thumb.webp,"[""#fdfdfd"", ""#1d1912""]","{""#fdfdfd"": 0.5719, ""#1d1912"": 0.1276}",#fdfdfd,light muted neutral,"single column, large typography, grid layout, rounded buttons, sidebar, video background","modern, luxury, minimal",0.82
Lapa Ninja (Post),Diana Toloza,https://www.lapa.ninja/post/dianatoloza/,https://cdn.lapa.ninja/assets/images/1x/dianatoloza-thumb.webp,"[""#fefefe"", ""#170f07""]","{""#fefefe"": 0.6865, ""#170f07"": 0.1146}",#fefefe,light muted neutral,"grid layout, rounded buttons, icon list, footer, sidebar, search bar","minimal, modern, calm",0.84
Lapa Ninja (Post),Arcade AI,https://www.lapa.ninja/post/arcade-ai/,https://cdn.lapa.ninja/assets/images/1x/arcade-ai-thumb.webp,"[""#f3f3f2"", ""#b79f86""]","{""#f3f3f2"": 0.4381, ""#b79f86"": 0.1765}",#f3f3f2,light muted neutral,"rounded buttons, grid layout, feature list, search bar, sidebar, icon list","minimal, modern, luxury",0.8
Lapa Ninja (Post),Kit,https://www.lapa.ninja/post/kit/,https://cdn.lapa.ninja/assets/images/1x/kit-thumb.webp,"[""#1e1e1e"", ""#f1eee7""]","{""#1e1e1e"": 0.4511, ""#f1eee7"": 0.4356}",#1e1e1e,dark muted neutral,"grid layout, rounded buttons, large typography, sidebar, split screen, feature list","modern, professional, minimal",0.8
Lapa Ninja (Post),Shopify,https://www.lapa.ninja/post/shopify-2/,https://cdn.lapa.ninja/assets/images/1x/shopify-2-thumb.webp,"[""#010101"", ""#624f45""]","{""#010101"": 0.5146, ""#624f45"": 0.1944}",#010101,dark muted neutral,"feature list, search bar, sidebar, rounded buttons, avatar, icon list","modern, minimal, cool",0.82
Lapa Ninja (Post),Pass App,https://www.lapa.ninja/post/pass-app/,https://cdn.lapa.ninja/assets/images/1x/pass-app-thumb.webp,"[""#e6eae9"", ""#affb81""]","{""#e6eae9"": 0.7792, ""#affb81"": 0.1093}",#e6eae9,light muted neutral,"grid layout, pricing cards, cta button, rounded buttons, data table, large typography","futuristic, modern, cool",0.82
Lapa Ninja (Post),poolside,https://www.lapa.ninja/post/poolside-ai/,https://cdn.lapa.ninja/assets/images/1x/poolside-ai-thumb.webp,"[""#121212"", ""#161427""]","{""#121212"": 0.6403, ""#161427"": 0.3259}",#121212,dark muted neutral,"grid layout, rounded buttons, search bar, sidebar, footer, video background","modern, minimal, futuristic",0.83
Lapa Ninja (Post),Sketch,https://www.lapa.ninja/post/sketch-5/,https://cdn.lapa.ninja/assets/images/1x/sketch-5-thumb.webp,"[""#e5dbee"", ""#f7f5f6""]","{""#e5dbee"": 0.2754, ""#f7f5f6"": 0.5605}",#e5dbee,light bright purple,"rounded buttons, grid layout, split screen, search bar, video background, feature list","modern, futuristic, minimal",0.76
Lapa Ninja (Post),Family Style,https://www.lapa.ninja/post/wearefamilystyle/,https://cdn.lapa.ninja/assets/images/1x/wearefamilystyle-thumb.webp,"[""#fefefe""]","{""#fefefe"": 0.7519}",#fefefe,light muted neutral,"rounded buttons, sidebar, large typography, grid layout, feature list, search bar","cool, modern, minimal",0.83
Lapa Ninja (Post),Social Web Foundation,https://www.lapa.ninja/post/socialwebfoundation/,https://cdn.lapa.ninja/assets/images/1x/socialwebfoundation-thumb.webp,"[""#fdfdfd""]","{""#fdfdfd"": 0.8455}",#fdfdfd,light muted neutral,"sidebar, grid layout, rounded buttons, search bar, feature list, icon list","modern, minimal, friendly",0.82
Lapa Ninja (Post),Patch,https://www.lapa.ninja/post/patch-io/,https://cdn.lapa.ninja/assets/images/1x/patch-io-thumb.webp,"[""#fdfdfd"", ""#131412""]","{""#fdfdfd"": 0.7423, ""#131412"": 0.171}",#fdfdfd,light muted neutral,"sidebar, search bar, split screen, video background, rounded buttons, avatar","futuristic, trustworthy, minimal",0.83
Lapa Ninja (Post),Nod Coding,https://www.lapa.ninja/post/nodcoding/,https://cdn.lapa.ninja/assets/images/1x/nodcoding-thumb.webp,"[""#fcfaf7"", ""#f9bb86""]","{""#fcfaf7"": 0.6975, ""#f9bb86"": 0.1367}",#fcfaf7,light bright orange,"large typography, sidebar, grid layout, pricing cards, split screen, feature list","modern, cool, bold",0.86
Lapa Ninja (Post),Kernel,https://www.lapa.ninja/post/eatkernel/,https://cdn.lapa.ninja/assets/images/1x/eatkernel-thumb.webp,"[""#b96c2f"", ""#f9faf9""]","{""#b96c2f"": 0.1912, ""#f9faf9"": 0.4522}",#b96c2f,bright orange,"rounded buttons, grid layout, sidebar, large typography, feature list, split screen","bold, modern, creative",0.71
Lapa Ninja (Post),Mélanie Tillie,https://www.lapa.ninja/post/melanie-tillie/,https://cdn.lapa.ninja/assets/images/1x/melanie-tillie-thumb.webp,"[""#fdfefe"", ""#f5e2e5""]","{""#fdfefe"": 0.8025, ""#f5e2e5"": 0.1183}",#fdfefe,light muted teal,"grid layout, rounded buttons, sidebar, large typography, footer, avatar","minimal, modern, friendly",0.87
Lapa Ninja (Post),Decathlon AFLF,https://www.lapa.ninja/post/decathlon-aflf/,https://cdn.lapa.ninja/assets/images/1x/decathlon-aflf-thumb.webp,"[""#1b1c1c"", ""#fafbfa""]","{""#1b1c1c"": 0.2326, ""#fafbfa"": 0.3515}",#1b1c1c,dark muted neutral,"top navigation, sidebar, feature list, avatar, icon list, grid layout","futuristic, retro, cool",0.69
Lapa Ninja (Post),Magicstreet,https://www.lapa.ninja/post/magicstreet/,https://cdn.lapa.ninja/assets/images/1x/magicstreet-thumb.webp,"[""#090101""]","{""#090101"": 0.8271}",#090101,dark bright red,"large typography, video background, grid layout, split screen, rounded buttons, form","futuristic, minimal, modern",0.88
Lapa Ninja (Post),Fig.1 Beauty,https://www.lapa.ninja/post/fig-1-2/,https://cdn.lapa.ninja/assets/images/1x/fig-1-2-thumb.webp,"[""#f8f2f0"", ""#d8c28b""]","{""#f8f2f0"": 0.6442, ""#d8c28b"": 0.1664}",#f8f2f0,light bright red,"rounded buttons, grid layout, large typography, sidebar, split screen, two-column layout","modern, futuristic, creative",0.86
Lapa Ninja (Post),Decide AI,https://www.lapa.ninja/post/decideai/,https://cdn.lapa.ninja/assets/images/1x/decideai-thumb.webp,"[""#030303"", ""#fefefe""]","{""#030303"": 0.6419, ""#fefefe"": 0.2564}",#030303,dark muted neutral,"data table, large typography, rounded buttons, feature list, grid layout, icon list","futuristic, modern, cool",0.82
Lapa Ninja (Post),Coinshift,https://www.lapa.ninja/post/coinshift/,https://cdn.lapa.ninja/assets/images/1x/coinshift-thumb.webp,"[""#131313""]","{""#131313"": 0.8782}",#131313,dark muted neutral,"pricing cards, video background, cta button, rounded buttons, sidebar, search bar","modern, trustworthy, luxury",0.82
Lapa Ninja (Post),Mother Studio,https://www.lapa.ninja/post/mother/,https://cdn.lapa.ninja/assets/images/1x/mother-thumb.webp,"[""#efa1f3"", ""#f177a9""]","{""#efa1f3"": 0.2707, ""#f177a9"": 0.2312}",#efa1f3,bright purple,"video background, rounded buttons, large typography, sidebar, grid layout, feature list","creative, modern, retro",0.75
Lapa Ninja (Post),Lâm Bảo,https://www.lapa.ninja/post/lam-bao/,https://cdn.lapa.ninja/assets/images/1x/lam-bao-thumb.webp,"[""#dad8da"", ""#fcfbfb""]","{""#dad8da"": 0.3688, ""#fcfbfb"": 0.5249}",#dad8da,light muted neutral,"large typography, sidebar, icon list, search bar, two-column layout, avatar","cool, creative, friendly",0.76
Lapa Ninja (Post),Good Looking Design,https://www.lapa.ninja/post/goodlookingdesign/,https://cdn.lapa.ninja/assets/images/1x/goodlookingdesign-thumb.webp,"[""#1401ca"", ""#e1e2f8""]","{""#1401ca"": 0.5446, ""#e1e2f8"": 0.3693}",#1401ca,bright blue,"grid layout, sidebar, pricing cards, large typography, rounded buttons, search bar","modern, professional, cool",0.86
Lapa Ninja (Post),Sunny Within,https://www.lapa.ninja/post/sunnywithin/,https://cdn.lapa.ninja/assets/images/1x/sunnywithin-thumb.webp,"[""#f5efde"", ""#61aba4""]","{""#f5efde"": 0.3992, ""#61aba4"": 0.1965}",#f5efde,light bright orange,"pricing cards, rounded buttons, grid layout, sidebar, split screen, search bar","modern, cool, creative",0.82
Lapa Ninja (Post),Sound Ethics,https://www.lapa.ninja/post/soundethics/,https://cdn.lapa.ninja/assets/images/1x/soundethics-thumb.webp,"[""#131316"", ""#fdfdfd""]","{""#131316"": 0.5505, ""#fdfdfd"": 0.2897}",#131316,dark muted neutral,"large typography, sidebar, rounded buttons, video background, feature list, grid layout","futuristic, retro, cool",0.82
Lapa Ninja (Post),SAPIENS,https://www.lapa.ninja/post/sapiens-vision/,https://cdn.lapa.ninja/assets/images/1x/sapiens-vision-thumb.webp,"[""#7e7b79"", ""#151413""]","{""#7e7b79"": 0.3725, ""#151413"": 0.3287}",#7e7b79,muted neutral,"avatar, icon list, sidebar, split screen, large typography, search bar","minimal, futuristic, modern",0.77
Lapa Ninja (Post),Rune,https://www.lapa.ninja/post/rune/,https://cdn.lapa.ninja/assets/images/1x/rune-thumb.jpg,"[""#a8a8af"", ""#f8fafb""]","{""#a8a8af"": 0.2604, ""#f8fafb"": 0.2785}",#a8a8af,muted neutral,"pricing cards, data table, grid layout, video background, top navigation, form","futuristic, modern, luxury",0.7
Lapa Ninja (Post),Nile Postgres,https://www.lapa.ninja/post/thenile/,https://cdn.lapa.ninja/assets/images/1x/thenile-thumb.webp,"[""#010101"", ""#1a1a1b""]","{""#010101"": 0.7188, ""#1a1a1b"": 0.1451}",#010101,dark muted neutral,"rounded buttons, feature list, grid layout, pricing cards, sidebar, large typography","minimal, professional, futuristic",0.82
Lapa Ninja (Post),fal.ai,https://www.lapa.ninja/post/fal/,https://cdn.lapa.ninja/assets/images/1x/fal-thumb.webp,"[""#86e2f3"", ""#fbfcfc""]","{""#86e2f3"": 0.341, ""#fbfcfc"": 0.3993}",#86e2f3,bright teal,"pricing cards, feature list, avatar, sidebar, grid layout, large typography","modern, cool, creative",0.77
Lapa Ninja (Post),Aptos Build,https://www.lapa.ninja/post/aptosbuild/,https://cdn.lapa.ninja/assets/images/1x/aptosbuild-thumb.webp,"[""#0d0d0d"", ""#000000""]","{""#0d0d0d"": 0.8352, ""#000000"": 0.1184}",#0d0d0d,dark muted neutral,"large typography, grid layout, footer, top navigation, feature list, data table","modern, futuristic, minimal",0.83
Lapa Ninja (Post),ORKEN,https://www.lapa.ninja/post/orkenworld/,https://cdn.lapa.ninja/assets/images/1x/orkenworld-thumb.webp,"[""#f7580f"", ""#130604""]","{""#f7580f"": 0.309, ""#130604"": 0.2762}",#f7580f,bright red,"large typography, video background, grid layout, split screen, sidebar, icon list","creative, cool, bold",0.76
Lapa Ninja (Post),Oriol.Design,https://www.lapa.ninja/post/oriol/,https://cdn.lapa.ninja/assets/images/1x/oriol-thumb.webp,"[""#fefefe""]","{""#fefefe"": 0.8794}",#fefefe,light muted neutral,"large typography, pricing cards, grid layout, rounded buttons, footer, sidebar","professional, futuristic, minimal",0.82
Lapa Ninja (Post),Cumulus Coffee,https://www.lapa.ninja/post/cumuluscoffee/,https://cdn.lapa.ninja/assets/images/1x/cumuluscoffee-thumb.webp,"[""#160d09"", ""#ebe8d9""]","{""#160d09"": 0.2735, ""#ebe8d9"": 0.2322}",#160d09,dark bright red,"rounded buttons, grid layout, single column, pricing cards, video background, footer","modern, minimal, luxury",0.74
Lapa Ninja (Post),CrunchDAO,https://www.lapa.ninja/post/crunchdao/,https://cdn.lapa.ninja/assets/images/1x/crunchdao-thumb.webp,"[""#101010"", ""#5e5f5e""]","{""#101010"": 0.5817, ""#5e5f5e"": 0.2953}",#101010,dark muted neutral,"grid layout, large typography, rounded buttons, search bar, video background, data table","minimal, modern, futuristic",0.83
Lapa Ninja (Post),Buzzsprout,https://www.lapa.ninja/post/buzzsprout/,https://cdn.lapa.ninja/assets/images/1x/buzzsprout-thumb.webp,"[""#1e1f1d"", ""#f9f9f9""]","{""#1e1f1d"": 0.2796, ""#f9f9f9"": 0.6671}",#1e1f1d,dark muted neutral,"rounded buttons, grid layout, large typography, footer, top navigation, search bar","modern, minimal, futuristic",0.72
Lapa Ninja (Post),Anterior,https://www.lapa.ninja/post/anterior/,https://cdn.lapa.ninja/assets/images/1x/anterior-thumb.webp,"[""#1e1921"", ""#fefcf0""]","{""#1e1921"": 0.1958, ""#fefcf0"": 0.6756}",#1e1921,dark muted purple,"large typography, sidebar, cta button, pricing cards, form, rounded buttons","futuristic, modern, retro",0.71
Lapa Ninja (Post),andhuman,https://www.lapa.ninja/post/andhuman/,https://cdn.lapa.ninja/assets/images/1x/andhuman-thumb.webp,"[""#f6f6f7"", ""#120f12""]","{""#f6f6f7"": 0.6267, ""#120f12"": 0.1376}",#f6f6f7,light muted neutral,"rounded buttons, sidebar, video background, split screen, search bar, feature list","modern, futuristic, minimal",0.82
Lapa Ninja (Post),AgentQL,https://www.lapa.ninja/post/agentql/,https://cdn.lapa.ninja/assets/images/1x/agentql-thumb.webp,"[""#08090b"", ""#141828""]","{""#08090b"": 0.7823, ""#141828"": 0.1325}",#08090b,dark muted blue,"video background, search bar, grid layout, split screen, sidebar, feature list","futuristic, modern, minimal",0.87
Lapa Ninja (Post),0to100,https://www.lapa.ninja/post/0to100/,https://cdn.lapa.ninja/assets/images/1x/0to100-thumb.webp,"[""#ebebeb"", ""#303839""]","{""#ebebeb"": 0.567, ""#303839"": 0.1951}",#ebebeb,light muted neutral,"rounded buttons, grid layout, search bar, pricing cards, large typography, data table","minimal, modern, futuristic",0.83
Lapa Ninja (Post),Height,https://www.lapa.ninja/post/height-app-4/,https://cdn.lapa.ninja/assets/images/1x/height-app-4-thumb.webp,"[""#0f0f0f""]","{""#0f0f0f"": 0.8884}",#0f0f0f,dark muted neutral,"rounded buttons, large typography, grid layout, sidebar, search bar, feature list","modern, futuristic, minimal",0.83
Lapa Ninja (Post),Stratus Ventures,https://www.lapa.ninja/post/stratus-ventures/,https://cdn.lapa.ninja/assets/images/1x/stratus-ventures-thumb.webp,"[""#f9f9f9"", ""#596560""]","{""#f9f9f9"": 0.6229, ""#596560"": 0.1273}",#f9f9f9,light muted neutral,"large typography, sidebar, grid layout, rounded buttons, top navigation, feature list","minimal, futuristic, modern",0.83
Lapa Ninja (Post),Peppermint,https://www.lapa.ninja/post/paywithpeppermint/,https://cdn.lapa.ninja/assets/images/1x/paywithpeppermint-thumb.webp,"[""#0c153a"", ""#5f3fed""]","{""#0c153a"": 0.4832, ""#5f3fed"": 0.2225}",#0c153a,dark bright blue,"pricing cards, large typography, video background, sidebar, feature list, split screen","cool, modern, retro",0.85
Lapa Ninja (Post),A Creative Partner,https://www.lapa.ninja/post/acreativepartner-2/,https://cdn.lapa.ninja/assets/images/1x/acreativepartner-2-thumb.webp,"[""#a9a09c"", ""#fefdfd""]","{""#a9a09c"": 0.2731, ""#fefdfd"": 0.2858}",#a9a09c,muted neutral,"sidebar, video background, rounded buttons, feature list, large typography, split screen","bold, creative, cool",0.71
Lapa Ninja (Post),Corners,https://www.lapa.ninja/post/cornersnewyork/,https://cdn.lapa.ninja/assets/images/1x/cornersnewyork-thumb.webp,"[""#f9f8f7"", ""#afa483""]","{""#f9f8f7"": 0.6068, ""#afa483"": 0.1162}",#f9f8f7,light muted orange,"rounded buttons, form, sidebar, two-column layout, large typography, grid layout","modern, futuristic, artistic",0.86
Lapa Ninja (Post),Freetrade,https://www.lapa.ninja/post/freetrade-3/,https://cdn.lapa.ninja/assets/images/1x/freetrade-3-thumb.webp,"[""#0a0a0b""]","{""#0a0a0b"": 0.8662}",#0a0a0b,dark muted neutral,"large typography, video background, sidebar, chart, pricing cards, grid layout","futuristic, minimal, modern",0.82
Lapa Ninja (Post),MBRS,https://www.lapa.ninja/post/mb/,https://cdn.lapa.ninja/assets/images/1x/mb-thumb.webp,"[""#ebebe8"", ""#1d1109""]","{""#ebebe8"": 0.4258, ""#1d1109"": 0.1654}",#ebebe8,light muted neutral,"large typography, sidebar, rounded buttons, grid layout, two-column layout, video background","modern, futuristic, minimal",0.79
Lapa Ninja (Post),Amplemarket,https://www.lapa.ninja/post/amplemarket/,https://cdn.lapa.ninja/assets/images/1x/amplemarket-thumb.webp,"[""#e9e8e1"", ""#0f0f0e""]","{""#e9e8e1"": 0.6711, ""#0f0f0e"": 0.2004}",#e9e8e1,light muted yellow,"search bar, sidebar, split screen, top navigation, feature list, rounded buttons","modern, minimal, futuristic",0.87
Lapa Ninja (Post),Max Milkin,https://www.lapa.ninja/post/max-milkin/,https://cdn.lapa.ninja/assets/images/1x/max-milkin-thumb.webp,"[""#2f3130"", ""#f5f7f5""]","{""#2f3130"": 0.1944, ""#f5f7f5"": 0.7226}",#2f3130,dark muted neutral,"large typography, grid layout, sidebar, rounded buttons, footer, two-column layout","friendly, modern, professional",0.68
Lapa Ninja (Post),Mystic,https://www.lapa.ninja/post/mystic/,https://cdn.lapa.ninja/assets/images/1x/mystic-thumb.webp,"[""#141214"", ""#271c27""]","{""#141214"": 0.7976, ""#271c27"": 0.1278}",#141214,dark muted neutral,"large typography, grid layout, video background, avatar, split screen, centered hero","futuristic, modern, cool",0.83
Lapa Ninja (Post),Qatalog,https://www.lapa.ninja/post/qatalog-5/,https://cdn.lapa.ninja/assets/images/1x/qatalog-5-thumb.webp,"[""#f0f2f3"", ""#fefefe""]","{""#f0f2f3"": 0.8502, ""#fefefe"": 0.1119}",#f0f2f3,light muted neutral,"large typography, grid layout, rounded buttons, top navigation, avatar, search bar","minimal, modern, creative",0.83
Lapa Ninja (Post),Eisku,https://www.lapa.ninja/post/eisku/,https://cdn.lapa.ninja/assets/images/1x/eisku-thumb.webp,"[""#c9c6c6"", ""#fdfdfd""]","{""#c9c6c6"": 0.2744, ""#fdfdfd"": 0.3468}",#c9c6c6,muted neutral,"rounded buttons, grid layout, footer, feature list, large typography, data table","modern, creative, minimal",0.71
Lapa Ninja (Post),Brightscout,https://www.lapa.ninja/post/brightscout-3/,https://cdn.lapa.ninja/assets/images/1x/brightscout-3-thumb.webp,"[""#111111"", ""#f1f2eb""]","{""#111111"": 0.5527, ""#f1f2eb"": 0.3985}",#111111,dark muted neutral,"large typography, rounded buttons, top navigation, search bar, grid layout, split screen","futuristic, cool, modern",0.83
Lapa Ninja (Post),Better Stack,https://www.lapa.ninja/post/betterstack/,https://cdn.lapa.ninja/assets/images/1x/betterstack-thumb.webp,"[""#0b0a10""]","{""#0b0a10"": 0.9546}",#0b0a10,dark muted blue,"large typography, grid layout, rounded buttons, top navigation, split screen, sidebar","futuristic, modern, minimal",0.87
Lapa Ninja (Post),Iván Willenberg,https://www.lapa.ninja/post/ivanwillenberg/,https://cdn.lapa.ninja/assets/images/1x/ivanwillenberg-thumb.webp,"[""#0a0a0a"", ""#39393b""]","{""#0a0a0a"": 0.4599, ""#39393b"": 0.2173}",#0a0a0a,dark muted neutral,"large typography, grid layout, avatar, split screen, video background, sidebar","artistic, modern, minimal",0.81
Lapa Ninja (Post),Yann Kubacki,https://www.lapa.ninja/post/yannkubacki/,https://cdn.lapa.ninja/assets/images/1x/yannkubacki-thumb.webp,"[""#dfe0e2"", ""#f2f2f2""]","{""#dfe0e2"": 0.2714, ""#f2f2f2"": 0.6097}",#dfe0e2,light muted neutral,"grid layout, rounded buttons, large typography, footer, split screen, sidebar","minimal, modern, futuristic",0.72
Lapa Ninja (Post),Sellix,https://www.lapa.ninja/post/sellix/,https://cdn.lapa.ninja/assets/images/1x/sellix-thumb.webp,"[""#0f0f11""]","{""#0f0f11"": 0.8799}",#0f0f11,dark muted neutral,"large typography, top navigation, search bar, grid layout, avatar, footer","futuristic, modern, minimal",0.83
Lapa Ninja (Post),Spaag,https://www.lapa.ninja/post/spaag/,https://cdn.lapa.ninja/assets/images/1x/spaag-thumb.webp,"[""#7fce82"", ""#fefefe""]","{""#7fce82"": 0.4268, ""#fefefe"": 0.2996}",#7fce82,bright green,"footer, rounded buttons, sidebar, pricing cards, feature list, form","modern, luxury, futuristic",0.82
Lapa Ninja (Post),PIVOT,https://www.lapa.ninja/post/pivotmade/,https://cdn.lapa.ninja/assets/images/1x/pivotmade-thumb.webp,"[""#1f1e1c"", ""#58473d""]","{""#1f1e1c"": 0.4731, ""#58473d"": 0.19}",#1f1e1c,dark muted neutral,"sidebar, grid layout, split screen, rounded buttons, feature list, search bar","professional, modern, futuristic",0.81
Lapa Ninja (Post),Eraser,https://www.lapa.ninja/post/eraser/,https://cdn.lapa.ninja/assets/images/1x/eraser-thumb.webp,"[""#101010""]","{""#101010"": 0.9111}",#101010,dark muted neutral,"sidebar, feature list, grid layout, data table, search bar, icon list","modern, professional, minimal",0.82
Lapa Ninja (Post),Retool,https://www.lapa.ninja/post/retool-3/,https://cdn.lapa.ninja/assets/images/1x/retool-3-thumb.webp,"[""#131312"", ""#f0f5f4""]","{""#131312"": 0.6027, ""#f0f5f4"": 0.2317}",#131312,dark muted neutral,"search bar, grid layout, top navigation, feature list, data table, large typography","minimal, modern, futuristic",0.84
Lapa Ninja (Post),Atlas,https://www.lapa.ninja/post/atlas/,https://cdn.lapa.ninja/assets/images/1x/atlas-thumb.webp,"[""#fcfdfd"", ""#c0dbf2""]","{""#fcfdfd"": 0.6605, ""#c0dbf2"": 0.1243}",#fcfdfd,light muted teal,"grid layout, large typography, rounded buttons, pricing cards, feature list, sidebar","modern, futuristic, creative",0.86
Lapa Ninja (Post),Departure Mono,https://www.lapa.ninja/post/departuremono/,https://cdn.lapa.ninja/assets/images/1x/departuremono-thumb.webp,"[""#e9e9e9"", ""#363535""]","{""#e9e9e9"": 0.6824, ""#363535"": 0.1302}",#e9e9e9,light muted neutral,"pricing cards, grid layout, two-column layout, data table, large typography, rounded buttons","modern, minimal, professional",0.83
Lapa Ninja (Post),Sweety Ice Cream,https://www.lapa.ninja/post/sweetyicecream/,https://cdn.lapa.ninja/assets/images/1x/sweetyicecream-thumb.webp,"[""#fad9a2"", ""#1c58e7""]","{""#fad9a2"": 0.4041, ""#1c58e7"": 0.2009}",#fad9a2,bright orange,"rounded buttons, feature list, sidebar, pricing cards, video background, grid layout","luxury, retro, cool",0.82
Lapa Ninja (Post),Terra,https://www.lapa.ninja/post/terrainnovation/,https://cdn.lapa.ninja/assets/images/1x/terrainnovation-thumb.webp,"[""#fefefe"", ""#dfdbd5""]","{""#fefefe"": 0.7016, ""#dfdbd5"": 0.1553}",#fefefe,light muted neutral,"grid layout, pricing cards, avatar, feature list, split screen, rounded buttons","futuristic, minimal, modern",0.82
Lapa Ninja (Post),MindPalace,https://www.lapa.ninja/post/mindpalace/,https://cdn.lapa.ninja/assets/images/1x/mindpalace-thumb.webp,"[""#1a1110"", ""#f7f9f7""]","{""#1a1110"": 0.1814, ""#f7f9f7"": 0.458}",#1a1110,dark muted red,"sidebar, grid layout, large typography, split screen, search bar, rounded buttons","minimal, modern, cool",0.71
Lapa Ninja (Post),HYVE.SYSTEMS,https://www.lapa.ninja/post/hyve/,https://cdn.lapa.ninja/assets/images/1x/hyve-thumb.webp,"[""#121418"", ""#f2f6f5""]","{""#121418"": 0.6632, ""#f2f6f5"": 0.2365}",#121418,dark muted blue,"rounded buttons, sidebar, large typography, grid layout, search bar, pricing cards","futuristic, trustworthy, modern",0.85
Lapa Ninja (Post),GitButler,https://www.lapa.ninja/post/gitbutler/,https://cdn.lapa.ninja/assets/images/1x/gitbutler-thumb.webp,"[""#f0f1ee"", ""#fefefe""]","{""#f0f1ee"": 0.5698, ""#fefefe"": 0.2403}",#f0f1ee,light muted neutral,"grid layout, rounded buttons, pricing cards, large typography, two-column layout, footer","minimal, modern, professional",0.83
Lapa Ninja (Post),Galxe,https://www.lapa.ninja/post/galxe/,https://cdn.lapa.ninja/assets/images/1x/galxe-thumb.webp,"[""#06030c"", ""#6b12e7""]","{""#06030c"": 0.5808, ""#6b12e7"": 0.1328}",#06030c,dark bright purple,"grid layout, video background, large typography, feature list, form, rounded buttons","futuristic, modern, minimal",0.87
Lapa Ninja (Post),Echo and Nate,https://www.lapa.ninja/post/echoandnate/,https://cdn.lapa.ninja/assets/images/1x/echoandnate-thumb.webp,"[""#0b101d"", ""#62a3a8""]","{""#0b101d"": 0.5732, ""#62a3a8"": 0.1771}",#0b101d,dark bright blue,"sidebar, avatar, video background, split screen, icon list, feature list","bold, artistic, creative",0.86
Lapa Ninja (Post),Built for Archives,https://www.lapa.ninja/post/builtforarchives/,https://cdn.lapa.ninja/assets/images/1x/builtforarchives-thumb.webp,"[""#eeeeee"", ""#fefefe""]","{""#eeeeee"": 0.4624, ""#fefefe"": 0.3463}",#eeeeee,light muted neutral,"large typography, feature list, sidebar, two-column layout, icon list, rounded buttons","minimal, modern, futuristic",0.8
Lapa Ninja (Post),The Arena,https://www.lapa.ninja/post/th3arena/,https://cdn.lapa.ninja/assets/images/1x/th3arena-thumb.webp,"[""#050406"", ""#352945""]","{""#050406"": 0.7564, ""#352945"": 0.101}",#050406,dark muted purple,"sidebar, split screen, video background, feature list, rounded buttons, grid layout","modern, cool, minimal",0.85
Lapa Ninja (Post),Stripe Dot Dev,https://www.lapa.ninja/post/stripe-dev/,https://cdn.lapa.ninja/assets/images/1x/stripe-dev-thumb.webp,"[""#f2eff5""]","{""#f2eff5"": 0.8706}",#f2eff5,light muted purple,"large typography, data table, top navigation, rounded buttons, pricing cards, footer","modern, futuristic, luxury",0.86
Lapa Ninja (Post),Delcap,https://www.lapa.ninja/post/delcap/,https://cdn.lapa.ninja/assets/images/1x/delcap-thumb.webp,"[""#f9fbfe"", ""#c7dbee""]","{""#f9fbfe"": 0.5338, ""#c7dbee"": 0.1529}",#f9fbfe,light bright blue,"grid layout, rounded buttons, pricing cards, large typography, footer, form","minimal, modern, professional",0.87
Lapa Ninja (Post),Earthr,https://www.lapa.ninja/post/earthr-3/,https://cdn.lapa.ninja/assets/images/1x/earthr-3-thumb.webp,"[""#0b0b0d"", ""#fcfcfd""]","{""#0b0b0d"": 0.4298, ""#fcfcfd"": 0.4648}",#0b0b0d,dark muted neutral,"large typography, rounded buttons, form, footer, split screen, feature list","futuristic, modern, cool",0.79
Lapa Ninja (Post),Morgenmete,https://www.lapa.ninja/post/morgenmete/,https://cdn.lapa.ninja/assets/images/1x/morgenmete-thumb.webp,"[""#f1e5c9"", ""#251a26""]","{""#f1e5c9"": 0.4991, ""#251a26"": 0.1938}",#f1e5c9,light bright orange,"rounded buttons, sidebar, large typography, footer, video background, grid layout","modern, creative, minimal",0.87
Lapa Ninja (Post),we_sounds,https://www.lapa.ninja/post/we-sounds/,https://cdn.lapa.ninja/assets/images/1x/we-sounds-thumb.webp,"[""#000000"", ""#fefefe""]","{""#000000"": 0.7979, ""#fefefe"": 0.1776}",#000000,dark muted neutral,"video background, rounded buttons, sidebar, icon list, avatar, feature list","minimal, cool, futuristic",0.83
Lapa Ninja (Post),The Garage,https://www.lapa.ninja/post/thegarage/,https://cdn.lapa.ninja/assets/images/1x/thegarage-thumb.webp,"[""#f6f6f6""]","{""#f6f6f6"": 0.9204}",#f6f6f6,light muted neutral,"large typography, pricing cards, sidebar, icon list, top navigation, grid layout","cool, modern, minimal",0.82
Lapa Ninja (Post),Talgh,https://www.lapa.ninja/post/talgh/,https://cdn.lapa.ninja/assets/images/1x/talgh-thumb.webp,"[""#e3e3e2"", ""#151312""]","{""#e3e3e2"": 0.3632, ""#151312"": 0.2679}",#e3e3e2,light muted neutral,"large typography, rounded buttons, top navigation, form, single column, footer","futuristic, modern, minimal",0.76
Lapa Ninja (Post),Switch-Lit,https://www.lapa.ninja/post/switch-lit/,https://cdn.lapa.ninja/assets/images/1x/switch-lit-thumb.webp,"[""#f6f6f4""]","{""#f6f6f4"": 0.8976}",#f6f6f4,light muted neutral,"grid layout, rounded buttons, large typography, sidebar, data table, pricing cards","minimal, modern, professional",0.82
Lapa Ninja (Post),Privy,https://www.lapa.ninja/post/privy/,https://cdn.lapa.ninja/assets/images/1x/privy-thumb.webp,"[""#e9e4f4"", ""#fbf9fb""]","{""#e9e4f4"": 0.2044, ""#fbf9fb"": 0.7436}",#e9e4f4,light bright blue,"grid layout, rounded buttons, search bar, feature list, sidebar, large typography","modern, minimal, futuristic",0.72
Lapa Ninja (Post),Arcadia,https://www.lapa.ninja/post/playarcadia/,https://cdn.lapa.ninja/assets/images/1x/playarcadia-thumb.webp,"[""#100f10"", ""#434042""]","{""#100f10"": 0.533, ""#434042"": 0.242}",#100f10,dark muted neutral,"video background, grid layout, split screen, rounded buttons, large typography, sidebar","modern, cool, professional",0.83
Lapa Ninja (Post),Gestisoft,https://www.lapa.ninja/post/gestisoft/,https://cdn.lapa.ninja/assets/images/1x/gestisoft-thumb.webp,"[""#fba416"", ""#fefefe""]","{""#fba416"": 0.3802, ""#fefefe"": 0.5222}",#fba416,bright orange,"grid layout, rounded buttons, large typography, sidebar, split screen, footer","modern, professional, futuristic",0.8
Lapa Ninja (Post),Fol,https://www.lapa.ninja/post/fol-2/,https://cdn.lapa.ninja/assets/images/1x/fol-2-thumb.webp,"[""#4f4f50"", ""#fefefe""]","{""#4f4f50"": 0.2261, ""#fefefe"": 0.4539}",#4f4f50,muted neutral,"large typography, video background, split screen, sidebar, grid layout, avatar","minimal, modern, artistic",0.69
Lapa Ninja (Post),Dan Tase,https://www.lapa.ninja/post/dantase/,https://cdn.lapa.ninja/assets/images/1x/dantase-thumb.webp,"[""#fefefe"", ""#e8e5e0""]","{""#fefefe"": 0.7674, ""#e8e5e0"": 0.1216}",#fefefe,light muted neutral,"grid layout, large typography, rounded buttons, pricing cards, feature list, sidebar","minimal, modern, professional",0.83
Lapa Ninja (Post),Creativecom,https://www.lapa.ninja/post/creativecom/,https://cdn.lapa.ninja/assets/images/1x/creativecom-thumb.webp,"[""#161616""]","{""#161616"": 0.9347}",#161616,dark muted neutral,"sidebar, feature list, centered hero, split screen, pricing cards, grid layout","modern, futuristic, friendly",0.82
Lapa Ninja (Post),Antonio Calvo,https://www.lapa.ninja/post/antoniocalvoartandsoul/,https://cdn.lapa.ninja/assets/images/1x/antoniocalvoartandsoul-thumb.webp,"[""#020202"", ""#222124""]","{""#020202"": 0.4509, ""#222124"": 0.3091}",#020202,dark muted neutral,"large typography, avatar, video background, icon list, feature list, sidebar","artistic, creative, professional",0.8
Lapa Ninja (Post),Alligator Studio,https://www.lapa.ninja/post/alligatorstudio/,https://cdn.lapa.ninja/assets/images/1x/alligatorstudio-thumb.webp,"[""#010101"", ""#1d1d1a""]","{""#010101"": 0.6812, ""#1d1d1a"": 0.1743}",#010101,dark muted neutral,"sidebar, avatar, video background, feature list, footer, large typography","minimal, futuristic, cool",0.82
Lapa Ninja (Post),ALF,https://www.lapa.ninja/post/alittlefly/,https://cdn.lapa.ninja/assets/images/1x/alittlefly-thumb.webp,"[""#c1beb0"", ""#fefefe""]","{""#c1beb0"": 0.1888, ""#fefefe"": 0.3384}",#c1beb0,muted orange,"grid layout, sidebar, avatar, feature list, hero image, icon list","minimal, modern, artistic",0.71
Lapa Ninja (Post),admilk,https://www.lapa.ninja/post/admilk/,https://cdn.lapa.ninja/assets/images/1x/admilk-thumb.webp,"[""#010101"", ""#faf9f2""]","{""#010101"": 0.4906, ""#faf9f2"": 0.3678}",#010101,dark muted neutral,"sidebar, large typography, video background, footer, avatar, search bar","futuristic, modern, bold",0.82
Lapa Ninja (Post),hey.Valentin,https://www.lapa.ninja/post/heyvalentin-2/,https://cdn.lapa.ninja/assets/images/1x/heyvalentin-2-thumb.webp,"[""#111111"", ""#f9e5e1""]","{""#111111"": 0.8207, ""#f9e5e1"": 0.1081}",#111111,dark muted neutral,"grid layout, sidebar, pricing cards, footer, card list, search bar","modern, artistic, creative",0.83
Lapa Ninja (Post),CRSL Carosello Lab,https://www.lapa.ninja/post/crsl/,https://cdn.lapa.ninja/assets/images/1x/crsl-thumb.webp,"[""#19130e"", ""#f4f2ef""]","{""#19130e"": 0.3562, ""#f4f2ef"": 0.2094}",#19130e,dark muted orange,"split screen, grid layout, sidebar, video background, large typography, search bar","minimal, modern, bold",0.8
Lapa Ninja (Post),Bad Omens,https://www.lapa.ninja/post/badomensofficial/,https://cdn.lapa.ninja/assets/images/1x/badomensofficial-thumb.webp,"[""#141414"", ""#2e2d2d""]","{""#141414"": 0.6556, ""#2e2d2d"": 0.1759}",#141414,dark muted neutral,"sidebar, video background, large typography, centered hero, split screen, grid layout","minimal, futuristic, modern",0.83
Lapa Ninja (Post),BUTT STUDIO,https://www.lapa.ninja/post/butt-studio/,https://cdn.lapa.ninja/assets/images/1x/butt-studio-thumb.webp,"[""#bba7be"", ""#fbfbfb""]","{""#bba7be"": 0.2072, ""#fbfbfb"": 0.4254}",#bba7be,muted purple,"sidebar, video background, large typography, split screen, feature list, icon list","futuristic, modern, artistic",0.72
Lapa Ninja (Post),Roxane Hassler,https://www.lapa.ninja/post/roxanehassler/,https://cdn.lapa.ninja/assets/images/1x/roxanehassler-thumb.webp,"[""#161616"", ""#f3f3f3""]","{""#161616"": 0.2147, ""#f3f3f3"": 0.7483}",#161616,dark muted neutral,"pricing cards, grid layout, rounded buttons, avatar, large typography, sidebar","minimal, modern, professional",0.68
Lapa Ninja (Post),The OCT Game,https://www.lapa.ninja/post/theoct/,https://cdn.lapa.ninja/assets/images/1x/theoct-thumb.webp,"[""#010202"", ""#808987""]","{""#010202"": 0.737, ""#808987"": 0.0859}",#010202,dark muted teal,"top navigation, avatar, sidebar, icon list, large typography, video background","futuristic, modern, minimal",0.87
Lapa Ninja (Post),Horatio,https://www.lapa.ninja/post/hirehoratio/,https://cdn.lapa.ninja/assets/images/1x/hirehoratio-thumb.webp,"[""#f7f4ee"", ""#1d1a1b""]","{""#f7f4ee"": 0.4565, ""#1d1a1b"": 0.2288}",#f7f4ee,light bright orange,"sidebar, rounded buttons, feature list, icon list, cta button, search bar","trustworthy, bold, friendly",0.84
Lapa Ninja (Post),Big Human,https://www.lapa.ninja/post/bighuman-2/,https://cdn.lapa.ninja/assets/images/1x/bighuman-2-thumb.webp,"[""#08050b"", ""#fefefe""]","{""#08050b"": 0.1938, ""#fefefe"": 0.6454}",#08050b,dark bright purple,"video background, sidebar, feature list, pricing cards, split screen, rounded buttons","professional, cool, futuristic",0.7
Lapa Ninja (Post),Aave,https://www.lapa.ninja/post/aave-2/,https://cdn.lapa.ninja/assets/images/1x/aave-2-thumb.webp,"[""#fdfdfd""]","{""#fdfdfd"": 0.8698}",#fdfdfd,light muted neutral,"rounded buttons, grid layout, large typography, pricing cards, footer, search bar","minimal, modern, futuristic",0.83
Lapa Ninja (Post),Sketch Blog,https://www.lapa.ninja/post/sketch-blog/,https://cdn.lapa.ninja/assets/images/1x/sketch-blog-thumb.webp,"[""#d9e8dd"", ""#fefefe""]","{""#d9e8dd"": 0.3064, ""#fefefe"": 0.4475}",#d9e8dd,light muted green,"grid layout, split screen, sidebar, rounded buttons, video background, two-column layout","modern, futuristic, retro",0.77
Lapa Ninja (Post),Claynosaurz,https://www.lapa.ninja/post/claynosaurz/,https://cdn.lapa.ninja/assets/images/1x/claynosaurz-thumb.webp,"[""#b4855c"", ""#fbfeee""]","{""#b4855c"": 0.2804, ""#fbfeee"": 0.3206}",#b4855c,bright orange,"pricing cards, rounded buttons, video background, avatar, feature list, card list","creative, cool, playful",0.75
Lapa Ninja (Post),Théâtre-Sénart,https://www.lapa.ninja/post/theatre-senart/,https://cdn.lapa.ninja/assets/images/1x/theatre-senart-thumb.webp,"[""#9d5376"", ""#110e18""]","{""#9d5376"": 0.4423, ""#110e18"": 0.2839}",#9d5376,muted magenta,"video background, sidebar, split screen, feature list, footer, grid layout","friendly, modern, cool",0.84
Lapa Ninja (Post),Rodeo Club,https://www.lapa.ninja/post/rodeo/,https://cdn.lapa.ninja/assets/images/1x/rodeo-thumb.webp,"[""#e9e9ea"", ""#f9f9fa""]","{""#e9e9ea"": 0.5922, ""#f9f9fa"": 0.2406}",#e9e9ea,light muted neutral,"sidebar, pricing cards, feature list, grid layout, icon list, video background","cool, professional, creative",0.82
Lapa Ninja (Post),Piccalilli,https://www.lapa.ninja/post/piccalilli/,https://cdn.lapa.ninja/assets/images/1x/piccalilli-thumb.webp,"[""#131111"", ""#fac80d""]","{""#131111"": 0.8101, ""#fac80d"": 0.1032}",#131111,dark muted neutral,"large typography, grid layout, sidebar, rounded buttons, two-column layout, pricing cards","modern, professional, minimal",0.83
Lapa Ninja (Post),Webisoft,https://www.lapa.ninja/post/webisoft/,https://cdn.lapa.ninja/assets/images/1x/webisoft-thumb.webp,"[""#cc403a"", ""#939393""]","{""#cc403a"": 0.2785, ""#939393"": 0.2442}",#cc403a,bright red,"logo, video background, avatar, sidebar, grid layout, icon list","professional, retro, futuristic",0.76
Lapa Ninja (Post),Intrepid Automation,https://www.lapa.ninja/post/intrepidautomation/,https://cdn.lapa.ninja/assets/images/1x/intrepidautomation-thumb.webp,"[""#eaf1e9"", ""#040303""]","{""#eaf1e9"": 0.5578, ""#040303"": 0.3522}",#eaf1e9,light muted green,"large typography, pricing cards, data table, video background, search bar, feature list","modern, minimal, futuristic",0.86
Lapa Ninja (Post),Cake Equity,https://www.lapa.ninja/post/cakeequity/,https://cdn.lapa.ninja/assets/images/1x/cakeequity-thumb.webp,"[""#f9fafb"", ""#c8d2fa""]","{""#f9fafb"": 0.6525, ""#c8d2fa"": 0.1683}",#f9fafb,light muted blue,"grid layout, rounded buttons, pricing cards, footer, search bar, sidebar","minimal, modern, professional",0.85
Lapa Ninja (Post),Anteverti,https://www.lapa.ninja/post/anteverti/,https://cdn.lapa.ninja/assets/images/1x/anteverti-thumb.webp,"[""#393325"", ""#fdf8fd""]","{""#393325"": 0.1917, ""#fdf8fd"": 0.341}",#393325,dark muted orange,"grid layout, sidebar, two-column layout, data table, single column, large typography","modern, futuristic, artistic",0.71
Lapa Ninja (Post),CrowdCargo,https://www.lapa.ninja/post/crowdcargo/,https://cdn.lapa.ninja/assets/images/1x/crowdcargo-thumb.webp,"[""#121021"", ""#fcfdfd""]","{""#121021"": 0.4624, ""#fcfdfd"": 0.3361}",#121021,dark muted blue,"rounded buttons, search bar, top navigation, sidebar, split screen, video background","futuristic, modern, cool",0.84
Lapa Ninja (Post),Dope Security,https://www.lapa.ninja/post/dope-security/,https://cdn.lapa.ninja/assets/images/1x/dope-security-thumb.webp,"[""#0d0f12"", ""#fefefe""]","{""#0d0f12"": 0.3456, ""#fefefe"": 0.5383}",#0d0f12,dark muted blue,"sidebar, feature list, data table, search bar, icon list, cta button","cool, futuristic, professional",0.78
Lapa Ninja (Post),LAS Art Foundation,https://www.lapa.ninja/post/las-art/,https://cdn.lapa.ninja/assets/images/1x/las-art-thumb.webp,"[""#392a26"", ""#fdfdfd""]","{""#392a26"": 0.2667, ""#fdfdfd"": 0.246}",#392a26,dark muted red,"sidebar, grid layout, video background, search bar, rounded buttons, feature list","modern, futuristic, minimal",0.75
Lapa Ninja (Post),Sergey Lisovskiy,https://www.lapa.ninja/post/lisovskiy/,https://cdn.lapa.ninja/assets/images/1x/lisovskiy-thumb.webp,"[""#0d0d0c""]","{""#0d0d0c"": 0.8598}",#0d0d0c,dark muted neutral,"grid layout, large typography, icon list, feature list, search bar, sidebar","minimal, modern, cool",0.83
Lapa Ninja (Post),Long Wknd,https://www.lapa.ninja/post/longwknd/,https://cdn.lapa.ninja/assets/images/1x/longwknd-thumb.webp,"[""#b5c2c0"", ""#f6f8f9""]","{""#b5c2c0"": 0.2285, ""#f6f8f9"": 0.4353}",#b5c2c0,muted neutral,"grid layout, video background, sidebar, rounded buttons, pricing cards, top navigation","modern, minimal, creative",0.69
Lapa Ninja (Post),Ohmiego,https://www.lapa.ninja/post/ohmiego/,https://cdn.lapa.ninja/assets/images/1x/ohmiego-thumb.webp,"[""#111219"", ""#fafcfc""]","{""#111219"": 0.2953, ""#fafcfc"": 0.6696}",#111219,dark muted blue,"rounded buttons, feature list, large typography, grid layout, icon list, footer","modern, futuristic, minimal",0.75
Lapa Ninja (Post),Tuple,https://www.lapa.ninja/post/tuple/,https://cdn.lapa.ninja/assets/images/1x/tuple-thumb.webp,"[""#fbfbfb""]","{""#fbfbfb"": 0.8663}",#fbfbfb,light muted neutral,"search bar, rounded buttons, grid layout, split screen, sidebar, feature list","minimal, modern, professional",0.83
Lapa Ninja (Post),UnD NY,https://www.lapa.ninja/post/und-ny/,https://cdn.lapa.ninja/assets/images/1x/und-ny-thumb.webp,"[""#e9e9e9"", ""#ca8631""]","{""#e9e9e9"": 0.7246, ""#ca8631"": 0.122}",#e9e9e9,light muted neutral,"video background, sidebar, logo, icon list, grid layout, large typography","retro, minimal, modern",0.83
Lapa Ninja (Post),Spectrum.Life,https://www.lapa.ninja/post/spectrum-life/,https://cdn.lapa.ninja/assets/images/1x/spectrum-life-thumb.webp,"[""#dbccf6"", ""#f9f9f9""]","{""#dbccf6"": 0.2319, ""#f9f9f9"": 0.6081}",#dbccf6,light bright purple,"rounded buttons, sidebar, grid layout, large typography, split screen, search bar","futuristic, minimal, modern",0.73
Lapa Ninja (Post),Make with Notion,https://www.lapa.ninja/post/makewithnotion/,https://cdn.lapa.ninja/assets/images/1x/makewithnotion-thumb.webp,"[""#fefefe"", ""#141414""]","{""#fefefe"": 0.7525, ""#141414"": 0.1016}",#fefefe,light muted neutral,"icon list, sidebar, feature list, large typography, search bar, grid layout","modern, creative, minimal",0.83
Lapa Ninja (Post),Arc Search,https://www.lapa.ninja/post/arc-search/,https://cdn.lapa.ninja/assets/images/1x/arc-search-thumb.webp,"[""#fbfafd"", ""#5440d5""]","{""#fbfafd"": 0.7249, ""#5440d5"": 0.1054}",#fbfafd,light bright blue,"search bar, split screen, sidebar, rounded buttons, video background, footer","modern, minimal, futuristic",0.87
Lapa Ninja (Post),CALA,https://www.lapa.ninja/post/eatcala/,https://cdn.lapa.ninja/assets/images/1x/eatcala-thumb.webp,"[""#fdedd3"", ""#e6c49c""]","{""#fdedd3"": 0.4215, ""#e6c49c"": 0.177}",#fdedd3,light bright orange,"pricing cards, grid layout, sidebar, feature list, footer, hero image","luxury, cool, modern",0.83
Lapa Ninja (Post),OpenHome,https://www.lapa.ninja/post/openhome/,https://cdn.lapa.ninja/assets/images/1x/openhome-thumb.webp,"[""#0d0b0e"", ""#fefaf4""]","{""#0d0b0e"": 0.4223, ""#fefaf4"": 0.5172}",#0d0b0e,dark muted purple,"large typography, grid layout, rounded buttons, feature list, sidebar, top navigation","modern, creative, cool",0.82
Lapa Ninja (Post),The Neuron,https://www.lapa.ninja/post/theneuron/,https://cdn.lapa.ninja/assets/images/1x/theneuron-thumb.webp,"[""#292b16"", ""#fbf5ee""]","{""#292b16"": 0.4694, ""#fbf5ee"": 0.4062}",#292b16,dark muted yellow,"pricing cards, top navigation, rounded buttons, footer, sidebar, grid layout","modern, cool, retro",0.84
Lapa Ninja (Post),Twice,https://www.lapa.ninja/post/smiletwice/,https://cdn.lapa.ninja/assets/images/1x/smiletwice-thumb.webp,"[""#fad60d"", ""#d2c69f""]","{""#fad60d"": 0.3607, ""#d2c69f"": 0.3532}",#fad60d,bright yellow,"large typography, split screen, pricing cards, grid layout, sidebar, footer","trustworthy, modern, luxury",0.79
Lapa Ninja (Post),Atla AI,https://www.lapa.ninja/post/atla-ai/,https://cdn.lapa.ninja/assets/images/1x/atla-ai-thumb.webp,"[""#efeef3"", ""#111111""]","{""#efeef3"": 0.6152, ""#111111"": 0.2617}",#efeef3,light muted blue,"data table, avatar, large typography, pricing cards, search bar, grid layout","futuristic, modern, minimal",0.86
Lapa Ninja (Post),SERIOUS.BUSINESS,https://www.lapa.ninja/post/serious-business-2/,https://cdn.lapa.ninja/assets/images/1x/serious-business-2-thumb.webp,"[""#f4aec6"", ""#dbdada""]","{""#f4aec6"": 0.5898, ""#dbdada"": 0.2876}",#f4aec6,bright magenta,"rounded buttons, video background, sidebar, cta button, footer, icon list","artistic, creative, minimal",0.88
Lapa Ninja (Post),VOLTA,https://www.lapa.ninja/post/voltayachts/,https://cdn.lapa.ninja/assets/images/1x/voltayachts-thumb.webp,"[""#17202d"", ""#f9f9f9""]","{""#17202d"": 0.2193, ""#f9f9f9"": 0.4047}",#17202d,dark muted blue,"top navigation, rounded buttons, grid layout, feature list, footer, large typography","calm, luxury, modern",0.72
Lapa Ninja (Post),Runway AI,https://www.lapa.ninja/post/runway-3/,https://cdn.lapa.ninja/assets/images/1x/runway-3-thumb.webp,"[""#0e5065"", ""#20798b""]","{""#0e5065"": 0.6712, ""#20798b"": 0.1277}",#0e5065,dark bright teal,"sidebar, logo, large typography, video background, avatar, data table","modern, futuristic, minimal",0.87
Lapa Ninja (Post),Rodeo Club,https://www.lapa.ninja/post/rodeo-club/,https://cdn.lapa.ninja/assets/images/1x/rodeo-club-thumb.webp,"[""#fdfdfd"", ""#161311""]","{""#fdfdfd"": 0.6711, ""#161311"": 0.127}",#fdfdfd,light muted neutral,"sidebar, grid layout, feature list, video background, large typography, split screen","modern, futuristic, minimal",0.83
Lapa Ninja (Post),Pano,https://www.lapa.ninja/post/gopano/,https://cdn.lapa.ninja/assets/images/1x/gopano-thumb.webp,"[""#eeecdb"", ""#c1e5b0""]","{""#eeecdb"": 0.5068, ""#c1e5b0"": 0.2297}",#eeecdb,light bright yellow,"rounded buttons, pricing cards, top navigation, grid layout, feature list, icon list","modern, minimal, cool",0.86
Lapa Ninja (Post),SOGAI,https://www.lapa.ninja/post/sogaiart/,https://cdn.lapa.ninja/assets/images/1x/sogaiart-thumb.webp,"[""#14201e"", ""#0b0b07""]","{""#14201e"": 0.6116, ""#0b0b07"": 0.1735}",#14201e,dark muted teal,"large typography, avatar, split screen, feature list, video background, data table","futuristic, artistic, modern",0.87
Lapa Ninja (Post),Wondermake,https://www.lapa.ninja/post/wondermake/,https://cdn.lapa.ninja/assets/images/1x/wondermake-thumb.webp,"[""#121223"", ""#f5f5f5""]","{""#121223"": 0.2361, ""#f5f5f5"": 0.7162}",#121223,dark muted blue,"pricing cards, rounded buttons, grid layout, large typography, sidebar, feature list","professional, modern, bold",0.73
Lapa Ninja (Post),Mrazek Tomas,https://www.lapa.ninja/post/mrazek-tomas/,https://cdn.lapa.ninja/assets/images/1x/mrazek-tomas-thumb.webp,"[""#18161b""]","{""#18161b"": 0.8043}",#18161b,dark muted neutral,"pricing cards, large typography, sidebar, feature list, hero image, video background","cool, trustworthy, creative",0.82
Lapa Ninja (Post),Wimp,https://www.lapa.ninja/post/wimpdecaf-2/,https://cdn.lapa.ninja/assets/images/1x/wimpdecaf-2-thumb.webp,"[""#fdfcfb""]","{""#fdfcfb"": 0.8082}",#fdfcfb,light muted orange,"pricing cards, large typography, sidebar, two-column layout, rounded buttons, card list","professional, luxury, cool",0.87
Lapa Ninja (Post),TradeZero,https://www.lapa.ninja/post/tradezero/,https://cdn.lapa.ninja/assets/images/1x/tradezero-thumb.webp,"[""#f3f9ec"", ""#1c2d2a""]","{""#f3f9ec"": 0.496, ""#1c2d2a"": 0.237}",#f3f9ec,light bright green,"sidebar, pricing cards, top navigation, grid layout, rounded buttons, feature list","modern, professional, minimal",0.87
Lapa Ninja (Post),Spacekayak,https://www.lapa.ninja/post/spacekayak-2/,https://cdn.lapa.ninja/assets/images/1x/spacekayak-2-thumb.webp,"[""#060404"", ""#cf9384""]","{""#060404"": 0.5649, ""#cf9384"": 0.1414}",#060404,dark muted red,"video background, sidebar, avatar, split screen, large typography, feature list","futuristic, artistic, creative",0.88
Lapa Ninja (Post),Lowe's Innovation Labs,https://www.lapa.ninja/post/lowesinnovationlabs/,https://cdn.lapa.ninja/assets/images/1x/lowesinnovationlabs-thumb.webp,"[""#17191e"", ""#f6f6f6""]","{""#17191e"": 0.2178, ""#f6f6f6"": 0.715}",#17191e,dark muted blue,"large typography, form, video background, feature list, pricing cards, sidebar","futuristic, modern, minimal",0.72
Lapa Ninja (Post),Rekorder Studios,https://www.lapa.ninja/post/rekorderstudios/,https://cdn.lapa.ninja/assets/images/1x/rekorderstudios-thumb.webp,"[""#d8d6cf"", ""#100d0c""]","{""#d8d6cf"": 0.5932, ""#100d0c"": 0.2698}",#d8d6cf,muted neutral,"large typography, rounded buttons, sidebar, grid layout, avatar, form","futuristic, minimal, modern",0.83
Lapa Ninja (Post),Significo,https://www.lapa.ninja/post/significo/,https://cdn.lapa.ninja/assets/images/1x/significo-thumb.webp,"[""#030403"", ""#a2a4a3""]","{""#030403"": 0.5001, ""#a2a4a3"": 0.2097}",#030403,dark muted green,"large typography, split screen, sidebar, video background, search bar, footer","modern, futuristic, trustworthy",0.86
Lapa Ninja (Post),The Little Grey Film,https://www.lapa.ninja/post/thelittlegreyfilm/,https://cdn.lapa.ninja/assets/images/1x/thelittlegreyfilm-thumb.webp,"[""#121212"", ""#b0a5a6""]","{""#121212"": 0.6001, ""#b0a5a6"": 0.1289}",#121212,dark muted neutral,"grid layout, video background, large typography, sidebar, split screen, rounded buttons","creative, artistic, cool",0.83
Lapa Ninja (Post),QUITE NICE,https://www.lapa.ninja/post/quitenice/,https://cdn.lapa.ninja/assets/images/1x/quitenice-thumb.webp,"[""#fdf8ea"", ""#24331f""]","{""#fdf8ea"": 0.4865, ""#24331f"": 0.3171}",#fdf8ea,light bright orange,"sidebar, pricing cards, video background, hero image, grid layout, chart","modern, minimal, luxury",0.85
Lapa Ninja (Post),Reworkd AI,https://www.lapa.ninja/post/reworkd/,https://cdn.lapa.ninja/assets/images/1x/reworkd-thumb.webp,"[""#e9effc"", ""#fbfcfd""]","{""#e9effc"": 0.4821, ""#fbfcfd"": 0.4696}",#e9effc,light bright blue,"rounded buttons, grid layout, search bar, feature list, top navigation, icon list","minimal, modern, futuristic",0.86
Lapa Ninja (Post),Round Round,https://www.lapa.ninja/post/roundandround/,https://cdn.lapa.ninja/assets/images/1x/roundandround-thumb.webp,"[""#6164f2"", ""#d4d4d2""]","{""#6164f2"": 0.3023, ""#d4d4d2"": 0.2822}",#6164f2,bright blue,"sidebar, rounded buttons, two-column layout, large typography, video background, grid layout","bold, retro, modern",0.76
Lapa Ninja (Post),Sebastian Camargo,https://www.lapa.ninja/post/sebastiancamargo/,https://cdn.lapa.ninja/assets/images/1x/sebastiancamargo-thumb.webp,"[""#010101"", ""#fcfcfc""]","{""#010101"": 0.6505, ""#fcfcfc"": 0.1228}",#010101,dark muted neutral,"sidebar, large typography, avatar, hero image, video background, feature list","artistic, serious, professional",0.83
Lapa Ninja (Post),Spoil Me,https://www.lapa.ninja/post/spoil/,https://cdn.lapa.ninja/assets/images/1x/spoil-thumb.webp,"[""#eae3d4""]","{""#eae3d4"": 0.9271}",#eae3d4,light muted orange,"rounded buttons, grid layout, search bar, feature list, icon list, footer","modern, cool, minimal",0.86
Lapa Ninja (Post),Stata Design,https://www.lapa.ninja/post/stata/,https://cdn.lapa.ninja/assets/images/1x/stata-thumb.webp,"[""#f5f5f5"", ""#0c0e10""]","{""#f5f5f5"": 0.7028, ""#0c0e10"": 0.1051}",#f5f5f5,light muted neutral,"video background, feature list, footer, grid layout, sidebar, large typography","modern, minimal, professional",0.83
Lapa Ninja (Post),Supabase,https://www.lapa.ninja/post/supabase/,https://cdn.lapa.ninja/assets/images/1x/supabase-thumb.webp,"[""#171717""]","{""#171717"": 0.9537}",#171717,dark muted neutral,"grid layout, large typography, rounded buttons, icon list, footer, data table","modern, minimal, futuristic",0.83
Lapa Ninja (Post),Animus Studios,https://www.lapa.ninja/post/animusstudios-2/,https://cdn.lapa.ninja/assets/images/1x/animusstudios-2-thumb.webp,"[""#1a1a1a"", ""#dcdcdd""]","{""#1a1a1a"": 0.5792, ""#dcdcdd"": 0.3004}",#1a1a1a,dark muted neutral,"large typography, split screen, rounded buttons, sidebar, video background, cta button","modern, futuristic, minimal",0.83
Lapa Ninja (Post),Framer,https://www.lapa.ninja/post/framer-9/,https://cdn.lapa.ninja/assets/images/1x/framer-9-thumb.webp,"[""#020303"", ""#1f293f""]","{""#020303"": 0.7404, ""#1f293f"": 0.1114}",#020303,dark muted teal,"split screen, rounded buttons, sidebar, search bar, video background, feature list","modern, futuristic, professional",0.86
Lapa Ninja (Post),Redbrick Coffee,https://www.lapa.ninja/post/redbrick-coffee-2/,https://cdn.lapa.ninja/assets/images/1x/redbrick-coffee-2-thumb.webp,"[""#faf9f9"", ""#d1c8c6""]","{""#faf9f9"": 0.6754, ""#d1c8c6"": 0.1057}",#faf9f9,light muted neutral,"rounded buttons, pricing cards, grid layout, icon list, two-column layout, feature list","modern, luxury, creative",0.83
Lapa Ninja (Post),Campsite,https://www.lapa.ninja/post/campsite-3/,https://cdn.lapa.ninja/assets/images/1x/campsite-3-thumb.webp,"[""#0a0a0a"", ""#3d4c35""]","{""#0a0a0a"": 0.8132, ""#3d4c35"": 0.081}",#0a0a0a,dark muted neutral,"top navigation, search bar, video background, sidebar, rounded buttons, grid layout","modern, professional, minimal",0.83
Lapa Ninja (Post),Suzy Welch,https://www.lapa.ninja/post/suzywelch/,https://cdn.lapa.ninja/assets/images/1x/suzywelch-thumb.webp,"[""#783521"", ""#fdfde9""]","{""#783521"": 0.1907, ""#fdfde9"": 0.4295}",#783521,bright red,"sidebar, rounded buttons, pricing cards, grid layout, video background, large typography","modern, retro, cool",0.71
Lapa Ninja (Post),Git Merge 2024,https://www.lapa.ninja/post/git-merge/,https://cdn.lapa.ninja/assets/images/1x/git-merge-thumb.webp,"[""#1b1a1a"", ""#358586""]","{""#1b1a1a"": 0.6862, ""#358586"": 0.1116}",#1b1a1a,dark muted neutral,"large typography, data table, grid layout, pricing cards, sidebar, search bar","modern, futuristic, professional",0.82
Lapa Ninja (Post),Recess,https://www.lapa.ninja/post/ourrecess/,https://cdn.lapa.ninja/assets/images/1x/ourrecess-thumb.webp,"[""#f3f0eb"", ""#fefefd""]","{""#f3f0eb"": 0.3414, ""#fefefd"": 0.4499}",#f3f0eb,light muted orange,"rounded buttons, grid layout, feature list, sidebar, form, pricing cards","modern, futuristic, playful",0.79
Lapa Ninja (Post),Never Sit Still,https://www.lapa.ninja/post/neversitstill-2/,https://cdn.lapa.ninja/assets/images/1x/neversitstill-2-thumb.webp,"[""#1b291b"", ""#f2f3f3""]","{""#1b291b"": 0.2808, ""#f2f3f3"": 0.3769}",#1b291b,dark muted green,"sidebar, search bar, split screen, feature list, video background, large typography","modern, futuristic, minimal",0.76
Lapa Ninja (Post),teenage engineering,https://www.lapa.ninja/post/teenage-engineering-3/,https://cdn.lapa.ninja/assets/images/1x/teenage-engineering-3-thumb.webp,"[""#0f0a07"", ""#d4cec4""]","{""#0f0a07"": 0.6524, ""#d4cec4"": 0.1556}",#0f0a07,dark bright orange,"carousel, sidebar, centered hero, icon list, search bar, top navigation","cool, warm, trustworthy",0.86
Lapa Ninja (Post),Earthr,https://www.lapa.ninja/post/earthr-2/,https://cdn.lapa.ninja/assets/images/1x/earthr-2-thumb.webp,"[""#010101"", ""#fefefe""]","{""#010101"": 0.3006, ""#fefefe"": 0.6543}",#010101,dark muted neutral,"rounded buttons, pricing cards, footer, large typography, grid layout, sidebar","modern, minimal, futuristic",0.73
Lapa Ninja (Post),Studio Sentempo,https://www.lapa.ninja/post/studiosentempo-2/,https://cdn.lapa.ninja/assets/images/1x/studiosentempo-2-thumb.webp,"[""#020101"", ""#3d331a""]","{""#020101"": 0.5535, ""#3d331a"": 0.1544}",#020101,dark muted red,"video background, large typography, sidebar, testimonial, feature list, pricing cards","artistic, creative, cool",0.86
Lapa Ninja (Post),CTRL Wallet,https://www.lapa.ninja/post/ctrl/,https://cdn.lapa.ninja/assets/images/1x/ctrl-thumb.webp,"[""#eeefeb"", ""#fefefe""]","{""#eeefeb"": 0.2413, ""#fefefe"": 0.6882}",#eeefeb,light muted neutral,"cta button, sidebar, rounded buttons, pricing cards, grid layout, split screen","minimal, modern, professional",0.7
Lapa Ninja (Post),erthos,https://www.lapa.ninja/post/planeterthos/,https://cdn.lapa.ninja/assets/images/1x/planeterthos-thumb.webp,"[""#eaebea"", ""#171a0f""]","{""#eaebea"": 0.3375, ""#171a0f"": 0.3024}",#eaebea,light muted neutral,"large typography, video background, form, split screen, sidebar, grid layout","modern, cool, artistic",0.74
Lapa Ninja (Post),Shuttle,https://www.lapa.ninja/post/shuttle/,https://cdn.lapa.ninja/assets/images/1x/shuttle-thumb.webp,"[""#000000"", ""#131313""]","{""#000000"": 0.7498, ""#131313"": 0.1861}",#000000,dark muted neutral,"grid layout, feature list, rounded buttons, icon list, split screen, sidebar","modern, minimal, cool",0.83
Lapa Ninja (Post),Salus Ice,https://www.lapa.ninja/post/salusice/,https://cdn.lapa.ninja/assets/images/1x/salusice-thumb.webp,"[""#030204"", ""#7a6a6b""]","{""#030204"": 0.5856, ""#7a6a6b"": 0.1073}",#030204,dark muted purple,"sidebar, logo, feature list, icon list, video background, pricing cards","cool, professional, serious",0.86
Lapa Ninja (Post),Sabato Studio,https://www.lapa.ninja/post/sabato-studio-2/,https://cdn.lapa.ninja/assets/images/1x/sabato-studio-2-thumb.webp,"[""#020203"", ""#f9f9f8""]","{""#020203"": 0.359, ""#f9f9f8"": 0.2382}",#020203,dark muted blue,"grid layout, split screen, video background, data table, avatar, icon list","modern, futuristic, professional",0.78
Lapa Ninja (Post),Poo Paper,https://www.lapa.ninja/post/poopaper/,https://cdn.lapa.ninja/assets/images/1x/poopaper-thumb.webp,"[""#f2ece1"", ""#fcc144""]","{""#f2ece1"": 0.4875, ""#fcc144"": 0.3616}",#f2ece1,light bright orange,"rounded buttons, pricing cards, top navigation, grid layout, sidebar, cta button","cool, friendly, modern",0.85
Lapa Ninja (Post),Full Hearts,https://www.lapa.ninja/post/fullhearts/,https://cdn.lapa.ninja/assets/images/1x/fullhearts-thumb.webp,"[""#e7edf1""]","{""#e7edf1"": 0.877}",#e7edf1,light muted blue,"sidebar, avatar, hero image, centered hero, icon list, large typography","friendly, modern, professional",0.86
Lapa Ninja (Post),Open Statement,https://www.lapa.ninja/post/openstatement/,https://cdn.lapa.ninja/assets/images/1x/openstatement-thumb.webp,"[""#f5f5f5"", ""#9a9a9b""]","{""#f5f5f5"": 0.6503, ""#9a9a9b"": 0.1083}",#f5f5f5,light muted neutral,"rounded buttons, split screen, video background, search bar, pricing cards, footer","minimal, modern, professional",0.83
Lapa Ninja (Post),⌘ Langbase,https://www.lapa.ninja/post/langbase/,https://cdn.lapa.ninja/assets/images/1x/langbase-thumb.webp,"[""#000001"", ""#060745""]","{""#000001"": 0.8456, ""#060745"": 0.1239}",#000001,dark bright blue,"large typography, search bar, video background, feature list, rounded buttons, grid layout","futuristic, minimal, cool",0.87
Lapa Ninja (Post),Astro Party,https://www.lapa.ninja/post/astro-party/,https://cdn.lapa.ninja/assets/images/1x/astro-party-thumb.webp,"[""#327d42"", ""#fdfefd""]","{""#327d42"": 0.6794, ""#fdfefd"": 0.264}",#327d42,bright green,"sidebar, large typography, footer, pricing cards, top navigation, logo","creative, bold, professional",0.87
Lapa Ninja (Post),Retronova,https://www.lapa.ninja/post/retronovaworld/,https://cdn.lapa.ninja/assets/images/1x/retronovaworld-thumb.webp,"[""#0b0a09"", ""#392921""]","{""#0b0a09"": 0.5091, ""#392921"": 0.1807}",#0b0a09,dark muted neutral,"large typography, video background, rounded buttons, sidebar, top navigation, split screen","futuristic, artistic, creative",0.83
Lapa Ninja (Post),CRED money,https://www.lapa.ninja/post/cred/,https://cdn.lapa.ninja/assets/images/1x/cred-thumb.webp,"[""#fcfefd"", ""#def1e8""]","{""#fcfefd"": 0.7558, ""#def1e8"": 0.1276}",#fcfefd,light bright green,"large typography, rounded buttons, pricing cards, sidebar, grid layout, video background","minimal, modern, trustworthy",0.87
Lapa Ninja (Post),Miro Intelligent Canvas,https://www.lapa.ninja/post/miro-3/,https://cdn.lapa.ninja/assets/images/1x/miro-3-thumb.webp,"[""#eae8ed"", ""#fdfdfd""]","{""#eae8ed"": 0.7917, ""#fdfdfd"": 0.1606}",#eae8ed,light muted purple,"cta button, feature list, rounded buttons, top navigation, grid layout, sidebar","minimal, professional, modern",0.87
Lapa Ninja (Post),(Re)vive,https://www.lapa.ninja/post/byrevive/,https://cdn.lapa.ninja/assets/images/1x/byrevive-thumb.webp,"[""#1a0404"", ""#e6e5de""]","{""#1a0404"": 0.3857, ""#e6e5de"": 0.2893}",#1a0404,dark bright red,"sidebar, pricing cards, grid layout, large typography, video background, form","minimal, trustworthy, professional",0.8
Lapa Ninja (Post),Aave,https://www.lapa.ninja/post/aave/,https://cdn.lapa.ninja/assets/images/1x/aave-thumb.webp,"[""#151927"", ""#481856""]","{""#151927"": 0.684, ""#481856"": 0.1812}",#151927,dark muted blue,"rounded buttons, grid layout, footer, large typography, search bar, pricing cards","minimal, modern, futuristic",0.87
Lapa Ninja (Post),Visual Electric,https://www.lapa.ninja/post/visualelectric-2/,https://cdn.lapa.ninja/assets/images/1x/visualelectric-2-thumb.webp,"[""#091219"", ""#fefefe""]","{""#091219"": 0.2331, ""#fefefe"": 0.511}",#091219,dark bright blue,"sidebar, hero image, grid layout, footer, pricing cards, video background","bold, cool, modern",0.73
Lapa Ninja (Post),Alcest,https://www.lapa.ninja/post/alcestmusic/,https://cdn.lapa.ninja/assets/images/1x/alcestmusic-thumb.webp,"[""#5a2c12"", ""#4d4d4d""]","{""#5a2c12"": 0.4068, ""#4d4d4d"": 0.1958}",#5a2c12,dark bright orange,"video background, sidebar, avatar, carousel, centered hero, hero illustration","artistic, modern, calm",0.83
Lapa Ninja (Post),LOBATO,https://www.lapa.ninja/post/lobatos/,https://cdn.lapa.ninja/assets/images/1x/lobatos-thumb.webp,"[""#1f201f"", ""#eeede7""]","{""#1f201f"": 0.4781, ""#eeede7"": 0.3263}",#1f201f,dark muted neutral,"large typography, grid layout, sidebar, logo, footer, top navigation","professional, creative, modern",0.81
Lapa Ninja (Post),Blok,https://www.lapa.ninja/post/blok/,https://cdn.lapa.ninja/assets/images/1x/blok-thumb.webp,"[""#000000"", ""#0a0a0a""]","{""#000000"": 0.7184, ""#0a0a0a"": 0.177}",#000000,dark muted neutral,"rounded buttons, search bar, cta button, large typography, avatar, video background","futuristic, modern, minimal",0.83
Lapa Ninja (Post),Rome,https://www.lapa.ninja/post/rome/,https://cdn.lapa.ninja/assets/images/1x/rome-thumb.webp,"[""#fefefe""]","{""#fefefe"": 0.924}",#fefefe,light muted neutral,"rounded buttons, two-column layout, large typography, grid layout, sidebar, single column","modern, minimal, cool",0.83
Lapa Ninja (Post),Appart Agency,https://www.lapa.ninja/post/appart-agency/,https://cdn.lapa.ninja/assets/images/1x/appart-agency-thumb.webp,"[""#b62718"", ""#f3f2f0""]","{""#b62718"": 0.4269, ""#f3f2f0"": 0.3595}",#b62718,bright red,"large typography, rounded buttons, grid layout, split screen, sidebar, search bar","minimal, modern, retro",0.84
Lapa Ninja (Post),FastHTML,https://www.lapa.ninja/post/fasthtml/,https://cdn.lapa.ninja/assets/images/1x/fasthtml-thumb.webp,"[""#2c1927"", ""#f0ebe9""]","{""#2c1927"": 0.3727, ""#f0ebe9"": 0.3696}",#2c1927,dark muted magenta,"grid layout, rounded buttons, search bar, icon list, sidebar, large typography","modern, minimal, futuristic",0.81
Lapa Ninja (Post),IISE,https://www.lapa.ninja/post/iise/,https://cdn.lapa.ninja/assets/images/1x/iise-thumb.webp,"[""#eef0f2"", ""#456665""]","{""#eef0f2"": 0.4464, ""#456665"": 0.185}",#eef0f2,light muted blue,"large typography, split screen, rounded buttons, sidebar, search bar, video background","minimal, modern, futuristic",0.84
Lapa Ninja (Post),Harvard University,https://www.lapa.ninja/post/harvard-2/,https://cdn.lapa.ninja/assets/images/1x/harvard-2-thumb.webp,"[""#0f1011"", ""#10293e""]","{""#0f1011"": 0.5886, ""#10293e"": 0.2138}",#0f1011,dark muted neutral,"sidebar, feature list, split screen, grid layout, search bar, video background","cool, modern, bold",0.83
Lapa Ninja (Post),Fabric,https://www.lapa.ninja/post/fabric-so/,https://cdn.lapa.ninja/assets/images/1x/fabric-so-thumb.webp,"[""#fefefe""]","{""#fefefe"": 0.9637}",#fefefe,light muted neutral,"rounded buttons, search bar, sidebar, feature list, cta button, large typography","modern, minimal, futuristic",0.83
Lapa Ninja (Post),Vadim Makeev,https://www.lapa.ninja/post/pepelsbey/,https://cdn.lapa.ninja/assets/images/1x/pepelsbey-thumb.webp,"[""#0b0a1c"", ""#272635""]","{""#0b0a1c"": 0.7242, ""#272635"": 0.1726}",#0b0a1c,dark bright blue,"grid layout, rounded buttons, large typography, sidebar, feature list, two-column layout","modern, minimal, futuristic",0.86
Lapa Ninja (Post),GRAYSCALE STUDIO,https://www.lapa.ninja/post/grayscale-studio/,https://cdn.lapa.ninja/assets/images/1x/grayscale-studio-thumb.webp,"[""#232224"", ""#f2f2f2""]","{""#232224"": 0.3124, ""#f2f2f2"": 0.2951}",#232224,dark muted neutral,"sidebar, video background, feature list, grid layout, rounded buttons, split screen","futuristic, cool, artistic",0.73
Lapa Ninja (Post),The Other Glasses,https://www.lapa.ninja/post/theotherglasses/,https://cdn.lapa.ninja/assets/images/1x/theotherglasses-thumb.webp,"[""#000000"", ""#fefefe""]","{""#000000"": 0.4247, ""#fefefe"": 0.5235}",#000000,dark muted neutral,"large typography, form, search bar, sidebar, hero image, feature list","minimal, modern, cool",0.78
Lapa Ninja (Post),Joyeux Repas,https://www.lapa.ninja/post/joyeux-repas/,https://cdn.lapa.ninja/assets/images/1x/joyeux-repas-thumb.webp,"[""#efeae4"", ""#a7a198""]","{""#efeae4"": 0.5178, ""#a7a198"": 0.2235}",#efeae4,light muted orange,"grid layout, sidebar, large typography, footer, icon list, rounded buttons","modern, cool, minimal",0.87
Lapa Ninja (Post),Silv Studio,https://www.lapa.ninja/post/silvstudio/,https://cdn.lapa.ninja/assets/images/1x/silvstudio-thumb.webp,"[""#f1f1f0"", ""#e5c3ab""]","{""#f1f1f0"": 0.5253, ""#e5c3ab"": 0.1666}",#f1f1f0,light muted neutral,"grid layout, sidebar, large typography, split screen, search bar, rounded buttons","minimal, modern, bold",0.82
Lapa Ninja (Post),Better Off Studio,https://www.lapa.ninja/post/betteroff-studio/,https://cdn.lapa.ninja/assets/images/1x/betteroff-studio-thumb.webp,"[""#e4e6de"", ""#1e1f20""]","{""#e4e6de"": 0.8268, ""#1e1f20"": 0.1018}",#e4e6de,light muted yellow,"pricing cards, large typography, sidebar, rounded buttons, grid layout, split screen","modern, professional, futuristic",0.87
Lapa Ninja (Post),Eclipse,https://www.lapa.ninja/post/eclipse-xyz/,https://cdn.lapa.ninja/assets/images/1x/eclipse-xyz-thumb.webp,"[""#a0fa9f"", ""#fdfefd""]","{""#a0fa9f"": 0.2933, ""#fdfefd"": 0.2927}",#a0fa9f,bright green,"grid layout, large typography, chart, icon list, sidebar, data table","minimal, modern, futuristic",0.77
Lapa Ninja (Post),SNEAKER,https://www.lapa.ninja/post/sneaker/,https://cdn.lapa.ninja/assets/images/1x/sneaker-thumb.webp,"[""#c9cbcb"", ""#fefefe""]","{""#c9cbcb"": 0.6358, ""#fefefe"": 0.2198}",#c9cbcb,muted neutral,"large typography, sidebar, search bar, footer, avatar, video background","creative, artistic, minimal",0.83
Lapa Ninja (Post),Be The Buzz,https://www.lapa.ninja/post/bethebuzz/,https://cdn.lapa.ninja/assets/images/1x/bethebuzz-thumb.webp,"[""#14022a"", ""#fcfbfc""]","{""#14022a"": 0.2025, ""#fcfbfc"": 0.5652}",#14022a,dark bright purple,"footer, large typography, grid layout, rounded buttons, sidebar, pricing cards","professional, futuristic, modern",0.72
Lapa Ninja (Post),Clay,https://www.lapa.ninja/post/clay-com/,https://cdn.lapa.ninja/assets/images/1x/clay-com-thumb.webp,"[""#cfd7fc"", ""#f9f9f9""]","{""#cfd7fc"": 0.3853, ""#f9f9f9"": 0.5407}",#cfd7fc,light bright blue,"large typography, rounded buttons, search bar, top navigation, cta button, footer","modern, minimal, futuristic",0.8
Lapa Ninja (Post),DAILY BRANDING,https://www.lapa.ninja/post/dailybranding/,https://cdn.lapa.ninja/assets/images/1x/dailybranding-thumb.webp,"[""#040404"", ""#6e64e0""]","{""#040404"": 0.3196, ""#6e64e0"": 0.2983}",#040404,dark muted neutral,"large typography, split screen, sidebar, video background, search bar, grid layout","futuristic, creative, bold",0.74
Lapa Ninja (Post),Watson,https://www.lapa.ninja/post/watson-2/,https://cdn.lapa.ninja/assets/images/1x/watson-2-thumb.webp,"[""#fefefe""]","{""#fefefe"": 0.8866}",#fefefe,light muted neutral,"sidebar, large typography, icon list, two-column layout, feature list, top navigation","creative, professional, artistic",0.82
Lapa Ninja (Post),Standard Equipment,https://www.lapa.ninja/post/standardequipment/,https://cdn.lapa.ninja/assets/images/1x/standardequipment-thumb.webp,"[""#e2e1e1""]","{""#e2e1e1"": 0.8133}",#e2e1e1,light muted neutral,"large typography, grid layout, icon list, data table, rounded buttons, search bar","modern, minimal, creative",0.82
Lapa Ninja (Post),Super Hello,https://www.lapa.ninja/post/superhello/,https://cdn.lapa.ninja/assets/images/1x/superhello-thumb.webp,"[""#f6c948"", ""#ee97e3""]","{""#f6c948"": 0.4525, ""#ee97e3"": 0.3361}",#f6c948,bright orange,"large typography, grid layout, rounded buttons, sidebar, footer, top navigation","futuristic, modern, retro",0.84
Lapa Ninja (Post),Seline,https://www.lapa.ninja/post/seline/,https://cdn.lapa.ninja/assets/images/1x/seline-thumb.webp,"[""#f9faf8""]","{""#f9faf8"": 0.9554}",#f9faf8,light muted green,"rounded buttons, sidebar, search bar, grid layout, footer, data table","minimal, modern, professional",0.86
Lapa Ninja (Post),DesignStudio,https://www.lapa.ninja/post/design-studio/,https://cdn.lapa.ninja/assets/images/1x/design-studio-thumb.webp,"[""#fdfcfc""]","{""#fdfcfc"": 0.7762}",#fdfcfc,light muted red,"rounded buttons, sidebar, grid layout, large typography, feature list, top navigation","modern, professional, futuristic",0.86
Lapa Ninja (Post),YOWIE,https://www.lapa.ninja/post/helloyowie/,https://cdn.lapa.ninja/assets/images/1x/helloyowie-thumb.webp,"[""#f1efe9"", ""#68a2f1""]","{""#f1efe9"": 0.4788, ""#68a2f1"": 0.19}",#f1efe9,light muted orange,"grid layout, rounded buttons, pricing cards, large typography, feature list, two-column layout","modern, minimal, luxury",0.86
Lapa Ninja (Post),Chrono,https://www.lapa.ninja/post/chronothreads/,https://cdn.lapa.ninja/assets/images/1x/chronothreads-thumb.webp,"[""#111015""]","{""#111015"": 0.8005}",#111015,dark muted blue,"large typography, form, video background, avatar, centered hero, sidebar","futuristic, retro, creative",0.86
Lapa Ninja (Post),Haus,https://www.lapa.ninja/post/madeinhaus/,https://cdn.lapa.ninja/assets/images/1x/madeinhaus-thumb.webp,"[""#f2f3ee"", ""#fe8642""]","{""#f2f3ee"": 0.4445, ""#fe8642"": 0.4013}",#f2f3ee,light muted yellow,"large typography, sidebar, grid layout, feature list, icon list, form","modern, bold, minimal",0.84
Lapa Ninja (Post),Nicolas Giannantonio,https://www.lapa.ninja/post/nicolas-giannantonio/,https://cdn.lapa.ninja/assets/images/1x/nicolas-giannantonio-thumb.webp,"[""#fefefe""]","{""#fefefe"": 0.9239}",#fefefe,light muted neutral,"large typography, two-column layout, sidebar, feature list, card list, pricing cards","minimal, modern, futuristic",0.82
Lapa Ninja (Post),Vitali Zahharov,https://www.lapa.ninja/post/vitali-2/,https://cdn.lapa.ninja/assets/images/1x/vitali-2-thumb.webp,"[""#f5eae4"", ""#150e0d""]","{""#f5eae4"": 0.5295, ""#150e0d"": 0.1884}",#f5eae4,light bright orange,"grid layout, video background, split screen, sidebar, rounded buttons, large typography","modern, professional, futuristic",0.86
Lapa Ninja (Post),Isle of Skye Whisky,https://www.lapa.ninja/post/isleofskyewhisky/,https://cdn.lapa.ninja/assets/images/1x/isleofskyewhisky-thumb.webp,"[""#070604"", ""#242020""]","{""#070604"": 0.4318, ""#242020"": 0.3625}",#070604,dark muted orange,"large typography, video background, sidebar, grid layout, top navigation, rounded buttons","bold, moody, cool",0.82
Lapa Ninja (Post),Titan,https://www.lapa.ninja/post/titan/,https://cdn.lapa.ninja/assets/images/1x/titan-thumb.webp,"[""#242d34"", ""#fbfcfb""]","{""#242d34"": 0.4597, ""#fbfcfb"": 0.3208}",#242d34,dark muted blue,"grid layout, rounded buttons, large typography, pricing cards, top navigation, sidebar","minimal, modern, futuristic",0.85
Lapa Ninja (Post),Jess Wang,https://www.lapa.ninja/post/jwang/,https://cdn.lapa.ninja/assets/images/1x/jwang-thumb.webp,"[""#000000"", ""#b7d0ee""]","{""#000000"": 0.6278, ""#b7d0ee"": 0.2314}",#000000,dark muted neutral,"top navigation, search bar, icon list, feature list, sidebar, grid layout","minimal, cool, modern",0.83
Lapa Ninja (Post),Mill,https://www.lapa.ninja/post/mill-2/,https://cdn.lapa.ninja/assets/images/1x/mill-2-thumb.webp,"[""#29130d"", ""#fcfaf5""]","{""#29130d"": 0.2101, ""#fcfaf5"": 0.4235}",#29130d,dark bright red,"sidebar, pricing cards, feature list, grid layout, footer, rounded buttons","professional, minimal, modern",0.72
Lapa Ninja (Post),Librairie Expérience,https://www.lapa.ninja/post/librairie-experience/,https://cdn.lapa.ninja/assets/images/1x/librairie-experience-thumb.webp,"[""#fdf5e5""]","{""#fdf5e5"": 0.8313}",#fdf5e5,light bright orange,"large typography, sidebar, search bar, feature list, two-column layout, video background","modern, minimal, cool",0.86
Lapa Ninja (Post),Raus,https://www.lapa.ninja/post/raus/,https://cdn.lapa.ninja/assets/images/1x/raus-thumb.webp,"[""#fdf9ee"", ""#a79a7e""]","{""#fdf9ee"": 0.5432, ""#a79a7e"": 0.1333}",#fdf9ee,light bright orange,"grid layout, sidebar, split screen, feature list, icon list, video background","minimal, luxury, modern",0.87
Lapa Ninja (Post),MYTH,https://www.lapa.ninja/post/myth/,https://cdn.lapa.ninja/assets/images/1x/myth-thumb.webp,"[""#040404"", ""#191d1f""]","{""#040404"": 0.4825, ""#191d1f"": 0.4193}",#040404,dark muted neutral,"video background, split screen, large typography, sidebar, search bar, avatar","minimal, trustworthy, modern",0.82
Lapa Ninja (Post),"Hey, Bay City!",https://www.lapa.ninja/post/heybaycity/,https://cdn.lapa.ninja/assets/images/1x/heybaycity-thumb.webp,"[""#212327"", ""#f3f3eb""]","{""#212327"": 0.3694, ""#f3f3eb"": 0.3403}",#212327,dark muted neutral,"grid layout, sidebar, feature list, video background, two-column layout, icon list","modern, artistic, retro",0.76
Lapa Ninja (Post),Heva Health,https://www.lapa.ninja/post/hevahealth/,https://cdn.lapa.ninja/assets/images/1x/hevahealth-thumb.webp,"[""#4986a8"", ""#fafaed""]","{""#4986a8"": 0.2453, ""#fafaed"": 0.4321}",#4986a8,bright blue,"rounded buttons, video background, grid layout, sidebar, large typography, split screen","minimal, modern, bold",0.73
Lapa Ninja (Post),Yann-Edern Gillet,https://www.lapa.ninja/post/yannglt-2/,https://cdn.lapa.ninja/assets/images/1x/yannglt-2-thumb.webp,"[""#030507"", ""#0f1114""]","{""#030507"": 0.8651, ""#0f1114"": 0.0974}",#030507,dark bright blue,"large typography, feature list, rounded buttons, grid layout, sidebar, icon list","modern, cool, futuristic",0.86
Lapa Ninja (Post),SFI,https://www.lapa.ninja/post/starfadesinternational/,https://cdn.lapa.ninja/assets/images/1x/starfadesinternational-thumb.webp,"[""#f8f3ee"", ""#d0d1ca""]","{""#f8f3ee"": 0.4309, ""#d0d1ca"": 0.1952}",#f8f3ee,light bright orange,"rounded buttons, grid layout, large typography, form, sidebar, footer","minimal, modern, futuristic",0.83
Lapa Ninja (Post),Codex,https://www.lapa.ninja/post/codex/,https://cdn.lapa.ninja/assets/images/1x/codex-thumb.webp,"[""#111111""]","{""#111111"": 0.9245}",#111111,dark muted neutral,"data table, large typography, chart, icon list, avatar, search bar","modern, minimal, cool",0.83
Lapa Ninja (Post),tinyPod,https://www.lapa.ninja/post/thetinypod/,https://cdn.lapa.ninja/assets/images/1x/thetinypod-thumb.webp,"[""#559cfb"", ""#070d1b""]","{""#559cfb"": 0.3212, ""#070d1b"": 0.2852}",#559cfb,bright blue,"video background, split screen, search bar, rounded buttons, sidebar, top navigation","futuristic, modern, creative",0.78
Lapa Ninja (Post),Cob,https://www.lapa.ninja/post/cobfoods/,https://cdn.lapa.ninja/assets/images/1x/cobfoods-thumb.webp,"[""#f0eee2"", ""#300c15""]","{""#f0eee2"": 0.33, ""#300c15"": 0.271}",#f0eee2,light muted yellow,"pricing cards, rounded buttons, sidebar, large typography, footer, feature list","cool, luxury, friendly",0.78
Lapa Ninja (Post),Dogelon Mars,https://www.lapa.ninja/post/dogelonmars/,https://cdn.lapa.ninja/assets/images/1x/dogelonmars-thumb.webp,"[""#19111b"", ""#373d52""]","{""#19111b"": 0.6433, ""#373d52"": 0.1297}",#19111b,dark muted purple,"video background, top navigation, sidebar, avatar, feature list, card list","retro, artistic, cool",0.86
Lapa Ninja (Post),Quin,https://www.lapa.ninja/post/heyquin/,https://cdn.lapa.ninja/assets/images/1x/heyquin-thumb.jpg,"[""#f2f5ee"", ""#0e3f35""]","{""#f2f5ee"": 0.4788, ""#0e3f35"": 0.3813}",#f2f5ee,light muted green,"grid layout, rounded buttons, pricing cards, sidebar, footer, split screen","modern, professional, friendly",0.85
Lapa Ninja (Post),Strategyzer,https://www.lapa.ninja/post/strategyzer/,https://cdn.lapa.ninja/assets/images/1x/strategyzer-thumb.webp,"[""#0226df"", ""#fef9fe""]","{""#0226df"": 0.3478, ""#fef9fe"": 0.4788}",#0226df,bright blue,"large typography, pricing cards, rounded buttons, grid layout, top navigation, footer","futuristic, modern, minimal",0.78
Lapa Ninja (Post),Ray Philly,https://www.lapa.ninja/post/rayphilly/,https://cdn.lapa.ninja/assets/images/1x/rayphilly-thumb.webp,"[""#dfdad5"", ""#b5a695""]","{""#dfdad5"": 0.4482, ""#b5a695"": 0.1802}",#dfdad5,light muted orange,"grid layout, large typography, split screen, form, single column, pricing cards","modern, minimal, futuristic",0.84
Lapa Ninja (Post),Populous,https://www.lapa.ninja/post/populous/,https://cdn.lapa.ninja/assets/images/1x/populous-thumb.webp,"[""#090b0f"", ""#fdfdfd""]","{""#090b0f"": 0.2634, ""#fdfdfd"": 0.3344}",#090b0f,dark muted blue,"large typography, split screen, sidebar, feature list, grid layout, rounded buttons","modern, futuristic, bold",0.74
Lapa Ninja (Post),GitBook,https://www.lapa.ninja/post/gitbook-4/,https://cdn.lapa.ninja/assets/images/1x/gitbook-4-thumb.webp,"[""#b9dce5"", ""#1a1f21""]","{""#b9dce5"": 0.3952, ""#1a1f21"": 0.3752}",#b9dce5,bright teal,"grid layout, rounded buttons, split screen, search bar, footer, top navigation","minimal, modern, futuristic",0.82
Lapa Ninja (Post),Eun Jeong Yoo,https://www.lapa.ninja/post/eunjeongyoo-3/,https://cdn.lapa.ninja/assets/images/1x/eunjeongyoo-3-thumb.webp,"[""#fcfcfc"", ""#b1b3a9""]","{""#fcfcfc"": 0.5207, ""#b1b3a9"": 0.1581}",#fcfcfc,light muted neutral,"video background, grid layout, sidebar, rounded buttons, pricing cards, feature list","luxury, modern, minimal",0.82
Lapa Ninja (Post),Benjamin Hutter,https://www.lapa.ninja/post/benjaminhutter/,https://cdn.lapa.ninja/assets/images/1x/benjaminhutter-thumb.webp,"[""#ababab""]","{""#ababab"": 0.8285}",#ababab,muted neutral,"grid layout, icon list, feature list, sidebar, split screen, video background","modern, minimal, cool",0.83
Lapa Ninja (Post),Harvard University,https://www.lapa.ninja/post/harvard/,https://cdn.lapa.ninja/assets/images/1x/harvard-thumb.webp,"[""#dee0de"", ""#f2f4f4""]","{""#dee0de"": 0.2206, ""#f2f4f4"": 0.58}",#dee0de,light muted neutral,"grid layout, rounded buttons, footer, large typography, sidebar, search bar","modern, cool, friendly",0.69
Lapa Ninja (Post),ARTXCODE,https://www.lapa.ninja/post/artxcode/,https://cdn.lapa.ninja/assets/images/1x/artxcode-thumb.webp,"[""#fefefe""]","{""#fefefe"": 0.8953}",#fefefe,light muted neutral,"pricing cards, feature list, rounded buttons, card list, sidebar, icon list","modern, minimal, artistic",0.82
Lapa Ninja (Post),Morphic,https://www.lapa.ninja/post/morphic/,https://cdn.lapa.ninja/assets/images/1x/morphic-thumb.webp,"[""#050505"", ""#b58da4""]","{""#050505"": 0.5643, ""#b58da4"": 0.1374}",#050505,dark muted neutral,"video background, split screen, search bar, grid layout, rounded buttons, sidebar","modern, futuristic, artistic",0.83
Lapa Ninja (Post),Kinfolk,https://www.lapa.ninja/post/kinfolk/,https://cdn.lapa.ninja/assets/images/1x/kinfolk-thumb.webp,"[""#ada9a0"", ""#fefefe""]","{""#ada9a0"": 0.28, ""#fefefe"": 0.512}",#ada9a0,muted neutral,"video background, sidebar, split screen, carousel, rounded buttons, hero image","modern, creative, minimal",0.71
Lapa Ninja (Post),Pursuit,https://www.lapa.ninja/post/pursuit/,https://cdn.lapa.ninja/assets/images/1x/pursuit-thumb.webp,"[""#19142b""]","{""#19142b"": 0.8381}",#19142b,dark bright blue,"icon list, pricing cards, feature list, cta button, grid layout, video background","futuristic, artistic, retro",0.87
Lapa Ninja (Post),Fonts Ninja,https://www.lapa.ninja/post/fonts-ninja-2/,https://cdn.lapa.ninja/assets/images/1x/fonts-ninja-2-thumb.webp,"[""#fefefe""]","{""#fefefe"": 0.849}",#fefefe,light muted neutral,"large typography, icon list, pricing cards, two-column layout, grid layout, feature list","modern, creative, cool",0.85
Lapa Ninja (Post),Wimp,https://www.lapa.ninja/post/wimpdecaf/,https://cdn.lapa.ninja/assets/images/1x/wimpdecaf-thumb.webp,"[""#fefefe"", ""#f5efea""]","{""#fefefe"": 0.7086, ""#f5efea"": 0.1776}",#fefefe,light muted neutral,"rounded buttons, large typography, sidebar, two-column layout, search bar, video background","retro, minimal, cool",0.83
Lapa Ninja (Post),Uxkosta,https://www.lapa.ninja/post/uxkosta/,https://cdn.lapa.ninja/assets/images/1x/uxkosta-thumb.webp,"[""#fdfcfc""]","{""#fdfcfc"": 0.777}",#fdfcfc,light muted red,"search bar, sidebar, icon list, feature list, rounded buttons, top navigation","modern, minimal, futuristic",0.87
Lapa Ninja (Post),STUDIO,https://www.lapa.ninja/post/studio-design-4/,https://cdn.lapa.ninja/assets/images/1x/studio-design-4-thumb.webp,"[""#f4f4f4"", ""#141414""]","{""#f4f4f4"": 0.7443, ""#141414"": 0.1186}",#f4f4f4,light muted neutral,"grid layout, rounded buttons, large typography, sidebar, search bar, footer","modern, minimal, futuristic",0.83
Lapa Ninja (Post),makemeplay,https://www.lapa.ninja/post/makemepulse-3/,https://cdn.lapa.ninja/assets/images/1x/makemepulse-3-thumb.webp,"[""#282829"", ""#fcfbfe""]","{""#282829"": 0.3822, ""#fcfbfe"": 0.5371}",#282829,dark muted neutral,"rounded buttons, sidebar, video background, large typography, pricing cards, logo","creative, professional, modern",0.77
Lapa Ninja (Post),Little Troop,https://www.lapa.ninja/post/littletroop/,https://cdn.lapa.ninja/assets/images/1x/littletroop-thumb.webp,"[""#fbfbfb"", ""#958c93""]","{""#fbfbfb"": 0.5536, ""#958c93"": 0.1282}",#fbfbfb,light muted neutral,"grid layout, rounded buttons, icon list, cta button, video background, sidebar","modern, minimal, futuristic",0.83
Lapa Ninja (Post),DePoly,https://www.lapa.ninja/post/depoly/,https://cdn.lapa.ninja/assets/images/1x/depoly-thumb.webp,"[""#ecebe2"", ""#dadcc4""]","{""#ecebe2"": 0.6603, ""#dadcc4"": 0.1771}",#ecebe2,light muted yellow,"sidebar, logo, avatar, form, feature list, pricing cards","futuristic, retro, creative",0.84
Lapa Ninja (Post),Artboard Studio,https://www.lapa.ninja/post/artboard-studio-3/,https://cdn.lapa.ninja/assets/images/1x/artboard-studio-3-thumb.webp,"[""#f9f8f8"", ""#383a2f""]","{""#f9f8f8"": 0.6674, ""#383a2f"": 0.1438}",#f9f8f8,light muted neutral,"split screen, sidebar, rounded buttons, video background, grid layout, large typography","modern, artistic, creative",0.83
Lapa Ninja (Post),Alex Hunting,https://www.lapa.ninja/post/alexhunting/,https://cdn.lapa.ninja/assets/images/1x/alexhunting-thumb.webp,"[""#162128"", ""#020306""]","{""#162128"": 0.5938, ""#020306"": 0.1379}",#162128,dark muted blue,"large typography, grid layout, video background, split screen, footer, search bar","modern, minimal, futuristic",0.87
Lapa Ninja (Post),Summa Equity,https://www.lapa.ninja/post/summaequity/,https://cdn.lapa.ninja/assets/images/1x/summaequity-thumb.webp,"[""#fbfcfc""]","{""#fbfcfc"": 0.8325}",#fbfcfc,light muted teal,"grid layout, large typography, rounded buttons, sidebar, video background, footer","modern, minimal, professional",0.87
Lapa Ninja (Post),Cristina Gómez,https://www.lapa.ninja/post/cristinagomezruiz/,https://cdn.lapa.ninja/assets/images/1x/cristinagomezruiz-thumb.webp,"[""#eaeaea"", ""#4c3a26""]","{""#eaeaea"": 0.7776, ""#4c3a26"": 0.1379}",#eaeaea,light muted neutral,"grid layout, large typography, sidebar, rounded buttons, two-column layout, centered hero","minimal, professional, modern",0.83
Lapa Ninja (Post),+13322566869,https://www.lapa.ninja/post/13322566869/,https://cdn.lapa.ninja/assets/images/1x/13322566869-thumb.webp,"[""#9e132c"", ""#fdfdfb""]","{""#9e132c"": 0.3679, ""#fdfdfb"": 0.3624}",#9e132c,bright red,"large typography, grid layout, footer, sidebar, video background, rounded buttons","professional, serious, futuristic",0.8
Lapa Ninja (Post),Decathland,https://www.lapa.ninja/post/decathland/,https://cdn.lapa.ninja/assets/images/1x/decathland-thumb.webp,"[""#fbd7db"", ""#0a0b0e""]","{""#fbd7db"": 0.7257, ""#0a0b0e"": 0.1206}",#fbd7db,light bright red,"pricing cards, sidebar, feature list, card list, grid layout, icon list","retro, cool, luxury",0.85
Lapa Ninja (Post),unplain,https://www.lapa.ninja/post/unplainofficial/,https://cdn.lapa.ninja/assets/images/1x/unplainofficial-thumb.webp,"[""#fbf5e3"", ""#d2d2c8""]","{""#fbf5e3"": 0.2978, ""#d2d2c8"": 0.2368}",#fbf5e3,light bright orange,"large typography, grid layout, video background, sidebar, avatar, rounded buttons","minimal, modern, luxury",0.75
Lapa Ninja (Post),Made Crate,https://www.lapa.ninja/post/madecrate/,https://cdn.lapa.ninja/assets/images/1x/madecrate-thumb.webp,"[""#ecebe8"", ""#322918""]","{""#ecebe8"": 0.3294, ""#322918"": 0.2471}",#ecebe8,light muted neutral,"grid layout, rounded buttons, pricing cards, two-column layout, sidebar, footer","modern, minimal, luxury",0.74
Lapa Ninja (Post),Alipo,https://www.lapa.ninja/post/alipo/,https://cdn.lapa.ninja/assets/images/1x/alipo-thumb.webp,"[""#ecebea"", ""#adacaa""]","{""#ecebea"": 0.3735, ""#adacaa"": 0.268}",#ecebea,light muted neutral,"video background, large typography, rounded buttons, grid layout, search bar, top navigation","minimal, creative, modern",0.76
Lapa Ninja (Post),ENS Domains,https://www.lapa.ninja/post/ens-domains/,https://cdn.lapa.ninja/assets/images/1x/ens-domains-thumb.webp,"[""#d8e0e6"", ""#f5f5f5""]","{""#d8e0e6"": 0.2734, ""#f5f5f5"": 0.6733}",#d8e0e6,light muted blue,"search bar, sidebar, top navigation, icon list, footer, grid layout","modern, minimal, futuristic",0.76
Lapa Ninja (Post),Ethos Network,https://www.lapa.ninja/post/ethos-network/,https://cdn.lapa.ninja/assets/images/1x/ethos-network-thumb.webp,"[""#121315"", ""#cbe4f9""]","{""#121315"": 0.4362, ""#cbe4f9"": 0.2617}",#121315,dark muted neutral,"large typography, split screen, grid layout, video background, sidebar, search bar","creative, modern, minimal",0.81
Lapa Ninja (Post),Yuna,https://www.lapa.ninja/post/yunastories/,https://cdn.lapa.ninja/assets/images/1x/yunastories-thumb.webp,"[""#fcf3ee"", ""#42328e""]","{""#fcf3ee"": 0.3971, ""#42328e"": 0.2324}",#fcf3ee,light bright orange,"video background, rounded buttons, sidebar, search bar, avatar, footer","minimal, cool, calm",0.81
Lapa Ninja (Post),Studio Size,https://www.lapa.ninja/post/studio-size/,https://cdn.lapa.ninja/assets/images/1x/studio-size-thumb.webp,"[""#040404"", ""#e7e4e5""]","{""#040404"": 0.4546, ""#e7e4e5"": 0.1764}",#040404,dark muted neutral,"video background, rounded buttons, large typography, feature list, grid layout, sidebar","modern, futuristic, minimal",0.8
Lapa Ninja (Post),Den.Cool,https://www.lapa.ninja/post/den-cool/,https://cdn.lapa.ninja/assets/images/1x/den-cool-thumb.webp,"[""#f4f4f4"", ""#0c0c0c""]","{""#f4f4f4"": 0.7955, ""#0c0c0c"": 0.1323}",#f4f4f4,light muted neutral,"large typography, grid layout, icon list, rounded buttons, sidebar, video background","minimal, modern, futuristic",0.83
Lapa Ninja (Post),LFG,https://www.lapa.ninja/post/lfg-cash/,https://cdn.lapa.ninja/assets/images/1x/lfg-cash-thumb.webp,"[""#020207"", ""#4a1528""]","{""#020207"": 0.6814, ""#4a1528"": 0.1106}",#020207,dark bright blue,"icon list, feature list, video background, pricing cards, grid layout, sidebar","luxury, futuristic, cool",0.85
Lapa Ninja (Post),Sugar,https://www.lapa.ninja/post/sugar/,https://cdn.lapa.ninja/assets/images/1x/sugar-thumb.webp,"[""#efe5e0"", ""#2b2c31""]","{""#efe5e0"": 0.3475, ""#2b2c31"": 0.2541}",#efe5e0,light muted orange,"search bar, sidebar, rounded buttons, split screen, footer, video background","modern, futuristic, minimal",0.79
Lapa Ninja (Post),Todoist,https://www.lapa.ninja/post/todoist-5/,https://cdn.lapa.ninja/assets/images/1x/todoist-5-thumb.webp,"[""#fdfcfb""]","{""#fdfcfb"": 0.859}",#fdfcfb,light muted orange,"grid layout, rounded buttons, footer, large typography, search bar, top navigation","modern, minimal, professional",0.88
Lapa Ninja (Post),Jose Ocando,https://www.lapa.ninja/post/joseocando/,https://cdn.lapa.ninja/assets/images/1x/joseocando-thumb.webp,"[""#092938"", ""#efefeb""]","{""#092938"": 0.3088, ""#efefeb"": 0.2507}",#092938,dark bright teal,"rounded buttons, large typography, grid layout, icon list, search bar, sidebar","minimal, modern, professional",0.78
Lapa Ninja (Post),Accordion,https://www.lapa.ninja/post/accordion/,https://cdn.lapa.ninja/assets/images/1x/accordion-thumb.webp,"[""#020202"", ""#e9c209""]","{""#020202"": 0.512, ""#e9c209"": 0.2371}",#020202,dark muted neutral,"video background, sidebar, rounded buttons, large typography, logo, feature list","modern, cool, artistic",0.82
Lapa Ninja (Post),Alastair Strong Studio,https://www.lapa.ninja/post/alastairstrong/,https://cdn.lapa.ninja/assets/images/1x/alastairstrong-thumb.webp,"[""#fefefe"", ""#151413""]","{""#fefefe"": 0.6372, ""#151413"": 0.1625}",#fefefe,light muted neutral,"icon list, grid layout, large typography, video background, rounded buttons, avatar","futuristic, modern, minimal",0.82
Lapa Ninja (Post),FEASTIE,https://www.lapa.ninja/post/feastie/,https://cdn.lapa.ninja/assets/images/1x/feastie-thumb.webp,"[""#fcf0f8"", ""#4b285c""]","{""#fcf0f8"": 0.5891, ""#4b285c"": 0.1434}",#fcf0f8,light bright magenta,"pricing cards, sidebar, feature list, grid layout, card list, video background","cool, retro, futuristic",0.86
Lapa Ninja (Post),Matrix,https://www.lapa.ninja/post/matrix/,https://cdn.lapa.ninja/assets/images/1x/matrix-thumb.webp,"[""#f5f5f5"", ""#c4c6c7""]","{""#f5f5f5"": 0.7528, ""#c4c6c7"": 0.1273}",#f5f5f5,light muted neutral,"grid layout, large typography, rounded buttons, sidebar, icon list, feature list","minimal, modern, professional",0.83
Lapa Ninja (Post),Lithic,https://www.lapa.ninja/post/lithic-2/,https://cdn.lapa.ninja/assets/images/1x/lithic-2-thumb.webp,"[""#fefefe"", ""#f1f1f1""]","{""#fefefe"": 0.4899, ""#f1f1f1"": 0.4107}",#fefefe,light muted neutral,"grid layout, rounded buttons, large typography, pricing cards, feature list, footer","minimal, modern, futuristic",0.82
Lapa Ninja (Post),Oddit,https://www.lapa.ninja/post/oddit/,https://cdn.lapa.ninja/assets/images/1x/oddit-thumb.webp,"[""#f8fdfd""]","{""#f8fdfd"": 0.8838}",#f8fdfd,light bright teal,"footer, large typography, sidebar, split screen, video background, rounded buttons","futuristic, modern, cool",0.85
Lapa Ninja (Post),Linda Ikechukwu,https://www.lapa.ninja/post/lindaikechukwu/,https://cdn.lapa.ninja/assets/images/1x/lindaikechukwu-thumb.webp,"[""#f5f3ef"", ""#363635""]","{""#f5f3ef"": 0.6655, ""#363635"": 0.1343}",#f5f3ef,light muted orange,"sidebar, grid layout, large typography, rounded buttons, centered hero, two-column layout","modern, professional, bold",0.85
Lapa Ninja (Post),Tinyman,https://www.lapa.ninja/post/tinyman/,https://cdn.lapa.ninja/assets/images/1x/tinyman-thumb.webp,"[""#1cc87d"", ""#fdfdf8""]","{""#1cc87d"": 0.2887, ""#fdfdf8"": 0.3098}",#1cc87d,bright green,"rounded buttons, cta button, grid layout, pricing cards, sidebar, footer","modern, futuristic, cool",0.77
Lapa Ninja (Post),Drex,https://www.lapa.ninja/post/drex/,https://cdn.lapa.ninja/assets/images/1x/drex-thumb.webp,"[""#e6e3da"", ""#fefefe""]","{""#e6e3da"": 0.1977, ""#fefefe"": 0.764}",#e6e3da,light muted orange,"rounded buttons, grid layout, pricing cards, large typography, sidebar, video background","minimal, modern, artistic",0.71
Lapa Ninja (Post),Thibaut Crépelle,https://www.lapa.ninja/post/thibaut/,https://cdn.lapa.ninja/assets/images/1x/thibaut-thumb.webp,"[""#000101""]","{""#000101"": 0.8406}",#000101,dark bright teal,"sidebar, video background, top navigation, data table, icon list, search bar","modern, retro, cool",0.86
Lapa Ninja (Post),Anyways,https://www.lapa.ninja/post/anyways/,https://cdn.lapa.ninja/assets/images/1x/anyways-thumb.webp,"[""#d8d6d5"", ""#f8f8f8""]","{""#d8d6d5"": 0.4319, ""#f8f8f8"": 0.1595}",#d8d6d5,muted neutral,"video background, grid layout, sidebar, top navigation, avatar, feature list","minimal, creative, professional",0.79
Lapa Ninja (Post),Litebox,https://www.lapa.ninja/post/litebox/,https://cdn.lapa.ninja/assets/images/1x/litebox-thumb.webp,"[""#efefe8"", ""#22360e""]","{""#efefe8"": 0.7267, ""#22360e"": 0.0946}",#efefe8,light muted yellow,"large typography, rounded buttons, grid layout, pricing cards, two-column layout, sidebar","modern, minimal, professional",0.86
Lapa Ninja (Post),STR8FIRE,https://www.lapa.ninja/post/str8fire/,https://cdn.lapa.ninja/assets/images/1x/str8fire-thumb.webp,"[""#090e21"", ""#081643""]","{""#090e21"": 0.4807, ""#081643"": 0.3929}",#090e21,dark bright blue,"video background, sidebar, rounded buttons, pricing cards, split screen, feature list","retro, modern, futuristic",0.86
Lapa Ninja (Post),Zero Studios,https://www.lapa.ninja/post/zero-2/,https://cdn.lapa.ninja/assets/images/1x/zero-2-thumb.webp,"[""#000000"", ""#59c4b1""]","{""#000000"": 0.4448, ""#59c4b1"": 0.3847}",#000000,dark muted neutral,"video background, hero image, sidebar, logo, split screen, centered hero","retro, creative, modern",0.79
Lapa Ninja (Post),Due,https://www.lapa.ninja/post/opendue/,https://cdn.lapa.ninja/assets/images/1x/opendue-thumb.webp,"[""#fefefe""]","{""#fefefe"": 0.909}",#fefefe,light muted neutral,"pricing cards, rounded buttons, split screen, sidebar, large typography, video background","modern, creative, friendly",0.83
Lapa Ninja (Post),Bike Time,https://www.lapa.ninja/post/bike-time/,https://cdn.lapa.ninja/assets/images/1x/bike-time-thumb.webp,"[""#f2f0ee""]","{""#f2f0ee"": 0.754}",#f2f0ee,light muted orange,"grid layout, large typography, top navigation, footer, rounded buttons, feature list","modern, futuristic, minimal",0.87
Lapa Ninja (Post),Underline Colorado Springs,https://www.lapa.ninja/post/underline/,https://cdn.lapa.ninja/assets/images/1x/underline-thumb.webp,"[""#fdcde4"", ""#fdf6eb""]","{""#fdcde4"": 0.5183, ""#fdf6eb"": 0.3614}",#fdcde4,light bright magenta,"top navigation, pricing cards, sidebar, two-column layout, grid layout, rounded buttons","modern, futuristic, minimal",0.87
Lapa Ninja (Post),Guts Agency,https://www.lapa.ninja/post/guts/,https://cdn.lapa.ninja/assets/images/1x/guts-thumb.webp,"[""#000000"", ""#311fef""]","{""#000000"": 0.7025, ""#311fef"": 0.1567}",#000000,dark muted neutral,"rounded buttons, sidebar, split screen, large typography, search bar, feature list","futuristic, modern, cool",0.83
Lapa Ninja (Post),tbh,https://www.lapa.ninja/post/tbh/,https://cdn.lapa.ninja/assets/images/1x/tbh-thumb.webp,"[""#fbfaf8""]","{""#fbfaf8"": 0.8546}",#fbfaf8,light muted orange,"grid layout, sidebar, split screen, rounded buttons, large typography, pricing cards","modern, minimal, bold",0.87
Lapa Ninja (Post),Little Plains,https://www.lapa.ninja/post/littleplains/,https://cdn.lapa.ninja/assets/images/1x/littleplains-thumb.webp,"[""#fefefe""]","{""#fefefe"": 0.9853}",#fefefe,light muted neutral,"large typography, footer, rounded buttons, grid layout, pricing cards, top navigation","minimal, creative, modern",0.83
Lapa Ninja (Post),BYPG,https://www.lapa.ninja/post/bypg/,https://cdn.lapa.ninja/assets/images/1x/bypg-thumb.webp,"[""#fdddda"", ""#ea0412""]","{""#fdddda"": 0.5744, ""#ea0412"": 0.1725}",#fdddda,light bright red,"large typography, rounded buttons, grid layout, sidebar, feature list, avatar","modern, bold, futuristic",0.86
Lapa Ninja (Post),The Modern Dentist,https://www.lapa.ninja/post/themoderndentist/,https://cdn.lapa.ninja/assets/images/1x/themoderndentist-thumb.webp,"[""#ebe7e5"", ""#69c1b4""]","{""#ebe7e5"": 0.3497, ""#69c1b4"": 0.3032}",#ebe7e5,light muted orange,"split screen, rounded buttons, sidebar, grid layout, large typography, footer","modern, minimal, friendly",0.78
Lapa Ninja (Post),SĀDH,https://www.lapa.ninja/post/sadh/,https://cdn.lapa.ninja/assets/images/1x/sadh-thumb.webp,"[""#7fa58a"", ""#9fbda7""]","{""#7fa58a"": 0.3764, ""#9fbda7"": 0.3343}",#7fa58a,muted green,"grid layout, sidebar, form, video background, avatar, carousel","retro, bold, serious",0.8
Lapa Ninja (Post),Tricky Knot,https://www.lapa.ninja/post/trickyknot/,https://cdn.lapa.ninja/assets/images/1x/trickyknot-thumb.webp,"[""#3453a1"", ""#162d48""]","{""#3453a1"": 0.4927, ""#162d48"": 0.2092}",#3453a1,bright blue,"video background, split screen, sidebar, search bar, top navigation, feature list","modern, cool, futuristic",0.88
Lapa Ninja (Post),Fasset,https://www.lapa.ninja/post/fasset/,https://cdn.lapa.ninja/assets/images/1x/fasset-thumb.webp,"[""#787b70"", ""#45392c""]","{""#787b70"": 0.4956, ""#45392c"": 0.2756}",#787b70,muted neutral,"feature list, rounded buttons, sidebar, pricing cards, form, footer","futuristic, modern, minimal",0.82
Lapa Ninja (Post),Krepling,https://www.lapa.ninja/post/krepling/,https://cdn.lapa.ninja/assets/images/1x/krepling-thumb.webp,"[""#f0f0f0"", ""#fefefe""]","{""#f0f0f0"": 0.3777, ""#fefefe"": 0.4078}",#f0f0f0,light muted neutral,"pricing cards, feature list, top navigation, rounded buttons, footer, data table","modern, professional, minimal",0.76
Lapa Ninja (Post),DES,https://www.lapa.ninja/post/des-by-obys/,https://cdn.lapa.ninja/assets/images/1x/des-by-obys-thumb.webp,"[""#efefef"", ""#9fa1a4""]","{""#efefef"": 0.699, ""#9fa1a4"": 0.1087}",#efefef,light muted neutral,"large typography, grid layout, sidebar, cta button, split screen, feature list","modern, professional, cool",0.82
Lapa Ninja (Post),Bihua,https://www.lapa.ninja/post/bihua/,https://cdn.lapa.ninja/assets/images/1x/bihua-thumb.webp,"[""#f2f4f8""]","{""#f2f4f8"": 0.8675}",#f2f4f8,light muted blue,"grid layout, sidebar, split screen, video background, feature list, avatar","creative, artistic, professional",0.86
Lapa Ninja (Post),Léonard Oliviéro,https://www.lapa.ninja/post/leonardoliviero/,https://cdn.lapa.ninja/assets/images/1x/leonardoliviero-thumb.webp,"[""#96889d"", ""#f9f9f9""]","{""#96889d"": 0.1979, ""#f9f9f9"": 0.4227}",#96889d,muted neutral,"rounded buttons, sidebar, video background, icon list, search bar, feature list","modern, minimal, artistic",0.67
Lapa Ninja (Post),Superhuman,https://www.lapa.ninja/post/superhuman/,https://cdn.lapa.ninja/assets/images/1x/superhuman-thumb.webp,"[""#060509"", ""#171b27""]","{""#060509"": 0.5039, ""#171b27"": 0.3738}",#060509,dark muted blue,"icon list, feature list, split screen, video background, sidebar, search bar","modern, futuristic, artistic",0.86
Lapa Ninja (Post),Revenant,https://www.lapa.ninja/post/revenant/,https://cdn.lapa.ninja/assets/images/1x/revenant-thumb.webp,"[""#0a0b08"", ""#212622""]","{""#0a0b08"": 0.4693, ""#212622"": 0.2766}",#0a0b08,dark muted green,"large typography, video background, split screen, sidebar, hero image, grid layout","modern, luxury, minimal",0.85
Lapa Ninja (Post),Figma,https://www.lapa.ninja/post/figma-5/,https://cdn.lapa.ninja/assets/images/1x/figma-5-thumb.webp,"[""#fcfdfd"", ""#b1a7c0""]","{""#fcfdfd"": 0.6543, ""#b1a7c0"": 0.1626}",#fcfdfd,light muted teal,"feature list, icon list, sidebar, large typography, pricing cards, split screen","modern, minimal, cool",0.85
Lapa Ninja (Post),CargoKite,https://www.lapa.ninja/post/cargokite/,https://cdn.lapa.ninja/assets/images/1x/cargokite-thumb.webp,"[""#06394c"", ""#fefefe""]","{""#06394c"": 0.4268, ""#fefefe"": 0.415}",#06394c,dark bright teal,"large typography, grid layout, sidebar, top navigation, rounded buttons, cta button","modern, futuristic, minimal",0.82
Lapa Ninja (Post),Kanak,https://www.lapa.ninja/post/kanaknaturals/,https://cdn.lapa.ninja/assets/images/1x/kanaknaturals-thumb.webp,"[""#e9dfcd"", ""#c3b7a0""]","{""#e9dfcd"": 0.7662, ""#c3b7a0"": 0.0959}",#e9dfcd,light bright orange,"pricing cards, rounded buttons, large typography, sidebar, top navigation, footer","professional, luxury, retro",0.87
Lapa Ninja (Post),Mercury,https://www.lapa.ninja/post/mercury/,https://cdn.lapa.ninja/assets/images/1x/mercury-thumb.webp,"[""#e4e4f0"", ""#f4f5fa""]","{""#e4e4f0"": 0.2, ""#f4f5fa"": 0.6947}",#e4e4f0,light muted blue,"grid layout, rounded buttons, top navigation, search bar, centered hero, data table","minimal, modern, futuristic",0.72
Lapa Ninja (Post),Babes by Petra Voice,https://www.lapa.ninja/post/babes/,https://cdn.lapa.ninja/assets/images/1x/babes-thumb.webp,"[""#030303"", ""#bc9f6e""]","{""#030303"": 0.6778, ""#bc9f6e"": 0.116}",#030303,dark muted neutral,"pricing cards, avatar, icon list, sidebar, card list, feature list","artistic, cool, creative",0.82
Lapa Ninja (Post),Sonar,https://www.lapa.ninja/post/sonarmusic/,https://cdn.lapa.ninja/assets/images/1x/sonarmusic-thumb.webp,"[""#241e17"", ""#505250""]","{""#241e17"": 0.2994, ""#505250"": 0.2809}",#241e17,dark muted orange,"video background, sidebar, avatar, icon list, search bar, feature list","cool, minimal, creative",0.76
Lapa Ninja (Post),METALWORKS,https://www.lapa.ninja/post/metalworks/,https://cdn.lapa.ninja/assets/images/1x/metalworks-thumb.webp,"[""#eeeeec"", ""#bdb8aa""]","{""#eeeeec"": 0.5738, ""#bdb8aa"": 0.1516}",#eeeeec,light muted neutral,"large typography, split screen, form, rounded buttons, data table, sidebar","modern, minimal, luxury",0.82
Lapa Ninja (Post),Bored Cow,https://www.lapa.ninja/post/tryboredcow/,https://cdn.lapa.ninja/assets/images/1x/tryboredcow-thumb.webp,"[""#b5a2e3"", ""#f7f8f5""]","{""#b5a2e3"": 0.2207, ""#f7f8f5"": 0.6009}",#b5a2e3,bright blue,"sidebar, rounded buttons, pricing cards, footer, large typography, grid layout","creative, cool, retro",0.71
Lapa Ninja (Post),Podscan.fm,https://www.lapa.ninja/post/podscan/,https://cdn.lapa.ninja/assets/images/1x/podscan-thumb.webp,"[""#fbfbfb""]","{""#fbfbfb"": 0.8835}",#fbfbfb,light muted neutral,"rounded buttons, large typography, grid layout, search bar, sidebar, footer","modern, minimal, cool",0.83
Lapa Ninja (Post),Clarisse Michard,https://www.lapa.ninja/post/clarissemichard/,https://cdn.lapa.ninja/assets/images/1x/clarissemichard-thumb.webp,"[""#ebe7e4""]","{""#ebe7e4"": 0.9006}",#ebe7e4,light muted orange,"grid layout, sidebar, large typography, rounded buttons, avatar, pricing cards","professional, minimal, creative",0.86
Lapa Ninja (Post),XOTC,https://www.lapa.ninja/post/xotc/,https://cdn.lapa.ninja/assets/images/1x/xotc-thumb.webp,"[""#171917"", ""#25423f""]","{""#171917"": 0.7804, ""#25423f"": 0.0985}",#171917,dark muted neutral,"pricing cards, video background, sidebar, large typography, grid layout, search bar","futuristic, cool, modern",0.83
Lapa Ninja (Post),Zenith VC,https://www.lapa.ninja/post/zenithvc/,https://cdn.lapa.ninja/assets/images/1x/zenithvc-thumb.webp,"[""#222427"", ""#f6f5f4""]","{""#222427"": 0.268, ""#f6f5f4"": 0.4341}",#222427,dark muted neutral,"sidebar, feature list, footer, top navigation, large typography, grid layout","futuristic, modern, cool",0.7
Lapa Ninja (Post),Planpoint,https://www.lapa.ninja/post/planpoint/,https://cdn.lapa.ninja/assets/images/1x/planpoint-thumb.webp,"[""#fdfdfd"", ""#090b1c""]","{""#fdfdfd"": 0.8105, ""#090b1c"": 0.1157}",#fdfdfd,light muted neutral,"feature list, grid layout, large typography, icon list, video background, split screen","modern, professional, luxury",0.82
Lapa Ninja (Post),Planhat,https://www.lapa.ninja/post/planhat/,https://cdn.lapa.ninja/assets/images/1x/planhat-thumb.webp,"[""#fdfdfd"", ""#1c1508""]","{""#fdfdfd"": 0.5184, ""#1c1508"": 0.1785}",#fdfdfd,light muted neutral,"rounded buttons, search bar, sidebar, feature list, avatar, grid layout","modern, minimal, trustworthy",0.83
Lapa Ninja (Post),Workflow,https://www.lapa.ninja/post/workflow/,https://cdn.lapa.ninja/assets/images/1x/workflow-thumb.webp,"[""#f2f0ed"", ""#fdfdfc""]","{""#f2f0ed"": 0.7311, ""#fdfdfc"": 0.2175}",#f2f0ed,light muted orange,"grid layout, large typography, rounded buttons, feature list, footer, data table","minimal, modern, cool",0.86
Lapa Ninja (Post),PILOT.REPUBLIK,https://www.lapa.ninja/post/pilot-republic/,https://cdn.lapa.ninja/assets/images/1x/pilot-republic-thumb.webp,"[""#131313"", ""#433026""]","{""#131313"": 0.5386, ""#433026"": 0.291}",#131313,dark muted neutral,"sidebar, form, large typography, feature list, video background, top navigation","professional, modern, futuristic",0.82
Lapa Ninja (Post),Axis,https://www.lapa.ninja/post/axis/,https://cdn.lapa.ninja/assets/images/1x/axis-thumb.webp,"[""#272228"", ""#eede87""]","{""#272228"": 0.3879, ""#eede87"": 0.2635}",#272228,dark muted neutral,"grid layout, rounded buttons, pricing cards, large typography, top navigation, feature list","minimal, modern, futuristic",0.77
Lapa Ninja (Post),Acctual,https://www.lapa.ninja/post/acctual/,https://cdn.lapa.ninja/assets/images/1x/acctual-thumb.webp,"[""#f8fafc""]","{""#f8fafc"": 0.8934}",#f8fafc,light bright blue,"rounded buttons, feature list, pricing cards, grid layout, sidebar, icon list","modern, minimal, futuristic",0.86
Lapa Ninja (Post),Just Salad,https://www.lapa.ninja/post/justsalad/,https://cdn.lapa.ninja/assets/images/1x/justsalad-thumb.webp,"[""#f2eae1"", ""#4285fb""]","{""#f2eae1"": 0.3525, ""#4285fb"": 0.2399}",#f2eae1,light bright orange,"grid layout, rounded buttons, top navigation, pricing cards, feature list, sidebar","modern, bold, vibrant",0.79
Lapa Ninja (Post),ANAI,https://www.lapa.ninja/post/anaiwood/,https://cdn.lapa.ninja/assets/images/1x/anaiwood-thumb.webp,"[""#fefefe"", ""#818178""]","{""#fefefe"": 0.7869, ""#818178"": 0.0803}",#fefefe,light muted neutral,"single column, form, large typography, sidebar, feature list, two-column layout","minimal, modern, artistic",0.82
Lapa Ninja (Post),Contra,https://www.lapa.ninja/post/contra-4/,https://cdn.lapa.ninja/assets/images/1x/contra-4-thumb.webp,"[""#fefefe""]","{""#fefefe"": 0.8774}",#fefefe,light muted neutral,"sidebar, search bar, split screen, feature list, rounded buttons, large typography","modern, futuristic, professional",0.83
Lapa Ninja (Post),Uizard,https://www.lapa.ninja/post/uizard-2/,https://cdn.lapa.ninja/assets/images/1x/uizard-2-thumb.webp,"[""#030106"", ""#201730""]","{""#030106"": 0.605, ""#201730"": 0.2534}",#030106,dark bright purple,"rounded buttons, grid layout, search bar, video background, feature list, sidebar","minimal, modern, futuristic",0.88
Lapa Ninja (Post),Okay Dev,https://www.lapa.ninja/post/okaydev/,https://cdn.lapa.ninja/assets/images/1x/okaydev-thumb.webp,"[""#291e21"", ""#fcfcfc""]","{""#291e21"": 0.1923, ""#fcfcfc"": 0.47}",#291e21,dark muted red,"sidebar, feature list, grid layout, split screen, video background, icon list","creative, cool, artistic",0.72
Lapa Ninja (Post),FOLLOW,https://www.lapa.ninja/post/followarchitecture/,https://cdn.lapa.ninja/assets/images/1x/followarchitecture-thumb.webp,"[""#f0efeb""]","{""#f0efeb"": 0.7799}",#f0efeb,light muted orange,"large typography, grid layout, footer, feature list, rounded buttons, form","modern, luxury, bold",0.86
Lapa Ninja (Post),Flow,https://www.lapa.ninja/post/justgowiththeflow/,https://cdn.lapa.ninja/assets/images/1x/justgowiththeflow-thumb.webp,"[""#020202"", ""#fefefe""]","{""#020202"": 0.2217, ""#fefefe"": 0.6926}",#020202,dark muted neutral,"large typography, form, top navigation, feature list, sidebar, footer","futuristic, modern, creative",0.69
Lapa Ninja (Post),Feast Studio,https://www.lapa.ninja/post/feast/,https://cdn.lapa.ninja/assets/images/1x/feast-thumb.webp,"[""#fcfcfc"", ""#030303""]","{""#fcfcfc"": 0.6941, ""#030303"": 0.1352}",#fcfcfc,light muted neutral,"large typography, feature list, sidebar, search bar, grid layout, footer","futuristic, creative, cool",0.82
Lapa Ninja (Post),QuadroDesign,https://www.lapa.ninja/post/quadrodesign/,https://cdn.lapa.ninja/assets/images/1x/quadrodesign-thumb.webp,"[""#b9b1a4"", ""#747472""]","{""#b9b1a4"": 0.3278, ""#747472"": 0.2629}",#b9b1a4,muted orange,"large typography, grid layout, single column, sidebar, split screen, data table","modern, futuristic, creative",0.76
Lapa Ninja (Post),Nike Winter ‘24,https://www.lapa.ninja/post/nikewinter24/,https://cdn.lapa.ninja/assets/images/1x/nikewinter24-thumb.webp,"[""#f8fbfd"", ""#d5dee9""]","{""#f8fbfd"": 0.5754, ""#d5dee9"": 0.1754}",#f8fbfd,light bright blue,"video background, sidebar, large typography, logo, feature list, avatar","minimal, cool, warm",0.86
Lapa Ninja (Post),Fly,https://www.lapa.ninja/post/fly-2/,https://cdn.lapa.ninja/assets/images/1x/fly-2-thumb.webp,"[""#f8f8fc"", ""#e2e0ef""]","{""#f8f8fc"": 0.7855, ""#e2e0ef"": 0.1244}",#f8f8fc,light bright blue,"grid layout, top navigation, pricing cards, feature list, rounded buttons, data table","modern, futuristic, cool",0.86
Lapa Ninja (Post),Paper + Land,https://www.lapa.ninja/post/paperandland/,https://cdn.lapa.ninja/assets/images/1x/paperandland-thumb.webp,"[""#fad1f2"", ""#a59397""]","{""#fad1f2"": 0.4985, ""#a59397"": 0.172}",#fad1f2,light bright magenta,"large typography, grid layout, rounded buttons, sidebar, feature list, video background","modern, artistic, minimal",0.87
Lapa Ninja (Post),Juxtapose,https://www.lapa.ninja/post/juxtapose/,https://cdn.lapa.ninja/assets/images/1x/juxtapose-thumb.webp,"[""#f8f8f8"", ""#b8b69f""]","{""#f8f8f8"": 0.7356, ""#b8b69f"": 0.0884}",#f8f8f8,light muted neutral,"sidebar, grid layout, video background, top navigation, large typography, icon list","modern, creative, futuristic",0.82
Lapa Ninja (Post),ORBIT,https://www.lapa.ninja/post/orbitaudiovisuals/,https://cdn.lapa.ninja/assets/images/1x/orbitaudiovisuals-thumb.webp,"[""#e02e19"", ""#1d1d15""]","{""#e02e19"": 0.5554, ""#1d1d15"": 0.2066}",#e02e19,bright red,"avatar, sidebar, footer, form, feature list, video background","modern, futuristic, retro",0.87
Lapa Ninja (Post),Allfeat,https://www.lapa.ninja/post/allfeat/,https://cdn.lapa.ninja/assets/images/1x/allfeat-thumb.webp,"[""#161818"", ""#223932""]","{""#161818"": 0.5888, ""#223932"": 0.2014}",#161818,dark muted neutral,"sidebar, video background, feature list, rounded buttons, avatar, grid layout","modern, minimal, cool",0.82
Lapa Ninja (Post),Huly,https://www.lapa.ninja/post/huly/,https://cdn.lapa.ninja/assets/images/1x/huly-thumb.webp,"[""#0a0b0e"", ""#f2f2f3""]","{""#0a0b0e"": 0.4364, ""#f2f2f3"": 0.2809}",#0a0b0e,dark muted blue,"grid layout, rounded buttons, video background, split screen, large typography, search bar","modern, minimal, futuristic",0.83
Lapa Ninja (Post),Hatch,https://www.lapa.ninja/post/hatch-fm/,https://cdn.lapa.ninja/assets/images/1x/hatch-fm-thumb.webp,"[""#f6f4f0""]","{""#f6f4f0"": 0.898}",#f6f4f0,light muted orange,"rounded buttons, large typography, grid layout, centered hero, sidebar, search bar","modern, futuristic, minimal",0.85
Lapa Ninja (Post),Kevin Mao,https://www.lapa.ninja/post/kmao/,https://cdn.lapa.ninja/assets/images/1x/kmao-thumb.webp,"[""#17161a""]","{""#17161a"": 0.8902}",#17161a,dark muted neutral,"top navigation, grid layout, rounded buttons, data table, search bar, chart","modern, futuristic, minimal",0.82
Lapa Ninja (Post),Linear,https://www.lapa.ninja/post/linear-4/,https://cdn.lapa.ninja/assets/images/1x/linear-4-thumb.webp,"[""#080a0b"", ""#121415""]","{""#080a0b"": 0.6355, ""#121415"": 0.3265}",#080a0b,dark muted teal,"search bar, rounded buttons, feature list, icon list, video background, sidebar","modern, minimal, futuristic",0.86
Lapa Ninja (Post),Siddharth,https://www.lapa.ninja/post/itsiddharth/,https://cdn.lapa.ninja/assets/images/1x/itsiddharth-thumb.webp,"[""#fefefe""]","{""#fefefe"": 0.9324}",#fefefe,light muted neutral,"large typography, rounded buttons, feature list, sidebar, grid layout, icon list","modern, minimal, cool",0.83
Lapa Ninja (Post),Sebastiaan de With,https://www.lapa.ninja/post/sdw/,https://cdn.lapa.ninja/assets/images/1x/sdw-thumb.webp,"[""#eeeceb""]","{""#eeeceb"": 0.7996}",#eeeceb,light muted neutral,"grid layout, sidebar, rounded buttons, feature list, large typography, hero image","minimal, modern, professional",0.82
Lapa Ninja (Post),Refokus,https://www.lapa.ninja/post/refokus/,https://cdn.lapa.ninja/assets/images/1x/refokus-thumb.webp,"[""#020103"", ""#110627""]","{""#020103"": 0.49, ""#110627"": 0.2474}",#020103,dark bright purple,"video background, footer, large typography, sidebar, icon list, grid layout","futuristic, minimal, modern",0.86
Lapa Ninja (Post),All You Can Design,https://www.lapa.ninja/post/allyoucan/,https://cdn.lapa.ninja/assets/images/1x/allyoucan-thumb.webp,"[""#f4e2d8"", ""#fdfaef""]","{""#f4e2d8"": 0.1948, ""#fdfaef"": 0.7104}",#f4e2d8,light bright orange,"rounded buttons, sidebar, search bar, icon list, video background, large typography","futuristic, modern, minimal",0.72
Lapa Ninja (Post),Liveblocks,https://www.lapa.ninja/post/liveblocks-3/,https://cdn.lapa.ninja/assets/images/1x/liveblocks-3-thumb.webp,"[""#000000"", ""#191919""]","{""#000000"": 0.8472, ""#191919"": 0.1049}",#000000,dark muted neutral,"video background, rounded buttons, search bar, sidebar, icon list, feature list","minimal, futuristic, modern",0.83
Lapa Ninja (Post),Decoding Bio,https://www.lapa.ninja/post/decodingbio/,https://cdn.lapa.ninja/assets/images/1x/decodingbio-thumb.webp,"[""#000203"", ""#0d252e""]","{""#000203"": 0.5373, ""#0d252e"": 0.2407}",#000203,dark bright teal,"large typography, search bar, video background, grid layout, rounded buttons, top navigation","futuristic, modern, cool",0.86
Lapa Ninja (Post),Pirsch,https://www.lapa.ninja/post/pirsch-2/,https://cdn.lapa.ninja/assets/images/1x/pirsch-2-thumb.webp,"[""#0b0b0b"", ""#1c1c19""]","{""#0b0b0b"": 0.7251, ""#1c1c19"": 0.2384}",#0b0b0b,dark muted neutral,"feature list, data table, grid layout, rounded buttons, search bar, sidebar","modern, minimal, futuristic",0.83
Lapa Ninja (Post),Charter Wallet,https://www.lapa.ninja/post/charterlabs/,https://cdn.lapa.ninja/assets/images/1x/charterlabs-thumb.webp,"[""#fefefe""]","{""#fefefe"": 0.8953}",#fefefe,light muted neutral,"pricing cards, rounded buttons, sidebar, cta button, large typography, feature list","modern, minimal, cool",0.82
Lapa Ninja (Post),OpenServ,https://www.lapa.ninja/post/openserv/,https://cdn.lapa.ninja/assets/images/1x/openserv-thumb.webp,"[""#07000d"", ""#eaeaea""]","{""#07000d"": 0.6287, ""#eaeaea"": 0.1789}",#07000d,dark bright purple,"split screen, search bar, video background, large typography, sidebar, grid layout","modern, minimal, friendly",0.87
Lapa Ninja (Post),Impilo,https://www.lapa.ninja/post/impilo/,https://cdn.lapa.ninja/assets/images/1x/impilo-thumb.webp,"[""#403cd4"", ""#514ee0""]","{""#403cd4"": 0.7257, ""#514ee0"": 0.2248}",#403cd4,bright blue,"grid layout, rounded buttons, large typography, feature list, footer, data table","minimal, modern, futuristic",0.88
Lapa Ninja (Post),Colin & Samir,https://www.lapa.ninja/post/colinandsamir/,https://cdn.lapa.ninja/assets/images/1x/colinandsamir-thumb.webp,"[""#f5e822"", ""#202425""]","{""#f5e822"": 0.3288, ""#202425"": 0.2864}",#f5e822,bright yellow,"split screen, sidebar, grid layout, two-column layout, single column, footer","cool, modern, calm",0.78
Lapa Ninja (Post),207ouest,https://www.lapa.ninja/post/207ouest/,https://cdn.lapa.ninja/assets/images/1x/207ouest-thumb.webp,"[""#a3977d"", ""#f4f5f3""]","{""#a3977d"": 0.2041, ""#f4f5f3"": 0.4303}",#a3977d,muted orange,"rounded buttons, grid layout, search bar, feature list, sidebar, footer","modern, minimal, luxury",0.72
Lapa Ninja (Post),Guy Morgan,https://www.lapa.ninja/post/guy-morgan/,https://cdn.lapa.ninja/assets/images/1x/guy-morgan-thumb.webp,"[""#3b556d"", ""#fdfdfc""]","{""#3b556d"": 0.2936, ""#fdfdfc"": 0.3929}",#3b556d,muted blue,"sidebar, large typography, split screen, video background, grid layout, avatar","futuristic, modern, creative",0.76
Lapa Ninja (Post),Apron,https://www.lapa.ninja/post/getapron/,https://cdn.lapa.ninja/assets/images/1x/getapron-thumb.webp,"[""#faeeaf"", ""#fbf9f2""]","{""#faeeaf"": 0.3782, ""#fbf9f2"": 0.5528}",#faeeaf,bright yellow,"pricing cards, rounded buttons, grid layout, large typography, feature list, footer","modern, minimal, professional",0.81
Lapa Ninja (Post),Luis Bizarro,https://www.lapa.ninja/post/bizarro/,https://cdn.lapa.ninja/assets/images/1x/bizarro-thumb.webp,"[""#000000"", ""#f7f8fb""]","{""#000000"": 0.7946, ""#f7f8fb"": 0.0863}",#000000,dark muted neutral,"large typography, logo, hero image, form, sidebar, video background","futuristic, modern, retro",0.82
Lapa Ninja (Post),NYBG,https://www.lapa.ninja/post/nybg/,https://cdn.lapa.ninja/assets/images/1x/nybg-thumb.webp,"[""#cfbed3"", ""#fdfdfd""]","{""#cfbed3"": 0.2622, ""#fdfdfd"": 0.4064}",#cfbed3,muted purple,"grid layout, feature list, sidebar, rounded buttons, icon list, pricing cards","vibrant, modern, artistic",0.75
Lapa Ninja (Post),SLOT,https://www.lapa.ninja/post/slotapp/,https://cdn.lapa.ninja/assets/images/1x/slotapp-thumb.webp,"[""#000000""]","{""#000000"": 0.8745}",#000000,dark muted neutral,"large typography, feature list, avatar, split screen, sidebar, cta button","futuristic, modern, minimal",0.82
Lapa Ninja (Post),Victoria Heim,https://www.lapa.ninja/post/victoriaheim/,https://cdn.lapa.ninja/assets/images/1x/victoriaheim-thumb.webp,"[""#29463d"", ""#2e0016""]","{""#29463d"": 0.3997, ""#2e0016"": 0.3415}",#29463d,dark muted teal,"large typography, grid layout, rounded buttons, footer, sidebar, video background","vibrant, modern, minimal",0.82
Lapa Ninja (Post),Glyphy,https://www.lapa.ninja/post/glyphy-2/,https://cdn.lapa.ninja/assets/images/1x/glyphy-2-thumb.webp,"[""#fbf6df"", ""#080707""]","{""#fbf6df"": 0.5542, ""#080707"": 0.1978}",#fbf6df,light bright orange,"large typography, grid layout, icon list, rounded buttons, footer, pricing cards","modern, retro, cool",0.88
Lapa Ninja (Post),Patch,https://www.lapa.ninja/post/thepatchsystem/,https://cdn.lapa.ninja/assets/images/1x/thepatchsystem-thumb.webp,"[""#0a28f5"", ""#fefefe""]","{""#0a28f5"": 0.3859, ""#fefefe"": 0.4489}",#0a28f5,bright blue,"sidebar, rounded buttons, feature list, grid layout, large typography, footer","modern, futuristic, cool",0.8
Lapa Ninja (Post),Stenger Bike,https://www.lapa.ninja/post/stenger-bike/,https://cdn.lapa.ninja/assets/images/1x/stenger-bike-thumb.webp,"[""#1c140d"", ""#fdfdfd""]","{""#1c140d"": 0.1998, ""#fdfdfd"": 0.3839}",#1c140d,dark bright orange,"grid layout, sidebar, feature list, large typography, hero image, centered hero","modern, retro, minimal",0.72
Lapa Ninja (Post),Unfold,https://www.lapa.ninja/post/unfold-3/,https://cdn.lapa.ninja/assets/images/1x/unfold-3-thumb.webp,"[""#e8eff9"", ""#05080e""]","{""#e8eff9"": 0.6162, ""#05080e"": 0.2005}",#e8eff9,light bright blue,"sidebar, large typography, rounded buttons, pricing cards, grid layout, form","futuristic, modern, professional",0.87
Lapa Ninja (Post),Holograph,https://www.lapa.ninja/post/holograph/,https://cdn.lapa.ninja/assets/images/1x/holograph-thumb.webp,"[""#000000""]","{""#000000"": 0.799}",#000000,dark muted neutral,"large typography, data table, grid layout, video background, pricing cards, form","futuristic, modern, cool",0.83
Lapa Ninja (Post),Huy Nguyen,https://www.lapa.ninja/post/huyng/,https://cdn.lapa.ninja/assets/images/1x/huyng-thumb.webp,"[""#0c0c09"", ""#e3e4df""]","{""#0c0c09"": 0.5463, ""#e3e4df"": 0.3624}",#0c0c09,dark muted yellow,"large typography, grid layout, rounded buttons, pricing cards, sidebar, footer","minimal, modern, professional",0.87
Lapa Ninja (Post),Amina Muaddi,https://www.lapa.ninja/post/aminamuaddi/,https://cdn.lapa.ninja/assets/images/1x/aminamuaddi-thumb.webp,"[""#afb4aa"", ""#282520""]","{""#afb4aa"": 0.2815, ""#282520"": 0.2071}",#afb4aa,muted neutral,"sidebar, footer, grid layout, avatar, feature list, icon list","vibrant, retro, playful",0.71
Lapa Ninja (Post),Buy Me a Coffee,https://www.lapa.ninja/post/buymeacoffee/,https://cdn.lapa.ninja/assets/images/1x/buymeacoffee-thumb.webp,"[""#fefefe""]","{""#fefefe"": 0.9369}",#fefefe,light muted neutral,"rounded buttons, large typography, pricing cards, sidebar, grid layout, avatar","creative, modern, minimal",0.82
Lapa Ninja (Post),SupClub,https://www.lapa.ninja/post/supclub/,https://cdn.lapa.ninja/assets/images/1x/supclub-thumb.webp,"[""#e4dac5"", ""#04281a""]","{""#e4dac5"": 0.4456, ""#04281a"": 0.3992}",#e4dac5,bright orange,"sidebar, grid layout, large typography, video background, pricing cards, footer","modern, friendly, cool",0.83
Lapa Ninja (Post),ERL Clothing,https://www.lapa.ninja/post/erl/,https://cdn.lapa.ninja/assets/images/1x/erl-thumb.webp,"[""#3e5aa5"", ""#a7b6c2""]","{""#3e5aa5"": 0.3589, ""#a7b6c2"": 0.3189}",#3e5aa5,bright blue,"sidebar, footer, hero image, icon list, feature list, rounded buttons","creative, retro, warm",0.8
Lapa Ninja (Post),Jan AI,https://www.lapa.ninja/post/jan-ai/,https://cdn.lapa.ninja/assets/images/1x/jan-ai-thumb.webp,"[""#fdfdfd""]","{""#fdfdfd"": 0.8675}",#fdfdfd,light muted neutral,"rounded buttons, grid layout, search bar, feature list, top navigation, sidebar","modern, minimal, professional",0.83
Lapa Ninja (Post),ListenUp!,https://www.lapa.ninja/post/listenup/,https://cdn.lapa.ninja/assets/images/1x/listenup-thumb.webp,"[""#f9f9f9""]","{""#f9f9f9"": 0.9025}",#f9f9f9,light muted neutral,"sidebar, grid layout, data table, split screen, pricing cards, large typography","modern, professional, minimal",0.82
Lapa Ninja (Post),THE MERGE,https://www.lapa.ninja/post/merge/,https://cdn.lapa.ninja/assets/images/1x/merge-thumb.webp,"[""#262338"", ""#735552""]","{""#262338"": 0.7304, ""#735552"": 0.0833}",#262338,dark muted blue,"sidebar, icon list, pricing cards, search bar, video background, feature list","professional, modern, cool",0.85
Lapa Ninja (Post),Moxie Strategies,https://www.lapa.ninja/post/moxie-strategies/,https://cdn.lapa.ninja/assets/images/1x/moxie-strategies-thumb.webp,"[""#020d20"", ""#efeceb""]","{""#020d20"": 0.4541, ""#efeceb"": 0.2933}",#020d20,dark bright blue,"large typography, split screen, sidebar, video background, rounded buttons, grid layout","modern, minimal, futuristic",0.84
Lapa Ninja (Post),Flux Academy,https://www.lapa.ninja/post/flux-academy-2/,https://cdn.lapa.ninja/assets/images/1x/flux-academy-2-thumb.webp,"[""#181327"", ""#010102""]","{""#181327"": 0.4732, ""#010102"": 0.2935}",#181327,dark muted blue,"video background, large typography, grid layout, rounded buttons, sidebar, cta button","futuristic, modern, cool",0.85
Lapa Ninja (Post),Nord Quantique,https://www.lapa.ninja/post/nordquantique/,https://cdn.lapa.ninja/assets/images/1x/nordquantique-thumb.webp,"[""#9d616b"", ""#271f21""]","{""#9d616b"": 0.5634, ""#271f21"": 0.1991}",#9d616b,muted red,"video background, grid layout, logo, split screen, search bar, sidebar","professional, serious, retro",0.87
Lapa Ninja (Post),Adùn,https://www.lapa.ninja/post/getadun/,https://cdn.lapa.ninja/assets/images/1x/getadun-thumb.webp,"[""#a11705"", ""#ae8466""]","{""#a11705"": 0.413, ""#ae8466"": 0.1855}",#a11705,bright red,"sidebar, pricing cards, feature list, card list, video background, avatar","artistic, retro, vibrant",0.82
Lapa Ninja (Post),Inkfish,https://www.lapa.ninja/post/inkfishnyc/,https://cdn.lapa.ninja/assets/images/1x/inkfishnyc-thumb.webp,"[""#090a0a"", ""#fbfcfc""]","{""#090a0a"": 0.3561, ""#fbfcfc"": 0.2319}",#090a0a,dark muted neutral,"split screen, video background, search bar, large typography, grid layout, rounded buttons","modern, professional, serious",0.76
Lapa Ninja (Post),Penpot,https://www.lapa.ninja/post/penpot/,https://cdn.lapa.ninja/assets/images/1x/penpot-thumb.webp,"[""#f6f9fb""]","{""#f6f9fb"": 0.8416}",#f6f9fb,light bright blue,"grid layout, rounded buttons, top navigation, feature list, pricing cards, sidebar","futuristic, modern, professional",0.86
Lapa Ninja (Post),PUBLIC SERV-CE,https://www.lapa.ninja/post/publicserv-ce/,https://cdn.lapa.ninja/assets/images/1x/publicserv-ce-thumb.webp,"[""#fefefe"", ""#090f15""]","{""#fefefe"": 0.8037, ""#090f15"": 0.0999}",#fefefe,light muted neutral,"grid layout, large typography, sidebar, form, rounded buttons, video background","minimal, futuristic, modern",0.83
Lapa Ninja (Post),Artemii Lebedev,https://www.lapa.ninja/post/artemiilebedev-3/,https://cdn.lapa.ninja/assets/images/1x/artemiilebedev-3-thumb.webp,"[""#030303"", ""#2c3231""]","{""#030303"": 0.7762, ""#2c3231"": 0.1213}",#030303,dark muted neutral,"grid layout, video background, sidebar, feature list, icon list, centered hero","minimal, futuristic, modern",0.83
Lapa Ninja (Post),Present Space,https://www.lapa.ninja/post/presentspace/,https://cdn.lapa.ninja/assets/images/1x/presentspace-thumb.webp,"[""#c4c9c1"", ""#fdfdfd""]","{""#c4c9c1"": 0.2161, ""#fdfdfd"": 0.2453}",#c4c9c1,muted neutral,"grid layout, hero image, sidebar, centered hero, large typography, rounded buttons","modern, creative, artistic",0.68
Lapa Ninja (Post),Mobbin,https://www.lapa.ninja/post/mobbin/,https://cdn.lapa.ninja/assets/images/1x/mobbin-thumb.webp,"[""#fefefe"", ""#121212""]","{""#fefefe"": 0.8553, ""#121212"": 0.0971}",#fefefe,light muted neutral,"search bar, rounded buttons, large typography, feature list, icon list, top navigation","modern, minimal, futuristic",0.83
Lapa Ninja (Post),Heyday,https://www.lapa.ninja/post/heydaystudio/,https://cdn.lapa.ninja/assets/images/1x/heydaystudio-thumb.webp,"[""#fdfdfd"", ""#b8b4b1""]","{""#fdfdfd"": 0.6853, ""#b8b4b1"": 0.1381}",#fdfdfd,light muted neutral,"large typography, two-column layout, grid layout, sidebar, pricing cards, split screen","minimal, modern, cool",0.83
Lapa Ninja (Post),Bemo,https://www.lapa.ninja/post/bemo/,https://cdn.lapa.ninja/assets/images/1x/bemo-thumb.webp,"[""#040503"", ""#3a3e17""]","{""#040503"": 0.6077, ""#3a3e17"": 0.2104}",#040503,dark muted green,"video background, grid layout, feature list, rounded buttons, avatar, sidebar","artistic, modern, creative",0.87
Lapa Ninja (Post),Afina,https://www.lapa.ninja/post/afina/,https://cdn.lapa.ninja/assets/images/1x/afina-thumb.webp,"[""#fdfcfc"", ""#c1b9bf""]","{""#fdfcfc"": 0.8083, ""#c1b9bf"": 0.0819}",#fdfcfc,light muted red,"single column, sidebar, two-column layout, large typography, chart, avatar","modern, minimal, futuristic",0.85
Lapa Ninja (Post),Work is Play,https://www.lapa.ninja/post/workisplay/,https://cdn.lapa.ninja/assets/images/1x/workisplay-thumb.webp,"[""#fdfcd8"", ""#1d1a19""]","{""#fdfcd8"": 0.6536, ""#1d1a19"": 0.2094}",#fdfcd8,light bright yellow,"sidebar, rounded buttons, footer, grid layout, video background, pricing cards","creative, artistic, modern",0.87
Lapa Ninja (Post),Daylight Computer,https://www.lapa.ninja/post/daylightcomputer/,https://cdn.lapa.ninja/assets/images/1x/daylightcomputer-thumb.webp,"[""#efefee"", ""#292516""]","{""#efefee"": 0.3172, ""#292516"": 0.2681}",#efefee,light muted neutral,"split screen, video background, sidebar, feature list, avatar, footer","artistic, modern, creative",0.73
Lapa Ninja (Post),Quilt,https://www.lapa.ninja/post/quilt/,https://cdn.lapa.ninja/assets/images/1x/quilt-thumb.webp,"[""#fcf6e7"", ""#cec9b8""]","{""#fcf6e7"": 0.5372, ""#cec9b8"": 0.214}",#fcf6e7,light bright orange,"sidebar, search bar, feature list, split screen, hero image, avatar","modern, cool, friendly",0.87
Lapa Ninja (Post),Bitesized,https://www.lapa.ninja/post/bitesized/,https://cdn.lapa.ninja/assets/images/1x/bitesized-thumb.webp,"[""#f9f2df"", ""#2d5a34""]","{""#f9f2df"": 0.6518, ""#2d5a34"": 0.1674}",#f9f2df,light bright orange,"pricing cards, large typography, sidebar, footer, rounded buttons, feature list","creative, futuristic, professional",0.86
Lapa Ninja (Post),Baseline Design,https://www.lapa.ninja/post/baselinedesign/,https://cdn.lapa.ninja/assets/images/1x/baselinedesign-thumb.webp,"[""#fefefe""]","{""#fefefe"": 0.9162}",#fefefe,light muted neutral,"sidebar, split screen, search bar, rounded buttons, grid layout, feature list","modern, futuristic, minimal",0.83
Lapa Ninja (Post),specs.berlin,https://www.lapa.ninja/post/specs-berlin/,https://cdn.lapa.ninja/assets/images/1x/specs-berlin-thumb.webp,"[""#d07058"", ""#f6f6f6""]","{""#d07058"": 0.2009, ""#f6f6f6"": 0.3305}",#d07058,bright red,"sidebar, grid layout, icon list, rounded buttons, split screen, large typography","minimal, modern, futuristic",0.72
Lapa Ninja (Post),Textla,https://www.lapa.ninja/post/textla/,https://cdn.lapa.ninja/assets/images/1x/textla-thumb.webp,"[""#e9e99b"", ""#fefde8""]","{""#e9e99b"": 0.2452, ""#fefde8"": 0.5512}",#e9e99b,bright yellow,"pricing cards, video background, grid layout, sidebar, avatar, footer","professional, bold, creative",0.74
Lapa Ninja (Post),SaveDay,https://www.lapa.ninja/post/save-day-2/,https://cdn.lapa.ninja/assets/images/1x/save-day-2-thumb.webp,"[""#fbfbfb""]","{""#fbfbfb"": 0.8569}",#fbfbfb,light muted neutral,"top navigation, pricing cards, rounded buttons, sidebar, grid layout, feature list","modern, creative, minimal",0.83
Lapa Ninja (Post),Circle,https://www.lapa.ninja/post/circleso-2/,https://cdn.lapa.ninja/assets/images/1x/circleso-2-thumb.webp,"[""#231451"", ""#fdfdfe""]","{""#231451"": 0.2768, ""#fdfdfe"": 0.4621}",#231451,dark bright blue,"search bar, rounded buttons, footer, grid layout, form, split screen","modern, minimal, professional",0.75
Lapa Ninja (Post),Figdam,https://www.lapa.ninja/post/figdam/,https://cdn.lapa.ninja/assets/images/1x/figdam-thumb.webp,"[""#222322"", ""#fefefe""]","{""#222322"": 0.2994, ""#fefefe"": 0.5572}",#222322,dark muted neutral,"grid layout, rounded buttons, icon list, feature list, top navigation, sidebar","modern, futuristic, minimal",0.73
Lapa Ninja (Post),ToyFight,https://www.lapa.ninja/post/toyfight-2/,https://cdn.lapa.ninja/assets/images/1x/toyfight-2-thumb.webp,"[""#f8f5ee"", ""#0e0f10""]","{""#f8f5ee"": 0.473, ""#0e0f10"": 0.413}",#f8f5ee,light bright orange,"large typography, grid layout, pricing cards, rounded buttons, sidebar, video background","minimal, professional, modern",0.85
Lapa Ninja (Post),ApeFest 2024 in Lisbon,https://www.lapa.ninja/post/apefest/,https://cdn.lapa.ninja/assets/images/1x/apefest-thumb.webp,"[""#ece8de"", ""#dba8b3""]","{""#ece8de"": 0.5117, ""#dba8b3"": 0.2471}",#ece8de,light muted orange,"sidebar, avatar, video background, top navigation, illustration, footer","artistic, modern, retro",0.86
Lapa Ninja (Post),Tobias van Schneider,https://www.lapa.ninja/post/vanschneider-2/,https://cdn.lapa.ninja/assets/images/1x/vanschneider-2-thumb.webp,"[""#030303"", ""#acabab""]","{""#030303"": 0.537, ""#acabab"": 0.2711}",#030303,dark muted neutral,"large typography, grid layout, pricing cards, sidebar, footer, feature list","modern, minimal, creative",0.83
Lapa Ninja (Post),Venga,https://www.lapa.ninja/post/venga/,https://cdn.lapa.ninja/assets/images/1x/venga-thumb.webp,"[""#fdfcf8"", ""#252a2b""]","{""#fdfcf8"": 0.7185, ""#252a2b"": 0.0889}",#fdfcf8,light bright orange,"grid layout, rounded buttons, single column, sidebar, video background, large typography","modern, futuristic, friendly",0.86
Lapa Ninja (Post),Shoez Gallery,https://www.lapa.ninja/post/shoezgallery/,https://cdn.lapa.ninja/assets/images/1x/shoezgallery-thumb.webp,"[""#030202"", ""#c86e79""]","{""#030202"": 0.3674, ""#c86e79"": 0.1866}",#030202,dark muted red,"footer, grid layout, sidebar, search bar, icon list, feature list","futuristic, modern, retro",0.81
Lapa Ninja (Post),Nick Velten,https://www.lapa.ninja/post/nickvelten/,https://cdn.lapa.ninja/assets/images/1x/nickvelten-thumb.webp,"[""#e2e3e0"", ""#252829""]","{""#e2e3e0"": 0.4713, ""#252829"": 0.3412}",#e2e3e0,light muted neutral,"grid layout, sidebar, large typography, split screen, icon list, top navigation","modern, minimal, cool",0.82
Lapa Ninja (Post),Fruitful,https://www.lapa.ninja/post/fruitful/,https://cdn.lapa.ninja/assets/images/1x/fruitful-thumb.webp,"[""#f1ebd9"", ""#fefefe""]","{""#f1ebd9"": 0.2643, ""#fefefe"": 0.4187}",#f1ebd9,light bright orange,"rounded buttons, sidebar, grid layout, split screen, footer, feature list","professional, futuristic, minimal",0.75
Lapa Ninja (Post),Equals,https://www.lapa.ninja/post/equals/,https://cdn.lapa.ninja/assets/images/1x/equals-thumb.webp,"[""#bfbbd8"", ""#f9faf8""]","{""#bfbbd8"": 0.2842, ""#f9faf8"": 0.5936}",#bfbbd8,muted blue,"grid layout, search bar, data table, sidebar, feature list, video background","modern, minimal, futuristic",0.75
Lapa Ninja (Post),Six Socks Studio,https://www.lapa.ninja/post/sixsocks/,https://cdn.lapa.ninja/assets/images/1x/sixsocks-thumb.webp,"[""#882c1f"", ""#f8f7f5""]","{""#882c1f"": 0.3513, ""#f8f7f5"": 0.2915}",#882c1f,bright red,"rounded buttons, grid layout, large typography, sidebar, top navigation, split screen","modern, cool, futuristic",0.79
Lapa Ninja (Post),Agora,https://www.lapa.ninja/post/agora/,https://cdn.lapa.ninja/assets/images/1x/agora-thumb.webp,"[""#fafbf8""]","{""#fafbf8"": 0.9348}",#fafbf8,light muted green,"rounded buttons, grid layout, pricing cards, footer, top navigation, sidebar","modern, minimal, vibrant",0.86
Lapa Ninja (Post),Dovetail,https://www.lapa.ninja/post/dovetail-3/,https://cdn.lapa.ninja/assets/images/1x/dovetail-3-thumb.webp,"[""#0c011e"", ""#fafafa""]","{""#0c011e"": 0.1952, ""#fafafa"": 0.6584}",#0c011e,dark bright purple,"video background, feature list, sidebar, rounded buttons, grid layout, icon list","modern, professional, minimal",0.71
Lapa Ninja (Post),Jackson Holcomb,https://www.lapa.ninja/post/jacksonholcomb/,https://cdn.lapa.ninja/assets/images/1x/jacksonholcomb-thumb.webp,"[""#252525"", ""#f3f3f3""]","{""#252525"": 0.1918, ""#f3f3f3"": 0.4792}",#252525,dark muted neutral,"large typography, two-column layout, grid layout, rounded buttons, icon list, form","modern, minimal, futuristic",0.67
Lapa Ninja (Post),Latus,https://www.lapa.ninja/post/latusbio/,https://cdn.lapa.ninja/assets/images/1x/latusbio-thumb.webp,"[""#a39ae9"", ""#fcfbfd""]","{""#a39ae9"": 0.1914, ""#fcfbfd"": 0.5822}",#a39ae9,bright blue,"large typography, rounded buttons, grid layout, form, search bar, footer","minimal, futuristic, modern",0.71
Lapa Ninja (Post),Crazy Creative,https://www.lapa.ninja/post/crazycreative/,https://cdn.lapa.ninja/assets/images/1x/crazycreative-thumb.webp,"[""#010101"", ""#fb67c6""]","{""#010101"": 0.3581, ""#fb67c6"": 0.3061}",#010101,dark muted neutral,"sidebar, video background, avatar, hero image, feature list, icon list","creative, modern, artistic",0.76
Lapa Ninja (Post),Valarlabs,https://www.lapa.ninja/post/valarlabs/,https://cdn.lapa.ninja/assets/images/1x/valarlabs-thumb.webp,"[""#154e52"", ""#fafafa""]","{""#154e52"": 0.2411, ""#fafafa"": 0.3329}",#154e52,dark bright teal,"grid layout, rounded buttons, large typography, top navigation, footer, pricing cards","modern, futuristic, minimal",0.74
Lapa Ninja (Post),lyon béton,https://www.lapa.ninja/post/lyon-beton/,https://cdn.lapa.ninja/assets/images/1x/lyon-beton-thumb.webp,"[""#e9e7e6"", ""#d5cdc6""]","{""#e9e7e6"": 0.5488, ""#d5cdc6"": 0.2376}",#e9e7e6,light muted neutral,"large typography, pricing cards, grid layout, icon list, form, feature list","modern, futuristic, minimal",0.83
Lapa Ninja (Post),thingness.world,https://www.lapa.ninja/post/thingness/,https://cdn.lapa.ninja/assets/images/1x/thingness-thumb.webp,"[""#fefefe"", ""#bcb0b4""]","{""#fefefe"": 0.7265, ""#bcb0b4"": 0.0867}",#fefefe,light muted neutral,"sidebar, illustration, form, logo, carousel, video background","friendly, modern, professional",0.83
Lapa Ninja (Post),Sneha Sanksar,https://www.lapa.ninja/post/snehasanks/,https://cdn.lapa.ninja/assets/images/1x/snehasanks-thumb.webp,"[""#0a0b0b"", ""#dfdee2""]","{""#0a0b0b"": 0.7504, ""#dfdee2"": 0.0983}",#0a0b0b,dark muted neutral,"video background, sidebar, icon list, grid layout, feature list, large typography","retro, futuristic, modern",0.83
Lapa Ninja (Post),Integrated Reasoning,https://www.lapa.ninja/post/integrated-reasoning/,https://cdn.lapa.ninja/assets/images/1x/integrated-reasoning-thumb.webp,"[""#1e1f1d"", ""#151613""]","{""#1e1f1d"": 0.6148, ""#151613"": 0.2925}",#1e1f1d,dark muted neutral,"data table, sidebar, pricing cards, large typography, cta button, top navigation","professional, retro, modern",0.83
Lapa Ninja (Post),Liqium,https://www.lapa.ninja/post/liqium/,https://cdn.lapa.ninja/assets/images/1x/liqium-thumb.webp,"[""#f8f9fc"", ""#afb8c8""]","{""#f8f9fc"": 0.7674, ""#afb8c8"": 0.1327}",#f8f9fc,light bright blue,"large typography, rounded buttons, form, avatar, pricing cards, grid layout","futuristic, modern, minimal",0.87
Lapa Ninja (Post),Local Studio,https://www.lapa.ninja/post/localstudio/,https://cdn.lapa.ninja/assets/images/1x/localstudio-thumb.webp,"[""#6a984d"", ""#fefefe""]","{""#6a984d"": 0.2006, ""#fefefe"": 0.5848}",#6a984d,muted green,"logo, pricing cards, sidebar, large typography, video background, feature list","professional, modern, creative",0.7
Lapa Ninja (Post),Bryn Taylor,https://www.lapa.ninja/post/bryntaylor-2/,https://cdn.lapa.ninja/assets/images/1x/bryntaylor-2-thumb.webp,"[""#f1f4e3"", ""#fefefe""]","{""#f1f4e3"": 0.3368, ""#fefefe"": 0.6055}",#f1f4e3,light bright yellow,"pricing cards, rounded buttons, grid layout, large typography, feature list, sidebar","minimal, professional, modern",0.78
Lapa Ninja (Post),HOVN STUDIOS,https://www.lapa.ninja/post/hovnstudios/,https://cdn.lapa.ninja/assets/images/1x/hovnstudios-thumb.webp,"[""#fa6419"", ""#693e1e""]","{""#fa6419"": 0.2329, ""#693e1e"": 0.232}",#fa6419,bright orange,"pricing cards, video background, rounded buttons, avatar, form, grid layout","professional, modern, creative",0.73
Lapa Ninja (Post),Ballet De Marseille,https://www.lapa.ninja/post/ballet-de-marseille/,https://cdn.lapa.ninja/assets/images/1x/ballet-de-marseille-thumb.webp,"[""#fefefe"", ""#010101""]","{""#fefefe"": 0.7186, ""#010101"": 0.1007}",#fefefe,light muted neutral,"avatar, video background, sidebar, split screen, data table, grid layout","creative, futuristic, cool",0.82
Lapa Ninja (Post),Taxfix,https://www.lapa.ninja/post/taxfix/,https://cdn.lapa.ninja/assets/images/1x/taxfix-thumb.webp,"[""#afec6a"", ""#fefdfc""]","{""#afec6a"": 0.2316, ""#fefdfc"": 0.5876}",#afec6a,bright green,"rounded buttons, grid layout, pricing cards, top navigation, cta button, footer","modern, professional, futuristic",0.74
Lapa Ninja (Post),Arcade Labs,https://www.lapa.ninja/post/arcade/,https://cdn.lapa.ninja/assets/images/1x/arcade-thumb.webp,"[""#0f0f0f""]","{""#0f0f0f"": 0.8656}",#0f0f0f,dark muted neutral,"grid layout, icon list, feature list, large typography, video background, pricing cards","modern, futuristic, minimal",0.83
Lapa Ninja (Post),Sock,https://www.lapa.ninja/post/sock/,https://cdn.lapa.ninja/assets/images/1x/sock-thumb.webp,"[""#fefefe""]","{""#fefefe"": 0.9226}",#fefefe,light muted neutral,"rounded buttons, top navigation, grid layout, sidebar, feature list, search bar","minimal, modern, cool",0.83
Lapa Ninja (Post),Augen,https://www.lapa.ninja/post/augen/,https://cdn.lapa.ninja/assets/images/1x/augen-thumb.webp,"[""#eeeeee"", ""#fdfdfd""]","{""#eeeeee"": 0.3304, ""#fdfdfd"": 0.3512}",#eeeeee,light muted neutral,"avatar, sidebar, form, rounded buttons, search bar, video background","minimal, futuristic, modern",0.75
Lapa Ninja (Post),Cleo,https://www.lapa.ninja/post/meetcleo-2/,https://cdn.lapa.ninja/assets/images/1x/meetcleo-09-09-2021-thumb.webp,"[""#21248d"", ""#fafbfd""]","{""#21248d"": 0.711, ""#fafbfd"": 0.1279}",#21248d,bright blue,"sidebar, video background, search bar, split screen, footer, feature list","modern, bold, cool",0.87
Lapa Ninja (Post),Cup of Couple,https://www.lapa.ninja/post/cupofcouple/,https://cdn.lapa.ninja/assets/images/1x/cupofcouple-thumb.webp,"[""#eeeeee"", ""#d5d6d9""]","{""#eeeeee"": 0.5489, ""#d5d6d9"": 0.2725}",#eeeeee,light muted neutral,"rounded buttons, grid layout, feature list, large typography, icon list, pricing cards","minimal, modern, luxury",0.83
Lapa Ninja (Post),Knickey,https://www.lapa.ninja/post/knickey/,https://cdn.lapa.ninja/assets/images/1x/knickey-thumb.webp,"[""#f5f3ee"", ""#f0d3aa""]","{""#f5f3ee"": 0.4401, ""#f0d3aa"": 0.3584}",#f5f3ee,light muted orange,"sidebar, video background, grid layout, large typography, feature list, rounded buttons","minimal, modern, futuristic",0.84
Lapa Ninja (Post),Woven Whisky,https://www.lapa.ninja/post/wovenwhisky/,https://cdn.lapa.ninja/assets/images/1x/wovenwhisky-thumb.webp,"[""#edece5"", ""#b3bcbe""]","{""#edece5"": 0.3582, ""#b3bcbe"": 0.3332}",#edece5,light muted yellow,"large typography, rounded buttons, grid layout, video background, form, pricing cards","modern, minimal, calm",0.8
Lapa Ninja (Post),Ritual Made,https://www.lapa.ninja/post/ritualmade/,https://cdn.lapa.ninja/assets/images/1x/ritualmade-thumb.webp,"[""#7b6563"", ""#fef7ee""]","{""#7b6563"": 0.1936, ""#fef7ee"": 0.6579}",#7b6563,muted neutral,"large typography, grid layout, pricing cards, rounded buttons, feature list, sidebar","minimal, modern, luxury",0.67
Lapa Ninja (Post),DashGo,https://www.lapa.ninja/post/dashgo/,https://cdn.lapa.ninja/assets/images/1x/dashgo-thumb.webp,"[""#000000"", ""#fefefe""]","{""#000000"": 0.394, ""#fefefe"": 0.5753}",#000000,dark muted neutral,"large typography, pricing cards, grid layout, form, sidebar, footer","modern, creative, minimal",0.78
Lapa Ninja (Post),Nuu,https://www.lapa.ninja/post/explorenuu/,https://cdn.lapa.ninja/assets/images/1x/explorenuu-thumb.webp,"[""#fefefd"", ""#cecdc9""]","{""#fefefd"": 0.6801, ""#cecdc9"": 0.1582}",#fefefd,light muted yellow,"feature list, search bar, sidebar, rounded buttons, pricing cards, grid layout","modern, professional, luxury",0.86
Lapa Ninja (Post),Stacker,https://www.lapa.ninja/post/stackerhq/,https://cdn.lapa.ninja/assets/images/1x/stackerhq-thumb.webp,"[""#fdfdfd""]","{""#fdfdfd"": 0.9138}",#fdfdfd,light muted neutral,"grid layout, large typography, feature list, pricing cards, sidebar, footer","modern, minimal, professional",0.82
Lapa Ninja (Post),Steven Olimpio,https://www.lapa.ninja/post/olimpio/,https://cdn.lapa.ninja/assets/images/1x/olimpio-thumb.webp,"[""#000000""]","{""#000000"": 0.9667}",#000000,dark muted neutral,"large typography, feature list, footer, sidebar, icon list, rounded buttons","minimal, cool, modern",0.83
Lapa Ninja (Post),Refuse Uline,https://www.lapa.ninja/post/refuseuline/,https://cdn.lapa.ninja/assets/images/1x/refuseuline-thumb.webp,"[""#edeced"", ""#4a57d8""]","{""#edeced"": 0.6385, ""#4a57d8"": 0.1593}",#edeced,light muted neutral,"sidebar, large typography, two-column layout, single column, feature list, pricing cards","bold, cool, retro",0.82
Lapa Ninja (Post),VR for Work,https://www.lapa.ninja/post/vrforwork/,https://cdn.lapa.ninja/assets/images/1x/vrforwork-thumb.webp,"[""#010002"", ""#28133d""]","{""#010002"": 0.6783, ""#28133d"": 0.1751}",#010002,dark bright purple,"video background, sidebar, logo, carousel, split screen, search bar","futuristic, retro, cool",0.87
Lapa Ninja (Post),Madbox,https://www.lapa.ninja/post/madbox/,https://cdn.lapa.ninja/assets/images/1x/madbox-thumb.webp,"[""#6dd9f6"", ""#fcfcfd""]","{""#6dd9f6"": 0.2881, ""#fcfcfd"": 0.5598}",#6dd9f6,bright teal,"feature list, rounded buttons, sidebar, top navigation, split screen, video background","modern, cool, futuristic",0.75
Lapa Ninja (Post),Mickaël Larchevêque,https://www.lapa.ninja/post/dotmick/,https://cdn.lapa.ninja/assets/images/1x/dotmick-thumb.webp,"[""#f8e0db"", ""#d9abac""]","{""#f8e0db"": 0.6935, ""#d9abac"": 0.1075}",#f8e0db,light bright red,"large typography, rounded buttons, pricing cards, grid layout, sidebar, form","modern, futuristic, artistic",0.85
Lapa Ninja (Post),Hoboken Yogi,https://www.lapa.ninja/post/hobokenyogi/,https://cdn.lapa.ninja/assets/images/1x/hobokenyogi-thumb.webp,"[""#f8f9f9"", ""#bdc4d1""]","{""#f8f9f9"": 0.6986, ""#bdc4d1"": 0.1138}",#f8f9f9,light muted neutral,"grid layout, sidebar, video background, feature list, centered hero, avatar","modern, calm, professional",0.81
Lapa Ninja (Post),Houses Of Malmö,https://www.lapa.ninja/post/hom-design/,https://cdn.lapa.ninja/assets/images/1x/hom-design-thumb.webp,"[""#191919"", ""#ececea""]","{""#191919"": 0.506, ""#ececea"": 0.2015}",#191919,dark muted neutral,"large typography, feature list, two-column layout, grid layout, icon list, sidebar","minimal, modern, artistic",0.82
Lapa Ninja (Post),KITTEN,https://www.lapa.ninja/post/kittenproduction/,https://cdn.lapa.ninja/assets/images/1x/kittenproduction-thumb.webp,"[""#a4a5a6"", ""#f5f4f4""]","{""#a4a5a6"": 0.213, ""#f5f4f4"": 0.4278}",#a4a5a6,muted neutral,"large typography, grid layout, sidebar, icon list, feature list, two-column layout","modern, creative, elegant",0.68
Lapa Ninja (Post),Fuente Real,https://www.lapa.ninja/post/fuentereal/,https://cdn.lapa.ninja/assets/images/1x/fuentereal-thumb.webp,"[""#dfe0df"", ""#545244""]","{""#dfe0df"": 0.7758, ""#545244"": 0.0901}",#dfe0df,light muted neutral,"rounded buttons, two-column layout, sidebar, large typography, footer, grid layout","bold, minimal, calm",0.82
Lapa Ninja (Post),Altos Ventures,https://www.lapa.ninja/post/altos-ventures/,https://cdn.lapa.ninja/assets/images/1x/altos-ventures-thumb.webp,"[""#fafafa""]","{""#fafafa"": 0.81}",#fafafa,light muted neutral,"large typography, form, rounded buttons, grid layout, footer, feature list","minimal, modern, futuristic",0.83
Lapa Ninja (Post),Daye,https://www.lapa.ninja/post/yourdaye/,https://cdn.lapa.ninja/assets/images/1x/yourdaye-thumb.webp,"[""#fefae7"", ""#e0eee0""]","{""#fefae7"": 0.6202, ""#e0eee0"": 0.2474}",#fefae7,light bright orange,"grid layout, rounded buttons, pricing cards, sidebar, footer, top navigation","minimal, professional, retro",0.86
Lapa Ninja (Post),F. Miller Skincare,https://www.lapa.ninja/post/fmillerskincare/,https://cdn.lapa.ninja/assets/images/1x/fmillerskincare-thumb.webp,"[""#3f4436"", ""#f9f8f3""]","{""#3f4436"": 0.2209, ""#f9f8f3"": 0.6136}",#3f4436,dark muted neutral,"grid layout, pricing cards, sidebar, feature list, rounded buttons, form","minimal, elegant, luxury",0.68
Lapa Ninja (Post),Claudia Rubin,https://www.lapa.ninja/post/claudiarubin/,https://cdn.lapa.ninja/assets/images/1x/claudiarubin-thumb.webp,"[""#000000"", ""#fefefe""]","{""#000000"": 0.2975, ""#fefefe"": 0.5148}",#000000,dark muted neutral,"sidebar, grid layout, split screen, feature list, two-column layout, card list","modern, minimal, artistic",0.72
Lapa Ninja (Post),Fireside,https://www.lapa.ninja/post/fireside/,https://cdn.lapa.ninja/assets/images/1x/fireside-thumb.webp,"[""#f8f6ef"", ""#0e0680""]","{""#f8f6ef"": 0.5334, ""#0e0680"": 0.2379}",#f8f6ef,light bright orange,"sidebar, data table, feature list, rounded buttons, pricing cards, footer","professional, minimal, modern",0.85
Lapa Ninja (Post),Goodkids,https://www.lapa.ninja/post/goodkidsagency/,https://cdn.lapa.ninja/assets/images/1x/goodkidsagency-thumb.webp,"[""#1c1915"", ""#fefefe""]","{""#1c1915"": 0.2772, ""#fefefe"": 0.3727}",#1c1915,dark muted orange,"large typography, rounded buttons, sidebar, grid layout, feature list, two-column layout","creative, modern, artistic",0.74
Lapa Ninja (Post),Seed,https://www.lapa.ninja/post/seed/,https://cdn.lapa.ninja/assets/images/1x/seed-thumb.webp,"[""#3d4b32"", ""#fbfcfb""]","{""#3d4b32"": 0.2689, ""#fbfcfb"": 0.451}",#3d4b32,dark muted green,"rounded buttons, large typography, sidebar, footer, grid layout, avatar","minimal, creative, modern",0.76
Lapa Ninja (Post),Sunny at Sea,https://www.lapa.ninja/post/sunnyatsea/,https://cdn.lapa.ninja/assets/images/1x/sunnyatsea-thumb.webp,"[""#e6ded8""]","{""#e6ded8"": 0.8907}",#e6ded8,light muted orange,"large typography, rounded buttons, sidebar, pricing cards, grid layout, feature list","modern, professional, minimal",0.87
Lapa Ninja (Post),Cosmos,https://www.lapa.ninja/post/cosmos-network/,https://cdn.lapa.ninja/assets/images/1x/cosmos-network-thumb.webp,"[""#0a090a"", ""#442847""]","{""#0a090a"": 0.576, ""#442847"": 0.1785}",#0a090a,dark muted neutral,"sidebar, chart, avatar, data table, icon list, logo","modern, futuristic, retro",0.82
Lapa Ninja (Post),Kyle Wilkinson,https://www.lapa.ninja/post/wilkinson-studio/,https://cdn.lapa.ninja/assets/images/1x/wilkinson-studio-thumb.webp,"[""#010101"", ""#c3c5d9""]","{""#010101"": 0.6864, ""#c3c5d9"": 0.1015}",#010101,dark muted neutral,"large typography, video background, pricing cards, grid layout, sidebar, rounded buttons","modern, artistic, futuristic",0.83
Lapa Ninja (Post),Evan Corrigan,https://www.lapa.ninja/post/corrigan/,https://cdn.lapa.ninja/assets/images/1x/corrigan-thumb.webp,"[""#f2f3f0"", ""#24220e""]","{""#f2f3f0"": 0.7855, ""#24220e"": 0.091}",#f2f3f0,light muted neutral,"rounded buttons, sidebar, feature list, icon list, footer, split screen","professional, minimal, modern",0.83
Lapa Ninja (Post),Seyi,https://www.lapa.ninja/post/seyi/,https://cdn.lapa.ninja/assets/images/1x/seyi-thumb.webp,"[""#111111"", ""#777675""]","{""#111111"": 0.8154, ""#777675"": 0.1624}",#111111,dark muted neutral,"large typography, pricing cards, footer, rounded buttons, feature list, grid layout","friendly, modern, creative",0.83
Lapa Ninja (Post),Monster Box,https://www.lapa.ninja/post/mbpedia/,https://cdn.lapa.ninja/assets/images/1x/mbpedia-thumb.webp,"[""#f3f7f7"", ""#2b4756""]","{""#f3f7f7"": 0.6105, ""#2b4756"": 0.1424}",#f3f7f7,light muted teal,"icon list, pricing cards, feature list, card list, grid layout, video background","vibrant, artistic, modern",0.86
Lapa Ninja (Post),Contra,https://www.lapa.ninja/post/contra/,https://cdn.lapa.ninja/assets/images/1x/contra-thumb.webp,"[""#141413"", ""#fefefe""]","{""#141413"": 0.4625, ""#fefefe"": 0.4256}",#141413,dark muted neutral,"grid layout, large typography, split screen, rounded buttons, sidebar, footer","modern, creative, minimal",0.81
Lapa Ninja (Post),INDEX,https://www.lapa.ninja/post/index-space/,https://cdn.lapa.ninja/assets/images/1x/index-space-thumb.webp,"[""#010101"", ""#fefefe""]","{""#010101"": 0.2051, ""#fefefe"": 0.724}",#010101,dark muted neutral,"rounded buttons, split screen, sidebar, search bar, two-column layout, footer","modern, bold, cool",0.68
Lapa Ninja (Post),Versions,https://www.lapa.ninja/post/versions/,https://cdn.lapa.ninja/assets/images/1x/versions-thumb.webp,"[""#fefefe"", ""#f7f7f7""]","{""#fefefe"": 0.7361, ""#f7f7f7"": 0.2177}",#fefefe,light muted neutral,"large typography, rounded buttons, grid layout, feature list, pricing cards, sidebar","modern, minimal, cool",0.83
Lapa Ninja (Post),Erica Weiner,https://www.lapa.ninja/post/ericaweiner/,https://cdn.lapa.ninja/assets/images/1x/ericaweiner-thumb.webp,"[""#cfc2b1"", ""#1e1a21""]","{""#cfc2b1"": 0.3511, ""#1e1a21"": 0.2835}",#cfc2b1,muted orange,"grid layout, rounded buttons, pricing cards, icon list, form, sidebar","luxury, modern, elegant",0.78
Lapa Ninja (Post),Bukwild,https://www.lapa.ninja/post/bukwild-2/,https://cdn.lapa.ninja/assets/images/1x/bukwild-09-01-2021-thumb.webp,"[""#fefefe"", ""#030203""]","{""#fefefe"": 0.7457, ""#030203"": 0.1087}",#fefefe,light muted neutral,"pricing cards, logo, sidebar, feature list, cta button, large typography","modern, futuristic, professional",0.82
Lapa Ninja (Post),Tori Hinn,https://www.lapa.ninja/post/torihinn/,https://cdn.lapa.ninja/assets/images/1x/torihinn-thumb.webp,"[""#fefdfd"", ""#169c59""]","{""#fefdfd"": 0.6892, ""#169c59"": 0.122}",#fefdfd,light muted red,"sidebar, icon list, large typography, video background, search bar, grid layout","modern, artistic, professional",0.88
Lapa Ninja (Post),THEY THE THEM ARE WE,https://www.lapa.ninja/post/theythethemarewe/,https://cdn.lapa.ninja/assets/images/1x/theythethemarewe-thumb.webp,"[""#100f14"", ""#faf9f9""]","{""#100f14"": 0.1838, ""#faf9f9"": 0.4589}",#100f14,dark muted blue,"feature list, large typography, sidebar, icon list, grid layout, split screen","cool, modern, minimal",0.7
Lapa Ninja (Post),Nofilter.space,https://www.lapa.ninja/post/nofilter-space/,https://cdn.lapa.ninja/assets/images/1x/nofilter-space-thumb.webp,"[""#fdfdfd"", ""#292523""]","{""#fdfdfd"": 0.6089, ""#292523"": 0.1741}",#fdfdfd,light muted neutral,"sidebar, feature list, rounded buttons, icon list, large typography, grid layout","modern, minimal, futuristic",0.82
Lapa Ninja (Post),Infrared,https://www.lapa.ninja/post/infraredmindbody/,https://cdn.lapa.ninja/assets/images/1x/infraredmindbody-thumb.webp,"[""#e73502"", ""#f2eae0""]","{""#e73502"": 0.3225, ""#f2eae0"": 0.2999}",#e73502,bright red,"sidebar, video background, centered hero, split screen, avatar, form","futuristic, professional, retro",0.79
Lapa Ninja (Post),Serino,https://www.lapa.ninja/post/serino-studio/,https://cdn.lapa.ninja/assets/images/1x/serino-studio-thumb.webp,"[""#f4f0ea"", ""#644c37""]","{""#f4f0ea"": 0.5929, ""#644c37"": 0.1534}",#f4f0ea,light muted orange,"grid layout, rounded buttons, form, sidebar, feature list, large typography","minimal, modern, futuristic",0.87
Lapa Ninja (Post),Revolut,https://www.lapa.ninja/post/revolut-3/,https://cdn.lapa.ninja/assets/images/1x/revolut-08-28-2021-thumb.webp,"[""#f2f4f6"", ""#888490""]","{""#f2f4f6"": 0.7619, ""#888490"": 0.1061}",#f2f4f6,light muted blue,"pricing cards, rounded buttons, grid layout, feature list, sidebar, search bar","minimal, modern, futuristic",0.87
Lapa Ninja (Post),Kieran Parker,https://www.lapa.ninja/post/kieranparker/,https://cdn.lapa.ninja/assets/images/1x/kieranparker-thumb.webp,"[""#efefed"", ""#151615""]","{""#efefed"": 0.7748, ""#151615"": 0.189}",#efefed,light muted neutral,"large typography, sidebar, feature list, footer, grid layout, avatar","modern, professional, minimal",0.82
Lapa Ninja (Post),MOZOM,https://www.lapa.ninja/post/mozom-1/,https://cdn.lapa.ninja/assets/images/1x/mozom-1-thumb.webp,"[""#171717""]","{""#171717"": 0.8705}",#171717,dark muted neutral,"large typography, rounded buttons, form, icon list, video background, grid layout","modern, minimal, futuristic",0.83
Lapa Ninja (Post),FENN,https://www.lapa.ninja/post/fennstore/,https://cdn.lapa.ninja/assets/images/1x/fennstore-thumb.webp,"[""#fdfbfc"", ""#dadad7""]","{""#fdfbfc"": 0.5698, ""#dadad7"": 0.1315}",#fdfbfc,light muted magenta,"sidebar, large typography, footer, two-column layout, split screen, feature list","modern, cool, bold",0.86
Lapa Ninja (Post),Mailchimp,https://www.lapa.ninja/post/mailchimp-4/,https://cdn.lapa.ninja/assets/images/1x/mailchimp-08-28-2021-thumb.webp,"[""#faebca"", ""#f8e2f9""]","{""#faebca"": 0.5332, ""#f8e2f9"": 0.3576}",#faebca,light bright orange,"grid layout, rounded buttons, pricing cards, split screen, sidebar, large typography","modern, minimal, professional",0.87
Lapa Ninja (Post),Macro,https://www.lapa.ninja/post/macro/,https://cdn.lapa.ninja/assets/images/1x/macro-thumb.webp,"[""#010101"", ""#7e60ab""]","{""#010101"": 0.7562, ""#7e60ab"": 0.1105}",#010101,dark muted neutral,"video background, sidebar, split screen, search bar, feature list, footer","cool, futuristic, bold",0.83
Lapa Ninja (Post),UNION©,https://www.lapa.ninja/post/unionconstruction/,https://cdn.lapa.ninja/assets/images/1x/unionconstruction-thumb.webp,"[""#000000"", ""#cccfd4""]","{""#000000"": 0.8266, ""#cccfd4"": 0.0892}",#000000,dark muted neutral,"large typography, rounded buttons, icon list, video background, logo, feature list","futuristic, modern, minimal",0.83
Lapa Ninja (Post),Clain,https://www.lapa.ninja/post/clain/,https://cdn.lapa.ninja/assets/images/1x/clain-thumb.webp,"[""#000361"", ""#edf1f5""]","{""#000361"": 0.5145, ""#edf1f5"": 0.4675}",#000361,dark bright blue,"rounded buttons, grid layout, large typography, feature list, form, search bar","minimal, modern, friendly",0.87
Lapa Ninja (Post),Podcorn,https://www.lapa.ninja/post/podcorn/,https://cdn.lapa.ninja/assets/images/1x/podcorn-thumb.webp,"[""#fdf2f0"", ""#fefefe""]","{""#fdf2f0"": 0.3512, ""#fefefe"": 0.5999}",#fdf2f0,light bright red,"rounded buttons, pricing cards, sidebar, feature list, grid layout, top navigation","modern, professional, cool",0.78
Lapa Ninja (Post),Scruples Studio,https://www.lapa.ninja/post/scruples-studio/,https://cdn.lapa.ninja/assets/images/1x/scruples-studio-thumb.webp,"[""#f4efea""]","{""#f4efea"": 0.7951}",#f4efea,light muted orange,"rounded buttons, large typography, grid layout, footer, sidebar, top navigation","minimal, modern, futuristic",0.87
Lapa Ninja (Post),antinomy,https://www.lapa.ninja/post/antinomy/,https://cdn.lapa.ninja/assets/images/1x/antinomy-thumb.webp,"[""#000000""]","{""#000000"": 0.9507}",#000000,dark muted neutral,"large typography, form, video background, grid layout, rounded buttons, pricing cards","minimal, futuristic, modern",0.83
Lapa Ninja (Post),Bastien Allard,https://www.lapa.ninja/post/bastienallard-2/,https://cdn.lapa.ninja/assets/images/1x/bastienallard-08-26-2021-thumb.webp,"[""#fed6e3"", ""#f3ccda""]","{""#fed6e3"": 0.5002, ""#f3ccda"": 0.2469}",#fed6e3,light bright red,"large typography, two-column layout, sidebar, pricing cards, icon list, grid layout","minimal, creative, artistic",0.87
Lapa Ninja (Post),Camille Luang,https://www.lapa.ninja/post/camilleluang/,https://cdn.lapa.ninja/assets/images/1x/camilleluang-thumb.webp,"[""#faf8f4"", ""#d7d6d6""]","{""#faf8f4"": 0.8254, ""#d7d6d6"": 0.0822}",#faf8f4,light bright orange,"large typography, grid layout, sidebar, avatar, split screen, feature list","modern, minimal, futuristic",0.86
Lapa Ninja (Post),Cleo,https://www.lapa.ninja/post/meetcleo/,https://cdn.lapa.ninja/assets/images/1x/meetcleo-thumb.webp,"[""#f8f9fd""]","{""#f8f9fd"": 0.9141}",#f8f9fd,light bright blue,"pricing cards, rounded buttons, grid layout, feature list, sidebar, split screen","modern, minimal, futuristic",0.87
Lapa Ninja (Post),Giulia Saporito,https://www.lapa.ninja/post/giuliasaporito/,https://cdn.lapa.ninja/assets/images/1x/giuliasaporito-thumb.webp,"[""#f1f1f1""]","{""#f1f1f1"": 0.9484}",#f1f1f1,light muted neutral,"large typography, rounded buttons, pricing cards, card list, feature list, icon list","modern, creative, cool",0.83
Lapa Ninja (Post),Pipe,https://www.lapa.ninja/post/pipe/,https://cdn.lapa.ninja/assets/images/1x/pipe-thumb.webp,"[""#0a0a0b""]","{""#0a0a0b"": 0.8623}",#0a0a0b,dark muted neutral,"rounded buttons, pricing cards, feature list, grid layout, cta button, top navigation","modern, futuristic, minimal",0.83
Lapa Ninja (Post),Potion Lifestyle,https://www.lapa.ninja/post/potionlifestyle/,https://cdn.lapa.ninja/assets/images/1x/potionlifestyle-thumb.webp,"[""#fdfcfd"", ""#929de2""]","{""#fdfcfd"": 0.7287, ""#929de2"": 0.0849}",#fdfcfd,light muted magenta,"pricing cards, sidebar, rounded buttons, video background, grid layout, split screen","modern, futuristic, vibrant",0.88
Lapa Ninja (Post),Kinn Home,https://www.lapa.ninja/post/kinnhome/,https://cdn.lapa.ninja/assets/images/1x/kinnhome-thumb.webp,"[""#f8f2e6"", ""#e5c7a0""]","{""#f8f2e6"": 0.5445, ""#e5c7a0"": 0.2574}",#f8f2e6,light bright orange,"rounded buttons, sidebar, data table, top navigation, feature list, search bar","creative, modern, cool",0.86
Lapa Ninja (Post),Occo Spices,https://www.lapa.ninja/post/eatocco/,https://cdn.lapa.ninja/assets/images/1x/eatocco-thumb.webp,"[""#14151b"", ""#f1f3fc""]","{""#14151b"": 0.2318, ""#f1f3fc"": 0.5186}",#14151b,dark muted blue,"grid layout, sidebar, rounded buttons, footer, large typography, feature list","modern, professional, minimal",0.73
Lapa Ninja (Post),Parquet Courts,https://www.lapa.ninja/post/parquet-courts/,https://cdn.lapa.ninja/assets/images/1x/parquet-courts-thumb.webp,"[""#e7e9e2"", ""#4d7448""]","{""#e7e9e2"": 0.711, ""#4d7448"": 0.0823}",#e7e9e2,light muted yellow,"sidebar, illustration, card list, logo, form, footer","modern, futuristic, luxury",0.86
Lapa Ninja (Post),The Well,https://www.lapa.ninja/post/the-well/,https://cdn.lapa.ninja/assets/images/1x/the-well-thumb.webp,"[""#f4f4f4""]","{""#f4f4f4"": 0.8977}",#f4f4f4,light muted neutral,"large typography, pricing cards, centered hero, feature list, rounded buttons, footer","modern, artistic, creative",0.82
Lapa Ninja (Post),SUPERGLOW,https://www.lapa.ninja/post/superglow/,https://cdn.lapa.ninja/assets/images/1x/superglow-thumb.webp,"[""#f2fa83"", ""#9b4637""]","{""#f2fa83"": 0.3997, ""#9b4637"": 0.2532}",#f2fa83,bright yellow,"sidebar, feature list, large typography, carousel, icon list, footer","cool, serious, bold",0.81
Lapa Ninja (Post),Kookslams Hard Seltzer,https://www.lapa.ninja/post/kookslamshardseltzer/,https://cdn.lapa.ninja/assets/images/1x/kookslamshardseltzer-thumb.webp,"[""#d7fd9b"", ""#85e0fa""]","{""#d7fd9b"": 0.4178, ""#85e0fa"": 0.3194}",#d7fd9b,bright green,"sidebar, footer, search bar, video background, feature list, rounded buttons","friendly, cool, creative",0.82
Lapa Ninja (Post),Crosta & Mollica,https://www.lapa.ninja/post/crostamollica/,https://cdn.lapa.ninja/assets/images/1x/crostamollica-thumb.webp,"[""#f4f2ed"", ""#1f1610""]","{""#f4f2ed"": 0.5368, ""#1f1610"": 0.1519}",#f4f2ed,light muted orange,"sidebar, large typography, pricing cards, grid layout, feature list, rounded buttons","minimal, modern, luxury",0.86
Lapa Ninja (Post),Nuno Pereira Sousa,https://www.lapa.ninja/post/nunops/,https://cdn.lapa.ninja/assets/images/1x/nunops-thumb.webp,"[""#18293f"", ""#332332""]","{""#18293f"": 0.7391, ""#332332"": 0.1424}",#18293f,dark bright blue,"large typography, split screen, grid layout, feature list, sidebar, rounded buttons","minimal, modern, professional",0.87
Lapa Ninja (Post),Mario Gogh,https://www.lapa.ninja/post/mariogogh/,https://cdn.lapa.ninja/assets/images/1x/mariogogh-thumb.webp,"[""#ed2625"", ""#fea7e1""]","{""#ed2625"": 0.8156, ""#fea7e1"": 0.1383}",#ed2625,bright red,"sidebar, large typography, rounded buttons, pricing cards, video background, feature list","retro, professional, minimal",0.87
Lapa Ninja (Post),Maciej Mach,https://www.lapa.ninja/post/maciejmach/,https://cdn.lapa.ninja/assets/images/1x/maciejmach-thumb.webp,"[""#f5f5f5"", ""#c7d1d0""]","{""#f5f5f5"": 0.6847, ""#c7d1d0"": 0.1607}",#f5f5f5,light muted neutral,"grid layout, footer, large typography, pricing cards, sidebar, form","modern, professional, minimal",0.83
Lapa Ninja (Post),Alike,https://www.lapa.ninja/post/alike/,https://cdn.lapa.ninja/assets/images/1x/alike-thumb.webp,"[""#fac12e"", ""#fefaf7""]","{""#fac12e"": 0.1975, ""#fefaf7"": 0.7208}",#fac12e,bright orange,"rounded buttons, pricing cards, sidebar, footer, split screen, grid layout","modern, minimal, cool",0.71
Lapa Ninja (Post),Atlantis Technology,https://www.lapa.ninja/post/atlantistech/,https://cdn.lapa.ninja/assets/images/1x/atlantistech-thumb.webp,"[""#eff2f9"", ""#fefefe""]","{""#eff2f9"": 0.3028, ""#fefefe"": 0.6145}",#eff2f9,light bright blue,"sidebar, pricing cards, data table, feature list, avatar, form","professional, modern, cool",0.75
Lapa Ninja (Post),Scope of Work,https://www.lapa.ninja/post/scopeofwork/,https://cdn.lapa.ninja/assets/images/1x/scopeofwork-thumb.webp,"[""#fefefe""]","{""#fefefe"": 0.9089}",#fefefe,light muted neutral,"large typography, grid layout, icon list, top navigation, rounded buttons, sidebar","modern, creative, futuristic",0.83
Lapa Ninja (Post),FUTUREVVORLD,https://www.lapa.ninja/post/futurevvorld/,https://cdn.lapa.ninja/assets/images/1x/futurevvorld-thumb.webp,"[""#f0f1f1"", ""#cbb8ae""]","{""#f0f1f1"": 0.7192, ""#cbb8ae"": 0.1316}",#f0f1f1,light muted neutral,"rounded buttons, pricing cards, grid layout, footer, sidebar, search bar","modern, futuristic, luxury",0.83
Lapa Ninja (Post),Fussy,https://www.lapa.ninja/post/getfussy/,https://cdn.lapa.ninja/assets/images/1x/getfussy-thumb.webp,"[""#cdcecd"", ""#f6f8f9""]","{""#cdcecd"": 0.2887, ""#f6f8f9"": 0.5634}",#cdcecd,muted neutral,"rounded buttons, large typography, top navigation, sidebar, footer, cta button","modern, futuristic, minimal",0.73
Lapa Ninja (Post),Bloomers,https://www.lapa.ninja/post/bloomers/,https://cdn.lapa.ninja/assets/images/1x/bloomers-thumb.webp,"[""#523499"", ""#e4e4e5""]","{""#523499"": 0.4126, ""#e4e4e5"": 0.2361}",#523499,bright blue,"sidebar, video background, footer, large typography, rounded buttons, avatar","minimal, retro, modern",0.82
Lapa Ninja (Post),Henry Desroches,https://www.lapa.ninja/post/henry-codes/,https://cdn.lapa.ninja/assets/images/1x/henry-codes-thumb.webp,"[""#b9b2af"", ""#f5f5f6""]","{""#b9b2af"": 0.3773, ""#f5f5f6"": 0.3967}",#b9b2af,muted neutral,"sidebar, single column, large typography, video background, form, footer","modern, minimal, cool",0.76
Lapa Ninja (Post),TOGETHXR,https://www.lapa.ninja/post/togethxr/,https://cdn.lapa.ninja/assets/images/1x/togethxr-thumb.webp,"[""#dc8e93"", ""#52464a""]","{""#dc8e93"": 0.2937, ""#52464a"": 0.206}",#dc8e93,bright red,"sidebar, split screen, video background, feature list, footer, hero image","modern, retro, luxury",0.76
Lapa Ninja (Post),Drive Capital,https://www.lapa.ninja/post/drivecapital/,https://cdn.lapa.ninja/assets/images/1x/drivecapital-thumb.webp,"[""#010202"", ""#323b38""]","{""#010202"": 0.6536, ""#323b38"": 0.1452}",#010202,dark muted teal,"large typography, sidebar, top navigation, video background, feature list, data table","trustworthy, cool, futuristic",0.84
Lapa Ninja (Post),Hugo Nicaise,https://www.lapa.ninja/post/hugonicaise/,https://cdn.lapa.ninja/assets/images/1x/hugonicaise-thumb.webp,"[""#1d1d1c""]","{""#1d1d1c"": 0.9584}",#1d1d1c,dark muted neutral,"large typography, rounded buttons, avatar, pricing cards, sidebar, feature list","minimal, professional, modern",0.83
Lapa Ninja (Post),Stream Club,https://www.lapa.ninja/post/streamclub/,https://cdn.lapa.ninja/assets/images/1x/streamclub-thumb.webp,"[""#eac1d8"", ""#f6e6ef""]","{""#eac1d8"": 0.7026, ""#f6e6ef"": 0.1586}",#eac1d8,bright magenta,"rounded buttons, video background, sidebar, feature list, search bar, top navigation","modern, professional, trustworthy",0.87
Lapa Ninja (Post),Leonid Kostetskyi,https://www.lapa.ninja/post/leonidkostetskyi/,https://cdn.lapa.ninja/assets/images/1x/leonidkostetskyi-thumb.webp,"[""#faf9f4""]","{""#faf9f4"": 0.8658}",#faf9f4,light bright yellow,"large typography, icon list, feature list, rounded buttons, grid layout, footer","creative, artistic, modern",0.88
Lapa Ninja (Post),Epicurrence,https://www.lapa.ninja/post/epicurrence-2021/,https://cdn.lapa.ninja/assets/images/1x/epicurrence-2021-thumb.webp,"[""#010101"", ""#86a4aa""]","{""#010101"": 0.5839, ""#86a4aa"": 0.2181}",#010101,dark muted neutral,"large typography, sidebar, footer, video background, avatar, split screen","cool, modern, creative",0.82
Lapa Ninja (Post),Club local,https://www.lapa.ninja/post/clublocal/,https://cdn.lapa.ninja/assets/images/1x/clublocal-thumb.webp,"[""#e3e4eb"", ""#0b0b0b""]","{""#e3e4eb"": 0.4833, ""#0b0b0b"": 0.2872}",#e3e4eb,light muted blue,"large typography, sidebar, grid layout, single column, form, rounded buttons","minimal, modern, creative",0.86
Lapa Ninja (Post),Makeshift Brooklyn,https://www.lapa.ninja/post/makeshiftbk/,https://cdn.lapa.ninja/assets/images/1x/makeshiftbk-thumb.webp,"[""#e6b840"", ""#292724""]","{""#e6b840"": 0.4935, ""#292724"": 0.1723}",#e6b840,bright orange,"sidebar, split screen, grid layout, video background, footer, large typography","modern, professional, artistic",0.85
Lapa Ninja (Post),Ljubicic Tennis Academy,https://www.lapa.ninja/post/ljubicicacademy/,https://cdn.lapa.ninja/assets/images/1x/ljubicicacademy-thumb.webp,"[""#9b532f"", ""#fdfdfc""]","{""#9b532f"": 0.2625, ""#fdfdfc"": 0.2955}",#9b532f,bright orange,"sidebar, large typography, two-column layout, split screen, grid layout, feature list","professional, modern, minimal",0.74
Lapa Ninja (Post),Section Cut,https://www.lapa.ninja/post/sectioncut/,https://cdn.lapa.ninja/assets/images/1x/sectioncut-thumb.webp,"[""#eef0f0"", ""#010101""]","{""#eef0f0"": 0.8271, ""#010101"": 0.1189}",#eef0f0,light muted neutral,"pricing cards, large typography, sidebar, data table, split screen, rounded buttons","friendly, professional, creative",0.82
Lapa Ninja (Post),Hyphen,https://www.lapa.ninja/post/usehyphen/,https://cdn.lapa.ninja/assets/images/1x/usehyphen-thumb.webp,"[""#17201d"", ""#6e6354""]","{""#17201d"": 0.2695, ""#6e6354"": 0.2545}",#17201d,dark muted teal,"grid layout, rounded buttons, footer, feature list, sidebar, large typography","modern, professional, futuristic",0.75
Lapa Ninja (Post),K72 Agency,https://www.lapa.ninja/post/k72/,https://cdn.lapa.ninja/assets/images/1x/k72-thumb.webp,"[""#121113"", ""#fefefe""]","{""#121113"": 0.3571, ""#fefefe"": 0.328}",#121113,dark muted neutral,"sidebar, grid layout, video background, form, search bar, centered hero","modern, professional, minimal",0.76
Lapa Ninja (Post),Kazuki Noda,https://www.lapa.ninja/post/kazukinoda/,https://cdn.lapa.ninja/assets/images/1x/kazukinoda-thumb.webp,"[""#e9e2da"", ""#e1dad2""]","{""#e9e2da"": 0.5285, ""#e1dad2"": 0.2104}",#e9e2da,light muted orange,"large typography, grid layout, form, two-column layout, pricing cards, sidebar","modern, minimal, futuristic",0.87
Lapa Ninja (Post),Media.Monks,https://www.lapa.ninja/post/media-monks/,https://cdn.lapa.ninja/assets/images/1x/media-monks-thumb.webp,"[""#e8e7e3"", ""#04222d""]","{""#e8e7e3"": 0.6434, ""#04222d"": 0.1713}",#e8e7e3,light muted neutral,"large typography, sidebar, logo, two-column layout, grid layout, feature list","modern, futuristic, minimal",0.83
Lapa Ninja (Post),Lucas Mesa Gouiffes,https://www.lapa.ninja/post/lucasmesagouiffes/,https://cdn.lapa.ninja/assets/images/1x/lucasmesagouiffes-thumb.webp,"[""#000000"", ""#241315""]","{""#000000"": 0.8802, ""#241315"": 0.0824}",#000000,dark muted neutral,"large typography, grid layout, video background, feature list, rounded buttons, pricing cards","creative, professional, friendly",0.83
Lapa Ninja (Post),twelveNYC,https://www.lapa.ninja/post/twelvenyc/,https://cdn.lapa.ninja/assets/images/1x/twelvenyc-thumb.webp,"[""#f7f4e9"", ""#9f9e99""]","{""#f7f4e9"": 0.4949, ""#9f9e99"": 0.2761}",#f7f4e9,light bright orange,"pricing cards, sidebar, large typography, rounded buttons, video background, data table","professional, bold, cool",0.85
Lapa Ninja (Post),Cliphire,https://www.lapa.ninja/post/cliphire/,https://cdn.lapa.ninja/assets/images/1x/cliphire-thumb.webp,"[""#fbfcfd""]","{""#fbfcfd"": 0.9012}",#fbfcfd,light muted blue,"grid layout, rounded buttons, sidebar, split screen, avatar, pricing cards","professional, minimal, friendly",0.86
Lapa Ninja (Post),Nobell Foods,https://www.lapa.ninja/post/nobellfoods/,https://cdn.lapa.ninja/assets/images/1x/nobellfoods-thumb.webp,"[""#f9a712"", ""#dbb461""]","{""#f9a712"": 0.6439, ""#dbb461"": 0.1596}",#f9a712,bright orange,"sidebar, video background, feature list, large typography, grid layout, footer","modern, minimal, creative",0.87
Lapa Ninja (Post),Palantir IR,https://www.lapa.ninja/post/palantir/,https://cdn.lapa.ninja/assets/images/1x/palantir-thumb.webp,"[""#1e2325"", ""#414f45""]","{""#1e2325"": 0.5071, ""#414f45"": 0.1765}",#1e2325,dark muted neutral,"grid layout, large typography, sidebar, rounded buttons, top navigation, feature list","modern, futuristic, minimal",0.83
Lapa Ninja (Post),Steve Carr,https://www.lapa.ninja/post/stevecarr/,https://cdn.lapa.ninja/assets/images/1x/stevecarr-thumb.webp,"[""#f4f4f4"", ""#c1b194""]","{""#f4f4f4"": 0.6737, ""#c1b194"": 0.1053}",#f4f4f4,light muted neutral,"sidebar, top navigation, split screen, large typography, card list, pricing cards","modern, professional, creative",0.83
Lapa Ninja (Post),GCG DAO,https://www.lapa.ninja/post/gcgdao/,https://cdn.lapa.ninja/assets/images/1x/gcgdao-thumb.webp,"[""#0d1f2f""]","{""#0d1f2f"": 0.9}",#0d1f2f,dark bright blue,"large typography, rounded buttons, grid layout, footer, split screen, data table","futuristic, modern, creative",0.85
Lapa Ninja (Post),Felt,https://www.lapa.ninja/post/felt/,https://cdn.lapa.ninja/assets/images/1x/felt-thumb.webp,"[""#3e511e"", ""#eeefec""]","{""#3e511e"": 0.8283, ""#eeefec"": 0.1088}",#3e511e,dark bright green,"sidebar, large typography, avatar, top navigation, search bar, feature list","cool, retro, friendly",0.87
Lapa Ninja (Post),Bryn Taylor,https://www.lapa.ninja/post/bryntaylor/,https://cdn.lapa.ninja/assets/images/1x/bryntaylor-thumb.webp,"[""#eefbea"", ""#fefdfc""]","{""#eefbea"": 0.3548, ""#fefdfc"": 0.5118}",#eefbea,light bright green,"pricing cards, rounded buttons, large typography, grid layout, sidebar, two-column layout","professional, modern, bold",0.8
Lapa Ninja (Post),read.cv,https://www.lapa.ninja/post/read-cv/,https://cdn.lapa.ninja/assets/images/1x/read-cv-thumb.webp,"[""#353534"", ""#191918""]","{""#353534"": 0.3606, ""#191918"": 0.3474}",#353534,dark muted neutral,"grid layout, icon list, feature list, search bar, video background, rounded buttons","modern, minimal, cool",0.76
Lapa Ninja (Post),BAGGU,https://www.lapa.ninja/post/baggu/,https://cdn.lapa.ninja/assets/images/1x/baggu-thumb.webp,"[""#eae6df"", ""#e28746""]","{""#eae6df"": 0.5674, ""#e28746"": 0.1496}",#eae6df,light muted orange,"rounded buttons, grid layout, video background, pricing cards, feature list, sidebar","luxury, cool, bold",0.85
Lapa Ninja (Post),Aura Bora,https://www.lapa.ninja/post/aurabora/,https://cdn.lapa.ninja/assets/images/1x/aurabora-thumb.webp,"[""#f6f2ec"", ""#bdc2c5""]","{""#f6f2ec"": 0.6059, ""#bdc2c5"": 0.2477}",#f6f2ec,light bright orange,"pricing cards, sidebar, search bar, rounded buttons, video background, feature list","cool, creative, luxury",0.86
Lapa Ninja (Post),Navarra.is,https://www.lapa.ninja/post/navarra/,https://cdn.lapa.ninja/assets/images/1x/navarra-thumb.webp,"[""#eae6e3"", ""#fefefe""]","{""#eae6e3"": 0.7934, ""#fefefe"": 0.0864}",#eae6e3,light muted orange,"grid layout, rounded buttons, large typography, search bar, video background, footer","modern, minimal, cool",0.87
Lapa Ninja (Post),Studio Bicyclette,https://www.lapa.ninja/post/studiobicyclette/,https://cdn.lapa.ninja/assets/images/1x/studiobicyclette-thumb.webp,"[""#dcdfdc"", ""#faf6f3""]","{""#dcdfdc"": 0.2041, ""#faf6f3"": 0.7162}",#dcdfdc,light muted neutral,"rounded buttons, grid layout, sidebar, large typography, form, pricing cards","minimal, modern, luxury",0.68
Lapa Ninja (Post),Liquid Crystal,https://www.lapa.ninja/post/makebeautifulwork/,https://cdn.lapa.ninja/assets/images/1x/makebeautifulwork-thumb.webp,"[""#000000""]","{""#000000"": 0.9377}",#000000,dark muted neutral,"large typography, rounded buttons, grid layout, pricing cards, footer, data table","futuristic, modern, luxury",0.83
Lapa Ninja (Post),Evermade,https://www.lapa.ninja/post/evermade/,https://cdn.lapa.ninja/assets/images/1x/evermade-thumb.webp,"[""#fefefe"", ""#232323""]","{""#fefefe"": 0.8666, ""#232323"": 0.0866}",#fefefe,light muted neutral,"avatar, sidebar, footer, search bar, split screen, video background","professional, modern, minimal",0.82
Lapa Ninja (Post),luge,https://www.lapa.ninja/post/luge/,https://cdn.lapa.ninja/assets/images/1x/luge-thumb.webp,"[""#fefefe"", ""#01fee3""]","{""#fefefe"": 0.7779, ""#01fee3"": 0.1377}",#fefefe,light muted neutral,"large typography, sidebar, grid layout, icon list, two-column layout, split screen","professional, minimal, modern",0.84
Lapa Ninja (Post),Miew,https://www.lapa.ninja/post/miew/,https://cdn.lapa.ninja/assets/images/1x/miew-thumb.webp,"[""#000000""]","{""#000000"": 0.9525}",#000000,dark muted neutral,"large typography, sidebar, pricing cards, top navigation, rounded buttons, video background","minimal, cool, professional",0.83
Lapa Ninja (Post),How Many Plants,https://www.lapa.ninja/post/howmanyplants/,https://cdn.lapa.ninja/assets/images/1x/howmanyplants-thumb.webp,"[""#fbf9f1"", ""#baaf50""]","{""#fbf9f1"": 0.6939, ""#baaf50"": 0.1367}",#fbf9f1,light bright orange,"large typography, grid layout, two-column layout, top navigation, sidebar, illustration","playful, creative, modern",0.85
Lapa Ninja (Post),Instinct Origine,https://www.lapa.ninja/post/instinct-paris/,https://cdn.lapa.ninja/assets/images/1x/instinct-paris-thumb.webp,"[""#eeecec"", ""#020101""]","{""#eeecec"": 0.475, ""#020101"": 0.1976}",#eeecec,light muted neutral,"grid layout, sidebar, large typography, feature list, two-column layout, hero image","modern, retro, artistic",0.81
Lapa Ninja (Post),McLane Teitel,https://www.lapa.ninja/post/mclane/,https://cdn.lapa.ninja/assets/images/1x/mclane-thumb.webp,"[""#f2e7e6""]","{""#f2e7e6"": 0.9366}",#f2e7e6,light muted red,"large typography, two-column layout, grid layout, sidebar, pricing cards, feature list","modern, minimal, futuristic",0.87
Lapa Ninja (Post),Pluto,https://www.lapa.ninja/post/pluto/,https://cdn.lapa.ninja/assets/images/1x/pluto-thumb.webp,"[""#171618"", ""#3e2964""]","{""#171618"": 0.7134, ""#3e2964"": 0.1109}",#171618,dark muted neutral,"large typography, grid layout, pricing cards, data table, footer, top navigation","futuristic, modern, cool",0.84
Lapa Ninja (Post),Gucci Osteria,https://www.lapa.ninja/post/gucciosteria/,https://cdn.lapa.ninja/assets/images/1x/gucciosteria-thumb.webp,"[""#ec9dac""]","{""#ec9dac"": 0.86}",#ec9dac,bright red,"grid layout, sidebar, large typography, two-column layout, rounded buttons, video background","modern, luxury, cool",0.86
Lapa Ninja (Post),Flowmingo,https://www.lapa.ninja/post/flowmingo/,https://cdn.lapa.ninja/assets/images/1x/flowmingo-thumb.webp,"[""#ebebeb"", ""#fefefe""]","{""#ebebeb"": 0.2467, ""#fefefe"": 0.4826}",#ebebeb,light muted neutral,"split screen, search bar, sidebar, rounded buttons, grid layout, feature list","professional, modern, bold",0.7
Lapa Ninja (Post),Anti,https://www.lapa.ninja/post/anti-waste/,https://cdn.lapa.ninja/assets/images/1x/anti-waste-thumb.webp,"[""#131314"", ""#2c2a2b""]","{""#131314"": 0.8236, ""#2c2a2b"": 0.1286}",#131314,dark muted neutral,"large typography, rounded buttons, grid layout, feature list, video background, pricing cards","minimal, futuristic, modern",0.82
Lapa Ninja (Post),Hello Astro,https://www.lapa.ninja/post/helloastro/,https://cdn.lapa.ninja/assets/images/1x/helloastro-thumb.webp,"[""#edfdf9"", ""#d9defb""]","{""#edfdf9"": 0.7769, ""#d9defb"": 0.0919}",#edfdf9,light bright teal,"large typography, sidebar, rounded buttons, pricing cards, avatar, video background","creative, futuristic, modern",0.86
Lapa Ninja (Post),Norimasa Inoue,https://www.lapa.ninja/post/nori-inoue/,https://cdn.lapa.ninja/assets/images/1x/nori-inoue-thumb.webp,"[""#101010""]","{""#101010"": 0.9109}",#101010,dark muted neutral,"large typography, sidebar, feature list, form, avatar, split screen","minimal, cool, futuristic",0.83
Lapa Ninja (Post),Airbnb,https://www.lapa.ninja/post/airbnb-3/,https://cdn.lapa.ninja/assets/images/1x/airbnb-08-06-2021-thumb.webp,"[""#101d2a"", ""#fdfdf9""]","{""#101d2a"": 0.2143, ""#fdfdf9"": 0.3622}",#101d2a,dark bright blue,"pricing cards, video background, grid layout, feature list, sidebar, avatar","modern, professional, cool",0.72
Lapa Ninja (Post),GEN Z 💧,https://www.lapa.ninja/post/drinkgenz/,https://cdn.lapa.ninja/assets/images/1x/drinkgenz-thumb.webp,"[""#a9c4fa"", ""#4c4ff9""]","{""#a9c4fa"": 0.4334, ""#4c4ff9"": 0.333}",#a9c4fa,bright blue,"video background, sidebar, split screen, pricing cards, top navigation, icon list","retro, cool, bold",0.83
Lapa Ninja (Post),Cards Against Humanity,https://www.lapa.ninja/post/cardsagainsthumanity/,https://cdn.lapa.ninja/assets/images/1x/cardsagainsthumanity-thumb.webp,"[""#000000"", ""#fefefe""]","{""#000000"": 0.3171, ""#fefefe"": 0.6552}",#000000,dark muted neutral,"card list, pricing cards, sidebar, feature list, carousel, form","cool, creative, professional",0.74
Lapa Ninja (Post),Playdate,https://www.lapa.ninja/post/play-date-2/,https://cdn.lapa.ninja/assets/images/1x/play-date-08-06-2021-thumb.webp,"[""#7a7d87"", ""#f9c23e""]","{""#7a7d87"": 0.7094, ""#f9c23e"": 0.1117}",#7a7d87,muted neutral,"sidebar, rounded buttons, cta button, pricing cards, feature list, video background","retro, friendly, cool",0.82
Lapa Ninja (Post),Miti Navi,https://www.lapa.ninja/post/miti-navi/,https://cdn.lapa.ninja/assets/images/1x/miti-navi-thumb.webp,"[""#e7dece"", ""#375b66""]","{""#e7dece"": 0.6032, ""#375b66"": 0.1323}",#e7dece,light muted orange,"top navigation, sidebar, large typography, footer, chart, form","calm, artistic, minimal",0.86
Lapa Ninja (Post),A Human Future,https://www.lapa.ninja/post/ahumanfuture/,https://cdn.lapa.ninja/assets/images/1x/ahumanfuture-thumb.webp,"[""#fefefe"", ""#0d2011""]","{""#fefefe"": 0.6954, ""#0d2011"": 0.1338}",#fefefe,light muted neutral,"avatar, split screen, sidebar, footer, hero image, centered hero","futuristic, modern, professional",0.83
Lapa Ninja (Post),Jacob Leech,https://www.lapa.ninja/post/jacobleech/,https://cdn.lapa.ninja/assets/images/1x/jacobleech-thumb.webp,"[""#f5e4b9"", ""#efddb1""]","{""#f5e4b9"": 0.8301, ""#efddb1"": 0.0974}",#f5e4b9,bright orange,"large typography, grid layout, two-column layout, rounded buttons, pricing cards, sidebar","professional, modern, creative",0.87
Lapa Ninja (Post),Vita Architecture,https://www.lapa.ninja/post/vitaarchitecture/,https://cdn.lapa.ninja/assets/images/1x/vitaarchitecture-thumb.webp,"[""#f8f8f8"", ""#e3a48b""]","{""#f8f8f8"": 0.6926, ""#e3a48b"": 0.1425}",#f8f8f8,light muted neutral,"large typography, rounded buttons, sidebar, feature list, video background, pricing cards","futuristic, artistic, modern",0.83
Lapa Ninja (Post),Hagi's Barber Shop,https://www.lapa.ninja/post/hagisbarbershop/,https://cdn.lapa.ninja/assets/images/1x/hagisbarbershop-thumb.webp,"[""#f5f4ef"", ""#161514""]","{""#f5f4ef"": 0.5417, ""#161514"": 0.337}",#f5f4ef,light muted yellow,"large typography, rounded buttons, icon list, grid layout, split screen, top navigation","modern, professional, minimal",0.86
Lapa Ninja (Post),GRETA,https://www.lapa.ninja/post/gretamusic/,https://cdn.lapa.ninja/assets/images/1x/gretamusic-thumb.webp,"[""#2a262c"", ""#614368""]","{""#2a262c"": 0.4059, ""#614368"": 0.2337}",#2a262c,dark muted neutral,"video background, split screen, sidebar, icon list, feature list, search bar","futuristic, retro, artistic",0.79
Lapa Ninja (Post),Mary & Maurizio,https://www.lapa.ninja/post/quattrostudio/,https://cdn.lapa.ninja/assets/images/1x/quattrostudio-01-thumb.webp,"[""#f6f1e5"", ""#22201a""]","{""#f6f1e5"": 0.5438, ""#22201a"": 0.1582}",#f6f1e5,light bright orange,"video background, sidebar, large typography, grid layout, feature list, rounded buttons","minimal, professional, retro",0.86
Lapa Ninja (Post),SUPERCONTINENT,https://www.lapa.ninja/post/supercontinent/,https://cdn.lapa.ninja/assets/images/1x/supercontinent-thumb.webp,"[""#0e0e0f"", ""#343237""]","{""#0e0e0f"": 0.7481, ""#343237"": 0.0997}",#0e0e0f,dark muted neutral,"video background, sidebar, split screen, icon list, card list, feature list","artistic, modern, professional",0.83
Lapa Ninja (Post),Liveblocks,https://www.lapa.ninja/post/liveblocks/,https://cdn.lapa.ninja/assets/images/1x/liveblocks-thumb.webp,"[""#000000"", ""#161719""]","{""#000000"": 0.7061, ""#161719"": 0.2617}",#000000,dark muted neutral,"grid layout, rounded buttons, search bar, top navigation, pricing cards, video background","modern, futuristic, minimal",0.83
Lapa Ninja (Post),Avalanche,https://www.lapa.ninja/post/avax-network/,https://cdn.lapa.ninja/assets/images/1x/avax-network-thumb.webp,"[""#5f18fc"", ""#fefdfe""]","{""#5f18fc"": 0.5215, ""#fefdfe"": 0.3337}",#5f18fc,bright blue,"grid layout, rounded buttons, large typography, pricing cards, feature list, footer","minimal, futuristic, friendly",0.86
Lapa Ninja (Post),Lemon Squeezy,https://www.lapa.ninja/post/lemonsqueezy/,https://cdn.lapa.ninja/assets/images/1x/lemonsqueezy-thumb.webp,"[""#fdf9fc"", ""#b6a4d5""]","{""#fdf9fc"": 0.6546, ""#b6a4d5"": 0.1583}",#fdf9fc,light bright magenta,"rounded buttons, grid layout, sidebar, pricing cards, search bar, video background","modern, minimal, vibrant",0.87
Lapa Ninja (Post),No-Code Conference 2021,https://www.lapa.ninja/post/nocodeconf/,https://cdn.lapa.ninja/assets/images/1x/nocodeconf-thumb.webp,"[""#100a76"", ""#2a329b""]","{""#100a76"": 0.6238, ""#2a329b"": 0.1943}",#100a76,bright blue,"rounded buttons, icon list, large typography, sidebar, feature list, data table","cool, modern, retro",0.85
Lapa Ninja (Post),Google Bug Hunters,https://www.lapa.ninja/post/bughunters/,https://cdn.lapa.ninja/assets/images/1x/bughunters-thumb.webp,"[""#1f2125"", ""#181817""]","{""#1f2125"": 0.7753, ""#181817"": 0.192}",#1f2125,dark muted neutral,"rounded buttons, search bar, large typography, grid layout, top navigation, icon list","modern, minimal, futuristic",0.83
Lapa Ninja (Post),Robotos,https://www.lapa.ninja/post/robotos/,https://cdn.lapa.ninja/assets/images/1x/robotos-thumb.webp,"[""#e7111f"", ""#eff6f9""]","{""#e7111f"": 0.3025, ""#eff6f9"": 0.2132}",#e7111f,bright red,"sidebar, card list, video background, two-column layout, hero image, grid layout","retro, futuristic, artistic",0.77
Lapa Ninja (Post),Glossarie,https://www.lapa.ninja/post/glossarie/,https://cdn.lapa.ninja/assets/images/1x/glossarie-thumb.webp,"[""#f5f3f0""]","{""#f5f3f0"": 0.9204}",#f5f3f0,light muted orange,"large typography, rounded buttons, footer, sidebar, centered hero, video background","modern, creative, artistic",0.86
Lapa Ninja (Post),Naomi Osaka,https://www.lapa.ninja/post/naomiosaka/,https://cdn.lapa.ninja/assets/images/1x/naomiosaka-thumb.webp,"[""#f2f2ef"", ""#110f0b""]","{""#f2f2ef"": 0.6388, ""#110f0b"": 0.197}",#f2f2ef,light muted neutral,"large typography, feature list, icon list, rounded buttons, sidebar, avatar","minimal, futuristic, artistic",0.82
Lapa Ninja (Post),Post Familiar Wine,https://www.lapa.ninja/post/postfamiliar/,https://cdn.lapa.ninja/assets/images/1x/postfamiliar-thumb.webp,"[""#fefefe"", ""#010101""]","{""#fefefe"": 0.8712, ""#010101"": 0.1068}",#fefefe,light muted neutral,"form, sidebar, large typography, feature list, icon list, pricing cards","minimal, creative, bold",0.82
Lapa Ninja (Post),Rachel Austin,https://www.lapa.ninja/post/rachelaustin/,https://cdn.lapa.ninja/assets/images/1x/rachelaustin-thumb.webp,"[""#fbf5d6"", ""#fefefe""]","{""#fbf5d6"": 0.4797, ""#fefefe"": 0.2775}",#fbf5d6,light bright yellow,"sidebar, grid layout, large typography, rounded buttons, feature list, split screen","retro, minimal, modern",0.85
Lapa Ninja (Post),D.M Brut,https://www.lapa.ninja/post/dmbrut/,https://cdn.lapa.ninja/assets/images/1x/dmbrut-thumb.webp,"[""#fefefe"", ""#d5d2d3""]","{""#fefefe"": 0.6541, ""#d5d2d3"": 0.1483}",#fefefe,light muted neutral,"grid layout, search bar, large typography, pricing cards, rounded buttons, sidebar","minimal, bold, creative",0.82
Lapa Ninja (Post),Molly Stubbs,https://www.lapa.ninja/post/mollystubbs/,https://cdn.lapa.ninja/assets/images/1x/mollystubbs-thumb.webp,"[""#fbc1de"", ""#f9eded""]","{""#fbc1de"": 0.7152, ""#f9eded"": 0.1379}",#fbc1de,light bright magenta,"sidebar, search bar, rounded buttons, feature list, pricing cards, video background","professional, retro, cool",0.87
Lapa Ninja (Post),WEVE,https://www.lapa.ninja/post/weve/,https://cdn.lapa.ninja/assets/images/1x/weve-thumb.webp,"[""#37309e"", ""#fdfdfd""]","{""#37309e"": 0.3054, ""#fdfdfd"": 0.472}",#37309e,bright blue,"grid layout, rounded buttons, sidebar, avatar, feature list, split screen","modern, futuristic, professional",0.76
Lapa Ninja (Post),NORF,https://www.lapa.ninja/post/norfstudio/,https://cdn.lapa.ninja/assets/images/1x/norfstudio-thumb.webp,"[""#cdbdb8"", ""#fefefe""]","{""#cdbdb8"": 0.2235, ""#fefefe"": 0.4587}",#cdbdb8,muted red,"large typography, form, sidebar, top navigation, grid layout, search bar","modern, minimal, futuristic",0.72
Lapa Ninja (Post),carbonplan,https://www.lapa.ninja/post/carbonplan/,https://cdn.lapa.ninja/assets/images/1x/carbonplan-thumb.webp,"[""#1a1e22""]","{""#1a1e22"": 0.8642}",#1a1e22,dark muted blue,"data table, chart, single column, search bar, large typography, sidebar","modern, futuristic, retro",0.87
Lapa Ninja (Post),mmm.page,https://www.lapa.ninja/post/mmm-page/,https://cdn.lapa.ninja/assets/images/1x/mmm-page-thumb.webp,"[""#fefefe""]","{""#fefefe"": 0.8027}",#fefefe,light muted neutral,"sidebar, rounded buttons, pricing cards, feature list, cta button, video background","cool, creative, futuristic",0.82
Lapa Ninja (Post),Passbase,https://www.lapa.ninja/post/passbase/,https://cdn.lapa.ninja/assets/images/1x/passbase-thumb.webp,"[""#0d1321"", ""#1b2238""]","{""#0d1321"": 0.6657, ""#1b2238"": 0.2571}",#0d1321,dark bright blue,"rounded buttons, large typography, pricing cards, form, footer, grid layout","futuristic, modern, minimal",0.87
Lapa Ninja (Post),Typelab,https://www.lapa.ninja/post/typelab/,https://cdn.lapa.ninja/assets/images/1x/typelab-thumb.webp,"[""#fefdfe""]","{""#fefdfe"": 0.9053}",#fefdfe,light muted magenta,"large typography, two-column layout, icon list, grid layout, top navigation, form","cool, creative, modern",0.88
Lapa Ninja (Post),Expo,https://www.lapa.ninja/post/expo-2/,https://cdn.lapa.ninja/assets/images/1x/expo-07-25-2021-thumb.webp,"[""#fafafb""]","{""#fafafb"": 0.9579}",#fafafb,light muted neutral,"rounded buttons, grid layout, feature list, search bar, top navigation, sidebar","minimal, modern, futuristic",0.83
Lapa Ninja (Post),Arvin Leeuwis,https://www.lapa.ninja/post/arvinleeuwis/,https://cdn.lapa.ninja/assets/images/1x/arvinleeuwis-thumb.webp,"[""#95354c"", ""#fefefd""]","{""#95354c"": 0.2819, ""#fefefd"": 0.5789}",#95354c,bright red,"grid layout, rounded buttons, top navigation, pricing cards, large typography, sidebar","modern, minimal, futuristic",0.75
Lapa Ninja (Post),Drink Zuzu,https://www.lapa.ninja/post/drinkzuzu/,https://cdn.lapa.ninja/assets/images/1x/drinkzuzu-thumb.webp,"[""#e9e4e3"", ""#cfcdb8""]","{""#e9e4e3"": 0.7877, ""#cfcdb8"": 0.0826}",#e9e4e3,light muted red,"sidebar, large typography, pricing cards, rounded buttons, feature list, video background","creative, cool, futuristic",0.84
Lapa Ninja (Post),10kdesigners,https://www.lapa.ninja/post/10kdesigners/,https://cdn.lapa.ninja/assets/images/1x/10kdesigners-thumb.webp,"[""#090513"", ""#221e3f""]","{""#090513"": 0.6685, ""#221e3f"": 0.1813}",#090513,dark bright blue,"large typography, grid layout, rounded buttons, video background, split screen, form","modern, futuristic, cool",0.86
Lapa Ninja (Post),C.W. Urban,https://www.lapa.ninja/post/builtbycw/,https://cdn.lapa.ninja/assets/images/1x/builtbycw-thumb.webp,"[""#7b7b79"", ""#f9f9f9""]","{""#7b7b79"": 0.3251, ""#f9f9f9"": 0.3937}",#7b7b79,muted neutral,"rounded buttons, feature list, grid layout, sidebar, cta button, search bar","modern, minimal, futuristic",0.73
Lapa Ninja (Post),Enrojecerse,https://www.lapa.ninja/post/enrojecerse/,https://cdn.lapa.ninja/assets/images/1x/enrojecerse-thumb.webp,"[""#f6f6f4"", ""#222220""]","{""#f6f6f4"": 0.8338, ""#222220"": 0.1109}",#f6f6f4,light muted neutral,"large typography, icon list, card list, feature list, form, logo","creative, cool, minimal",0.83
Lapa Ninja (Post),NoGood,https://www.lapa.ninja/post/nogood/,https://cdn.lapa.ninja/assets/images/1x/nogood-thumb.webp,"[""#131313""]","{""#131313"": 0.9144}",#131313,dark muted neutral,"large typography, pricing cards, footer, sidebar, chart, video background","creative, futuristic, professional",0.82
Lapa Ninja (Post),Dovetail,https://www.lapa.ninja/post/dovetailapp/,https://cdn.lapa.ninja/assets/images/1x/dovetailapp-thumb.webp,"[""#fcf2e4"", ""#fefbf7""]","{""#fcf2e4"": 0.38, ""#fefbf7"": 0.5449}",#fcf2e4,light bright orange,"search bar, data table, video background, sidebar, icon list, feature list","minimal, cool, modern",0.79
Lapa Ninja (Post),Sarah Guo,https://www.lapa.ninja/post/sarahguo/,https://cdn.lapa.ninja/assets/images/1x/sarahguo-thumb.webp,"[""#47dfe2"", ""#c5d8f4""]","{""#47dfe2"": 0.5774, ""#c5d8f4"": 0.1888}",#47dfe2,bright teal,"large typography, video background, pricing cards, sidebar, feature list, grid layout","futuristic, professional, modern",0.86
Lapa Ninja (Post),norda run,https://www.lapa.ninja/post/nordarun/,https://cdn.lapa.ninja/assets/images/1x/nordarun-thumb.webp,"[""#fcfcfc"", ""#7d7f81""]","{""#fcfcfc"": 0.6115, ""#7d7f81"": 0.1572}",#fcfcfc,light muted neutral,"sidebar, footer, rounded buttons, large typography, feature list, form","futuristic, modern, luxury",0.83
Lapa Ninja (Post),Sundae Finest,https://www.lapa.ninja/post/sundaefinest/,https://cdn.lapa.ninja/assets/images/1x/sundaefinest-thumb.webp,"[""#7f57d9"", ""#faf8fb""]","{""#7f57d9"": 0.7628, ""#faf8fb"": 0.1357}",#7f57d9,bright blue,"rounded buttons, grid layout, pricing cards, video background, form, sidebar","minimal, cool, modern",0.87
Lapa Ninja (Post),TransactionLink,https://www.lapa.ninja/post/transactionlink/,https://cdn.lapa.ninja/assets/images/1x/transactionlink-thumb.webp,"[""#f0f3f7"", ""#fefefe""]","{""#f0f3f7"": 0.4451, ""#fefefe"": 0.4774}",#f0f3f7,light muted blue,"large typography, grid layout, rounded buttons, footer, form, pricing cards","futuristic, modern, minimal",0.84
Lapa Ninja (Post),Bio Link,https://www.lapa.ninja/post/bio-link/,https://cdn.lapa.ninja/assets/images/1x/bio-link-thumb.webp,"[""#020102"", ""#fdfdfd""]","{""#020102"": 0.2617, ""#fdfdfd"": 0.6287}",#020102,dark muted magenta,"rounded buttons, footer, cta button, search bar, sidebar, feature list","modern, cool, minimal",0.76
Lapa Ninja (Post),Entireworld,https://www.lapa.ninja/post/theentireworld/,https://cdn.lapa.ninja/assets/images/1x/theentireworld-thumb.webp,"[""#dcddd7"", ""#fefefe""]","{""#dcddd7"": 0.2422, ""#fefefe"": 0.5461}",#dcddd7,light muted neutral,"grid layout, rounded buttons, sidebar, feature list, icon list, search bar","minimal, modern, artistic",0.7
Lapa Ninja (Post),by Humankind,https://www.lapa.ninja/post/byhumankind/,https://cdn.lapa.ninja/assets/images/1x/byhumankind-thumb.webp,"[""#c6b2a1"", ""#fdf9ed""]","{""#c6b2a1"": 0.6519, ""#fdf9ed"": 0.2211}",#c6b2a1,muted orange,"pricing cards, grid layout, large typography, rounded buttons, sidebar, feature list","minimal, luxury, modern",0.86
Lapa Ninja (Post),Helft & Pinta,https://www.lapa.ninja/post/helftpinta/,https://cdn.lapa.ninja/assets/images/1x/helftpinta-thumb.webp,"[""#e9e2d7"", ""#c8bcab""]","{""#e9e2d7"": 0.6055, ""#c8bcab"": 0.1207}",#e9e2d7,light muted orange,"grid layout, large typography, single column, two-column layout, feature list, rounded buttons","luxury, modern, minimal",0.86
Lapa Ninja (Post),Clover,https://www.lapa.ninja/post/cloverapp-2/,https://cdn.lapa.ninja/assets/images/1x/cloverapp-07-17-2021-thumb.webp,"[""#0d0f15"", ""#fefdfe""]","{""#0d0f15"": 0.6894, ""#fefdfe"": 0.2131}",#0d0f15,dark muted blue,"sidebar, grid layout, feature list, video background, large typography, pricing cards","futuristic, modern, minimal",0.86
Lapa Ninja (Post),TWOTWO,https://www.lapa.ninja/post/twotwo/,https://cdn.lapa.ninja/assets/images/1x/twotwo-thumb.webp,"[""#f1e5d5"", ""#aac2c3""]","{""#f1e5d5"": 0.4669, ""#aac2c3"": 0.3054}",#f1e5d5,light bright orange,"rounded buttons, pricing cards, large typography, split screen, cta button, sidebar","retro, modern, bold",0.85
Lapa Ninja (Post),Sketch,https://www.lapa.ninja/post/sketch-3/,https://cdn.lapa.ninja/assets/images/1x/sketch-07-17-2021-thumb.webp,"[""#fbb284"", ""#f8f7f6""]","{""#fbb284"": 0.2085, ""#f8f7f6"": 0.5056}",#fbb284,bright orange,"feature list, grid layout, split screen, rounded buttons, search bar, sidebar","minimal, modern, futuristic",0.73
Lapa Ninja (Post),Pixel True,https://www.lapa.ninja/post/pixeltrue/,https://cdn.lapa.ninja/assets/images/1x/pixeltrue-thumb.webp,"[""#12143e"", ""#413770""]","{""#12143e"": 0.5986, ""#413770"": 0.1787}",#12143e,dark bright blue,"rounded buttons, grid layout, top navigation, video background, sidebar, pricing cards","modern, futuristic, cool",0.86
Lapa Ninja (Post),Fresh Prince Store,https://www.lapa.ninja/post/freshprincestore/,https://cdn.lapa.ninja/assets/images/1x/freshprincestore-thumb.webp,"[""#b5b7bf"", ""#fbfbfa""]","{""#b5b7bf"": 0.1995, ""#fbfbfa"": 0.5082}",#b5b7bf,muted neutral,"sidebar, icon list, video background, feature list, single column, grid layout","cool, bold, modern",0.67
Lapa Ninja (Post),Danilo Campos,https://www.lapa.ninja/post/danilocampos/,https://cdn.lapa.ninja/assets/images/1x/danilocampos-thumb.webp,"[""#0f100f"", ""#f4f5f5""]","{""#0f100f"": 0.6955, ""#f4f5f5"": 0.1238}",#0f100f,dark muted neutral,"grid layout, icon list, large typography, sidebar, feature list, rounded buttons","minimal, modern, futuristic",0.83
Lapa Ninja (Post),Invision Freehand,https://www.lapa.ninja/post/invision-freehand/,https://cdn.lapa.ninja/assets/images/1x/invision-freehand-thumb.webp,"[""#e4e5e5"", ""#fefefe""]","{""#e4e5e5"": 0.2449, ""#fefefe"": 0.5747}",#e4e5e5,light muted neutral,"split screen, grid layout, rounded buttons, sidebar, search bar, form","modern, futuristic, professional",0.69
Lapa Ninja (Post),Stay At Home Kids,https://www.lapa.ninja/post/stay-at-home-kids/,https://cdn.lapa.ninja/assets/images/1x/stay-at-home-kids-thumb.webp,"[""#fb5d2a"", ""#5b4ef1""]","{""#fb5d2a"": 0.4294, ""#5b4ef1"": 0.1785}",#fb5d2a,bright red,"card list, icon list, grid layout, pricing cards, feature list, sidebar","cool, modern, vibrant",0.84
Lapa Ninja (Post),Alexander Morris,https://www.lapa.ninja/post/alexandermorris/,https://cdn.lapa.ninja/assets/images/1x/alexandermorris-thumb.webp,"[""#0a0a0a""]","{""#0a0a0a"": 0.8748}",#0a0a0a,dark muted neutral,"pricing cards, large typography, footer, sidebar, rounded buttons, feature list","futuristic, modern, cool",0.83
Lapa Ninja (Post),Steam Deck,https://www.lapa.ninja/post/steamdeck/,https://cdn.lapa.ninja/assets/images/1x/steamdeck-thumb.webp,"[""#1b1b1c"", ""#fdfdfd""]","{""#1b1b1c"": 0.2383, ""#fdfdfd"": 0.501}",#1b1b1c,dark muted neutral,"sidebar, rounded buttons, split screen, search bar, pricing cards, icon list","modern, retro, futuristic",0.7
Lapa Ninja (Post),Kibana,https://www.lapa.ninja/post/wearekibana/,https://cdn.lapa.ninja/assets/images/1x/wearekibana-thumb.webp,"[""#87a5bc"", ""#ebeada""]","{""#87a5bc"": 0.3378, ""#ebeada"": 0.3123}",#87a5bc,muted blue,"large typography, sidebar, two-column layout, single column, logo, top navigation","modern, luxury, creative",0.77
Lapa Ninja (Post),Dead Startup Toys,https://www.lapa.ninja/post/deadstartuptoys/,https://cdn.lapa.ninja/assets/images/1x/deadstartuptoys-thumb.webp,"[""#7eace2"", ""#c8b59e""]","{""#7eace2"": 0.2847, ""#c8b59e"": 0.2671}",#7eace2,bright blue,"footer, rounded buttons, sidebar, feature list, video background, top navigation","creative, cool, professional",0.75
Lapa Ninja (Post),Apotheke,https://www.lapa.ninja/post/apothekeperfume/,https://cdn.lapa.ninja/assets/images/1x/apothekeperfume-thumb.webp,"[""#b38aaf"", ""#f4f1f4""]","{""#b38aaf"": 0.3259, ""#f4f1f4"": 0.2771}",#b38aaf,muted magenta,"large typography, video background, sidebar, avatar, split screen, carousel","artistic, creative, professional",0.79
Lapa Ninja (Post),hello harbor,https://www.lapa.ninja/post/helloharbor/,https://cdn.lapa.ninja/assets/images/1x/helloharbor-thumb.webp,"[""#f6f6f2""]","{""#f6f6f2"": 0.9018}",#f6f6f2,light muted yellow,"feature list, top navigation, rounded buttons, pricing cards, sidebar, icon list","modern, minimal, futuristic",0.85
Lapa Ninja (Post),Webbed Briefs,https://www.lapa.ninja/post/briefs/,https://cdn.lapa.ninja/assets/images/1x/briefs-thumb.webp,"[""#000000""]","{""#000000"": 0.9027}",#000000,dark muted neutral,"sidebar, feature list, footer, rounded buttons, icon list, large typography","cool, bold, retro",0.83
Lapa Ninja (Post),Batch,https://www.lapa.ninja/post/getbatch/,https://cdn.lapa.ninja/assets/images/1x/getbatch-thumb.webp,"[""#000000"", ""#e33693""]","{""#000000"": 0.7231, ""#e33693"": 0.126}",#000000,dark muted neutral,"video background, sidebar, feature list, search bar, large typography, avatar","modern, futuristic, minimal",0.83
Lapa Ninja (Post),Miquel Pons,https://www.lapa.ninja/post/miquelpons/,https://cdn.lapa.ninja/assets/images/1x/miquelpons-thumb.webp,"[""#000000"", ""#1d1816""]","{""#000000"": 0.5832, ""#1d1816"": 0.2794}",#000000,dark muted neutral,"sidebar, split screen, feature list, icon list, grid layout, video background","modern, minimal, futuristic",0.83
Lapa Ninja (Post),Break Maiden,https://www.lapa.ninja/post/breakmaiden/,https://cdn.lapa.ninja/assets/images/1x/breakmaiden-thumb.webp,"[""#eee8e0"", ""#323236""]","{""#eee8e0"": 0.5417, ""#323236"": 0.1926}",#eee8e0,light muted orange,"large typography, sidebar, pricing cards, rounded buttons, video background, grid layout","artistic, modern, professional",0.87
Lapa Ninja (Post),Gabriel Valdivia,https://www.lapa.ninja/post/gabrielvaldivia/,https://cdn.lapa.ninja/assets/images/1x/gabrielvaldivia-thumb.webp,"[""#fefefe"", ""#2d3137""]","{""#fefefe"": 0.7401, ""#2d3137"": 0.1273}",#fefefe,light muted neutral,"grid layout, feature list, large typography, rounded buttons, sidebar, search bar","modern, minimal, futuristic",0.83
Lapa Ninja (Post),Obviously AI,https://www.lapa.ninja/post/obviously/,https://cdn.lapa.ninja/assets/images/1x/obviously-thumb.webp,"[""#fcfdfe""]","{""#fcfdfe"": 0.8479}",#fcfdfe,light bright blue,"grid layout, data table, pricing cards, large typography, feature list, sidebar","modern, minimal, professional",0.86
Lapa Ninja (Post),Taylor Nowotny,https://www.lapa.ninja/post/taylornowotny/,https://cdn.lapa.ninja/assets/images/1x/taylornowotny-thumb.webp,"[""#fdfaef""]","{""#fdfaef"": 0.8393}",#fdfaef,light bright orange,"rounded buttons, grid layout, sidebar, large typography, pricing cards, feature list","professional, modern, bold",0.85
Lapa Ninja (Post),Sometimes Always,https://www.lapa.ninja/post/sometimesalways/,https://cdn.lapa.ninja/assets/images/1x/sometimesalways-thumb.webp,"[""#fbebbb"", ""#eac244""]","{""#fbebbb"": 0.6009, ""#eac244"": 0.1397}",#fbebbb,light bright orange,"sidebar, pricing cards, top navigation, rounded buttons, grid layout, chart","luxury, trustworthy, cool",0.84
Lapa Ninja (Post),Bad Boys,https://www.lapa.ninja/post/bad-boys/,https://cdn.lapa.ninja/assets/images/1x/bad-boys-thumb.webp,"[""#000000"", ""#fcfcfb""]","{""#000000"": 0.2385, ""#fcfcfb"": 0.5466}",#000000,dark muted neutral,"feature list, sidebar, pricing cards, grid layout, card list, two-column layout","cool, bold, serious",0.69
Lapa Ninja (Post),Fred Nerby,https://www.lapa.ninja/post/nerby/,https://cdn.lapa.ninja/assets/images/1x/nerby-thumb.webp,"[""#fefefe"", ""#d0cfcf""]","{""#fefefe"": 0.6973, ""#d0cfcf"": 0.1099}",#fefefe,light muted neutral,"large typography, grid layout, sidebar, rounded buttons, two-column layout, split screen","minimal, modern, professional",0.83
Lapa Ninja (Post),Alex Fisher Design,https://www.lapa.ninja/post/alexfisherdesign/,https://cdn.lapa.ninja/assets/images/1x/alexfisherdesign-thumb.webp,"[""#fdf3dd"", ""#646220""]","{""#fdf3dd"": 0.5769, ""#646220"": 0.1228}",#fdf3dd,light bright orange,"video background, footer, sidebar, feature list, pricing cards, grid layout","professional, artistic, cool",0.85
Lapa Ninja (Post),Glide,https://www.lapa.ninja/post/glideapps/,https://cdn.lapa.ninja/assets/images/1x/glideapps-thumb.webp,"[""#fbfbfa""]","{""#fbfbfa"": 0.8258}",#fbfbfa,light muted neutral,"grid layout, rounded buttons, feature list, sidebar, icon list, split screen","modern, minimal, futuristic",0.83
Lapa Ninja (Post),GitHub Copilot,https://www.lapa.ninja/post/github-copilot/,https://cdn.lapa.ninja/assets/images/1x/github-copilot-thumb.webp,"[""#1a1e23"", ""#212b31""]","{""#1a1e23"": 0.5287, ""#212b31"": 0.2501}",#1a1e23,dark muted blue,"sidebar, footer, avatar, grid layout, split screen, search bar","professional, modern, cool",0.86
Lapa Ninja (Post),Runway,https://www.lapa.ninja/post/runwayml-3/,https://cdn.lapa.ninja/assets/images/1x/runwayml-07-07-2021-thumb.webp,"[""#020202"", ""#fefefe""]","{""#020202"": 0.2892, ""#fefefe"": 0.5548}",#020202,dark muted neutral,"video background, avatar, split screen, footer, large typography, sidebar","modern, futuristic, creative",0.72
Lapa Ninja (Post),Welcome Software,https://www.lapa.ninja/post/welcomesoftware/,https://cdn.lapa.ninja/assets/images/1x/welcomesoftware-thumb.webp,"[""#fcfafe"", ""#33055d""]","{""#fcfafe"": 0.5398, ""#33055d"": 0.1692}",#fcfafe,light bright purple,"pricing cards, sidebar, rounded buttons, feature list, large typography, video background","professional, modern, minimal",0.86
Lapa Ninja (Post),Arthur Simonini,https://www.lapa.ninja/post/arthursimonini/,https://cdn.lapa.ninja/assets/images/1x/arthursimonini-thumb.webp,"[""#fefefe""]","{""#fefefe"": 0.8892}",#fefefe,light muted neutral,"card list, feature list, data table, pricing cards, large typography, icon list","cool, minimal, creative",0.83
Lapa Ninja (Post),Erdensen,https://www.lapa.ninja/post/erdensen/,https://cdn.lapa.ninja/assets/images/1x/erdensen-thumb.webp,"[""#ece9e8"", ""#faf9fa""]","{""#ece9e8"": 0.4898, ""#faf9fa"": 0.2966}",#ece9e8,light muted neutral,"rounded buttons, grid layout, pricing cards, large typography, sidebar, top navigation","minimal, modern, futuristic",0.82
Lapa Ninja (Post),Glob,https://www.lapa.ninja/post/glob/,https://cdn.lapa.ninja/assets/images/1x/glob-thumb.webp,"[""#b8c1c0"", ""#fdfdfd""]","{""#b8c1c0"": 0.3622, ""#fdfdfd"": 0.3346}",#b8c1c0,muted neutral,"sidebar, large typography, grid layout, feature list, carousel, video background","modern, vibrant, friendly",0.75
Lapa Ninja (Post),Justified Studio,https://www.lapa.ninja/post/justified-studio/,https://cdn.lapa.ninja/assets/images/1x/justified-studio-thumb.webp,"[""#f8f8f8"", ""#eebdc4""]","{""#f8f8f8"": 0.6347, ""#eebdc4"": 0.152}",#f8f8f8,light muted neutral,"sidebar, large typography, feature list, icon list, avatar, rounded buttons","futuristic, modern, vibrant",0.83
Lapa Ninja (Post),Stutpak,https://www.lapa.ninja/post/stutpak/,https://cdn.lapa.ninja/assets/images/1x/stutpak-thumb.webp,"[""#fed9cd"", ""#fdfdfd""]","{""#fed9cd"": 0.7786, ""#fdfdfd"": 0.0865}",#fed9cd,light bright red,"grid layout, large typography, sidebar, rounded buttons, feature list, footer","minimal, modern, cool",0.86
Lapa Ninja (Post),Joshua Söhn,https://www.lapa.ninja/post/joshuasoehn/,https://cdn.lapa.ninja/assets/images/1x/joshuasoehn-thumb.webp,"[""#010102""]","{""#010102"": 0.9066}",#010102,dark muted blue,"grid layout, rounded buttons, feature list, sidebar, top navigation, icon list","modern, professional, futuristic",0.85
Lapa Ninja (Post),Lance,https://www.lapa.ninja/post/lance/,https://cdn.lapa.ninja/assets/images/1x/lance-thumb.webp,"[""#000000""]","{""#000000"": 0.9084}",#000000,dark muted neutral,"rounded buttons, feature list, grid layout, sidebar, search bar, two-column layout","professional, minimal, friendly",0.83
Lapa Ninja (Post),A Color Bright,https://www.lapa.ninja/post/acolorbright/,https://cdn.lapa.ninja/assets/images/1x/acolorbright-thumb.webp,"[""#fefefe"", ""#aeb0b4""]","{""#fefefe"": 0.7265, ""#aeb0b4"": 0.0905}",#fefefe,light muted neutral,"sidebar, large typography, feature list, split screen, grid layout, avatar","modern, professional, futuristic",0.82
Lapa Ninja (Post),Otta,https://www.lapa.ninja/post/otta/,https://cdn.lapa.ninja/assets/images/1x/otta-thumb.webp,"[""#f2f2ee"", ""#eeda29""]","{""#f2f2ee"": 0.3841, ""#eeda29"": 0.3006}",#f2f2ee,light muted yellow,"large typography, sidebar, rounded buttons, footer, form, pricing cards","modern, bold, cool",0.81
Lapa Ninja (Post),Haraldur Thorleifsson,https://www.lapa.ninja/post/haraldurthorleifsson/,https://cdn.lapa.ninja/assets/images/1x/haraldurthorleifsson-thumb.webp,"[""#fdc101"", ""#07c2ef""]","{""#fdc101"": 0.7596, ""#07c2ef"": 0.0861}",#fdc101,bright orange,"sidebar, carousel, logo, illustration, hero image, hero illustration","trustworthy, cool, modern",0.85
Lapa Ninja (Post),KIKK Festival 2021,https://www.lapa.ninja/post/kikk-2021/,https://cdn.lapa.ninja/assets/images/1x/kikk-2021-thumb.webp,"[""#be99e3"", ""#7b72e6""]","{""#be99e3"": 0.2903, ""#7b72e6"": 0.2584}",#be99e3,bright purple,"large typography, icon list, logo, sidebar, video background, feature list","futuristic, cool, minimal",0.76
Lapa Ninja (Post),Valeria Francis,https://www.lapa.ninja/post/valeriafrancis/,https://cdn.lapa.ninja/assets/images/1x/valeriafrancis-thumb.webp,"[""#140f0a"", ""#3f2e1a""]","{""#140f0a"": 0.6181, ""#3f2e1a"": 0.2231}",#140f0a,dark muted orange,"grid layout, sidebar, footer, video background, large typography, feature list","modern, professional, artistic",0.87
Lapa Ninja (Post),Oku,https://www.lapa.ninja/post/oku/,https://cdn.lapa.ninja/assets/images/1x/oku-thumb.webp,"[""#131212"", ""#1c1c1c""]","{""#131212"": 0.6169, ""#1c1c1c"": 0.3292}",#131212,dark muted neutral,"grid layout, feature list, large typography, icon list, rounded buttons, sidebar","minimal, modern, futuristic",0.83
Lapa Ninja (Post),Mojo SuperMarket,https://www.lapa.ninja/post/mojosuper-market/,https://cdn.lapa.ninja/assets/images/1x/mojosuper-market-thumb.webp,"[""#060606"", ""#f7f7f8""]","{""#060606"": 0.2792, ""#f7f7f8"": 0.5609}",#060606,dark muted neutral,"large typography, split screen, form, rounded buttons, grid layout, search bar","modern, cool, creative",0.72
Lapa Ninja (Post),Beseda,https://www.lapa.ninja/post/beseda/,https://cdn.lapa.ninja/assets/images/1x/beseda-thumb.webp,"[""#c9fb02"", ""#fcfcfb""]","{""#c9fb02"": 0.4783, ""#fcfcfb"": 0.3995}",#c9fb02,bright yellow,"rounded buttons, sidebar, feature list, icon list, video background, grid layout","modern, futuristic, professional",0.84
Lapa Ninja (Post),Snapple Spiked,https://www.lapa.ninja/post/snapplespiked/,https://cdn.lapa.ninja/assets/images/1x/snapplespiked-thumb.webp,"[""#fefefd"", ""#b5a880""]","{""#fefefd"": 0.5147, ""#b5a880"": 0.1572}",#fefefd,light muted yellow,"sidebar, feature list, video background, large typography, data table, footer","creative, artistic, cool",0.86
Lapa Ninja (Post),Open Art,https://www.lapa.ninja/post/openui/,https://cdn.lapa.ninja/assets/images/1x/openui-thumb.webp,"[""#fdfdfd""]","{""#fdfdfd"": 0.9124}",#fdfdfd,light muted neutral,"grid layout, pricing cards, footer, rounded buttons, large typography, icon list","modern, minimal, futuristic",0.83
Lapa Ninja (Post),The Summer Drive,https://www.lapa.ninja/post/thesummerdrive/,https://cdn.lapa.ninja/assets/images/1x/thesummerdrive-thumb.webp,"[""#fdf8f0""]","{""#fdf8f0"": 0.8792}",#fdf8f0,light bright orange,"large typography, sidebar, pricing cards, grid layout, footer, video background","minimal, cool, creative",0.86
Lapa Ninja (Post),Figure 1 Beauty,https://www.lapa.ninja/post/fig-1/,https://cdn.lapa.ninja/assets/images/1x/fig-1-thumb.webp,"[""#f64b1b"", ""#f37856""]","{""#f64b1b"": 0.4364, ""#f37856"": 0.1883}",#f64b1b,bright red,"sidebar, large typography, footer, pricing cards, search bar, feature list","futuristic, modern, cool",0.82
Lapa Ninja (Post),Yann-Edern Gillet,https://www.lapa.ninja/post/yannglt/,https://cdn.lapa.ninja/assets/images/1x/yannglt-thumb.webp,"[""#00020a"", ""#fcb322""]","{""#00020a"": 0.851, ""#fcb322"": 0.1007}",#00020a,dark bright blue,"sidebar, large typography, pricing cards, grid layout, rounded buttons, footer","cool, modern, friendly",0.86
Lapa Ninja (Post),Doo,https://www.lapa.ninja/post/getdooapp/,https://cdn.lapa.ninja/assets/images/1x/getdooapp-thumb.webp,"[""#fefcfc""]","{""#fefcfc"": 0.8158}",#fefcfc,light bright red,"feature list, rounded buttons, icon list, pricing cards, top navigation, sidebar","minimal, modern, futuristic",0.86
Lapa Ninja (Post),Authentic Artists,https://www.lapa.ninja/post/authentic-artists/,https://cdn.lapa.ninja/assets/images/1x/authentic-artists-thumb.webp,"[""#1c1b1b"", ""#fa5bc7""]","{""#1c1b1b"": 0.7413, ""#fa5bc7"": 0.1077}",#1c1b1b,dark muted neutral,"sidebar, video background, avatar, large typography, grid layout, feature list","futuristic, artistic, professional",0.83
Lapa Ninja (Post),Pierre Hardy,https://www.lapa.ninja/post/pierrehardy/,https://cdn.lapa.ninja/assets/images/1x/pierrehardy-thumb.webp,"[""#fdfdfd"", ""#1f2211""]","{""#fdfdfd"": 0.6956, ""#1f2211"": 0.0944}",#fdfdfd,light muted neutral,"grid layout, icon list, footer, feature list, sidebar, rounded buttons","modern, minimal, luxury",0.83
Lapa Ninja (Post),Peppa Sauce,https://www.lapa.ninja/post/peppasauce/,https://cdn.lapa.ninja/assets/images/1x/peppasauce-thumb.webp,"[""#151328"", ""#f9ece5""]","{""#151328"": 0.698, ""#f9ece5"": 0.1846}",#151328,dark bright blue,"sidebar, large typography, pricing cards, chart, feature list, logo","cool, trustworthy, bold",0.84
Lapa Ninja (Post),Yubo,https://www.lapa.ninja/post/yubo/,https://cdn.lapa.ninja/assets/images/1x/yubo-thumb.webp,"[""#fde402"", ""#1fb4e9""]","{""#fde402"": 0.4134, ""#1fb4e9"": 0.2004}",#fde402,bright yellow,"sidebar, video background, hero image, feature list, split screen, search bar","modern, creative, cool",0.82
Lapa Ninja (Post),AngelList Venture,https://www.lapa.ninja/post/angellist/,https://cdn.lapa.ninja/assets/images/1x/angellist-thumb.webp,"[""#edeffe"", ""#fefefe""]","{""#edeffe"": 0.2608, ""#fefefe"": 0.4645}",#edeffe,light bright blue,"rounded buttons, grid layout, pricing cards, footer, feature list, split screen","modern, minimal, futuristic",0.75
Lapa Ninja (Post),Fable,https://www.lapa.ninja/post/fable-2/,https://cdn.lapa.ninja/assets/images/1x/fable-06-18-2021-thumb.webp,"[""#34363e"", ""#f5f5f5""]","{""#34363e"": 0.1869, ""#f5f5f5"": 0.6361}",#34363e,dark muted neutral,"grid layout, rounded buttons, large typography, top navigation, split screen, footer","modern, minimal, futuristic",0.67
Lapa Ninja (Post),Pitch,https://www.lapa.ninja/post/pitch-4/,https://cdn.lapa.ninja/assets/images/1x/pitch-06-18-2021-thumb.webp,"[""#fdfdfe"", ""#6e3dee""]","{""#fdfdfe"": 0.8347, ""#6e3dee"": 0.1093}",#fdfdfe,light muted blue,"rounded buttons, grid layout, large typography, feature list, search bar, split screen","modern, minimal, futuristic",0.87
Lapa Ninja (Post),Relieve Furniture,https://www.lapa.ninja/post/relievefurniture/,https://cdn.lapa.ninja/assets/images/1x/relievefurniture-thumb.webp,"[""#0e7f5e"", ""#cbebf8""]","{""#0e7f5e"": 0.7377, ""#cbebf8"": 0.1893}",#0e7f5e,bright teal,"top navigation, large typography, data table, chart, sidebar, grid layout","modern, creative, minimal",0.86
Lapa Ninja (Post),Zero Egg,https://www.lapa.ninja/post/zeroeggfood/,https://cdn.lapa.ninja/assets/images/1x/zeroeggfood-thumb.webp,"[""#fcd046"", ""#fefefd""]","{""#fcd046"": 0.4441, ""#fefefd"": 0.3276}",#fcd046,bright orange,"sidebar, large typography, pricing cards, hero image, feature list, logo","creative, modern, bold",0.83
Lapa Ninja (Post),Petaluma,https://www.lapa.ninja/post/feedpetaluma/,https://cdn.lapa.ninja/assets/images/1x/feedpetaluma-thumb.webp,"[""#4bcce8"", ""#fafbfb""]","{""#4bcce8"": 0.3309, ""#fafbfb"": 0.4159}",#4bcce8,bright teal,"pricing cards, large typography, sidebar, rounded buttons, feature list, footer","futuristic, modern, creative",0.77
Lapa Ninja (Post),Harold AO,https://www.lapa.ninja/post/haroldao/,https://cdn.lapa.ninja/assets/images/1x/haroldao-thumb.webp,"[""#0d0d0d"", ""#292523""]","{""#0d0d0d"": 0.6481, ""#292523"": 0.162}",#0d0d0d,dark muted neutral,"sidebar, video background, grid layout, split screen, large typography, rounded buttons","professional, modern, creative",0.82
Lapa Ninja (Post),OK Motion Club,https://www.lapa.ninja/post/okmotion/,https://cdn.lapa.ninja/assets/images/1x/okmotion-thumb.webp,"[""#56bc61"", ""#fefefe""]","{""#56bc61"": 0.4809, ""#fefefe"": 0.4626}",#56bc61,bright green,"sidebar, icon list, feature list, footer, rounded buttons, cta button","modern, creative, artistic",0.87
Lapa Ninja (Post),Ryan Miyoshi,https://www.lapa.ninja/post/ryry/,https://cdn.lapa.ninja/assets/images/1x/ryry-thumb.webp,"[""#000000"", ""#fefefe""]","{""#000000"": 0.5517, ""#fefefe"": 0.4332}",#000000,dark muted neutral,"large typography, rounded buttons, grid layout, sidebar, feature list, search bar","artistic, minimal, modern",0.83
Lapa Ninja (Post),Bathing Culture,https://www.lapa.ninja/post/bathingculture/,https://cdn.lapa.ninja/assets/images/1x/bathingculture-thumb.webp,"[""#2d321e"", ""#fefefe""]","{""#2d321e"": 0.2254, ""#fefefe"": 0.431}",#2d321e,dark muted yellow,"sidebar, pricing cards, rounded buttons, grid layout, large typography, video background","modern, creative, professional",0.72
Lapa Ninja (Post),Daniele Buffa,https://www.lapa.ninja/post/danielebuffa/,https://cdn.lapa.ninja/assets/images/1x/danielebuffa-thumb.webp,"[""#151615"", ""#e2e3e3""]","{""#151615"": 0.8833, ""#e2e3e3"": 0.0818}",#151615,dark muted neutral,"large typography, rounded buttons, data table, sidebar, grid layout, video background","modern, minimal, artistic",0.83
Lapa Ninja (Post),Flow,https://www.lapa.ninja/post/createwithflow-3/,https://cdn.lapa.ninja/assets/images/1x/createwithflow-06-15-2021-thumb.webp,"[""#fefefe"", ""#f4f4f5""]","{""#fefefe"": 0.6962, ""#f4f4f5"": 0.2613}",#fefefe,light muted neutral,"rounded buttons, grid layout, split screen, pricing cards, footer, sidebar","minimal, modern, professional",0.83
Lapa Ninja (Post),Draftbit,https://www.lapa.ninja/post/draftbit-2/,https://cdn.lapa.ninja/assets/images/1x/draftbit-06-15-2021-thumb.webp,"[""#f8f8fa"", ""#1e273d""]","{""#f8f8fa"": 0.7566, ""#1e273d"": 0.1467}",#f8f8fa,light muted blue,"rounded buttons, grid layout, feature list, split screen, search bar, sidebar","modern, minimal, futuristic",0.86
Lapa Ninja (Post),Safe Security,https://www.lapa.ninja/post/safesecurity/,https://cdn.lapa.ninja/assets/images/1x/safesecurity-thumb.webp,"[""#000000""]","{""#000000"": 0.8854}",#000000,dark muted neutral,"rounded buttons, video background, sidebar, logo, large typography, search bar","trustworthy, serious, futuristic",0.82
Lapa Ninja (Post),Adrien Gervaix,https://www.lapa.ninja/post/adriengervaix/,https://cdn.lapa.ninja/assets/images/1x/adriengervaix-thumb.webp,"[""#420fe4"", ""#f4f3fa""]","{""#420fe4"": 0.7908, ""#f4f3fa"": 0.1241}",#420fe4,bright blue,"rounded buttons, sidebar, large typography, pricing cards, footer, grid layout","professional, modern, minimal",0.86
Lapa Ninja (Post),Vacation,https://www.lapa.ninja/post/vacation/,https://cdn.lapa.ninja/assets/images/1x/vacation-thumb.webp,"[""#e9e6db"", ""#aeb9ca""]","{""#e9e6db"": 0.4629, ""#aeb9ca"": 0.2711}",#e9e6db,light muted orange,"sidebar, video background, top navigation, feature list, pricing cards, large typography","luxury, modern, futuristic",0.84
Lapa Ninja (Post),Isabel Moranta,https://www.lapa.ninja/post/isabelmoranta/,https://cdn.lapa.ninja/assets/images/1x/isabelmoranta-thumb.webp,"[""#ece5de""]","{""#ece5de"": 0.9383}",#ece5de,light muted orange,"large typography, rounded buttons, grid layout, footer, form, two-column layout","modern, futuristic, minimal",0.88
Lapa Ninja (Post),Pattern Brands,https://www.lapa.ninja/post/patternbrands-2/,https://cdn.lapa.ninja/assets/images/1x/patternbrands-06-11-2021-thumb.webp,"[""#f8f3e9"", ""#c6a073""]","{""#f8f3e9"": 0.3382, ""#c6a073"": 0.2776}",#f8f3e9,light bright orange,"grid layout, rounded buttons, feature list, sidebar, pricing cards, search bar","modern, minimal, futuristic",0.79
Lapa Ninja (Post),Short.io,https://www.lapa.ninja/post/short/,https://cdn.lapa.ninja/assets/images/1x/short-thumb.webp,"[""#f5f3ef"", ""#fefefe""]","{""#f5f3ef"": 0.2196, ""#fefefe"": 0.7048}",#f5f3ef,light muted orange,"large typography, pricing cards, sidebar, footer, rounded buttons, data table","trustworthy, modern, minimal",0.71
Lapa Ninja (Post),Moon Delivers Cakes,https://www.lapa.ninja/post/moondeliverscakes-2/,https://cdn.lapa.ninja/assets/images/1x/moondeliverscakes-06-11-2021-thumb.webp,"[""#93c5eb"", ""#0b129a""]","{""#93c5eb"": 0.5042, ""#0b129a"": 0.207}",#93c5eb,bright blue,"large typography, video background, rounded buttons, avatar, pricing cards, grid layout","modern, minimal, futuristic",0.88
Lapa Ninja (Post),Lithic,https://www.lapa.ninja/post/lithic/,https://cdn.lapa.ninja/assets/images/1x/lithic-thumb.webp,"[""#f3f1ee"", ""#fefefe""]","{""#f3f1ee"": 0.4887, ""#fefefe"": 0.3723}",#f3f1ee,light muted orange,"rounded buttons, pricing cards, grid layout, data table, top navigation, footer","minimal, modern, futuristic",0.87
Lapa Ninja (Post),Cricut,https://www.lapa.ninja/post/cricut/,https://cdn.lapa.ninja/assets/images/1x/cricut-thumb.webp,"[""#8e9285"", ""#fbfbfb""]","{""#8e9285"": 0.2615, ""#fbfbfb"": 0.453}",#8e9285,muted neutral,"rounded buttons, large typography, sidebar, pricing cards, split screen, grid layout","minimal, modern, futuristic",0.7
Lapa Ninja (Post),Moment,https://www.lapa.ninja/post/drinkmoment/,https://cdn.lapa.ninja/assets/images/1x/drinkmoment-thumb.webp,"[""#fefefc"", ""#f7fa7c""]","{""#fefefc"": 0.6347, ""#f7fa7c"": 0.1318}",#fefefc,light bright yellow,"sidebar, pricing cards, rounded buttons, video background, grid layout, large typography","modern, futuristic, cool",0.86
Lapa Ninja (Post),Benefit3,https://www.lapa.ninja/post/benefit3/,https://cdn.lapa.ninja/assets/images/1x/benefit3-thumb.webp,"[""#a9c2b9"", ""#fefefe""]","{""#a9c2b9"": 0.2146, ""#fefefe"": 0.5558}",#a9c2b9,muted green,"sidebar, pricing cards, form, illustration, avatar, large typography","trustworthy, friendly, minimal",0.71
Lapa Ninja (Post),Lightmatter,https://www.lapa.ninja/post/lightmatter/,https://cdn.lapa.ninja/assets/images/1x/lightmatter-thumb.webp,"[""#000000"", ""#fefefe""]","{""#000000"": 0.5144, ""#fefefe"": 0.4246}",#000000,dark muted neutral,"large typography, sidebar, footer, avatar, pricing cards, grid layout","futuristic, modern, minimal",0.84
Lapa Ninja (Post),Grummies,https://www.lapa.ninja/post/eatyourgrummies/,https://cdn.lapa.ninja/assets/images/1x/eatyourgrummies-thumb.webp,"[""#fefdfe"", ""#e4aea9""]","{""#fefdfe"": 0.7236, ""#e4aea9"": 0.0959}",#fefdfe,light muted magenta,"large typography, sidebar, pricing cards, video background, footer, form","trustworthy, cool, creative",0.86
Lapa Ninja (Post),Bulletproof,https://www.lapa.ninja/post/wearebulletproof/,https://cdn.lapa.ninja/assets/images/1x/wearebulletproof-thumb.webp,"[""#101010"", ""#351067""]","{""#101010"": 0.4828, ""#351067"": 0.2698}",#101010,dark muted neutral,"large typography, sidebar, video background, split screen, pricing cards, footer","futuristic, modern, bold",0.82
Lapa Ninja (Post),15Five,https://www.lapa.ninja/post/15five/,https://cdn.lapa.ninja/assets/images/1x/15five-thumb.webp,"[""#fdf8f5""]","{""#fdf8f5"": 0.8792}",#fdf8f5,light bright orange,"rounded buttons, grid layout, sidebar, split screen, feature list, search bar","modern, minimal, professional",0.87
Lapa Ninja (Post),Renan de Souza,https://www.lapa.ninja/post/renandesouza/,https://cdn.lapa.ninja/assets/images/1x/renandesouza-thumb.webp,"[""#e9e9ea"", ""#fafafa""]","{""#e9e9ea"": 0.2823, ""#fafafa"": 0.62}",#e9e9ea,light muted neutral,"rounded buttons, feature list, grid layout, sidebar, search bar, pricing cards","minimal, modern, futuristic",0.72
Lapa Ninja (Post),July,https://www.lapa.ninja/post/july-2/,https://cdn.lapa.ninja/assets/images/1x/july-06-08-2021-thumb.webp,"[""#bea687"", ""#fdfaee""]","{""#bea687"": 0.2219, ""#fdfaee"": 0.3777}",#bea687,muted orange,"sidebar, grid layout, feature list, split screen, rounded buttons, footer","friendly, minimal, modern",0.72
Lapa Ninja (Post),The Doors of Dublin,https://www.lapa.ninja/post/doorsofdublin/,https://cdn.lapa.ninja/assets/images/1x/doorsofdublin-thumb.webp,"[""#f6f5f6"", ""#f3d0b8""]","{""#f6f5f6"": 0.605, ""#f3d0b8"": 0.1668}",#f6f5f6,light muted neutral,"rounded buttons, grid layout, pricing cards, large typography, sidebar, single column","minimal, modern, creative",0.82
Lapa Ninja (Post),Marc Silva Gonçalves,https://www.lapa.ninja/post/marcsilvagoncalves/,https://cdn.lapa.ninja/assets/images/1x/marcsilvagoncalves-thumb.webp,"[""#f7f7f7""]","{""#f7f7f7"": 0.9444}",#f7f7f7,light muted neutral,"large typography, feature list, grid layout, icon list, split screen, top navigation","professional, creative, futuristic",0.83
Lapa Ninja (Post),O2 Monde,https://www.lapa.ninja/post/o2monde/,https://cdn.lapa.ninja/assets/images/1x/o2monde-thumb.webp,"[""#c6ab92"", ""#e9dbc8""]","{""#c6ab92"": 0.2544, ""#e9dbc8"": 0.2406}",#c6ab92,muted orange,"rounded buttons, grid layout, footer, feature list, search bar, sidebar","modern, bold, luxury",0.74
Lapa Ninja (Post),Switchyards,https://www.lapa.ninja/post/switchyards/,https://cdn.lapa.ninja/assets/images/1x/switchyards-thumb.webp,"[""#14100b"", ""#f9fdf4""]","{""#14100b"": 0.2051, ""#f9fdf4"": 0.3953}",#14100b,dark muted orange,"large typography, sidebar, grid layout, feature list, rounded buttons, search bar","modern, professional, luxury",0.71
Lapa Ninja (Post),Proto.io,https://www.lapa.ninja/post/proto/,https://cdn.lapa.ninja/assets/images/1x/proto-thumb.webp,"[""#fcfcfe"", ""#e7eef4""]","{""#fcfcfe"": 0.8293, ""#e7eef4"": 0.1146}",#fcfcfe,light bright blue,"grid layout, feature list, search bar, top navigation, sidebar, rounded buttons","minimal, modern, creative",0.86
Lapa Ninja (Post),Moonbridge,https://www.lapa.ninja/post/moonbridge/,https://cdn.lapa.ninja/assets/images/1x/moonbridge-thumb.webp,"[""#18181b"", ""#468feb""]","{""#18181b"": 0.7944, ""#468feb"": 0.0823}",#18181b,dark muted neutral,"video background, feature list, grid layout, sidebar, icon list, split screen","creative, futuristic, artistic",0.82
Lapa Ninja (Post),Spencer Camp,https://www.lapa.ninja/post/spencercamp/,https://cdn.lapa.ninja/assets/images/1x/spencercamp-thumb.webp,"[""#fefefe""]","{""#fefefe"": 0.9409}",#fefefe,light muted neutral,"rounded buttons, grid layout, cta button, sidebar, feature list, large typography","modern, minimal, futuristic",0.83
Lapa Ninja (Post),Works in Progress,https://www.lapa.ninja/post/worksinprogress/,https://cdn.lapa.ninja/assets/images/1x/worksinprogress-thumb.webp,"[""#fdf6f2"", ""#3a3e87""]","{""#fdf6f2"": 0.679, ""#3a3e87"": 0.1613}",#fdf6f2,light bright orange,"pricing cards, card list, sidebar, feature list, icon list, grid layout","modern, minimal, futuristic",0.87
Lapa Ninja (Post),Studio Ouam,https://www.lapa.ninja/post/studioouam-2/,https://cdn.lapa.ninja/assets/images/1x/studioouam-06-03-2021-thumb.webp,"[""#000000"", ""#fefefe""]","{""#000000"": 0.4988, ""#fefefe"": 0.4821}",#000000,dark muted neutral,"large typography, sidebar, icon list, rounded buttons, pricing cards, logo","modern, creative, minimal",0.83
Lapa Ninja (Post),Marshmallow,https://www.lapa.ninja/post/marshmallow-2/,https://cdn.lapa.ninja/assets/images/1x/marshmallow-06-03-2021-thumb.webp,"[""#faf3ed"", ""#fefefe""]","{""#faf3ed"": 0.4749, ""#fefefe"": 0.4737}",#faf3ed,light bright orange,"pricing cards, feature list, video background, sidebar, rounded buttons, grid layout","minimal, cool, trustworthy",0.85
Lapa Ninja (Post),iET SA,https://www.lapa.ninja/post/iet/,https://cdn.lapa.ninja/assets/images/1x/iet-thumb.webp,"[""#fc702b"", ""#f8f9f8""]","{""#fc702b"": 0.4055, ""#f8f9f8"": 0.3085}",#fc702b,bright red,"sidebar, rounded buttons, large typography, search bar, grid layout, pricing cards","professional, minimal, modern",0.81
Lapa Ninja (Post),Flyby,https://www.lapa.ninja/post/flyby/,https://cdn.lapa.ninja/assets/images/1x/flyby-thumb.webp,"[""#fefefe"", ""#dfe1e5""]","{""#fefefe"": 0.7696, ""#dfe1e5"": 0.1425}",#fefefe,light muted neutral,"pricing cards, large typography, sidebar, video background, data table, cta button","cool, minimal, professional",0.82
Lapa Ninja (Post),Ujjo,https://www.lapa.ninja/post/ujjo/,https://cdn.lapa.ninja/assets/images/1x/ujjo-thumb.webp,"[""#fcfbf8"", ""#6e5b4f""]","{""#fcfbf8"": 0.4781, ""#6e5b4f"": 0.143}",#fcfbf8,light bright orange,"sidebar, large typography, grid layout, pricing cards, rounded buttons, testimonial","cool, creative, friendly",0.84
Lapa Ninja (Post),Big Mail,https://www.lapa.ninja/post/getbigmail/,https://cdn.lapa.ninja/assets/images/1x/getbigmail-thumb.webp,"[""#fafafa""]","{""#fafafa"": 0.8075}",#fafafa,light muted neutral,"rounded buttons, sidebar, search bar, large typography, feature list, icon list","modern, minimal, futuristic",0.83
Lapa Ninja (Post),OpenWeb,https://www.lapa.ninja/post/openweb/,https://cdn.lapa.ninja/assets/images/1x/openweb-thumb.webp,"[""#f1e8e6""]","{""#f1e8e6"": 0.8728}",#f1e8e6,light muted red,"rounded buttons, sidebar, large typography, footer, grid layout, feature list","modern, minimal, cool",0.86
Lapa Ninja (Post),General Irving,https://www.lapa.ninja/post/generalirving/,https://cdn.lapa.ninja/assets/images/1x/generalirving-thumb.webp,"[""#492c33"", ""#e0e4ef""]","{""#492c33"": 0.654, ""#e0e4ef"": 0.1398}",#492c33,dark muted red,"sidebar, feature list, pricing cards, video background, grid layout, icon list","retro, cool, creative",0.85
Lapa Ninja (Post),Empower,https://www.lapa.ninja/post/empower/,https://cdn.lapa.ninja/assets/images/1x/empower-thumb.webp,"[""#fefefe"", ""#f9d6c7""]","{""#fefefe"": 0.7548, ""#f9d6c7"": 0.1048}",#fefefe,light muted neutral,"rounded buttons, large typography, grid layout, pricing cards, sidebar, footer","modern, minimal, futuristic",0.83
Lapa Ninja (Post),Hopin,https://www.lapa.ninja/post/hopin/,https://cdn.lapa.ninja/assets/images/1x/hopin-thumb.webp,"[""#295be3"", ""#fbfcfd""]","{""#295be3"": 0.239, ""#fbfcfd"": 0.6548}",#295be3,bright blue,"grid layout, split screen, rounded buttons, avatar, sidebar, search bar","modern, minimal, futuristic",0.74
Lapa Ninja (Post),Jean Xincong He,https://www.lapa.ninja/post/jeanxhe/,https://cdn.lapa.ninja/assets/images/1x/jeanxhe-thumb.webp,"[""#11121c"", ""#f4e7db""]","{""#11121c"": 0.7921, ""#f4e7db"": 0.0814}",#11121c,dark muted blue,"video background, sidebar, feature list, avatar, grid layout, footer","modern, futuristic, luxury",0.85
Lapa Ninja (Post),Hayden Bleasel,https://www.lapa.ninja/post/haydenbleasel-2/,https://cdn.lapa.ninja/assets/images/1x/haydenbleasel-06-01-2021-thumb.webp,"[""#101213"", ""#212736""]","{""#101213"": 0.792, ""#212736"": 0.0972}",#101213,dark muted neutral,"rounded buttons, grid layout, top navigation, feature list, sidebar, large typography","futuristic, modern, professional",0.83
Lapa Ninja (Post),Perturbator,https://www.lapa.ninja/post/perturbator/,https://cdn.lapa.ninja/assets/images/1x/perturbator-thumb.webp,"[""#050306"", ""#c1c0c0""]","{""#050306"": 0.4454, ""#c1c0c0"": 0.221}",#050306,dark muted purple,"video background, logo, sidebar, top navigation, hero image, icon list","retro, warm, serious",0.83
Lapa Ninja (Post),Anagram Club,https://www.lapa.ninja/post/anagram/,https://cdn.lapa.ninja/assets/images/1x/anagram-thumb.webp,"[""#0b0b0b"", ""#f5f0f0""]","{""#0b0b0b"": 0.5752, ""#f5f0f0"": 0.2519}",#0b0b0b,dark muted neutral,"grid layout, sidebar, search bar, feature list, rounded buttons, pricing cards","modern, minimal, futuristic",0.83
Lapa Ninja (Post),Amy Lima,https://www.lapa.ninja/post/amylima/,https://cdn.lapa.ninja/assets/images/1x/amylima-thumb.webp,"[""#fdf5f0"", ""#d2d2e8""]","{""#fdf5f0"": 0.8108, ""#d2d2e8"": 0.0806}",#fdf5f0,light bright orange,"grid layout, large typography, rounded buttons, sidebar, pricing cards, feature list","minimal, modern, cool",0.87
Lapa Ninja (Post),Sandland,https://www.lapa.ninja/post/sandlandsleep/,https://cdn.lapa.ninja/assets/images/1x/sandlandsleep-thumb.webp,"[""#f3f1eb"", ""#afa6be""]","{""#f3f1eb"": 0.5609, ""#afa6be"": 0.2297}",#f3f1eb,light muted orange,"sidebar, pricing cards, large typography, rounded buttons, feature list, footer","minimal, modern, retro",0.86
Lapa Ninja (Post),PlanetScale,https://www.lapa.ninja/post/planetscale/,https://cdn.lapa.ninja/assets/images/1x/planetscale-thumb.webp,"[""#fefefe""]","{""#fefefe"": 0.9297}",#fefefe,light muted neutral,"data table, rounded buttons, feature list, grid layout, sidebar, search bar","modern, minimal, futuristic",0.82
Lapa Ninja (Post),Steven Taylor,https://www.lapa.ninja/post/steventaylor/,https://cdn.lapa.ninja/assets/images/1x/steventaylor-thumb.webp,"[""#f5f5f5"", ""#1a1a1a""]","{""#f5f5f5"": 0.6593, ""#1a1a1a"": 0.1472}",#f5f5f5,light muted neutral,"sidebar, grid layout, avatar, video background, feature list, icon list","minimal, modern, artistic",0.83
Lapa Ninja (Post),A Message from Earth,https://www.lapa.ninja/post/amessagefromearth/,https://cdn.lapa.ninja/assets/images/1x/amessagefromearth-thumb.webp,"[""#000000""]","{""#000000"": 0.9709}",#000000,dark muted neutral,"large typography, sidebar, video background, icon list, feature list, form","minimal, professional, friendly",0.83
Lapa Ninja (Post),Jon Yablonski,https://www.lapa.ninja/post/jonyablonski-2/,https://cdn.lapa.ninja/assets/images/1x/jonyablonski-05-23-2021-thumb.webp,"[""#141517""]","{""#141517"": 0.8014}",#141517,dark muted neutral,"grid layout, feature list, icon list, large typography, rounded buttons, sidebar","modern, futuristic, minimal",0.83
Lapa Ninja (Post),Provider Store,https://www.lapa.ninja/post/providerstore/,https://cdn.lapa.ninja/assets/images/1x/providerstore-thumb.webp,"[""#e6e3df"", ""#b8b5ad""]","{""#e6e3df"": 0.4536, ""#b8b5ad"": 0.2549}",#e6e3df,light muted orange,"rounded buttons, grid layout, form, icon list, feature list, footer","minimal, modern, artistic",0.84
Lapa Ninja (Post),June,https://www.lapa.ninja/post/june/,https://cdn.lapa.ninja/assets/images/1x/june-thumb.webp,"[""#fefefe"", ""#e5e1ed""]","{""#fefefe"": 0.8588, ""#e5e1ed"": 0.1117}",#fefefe,light muted neutral,"top navigation, rounded buttons, feature list, grid layout, data table, search bar","modern, minimal, cool",0.83
Lapa Ninja (Post),Doug Alves,https://www.lapa.ninja/post/dougalves/,https://cdn.lapa.ninja/assets/images/1x/dougalves-thumb.webp,"[""#1c1711"", ""#f0eeec""]","{""#1c1711"": 0.5598, ""#f0eeec"": 0.1682}",#1c1711,dark muted orange,"large typography, grid layout, icon list, feature list, rounded buttons, sidebar","modern, minimal, cool",0.87
Lapa Ninja (Post),Gather,https://www.lapa.ninja/post/gather-town/,https://cdn.lapa.ninja/assets/images/1x/gather-town-thumb.webp,"[""#cdd5e8"", ""#fcfcfd""]","{""#cdd5e8"": 0.256, ""#fcfcfd"": 0.2298}",#cdd5e8,light bright blue,"grid layout, split screen, rounded buttons, footer, large typography, video background","modern, creative, minimal",0.75
Lapa Ninja (Post),Extra Vitamins,https://www.lapa.ninja/post/extra-vitamins/,https://cdn.lapa.ninja/assets/images/1x/extra-vitamins-thumb.webp,"[""#86a0c1"", ""#ebf2f2""]","{""#86a0c1"": 0.3208, ""#ebf2f2"": 0.2242}",#86a0c1,muted blue,"pricing cards, video background, sidebar, feature list, card list, large typography","vibrant, cool, retro",0.76
Lapa Ninja (Post),Sésame,https://www.lapa.ninja/post/supersesame/,https://cdn.lapa.ninja/assets/images/1x/supersesame-thumb.webp,"[""#dcd8e5"", ""#fdfdfd""]","{""#dcd8e5"": 0.2146, ""#fdfdfd"": 0.577}",#dcd8e5,light muted blue,"rounded buttons, sidebar, footer, search bar, feature list, large typography","cool, friendly, minimal",0.72
Lapa Ninja (Post),Solitario,https://www.lapa.ninja/post/solitario-studio/,https://cdn.lapa.ninja/assets/images/1x/solitario-studio-thumb.webp,"[""#fef0dc""]","{""#fef0dc"": 0.9411}",#fef0dc,light bright orange,"large typography, feature list, sidebar, two-column layout, search bar, grid layout","modern, futuristic, cool",0.87
Lapa Ninja (Post),Overlooked Ventures,https://www.lapa.ninja/post/overlookedventures/,https://cdn.lapa.ninja/assets/images/1x/overlookedventures-thumb.webp,"[""#070c11"", ""#0b2018""]","{""#070c11"": 0.4836, ""#0b2018"": 0.3804}",#070c11,dark bright blue,"large typography, sidebar, split screen, video background, form, footer","friendly, luxury, serious",0.84
Lapa Ninja (Post),Instrument,https://www.lapa.ninja/post/instrument-4/,https://cdn.lapa.ninja/assets/images/1x/instrument-05-19-2021-thumb.webp,"[""#000000"", ""#d5a05c""]","{""#000000"": 0.623, ""#d5a05c"": 0.2802}",#000000,dark muted neutral,"rounded buttons, cta button, search bar, sidebar, feature list, footer","modern, minimal, futuristic",0.83
Lapa Ninja (Post),Figlia,https://www.lapa.ninja/post/drinkfiglia/,https://cdn.lapa.ninja/assets/images/1x/drinkfiglia-thumb.webp,"[""#eeeae6"", ""#dfc7b6""]","{""#eeeae6"": 0.4566, ""#dfc7b6"": 0.279}",#eeeae6,light muted orange,"large typography, grid layout, rounded buttons, sidebar, form, pricing cards","cool, minimal, bold",0.83
Lapa Ninja (Post),Made by Nacho,https://www.lapa.ninja/post/madebynacho/,https://cdn.lapa.ninja/assets/images/1x/madebynacho-thumb.webp,"[""#720d43"", ""#311024""]","{""#720d43"": 0.4705, ""#311024"": 0.3614}",#720d43,dark bright magenta,"pricing cards, sidebar, grid layout, feature list, footer, large typography","creative, professional, artistic",0.85
Lapa Ninja (Post),REPENTANCE,https://www.lapa.ninja/post/repentanceclo/,https://cdn.lapa.ninja/assets/images/1x/repentanceclo-thumb.webp,"[""#f0f0f0"", ""#fefefe""]","{""#f0f0f0"": 0.4733, ""#fefefe"": 0.359}",#f0f0f0,light muted neutral,"icon list, feature list, rounded buttons, grid layout, sidebar, footer","minimal, luxury, modern",0.81
Lapa Ninja (Post),Miro.design,https://www.lapa.ninja/post/miro-design/,https://cdn.lapa.ninja/assets/images/1x/miro-design-thumb.webp,"[""#faf9f9"", ""#160e33""]","{""#faf9f9"": 0.6108, ""#160e33"": 0.126}",#faf9f9,light muted neutral,"grid layout, sidebar, large typography, two-column layout, footer, form","modern, cool, bold",0.83
Lapa Ninja (Post),Shortcuts.design,https://www.lapa.ninja/post/shortcuts-design-2/,https://cdn.lapa.ninja/assets/images/1x/shortcuts-design-05-19-2021-thumb.webp,"[""#0b111f"", ""#161e30""]","{""#0b111f"": 0.6681, ""#161e30"": 0.2046}",#0b111f,dark bright blue,"icon list, feature list, rounded buttons, grid layout, sidebar, data table","modern, minimal, futuristic",0.87
Lapa Ninja (Post),Lovebug Pet Food,https://www.lapa.ninja/post/lovebugpetfood/,https://cdn.lapa.ninja/assets/images/1x/lovebugpetfood-thumb.webp,"[""#3c4062"", ""#04a5ac""]","{""#3c4062"": 0.4293, ""#04a5ac"": 0.3411}",#3c4062,muted blue,"pricing cards, sidebar, footer, rounded buttons, large typography, feature list","luxury, cool, creative",0.82
Lapa Ninja (Post),Moonlight,https://www.lapa.ninja/post/wearemoonlight/,https://cdn.lapa.ninja/assets/images/1x/wearemoonlight-thumb.webp,"[""#010101"", ""#161213""]","{""#010101"": 0.5913, ""#161213"": 0.1936}",#010101,dark muted neutral,"sidebar, icon list, video background, large typography, rounded buttons, split screen","minimal, modern, artistic",0.83
Lapa Ninja (Post),Roadmap,https://www.lapa.ninja/post/onroadmap-4/,https://cdn.lapa.ninja/assets/images/1x/onroadmap-05-16-2021-thumb.webp,"[""#fefefe""]","{""#fefefe"": 0.9063}",#fefefe,light muted neutral,"sidebar, feature list, top navigation, rounded buttons, carousel, pricing cards","professional, modern, serious",0.82
Lapa Ninja (Post),ATID,https://www.lapa.ninja/post/atid/,https://cdn.lapa.ninja/assets/images/1x/atid-thumb.webp,"[""#4e525b"", ""#fdfdfd""]","{""#4e525b"": 0.2377, ""#fdfdfd"": 0.4138}",#4e525b,muted neutral,"grid layout, rounded buttons, large typography, search bar, sidebar, icon list","minimal, futuristic, modern",0.7
Lapa Ninja (Post),CraieCraie,https://www.lapa.ninja/post/craiecraie/,https://cdn.lapa.ninja/assets/images/1x/craiecraie-thumb.webp,"[""#fdfafa"", ""#d5cec8""]","{""#fdfafa"": 0.7173, ""#d5cec8"": 0.1251}",#fdfafa,light bright red,"grid layout, rounded buttons, large typography, split screen, two-column layout, feature list","modern, luxury, cool",0.86
Lapa Ninja (Post),George Kedenburg III,https://www.lapa.ninja/post/gk3/,https://cdn.lapa.ninja/assets/images/1x/gk3-thumb.webp,"[""#d4e0fe"", ""#cb017b""]","{""#d4e0fe"": 0.6191, ""#cb017b"": 0.2445}",#d4e0fe,light bright blue,"video background, feature list, rounded buttons, grid layout, pricing cards, icon list","modern, cool, professional",0.87
Lapa Ninja (Post),Prism Data,https://www.lapa.ninja/post/prismdata/,https://cdn.lapa.ninja/assets/images/1x/prismdata-thumb.webp,"[""#090607""]","{""#090607"": 0.7162}",#090607,dark muted red,"rounded buttons, pricing cards, large typography, search bar, video background, sidebar","modern, futuristic, vibrant",0.86
Lapa Ninja (Post),Lina Forsgren,https://www.lapa.ninja/post/linaforsgren/,https://cdn.lapa.ninja/assets/images/1x/linaforsgren-thumb.webp,"[""#e6e1d9"", ""#0d0c0b""]","{""#e6e1d9"": 0.5851, ""#0d0c0b"": 0.2002}",#e6e1d9,light muted orange,"grid layout, large typography, pricing cards, sidebar, rounded buttons, icon list","modern, artistic, cool",0.86
Lapa Ninja (Post),Sunday,https://www.lapa.ninja/post/sundayapp/,https://cdn.lapa.ninja/assets/images/1x/sundayapp-thumb.webp,"[""#fefefe"", ""#110d0b""]","{""#fefefe"": 0.7576, ""#110d0b"": 0.0805}",#fefefe,light muted neutral,"pricing cards, sidebar, large typography, grid layout, hero image, split screen","professional, modern, bold",0.83
Lapa Ninja (Post),Marco Calignano,https://www.lapa.ninja/post/marcocalignano/,https://cdn.lapa.ninja/assets/images/1x/marcocalignano-thumb.webp,"[""#000000""]","{""#000000"": 0.8547}",#000000,dark muted neutral,"large typography, rounded buttons, split screen, feature list, sidebar, top navigation","modern, artistic, minimal",0.83
Lapa Ninja (Post),Mixcloud,https://www.lapa.ninja/post/mixcloud-2/,https://cdn.lapa.ninja/assets/images/1x/mixcloud-thumb.webp,"[""#5102fb"", ""#15161f""]","{""#5102fb"": 0.5528, ""#15161f"": 0.2557}",#5102fb,bright blue,"feature list, video background, sidebar, grid layout, rounded buttons, footer","futuristic, cool, modern",0.86
Lapa Ninja (Post),arcarta,https://www.lapa.ninja/post/arcarta/,https://cdn.lapa.ninja/assets/images/1x/arcarta-thumb.webp,"[""#fdf7ec""]","{""#fdf7ec"": 0.9273}",#fdf7ec,light bright orange,"rounded buttons, large typography, grid layout, sidebar, top navigation, footer","modern, minimal, friendly",0.87
Lapa Ninja (Post),The Werk,https://www.lapa.ninja/post/thewerk/,https://cdn.lapa.ninja/assets/images/1x/thewerk-thumb.webp,"[""#f7f5f0"", ""#d2aa95""]","{""#f7f5f0"": 0.716, ""#d2aa95"": 0.1264}",#f7f5f0,light muted orange,"rounded buttons, sidebar, grid layout, large typography, split screen, centered hero","minimal, modern, cool",0.86
Lapa Ninja (Post),Thierry Ambraisse,https://www.lapa.ninja/post/thierryambraisse/,https://cdn.lapa.ninja/assets/images/1x/thierryambraisse-thumb.webp,"[""#eaebe6""]","{""#eaebe6"": 0.9317}",#eaebe6,light muted neutral,"large typography, feature list, icon list, sidebar, search bar, grid layout","modern, minimal, trustworthy",0.84
Lapa Ninja (Post),George Francis,https://www.lapa.ninja/post/georgefrancis/,https://cdn.lapa.ninja/assets/images/1x/georgefrancis-thumb.webp,"[""#fdfcfe""]","{""#fdfcfe"": 0.9189}",#fdfcfe,light bright purple,"grid layout, rounded buttons, feature list, pricing cards, large typography, sidebar","minimal, modern, professional",0.86
Lapa Ninja (Post),Polywork,https://www.lapa.ninja/post/polywork/,https://cdn.lapa.ninja/assets/images/1x/polywork-thumb.webp,"[""#fc9d4a"", ""#543dde""]","{""#fc9d4a"": 0.4671, ""#543dde"": 0.4377}",#fc9d4a,bright orange,"large typography, video background, sidebar, feature list, search bar, grid layout","minimal, modern, professional",0.85
Lapa Ninja (Post),Madeleine Dalla,https://www.lapa.ninja/post/madeleinedalla/,https://cdn.lapa.ninja/assets/images/1x/madeleinedalla-thumb.webp,"[""#000000"", ""#fefefe""]","{""#000000"": 0.4328, ""#fefefe"": 0.488}",#000000,dark muted neutral,"large typography, video background, sidebar, split screen, icon list, grid layout","modern, artistic, creative",0.8
Lapa Ninja (Post),Developments,https://www.lapa.ninja/post/developments/,https://cdn.lapa.ninja/assets/images/1x/developments-thumb.webp,"[""#fefefe""]","{""#fefefe"": 0.8985}",#fefefe,light muted neutral,"large typography, pricing cards, icon list, logo, feature list, rounded buttons","creative, professional, artistic",0.83
Lapa Ninja (Post),Volley,https://www.lapa.ninja/post/drinkvolley/,https://cdn.lapa.ninja/assets/images/1x/drinkvolley-thumb.webp,"[""#313c16"", ""#fefefd""]","{""#313c16"": 0.2265, ""#fefefd"": 0.5833}",#313c16,dark bright yellow,"grid layout, video background, sidebar, large typography, footer, split screen","creative, artistic, modern",0.72
Lapa Ninja (Post),Oberlo,https://www.lapa.ninja/post/oberlo/,https://cdn.lapa.ninja/assets/images/1x/oberlo-thumb.webp,"[""#cbd4da"", ""#faf9fb""]","{""#cbd4da"": 0.2457, ""#faf9fb"": 0.565}",#cbd4da,muted blue,"rounded buttons, sidebar, pricing cards, grid layout, large typography, video background","modern, professional, cool",0.74
Lapa Ninja (Post),Reform,https://www.lapa.ninja/post/reform-property/,https://cdn.lapa.ninja/assets/images/1x/reform-property-thumb.webp,"[""#e7e6e3"", ""#2f3622""]","{""#e7e6e3"": 0.5735, ""#2f3622"": 0.1499}",#e7e6e3,light muted neutral,"form, two-column layout, sidebar, large typography, logo, illustration","modern, luxury, cool",0.82
Lapa Ninja (Post),Hidden Valley,https://www.lapa.ninja/post/hiddenvalley/,https://cdn.lapa.ninja/assets/images/1x/hiddenvalley-thumb.webp,"[""#fdfefd"", ""#dbc4c0""]","{""#fdfefd"": 0.7008, ""#dbc4c0"": 0.0868}",#fdfefd,light muted green,"sidebar, rounded buttons, grid layout, pricing cards, footer, large typography","creative, professional, retro",0.87
Lapa Ninja (Post),Le Bibent,https://www.lapa.ninja/post/lebibent/,https://cdn.lapa.ninja/assets/images/1x/lebibent-thumb.webp,"[""#f1ece5"", ""#c1243e""]","{""#f1ece5"": 0.3603, ""#c1243e"": 0.3228}",#f1ece5,light muted orange,"large typography, grid layout, two-column layout, icon list, pricing cards, video background","modern, minimal, elegant",0.78
Lapa Ninja (Post),Wisr,https://www.lapa.ninja/post/wisr/,https://cdn.lapa.ninja/assets/images/1x/wisr-thumb.webp,"[""#7abcb2"", ""#f1e175""]","{""#7abcb2"": 0.4412, ""#f1e175"": 0.3844}",#7abcb2,muted teal,"large typography, split screen, video background, sidebar, cta button, rounded buttons","creative, futuristic, trustworthy",0.84
Lapa Ninja (Post),Loop Returns,https://www.lapa.ninja/post/loopreturns/,https://cdn.lapa.ninja/assets/images/1x/loopreturns-thumb.webp,"[""#fefefe""]","{""#fefefe"": 0.8759}",#fefefe,light muted neutral,"large typography, sidebar, two-column layout, rounded buttons, form, pricing cards","modern, retro, futuristic",0.83
Lapa Ninja (Post),Details of war,https://www.lapa.ninja/post/detailsofwar/,https://cdn.lapa.ninja/assets/images/1x/detailsofwar-thumb.webp,"[""#ecede9""]","{""#ecede9"": 0.8897}",#ecede9,light muted neutral,"rounded buttons, avatar, sidebar, icon list, grid layout, large typography","minimal, warm, elegant",0.83
Lapa Ninja (Post),Adetomiwa Isiaka,https://www.lapa.ninja/post/adetomiwa/,https://cdn.lapa.ninja/assets/images/1x/adetomiwa-thumb.webp,"[""#f5eee4""]","{""#f5eee4"": 0.8221}",#f5eee4,light bright orange,"sidebar, rounded buttons, data table, search bar, avatar, feature list","minimal, modern, professional",0.85
Lapa Ninja (Post),FLATLIST,https://www.lapa.ninja/post/flatlisteyewear/,https://cdn.lapa.ninja/assets/images/1x/flatlisteyewear-thumb.webp,"[""#080606"", ""#fefefd""]","{""#080606"": 0.3468, ""#fefefd"": 0.3007}",#080606,dark muted red,"sidebar, centered hero, avatar, split screen, hero image, video background","modern, professional, futuristic",0.8
Lapa Ninja (Post),Feels,https://www.lapa.ninja/post/feels-app/,https://cdn.lapa.ninja/assets/images/1x/feels-app-thumb.webp,"[""#020101"", ""#7a5c4d""]","{""#020101"": 0.5329, ""#7a5c4d"": 0.1396}",#020101,dark muted red,"sidebar, split screen, grid layout, feature list, search bar, video background","modern, cool, friendly",0.86
Lapa Ninja (Post),Rich Minority,https://www.lapa.ninja/post/richminority/,https://cdn.lapa.ninja/assets/images/1x/richminority-thumb.webp,"[""#040404"", ""#292827""]","{""#040404"": 0.3608, ""#292827"": 0.3145}",#040404,dark muted neutral,"sidebar, grid layout, avatar, large typography, feature list, video background","minimal, modern, bold",0.75
Lapa Ninja (Post),Robert Mayer,https://www.lapa.ninja/post/mayerr/,https://cdn.lapa.ninja/assets/images/1x/mayerr-thumb.webp,"[""#141316"", ""#070201""]","{""#141316"": 0.6045, ""#070201"": 0.2051}",#141316,dark muted neutral,"large typography, rounded buttons, pricing cards, footer, icon list, form","modern, professional, futuristic",0.83
Lapa Ninja (Post),Typeverything,https://www.lapa.ninja/post/typeverything/,https://cdn.lapa.ninja/assets/images/1x/typeverything-thumb.webp,"[""#fefefe""]","{""#fefefe"": 0.8745}",#fefefe,light muted neutral,"large typography, icon list, feature list, rounded buttons, grid layout, sidebar","modern, professional, creative",0.84
Lapa Ninja (Post),Billi,https://www.lapa.ninja/post/billi/,https://cdn.lapa.ninja/assets/images/1x/billi-thumb.webp,"[""#fefefe"", ""#14171a""]","{""#fefefe"": 0.7774, ""#14171a"": 0.1301}",#fefefe,light muted neutral,"rounded buttons, large typography, grid layout, sidebar, search bar, feature list","minimal, modern, calm",0.83
Lapa Ninja (Post),BIDE,https://www.lapa.ninja/post/bidemarket/,https://cdn.lapa.ninja/assets/images/1x/bidemarket-thumb.webp,"[""#14130f"", ""#f9faf7""]","{""#14130f"": 0.4644, ""#f9faf7"": 0.4357}",#14130f,dark muted orange,"large typography, grid layout, form, rounded buttons, video background, feature list","minimal, luxury, modern",0.85
Lapa Ninja (Post),The Ocean Agency,https://www.lapa.ninja/post/theoceanagency/,https://cdn.lapa.ninja/assets/images/1x/theoceanagency-thumb.webp,"[""#000000"", ""#fefefe""]","{""#000000"": 0.4567, ""#fefefe"": 0.4918}",#000000,dark muted neutral,"large typography, sidebar, pricing cards, logo, top navigation, avatar","creative, modern, luxury",0.8
Lapa Ninja (Post),A24,https://www.lapa.ninja/post/a24films/,https://cdn.lapa.ninja/assets/images/1x/a24films-thumb.webp,"[""#14140a"", ""#fcfbfb""]","{""#14140a"": 0.4695, ""#fcfbfb"": 0.3476}",#14140a,dark muted yellow,"split screen, sidebar, rounded buttons, search bar, feature list, grid layout","minimal, modern, bold",0.85
Lapa Ninja (Post),Joost Huver,https://www.lapa.ninja/post/joosthuver/,https://cdn.lapa.ninja/assets/images/1x/joosthuver-thumb.webp,"[""#0a0909"", ""#fbfbfb""]","{""#0a0909"": 0.8518, ""#fbfbfb"": 0.1044}",#0a0909,dark muted neutral,"large typography, video background, pricing cards, sidebar, footer, logo","minimal, cool, creative",0.83
Lapa Ninja (Post),Taikonauten,https://www.lapa.ninja/post/taikonauten/,https://cdn.lapa.ninja/assets/images/1x/taikonauten-thumb.webp,"[""#f9f9f9"", ""#052d48""]","{""#f9f9f9"": 0.6601, ""#052d48"": 0.1743}",#f9f9f9,light muted neutral,"large typography, rounded buttons, pricing cards, feature list, form, data table","futuristic, modern, minimal",0.82
Lapa Ninja (Post),Enjjoy,https://www.lapa.ninja/post/enjjoy/,https://cdn.lapa.ninja/assets/images/1x/enjjoy-thumb.webp,"[""#fcd03c"", ""#e5adbe""]","{""#fcd03c"": 0.4832, ""#e5adbe"": 0.262}",#fcd03c,bright orange,"video background, sidebar, large typography, grid layout, feature list, pricing cards","futuristic, creative, cool",0.86
Lapa Ninja (Post),my mind,https://www.lapa.ninja/post/mymind/,https://cdn.lapa.ninja/assets/images/1x/mymind-thumb.webp,"[""#f3f3f5""]","{""#f3f3f5"": 0.9047}",#f3f3f5,light muted neutral,"search bar, sidebar, large typography, rounded buttons, avatar, footer","minimal, modern, futuristic",0.83
Lapa Ninja (Post),Jon Way Studio,https://www.lapa.ninja/post/jonway-studio-2/,https://cdn.lapa.ninja/assets/images/1x/jonway-studio-04-30-2021-thumb.webp,"[""#e3e4e6"", ""#96081e""]","{""#e3e4e6"": 0.7237, ""#96081e"": 0.1461}",#e3e4e6,light muted neutral,"large typography, rounded buttons, two-column layout, sidebar, logo, icon list","minimal, modern, futuristic",0.84
Lapa Ninja (Post),Super Deluxe,https://www.lapa.ninja/post/superdelux/,https://cdn.lapa.ninja/assets/images/1x/superdelux-thumb.webp,"[""#1d2431""]","{""#1d2431"": 0.8517}",#1d2431,dark muted blue,"rounded buttons, feature list, grid layout, footer, search bar, sidebar","futuristic, modern, cool",0.86
Lapa Ninja (Post),Well Traveled,https://www.lapa.ninja/post/welltraveledclub/,https://cdn.lapa.ninja/assets/images/1x/welltraveledclub-thumb.webp,"[""#8e9aa0"", ""#f9f8f3""]","{""#8e9aa0"": 0.1871, ""#f9f8f3"": 0.4357}",#8e9aa0,muted neutral,"rounded buttons, top navigation, grid layout, large typography, feature list, video background","modern, minimal, luxury",0.67
Lapa Ninja (Post),Mighty,https://www.lapa.ninja/post/mightyapp/,https://cdn.lapa.ninja/assets/images/1x/mightyapp-thumb.webp,"[""#200835"", ""#4d1b57""]","{""#200835"": 0.5993, ""#4d1b57"": 0.1672}",#200835,dark bright purple,"rounded buttons, search bar, data table, large typography, grid layout, split screen","modern, futuristic, retro",0.86
Lapa Ninja (Post),Marla Aaron,https://www.lapa.ninja/post/marlaaaron/,https://cdn.lapa.ninja/assets/images/1x/marlaaaron-thumb.webp,"[""#f4e3d1"", ""#fefefe""]","{""#f4e3d1"": 0.332, ""#fefefe"": 0.4457}",#f4e3d1,light bright orange,"grid layout, rounded buttons, pricing cards, sidebar, feature list, carousel","luxury, minimal, cool",0.78
Lapa Ninja (Post),Liist,https://www.lapa.ninja/post/liist/,https://cdn.lapa.ninja/assets/images/1x/liist-thumb.webp,"[""#302e5c"", ""#f7f2e9""]","{""#302e5c"": 0.5015, ""#f7f2e9"": 0.4183}",#302e5c,muted blue,"sidebar, rounded buttons, grid layout, top navigation, search bar, footer","modern, cool, creative",0.86
Lapa Ninja (Post),Sabato,https://www.lapa.ninja/post/sabato-studio/,https://cdn.lapa.ninja/assets/images/1x/sabato-studio-thumb.webp,"[""#010000"", ""#fefefe""]","{""#010000"": 0.319, ""#fefefe"": 0.3413}",#010000,dark bright red,"video background, sidebar, pricing cards, split screen, rounded buttons, large typography","professional, futuristic, modern",0.77
Lapa Ninja (Post),Everland,https://www.lapa.ninja/post/everland/,https://cdn.lapa.ninja/assets/images/1x/everland-thumb.webp,"[""#0074fd"", ""#efece9""]","{""#0074fd"": 0.4583, ""#efece9"": 0.3186}",#0074fd,bright blue,"large typography, grid layout, sidebar, rounded buttons, video background, avatar","minimal, modern, bold",0.85
Lapa Ninja (Post),Daniel See,https://www.lapa.ninja/post/danielsee/,https://cdn.lapa.ninja/assets/images/1x/danielsee-thumb.webp,"[""#000000"", ""#535659""]","{""#000000"": 0.7345, ""#535659"": 0.0818}",#000000,dark muted neutral,"video background, sidebar, split screen, icon list, feature list, footer","luxury, professional, modern",0.82
Lapa Ninja (Post),Spotify Jobs,https://www.lapa.ninja/post/spotifyjobs/,https://cdn.lapa.ninja/assets/images/1x/spotifyjobs-thumb.webp,"[""#dd342a"", ""#fefefe""]","{""#dd342a"": 0.3802, ""#fefefe"": 0.4744}",#dd342a,bright red,"rounded buttons, large typography, sidebar, grid layout, feature list, pricing cards","minimal, modern, cool",0.8
Lapa Ninja (Post),Over,https://www.lapa.ninja/post/madewithover/,https://cdn.lapa.ninja/assets/images/1x/madewithover-thumb.webp,"[""#f9f9f9""]","{""#f9f9f9"": 0.9396}",#f9f9f9,light muted neutral,"rounded buttons, grid layout, large typography, feature list, search bar, pricing cards","minimal, modern, futuristic",0.83
Lapa Ninja (Post),Good Use,https://www.lapa.ninja/post/gooduse/,https://cdn.lapa.ninja/assets/images/1x/gooduse-thumb.webp,"[""#f7f5eb"", ""#029976""]","{""#f7f5eb"": 0.4931, ""#029976"": 0.418}",#f7f5eb,light bright yellow,"sidebar, video background, large typography, footer, avatar, search bar","modern, minimal, friendly",0.86
Lapa Ninja (Post),Rogue Studio Store,https://www.lapa.ninja/post/rogue-studio-store/,https://cdn.lapa.ninja/assets/images/1x/rogue-studio-store-thumb.webp,"[""#030303"", ""#b4a891""]","{""#030303"": 0.5953, ""#b4a891"": 0.2675}",#030303,dark muted neutral,"sidebar, large typography, hero image, feature list, video background, footer","cool, artistic, warm",0.82
Lapa Ninja (Post),Inflow,https://www.lapa.ninja/post/inflow/,https://cdn.lapa.ninja/assets/images/1x/inflow-thumb.webp,"[""#fafbfd""]","{""#fafbfd"": 0.8588}",#fafbfd,light bright blue,"feature list, sidebar, pricing cards, search bar, rounded buttons, top navigation","modern, minimal, cool",0.86
Lapa Ninja (Post),The Kitchen,https://www.lapa.ninja/post/thekitchen/,https://cdn.lapa.ninja/assets/images/1x/thekitchen-thumb.webp,"[""#171718"", ""#f3f2ef""]","{""#171718"": 0.7749, ""#f3f2ef"": 0.0928}",#171718,dark muted neutral,"sidebar, footer, grid layout, video background, split screen, large typography","modern, minimal, futuristic",0.83
Lapa Ninja (Post),Dreamer Mode,https://www.lapa.ninja/post/dreamermode/,https://cdn.lapa.ninja/assets/images/1x/dreamermode-thumb.webp,"[""#adb69a"", ""#3c3c2c""]","{""#adb69a"": 0.7784, ""#3c3c2c"": 0.1499}",#adb69a,muted yellow,"large typography, feature list, sidebar, video background, split screen, two-column layout","modern, creative, moody",0.86
Lapa Ninja (Post),Mouthwash Studio,https://www.lapa.ninja/post/mouthwash-studio/,https://cdn.lapa.ninja/assets/images/1x/mouthwash-studio-thumb.webp,"[""#191919"", ""#fdfdfd""]","{""#191919"": 0.832, ""#fdfdfd"": 0.14}",#191919,dark muted neutral,"large typography, grid layout, feature list, sidebar, logo, data table","minimal, modern, futuristic",0.83
Lapa Ninja (Post),Gentle Guide,https://www.lapa.ninja/post/gentle-guide/,https://cdn.lapa.ninja/assets/images/1x/gentle-guide-thumb.webp,"[""#d6e0db"", ""#faf1e9""]","{""#d6e0db"": 0.4551, ""#faf1e9"": 0.2452}",#d6e0db,light muted green,"sidebar, avatar, video background, large typography, pricing cards, top navigation","minimal, calm, futuristic",0.84
Lapa Ninja (Post),Varun Vachhar,https://www.lapa.ninja/post/varun/,https://cdn.lapa.ninja/assets/images/1x/varun-thumb.webp,"[""#131218"", ""#f7f7f6""]","{""#131218"": 0.8525, ""#f7f7f6"": 0.0875}",#131218,dark muted blue,"grid layout, large typography, pricing cards, feature list, rounded buttons, icon list","minimal, modern, futuristic",0.87
Lapa Ninja (Post),Auth0,https://www.lapa.ninja/post/auth0/,https://cdn.lapa.ninja/assets/images/1x/auth0-thumb.webp,"[""#eceef0"", ""#fefefe""]","{""#eceef0"": 0.3013, ""#fefefe"": 0.5863}",#eceef0,light muted neutral,"rounded buttons, grid layout, feature list, large typography, split screen, sidebar","futuristic, minimal, modern",0.73
Lapa Ninja (Post),Plus,https://www.lapa.ninja/post/cleanwithplus/,https://cdn.lapa.ninja/assets/images/1x/cleanwithplus-thumb.webp,"[""#e2d0ec"", ""#9eb9f9""]","{""#e2d0ec"": 0.6909, ""#9eb9f9"": 0.153}",#e2d0ec,light bright purple,"sidebar, pricing cards, large typography, chart, form, testimonial","professional, cool, trustworthy",0.86
Lapa Ninja (Post),Steam Logistics,https://www.lapa.ninja/post/steamlogistics/,https://cdn.lapa.ninja/assets/images/1x/steamlogistics-thumb.webp,"[""#102633"", ""#07151e""]","{""#102633"": 0.8279, ""#07151e"": 0.1408}",#102633,dark bright blue,"top navigation, pricing cards, large typography, feature list, sidebar, data table","modern, minimal, professional",0.84
Lapa Ninja (Post),The Covid Art Museum,https://www.lapa.ninja/post/covidartmuseum/,https://cdn.lapa.ninja/assets/images/1x/covidartmuseum-thumb.webp,"[""#151515"", ""#fdfdfd""]","{""#151515"": 0.758, ""#fdfdfd"": 0.1535}",#151515,dark muted neutral,"large typography, grid layout, sidebar, icon list, video background, feature list","artistic, modern, minimal",0.83
Lapa Ninja (Post),Playspace,https://www.lapa.ninja/post/play-space/,https://cdn.lapa.ninja/assets/images/1x/play-space-thumb.webp,"[""#3c60fc"", ""#f6f7f7""]","{""#3c60fc"": 0.4517, ""#f6f7f7"": 0.4331}",#3c60fc,bright blue,"sidebar, large typography, video background, split screen, grid layout, feature list","modern, creative, minimal",0.84
Lapa Ninja (Post),Baptiste Briel,https://www.lapa.ninja/post/bbriel/,https://cdn.lapa.ninja/assets/images/1x/bbriel-thumb.webp,"[""#000000"", ""#fdfdfd""]","{""#000000"": 0.7672, ""#fdfdfd"": 0.1919}",#000000,dark muted neutral,"icon list, feature list, sidebar, card list, avatar, large typography","professional, cool, modern",0.83
Lapa Ninja (Post),TOMAS THAN,https://www.lapa.ninja/post/tomasthan/,https://cdn.lapa.ninja/assets/images/1x/tomasthan-thumb.webp,"[""#728caa"", ""#c2ad94""]","{""#728caa"": 0.3317, ""#c2ad94"": 0.2174}",#728caa,muted blue,"rounded buttons, form, sidebar, large typography, video background, grid layout","minimal, luxury, elegant",0.77
Lapa Ninja (Post),FigJam,https://www.lapa.ninja/post/figjam/,https://cdn.lapa.ninja/assets/images/1x/figjam-thumb.webp,"[""#fdfcfd""]","{""#fdfcfd"": 0.8348}",#fdfcfd,light muted magenta,"feature list, video background, footer, form, sidebar, large typography","modern, futuristic, creative",0.86
Lapa Ninja (Post),Zmaslo,https://www.lapa.ninja/post/zmaslo/,https://cdn.lapa.ninja/assets/images/1x/zmaslo-thumb.webp,"[""#010101""]","{""#010101"": 0.8294}",#010101,dark muted neutral,"testimonial, sidebar, large typography, video background, search bar, pricing cards","futuristic, cool, professional",0.82
Lapa Ninja (Post),Richard Sancho,https://www.lapa.ninja/post/richardsancho/,https://cdn.lapa.ninja/assets/images/1x/richardsancho-thumb.webp,"[""#ece1db"", ""#fefefe""]","{""#ece1db"": 0.197, ""#fefefe"": 0.4406}",#ece1db,light muted orange,"rounded buttons, sidebar, large typography, logo, pricing cards, two-column layout","professional, bold, creative",0.72
Lapa Ninja (Post),WAOF,https://www.lapa.ninja/post/waof/,https://cdn.lapa.ninja/assets/images/1x/waof-thumb.webp,"[""#010101"", ""#442620""]","{""#010101"": 0.7434, ""#442620"": 0.1258}",#010101,dark muted neutral,"large typography, video background, sidebar, split screen, form, top navigation","futuristic, cool, artistic",0.83
Lapa Ninja (Post),Future Noodles,https://www.lapa.ninja/post/futurenoodles/,https://cdn.lapa.ninja/assets/images/1x/futurenoodles-thumb.webp,"[""#fbe091"", ""#fdfdfd""]","{""#fbe091"": 0.3176, ""#fdfdfd"": 0.3795}",#fbe091,bright orange,"pricing cards, feature list, grid layout, footer, rounded buttons, sidebar","luxury, modern, minimal",0.76
Lapa Ninja (Post),Flow Your Money,https://www.lapa.ninja/post/flowyourmoney/,https://cdn.lapa.ninja/assets/images/1x/flowyourmoney-thumb.webp,"[""#f9fcfd""]","{""#f9fcfd"": 0.9185}",#f9fcfd,light bright teal,"rounded buttons, sidebar, footer, pricing cards, form, large typography","modern, minimal, futuristic",0.86
Lapa Ninja (Post),Weezy,https://www.lapa.ninja/post/weezy/,https://cdn.lapa.ninja/assets/images/1x/weezy-thumb.webp,"[""#e8ebe5"", ""#fefefe""]","{""#e8ebe5"": 0.4789, ""#fefefe"": 0.3878}",#e8ebe5,light muted green,"rounded buttons, sidebar, feature list, grid layout, pricing cards, footer","modern, minimal, friendly",0.85
Lapa Ninja (Post),Max Kaplun,https://www.lapa.ninja/post/maxkaplun/,https://cdn.lapa.ninja/assets/images/1x/maxkaplun-thumb.webp,"[""#fefefe""]","{""#fefefe"": 0.9283}",#fefefe,light muted neutral,"sidebar, feature list, icon list, rounded buttons, large typography, pricing cards","modern, professional, futuristic",0.83
Lapa Ninja (Post),MEplace,https://www.lapa.ninja/post/meplace/,https://cdn.lapa.ninja/assets/images/1x/meplace-thumb.webp,"[""#f6dbc9"", ""#fefefe""]","{""#f6dbc9"": 0.4898, ""#fefefe"": 0.4508}",#f6dbc9,light bright orange,"pricing cards, sidebar, grid layout, video background, footer, testimonial","creative, minimal, luxury",0.86
Lapa Ninja (Post),Proxy,https://www.lapa.ninja/post/proxy/,https://cdn.lapa.ninja/assets/images/1x/proxy-thumb.webp,"[""#000000""]","{""#000000"": 0.832}",#000000,dark muted neutral,"video background, sidebar, pricing cards, grid layout, feature list, split screen","futuristic, luxury, professional",0.83
Lapa Ninja (Post),VVAND,https://www.lapa.ninja/post/vvand/,https://cdn.lapa.ninja/assets/images/1x/vvand-thumb.webp,"[""#fefefd"", ""#e4cda1""]","{""#fefefd"": 0.6838, ""#e4cda1"": 0.1763}",#fefefd,light muted yellow,"rounded buttons, large typography, sidebar, grid layout, pricing cards, split screen","creative, modern, cool",0.86
Lapa Ninja (Post),Jonas Reymondin,https://www.lapa.ninja/post/jonasreymondin/,https://cdn.lapa.ninja/assets/images/1x/jonasreymondin-thumb.webp,"[""#d7d7d7"", ""#242722""]","{""#d7d7d7"": 0.8065, ""#242722"": 0.0854}",#d7d7d7,muted neutral,"large typography, rounded buttons, grid layout, pricing cards, icon list, sidebar","modern, creative, cool",0.83
Lapa Ninja (Post),Pauli & Sisters,https://www.lapa.ninja/post/pauliandsisters/,https://cdn.lapa.ninja/assets/images/1x/pauliandsisters-thumb.webp,"[""#d1c9c4"", ""#f2f4f0""]","{""#d1c9c4"": 0.4295, ""#f2f4f0"": 0.2745}",#d1c9c4,muted orange,"footer, sidebar, pricing cards, rounded buttons, search bar, top navigation","futuristic, creative, playful",0.84
Lapa Ninja (Post),Funeral,https://www.lapa.ninja/post/funeral-studio/,https://cdn.lapa.ninja/assets/images/1x/funeral-studio-thumb.webp,"[""#020202"", ""#fefcf9""]","{""#020202"": 0.5706, ""#fefcf9"": 0.2263}",#020202,dark muted neutral,"sidebar, grid layout, large typography, two-column layout, feature list, icon list","modern, futuristic, creative",0.82
Lapa Ninja (Post),Vintageria,https://www.lapa.ninja/post/vintageria/,https://cdn.lapa.ninja/assets/images/1x/vintageria-thumb.webp,"[""#eff0ee"", ""#0297b8""]","{""#eff0ee"": 0.4883, ""#0297b8"": 0.1789}",#eff0ee,light muted neutral,"sidebar, large typography, rounded buttons, split screen, two-column layout, single column","modern, cool, bold",0.82
Lapa Ninja (Post),Watermelon,https://www.lapa.ninja/post/watermelon/,https://cdn.lapa.ninja/assets/images/1x/watermelon-thumb.webp,"[""#fdfdfe""]","{""#fdfdfe"": 0.9488}",#fdfdfe,light muted blue,"rounded buttons, footer, split screen, feature list, sidebar, cta button","modern, minimal, cool",0.86
Lapa Ninja (Post),Smalls,https://www.lapa.ninja/post/smalls/,https://cdn.lapa.ninja/assets/images/1x/smalls-thumb.webp,"[""#c6b297"", ""#fefdfd""]","{""#c6b297"": 0.3227, ""#fefdfd"": 0.2962}",#c6b297,muted orange,"footer, rounded buttons, sidebar, grid layout, feature list, large typography","minimal, friendly, bold",0.77
Lapa Ninja (Post),Nahel Moussi,https://www.lapa.ninja/post/nahelmoussi/,https://cdn.lapa.ninja/assets/images/1x/nahelmoussi-thumb.webp,"[""#946a6b""]","{""#946a6b"": 0.9244}",#946a6b,muted red,"rounded buttons, large typography, sidebar, grid layout, feature list, footer","professional, modern, futuristic",0.85
Lapa Ninja (Post),Chill Music Club,https://www.lapa.ninja/post/chillmusic-club/,https://cdn.lapa.ninja/assets/images/1x/chillmusic-club-thumb.webp,"[""#fbf9ed"", ""#261910""]","{""#fbf9ed"": 0.6599, ""#261910"": 0.1716}",#fbf9ed,light bright yellow,"split screen, sidebar, avatar, video background, icon list, large typography","modern, artistic, bold",0.87
Lapa Ninja (Post),Focus Lab,https://www.lapa.ninja/post/focuslab-2/,https://cdn.lapa.ninja/assets/images/1x/focuslab-04-17-2021-thumb.webp,"[""#f4f2ee"", ""#5a3fac""]","{""#f4f2ee"": 0.591, ""#5a3fac"": 0.2457}",#f4f2ee,light muted orange,"large typography, sidebar, rounded buttons, pricing cards, feature list, grid layout","professional, modern, minimal",0.87
Lapa Ninja (Post),Zorka,https://www.lapa.ninja/post/zorka-agency/,https://cdn.lapa.ninja/assets/images/1x/zorka-agency-thumb.webp,"[""#0f0f0f"", ""#d5d5d5""]","{""#0f0f0f"": 0.8846, ""#d5d5d5"": 0.0877}",#0f0f0f,dark muted neutral,"pricing cards, rounded buttons, large typography, feature list, top navigation, data table","modern, futuristic, professional",0.83
Lapa Ninja (Post),Cartoon Feelings,https://www.lapa.ninja/post/cartoonfeelings/,https://cdn.lapa.ninja/assets/images/1x/cartoonfeelings-thumb.webp,"[""#371a3e"", ""#ccb67e""]","{""#371a3e"": 0.3171, ""#ccb67e"": 0.2482}",#371a3e,dark bright purple,"sidebar, rounded buttons, feature list, footer, grid layout, pricing cards","cool, retro, professional",0.76
Lapa Ninja (Post),OpenAI,https://www.lapa.ninja/post/openai-2/,https://cdn.lapa.ninja/assets/images/1x/openai-04-17-2021-thumb.webp,"[""#f97d3e"", ""#fcfbfa""]","{""#f97d3e"": 0.2486, ""#fcfbfa"": 0.3021}",#f97d3e,bright orange,"rounded buttons, large typography, grid layout, sidebar, video background, avatar","futuristic, modern, minimal",0.74
Lapa Ninja (Post),Oboosho,https://www.lapa.ninja/post/oboosho/,https://cdn.lapa.ninja/assets/images/1x/oboosho-thumb.webp,"[""#f6f0ef"", ""#fefefe""]","{""#f6f0ef"": 0.4408, ""#fefefe"": 0.2556}",#f6f0ef,light muted red,"rounded buttons, large typography, grid layout, pricing cards, split screen, form","modern, futuristic, professional",0.82
Lapa Ninja (Post),Font Review Journal,https://www.lapa.ninja/post/fontreviewjournal/,https://cdn.lapa.ninja/assets/images/1x/fontreviewjournal-thumb.webp,"[""#fa3500"", ""#f6fcf5""]","{""#fa3500"": 0.241, ""#f6fcf5"": 0.7023}",#fa3500,bright red,"large typography, grid layout, top navigation, avatar, two-column layout, split screen","minimal, modern, creative",0.75
Lapa Ninja (Post),Car Thing,https://www.lapa.ninja/post/carthing/,https://cdn.lapa.ninja/assets/images/1x/carthing-thumb.webp,"[""#fdced4"", ""#4e3949""]","{""#fdced4"": 0.371, ""#4e3949"": 0.2508}",#fdced4,light bright red,"rounded buttons, top navigation, sidebar, pricing cards, feature list, grid layout","modern, futuristic, minimal",0.79
Lapa Ninja (Post),Brandpad,https://www.lapa.ninja/post/brandpad-2/,https://cdn.lapa.ninja/assets/images/1x/brandpad-04-14-2021-thumb.webp,"[""#000000"", ""#fefefe""]","{""#000000"": 0.3649, ""#fefefe"": 0.6127}",#000000,dark muted neutral,"grid layout, pricing cards, rounded buttons, sidebar, large typography, feature list","minimal, creative, artistic",0.76
Lapa Ninja (Post),VOLK GLOBAL,https://www.lapa.ninja/post/volk-global/,https://cdn.lapa.ninja/assets/images/1x/volk-global-thumb.webp,"[""#000000""]","{""#000000"": 0.8364}",#000000,dark muted neutral,"sidebar, large typography, form, pricing cards, footer, logo","futuristic, modern, retro",0.82
Lapa Ninja (Post),Dan Woodger,https://www.lapa.ninja/post/danwoodger/,https://cdn.lapa.ninja/assets/images/1x/danwoodger-thumb.webp,"[""#f2a764"", ""#fafafa""]","{""#f2a764"": 0.2414, ""#fafafa"": 0.3669}",#f2a764,bright orange,"icon list, sidebar, search bar, hero image, card list, grid layout","artistic, creative, modern",0.74
Lapa Ninja (Post),Luma,https://www.lapa.ninja/post/luma/,https://cdn.lapa.ninja/assets/images/1x/luma-thumb.webp,"[""#fdfcf9""]","{""#fdfcf9"": 0.8363}",#fdfcf9,light bright orange,"rounded buttons, grid layout, pricing cards, feature list, sidebar, split screen","modern, minimal, professional",0.87
Lapa Ninja (Post),Nuro,https://www.lapa.ninja/post/nuro-ai/,https://cdn.lapa.ninja/assets/images/1x/nuro-04-13-2021-thumb.webp,"[""#eceff7"", ""#7e9cad""]","{""#eceff7"": 0.4469, ""#7e9cad"": 0.1676}",#eceff7,light bright blue,"sidebar, large typography, rounded buttons, grid layout, feature list, video background","modern, futuristic, retro",0.83
Lapa Ninja (Post),Schweppes,https://www.lapa.ninja/post/schweppes/,https://cdn.lapa.ninja/assets/images/1x/schweppes-thumb.webp,"[""#fee401""]","{""#fee401"": 0.8236}",#fee401,bright yellow,"sidebar, video background, footer, top navigation, split screen, avatar","bold, cool, futuristic",0.87
Lapa Ninja (Post),Coffee Supreme,https://www.lapa.ninja/post/coffeesupreme/,https://cdn.lapa.ninja/assets/images/1x/coffeesupreme-thumb.webp,"[""#d6d1ce"", ""#faf9f0""]","{""#d6d1ce"": 0.1861, ""#faf9f0"": 0.5711}",#d6d1ce,muted neutral,"pricing cards, grid layout, rounded buttons, large typography, top navigation, sidebar","luxury, modern, cool",0.67
Lapa Ninja (Post),Gabriel Norman,https://www.lapa.ninja/post/gnrm/,https://cdn.lapa.ninja/assets/images/1x/gnrm-thumb.webp,"[""#17181c""]","{""#17181c"": 0.8308}",#17181c,dark muted neutral,"large typography, grid layout, sidebar, icon list, feature list, form","modern, minimal, artistic",0.84
Lapa Ninja (Post),Flow,https://www.lapa.ninja/post/flowfi/,https://cdn.lapa.ninja/assets/images/1x/flowfi-thumb.webp,"[""#000001"", ""#0f1323""]","{""#000001"": 0.7473, ""#0f1323"": 0.2063}",#000001,dark bright blue,"data table, sidebar, large typography, video background, search bar, pricing cards","modern, futuristic, professional",0.86
Lapa Ninja (Post),Clubhouse,https://www.lapa.ninja/post/clubhouse-2/,https://cdn.lapa.ninja/assets/images/1x/clubhouse-04-13-2021-thumb.webp,"[""#fcfdfd""]","{""#fcfdfd"": 0.8893}",#fcfdfd,light muted teal,"rounded buttons, feature list, sidebar, top navigation, footer, icon list","modern, cool, minimal",0.86
Lapa Ninja (Post),Ko-fi,https://www.lapa.ninja/post/ko-fi-2/,https://cdn.lapa.ninja/assets/images/1x/ko-fi-04-13-2021-thumb.webp,"[""#fdfdfd"", ""#c1b3bd""]","{""#fdfdfd"": 0.757, ""#c1b3bd"": 0.0833}",#fdfdfd,light muted neutral,"grid layout, feature list, sidebar, video background, search bar, rounded buttons","cool, modern, professional",0.82
Lapa Ninja (Post),Bitneki,https://www.lapa.ninja/post/bitneki/,https://cdn.lapa.ninja/assets/images/1x/bitneki-thumb.webp,"[""#fed403"", ""#499ec8""]","{""#fed403"": 0.43, ""#499ec8"": 0.334}",#fed403,bright orange,"sidebar, search bar, rounded buttons, large typography, video background, pricing cards","retro, creative, cool",0.82
Lapa Ninja (Post),Argon Ventures,https://www.lapa.ninja/post/argon-ventures/,https://cdn.lapa.ninja/assets/images/1x/argon-ventures-thumb.webp,"[""#fefefe""]","{""#fefefe"": 0.8134}",#fefefe,light muted neutral,"sidebar, pricing cards, form, feature list, avatar, large typography","modern, warm, cool",0.81
Lapa Ninja (Post),Sentempo,https://www.lapa.ninja/post/studiosentempo/,https://cdn.lapa.ninja/assets/images/1x/studiosentempo-thumb.webp,"[""#151414"", ""#d3c0c0""]","{""#151414"": 0.4265, ""#d3c0c0"": 0.3072}",#151414,dark muted neutral,"video background, large typography, sidebar, search bar, split screen, feature list","serious, minimal, bold",0.79
Lapa Ninja (Post),Valery Marier,https://www.lapa.ninja/post/marier/,https://cdn.lapa.ninja/assets/images/1x/marier-thumb.webp,"[""#faf9f9""]","{""#faf9f9"": 0.918}",#faf9f9,light muted neutral,"large typography, pricing cards, rounded buttons, grid layout, feature list, sidebar","modern, professional, minimal",0.83
Lapa Ninja (Post),Pragma,https://www.lapa.ninja/post/pragma/,https://cdn.lapa.ninja/assets/images/1x/pragma-thumb.webp,"[""#010101"", ""#fcfcfc""]","{""#010101"": 0.3963, ""#fcfcfc"": 0.5542}",#010101,dark muted neutral,"rounded buttons, grid layout, feature list, large typography, sidebar, top navigation","modern, futuristic, minimal",0.78
Lapa Ninja (Post),Iron Fish,https://www.lapa.ninja/post/ironfish/,https://cdn.lapa.ninja/assets/images/1x/ironfish-thumb.webp,"[""#1b016e"", ""#fdfcfa""]","{""#1b016e"": 0.465, ""#fdfcfa"": 0.4112}",#1b016e,dark bright blue,"sidebar, grid layout, pricing cards, chart, feature list, large typography","trustworthy, futuristic, modern",0.83
Lapa Ninja (Post),Materia,https://www.lapa.ninja/post/materia/,https://cdn.lapa.ninja/assets/images/1x/materia-thumb.webp,"[""#eceae8"", ""#1b100c""]","{""#eceae8"": 0.4238, ""#1b100c"": 0.1989}",#eceae8,light muted neutral,"grid layout, large typography, video background, sidebar, rounded buttons, icon list","artistic, modern, cool",0.79
Lapa Ninja (Post),Charlie Osborne,https://www.lapa.ninja/post/charlieosborne/,https://cdn.lapa.ninja/assets/images/1x/charlieosborne-thumb.webp,"[""#0d1018""]","{""#0d1018"": 0.9341}",#0d1018,dark muted blue,"large typography, search bar, rounded buttons, sidebar, split screen, grid layout","futuristic, minimal, creative",0.88
Lapa Ninja (Post),Jeremiah Shoaf,https://www.lapa.ninja/post/jeremiahshoaf/,https://cdn.lapa.ninja/assets/images/1x/jeremiahshoaf-thumb.webp,"[""#184829""]","{""#184829"": 0.9417}",#184829,dark bright green,"icon list, two-column layout, large typography, pricing cards, sidebar, feature list","professional, creative, cool",0.87
Lapa Ninja (Post),Ombia Studio,https://www.lapa.ninja/post/ombiastudio/,https://cdn.lapa.ninja/assets/images/1x/ombiastudio-thumb.webp,"[""#87837c"", ""#191714""]","{""#87837c"": 0.6775, ""#191714"": 0.1943}",#87837c,muted neutral,"grid layout, single column, icon list, video background, two-column layout, feature list","modern, minimal, futuristic",0.83
Lapa Ninja (Post),Martin Laxenaire,https://www.lapa.ninja/post/martin-laxenaire-2/,https://cdn.lapa.ninja/assets/images/1x/martin-laxenaire-04-07-2021-thumb.webp,"[""#fefefe"", ""#4f4f51""]","{""#fefefe"": 0.778, ""#4f4f51"": 0.0859}",#fefefe,light muted neutral,"large typography, grid layout, footer, form, split screen, feature list","futuristic, friendly, modern",0.84
Lapa Ninja (Post),Empathy,https://www.lapa.ninja/post/empathy/,https://cdn.lapa.ninja/assets/images/1x/empathy-thumb.webp,"[""#efe8e0"", ""#fdd194""]","{""#efe8e0"": 0.4723, ""#fdd194"": 0.2595}",#efe8e0,light muted orange,"large typography, rounded buttons, grid layout, search bar, sidebar, pricing cards","minimal, modern, calm",0.85
Lapa Ninja (Post),Mamboleoo,https://www.lapa.ninja/post/mamboleoo/,https://cdn.lapa.ninja/assets/images/1x/mamboleoo-thumb.webp,"[""#000000""]","{""#000000"": 0.835}",#000000,dark muted neutral,"sidebar, large typography, rounded buttons, footer, split screen, top navigation","modern, futuristic, cool",0.82
Lapa Ninja (Post),The New Company,https://www.lapa.ninja/post/thenewcompany/,https://cdn.lapa.ninja/assets/images/1x/thenewcompany-thumb.webp,"[""#fefefe"", ""#eeebe5""]","{""#fefefe"": 0.7625, ""#eeebe5"": 0.1086}",#fefefe,light muted neutral,"grid layout, rounded buttons, video background, sidebar, split screen, footer","minimal, cool, modern",0.83
Lapa Ninja (Post),Finematter,https://www.lapa.ninja/post/finematter/,https://cdn.lapa.ninja/assets/images/1x/finematter-thumb.webp,"[""#cec8c2"", ""#fdfdfd""]","{""#cec8c2"": 0.1807, ""#fdfdfd"": 0.4961}",#cec8c2,muted neutral,"rounded buttons, grid layout, large typography, top navigation, sidebar, feature list","minimal, luxury, elegant",0.67
Lapa Ninja (Post),Primer,https://www.lapa.ninja/post/withprimer/,https://cdn.lapa.ninja/assets/images/1x/withprimer-thumb.webp,"[""#f9f7fd""]","{""#f9f7fd"": 0.8818}",#f9f7fd,light bright blue,"grid layout, rounded buttons, sidebar, feature list, search bar, pricing cards","minimal, modern, friendly",0.86
Lapa Ninja (Post),Qatalog,https://www.lapa.ninja/post/qatalog-2/,https://cdn.lapa.ninja/assets/images/1x/qatalog-04-05-2021-thumb.webp,"[""#2d2c2c""]","{""#2d2c2c"": 0.7962}",#2d2c2c,dark muted neutral,"rounded buttons, grid layout, sidebar, search bar, large typography, icon list","modern, minimal, professional",0.83
Lapa Ninja (Post),Patrik Hübner,https://www.lapa.ninja/post/patrik-huebner/,https://cdn.lapa.ninja/assets/images/1x/patrik-huebner-thumb.webp,"[""#000000"", ""#fefefe""]","{""#000000"": 0.234, ""#fefefe"": 0.7301}",#000000,dark muted neutral,"large typography, chart, rounded buttons, sidebar, icon list, centered hero","creative, artistic, minimal",0.7
Lapa Ninja (Post),Oasis Cannabis,https://www.lapa.ninja/post/oasiscannabis/,https://cdn.lapa.ninja/assets/images/1x/oasiscannabis-thumb.webp,"[""#da9320"", ""#e7f1e2""]","{""#da9320"": 0.7967, ""#e7f1e2"": 0.1027}",#da9320,bright orange,"sidebar, large typography, video background, feature list, avatar, chart","cool, vibrant, creative",0.87
Lapa Ninja (Post),Linear,https://www.lapa.ninja/post/linear-2/,https://cdn.lapa.ninja/assets/images/1x/linear-04-05-2021-thumb.webp,"[""#060607"", ""#1f2027""]","{""#060607"": 0.5288, ""#1f2027"": 0.2869}",#060607,dark muted neutral,"feature list, icon list, search bar, sidebar, top navigation, rounded buttons","modern, futuristic, cool",0.83
Lapa Ninja (Post),HNST Jeans,https://www.lapa.ninja/post/letsbehonest/,https://cdn.lapa.ninja/assets/images/1x/letsbehonest-thumb.webp,"[""#e9ccb3"", ""#f4f0e8""]","{""#e9ccb3"": 0.382, ""#f4f0e8"": 0.3263}",#e9ccb3,bright orange,"rounded buttons, grid layout, sidebar, feature list, pricing cards, large typography","retro, minimal, modern",0.81
Lapa Ninja (Post),Lamanna Bakery,https://www.lapa.ninja/post/lamannabakery/,https://cdn.lapa.ninja/assets/images/1x/lamannabakery-thumb.webp,"[""#fd4301"", ""#fec401""]","{""#fd4301"": 0.3327, ""#fec401"": 0.3321}",#fd4301,bright red,"sidebar, large typography, logo, video background, hero image, split screen","artistic, trustworthy, retro",0.79
Lapa Ninja (Post),Joasia Fidler,https://www.lapa.ninja/post/fidlerowna/,https://cdn.lapa.ninja/assets/images/1x/fidlerowna-thumb.webp,"[""#3562fd"", ""#fcfcfc""]","{""#3562fd"": 0.3066, ""#fcfcfc"": 0.4664}",#3562fd,bright blue,"split screen, sidebar, large typography, grid layout, video background, feature list","creative, modern, artistic",0.76
Lapa Ninja (Post),iMAL,https://www.lapa.ninja/post/imal/,https://cdn.lapa.ninja/assets/images/1x/imal-thumb.webp,"[""#fbfcfc"", ""#adaba7""]","{""#fbfcfc"": 0.5942, ""#adaba7"": 0.1724}",#fbfcfc,light muted teal,"grid layout, large typography, icon list, sidebar, two-column layout, data table","modern, futuristic, minimal",0.86
Lapa Ninja (Post),Please Repeat,https://www.lapa.ninja/post/pleaserepeat/,https://cdn.lapa.ninja/assets/images/1x/pleaserepeat-thumb.webp,"[""#925131"", ""#fbfaf9""]","{""#925131"": 0.2627, ""#fbfaf9"": 0.3554}",#925131,bright red,"grid layout, rounded buttons, feature list, chart, pricing cards, avatar","luxury, modern, artistic",0.74
Lapa Ninja (Post),Glide,https://www.lapa.ninja/post/glide/,https://cdn.lapa.ninja/assets/images/1x/glide-thumb.webp,"[""#fef8fd"", ""#975489""]","{""#fef8fd"": 0.6725, ""#975489"": 0.0957}",#fef8fd,light bright magenta,"rounded buttons, grid layout, pricing cards, video background, feature list, sidebar","modern, minimal, luxury",0.87
Lapa Ninja (Post),AAPI Safety Card,https://www.lapa.ninja/post/aapisafetybadge/,https://cdn.lapa.ninja/assets/images/1x/aapisafetybadge-thumb.webp,"[""#010000"", ""#dfdede""]","{""#010000"": 0.5559, ""#dfdede"": 0.3641}",#010000,dark bright red,"sidebar, large typography, rounded buttons, video background, centered hero, cta button","trustworthy, modern, cool",0.86
Lapa Ninja (Post),Acquis Consulting,https://www.lapa.ninja/post/acquisconsulting/,https://cdn.lapa.ninja/assets/images/1x/acquisconsulting-thumb.webp,"[""#0644d7"", ""#fcfcfa""]","{""#0644d7"": 0.3884, ""#fcfcfa"": 0.3307}",#0644d7,bright blue,"large typography, grid layout, rounded buttons, split screen, sidebar, video background","minimal, modern, bold",0.81
Lapa Ninja (Post),Legwrk,https://www.lapa.ninja/post/legwrk/,https://cdn.lapa.ninja/assets/images/1x/legwrk-thumb.webp,"[""#f0f0f1"", ""#161616""]","{""#f0f0f1"": 0.4081, ""#161616"": 0.3397}",#f0f0f1,light muted neutral,"sidebar, rounded buttons, search bar, large typography, feature list, split screen","professional, futuristic, cool",0.78
Lapa Ninja (Post),Companion-Platform,https://www.lapa.ninja/post/companion-platform/,https://cdn.lapa.ninja/assets/images/1x/companion-platform-thumb.webp,"[""#ebece8"", ""#3a3c3d""]","{""#ebece8"": 0.6881, ""#3a3c3d"": 0.1235}",#ebece8,light muted neutral,"grid layout, card list, icon list, feature list, large typography, rounded buttons","modern, artistic, creative",0.83
Lapa Ninja (Post),Superfood Gin,https://www.lapa.ninja/post/superfoodgin/,https://cdn.lapa.ninja/assets/images/1x/superfoodgin-thumb.webp,"[""#fbefea"", ""#1d3456""]","{""#fbefea"": 0.4961, ""#1d3456"": 0.327}",#fbefea,light bright red,"grid layout, sidebar, top navigation, search bar, large typography, pricing cards","minimal, friendly, creative",0.85
Lapa Ninja (Post),Do-Hee Kim,https://www.lapa.ninja/post/do-hee/,https://cdn.lapa.ninja/assets/images/1x/do-hee-thumb.webp,"[""#e6fde4"", ""#f9f517""]","{""#e6fde4"": 0.4594, ""#f9f517"": 0.4266}",#e6fde4,light bright green,"large typography, pricing cards, sidebar, grid layout, footer, feature list","professional, modern, creative",0.84
Lapa Ninja (Post),loadmo.re,https://www.lapa.ninja/post/loadmore/,https://cdn.lapa.ninja/assets/images/1x/loadmore-thumb.webp,"[""#19120f"", ""#f7f6f6""]","{""#19120f"": 0.226, ""#f7f6f6"": 0.3704}",#19120f,dark muted red,"sidebar, grid layout, large typography, footer, feature list, search bar","modern, minimal, cool",0.72
Lapa Ninja (Post),Found,https://www.lapa.ninja/post/found-studio/,https://cdn.lapa.ninja/assets/images/1x/found-studio-thumb.webp,"[""#a1afbc"", ""#fcfcfc""]","{""#a1afbc"": 0.2321, ""#fcfcfc"": 0.4366}",#a1afbc,muted blue,"rounded buttons, large typography, footer, form, search bar, video background","futuristic, modern, bold",0.73
Lapa Ninja (Post),AVA Company,https://www.lapa.ninja/post/avacompany/,https://cdn.lapa.ninja/assets/images/1x/avacompany-thumb.webp,"[""#e9e5e1"", ""#fefefe""]","{""#e9e5e1"": 0.4095, ""#fefefe"": 0.3954}",#e9e5e1,light muted orange,"large typography, grid layout, two-column layout, sidebar, avatar, icon list","minimal, professional, serious",0.82
Lapa Ninja (Post),Vectornator 4.0,https://www.lapa.ninja/post/vectornator-3/,https://cdn.lapa.ninja/assets/images/1x/vectornator-03-31-2021-thumb.webp,"[""#1f104e"", ""#020204""]","{""#1f104e"": 0.4746, ""#020204"": 0.3449}",#1f104e,dark bright blue,"avatar, video background, feature list, split screen, sidebar, grid layout","futuristic, modern, artistic",0.85
Lapa Ninja (Post),Fabio Formato,https://www.lapa.ninja/post/fabioformato/,https://cdn.lapa.ninja/assets/images/1x/fabioformato-thumb.webp,"[""#131311"", ""#c7c7c6""]","{""#131311"": 0.7867, ""#c7c7c6"": 0.1516}",#131311,dark muted neutral,"video background, large typography, feature list, sidebar, split screen, pricing cards","professional, modern, cool",0.83
Lapa Ninja (Post),Atomic Digital Design,https://www.lapa.ninja/post/atomicdigital/,https://cdn.lapa.ninja/assets/images/1x/atomicdigital-thumb.webp,"[""#2f3243"", ""#19191e""]","{""#2f3243"": 0.5031, ""#19191e"": 0.3302}",#2f3243,dark muted blue,"video background, split screen, grid layout, large typography, feature list, sidebar","futuristic, modern, professional",0.86
Lapa Ninja (Post),CoType Foundry,https://www.lapa.ninja/post/cotypefoundry/,https://cdn.lapa.ninja/assets/images/1x/cotypefoundry-thumb.webp,"[""#eae9ea"", ""#cac9cc""]","{""#eae9ea"": 0.5342, ""#cac9cc"": 0.3731}",#eae9ea,light muted neutral,"large typography, form, grid layout, footer, pricing cards, rounded buttons","modern, minimal, professional",0.83
Lapa Ninja (Post),MBRC the ocean,https://www.lapa.ninja/post/mbrctheocean/,https://cdn.lapa.ninja/assets/images/1x/mbrctheocean-thumb.webp,"[""#f9f8f6"", ""#ced4da""]","{""#f9f8f6"": 0.6167, ""#ced4da"": 0.1276}",#f9f8f6,light muted orange,"rounded buttons, top navigation, large typography, search bar, video background, grid layout","minimal, modern, calm",0.87
Lapa Ninja (Post),Zero Waste App,https://www.lapa.ninja/post/zerowaste/,https://cdn.lapa.ninja/assets/images/1x/zerowaste-thumb.webp,"[""#151312"", ""#f3f1ed""]","{""#151312"": 0.8499, ""#f3f1ed"": 0.0818}",#151312,dark muted neutral,"sidebar, large typography, footer, avatar, feature list, search bar","futuristic, modern, retro",0.82
Lapa Ninja (Post),3drops,https://www.lapa.ninja/post/3drops-5/,https://cdn.lapa.ninja/assets/images/1x/3drops-03-30-2021-thumb.webp,"[""#e9ecea"", ""#020202""]","{""#e9ecea"": 0.5909, ""#020202"": 0.3443}",#e9ecea,light muted neutral,"sidebar, top navigation, data table, feature list, large typography, pricing cards","modern, minimal, futuristic",0.82
Lapa Ninja (Post),Ruby Hibiscus Water,https://www.lapa.ninja/post/ruby/,https://cdn.lapa.ninja/assets/images/1x/ruby-thumb.webp,"[""#c9828e"", ""#f4d1d3""]","{""#c9828e"": 0.2859, ""#f4d1d3"": 0.2632}",#c9828e,bright red,"sidebar, video background, pricing cards, feature list, search bar, rounded buttons","futuristic, artistic, luxury",0.75
Lapa Ninja (Post),Aaply,https://www.lapa.ninja/post/aaply/,https://cdn.lapa.ninja/assets/images/1x/aaply-thumb.webp,"[""#f4f3f3"", ""#e9bf49""]","{""#f4f3f3"": 0.7571, ""#e9bf49"": 0.1008}",#f4f3f3,light muted neutral,"rounded buttons, large typography, cta button, sidebar, grid layout, search bar","creative, futuristic, modern",0.83
Lapa Ninja (Post),Pirsch,https://www.lapa.ninja/post/pirsch/,https://cdn.lapa.ninja/assets/images/1x/pirsch-thumb.webp,"[""#0a0a0a"", ""#161716""]","{""#0a0a0a"": 0.765, ""#161716"": 0.1884}",#0a0a0a,dark muted neutral,"data table, sidebar, feature list, search bar, footer, chart","modern, cool, professional",0.83
Lapa Ninja (Post),JAM!,https://www.lapa.ninja/post/jam/,https://cdn.lapa.ninja/assets/images/1x/jam-thumb.webp,"[""#ad04fd"", ""#d646f3""]","{""#ad04fd"": 0.6493, ""#d646f3"": 0.1196}",#ad04fd,bright purple,"large typography, rounded buttons, sidebar, video background, feature list, avatar","modern, minimal, cool",0.87
Lapa Ninja (Post),Jellypepper,https://www.lapa.ninja/post/jellypepper/,https://cdn.lapa.ninja/assets/images/1x/jellypepper-thumb.webp,"[""#faded8"", ""#fcfcfc""]","{""#faded8"": 0.5437, ""#fcfcfc"": 0.2915}",#faded8,light bright red,"rounded buttons, grid layout, large typography, sidebar, feature list, split screen","modern, professional, minimal",0.85
Lapa Ninja (Post),Coolection,https://www.lapa.ninja/post/coolection/,https://cdn.lapa.ninja/assets/images/1x/coolection-thumb.webp,"[""#030201"", ""#eae9e8""]","{""#030201"": 0.5584, ""#eae9e8"": 0.1587}",#030201,dark bright orange,"large typography, grid layout, icon list, footer, feature list, data table","modern, cool, minimal",0.86
Lapa Ninja (Post),Superlist,https://www.lapa.ninja/post/superlist/,https://cdn.lapa.ninja/assets/images/1x/superlist-thumb.webp,"[""#161616"", ""#fd5042""]","{""#161616"": 0.4807, ""#fd5042"": 0.4624}",#161616,dark muted neutral,"large typography, rounded buttons, sidebar, pricing cards, grid layout, video background","minimal, futuristic, modern",0.82
Lapa Ninja (Post),Statamic,https://www.lapa.ninja/post/statamic/,https://cdn.lapa.ninja/assets/images/1x/statamic-thumb.webp,"[""#f7fafb""]","{""#f7fafb"": 0.74}",#f7fafb,light muted teal,"feature list, sidebar, search bar, grid layout, avatar, rounded buttons","modern, futuristic, professional",0.86
Lapa Ninja (Post),Commonry,https://www.lapa.ninja/post/commonry/,https://cdn.lapa.ninja/assets/images/1x/commonry-thumb.webp,"[""#272521"", ""#807c74""]","{""#272521"": 0.3515, ""#807c74"": 0.2024}",#272521,dark muted neutral,"rounded buttons, sidebar, form, large typography, feature list, grid layout","minimal, modern, trustworthy",0.75
Lapa Ninja (Post),First on SoundCloud,https://www.lapa.ninja/post/firston-soundcloud/,https://cdn.lapa.ninja/assets/images/1x/firston-soundcloud-thumb.webp,"[""#070804"", ""#fbf2ed""]","{""#070804"": 0.4319, ""#fbf2ed"": 0.3646}",#070804,dark muted yellow,"sidebar, video background, two-column layout, split screen, footer, chart","futuristic, retro, cool",0.83
Lapa Ninja (Post),Chapter20,https://www.lapa.ninja/post/chapter20care/,https://cdn.lapa.ninja/assets/images/1x/chapter20care-thumb.webp,"[""#f2f1ef"", ""#acbfd0""]","{""#f2f1ef"": 0.3572, ""#acbfd0"": 0.2758}",#f2f1ef,light muted neutral,"grid layout, large typography, sidebar, pricing cards, rounded buttons, feature list","minimal, modern, futuristic",0.75
Lapa Ninja (Post),Abound,https://www.lapa.ninja/post/withabound/,https://cdn.lapa.ninja/assets/images/1x/withabound-thumb.webp,"[""#fdfdfe""]","{""#fdfdfe"": 0.8285}",#fdfdfe,light muted blue,"feature list, rounded buttons, sidebar, form, grid layout, pricing cards","modern, futuristic, bold",0.86
Lapa Ninja (Post),DISTANCE,https://www.lapa.ninja/post/distance-store/,https://cdn.lapa.ninja/assets/images/1x/distance-store-thumb.webp,"[""#ebebeb"", ""#1c1609""]","{""#ebebeb"": 0.6032, ""#1c1609"": 0.1471}",#ebebeb,light muted neutral,"grid layout, footer, rounded buttons, feature list, sidebar, pricing cards","cool, bold, futuristic",0.82
Lapa Ninja (Post),Kiff,https://www.lapa.ninja/post/kiff/,https://cdn.lapa.ninja/assets/images/1x/kiff-thumb.webp,"[""#000000""]","{""#000000"": 0.8119}",#000000,dark muted neutral,"pricing cards, grid layout, sidebar, feature list, top navigation, rounded buttons","minimal, modern, futuristic",0.83
Lapa Ninja (Post),Roof Studio,https://www.lapa.ninja/post/roofstudio/,https://cdn.lapa.ninja/assets/images/1x/roofstudio-thumb.webp,"[""#f5e9e2"", ""#493e21""]","{""#f5e9e2"": 0.4191, ""#493e21"": 0.2662}",#f5e9e2,light bright orange,"video background, sidebar, large typography, carousel, split screen, rounded buttons","artistic, creative, modern",0.83
Lapa Ninja (Post),Sustainable Menus,https://www.lapa.ninja/post/menudurable/,https://cdn.lapa.ninja/assets/images/1x/menudurable-thumb.webp,"[""#fc6041"", ""#fee5d4""]","{""#fc6041"": 0.4992, ""#fee5d4"": 0.3828}",#fc6041,bright red,"sidebar, pricing cards, large typography, rounded buttons, data table, feature list","futuristic, modern, minimal",0.85
Lapa Ninja (Post),Onda,https://www.lapa.ninja/post/drinkonda/,https://cdn.lapa.ninja/assets/images/1x/drinkonda-thumb.webp,"[""#84e0c9"", ""#f66193""]","{""#84e0c9"": 0.3145, ""#f66193"": 0.2532}",#84e0c9,bright teal,"sidebar, pricing cards, large typography, video background, split screen, feature list","vibrant, retro, luxury",0.77
Lapa Ninja (Post),Because Animals,https://www.lapa.ninja/post/becauseanimals/,https://cdn.lapa.ninja/assets/images/1x/becauseanimals-thumb.webp,"[""#03974f"", ""#fafcfb""]","{""#03974f"": 0.3094, ""#fafcfb"": 0.4214}",#03974f,bright green,"grid layout, pricing cards, avatar, large typography, sidebar, footer","minimal, futuristic, modern",0.77
Lapa Ninja (Post),Charlie Phipps,https://www.lapa.ninja/post/phippscharlie/,https://cdn.lapa.ninja/assets/images/1x/phippscharlie-thumb.webp,"[""#131313"", ""#fefefe""]","{""#131313"": 0.4583, ""#fefefe"": 0.3982}",#131313,dark muted neutral,"large typography, pricing cards, grid layout, feature list, icon list, sidebar","minimal, futuristic, professional",0.81
Lapa Ninja (Post),Clover,https://www.lapa.ninja/post/cloverapp/,https://cdn.lapa.ninja/assets/images/1x/cloverapp-thumb.webp,"[""#101112"", ""#212324""]","{""#101112"": 0.5874, ""#212324"": 0.3616}",#101112,dark muted neutral,"rounded buttons, large typography, grid layout, footer, split screen, feature list","modern, minimal, futuristic",0.83
Lapa Ninja (Post),SPIRAL,https://www.lapa.ninja/post/spiraljournal/,https://cdn.lapa.ninja/assets/images/1x/spiraljournal-thumb.webp,"[""#080807"", ""#422e24""]","{""#080807"": 0.5502, ""#422e24"": 0.2868}",#080807,dark muted neutral,"large typography, split screen, sidebar, video background, form, two-column layout","professional, retro, minimal",0.82
Lapa Ninja (Post),Relate,https://www.lapa.ninja/post/relate-5/,https://cdn.lapa.ninja/assets/images/1x/relate-03-25-2021-thumb.webp,"[""#c8aff0"", ""#fefdfe""]","{""#c8aff0"": 0.385, ""#fefdfe"": 0.4682}",#c8aff0,bright purple,"rounded buttons, grid layout, large typography, sidebar, feature list, form","futuristic, modern, minimal",0.81
Lapa Ninja (Post),Vera,https://www.lapa.ninja/post/joinvera/,https://cdn.lapa.ninja/assets/images/1x/joinvera-thumb.webp,"[""#000000"", ""#018fa1""]","{""#000000"": 0.4693, ""#018fa1"": 0.2682}",#000000,dark muted neutral,"large typography, search bar, rounded buttons, footer, grid layout, avatar","minimal, modern, futuristic",0.81
Lapa Ninja (Post),Flipaclip,https://www.lapa.ninja/post/flipaclip/,https://cdn.lapa.ninja/assets/images/1x/flipaclip-thumb.webp,"[""#fefefe"", ""#f1f3fd""]","{""#fefefe"": 0.8572, ""#f1f3fd"": 0.0966}",#fefefe,light muted neutral,"feature list, top navigation, rounded buttons, split screen, video background, sidebar","minimal, cool, creative",0.83
Lapa Ninja (Post),Matthew Fisher,https://www.lapa.ninja/post/mfisher-2/,https://cdn.lapa.ninja/assets/images/1x/mfisher-03-21-2021-thumb.webp,"[""#f2eeec"", ""#dad8d2""]","{""#f2eeec"": 0.669, ""#dad8d2"": 0.1642}",#f2eeec,light muted orange,"large typography, sidebar, feature list, icon list, avatar, rounded buttons","artistic, modern, minimal",0.86
Lapa Ninja (Post),Dan Burrows,https://www.lapa.ninja/post/danburro/,https://cdn.lapa.ninja/assets/images/1x/danburro-thumb.webp,"[""#f6f4ec"", ""#120e09""]","{""#f6f4ec"": 0.5783, ""#120e09"": 0.1563}",#f6f4ec,light bright orange,"rounded buttons, icon list, sidebar, grid layout, top navigation, large typography","modern, luxury, cool",0.86
Lapa Ninja (Post),Amigos,https://www.lapa.ninja/post/amigos/,https://cdn.lapa.ninja/assets/images/1x/amigos-thumb.webp,"[""#0a0b14"", ""#d5c8ed""]","{""#0a0b14"": 0.6956, ""#d5c8ed"": 0.1278}",#0a0b14,dark muted blue,"large typography, sidebar, rounded buttons, feature list, video background, search bar","creative, cool, retro",0.86
Lapa Ninja (Post),Garoa Skincare,https://www.lapa.ninja/post/garoaskincare/,https://cdn.lapa.ninja/assets/images/1x/garoaskincare-thumb.webp,"[""#efebe7"", ""#180b05""]","{""#efebe7"": 0.4145, ""#180b05"": 0.2085}",#efebe7,light muted orange,"grid layout, sidebar, feature list, pricing cards, rounded buttons, form","minimal, modern, luxury",0.82
Lapa Ninja (Post),Realtime Robotics,https://www.lapa.ninja/post/rtr/,https://cdn.lapa.ninja/assets/images/1x/rtr-thumb.webp,"[""#dad9d9"", ""#f5f3f4""]","{""#dad9d9"": 0.3584, ""#f5f3f4"": 0.3148}",#dad9d9,light muted neutral,"grid layout, large typography, pricing cards, data table, footer, top navigation","modern, minimal, futuristic",0.76
Lapa Ninja (Post),Wax Poetics,https://www.lapa.ninja/post/waxpoetics/,https://cdn.lapa.ninja/assets/images/1x/waxpoetics-thumb.webp,"[""#ede9e8"", ""#81737f""]","{""#ede9e8"": 0.4353, ""#81737f"": 0.2541}",#ede9e8,light muted red,"sidebar, two-column layout, icon list, video background, feature list, grid layout","retro, cool, calm",0.82
Lapa Ninja (Post),Fat Free,https://www.lapa.ninja/post/hellofatfree/,https://cdn.lapa.ninja/assets/images/1x/hellofatfree-thumb.webp,"[""#ebebe6"", ""#dc9119""]","{""#ebebe6"": 0.6075, ""#dc9119"": 0.1151}",#ebebe6,light muted neutral,"video background, sidebar, avatar, large typography, split screen, hero image","modern, professional, futuristic",0.83
Lapa Ninja (Post),Gareth Hughes,https://www.lapa.ninja/post/gareth-hughes/,https://cdn.lapa.ninja/assets/images/1x/gareth-hughes-thumb.webp,"[""#010101""]","{""#010101"": 0.8916}",#010101,dark muted neutral,"large typography, video background, avatar, rounded buttons, footer, feature list","creative, artistic, cool",0.83
Lapa Ninja (Post),Reclaim,https://www.lapa.ninja/post/reclaimai/,https://cdn.lapa.ninja/assets/images/1x/reclaimai-thumb.webp,"[""#5762e8"", ""#de9fb4""]","{""#5762e8"": 0.3691, ""#de9fb4"": 0.3555}",#5762e8,bright blue,"rounded buttons, grid layout, large typography, form, footer, sidebar","modern, minimal, calm",0.8
Lapa Ninja (Post),Stacks,https://www.lapa.ninja/post/stacks/,https://cdn.lapa.ninja/assets/images/1x/stacks-thumb.webp,"[""#fcfbfc"", ""#846fd9""]","{""#fcfbfc"": 0.6145, ""#846fd9"": 0.1333}",#fcfbfc,light muted magenta,"rounded buttons, feature list, icon list, sidebar, cta button, grid layout","modern, futuristic, minimal",0.87
Lapa Ninja (Post),VoetsDesign,https://www.lapa.ninja/post/voetsdesign/,https://cdn.lapa.ninja/assets/images/1x/voetsdesign-thumb.webp,"[""#020b1a"", ""#11172a""]","{""#020b1a"": 0.6677, ""#11172a"": 0.1884}",#020b1a,dark bright blue,"rounded buttons, grid layout, large typography, pricing cards, feature list, sidebar","modern, futuristic, minimal",0.86
Lapa Ninja (Post),Ghost 4.0,https://www.lapa.ninja/post/ghost/,https://cdn.lapa.ninja/assets/images/1x/ghost-03-17-2021-thumb.webp,"[""#b99a8d"", ""#f9f9fa""]","{""#b99a8d"": 0.1857, ""#f9f9fa"": 0.495}",#b99a8d,muted red,"grid layout, feature list, search bar, sidebar, rounded buttons, footer","modern, futuristic, minimal",0.71
Lapa Ninja (Post),The European Review of Books,https://www.lapa.ninja/post/europeanreviewofbooks/,https://cdn.lapa.ninja/assets/images/1x/europeanreviewofbooks-thumb.webp,"[""#fdfcfe"", ""#050404""]","{""#fdfcfe"": 0.6789, ""#050404"": 0.1512}",#fdfcfe,light bright purple,"large typography, sidebar, two-column layout, rounded buttons, footer, top navigation","futuristic, modern, minimal",0.86
Lapa Ninja (Post),NOKO NOKO,https://www.lapa.ninja/post/nokonoko/,https://cdn.lapa.ninja/assets/images/1x/nokonoko-thumb.webp,"[""#010101""]","{""#010101"": 0.8847}",#010101,dark muted neutral,"large typography, icon list, sidebar, footer, split screen, grid layout","modern, minimal, creative",0.84
Lapa Ninja (Post),Pupy,https://www.lapa.ninja/post/pupy/,https://cdn.lapa.ninja/assets/images/1x/pupy-thumb.webp,"[""#fefefe""]","{""#fefefe"": 0.9072}",#fefefe,light muted neutral,"rounded buttons, pricing cards, sidebar, cta button, feature list, top navigation","modern, futuristic, minimal",0.83
Lapa Ninja (Post),twobirds.,https://www.lapa.ninja/post/twobirds/,https://cdn.lapa.ninja/assets/images/1x/twobirds-thumb.webp,"[""#fefefe"", ""#010204""]","{""#fefefe"": 0.7873, ""#010204"": 0.1358}",#fefefe,light muted neutral,"pricing cards, rounded buttons, sidebar, grid layout, large typography, footer","minimal, modern, professional",0.83
Lapa Ninja (Post),Showtime,https://www.lapa.ninja/post/tryshowtime/,https://cdn.lapa.ninja/assets/images/1x/tryshowtime-thumb.webp,"[""#fefefe"", ""#c1b8b2""]","{""#fefefe"": 0.6865, ""#c1b8b2"": 0.095}",#fefefe,light muted neutral,"rounded buttons, feature list, grid layout, sidebar, cta button, icon list","modern, futuristic, minimal",0.83
Lapa Ninja (Post),The Hiring Chain,https://www.lapa.ninja/post/hiringchain/,https://cdn.lapa.ninja/assets/images/1x/hiringchain-thumb.webp,"[""#ddd5d1""]","{""#ddd5d1"": 0.9403}",#ddd5d1,muted orange,"large typography, form, sidebar, icon list, split screen, footer","creative, bold, minimal",0.86
Lapa Ninja (Post),Andrey Bolonev,https://www.lapa.ninja/post/bolonev/,https://cdn.lapa.ninja/assets/images/1x/bolonev-thumb.webp,"[""#1b191c"", ""#ae321d""]","{""#1b191c"": 0.7456, ""#ae321d"": 0.1202}",#1b191c,dark muted neutral,"footer, sidebar, rounded buttons, large typography, centered hero, cta button","professional, modern, minimal",0.83
Lapa Ninja (Post),Château Boll,https://www.lapa.ninja/post/chateauboll/,https://cdn.lapa.ninja/assets/images/1x/chateauboll-thumb.webp,"[""#eadfdf"", ""#b7acaa""]","{""#eadfdf"": 0.4984, ""#b7acaa"": 0.1869}",#eadfdf,light muted red,"grid layout, rounded buttons, sidebar, pricing cards, large typography, feature list","luxury, bold, modern",0.86
Lapa Ninja (Post),Coder,https://www.lapa.ninja/post/coder-3/,https://cdn.lapa.ninja/assets/images/1x/coder-03-15-2021-thumb.webp,"[""#f4f4f4""]","{""#f4f4f4"": 0.8521}",#f4f4f4,light muted neutral,"feature list, icon list, rounded buttons, search bar, grid layout, sidebar","modern, minimal, cool",0.82
Lapa Ninja (Post),Around,https://www.lapa.ninja/post/around/,https://cdn.lapa.ninja/assets/images/1x/around-thumb.webp,"[""#181819"", ""#f8f8f9""]","{""#181819"": 0.6455, ""#f8f8f9"": 0.1389}",#181819,dark muted neutral,"grid layout, rounded buttons, split screen, feature list, search bar, sidebar","modern, futuristic, minimal",0.83
Lapa Ninja (Post),Lu Yu,https://www.lapa.ninja/post/luyu-2/,https://cdn.lapa.ninja/assets/images/1x/luyu-03-12-2021-thumb.webp,"[""#080808"", ""#2d2c31""]","{""#080808"": 0.5396, ""#2d2c31"": 0.2769}",#080808,dark muted neutral,"sidebar, video background, large typography, feature list, rounded buttons, grid layout","minimal, bold, cool",0.83
Lapa Ninja (Post),Tangan,https://www.lapa.ninja/post/tangan/,https://cdn.lapa.ninja/assets/images/1x/tangan-thumb.webp,"[""#f5f5f5"", ""#525252""]","{""#f5f5f5"": 0.4148, ""#525252"": 0.1643}",#f5f5f5,light muted neutral,"large typography, sidebar, footer, rounded buttons, search bar, grid layout","minimal, modern, cool",0.79
Lapa Ninja (Post),Jameen Tarlier,https://www.lapa.ninja/post/jameenctarlier/,https://cdn.lapa.ninja/assets/images/1x/jameenctarlier-thumb.webp,"[""#e7e0d8"", ""#e1d9d2""]","{""#e7e0d8"": 0.7286, ""#e1d9d2"": 0.2578}",#e7e0d8,light muted orange,"feature list, icon list, card list, top navigation, sidebar, rounded buttons","minimal, modern, cool",0.87
Lapa Ninja (Post),Index,https://www.lapa.ninja/post/galeriaindex/,https://cdn.lapa.ninja/assets/images/1x/galeriaindex-thumb.webp,"[""#02f302"", ""#019601""]","{""#02f302"": 0.5286, ""#019601"": 0.1624}",#02f302,bright green,"large typography, sidebar, two-column layout, video background, icon list, grid layout","modern, creative, cool",0.88
Lapa Ninja (Post),Showhere,https://www.lapa.ninja/post/showhere/,https://cdn.lapa.ninja/assets/images/1x/showhere-thumb.webp,"[""#27ce7d""]","{""#27ce7d"": 0.9239}",#27ce7d,bright green,"large typography, icon list, pricing cards, sidebar, rounded buttons, feature list","minimal, modern, futuristic",0.87
Lapa Ninja (Post),Animus Studios,https://www.lapa.ninja/post/animusstudios/,https://cdn.lapa.ninja/assets/images/1x/animusstudios-thumb.webp,"[""#111111"", ""#fbfaf9""]","{""#111111"": 0.3895, ""#fbfaf9"": 0.2239}",#111111,dark muted neutral,"rounded buttons, video background, large typography, feature list, carousel, sidebar","creative, artistic, cool",0.77
Lapa Ninja (Post),Talia Cotton,https://www.lapa.ninja/post/taliacotton/,https://cdn.lapa.ninja/assets/images/1x/taliacotton-thumb.webp,"[""#000000""]","{""#000000"": 0.944}",#000000,dark muted neutral,"large typography, pricing cards, feature list, icon list, rounded buttons, sidebar","professional, creative, modern",0.82
Lapa Ninja (Post),Blue Cyclops Design Co,https://www.lapa.ninja/post/bluecyclops-2/,https://cdn.lapa.ninja/assets/images/1x/bluecyclops-03-10-2021-thumb.webp,"[""#fefefe"", ""#d1e6e3""]","{""#fefefe"": 0.703, ""#d1e6e3"": 0.1512}",#fefefe,light muted neutral,"rounded buttons, grid layout, cta button, feature list, large typography, pricing cards","creative, friendly, bold",0.82
Lapa Ninja (Post),Female Faces,https://www.lapa.ninja/post/femalefaces/,https://cdn.lapa.ninja/assets/images/1x/femalefaces-thumb.webp,"[""#000000""]","{""#000000"": 0.8719}",#000000,dark muted neutral,"feature list, icon list, rounded buttons, grid layout, data table, footer","minimal, modern, cool",0.83
Lapa Ninja (Post),Julie Blaive,https://www.lapa.ninja/post/julieblaive/,https://cdn.lapa.ninja/assets/images/1x/julieblaive-thumb.webp,"[""#e3ad86"", ""#5d2d0e""]","{""#e3ad86"": 0.296, ""#5d2d0e"": 0.2579}",#e3ad86,bright orange,"grid layout, sidebar, rounded buttons, video background, split screen, feature list","luxury, artistic, modern",0.77
Lapa Ninja (Post),Amanda Yeh,https://www.lapa.ninja/post/amandayeh/,https://cdn.lapa.ninja/assets/images/1x/amandayeh-thumb.webp,"[""#a2ddbd"", ""#fefefe""]","{""#a2ddbd"": 0.2251, ""#fefefe"": 0.5628}",#a2ddbd,bright green,"grid layout, sidebar, video background, footer, split screen, two-column layout","modern, minimal, futuristic",0.74
Lapa Ninja (Post),Markit by Reify,https://www.lapa.ninja/post/gotomarkit/,https://cdn.lapa.ninja/assets/images/1x/gotomarkit-thumb.webp,"[""#fdf054"", ""#fefefe""]","{""#fdf054"": 0.3236, ""#fefefe"": 0.6092}",#fdf054,bright yellow,"large typography, pricing cards, sidebar, grid layout, footer, rounded buttons","modern, professional, creative",0.78
Lapa Ninja (Post),Fleex,https://www.lapa.ninja/post/fleex/,https://cdn.lapa.ninja/assets/images/1x/fleex-thumb.webp,"[""#f6f2ef"", ""#95816d""]","{""#f6f2ef"": 0.3576, ""#95816d"": 0.2126}",#f6f2ef,light muted orange,"rounded buttons, grid layout, large typography, split screen, feature list, video background","modern, minimal, professional",0.79
Lapa Ninja (Post),fatty15,https://www.lapa.ninja/post/fatty15/,https://cdn.lapa.ninja/assets/images/1x/fatty15-thumb.webp,"[""#efefed"", ""#fcfbfb""]","{""#efefed"": 0.3857, ""#fcfbfb"": 0.5035}",#efefed,light muted neutral,"rounded buttons, large typography, grid layout, footer, form, pricing cards","trustworthy, minimal, futuristic",0.78
Lapa Ninja (Post),Beasts of England,https://www.lapa.ninja/post/beastsofengland/,https://cdn.lapa.ninja/assets/images/1x/beastsofengland-thumb.webp,"[""#222222""]","{""#222222"": 0.8851}",#222222,dark muted neutral,"sidebar, form, large typography, card list, centered hero, avatar","trustworthy, calm, bold",0.82
Lapa Ninja (Post),Heartcore,https://www.lapa.ninja/post/heartcore/,https://cdn.lapa.ninja/assets/images/1x/heartcore-thumb.webp,"[""#fafbfc"", ""#f7c48d""]","{""#fafbfc"": 0.6403, ""#f7c48d"": 0.1442}",#fafbfc,light muted blue,"sidebar, pricing cards, video background, feature list, grid layout, chart","modern, minimal, creative",0.85
Lapa Ninja (Post),Universal Favourite,https://www.lapa.ninja/post/universalfavourite/,https://cdn.lapa.ninja/assets/images/1x/universalfavourite-thumb.webp,"[""#f0eff5"", ""#e8ebd6""]","{""#f0eff5"": 0.5341, ""#e8ebd6"": 0.2793}",#f0eff5,light muted blue,"sidebar, large typography, split screen, search bar, feature list, icon list","modern, futuristic, cool",0.86
Lapa Ninja (Post),Owl Labs,https://www.lapa.ninja/post/owllabs/,https://cdn.lapa.ninja/assets/images/1x/owllabs-thumb.webp,"[""#f0f1f2"", ""#6d78f1""]","{""#f0f1f2"": 0.4482, ""#6d78f1"": 0.1542}",#f0f1f2,light muted neutral,"rounded buttons, cta button, split screen, sidebar, avatar, top navigation","futuristic, modern, bold",0.81
Lapa Ninja (Post),Calvados France,https://www.lapa.ninja/post/drinkcalvados/,https://cdn.lapa.ninja/assets/images/1x/drinkcalvados-thumb.webp,"[""#f1efef"", ""#9f9986""]","{""#f1efef"": 0.3941, ""#9f9986"": 0.2228}",#f1efef,light muted neutral,"sidebar, top navigation, large typography, carousel, feature list, grid layout","creative, artistic, calm",0.77
Lapa Ninja (Post),Dennis Cortés,https://www.lapa.ninja/post/cortes/,https://cdn.lapa.ninja/assets/images/1x/cortes-thumb.webp,"[""#020202""]","{""#020202"": 0.815}",#020202,dark muted neutral,"sidebar, feature list, video background, large typography, icon list, split screen","modern, professional, cool",0.82
Lapa Ninja (Post),Courser,https://www.lapa.ninja/post/courserworld/,https://cdn.lapa.ninja/assets/images/1x/courserworld-thumb.webp,"[""#ede9e0"", ""#d9cbb3""]","{""#ede9e0"": 0.3094, ""#d9cbb3"": 0.2743}",#ede9e0,light muted orange,"video background, sidebar, icon list, large typography, footer, pricing cards","creative, artistic, modern",0.75
Lapa Ninja (Post),Lasse Fløde,https://www.lapa.ninja/post/lassefloede/,https://cdn.lapa.ninja/assets/images/1x/lassefloede-thumb.webp,"[""#f9f9f9""]","{""#f9f9f9"": 0.7987}",#f9f9f9,light muted neutral,"grid layout, icon list, feature list, sidebar, video background, large typography","minimal, modern, artistic",0.83
Lapa Ninja (Post),Ysé Paris,https://www.lapa.ninja/post/yse-paris/,https://cdn.lapa.ninja/assets/images/1x/yse-paris-thumb.webp,"[""#d3bda7"", ""#fdfdfc""]","{""#d3bda7"": 0.2649, ""#fdfdfc"": 0.3284}",#d3bda7,muted orange,"grid layout, rounded buttons, feature list, icon list, search bar, pricing cards","playful, luxury, elegant",0.75
Lapa Ninja (Post),Bellerose,https://www.lapa.ninja/post/bellerose/,https://cdn.lapa.ninja/assets/images/1x/bellerose-thumb.webp,"[""#decab3"", ""#fcf8f5""]","{""#decab3"": 0.2099, ""#fcf8f5"": 0.4762}",#decab3,bright orange,"rounded buttons, grid layout, sidebar, split screen, feature list, large typography","minimal, modern, artistic",0.72
Lapa Ninja (Post),Letters From Venus,https://www.lapa.ninja/post/lettersfromvenus-2/,https://cdn.lapa.ninja/assets/images/1x/lettersfromvenus-03-07-2021-thumb.webp,"[""#fefefe"", ""#121211""]","{""#fefefe"": 0.8012, ""#121211"": 0.0846}",#fefefe,light muted neutral,"sidebar, hero image, centered hero, feature list, icon list, two-column layout","modern, futuristic, cool",0.83
Lapa Ninja (Post),TIGHTYPE™,https://www.lapa.ninja/post/tightype/,https://cdn.lapa.ninja/assets/images/1x/tightype-thumb.webp,"[""#181818"", ""#0a0a0a""]","{""#181818"": 0.7575, ""#0a0a0a"": 0.1288}",#181818,dark muted neutral,"large typography, icon list, card list, feature list, sidebar, grid layout","modern, futuristic, minimal",0.84
Lapa Ninja (Post),Defund to Refund,https://www.lapa.ninja/post/defund2refund/,https://cdn.lapa.ninja/assets/images/1x/defund2refund-thumb.webp,"[""#1e1a16"", ""#f7f2e9""]","{""#1e1a16"": 0.5085, ""#f7f2e9"": 0.4719}",#1e1a16,dark muted orange,"large typography, rounded buttons, sidebar, pricing cards, form, footer","friendly, bold, cool",0.86
Lapa Ninja (Post),Lenonguyen,https://www.lapa.ninja/post/lenonguyen/,https://cdn.lapa.ninja/assets/images/1x/lenonguyen-thumb.webp,"[""#1c1c1c""]","{""#1c1c1c"": 0.7895}",#1c1c1c,dark muted neutral,"rounded buttons, large typography, footer, sidebar, grid layout, feature list","minimal, modern, futuristic",0.83
Lapa Ninja (Post),Jonathan Alpmyr,https://www.lapa.ninja/post/jonathanalpmyr/,https://cdn.lapa.ninja/assets/images/1x/jonathanalpmyr-thumb.webp,"[""#02040b"", ""#101731""]","{""#02040b"": 0.5076, ""#101731"": 0.4156}",#02040b,dark bright blue,"large typography, sidebar, logo, grid layout, video background, split screen","creative, modern, futuristic",0.87
Lapa Ninja (Post),Bruno,https://www.lapa.ninja/post/callbruno/,https://cdn.lapa.ninja/assets/images/1x/callbruno-thumb.webp,"[""#101010"", ""#fefefe""]","{""#101010"": 0.2603, ""#fefefe"": 0.5732}",#101010,dark muted neutral,"pricing cards, rounded buttons, sidebar, feature list, large typography, icon list","modern, futuristic, minimal",0.71
Lapa Ninja (Post),Hanai World,https://www.lapa.ninja/post/hanaiworld/,https://cdn.lapa.ninja/assets/images/1x/hanaiworld-thumb.webp,"[""#292528"", ""#564b48""]","{""#292528"": 0.4193, ""#564b48"": 0.1908}",#292528,dark muted neutral,"avatar, sidebar, large typography, logo, rounded buttons, video background","futuristic, cool, warm",0.78
Lapa Ninja (Post),Huge XD School,https://www.lapa.ninja/post/huge-xd-school/,https://cdn.lapa.ninja/assets/images/1x/huge-xd-school-thumb.webp,"[""#000001""]","{""#000001"": 0.8289}",#000001,dark bright blue,"large typography, pricing cards, sidebar, form, rounded buttons, video background","cool, modern, futuristic",0.86
Lapa Ninja (Post),Tracklib,https://www.lapa.ninja/post/tracklib/,https://cdn.lapa.ninja/assets/images/1x/tracklib-thumb.webp,"[""#0f0e0e"", ""#503b28""]","{""#0f0e0e"": 0.7723, ""#503b28"": 0.0924}",#0f0e0e,dark muted neutral,"video background, sidebar, feature list, icon list, avatar, large typography","artistic, modern, retro",0.82
Lapa Ninja (Post),Black Lines,https://www.lapa.ninja/post/blacklinesdrinks/,https://cdn.lapa.ninja/assets/images/1x/blacklinesdrinks-thumb.webp,"[""#000000"", ""#fbfbfb""]","{""#000000"": 0.3422, ""#fbfbfb"": 0.5293}",#000000,dark muted neutral,"sidebar, large typography, rounded buttons, grid layout, footer, search bar","minimal, luxury, bold",0.75
Lapa Ninja (Post),Alfread,https://www.lapa.ninja/post/alfreadapp/,https://cdn.lapa.ninja/assets/images/1x/alfreadapp-03-04-2021-thumb.webp,"[""#fdfdfb""]","{""#fdfdfb"": 0.9408}",#fdfdfb,light muted yellow,"top navigation, sidebar, cta button, rounded buttons, search bar, feature list","modern, minimal, bold",0.87
Lapa Ninja (Post),Monograph,https://www.lapa.ninja/post/monograph-4/,https://cdn.lapa.ninja/assets/images/1x/monograph-03-04-20211-thumb.webp,"[""#fdfefe""]","{""#fdfefe"": 0.8363}",#fdfefe,light muted teal,"grid layout, rounded buttons, footer, large typography, pricing cards, feature list","professional, minimal, modern",0.85
Lapa Ninja (Post),Ternary,https://www.lapa.ninja/post/ternary/,https://cdn.lapa.ninja/assets/images/1x/ternary-thumb.webp,"[""#013280"", ""#f8fafb""]","{""#013280"": 0.3137, ""#f8fafb"": 0.6152}",#013280,bright blue,"grid layout, rounded buttons, feature list, pricing cards, sidebar, cta button","professional, modern, minimal",0.77
Lapa Ninja (Post),MyPayNow,https://www.lapa.ninja/post/mypaynow/,https://cdn.lapa.ninja/assets/images/1x/mypaynow-thumb.webp,"[""#6e25cf"", ""#fdfcfd""]","{""#6e25cf"": 0.4308, ""#fdfcfd"": 0.4585}",#6e25cf,bright purple,"rounded buttons, pricing cards, footer, sidebar, top navigation, grid layout","modern, futuristic, minimal",0.83
Lapa Ninja (Post),Pablito Planeta,https://www.lapa.ninja/post/pablitoplaneta/,https://cdn.lapa.ninja/assets/images/1x/pablitoplaneta-thumb.webp,"[""#020001""]","{""#020001"": 0.7904}",#020001,dark bright magenta,"large typography, sidebar, footer, rounded buttons, feature list, icon list","futuristic, modern, artistic",0.87
Lapa Ninja (Post),Thingtesting,https://www.lapa.ninja/post/thingtesting/,https://cdn.lapa.ninja/assets/images/1x/thingtesting-thumb.webp,"[""#fefdfe""]","{""#fefdfe"": 0.8335}",#fefdfe,light muted magenta,"rounded buttons, sidebar, grid layout, feature list, large typography, pricing cards","professional, minimal, modern",0.86
Lapa Ninja (Post),Viso Haus,https://www.lapa.ninja/post/viso-haus/,https://cdn.lapa.ninja/assets/images/1x/viso-haus-thumb.webp,"[""#fefefe"", ""#010101""]","{""#fefefe"": 0.8024, ""#010101"": 0.1447}",#fefefe,light muted neutral,"large typography, feature list, two-column layout, sidebar, grid layout, icon list","futuristic, professional, vibrant",0.83
Lapa Ninja (Post),Wild Souls,https://www.lapa.ninja/post/wildsouls/,https://cdn.lapa.ninja/assets/images/1x/wildsouls-thumb.webp,"[""#b6563f"", ""#d9d0e1""]","{""#b6563f"": 0.3594, ""#d9d0e1"": 0.2664}",#b6563f,bright red,"rounded buttons, large typography, grid layout, sidebar, feature list, pricing cards","minimal, bold, luxury",0.79
Lapa Ninja (Post),Irys,https://www.lapa.ninja/post/heyirys/,https://cdn.lapa.ninja/assets/images/1x/heyirys-thumb.webp,"[""#e4f9ef"", ""#fefefe""]","{""#e4f9ef"": 0.3438, ""#fefefe"": 0.4943}",#e4f9ef,light bright green,"grid layout, large typography, rounded buttons, footer, form, data table","modern, minimal, futuristic",0.78
Lapa Ninja (Post),Adam Ho,https://www.lapa.ninja/post/adamho-3/,https://cdn.lapa.ninja/assets/images/1x/adamho-03-02-2021-thumb.webp,"[""#fce7f3"", ""#fefefe""]","{""#fce7f3"": 0.4075, ""#fefefe"": 0.5741}",#fce7f3,light bright magenta,"large typography, form, sidebar, pricing cards, footer, two-column layout","minimal, modern, calm",0.84
Lapa Ninja (Post),Cult Gaia,https://www.lapa.ninja/post/cultgaia/,https://cdn.lapa.ninja/assets/images/1x/cultgaia-thumb.webp,"[""#524a40"", ""#fcfcf6""]","{""#524a40"": 0.2282, ""#fcfcf6"": 0.3559}",#524a40,muted orange,"video background, large typography, rounded buttons, sidebar, grid layout, form","minimal, cool, creative",0.72
Lapa Ninja (Post),Cosmic Collusion,https://www.lapa.ninja/post/cosmiccollusion/,https://cdn.lapa.ninja/assets/images/1x/cosmiccollusion-thumb.webp,"[""#eae8e7"", ""#edbda8""]","{""#eae8e7"": 0.7354, ""#edbda8"": 0.0967}",#eae8e7,light muted neutral,"large typography, feature list, logo, sidebar, pricing cards, card list","artistic, professional, futuristic",0.83
Lapa Ninja (Post),TRWM,https://www.lapa.ninja/post/takearidewithme/,https://cdn.lapa.ninja/assets/images/1x/takearidewithme-thumb.webp,"[""#000000"", ""#53493d""]","{""#000000"": 0.4316, ""#53493d"": 0.2001}",#000000,dark muted neutral,"sidebar, large typography, video background, feature list, form, logo","minimal, modern, cool",0.79
Lapa Ninja (Post),Josh W Comeau,https://www.lapa.ninja/post/joshwcomeau/,https://cdn.lapa.ninja/assets/images/1x/joshwcomeau-thumb.webp,"[""#0c141b"", ""#182029""]","{""#0c141b"": 0.8186, ""#182029"": 0.1296}",#0c141b,dark bright blue,"rounded buttons, sidebar, feature list, grid layout, footer, top navigation","modern, futuristic, minimal",0.86
Lapa Ninja (Post),Order,https://www.lapa.ninja/post/order-design/,https://cdn.lapa.ninja/assets/images/1x/order-design-thumb.webp,"[""#141413"", ""#f0ae1f""]","{""#141413"": 0.5201, ""#f0ae1f"": 0.2951}",#141413,dark muted neutral,"large typography, grid layout, pricing cards, icon list, sidebar, form","modern, minimal, artistic",0.84
Lapa Ninja (Post),Quill,https://www.lapa.ninja/post/quill-2/,https://cdn.lapa.ninja/assets/images/1x/quill-02-24-2021-thumb.webp,"[""#060506"", ""#d8e3e5""]","{""#060506"": 0.3943, ""#d8e3e5"": 0.2026}",#060506,dark muted neutral,"rounded buttons, sidebar, grid layout, pricing cards, split screen, feature list","futuristic, modern, cool",0.77
Lapa Ninja (Post),Rider.404,https://www.lapa.ninja/post/rider404/,https://cdn.lapa.ninja/assets/images/1x/rider404-thumb.webp,"[""#111111"", ""#4c584f""]","{""#111111"": 0.6353, ""#4c584f"": 0.1344}",#111111,dark muted neutral,"sidebar, feature list, video background, large typography, avatar, grid layout","modern, minimal, retro",0.83
Lapa Ninja (Post),Easol,https://www.lapa.ninja/post/easol/,https://cdn.lapa.ninja/assets/images/1x/easol-thumb.webp,"[""#090909"", ""#fdfaf6""]","{""#090909"": 0.3479, ""#fdfaf6"": 0.3874}",#090909,dark muted neutral,"sidebar, feature list, avatar, pricing cards, split screen, top navigation","modern, futuristic, retro",0.75
Lapa Ninja (Post),Happy Tooth,https://www.lapa.ninja/post/happytoothslc/,https://cdn.lapa.ninja/assets/images/1x/happytoothslc-thumb.webp,"[""#eeede0"", ""#acbcb6""]","{""#eeede0"": 0.4358, ""#acbcb6"": 0.2704}",#eeede0,light muted yellow,"video background, footer, grid layout, rounded buttons, sidebar, feature list","cool, creative, friendly",0.83
Lapa Ninja (Post),Vucko,https://www.lapa.ninja/post/vucko/,https://cdn.lapa.ninja/assets/images/1x/vucko-thumb.webp,"[""#fefefe"", ""#b85052""]","{""#fefefe"": 0.6349, ""#b85052"": 0.159}",#fefefe,light muted neutral,"rounded buttons, large typography, sidebar, split screen, pricing cards, two-column layout","modern, futuristic, minimal",0.83
Lapa Ninja (Post),Fifty Editions,https://www.lapa.ninja/post/fiftyeditions-2/,https://cdn.lapa.ninja/assets/images/1x/fiftyeditions-02-24-2021-thumb.webp,"[""#f8f8f8"", ""#c7c7c5""]","{""#f8f8f8"": 0.6227, ""#c7c7c5"": 0.1716}",#f8f8f8,light muted neutral,"icon list, pricing cards, grid layout, large typography, rounded buttons, card list","modern, minimal, artistic",0.83
Lapa Ninja (Post),Utopia Agriculture,https://www.lapa.ninja/post/utopiaagriculture/,https://cdn.lapa.ninja/assets/images/1x/utopiaagriculture-thumb.webp,"[""#d7f2e5"", ""#091b1c""]","{""#d7f2e5"": 0.371, ""#091b1c"": 0.2565}",#d7f2e5,light bright green,"sidebar, feature list, grid layout, video background, large typography, logo","luxury, cool, creative",0.79
Lapa Ninja (Post),Emma Tulloch Architects,https://www.lapa.ninja/post/emmatulloch/,https://cdn.lapa.ninja/assets/images/1x/emmatulloch-thumb.webp,"[""#ebebeb""]","{""#ebebeb"": 0.8343}",#ebebeb,light muted neutral,"grid layout, form, pricing cards, feature list, data table, single column","modern, minimal, luxury",0.83
Lapa Ninja (Post),Powder,https://www.lapa.ninja/post/powder/,https://cdn.lapa.ninja/assets/images/1x/powder-thumb.webp,"[""#0c060d""]","{""#0c060d"": 0.8135}",#0c060d,dark bright purple,"sidebar, large typography, feature list, pricing cards, split screen, video background","professional, futuristic, cool",0.87
Lapa Ninja (Post),Peddlers Gin,https://www.lapa.ninja/post/peddlersgin/,https://cdn.lapa.ninja/assets/images/1x/peddlersgin-thumb.webp,"[""#004539"", ""#0f1a0f""]","{""#004539"": 0.47, ""#0f1a0f"": 0.4168}",#004539,dark bright teal,"large typography, sidebar, rounded buttons, hero image, grid layout, centered hero","cool, creative, modern",0.85
Lapa Ninja (Post),Abstract Notebooks,https://www.lapa.ninja/post/abstract-3/,https://cdn.lapa.ninja/assets/images/1x/abstract-02-24-2021-thumb.webp,"[""#000000"", ""#fefefe""]","{""#000000"": 0.5447, ""#fefefe"": 0.4353}",#000000,dark muted neutral,"large typography, rounded buttons, sidebar, cta button, pricing cards, split screen","professional, minimal, modern",0.83
Lapa Ninja (Post),Gunnar Freyr,https://www.lapa.ninja/post/icelandicexplorer/,https://cdn.lapa.ninja/assets/images/1x/icelandicexplorer-thumb.webp,"[""#111414"", ""#393d3a""]","{""#111414"": 0.4254, ""#393d3a"": 0.3918}",#111414,dark muted neutral,"large typography, top navigation, grid layout, avatar, rounded buttons, sidebar","futuristic, modern, minimal",0.8
Lapa Ninja (Post),Circule,https://www.lapa.ninja/post/studiocircule/,https://cdn.lapa.ninja/assets/images/1x/studiocircule-thumb.webp,"[""#f7f7f7""]","{""#f7f7f7"": 0.8577}",#f7f7f7,light muted neutral,"large typography, grid layout, icon list, single column, pricing cards, sidebar","modern, minimal, artistic",0.83
Lapa Ninja (Post),Too Gallus,https://www.lapa.ninja/post/toogallus/,https://cdn.lapa.ninja/assets/images/1x/toogallus-thumb.webp,"[""#0d0d0d""]","{""#0d0d0d"": 0.9124}",#0d0d0d,dark muted neutral,"large typography, feature list, sidebar, footer, icon list, pricing cards","cool, creative, futuristic",0.84
Lapa Ninja (Post),Whiteboard,https://www.lapa.ninja/post/whiteboard-3/,https://cdn.lapa.ninja/assets/images/1x/whiteboard-02-24-2021-thumb.webp,"[""#fefefe"", ""#252625""]","{""#fefefe"": 0.5561, ""#252625"": 0.1793}",#fefefe,light muted neutral,"large typography, sidebar, form, avatar, footer, video background","futuristic, modern, professional",0.82
Lapa Ninja (Post),Andy Works,https://www.lapa.ninja/post/andy-works/,https://cdn.lapa.ninja/assets/images/1x/andy-thumb.webp,"[""#dfdfdf"", ""#fefefe""]","{""#dfdfdf"": 0.2343, ""#fefefe"": 0.6731}",#dfdfdf,light muted neutral,"rounded buttons, pricing cards, sidebar, large typography, cta button, feature list","cool, creative, bold",0.7
Lapa Ninja (Post),Bitski,https://www.lapa.ninja/post/bitski/,https://cdn.lapa.ninja/assets/images/1x/bitski-thumb.webp,"[""#1f1e1e""]","{""#1f1e1e"": 0.9196}",#1f1e1e,dark muted neutral,"sidebar, rounded buttons, footer, cta button, search bar, avatar","futuristic, modern, retro",0.83
Lapa Ninja (Post),Murmur,https://www.lapa.ninja/post/murmur/,https://cdn.lapa.ninja/assets/images/1x/murmur-thumb.webp,"[""#fefefe"", ""#f6f5f2""]","{""#fefefe"": 0.4836, ""#f6f5f2"": 0.4398}",#fefefe,light muted neutral,"sidebar, split screen, grid layout, rounded buttons, search bar, feature list","modern, professional, minimal",0.81
Lapa Ninja (Post),Gavin Nelson,https://www.lapa.ninja/post/nelson/,https://cdn.lapa.ninja/assets/images/1x/nelson-thumb.webp,"[""#1d2737""]","{""#1d2737"": 0.9291}",#1d2737,dark muted blue,"rounded buttons, grid layout, search bar, large typography, footer, icon list","minimal, modern, futuristic",0.88
Lapa Ninja (Post),Duo Studio,https://www.lapa.ninja/post/duo-studio/,https://cdn.lapa.ninja/assets/images/1x/duo-studio-thumb.webp,"[""#111820"", ""#fefdfd""]","{""#111820"": 0.4049, ""#fefdfd"": 0.497}",#111820,dark muted blue,"grid layout, large typography, rounded buttons, sidebar, pricing cards, avatar","minimal, professional, modern",0.81
Lapa Ninja (Post),LeMond,https://www.lapa.ninja/post/lemond/,https://cdn.lapa.ninja/assets/images/1x/lemond-thumb.webp,"[""#010000"", ""#ecede8""]","{""#010000"": 0.4912, ""#ecede8"": 0.4488}",#010000,dark bright red,"grid layout, large typography, rounded buttons, icon list, top navigation, feature list","minimal, modern, futuristic",0.86
Lapa Ninja (Post),Apostrophe,https://www.lapa.ninja/post/apostrophe/,https://cdn.lapa.ninja/assets/images/1x/apostrophe-thumb.webp,"[""#fdf6e9"", ""#fcf482""]","{""#fdf6e9"": 0.5008, ""#fcf482"": 0.2479}",#fdf6e9,light bright orange,"grid layout, pricing cards, large typography, sidebar, rounded buttons, feature list","trustworthy, luxury, minimal",0.85
Lapa Ninja (Post),Concrete Club Studio,https://www.lapa.ninja/post/concreteclub/,https://cdn.lapa.ninja/assets/images/1x/concreteclub-thumb.webp,"[""#f9f5f2""]","{""#f9f5f2"": 0.9098}",#f9f5f2,light bright orange,"icon list, sidebar, feature list, rounded buttons, two-column layout, large typography","modern, futuristic, cool",0.86
Lapa Ninja (Post),Silvia Tcherassi,https://www.lapa.ninja/post/silviatcherassi/,https://cdn.lapa.ninja/assets/images/1x/silviatcherassi-thumb.webp,"[""#dad3c8"", ""#fdfbf7""]","{""#dad3c8"": 0.2177, ""#fdfbf7"": 0.428}",#dad3c8,muted orange,"grid layout, rounded buttons, pricing cards, sidebar, feature list, video background","elegant, luxury, cool",0.72
Lapa Ninja (Post),Garden City Center,https://www.lapa.ninja/post/gardencitycenter/,https://cdn.lapa.ninja/assets/images/1x/gardencitycenter-thumb.webp,"[""#e8c6c8"", ""#1c268c""]","{""#e8c6c8"": 0.3331, ""#1c268c"": 0.2521}",#e8c6c8,bright red,"grid layout, sidebar, pricing cards, feature list, large typography, video background","modern, artistic, luxury",0.77
Lapa Ninja (Post),Steven Mengin,https://www.lapa.ninja/post/stevenmengin/,https://cdn.lapa.ninja/assets/images/1x/stevenmengin-thumb.webp,"[""#1a1918"", ""#463d38""]","{""#1a1918"": 0.5045, ""#463d38"": 0.1822}",#1a1918,dark muted neutral,"centered hero, sidebar, hero image, video background, feature list, large typography","modern, minimal, artistic",0.82
Lapa Ninja (Post),MOTH,https://www.lapa.ninja/post/mothdrinks/,https://cdn.lapa.ninja/assets/images/1x/mothdrinks-thumb.webp,"[""#080808"", ""#f6f6ed""]","{""#080808"": 0.7098, ""#f6f6ed"": 0.2515}",#080808,dark muted neutral,"large typography, logo, video background, sidebar, form, avatar","modern, minimal, trustworthy",0.83
Lapa Ninja (Post),Ten Two,https://www.lapa.ninja/post/tentwo/,https://cdn.lapa.ninja/assets/images/1x/tentwo-thumb.webp,"[""#f7f7f5"", ""#235c7a""]","{""#f7f7f5"": 0.6907, ""#235c7a"": 0.1231}",#f7f7f5,light muted neutral,"rounded buttons, avatar, sidebar, icon list, large typography, form","modern, futuristic, creative",0.82
Lapa Ninja (Post),Pretty Wild,https://www.lapa.ninja/post/itsallprettywild/,https://cdn.lapa.ninja/assets/images/1x/itsallprettywild-thumb.webp,"[""#241f20"", ""#b8bcbe""]","{""#241f20"": 0.452, ""#b8bcbe"": 0.3388}",#241f20,dark muted neutral,"video background, feature list, sidebar, pricing cards, card list, split screen","luxury, professional, creative",0.8
Lapa Ninja (Post),Never Sit Still,https://www.lapa.ninja/post/neversitstill/,https://cdn.lapa.ninja/assets/images/1x/neversitstill-thumb.webp,"[""#f9f9f8"", ""#0b0f12""]","{""#f9f9f8"": 0.6817, ""#0b0f12"": 0.1105}",#f9f9f8,light muted neutral,"large typography, sidebar, pricing cards, grid layout, feature list, footer","modern, minimal, futuristic",0.83
Lapa Ninja (Post),Mass-Driver,https://www.lapa.ninja/post/mass-driver/,https://cdn.lapa.ninja/assets/images/1x/mass-driver-thumb.webp,"[""#e5e5e5"", ""#f6f6f6""]","{""#e5e5e5"": 0.2611, ""#f6f6f6"": 0.5814}",#e5e5e5,light muted neutral,"large typography, grid layout, two-column layout, pricing cards, icon list, footer","modern, minimal, creative",0.72
Lapa Ninja (Post),MONUMENTO,https://www.lapa.ninja/post/monumento/,https://cdn.lapa.ninja/assets/images/1x/monumento-thumb.webp,"[""#fefefe""]","{""#fefefe"": 0.8214}",#fefefe,light muted neutral,"large typography, top navigation, sidebar, two-column layout, pricing cards, video background","creative, modern, artistic",0.82
Lapa Ninja (Post),oioi.gg,https://www.lapa.ninja/post/oioi/,https://cdn.lapa.ninja/assets/images/1x/oioi-thumb.webp,"[""#f8f4f1""]","{""#f8f4f1"": 0.8938}",#f8f4f1,light muted orange,"pricing cards, grid layout, large typography, icon list, sidebar, card list","cool, creative, retro",0.86
Lapa Ninja (Post),Cafe Robot,https://www.lapa.ninja/post/cafe-robot/,https://cdn.lapa.ninja/assets/images/1x/cafe-robot-thumb.webp,"[""#e4c7de"", ""#07050b""]","{""#e4c7de"": 0.3301, ""#07050b"": 0.2769}",#e4c7de,muted magenta,"sidebar, two-column layout, grid layout, feature list, chart, pricing cards","modern, cool, bold",0.77
Lapa Ninja (Post),WILD FI,https://www.lapa.ninja/post/wild-fi/,https://cdn.lapa.ninja/assets/images/1x/wild-fi-thumb.webp,"[""#fdc001"", ""#fefefe""]","{""#fdc001"": 0.4132, ""#fefefe"": 0.509}",#fdc001,bright orange,"large typography, sidebar, pricing cards, rounded buttons, split screen, centered hero","professional, trustworthy, modern",0.82
Lapa Ninja (Post),Comme Si,https://www.lapa.ninja/post/commesi-2/,https://cdn.lapa.ninja/assets/images/1x/commesi-02-08-2021-thumb.webp,"[""#e7eaed"", ""#b7bbc0""]","{""#e7eaed"": 0.2477, ""#b7bbc0"": 0.2402}",#e7eaed,light muted blue,"large typography, grid layout, footer, rounded buttons, sidebar, hero image","creative, cool, modern",0.73
Lapa Ninja (Post),Framer,https://www.lapa.ninja/post/framer-6/,https://cdn.lapa.ninja/assets/images/1x/framer-02-08-2021-thumb.webp,"[""#1f94e5"", ""#f4f9f8""]","{""#1f94e5"": 0.3342, ""#f4f9f8"": 0.323}",#1f94e5,bright blue,"grid layout, rounded buttons, feature list, pricing cards, sidebar, large typography","modern, futuristic, minimal",0.78
Lapa Ninja (Post),Hélène Vignon,https://www.lapa.ninja/post/helenevignon/,https://cdn.lapa.ninja/assets/images/1x/helenevignon-thumb.webp,"[""#9a3e33"", ""#74362d""]","{""#9a3e33"": 0.7969, ""#74362d"": 0.0906}",#9a3e33,bright red,"grid layout, carousel, sidebar, large typography, video background, split screen","minimal, modern, cool",0.87
Lapa Ninja (Post),Benjamin Briand,https://www.lapa.ninja/post/benjaminbriandavocat/,https://cdn.lapa.ninja/assets/images/1x/benjaminbriandavocat-thumb.webp,"[""#fefefe"", ""#dcdcdc""]","{""#fefefe"": 0.7477, ""#dcdcdc"": 0.1734}",#fefefe,light muted neutral,"large typography, rounded buttons, sidebar, grid layout, pricing cards, search bar","professional, minimal, serious",0.83
Lapa Ninja (Post),Thomas Geisen,https://www.lapa.ninja/post/thomasgeisen/,https://cdn.lapa.ninja/assets/images/1x/thomasgeisen-thumb.webp,"[""#171415""]","{""#171415"": 0.975}",#171415,dark muted neutral,"large typography, pricing cards, feature list, icon list, grid layout, data table","minimal, professional, modern",0.83
Lapa Ninja (Post),Balance,https://www.lapa.ninja/post/getbalance/,https://cdn.lapa.ninja/assets/images/1x/getbalance-thumb.webp,"[""#1c1c1c"", ""#fdfdfd""]","{""#1c1c1c"": 0.4641, ""#fdfdfd"": 0.5154}",#1c1c1c,dark muted neutral,"rounded buttons, grid layout, cta button, pricing cards, feature list, footer","bold, professional, cool",0.81
Lapa Ninja (Post),Meta Craft,https://www.lapa.ninja/post/meta-craft/,https://cdn.lapa.ninja/assets/images/1x/meta-craft-thumb.webp,"[""#5f69bf"", ""#fdfdfe""]","{""#5f69bf"": 0.2732, ""#fdfdfe"": 0.5482}",#5f69bf,bright blue,"rounded buttons, large typography, sidebar, pricing cards, top navigation, grid layout","modern, professional, trustworthy",0.74
Lapa Ninja (Post),Ragged Edge,https://www.lapa.ninja/post/raggededge/,https://cdn.lapa.ninja/assets/images/1x/raggededge-thumb.webp,"[""#000000"", ""#01eaf7""]","{""#000000"": 0.5387, ""#01eaf7"": 0.2474}",#000000,dark muted neutral,"video background, large typography, rounded buttons, sidebar, split screen, top navigation","modern, minimal, cool",0.83
Lapa Ninja (Post),Fujee Design,https://www.lapa.ninja/post/fujeedesign/,https://cdn.lapa.ninja/assets/images/1x/fujeedesign-thumb.webp,"[""#fbfafa"", ""#f0de79""]","{""#fbfafa"": 0.6665, ""#f0de79"": 0.1379}",#fbfafa,light muted neutral,"rounded buttons, sidebar, pricing cards, large typography, search bar, feature list","professional, modern, minimal",0.82
Lapa Ninja (Post),Kruger Buro,https://www.lapa.ninja/post/krugerburo/,https://cdn.lapa.ninja/assets/images/1x/krugerburo-thumb.webp,"[""#110f10"", ""#201d1e""]","{""#110f10"": 0.7142, ""#201d1e"": 0.1192}",#110f10,dark muted neutral,"large typography, grid layout, pricing cards, rounded buttons, form, sidebar","minimal, futuristic, modern",0.83
Lapa Ninja (Post),Highcourt,https://www.lapa.ninja/post/highcourt/,https://cdn.lapa.ninja/assets/images/1x/highcourt-thumb.webp,"[""#f2ede1""]","{""#f2ede1"": 0.9215}",#f2ede1,light bright orange,"large typography, top navigation, sidebar, grid layout, icon list, illustration","modern, creative, cool",0.85
Lapa Ninja (Post),INFRINGE,https://www.lapa.ninja/post/infringe/,https://cdn.lapa.ninja/assets/images/1x/infringe-thumb.webp,"[""#0b0908"", ""#f5f2f2""]","{""#0b0908"": 0.2866, ""#f5f2f2"": 0.2599}",#0b0908,dark muted orange,"icon list, sidebar, feature list, avatar, card list, grid layout","modern, futuristic, artistic",0.77
Lapa Ninja (Post),Impermanence,https://www.lapa.ninja/post/impermanence/,https://cdn.lapa.ninja/assets/images/1x/impermanence-thumb.webp,"[""#fefbf8"", ""#c6c6c6""]","{""#fefbf8"": 0.741, ""#c6c6c6"": 0.09}",#fefbf8,light bright orange,"large typography, sidebar, split screen, grid layout, form, feature list","modern, minimal, trustworthy",0.87
Lapa Ninja (Post),Ryan & Aly,https://www.lapa.ninja/post/ryanandaly/,https://cdn.lapa.ninja/assets/images/1x/ryanandaly-thumb.webp,"[""#141414""]","{""#141414"": 0.9088}",#141414,dark muted neutral,"large typography, sidebar, avatar, feature list, video background, pricing cards","cool, artistic, minimal",0.83
Lapa Ninja (Post),VJ Type Typefaces,https://www.lapa.ninja/post/vj-type-2/,https://cdn.lapa.ninja/assets/images/1x/vj-type-02-07-2021-thumb.webp,"[""#f7e4e1""]","{""#f7e4e1"": 0.9524}",#f7e4e1,light bright red,"large typography, rounded buttons, pricing cards, icon list, grid layout, two-column layout","modern, minimal, luxury",0.87
Lapa Ninja (Post),Maze,https://www.lapa.ninja/post/maze-2/,https://cdn.lapa.ninja/assets/images/1x/maze-02-07-2021-thumb.webp,"[""#ecf2f7"", ""#fefefe""]","{""#ecf2f7"": 0.4541, ""#fefefe"": 0.4528}",#ecf2f7,light bright blue,"rounded buttons, grid layout, large typography, pricing cards, sidebar, feature list","modern, minimal, futuristic",0.84
Lapa Ninja (Post),Bitcoin,https://www.lapa.ninja/post/bitcoin/,https://cdn.lapa.ninja/assets/images/1x/bitcoin-thumb.webp,"[""#fefefe""]","{""#fefefe"": 0.8987}",#fefefe,light muted neutral,"sidebar, video background, search bar, rounded buttons, feature list, icon list","retro, artistic, futuristic",0.82
Lapa Ninja (Post),Olivier Guillard,https://www.lapa.ninja/post/olivierguillard/,https://cdn.lapa.ninja/assets/images/1x/olivierguillard-thumb.webp,"[""#f0ece8""]","{""#f0ece8"": 0.9013}",#f0ece8,light muted orange,"large typography, feature list, pricing cards, rounded buttons, sidebar, grid layout","modern, professional, creative",0.87
Lapa Ninja (Post),dBodhi,https://www.lapa.ninja/post/dbodhi/,https://cdn.lapa.ninja/assets/images/1x/dbodhi-thumb.webp,"[""#f0ebe7"", ""#1b120d""]","{""#f0ebe7"": 0.3441, ""#1b120d"": 0.197}",#f0ebe7,light muted orange,"grid layout, sidebar, split screen, video background, large typography, hero image","modern, artistic, creative",0.78
Lapa Ninja (Post),Nibelu,https://www.lapa.ninja/post/nibelu/,https://cdn.lapa.ninja/assets/images/1x/nibelu-thumb.webp,"[""#e1e4f2"", ""#fefdfd""]","{""#e1e4f2"": 0.4441, ""#fefdfd"": 0.463}",#e1e4f2,light bright blue,"grid layout, pricing cards, sidebar, feature list, rounded buttons, large typography","luxury, minimal, bold",0.83
Lapa Ninja (Post),Diamond Cafe,https://www.lapa.ninja/post/diamond-cafe/,https://cdn.lapa.ninja/assets/images/1x/diamond-cafe-thumb.webp,"[""#181511"", ""#fcfcfc""]","{""#181511"": 0.1879, ""#fcfcfc"": 0.5284}",#181511,dark muted orange,"sidebar, feature list, icon list, card list, grid layout, video background","professional, cool, creative",0.71
Lapa Ninja (Post),Ytech,https://www.lapa.ninja/post/ytech/,https://cdn.lapa.ninja/assets/images/1x/ytech-thumb.webp,"[""#021e3d"", ""#26e3dc""]","{""#021e3d"": 0.5669, ""#26e3dc"": 0.2904}",#021e3d,dark bright blue,"avatar, sidebar, search bar, large typography, top navigation, grid layout","futuristic, modern, professional",0.86
Lapa Ninja (Post),Hoodzpah,https://www.lapa.ninja/post/hoodzpahdesign-2/,https://cdn.lapa.ninja/assets/images/1x/hoodzpahdesign-01-31-2021-thumb.webp,"[""#f7f6f1"", ""#23356e""]","{""#f7f6f1"": 0.6046, ""#23356e"": 0.1435}",#f7f6f1,light muted yellow,"large typography, grid layout, rounded buttons, two-column layout, split screen, sidebar","modern, minimal, futuristic",0.87
Lapa Ninja (Post),Buy Fonts Save Lives,https://www.lapa.ninja/post/buyfontssavelives/,https://cdn.lapa.ninja/assets/images/1x/buyfontssavelives-thumb.webp,"[""#000000"", ""#fef5f4""]","{""#000000"": 0.2286, ""#fef5f4"": 0.735}",#000000,dark muted neutral,"large typography, pricing cards, sidebar, rounded buttons, feature list, icon list","futuristic, creative, cool",0.7
Lapa Ninja (Post),fanfanfan,https://www.lapa.ninja/post/fanfanfan/,https://cdn.lapa.ninja/assets/images/1x/fanfanfan-thumb.webp,"[""#fefefe""]","{""#fefefe"": 0.9178}",#fefefe,light muted neutral,"large typography, single column, icon list, sidebar, two-column layout, rounded buttons","modern, creative, futuristic",0.83
Lapa Ninja (Post),Aurélia Durand,https://www.lapa.ninja/post/aurelia-studio/,https://cdn.lapa.ninja/assets/images/1x/aurelia-studio-thumb.webp,"[""#fcaf07"", ""#fdfbf0""]","{""#fcaf07"": 0.1996, ""#fdfbf0"": 0.5383}",#fcaf07,bright orange,"sidebar, logo, illustration, large typography, rounded buttons, video background","artistic, vibrant, professional",0.7
Lapa Ninja (Post),The Mind Map,https://www.lapa.ninja/post/themindmap/,https://cdn.lapa.ninja/assets/images/1x/themindmap-thumb.webp,"[""#fdfdfd""]","{""#fdfdfd"": 0.8372}",#fdfdfd,light muted neutral,"pricing cards, grid layout, sidebar, large typography, rounded buttons, split screen","modern, minimal, bold",0.83
Lapa Ninja (Post),Davis Row,https://www.lapa.ninja/post/davisrow/,https://cdn.lapa.ninja/assets/images/1x/davisrow-thumb.webp,"[""#fefdf9""]","{""#fefdf9"": 0.8515}",#fefdf9,light bright orange,"sidebar, large typography, pricing cards, two-column layout, feature list, video background","trustworthy, professional, bold",0.85
Lapa Ninja (Post),Every,https://www.lapa.ninja/post/every/,https://cdn.lapa.ninja/assets/images/1x/everyto-thumb.webp,"[""#fdfdfd""]","{""#fdfdfd"": 0.9558}",#fdfdfd,light muted neutral,"rounded buttons, search bar, pricing cards, grid layout, data table, feature list","minimal, modern, professional",0.83
Lapa Ninja (Post),BlueIO,https://www.lapa.ninja/post/blueio/,https://cdn.lapa.ninja/assets/images/1x/blueio-thumb.webp,"[""#e9ecf9"", ""#f6f5f4""]","{""#e9ecf9"": 0.5486, ""#f6f5f4"": 0.432}",#e9ecf9,light bright blue,"large typography, rounded buttons, sidebar, grid layout, feature list, split screen","modern, minimal, futuristic",0.87
Lapa Ninja (Post),Hobbes,https://www.lapa.ninja/post/hobbes/,https://cdn.lapa.ninja/assets/images/1x/hobbes-thumb.webp,"[""#000000"", ""#fcadf2""]","{""#000000"": 0.5739, ""#fcadf2"": 0.146}",#000000,dark muted neutral,"rounded buttons, large typography, grid layout, split screen, icon list, footer","minimal, modern, artistic",0.83
Lapa Ninja (Post),Circle,https://www.lapa.ninja/post/circle/,https://cdn.lapa.ninja/assets/images/1x/circle-thumb.webp,"[""#fefefe"", ""#e8e8e4""]","{""#fefefe"": 0.5849, ""#e8e8e4"": 0.157}",#fefefe,light muted neutral,"large typography, sidebar, rounded buttons, avatar, split screen, feature list","modern, minimal, futuristic",0.82
Lapa Ninja (Post),AUFI,https://www.lapa.ninja/post/aufi-2/,https://cdn.lapa.ninja/assets/images/1x/aufi-01-31-2021-thumb.webp,"[""#def816"", ""#fefefd""]","{""#def816"": 0.4345, ""#fefefd"": 0.406}",#def816,bright yellow,"sidebar, feature list, icon list, video background, search bar, grid layout","futuristic, modern, creative",0.85
Lapa Ninja (Post),Tomasz Strekowski,https://www.lapa.ninja/post/strekowski/,https://cdn.lapa.ninja/assets/images/1x/strekowski-thumb.webp,"[""#303030"", ""#6d6e6f""]","{""#303030"": 0.7314, ""#6d6e6f"": 0.2139}",#303030,dark muted neutral,"large typography, pricing cards, rounded buttons, icon list, grid layout, sidebar","modern, professional, minimal",0.83
Lapa Ninja (Post),Levon Aronian,https://www.lapa.ninja/post/levonaronian/,https://cdn.lapa.ninja/assets/images/1x/levonaronian-thumb.webp,"[""#fefefe""]","{""#fefefe"": 0.8799}",#fefefe,light muted neutral,"grid layout, large typography, top navigation, two-column layout, chart, pricing cards","modern, creative, minimal",0.83
Lapa Ninja (Post),CauseVox,https://www.lapa.ninja/post/causevox/,https://cdn.lapa.ninja/assets/images/1x/causevox-thumb.webp,"[""#fdfdfd""]","{""#fdfdfd"": 0.8453}",#fdfdfd,light muted neutral,"pricing cards, feature list, sidebar, cta button, carousel, rounded buttons","modern, futuristic, creative",0.82
Lapa Ninja (Post),Hemster,https://www.lapa.ninja/post/hemster/,https://cdn.lapa.ninja/assets/images/1x/hemster-thumb.webp,"[""#1e1d2a"", ""#f4eeee""]","{""#1e1d2a"": 0.477, ""#f4eeee"": 0.3388}",#1e1d2a,dark muted blue,"grid layout, rounded buttons, large typography, footer, feature list, video background","minimal, modern, cool",0.87
Lapa Ninja (Post),Convicts,https://www.lapa.ninja/post/convicts/,https://cdn.lapa.ninja/assets/images/1x/convicts-thumb.webp,"[""#fefefe"", ""#1b1b1b""]","{""#fefefe"": 0.6693, ""#1b1b1b"": 0.1553}",#fefefe,light muted neutral,"sidebar, large typography, icon list, grid layout, video background, feature list","minimal, creative, bold",0.82
Lapa Ninja (Post),The New Movement,https://www.lapa.ninja/post/thenewmvt/,https://cdn.lapa.ninja/assets/images/1x/thenewmvt-thumb.webp,"[""#f7f4ec"", ""#161616""]","{""#f7f4ec"": 0.4995, ""#161616"": 0.4374}",#f7f4ec,light bright orange,"grid layout, large typography, rounded buttons, sidebar, pricing cards, video background","minimal, modern, professional",0.87
Lapa Ninja (Post),Laws of UX,https://www.lapa.ninja/post/lawsofux/,https://cdn.lapa.ninja/assets/images/1x/lawsofux-thumb.webp,"[""#121216"", ""#366d75""]","{""#121216"": 0.6707, ""#366d75"": 0.1329}",#121216,dark muted neutral,"rounded buttons, large typography, grid layout, top navigation, icon list, cta button","modern, futuristic, minimal",0.83
Lapa Ninja (Post),Plenty,https://www.lapa.ninja/post/plenty/,https://cdn.lapa.ninja/assets/images/1x/plenty-thumb.webp,"[""#77a32c"", ""#203007""]","{""#77a32c"": 0.2836, ""#203007"": 0.2261}",#77a32c,bright green,"sidebar, pricing cards, feature list, form, footer, search bar","playful, friendly, creative",0.75
Lapa Ninja (Post),Eder Anaya,https://www.lapa.ninja/post/ederanaya/,https://cdn.lapa.ninja/assets/images/1x/ederanaya-thumb.webp,"[""#fefefe""]","{""#fefefe"": 0.9161}",#fefefe,light muted neutral,"large typography, grid layout, rounded buttons, pricing cards, footer, avatar","modern, minimal, professional",0.84
Lapa Ninja (Post),Caligrafik,https://www.lapa.ninja/post/caligrafik/,https://cdn.lapa.ninja/assets/images/1x/caligrafik-thumb.webp,"[""#0f0e0e""]","{""#0f0e0e"": 0.9252}",#0f0e0e,dark muted neutral,"sidebar, avatar, centered hero, rounded buttons, hero illustration, grid layout","artistic, creative, minimal",0.83
Lapa Ninja (Post),GIGANTIC!,https://www.lapa.ninja/post/giganticcandy/,https://cdn.lapa.ninja/assets/images/1x/giganticcandy-thumb.webp,"[""#fdc3dd"", ""#080403""]","{""#fdc3dd"": 0.5636, ""#080403"": 0.2003}",#fdc3dd,light bright magenta,"sidebar, feature list, large typography, video background, split screen, card list","retro, futuristic, creative",0.88
Lapa Ninja (Post),FarmWise,https://www.lapa.ninja/post/farmwise/,https://cdn.lapa.ninja/assets/images/1x/farmwise-thumb.webp,"[""#326762"", ""#f8fcfb""]","{""#326762"": 0.4169, ""#f8fcfb"": 0.3373}",#326762,muted teal,"grid layout, large typography, sidebar, feature list, footer, form","futuristic, modern, professional",0.81
Lapa Ninja (Post),Black Madre,https://www.lapa.ninja/post/blackmadre/,https://cdn.lapa.ninja/assets/images/1x/blackmadre-thumb.webp,"[""#010000"", ""#e9b002""]","{""#010000"": 0.4907, ""#e9b002"": 0.3403}",#010000,dark bright red,"large typography, sidebar, rounded buttons, grid layout, avatar, video background","modern, creative, artistic",0.86
Lapa Ninja (Post),Helena Zhang,https://www.lapa.ninja/post/helenazhang/,https://cdn.lapa.ninja/assets/images/1x/helenazhang-thumb.webp,"[""#fdfdfd"", ""#727272""]","{""#fdfdfd"": 0.6368, ""#727272"": 0.1683}",#fdfdfd,light muted neutral,"grid layout, rounded buttons, cta button, sidebar, icon list, search bar","modern, futuristic, minimal",0.83
Lapa Ninja (Post),ExpressVPN,https://www.lapa.ninja/post/expressvpn/,https://cdn.lapa.ninja/assets/images/1x/expressvpn-thumb.webp,"[""#e4d8c1"", ""#fefefe""]","{""#e4d8c1"": 0.3087, ""#fefefe"": 0.5522}",#e4d8c1,bright orange,"grid layout, rounded buttons, sidebar, avatar, centered hero, top navigation","modern, futuristic, minimal",0.77
Lapa Ninja (Post),Myriad,https://www.lapa.ninja/post/myriad/,https://cdn.lapa.ninja/assets/images/1x/myriad-thumb.webp,"[""#010001"", ""#e9e4ea""]","{""#010001"": 0.7062, ""#e9e4ea"": 0.0967}",#010001,dark bright magenta,"video background, split screen, large typography, sidebar, avatar, cta button","modern, futuristic, artistic",0.88
Lapa Ninja (Post),Sam Goddard,https://www.lapa.ninja/post/samgoddard/,https://cdn.lapa.ninja/assets/images/1x/samgoddard-thumb.webp,"[""#272425"", ""#c2c2c2""]","{""#272425"": 0.8423, ""#c2c2c2"": 0.09}",#272425,dark muted neutral,"feature list, card list, icon list, two-column layout, large typography, rounded buttons","modern, professional, cool",0.83
Lapa Ninja (Post),Middltone,https://www.lapa.ninja/post/middltone/,https://cdn.lapa.ninja/assets/images/1x/middltone-thumb.webp,"[""#161616"", ""#f6f6f6""]","{""#161616"": 0.3167, ""#f6f6f6"": 0.441}",#161616,dark muted neutral,"rounded buttons, large typography, sidebar, feature list, data table, form","futuristic, minimal, modern",0.73
Lapa Ninja (Post),NEW ORDER,https://www.lapa.ninja/post/neworder/,https://cdn.lapa.ninja/assets/images/1x/neworder-thumb.webp,"[""#181820"", ""#f7f9f9""]","{""#181820"": 0.4953, ""#f7f9f9"": 0.182}",#181820,dark muted blue,"sidebar, large typography, form, grid layout, feature list, footer","futuristic, modern, professional",0.86
Lapa Ninja (Post),SPORTIVO STORE,https://www.lapa.ninja/post/sportivostore/,https://cdn.lapa.ninja/assets/images/1x/sportivostore-thumb.webp,"[""#e1e0dc"", ""#fefefe""]","{""#e1e0dc"": 0.4101, ""#fefefe"": 0.2323}",#e1e0dc,light muted neutral,"sidebar, split screen, grid layout, large typography, icon list, form","modern, creative, artistic",0.78
Lapa Ninja (Post),Lara Mendonça,https://www.lapa.ninja/post/laramendon/,https://cdn.lapa.ninja/assets/images/1x/laramendon-thumb.webp,"[""#fefefe""]","{""#fefefe"": 0.8668}",#fefefe,light muted neutral,"large typography, grid layout, two-column layout, pricing cards, sidebar, rounded buttons","professional, luxury, modern",0.82
Lapa Ninja (Post),we-go,https://www.lapa.ninja/post/we-go/,https://cdn.lapa.ninja/assets/images/1x/we-go-thumb.webp,"[""#171616"", ""#e92f3a""]","{""#171616"": 0.7327, ""#e92f3a"": 0.2192}",#171616,dark muted neutral,"large typography, sidebar, cta button, rounded buttons, grid layout, feature list","creative, modern, bold",0.83
Lapa Ninja (Post),Artomatic,https://www.lapa.ninja/post/artomatic/,https://cdn.lapa.ninja/assets/images/1x/artomatic-thumb.webp,"[""#dbd2d3"", ""#fefefd""]","{""#dbd2d3"": 0.6526, ""#fefefd"": 0.1827}",#dbd2d3,muted neutral,"large typography, rounded buttons, pricing cards, avatar, sidebar, split screen","futuristic, creative, artistic",0.82
Lapa Ninja (Post),GAFFER,https://www.lapa.ninja/post/gaffer/,https://cdn.lapa.ninja/assets/images/1x/gaffer-thumb.webp,"[""#10100f"", ""#b1adaf""]","{""#10100f"": 0.5516, ""#b1adaf"": 0.1794}",#10100f,dark muted neutral,"sidebar, split screen, grid layout, avatar, feature list, large typography","artistic, modern, creative",0.83
Lapa Ninja (Post),Three.js Journey,https://www.lapa.ninja/post/threejs-journey/,https://cdn.lapa.ninja/assets/images/1x/threejs-journey-thumb.webp,"[""#170b1f"", ""#f9f4fc""]","{""#170b1f"": 0.4109, ""#f9f4fc"": 0.3814}",#170b1f,dark bright purple,"grid layout, pricing cards, rounded buttons, large typography, sidebar, split screen","modern, minimal, professional",0.82
Lapa Ninja (Post),L'Impératrice,https://www.lapa.ninja/post/l-imperatrice/,https://cdn.lapa.ninja/assets/images/1x/l-imperatrice-thumb.webp,"[""#1391bc"", ""#ebe9e0""]","{""#1391bc"": 0.3614, ""#ebe9e0"": 0.2698}",#1391bc,bright teal,"sidebar, split screen, rounded buttons, feature list, large typography, two-column layout","modern, futuristic, retro",0.8
Lapa Ninja (Post),Open Design,https://www.lapa.ninja/post/opendesign-avocode/,https://cdn.lapa.ninja/assets/images/1x/opendesign-avocode-thumb.webp,"[""#fafcfe""]","{""#fafcfe"": 0.903}",#fafcfe,light bright blue,"rounded buttons, large typography, sidebar, feature list, cta button, centered hero","futuristic, modern, minimal",0.86
Lapa Ninja (Post),Erica Bech,https://www.lapa.ninja/post/ericabech/,https://cdn.lapa.ninja/assets/images/1x/ericabech-thumb.webp,"[""#bff349"", ""#ead8db""]","{""#bff349"": 0.4252, ""#ead8db"": 0.1779}",#bff349,bright yellow,"video background, sidebar, icon list, grid layout, feature list, avatar","artistic, creative, vibrant",0.83
Lapa Ninja (Post),Antara Studio,https://www.lapa.ninja/post/antara-studio/,https://cdn.lapa.ninja/assets/images/1x/antara-studio-thumb.webp,"[""#f5f5f4"", ""#e2ddd2""]","{""#f5f5f4"": 0.8038, ""#e2ddd2"": 0.1005}",#f5f5f4,light muted neutral,"large typography, form, rounded buttons, sidebar, feature list, grid layout","modern, futuristic, minimal",0.83
Lapa Ninja (Post),Nanna Lagerman,https://www.lapa.ninja/post/nannalagerman/,https://cdn.lapa.ninja/assets/images/1x/nannalagerman-thumb.webp,"[""#1d1f1f"", ""#0f1010""]","{""#1d1f1f"": 0.5412, ""#0f1010"": 0.1651}",#1d1f1f,dark muted neutral,"large typography, video background, sidebar, top navigation, logo, icon list","professional, modern, minimal",0.83
Lapa Ninja (Post),Maggie Stiefvater,https://www.lapa.ninja/post/maggiestiefvater/,https://cdn.lapa.ninja/assets/images/1x/maggiestiefvater-thumb.webp,"[""#343a41"", ""#faf8f2""]","{""#343a41"": 0.2436, ""#faf8f2"": 0.3257}",#343a41,dark muted neutral,"sidebar, large typography, feature list, footer, card list, hero image","artistic, cool, modern",0.7
Lapa Ninja (Post),World After Covid,https://www.lapa.ninja/post/worldaftercovid/,https://cdn.lapa.ninja/assets/images/1x/worldaftercovid-thumb.webp,"[""#121315"", ""#5f6161""]","{""#121315"": 0.5658, ""#5f6161"": 0.1697}",#121315,dark muted neutral,"grid layout, rounded buttons, large typography, split screen, sidebar, video background","modern, cool, minimal",0.82
Lapa Ninja (Post),Swell,https://www.lapa.ninja/post/swell/,https://cdn.lapa.ninja/assets/images/1x/swell-thumb.webp,"[""#fefdfc""]","{""#fefdfc"": 0.8279}",#fefdfc,light bright orange,"large typography, grid layout, pricing cards, data table, sidebar, feature list","creative, modern, artistic",0.86
Lapa Ninja (Post),Moe Amaya,https://www.lapa.ninja/post/moeamaya/,https://cdn.lapa.ninja/assets/images/1x/moeamaya-01-19-2021-thumb.webp,"[""#fcfdfa"", ""#efd606""]","{""#fcfdfa"": 0.7641, ""#efd606"": 0.1019}",#fcfdfa,light bright yellow,"pricing cards, data table, large typography, cta button, rounded buttons, grid layout","modern, minimal, professional",0.88
Lapa Ninja (Post),Until One Sunday We Didn’t,https://www.lapa.ninja/post/timo-kuilder-book/,https://cdn.lapa.ninja/assets/images/1x/timokuilder-01-19-2021-thumb.webp,"[""#000000"", ""#fdfdfd""]","{""#000000"": 0.4731, ""#fdfdfd"": 0.3021}",#000000,dark muted neutral,"pricing cards, large typography, sidebar, split screen, hero image, grid layout","creative, cool, artistic",0.81
Lapa Ninja (Post),Spacecadet,https://www.lapa.ninja/post/spacecadet/,https://cdn.lapa.ninja/assets/images/1x/spacecadet-thumb.webp,"[""#000000""]","{""#000000"": 0.8866}",#000000,dark muted neutral,"form, large typography, footer, sidebar, avatar, video background","futuristic, cool, retro",0.82
Lapa Ninja (Post),Teamflow,https://www.lapa.ninja/post/teamflowhq/,https://cdn.lapa.ninja/assets/images/1x/teamflowhq-thumb.webp,"[""#eae0d6"", ""#fcfdfe""]","{""#eae0d6"": 0.1986, ""#fcfdfe"": 0.726}",#eae0d6,light muted orange,"rounded buttons, grid layout, footer, sidebar, feature list, cta button","minimal, modern, professional",0.71
Lapa Ninja (Post),Aaron Shapiro,https://www.lapa.ninja/post/aaron/,https://cdn.lapa.ninja/assets/images/1x/aaron-thumb.webp,"[""#fefefe""]","{""#fefefe"": 0.8668}",#fefefe,light muted neutral,"large typography, rounded buttons, sidebar, split screen, search bar, grid layout","minimal, modern, futuristic",0.83
Lapa Ninja (Post),Fauna,https://www.lapa.ninja/post/faune-bijouterie/,https://cdn.lapa.ninja/assets/images/1x/faune-bijouterie-thumb.webp,"[""#fbf7f8"", ""#eab7a1""]","{""#fbf7f8"": 0.6088, ""#eab7a1"": 0.1426}",#fbf7f8,light muted red,"large typography, sidebar, rounded buttons, grid layout, feature list, search bar","cool, bold, modern",0.85
Lapa Ninja (Post),immi,https://www.lapa.ninja/post/immieats/,https://cdn.lapa.ninja/assets/images/1x/immieats-thumb.webp,"[""#fee801"", ""#87532c""]","{""#fee801"": 0.5403, ""#87532c"": 0.128}",#fee801,bright yellow,"large typography, grid layout, video background, sidebar, feature list, split screen","modern, retro, cool",0.87
Lapa Ninja (Post),Clar Development,https://www.lapa.ninja/post/clar/,https://cdn.lapa.ninja/assets/images/1x/clar-thumb.webp,"[""#f6f6f2"", ""#edbeab""]","{""#f6f6f2"": 0.8548, ""#edbeab"": 0.0857}",#f6f6f2,light muted yellow,"large typography, sidebar, form, avatar, icon list, two-column layout","minimal, modern, calm",0.88
Lapa Ninja (Post),Fermé,https://www.lapa.ninja/post/ferme/,https://cdn.lapa.ninja/assets/images/1x/ferme-thumb.webp,"[""#cdc9c4"", ""#f0efeb""]","{""#cdc9c4"": 0.3078, ""#f0efeb"": 0.2756}",#cdc9c4,muted neutral,"large typography, rounded buttons, sidebar, grid layout, feature list, footer","cool, luxury, bold",0.73
Lapa Ninja (Post),Signal Messenger,https://www.lapa.ninja/post/signal/,https://cdn.lapa.ninja/assets/images/1x/signal-thumb.webp,"[""#ebebeb"", ""#9fbaf5""]","{""#ebebeb"": 0.414, ""#9fbaf5"": 0.25}",#ebebeb,light muted neutral,"feature list, footer, sidebar, grid layout, rounded buttons, split screen","modern, friendly, minimal",0.78
Lapa Ninja (Post),Flavien Guilbaud,https://www.lapa.ninja/post/flavinsky-2/,https://cdn.lapa.ninja/assets/images/1x/flavinsky-01-16-2021-thumb.webp,"[""#fefefe""]","{""#fefefe"": 0.7084}",#fefefe,light muted neutral,"grid layout, split screen, sidebar, video background, two-column layout, single column","modern, cool, bold",0.83
Lapa Ninja (Post),Porto Cálem,https://www.lapa.ninja/post/calem/,https://cdn.lapa.ninja/assets/images/1x/calem-thumb.webp,"[""#06204d"", ""#fefefe""]","{""#06204d"": 0.3264, ""#fefefe"": 0.5406}",#06204d,dark bright blue,"sidebar, rounded buttons, grid layout, large typography, pricing cards, footer","luxury, bold, cool",0.76
Lapa Ninja (Post),bigbump,https://www.lapa.ninja/post/bigbump/,https://cdn.lapa.ninja/assets/images/1x/bigbump-thumb.webp,"[""#f9fbfa""]","{""#f9fbfa"": 0.894}",#f9fbfa,light muted green,"rounded buttons, large typography, pricing cards, grid layout, footer, feature list","modern, minimal, professional",0.87
Lapa Ninja (Post),NicelySmall,https://www.lapa.ninja/post/nicelysmall/,https://cdn.lapa.ninja/assets/images/1x/nicelysmall-thumb.webp,"[""#fcf4e2""]","{""#fcf4e2"": 0.9244}",#fcf4e2,light bright orange,"pricing cards, large typography, two-column layout, rounded buttons, feature list, icon list","minimal, modern, luxury",0.87
Lapa Ninja (Post),Aesop,https://www.lapa.ninja/post/aesop/,https://cdn.lapa.ninja/assets/images/1x/aesop-thumb.webp,"[""#9ca4a2"", ""#fdfdf0""]","{""#9ca4a2"": 0.3509, ""#fdfdf0"": 0.4733}",#9ca4a2,muted neutral,"large typography, grid layout, rounded buttons, pricing cards, sidebar, split screen","minimal, modern, creative",0.76
Lapa Ninja (Post),otterdev,https://www.lapa.ninja/post/otterdev/,https://cdn.lapa.ninja/assets/images/1x/otterdev-thumb.webp,"[""#f0f4fd"", ""#5d5b79""]","{""#f0f4fd"": 0.7742, ""#5d5b79"": 0.0851}",#f0f4fd,light bright blue,"large typography, feature list, grid layout, search bar, avatar, video background","futuristic, modern, cool",0.86
Lapa Ninja (Post),Rick Waalders,https://www.lapa.ninja/post/rickwaalders/,https://cdn.lapa.ninja/assets/images/1x/rickwaalders-thumb.webp,"[""#010001"", ""#592b96""]","{""#010001"": 0.6339, ""#592b96"": 0.1652}",#010001,dark bright magenta,"grid layout, split screen, large typography, avatar, rounded buttons, sidebar","futuristic, modern, minimal",0.87
Lapa Ninja (Post),Frontend Horse,https://www.lapa.ninja/post/frontend-horse/,https://cdn.lapa.ninja/assets/images/1x/frontend-horse-thumb.webp,"[""#f4584e"", ""#fbf8f3""]","{""#f4584e"": 0.2561, ""#fbf8f3"": 0.4696}",#f4584e,bright red,"grid layout, rounded buttons, top navigation, sidebar, feature list, footer","modern, futuristic, minimal",0.74
Lapa Ninja (Post),mmhmm,https://www.lapa.ninja/post/mmhmm/,https://cdn.lapa.ninja/assets/images/1x/mmhmm-thumb.webp,"[""#62256e"", ""#fdfbfa""]","{""#62256e"": 0.2072, ""#fdfbfa"": 0.57}",#62256e,bright purple,"pricing cards, rounded buttons, sidebar, cta button, feature list, video background","modern, professional, minimal",0.72
Lapa Ninja (Post),EX LIBRIS,https://www.lapa.ninja/post/exlibris/,https://cdn.lapa.ninja/assets/images/1x/exlibris-thumb.webp,"[""#000000"", ""#fefefe""]","{""#000000"": 0.4339, ""#fefefe"": 0.5256}",#000000,dark muted neutral,"large typography, sidebar, rounded buttons, two-column layout, feature list, icon list","cool, bold, professional",0.79
Lapa Ninja (Post),Cetrucflotte,https://www.lapa.ninja/post/cetrucflotte/,https://cdn.lapa.ninja/assets/images/1x/cetrucflotte-thumb.webp,"[""#a5ebf8"", ""#6ec7e1""]","{""#a5ebf8"": 0.6457, ""#6ec7e1"": 0.1848}",#a5ebf8,bright teal,"large typography, grid layout, two-column layout, sidebar, feature list, top navigation","modern, futuristic, minimal",0.86
Lapa Ninja (Post),Andy Burdin,https://www.lapa.ninja/post/burdin/,https://cdn.lapa.ninja/assets/images/1x/burdin-thumb.webp,"[""#ececec"", ""#6682a5""]","{""#ececec"": 0.67, ""#6682a5"": 0.1553}",#ececec,light muted neutral,"large typography, sidebar, grid layout, split screen, feature list, rounded buttons","modern, futuristic, bold",0.83
Lapa Ninja (Post),Coastal Clouds,https://www.lapa.ninja/post/cccbd/,https://cdn.lapa.ninja/assets/images/1x/cccbd-thumb.webp,"[""#a5cfb5"", ""#d9c5d6""]","{""#a5cfb5"": 0.3738, ""#d9c5d6"": 0.3684}",#a5cfb5,muted green,"rounded buttons, large typography, pricing cards, top navigation, grid layout, video background","calm, minimal, cool",0.79
Lapa Ninja (Post),Slash,https://www.lapa.ninja/post/getslash/,https://cdn.lapa.ninja/assets/images/1x/getslash-thumb.webp,"[""#eb4557"", ""#fbfbfd""]","{""#eb4557"": 0.2423, ""#fbfbfd"": 0.3774}",#eb4557,bright red,"split screen, rounded buttons, pricing cards, search bar, sidebar, feature list","professional, futuristic, minimal",0.73
Lapa Ninja (Post),Thomas Vimare,https://www.lapa.ninja/post/thms/,https://cdn.lapa.ninja/assets/images/1x/thms-thumb.webp,"[""#010202"", ""#2772ba""]","{""#010202"": 0.5992, ""#2772ba"": 0.1894}",#010202,dark muted teal,"avatar, large typography, sidebar, feature list, video background, hero image","creative, artistic, professional",0.86
Lapa Ninja (Post),Loah Drinks,https://www.lapa.ninja/post/loah-beer/,https://cdn.lapa.ninja/assets/images/1x/loah-beer-thumb.webp,"[""#f5f1e7"", ""#bbb5ab""]","{""#f5f1e7"": 0.482, ""#bbb5ab"": 0.2583}",#f5f1e7,light bright orange,"sidebar, large typography, rounded buttons, pricing cards, grid layout, feature list","cool, bold, warm",0.85
Lapa Ninja (Post),Enid.fm,https://www.lapa.ninja/post/enid/,https://cdn.lapa.ninja/assets/images/1x/enid-thumb.webp,"[""#f9f6ee"", ""#586959""]","{""#f9f6ee"": 0.2877, ""#586959"": 0.2474}",#f9f6ee,light bright orange,"rounded buttons, grid layout, split screen, sidebar, search bar, feature list","modern, minimal, calm",0.76
Lapa Ninja (Post),Reset,https://www.lapa.ninja/post/reset/,https://cdn.lapa.ninja/assets/images/1x/reset-thumb.webp,"[""#f9fcfe""]","{""#f9fcfe"": 0.8738}",#f9fcfe,light bright blue,"rounded buttons, pricing cards, feature list, sidebar, grid layout, search bar","modern, cool, friendly",0.86
Lapa Ninja (Post),Nightjar,https://www.lapa.ninja/post/nightjar-2/,https://cdn.lapa.ninja/assets/images/1x/nightjar-01-08-2021-thumb.webp,"[""#f1f1f1"", ""#51453b""]","{""#f1f1f1"": 0.5717, ""#51453b"": 0.1363}",#f1f1f1,light muted neutral,"sidebar, rounded buttons, grid layout, search bar, large typography, footer","modern, minimal, bold",0.82
Lapa Ninja (Post),Flamingo,https://www.lapa.ninja/post/shopflamingo/,https://cdn.lapa.ninja/assets/images/1x/shopflamingo-thumb.webp,"[""#b7b1cf"", ""#eee1d6""]","{""#b7b1cf"": 0.3487, ""#eee1d6"": 0.2488}",#b7b1cf,muted blue,"grid layout, pricing cards, sidebar, search bar, rounded buttons, feature list","luxury, minimal, warm",0.78
Lapa Ninja (Post),Amber,https://www.lapa.ninja/post/amber/,https://cdn.lapa.ninja/assets/images/1x/amber-thumb.webp,"[""#1f212e"", ""#fafbfc""]","{""#1f212e"": 0.3043, ""#fafbfc"": 0.5711}",#1f212e,dark muted blue,"rounded buttons, pricing cards, icon list, grid layout, feature list, sidebar","modern, minimal, futuristic",0.77
Lapa Ninja (Post),Matthew Fisher,https://www.lapa.ninja/post/mfisher/,https://cdn.lapa.ninja/assets/images/1x/mfisher-thumb.webp,"[""#020201"", ""#efeeed""]","{""#020201"": 0.7361, ""#efeeed"": 0.151}",#020201,dark muted yellow,"large typography, sidebar, rounded buttons, form, centered hero, cta button","artistic, creative, modern",0.86
Lapa Ninja (Post),worklife.,https://www.lapa.ninja/post/worklife/,https://cdn.lapa.ninja/assets/images/1x/worklife-thumb.webp,"[""#cbc8bb"", ""#fefefe""]","{""#cbc8bb"": 0.2357, ""#fefefe"": 0.6001}",#cbc8bb,muted orange,"sidebar, grid layout, feature list, two-column layout, footer, rounded buttons","modern, bold, minimal",0.73
Lapa Ninja (Post),Mirko Saugo,https://www.lapa.ninja/post/mynameismirko/,https://cdn.lapa.ninja/assets/images/1x/mynameismirko-thumb.webp,"[""#131313""]","{""#131313"": 0.8267}",#131313,dark muted neutral,"footer, grid layout, large typography, feature list, sidebar, video background","creative, professional, modern",0.82
Lapa Ninja (Post),Techleap.nl,https://www.lapa.ninja/post/techleap-2/,https://cdn.lapa.ninja/assets/images/1x/techleap-01-03-2021-thumb.webp,"[""#232323""]","{""#232323"": 0.821}",#232323,dark muted neutral,"top navigation, rounded buttons, grid layout, large typography, sidebar, search bar","futuristic, modern, minimal",0.82
Lapa Ninja (Post),Pet-à-Porter,https://www.lapa.ninja/post/petaporterofficial/,https://cdn.lapa.ninja/assets/images/1x/petaporterofficial-thumb.webp,"[""#dcdbd9"", ""#f7f6f4""]","{""#dcdbd9"": 0.2844, ""#f7f6f4"": 0.6246}",#dcdbd9,light muted neutral,"sidebar, feature list, large typography, rounded buttons, pricing cards, search bar","luxury, cool, minimal",0.71
Lapa Ninja (Post),Echoes Magazine,https://www.lapa.ninja/post/echoes-mag/,https://cdn.lapa.ninja/assets/images/1x/echoes-mag-thumb.webp,"[""#f6f6f6"", ""#303a38""]","{""#f6f6f6"": 0.7984, ""#303a38"": 0.1036}",#f6f6f6,light muted neutral,"large typography, rounded buttons, sidebar, feature list, grid layout, video background","bold, futuristic, cool",0.83
Lapa Ninja (Post),CSS-Tricks,https://www.lapa.ninja/post/css-tricks-2/,https://cdn.lapa.ninja/assets/images/1x/css-tricks-01-03-2021-thumb.webp,"[""#242629"", ""#faf7f8""]","{""#242629"": 0.3662, ""#faf7f8"": 0.3822}",#242629,dark muted neutral,"rounded buttons, grid layout, large typography, footer, sidebar, search bar","modern, minimal, futuristic",0.76
Lapa Ninja (Post),Relate,https://www.lapa.ninja/post/relate-4/,https://cdn.lapa.ninja/assets/images/1x/relate-12-29-2020-thumb.webp,"[""#101010"", ""#fefcfb""]","{""#101010"": 0.2036, ""#fefcfb"": 0.5114}",#101010,dark muted neutral,"split screen, sidebar, grid layout, large typography, search bar, rounded buttons","modern, professional, artistic",0.68
Lapa Ninja (Post),Adrian Z,https://www.lapa.ninja/post/azumbrunnen/,https://cdn.lapa.ninja/assets/images/1x/azumbrunnen-thumb.webp,"[""#000000"", ""#141418""]","{""#000000"": 0.5867, ""#141418"": 0.3049}",#000000,dark muted neutral,"large typography, grid layout, rounded buttons, pricing cards, feature list, footer","modern, futuristic, minimal",0.83
Lapa Ninja (Post),handsome,https://www.lapa.ninja/post/handsome-2/,https://cdn.lapa.ninja/assets/images/1x/handsome-12-29-2020-thumb.webp,"[""#faf7f4"", ""#d3c0af""]","{""#faf7f4"": 0.7045, ""#d3c0af"": 0.1416}",#faf7f4,light bright orange,"large typography, rounded buttons, video background, sidebar, grid layout, pricing cards","modern, luxury, bold",0.86
Lapa Ninja (Post),Golden Wolf,https://www.lapa.ninja/post/goldenwolf/,https://cdn.lapa.ninja/assets/images/1x/goldenwolf-thumb.webp,"[""#0b0a0b"", ""#48424a""]","{""#0b0a0b"": 0.5328, ""#48424a"": 0.1937}",#0b0a0b,dark muted neutral,"video background, grid layout, pricing cards, feature list, card list, sidebar","modern, cool, creative",0.82
Lapa Ninja (Post),Honk,https://www.lapa.ninja/post/honk/,https://cdn.lapa.ninja/assets/images/1x/honk-thumb.webp,"[""#fcefe9"", ""#c4e5e8""]","{""#fcefe9"": 0.5658, ""#c4e5e8"": 0.3344}",#fcefe9,light bright red,"rounded buttons, icon list, sidebar, grid layout, feature list, pricing cards","modern, minimal, cool",0.86
Lapa Ninja (Post),Peter Demulsant,https://www.lapa.ninja/post/picodix/,https://cdn.lapa.ninja/assets/images/1x/picodix-thumb.webp,"[""#131313"", ""#d5d4d4""]","{""#131313"": 0.7822, ""#d5d4d4"": 0.1333}",#131313,dark muted neutral,"large typography, split screen, grid layout, form, footer, sidebar","modern, minimal, futuristic",0.84
Lapa Ninja (Post),La QV,https://www.lapa.ninja/post/laqv/,https://cdn.lapa.ninja/assets/images/1x/laqv-thumb.webp,"[""#edebe7"", ""#fafaf1""]","{""#edebe7"": 0.209, ""#fafaf1"": 0.6857}",#edebe7,light muted orange,"large typography, sidebar, chart, grid layout, pricing cards, footer","minimal, trustworthy, modern",0.71
Lapa Ninja (Post),mishmash,https://www.lapa.ninja/post/mishmash/,https://cdn.lapa.ninja/assets/images/1x/mishmash-thumb.webp,"[""#ede8e1"", ""#fefefe""]","{""#ede8e1"": 0.2807, ""#fefefe"": 0.2912}",#ede8e1,light muted orange,"pricing cards, rounded buttons, grid layout, large typography, data table, top navigation","modern, minimal, luxury",0.75
Lapa Ninja (Post),Marx Design,https://www.lapa.ninja/post/marxdesign/,https://cdn.lapa.ninja/assets/images/1x/marxdesign-thumb.webp,"[""#e7e4e3""]","{""#e7e4e3"": 0.8024}",#e7e4e3,light muted neutral,"grid layout, avatar, sidebar, rounded buttons, large typography, icon list","minimal, modern, futuristic",0.83
Lapa Ninja (Post),hum,https://www.lapa.ninja/post/hum-colgate/,https://cdn.lapa.ninja/assets/images/1x/hum-colgate-thumb.webp,"[""#e65852"", ""#415cc7""]","{""#e65852"": 0.5187, ""#415cc7"": 0.3676}",#e65852,bright red,"large typography, rounded buttons, grid layout, split screen, pricing cards, search bar","futuristic, modern, creative",0.86
Lapa Ninja (Post),Crystals,https://www.lapa.ninja/post/crystals/,https://cdn.lapa.ninja/assets/images/1x/crystals-thumb.webp,"[""#f8f5f6""]","{""#f8f5f6"": 0.8575}",#f8f5f6,light muted red,"grid layout, large typography, rounded buttons, pricing cards, feature list, sidebar","modern, bold, cool",0.85
Lapa Ninja (Post),Magic Spoon,https://www.lapa.ninja/post/magicspoon/,https://cdn.lapa.ninja/assets/images/1x/magicspoon-thumb.webp,"[""#c7eaf7"", ""#05032b""]","{""#c7eaf7"": 0.3646, ""#05032b"": 0.2548}",#c7eaf7,light bright teal,"grid layout, large typography, rounded buttons, search bar, video background, footer","minimal, modern, futuristic",0.8
Lapa Ninja (Post),Route,https://www.lapa.ninja/post/route/,https://cdn.lapa.ninja/assets/images/1x/route-thumb.webp,"[""#05070d"", ""#f6f8f8""]","{""#05070d"": 0.8035, ""#f6f8f8"": 0.1612}",#05070d,dark bright blue,"pricing cards, feature list, sidebar, top navigation, cta button, grid layout","modern, minimal, futuristic",0.87
Lapa Ninja (Post),Aplós,https://www.lapa.ninja/post/aplos/,https://cdn.lapa.ninja/assets/images/1x/aplos-thumb.webp,"[""#e2e1d8"", ""#bbbab1""]","{""#e2e1d8"": 0.5496, ""#bbbab1"": 0.2261}",#e2e1d8,light muted yellow,"rounded buttons, grid layout, sidebar, large typography, feature list, video background","minimal, futuristic, modern",0.86
Lapa Ninja (Post),Numbered Studio,https://www.lapa.ninja/post/numbered-studio-2/,https://cdn.lapa.ninja/assets/images/1x/numbered-studio-12-27-2020-thumb.webp,"[""#0e0e0e"", ""#aba192""]","{""#0e0e0e"": 0.466, ""#aba192"": 0.2426}",#0e0e0e,dark muted neutral,"large typography, rounded buttons, sidebar, pricing cards, feature list, data table","modern, minimal, professional",0.81
Lapa Ninja (Post),Maui Studios Aotearoa,https://www.lapa.ninja/post/mauistudios/,https://cdn.lapa.ninja/assets/images/1x/mauistudios-thumb.webp,"[""#08070a"", ""#04197e""]","{""#08070a"": 0.742, ""#04197e"": 0.0983}",#08070a,dark muted purple,"large typography, sidebar, video background, rounded buttons, form, feature list","futuristic, professional, minimal",0.86
Lapa Ninja (Post),Guillaume Colombel,https://www.lapa.ninja/post/guillaumecolombel-2/,https://cdn.lapa.ninja/assets/images/1x/guillaumecolombel-21-12-2020-thumb.webp,"[""#000000"", ""#d8d9d8""]","{""#000000"": 0.7675, ""#d8d9d8"": 0.1268}",#000000,dark muted neutral,"sidebar, feature list, icon list, large typography, grid layout, split screen","creative, professional, modern",0.82
Lapa Ninja (Post),Petal,https://www.lapa.ninja/post/petalcard/,https://cdn.lapa.ninja/assets/images/1x/petalcard-12-21-2020-thumb.webp,"[""#a7dbe1"", ""#fafefd""]","{""#a7dbe1"": 0.2467, ""#fafefd"": 0.6323}",#a7dbe1,bright teal,"pricing cards, rounded buttons, top navigation, large typography, grid layout, data table","minimal, modern, futuristic",0.75
Lapa Ninja (Post),EarCOUTURE,https://www.lapa.ninja/post/earcouture/,https://cdn.lapa.ninja/assets/images/1x/earcouture-thumb.webp,"[""#1d1a20"", ""#fdfdfd""]","{""#1d1a20"": 0.1894, ""#fdfdfd"": 0.5236}",#1d1a20,dark muted neutral,"video background, icon list, sidebar, large typography, rounded buttons, feature list","cool, futuristic, artistic",0.67
Lapa Ninja (Post),Patrick Mahomes,https://www.lapa.ninja/post/patrickmahomes/,https://cdn.lapa.ninja/assets/images/1x/patrickmahomes-thumb.webp,"[""#020101"", ""#fefefd""]","{""#020101"": 0.4913, ""#fefefd"": 0.3142}",#020101,dark muted red,"sidebar, rounded buttons, hero image, feature list, video background, icon list","cool, warm, serious",0.85
Lapa Ninja (Post),Out of Place Studio Design,https://www.lapa.ninja/post/outofplace-studio/,https://cdn.lapa.ninja/assets/images/1x/outofplace-studio-thumb.webp,"[""#cee3e5"", ""#fdfdfd""]","{""#cee3e5"": 0.3534, ""#fdfdfd"": 0.2996}",#cee3e5,light muted teal,"grid layout, rounded buttons, large typography, pricing cards, two-column layout, split screen","modern, minimal, vibrant",0.79
Lapa Ninja (Post),Nicole He,https://www.lapa.ninja/post/nicole-pizza/,https://cdn.lapa.ninja/assets/images/1x/nicole-pizza-thumb.webp,"[""#d5f0ea"", ""#eddfc3""]","{""#d5f0ea"": 0.4941, ""#eddfc3"": 0.2137}",#d5f0ea,light bright teal,"grid layout, sidebar, split screen, two-column layout, rounded buttons, data table","modern, retro, futuristic",0.86
Lapa Ninja (Post),Wilder Fields,https://www.lapa.ninja/post/wilderfields/,https://cdn.lapa.ninja/assets/images/1x/wilderfields-thumb.webp,"[""#212a1c"", ""#89908b""]","{""#212a1c"": 0.6393, ""#89908b"": 0.1046}",#212a1c,dark muted green,"sidebar, large typography, footer, grid layout, pricing cards, video background","professional, minimal, modern",0.86
Lapa Ninja (Post),Cloverly,https://www.lapa.ninja/post/cloverly/,https://cdn.lapa.ninja/assets/images/1x/cloverly-thumb.webp,"[""#21ba89"", ""#fbfdf6""]","{""#21ba89"": 0.2648, ""#fbfdf6"": 0.3987}",#21ba89,bright teal,"rounded buttons, grid layout, pricing cards, footer, large typography, top navigation","modern, calm, warm",0.74
Lapa Ninja (Post),Rows,https://www.lapa.ninja/post/rows/,https://cdn.lapa.ninja/assets/images/1x/rows-thumb.webp,"[""#fbf9f1"", ""#350529""]","{""#fbf9f1"": 0.8691, ""#350529"": 0.0974}",#fbf9f1,light bright orange,"large typography, rounded buttons, sidebar, grid layout, split screen, feature list","modern, professional, creative",0.86
Lapa Ninja (Post),IL Letterista,https://www.lapa.ninja/post/illetterista/,https://cdn.lapa.ninja/assets/images/1x/illetterista-thumb.webp,"[""#f1ece0"", ""#232631""]","{""#f1ece0"": 0.6601, ""#232631"": 0.2219}",#f1ece0,light bright orange,"large typography, sidebar, pricing cards, grid layout, rounded buttons, icon list","artistic, modern, creative",0.87
Lapa Ninja (Post),Evens,https://www.lapa.ninja/post/evens/,https://cdn.lapa.ninja/assets/images/1x/evens-thumb.webp,"[""#fc5e38"", ""#fcfcfc""]","{""#fc5e38"": 0.3968, ""#fcfcfc"": 0.5117}",#fc5e38,bright red,"sidebar, avatar, large typography, pricing cards, feature list, video background","creative, professional, trustworthy",0.8
Lapa Ninja (Post),Danilo Rodrigues,https://www.lapa.ninja/post/danilorodrigues/,https://cdn.lapa.ninja/assets/images/1x/danilorodrigues-thumb.webp,"[""#f0f0f0"", ""#fefefe""]","{""#f0f0f0"": 0.3791, ""#fefefe"": 0.4462}",#f0f0f0,light muted neutral,"large typography, rounded buttons, pricing cards, sidebar, data table, grid layout","professional, creative, artistic",0.76
Lapa Ninja (Post),COGRID-19,https://www.lapa.ninja/post/cogrid19-2/,https://cdn.lapa.ninja/assets/images/1x/cogrid19-12-20-2020-thumb.webp,"[""#f4d2e2"", ""#fefefe""]","{""#f4d2e2"": 0.3409, ""#fefefe"": 0.4907}",#f4d2e2,light bright magenta,"grid layout, large typography, rounded buttons, sidebar, pricing cards, two-column layout","minimal, modern, bold",0.81
Lapa Ninja (Post),ChungiYoo,https://www.lapa.ninja/post/chungiyoo/,https://cdn.lapa.ninja/assets/images/1x/chungiyoo-thumb.webp,"[""#f3ede9"", ""#e4d6cc""]","{""#f3ede9"": 0.6565, ""#e4d6cc"": 0.3064}",#f3ede9,light muted orange,"large typography, rounded buttons, footer, grid layout, sidebar, video background","minimal, cool, creative",0.87
Lapa Ninja (Post),Idyl,https://www.lapa.ninja/post/idyl/,https://cdn.lapa.ninja/assets/images/1x/idyl-thumb.webp,"[""#d1d9d9"", ""#96acb1""]","{""#d1d9d9"": 0.5355, ""#96acb1"": 0.2458}",#d1d9d9,muted neutral,"sidebar, rounded buttons, top navigation, avatar, video background, feature list","modern, elegant, minimal",0.82
Lapa Ninja (Post),Retrospec,https://www.lapa.ninja/post/retrospec/,https://cdn.lapa.ninja/assets/images/1x/retrospec-thumb.webp,"[""#f2ebe2"", ""#fdfcf8""]","{""#f2ebe2"": 0.342, ""#fdfcf8"": 0.4369}",#f2ebe2,light bright orange,"grid layout, rounded buttons, feature list, sidebar, pricing cards, video background","minimal, modern, retro",0.8
Lapa Ninja (Post),Lëtzebuerger Journal,https://www.lapa.ninja/post/journal/,https://cdn.lapa.ninja/assets/images/1x/journal-thumb.webp,"[""#1e1412"", ""#fbfcfc""]","{""#1e1412"": 0.1826, ""#fbfcfc"": 0.5432}",#1e1412,dark muted red,"sidebar, large typography, split screen, rounded buttons, two-column layout, video background","bold, professional, modern",0.69
Lapa Ninja (Post),Arnie.M,https://www.lapa.ninja/post/arniem/,https://cdn.lapa.ninja/assets/images/1x/arniem-thumb.webp,"[""#d6d3d6"", ""#f5f4f4""]","{""#d6d3d6"": 0.2781, ""#f5f4f4"": 0.6111}",#d6d3d6,muted neutral,"pricing cards, large typography, sidebar, grid layout, feature list, two-column layout","modern, artistic, creative",0.71
Lapa Ninja (Post),23d.1,https://www.lapa.ninja/post/23d/,https://cdn.lapa.ninja/assets/images/1x/23d-thumb.webp,"[""#010101"", ""#fefefe""]","{""#010101"": 0.2843, ""#fefefe"": 0.5264}",#010101,dark muted neutral,"large typography, pricing cards, grid layout, split screen, sidebar, icon list","modern, futuristic, cool",0.72
Lapa Ninja (Post),UJET,https://www.lapa.ninja/post/ujet/,https://cdn.lapa.ninja/assets/images/1x/ujet-thumb.webp,"[""#eeeeef""]","{""#eeeeef"": 0.7636}",#eeeeef,light muted neutral,"large typography, rounded buttons, grid layout, footer, form, feature list","futuristic, modern, minimal",0.84
Lapa Ninja (Post),Juliana Cavalcanti,https://www.lapa.ninja/post/juliana-cavalcanti/,https://cdn.lapa.ninja/assets/images/1x/juliana-cavalcanti-thumb.webp,"[""#fdf9ed"", ""#d7baaa""]","{""#fdf9ed"": 0.7788, ""#d7baaa"": 0.0948}",#fdf9ed,light bright orange,"large typography, rounded buttons, grid layout, video background, pricing cards, sidebar","modern, minimal, luxury",0.87
Lapa Ninja (Post),Olssøn Barbieri,https://www.lapa.ninja/post/olssonbarbieri/,https://cdn.lapa.ninja/assets/images/1x/olssonbarbieri-thumb.webp,"[""#fdfdfd"", ""#c9c7bf""]","{""#fdfdfd"": 0.6857, ""#c9c7bf"": 0.1008}",#fdfdfd,light muted neutral,"icon list, top navigation, data table, sidebar, chart, card list","modern, minimal, trustworthy",0.83
Lapa Ninja (Post),Stephan Friedli,https://www.lapa.ninja/post/stephanfriedli/,https://cdn.lapa.ninja/assets/images/1x/stephanfriedli-thumb.webp,"[""#fafafa""]","{""#fafafa"": 0.7762}",#fafafa,light muted neutral,"grid layout, sidebar, large typography, footer, feature list, split screen","modern, professional, creative",0.82
Lapa Ninja (Post),Parostec,https://www.lapa.ninja/post/parostec/,https://cdn.lapa.ninja/assets/images/1x/parostec-thumb.webp,"[""#fefefe"", ""#848484""]","{""#fefefe"": 0.7124, ""#848484"": 0.1161}",#fefefe,light muted neutral,"grid layout, data table, two-column layout, feature list, single column, sidebar","modern, professional, minimal",0.83
Lapa Ninja (Post),Zoox,https://www.lapa.ninja/post/zoox/,https://cdn.lapa.ninja/assets/images/1x/zoox-thumb.webp,"[""#000005"", ""#05051e""]","{""#000005"": 0.5097, ""#05051e"": 0.3519}",#000005,dark bright blue,"video background, sidebar, icon list, avatar, hero image, feature list","futuristic, cool, modern",0.87
Lapa Ninja (Post),2020 - Album Colors Of The Year,https://www.lapa.ninja/post/albumcolors/,https://cdn.lapa.ninja/assets/images/1x/albumcolors-thumb.webp,"[""#fdcbc1"", ""#b60d14""]","{""#fdcbc1"": 0.5698, ""#b60d14"": 0.2182}",#fdcbc1,light bright red,"sidebar, split screen, large typography, video background, form, grid layout","minimal, modern, retro",0.88
Lapa Ninja (Post),Designed by Women,https://www.lapa.ninja/post/designedbywomen/,https://cdn.lapa.ninja/assets/images/1x/designedbywomen-thumb.webp,"[""#231f21"", ""#fdfdfd""]","{""#231f21"": 0.48, ""#fdfdfd"": 0.4575}",#231f21,dark muted neutral,"rounded buttons, large typography, grid layout, pricing cards, sidebar, split screen","modern, minimal, bold",0.82
Lapa Ninja (Post),Italic,https://www.lapa.ninja/post/italic-2/,https://cdn.lapa.ninja/assets/images/1x/italic-12-14-2020-thumb.webp,"[""#330a0d"", ""#918e8c""]","{""#330a0d"": 0.3559, ""#918e8c"": 0.2392}",#330a0d,dark bright red,"rounded buttons, feature list, footer, grid layout, video background, sidebar","elegant, cool, minimal",0.79
Lapa Ninja (Post),Basic.Space,https://www.lapa.ninja/post/basic-space/,https://cdn.lapa.ninja/assets/images/1x/basic-space-thumb.webp,"[""#060c05"", ""#fafafa""]","{""#060c05"": 0.2796, ""#fafafa"": 0.4506}",#060c05,dark bright green,"rounded buttons, sidebar, large typography, grid layout, search bar, split screen","modern, futuristic, retro",0.75
Lapa Ninja (Post),Hot Black,https://www.lapa.ninja/post/hotblack/,https://cdn.lapa.ninja/assets/images/1x/hotblack-thumb.webp,"[""#010102"", ""#1c2a6e""]","{""#010102"": 0.5636, ""#1c2a6e"": 0.1901}",#010102,dark muted blue,"large typography, video background, sidebar, avatar, split screen, grid layout","modern, minimal, cool",0.87
Lapa Ninja (Post),Base,https://www.lapa.ninja/post/get-base/,https://cdn.lapa.ninja/assets/images/1x/get-base-thumb.webp,"[""#000000"", ""#fefefe""]","{""#000000"": 0.3884, ""#fefefe"": 0.3631}",#000000,dark muted neutral,"pricing cards, rounded buttons, large typography, grid layout, cta button, sidebar","modern, minimal, futuristic",0.77
Lapa Ninja (Post),Directus,https://www.lapa.ninja/post/directus/,https://cdn.lapa.ninja/assets/images/1x/directus-thumb.webp,"[""#d8eafb"", ""#fafcfd""]","{""#d8eafb"": 0.2179, ""#fafcfd"": 0.6252}",#d8eafb,light bright blue,"rounded buttons, grid layout, cta button, search bar, feature list, top navigation","modern, minimal, futuristic",0.73
Lapa Ninja (Post),Super,https://www.lapa.ninja/post/superso/,https://cdn.lapa.ninja/assets/images/1x/super-so-thumb.webp,"[""#f8f9fd""]","{""#f8f9fd"": 0.9393}",#f8f9fd,light bright blue,"rounded buttons, top navigation, grid layout, feature list, large typography, icon list","modern, minimal, futuristic",0.87
Lapa Ninja (Post),Stamped.io,https://www.lapa.ninja/post/stamped-2/,https://cdn.lapa.ninja/assets/images/1x/stamped-12-14-2020-thumb.webp,"[""#fbaa0e"", ""#fbfaf8""]","{""#fbaa0e"": 0.1816, ""#fbfaf8"": 0.5745}",#fbaa0e,bright orange,"rounded buttons, sidebar, form, feature list, pricing cards, grid layout","modern, cool, professional",0.7
Lapa Ninja (Post),Lunettes Noires,https://www.lapa.ninja/post/lunettesnoires/,https://cdn.lapa.ninja/assets/images/1x/lunettesnoires-thumb.webp,"[""#000000""]","{""#000000"": 0.9201}",#000000,dark muted neutral,"large typography, rounded buttons, pricing cards, icon list, feature list, logo","luxury, minimal, creative",0.83
Lapa Ninja (Post),Mesh Times,https://www.lapa.ninja/post/mesh-times/,https://cdn.lapa.ninja/assets/images/1x/mesh-times-thumb.webp,"[""#faf2e9"", ""#fefbf7""]","{""#faf2e9"": 0.6151, ""#fefbf7"": 0.3226}",#faf2e9,light bright orange,"pricing cards, grid layout, rounded buttons, sidebar, large typography, feature list","minimal, modern, professional",0.87
Lapa Ninja (Post),Bello,https://www.lapa.ninja/post/getbello/,https://cdn.lapa.ninja/assets/images/1x/getbello-thumb.webp,"[""#fcfbfa""]","{""#fcfbfa"": 0.8961}",#fcfbfa,light muted orange,"sidebar, pricing cards, large typography, rounded buttons, split screen, feature list","modern, cool, minimal",0.87
Lapa Ninja (Post),Mixpanel,https://www.lapa.ninja/post/mixpanel-5/,https://cdn.lapa.ninja/assets/images/1x/mixpanel-12-13-2020-thumb.webp,"[""#1e1d24"", ""#fbfbfc""]","{""#1e1d24"": 0.6227, ""#fbfbfc"": 0.3021}",#1e1d24,dark muted neutral,"feature list, grid layout, rounded buttons, footer, data table, sidebar","modern, minimal, futuristic",0.82
Lapa Ninja (Post),Hive Streaming,https://www.lapa.ninja/post/hivestreaming/,https://cdn.lapa.ninja/assets/images/1x/hivestreaming-thumb.webp,"[""#28373a"", ""#fdfefe""]","{""#28373a"": 0.3218, ""#fdfefe"": 0.3583}",#28373a,dark muted teal,"rounded buttons, grid layout, large typography, search bar, top navigation, footer","modern, minimal, cool",0.78
Lapa Ninja (Post),Runway,https://www.lapa.ninja/post/runwayml-2/,https://cdn.lapa.ninja/assets/images/1x/runwayml-12-12-2020-thumb.webp,"[""#030303"", ""#fdfdfd""]","{""#030303"": 0.3232, ""#fdfdfd"": 0.531}",#030303,dark muted neutral,"large typography, grid layout, rounded buttons, cta button, feature list, sidebar","futuristic, modern, creative",0.74
Lapa Ninja (Post),Internet Pin Company,https://www.lapa.ninja/post/internetpin-2/,https://cdn.lapa.ninja/assets/images/1x/internetpin-12-12-2020-thumb.webp,"[""#030edc"", ""#181914""]","{""#030edc"": 0.548, ""#181914"": 0.1382}",#030edc,bright blue,"sidebar, avatar, icon list, feature list, grid layout, video background","modern, futuristic, artistic",0.88
Lapa Ninja (Post),Typography Principles,https://www.lapa.ninja/post/typography-principles/,https://cdn.lapa.ninja/assets/images/1x/typography-principles-thumb.webp,"[""#1c1c1c"", ""#f1ead9""]","{""#1c1c1c"": 0.624, ""#f1ead9"": 0.132}",#1c1c1c,dark muted neutral,"large typography, icon list, footer, two-column layout, feature list, sidebar","artistic, minimal, creative",0.83
Lapa Ninja (Post),Sandy Gray,https://www.lapa.ninja/post/sandygraywhisky/,https://cdn.lapa.ninja/assets/images/1x/sandygraywhisky-thumb.webp,"[""#5b7580"", ""#fcfcfb""]","{""#5b7580"": 0.2255, ""#fcfcfb"": 0.5028}",#5b7580,muted teal,"large typography, grid layout, rounded buttons, sidebar, pricing cards, feature list","luxury, trustworthy, artistic",0.71
Lapa Ninja (Post),Homebase,https://www.lapa.ninja/post/homebase/,https://cdn.lapa.ninja/assets/images/1x/homebase-thumb.webp,"[""#000000""]","{""#000000"": 0.8171}",#000000,dark muted neutral,"grid layout, large typography, rounded buttons, feature list, footer, search bar","modern, futuristic, minimal",0.83
Lapa Ninja (Post),Vrrb,https://www.lapa.ninja/post/vrrb/,https://cdn.lapa.ninja/assets/images/1x/vrrb-thumb.webp,"[""#fdfdfd"", ""#a9a7a5""]","{""#fdfdfd"": 0.7562, ""#a9a7a5"": 0.1046}",#fdfdfd,light muted neutral,"grid layout, large typography, sidebar, rounded buttons, feature list, hero image","modern, minimal, retro",0.83
Lapa Ninja (Post),Fanfare,https://www.lapa.ninja/post/fanfare/,https://cdn.lapa.ninja/assets/images/1x/fanfare-thumb.webp,"[""#fef9fb"", ""#cac7c4""]","{""#fef9fb"": 0.6289, ""#cac7c4"": 0.1393}",#fef9fb,light bright magenta,"sidebar, footer, avatar, feature list, video background, icon list","futuristic, artistic, creative",0.89
Lapa Ninja (Post),Dann Petty,https://www.lapa.ninja/post/dannpetty/,https://cdn.lapa.ninja/assets/images/1x/dannpetty-thumb.webp,"[""#1b1c1b"", ""#d07374""]","{""#1b1c1b"": 0.6081, ""#d07374"": 0.1095}",#1b1c1b,dark muted neutral,"grid layout, search bar, feature list, rounded buttons, video background, icon list","modern, minimal, futuristic",0.83
Lapa Ninja (Post),Lovers Magazine,https://www.lapa.ninja/post/oversmagazine/,https://cdn.lapa.ninja/assets/images/1x/oversmagazine-thumb.webp,"[""#8a776c"", ""#fdfdfd""]","{""#8a776c"": 0.2895, ""#fdfdfd"": 0.4409}",#8a776c,muted orange,"sidebar, icon list, grid layout, large typography, two-column layout, video background","modern, professional, minimal",0.75
Lapa Ninja (Post),Le Singe,https://www.lapa.ninja/post/lesinge/,https://cdn.lapa.ninja/assets/images/1x/lesinge-thumb.webp,"[""#010e2b""]","{""#010e2b"": 0.784}",#010e2b,dark bright blue,"rounded buttons, avatar, sidebar, form, large typography, feature list","futuristic, modern, professional",0.86
Lapa Ninja (Post),GitHub,https://www.lapa.ninja/post/github-2/,https://cdn.lapa.ninja/assets/images/1x/github-12-10-2020-thumb.webp,"[""#050d21"", ""#fcfcfd""]","{""#050d21"": 0.5391, ""#fcfcfd"": 0.2638}",#050d21,dark bright blue,"avatar, rounded buttons, pricing cards, feature list, grid layout, search bar","modern, futuristic, minimal",0.87
Lapa Ninja (Post),Brutask,https://www.lapa.ninja/post/brutask/,https://cdn.lapa.ninja/assets/images/1x/brutask-thumb.webp,"[""#fcfcfc""]","{""#fcfcfc"": 0.949}",#fcfcfc,light muted neutral,"rounded buttons, sidebar, pricing cards, avatar, feature list, grid layout","modern, professional, minimal",0.82
Lapa Ninja (Post),Bubble,https://www.lapa.ninja/post/hellobubble/,https://cdn.lapa.ninja/assets/images/1x/hellobubble-thumb.webp,"[""#3dc0bc"", ""#eefbf9""]","{""#3dc0bc"": 0.27, ""#eefbf9"": 0.2854}",#3dc0bc,bright teal,"video background, sidebar, cta button, rounded buttons, split screen, search bar","friendly, modern, cool",0.76
Lapa Ninja (Post),Browser History 2020,https://www.lapa.ninja/post/browser-history-2020/,https://cdn.lapa.ninja/assets/images/1x/browser-history-2020-thumb.webp,"[""#3f1208"", ""#5d3521""]","{""#3f1208"": 0.3799, ""#5d3521"": 0.2354}",#3f1208,dark bright red,"video background, large typography, sidebar, feature list, rounded buttons, top navigation","modern, cool, creative",0.79
Lapa Ninja (Post),Tomorrow,https://www.lapa.ninja/post/tomorrow/,https://cdn.lapa.ninja/assets/images/1x/tomorrow-thumb.webp,"[""#edddcf"", ""#fdfdfd""]","{""#edddcf"": 0.2722, ""#fdfdfd"": 0.4151}",#edddcf,light bright orange,"rounded buttons, sidebar, grid layout, search bar, pricing cards, feature list","modern, minimal, futuristic",0.76
Lapa Ninja (Post),Esther Jansma,https://www.lapa.ninja/post/estherjansma/,https://cdn.lapa.ninja/assets/images/1x/estherjansma-thumb.webp,"[""#fefefe""]","{""#fefefe"": 0.7882}",#fefefe,light muted neutral,"large typography, form, grid layout, footer, icon list, sidebar","modern, professional, minimal",0.83
Lapa Ninja (Post),Welcome,https://www.lapa.ninja/post/experiencewelcome/,https://cdn.lapa.ninja/assets/images/1x/experiencewelcome-thumb.webp,"[""#121212"", ""#e9e9eb""]","{""#121212"": 0.4983, ""#e9e9eb"": 0.1937}",#121212,dark muted neutral,"sidebar, avatar, video background, grid layout, feature list, split screen","modern, professional, minimal",0.83
Lapa Ninja (Post),Autumn Agency,https://www.lapa.ninja/post/autumn-agency/,https://cdn.lapa.ninja/assets/images/1x/autumn-agency-thumb.webp,"[""#d8cac2"", ""#ebe7dc""]","{""#d8cac2"": 0.5104, ""#ebe7dc"": 0.4542}",#d8cac2,muted orange,"rounded buttons, grid layout, large typography, feature list, video background, form","minimal, modern, futuristic",0.87
Lapa Ninja (Post),Mack & Pouya,https://www.lapa.ninja/post/mackandpouya/,https://cdn.lapa.ninja/assets/images/1x/mackandpouya-thumb.webp,"[""#fdf15e"", ""#f4c9d5""]","{""#fdf15e"": 0.4068, ""#f4c9d5"": 0.3649}",#fdf15e,bright yellow,"sidebar, grid layout, hero image, pricing cards, video background, single column","retro, friendly, cool",0.82
Lapa Ninja (Post),Channel D,https://www.lapa.ninja/post/channeld/,https://cdn.lapa.ninja/assets/images/1x/channeld-thumb.webp,"[""#faf9fa""]","{""#faf9fa"": 0.942}",#faf9fa,light muted neutral,"large typography, search bar, grid layout, pricing cards, footer, split screen","friendly, minimal, trustworthy",0.83
Lapa Ninja (Post),BIZARRØ,https://www.lapa.ninja/post/bizar/,https://cdn.lapa.ninja/assets/images/1x/bizar-thumb.webp,"[""#151b14""]","{""#151b14"": 0.8752}",#151b14,dark muted green,"icon list, large typography, feature list, card list, testimonial, sidebar","cool, creative, trustworthy",0.87
Lapa Ninja (Post),KEENTU,https://www.lapa.ninja/post/keentu/,https://cdn.lapa.ninja/assets/images/1x/keentu-thumb.webp,"[""#f6f1eb"", ""#c4bab4""]","{""#f6f1eb"": 0.4712, ""#c4bab4"": 0.1953}",#f6f1eb,light bright orange,"grid layout, rounded buttons, top navigation, pricing cards, feature list, sidebar","futuristic, modern, luxury",0.85
Lapa Ninja (Post),Elkin Editions,https://www.lapa.ninja/post/elkineditions/,https://cdn.lapa.ninja/assets/images/1x/elkineditions-thumb.webp,"[""#161717"", ""#efefef""]","{""#161717"": 0.6078, ""#efefef"": 0.1824}",#161717,dark muted neutral,"large typography, two-column layout, grid layout, single column, logo, split screen","futuristic, modern, minimal",0.83
Lapa Ninja (Post),Lucky Folks,https://www.lapa.ninja/post/luckyfolks/,https://cdn.lapa.ninja/assets/images/1x/luckyfolks-thumb.webp,"[""#be3e46"", ""#271e1b""]","{""#be3e46"": 0.3621, ""#271e1b"": 0.2771}",#be3e46,bright red,"sidebar, grid layout, rounded buttons, large typography, feature list, footer","creative, playful, cool",0.78
Lapa Ninja (Post),CRSA,https://www.lapa.ninja/post/crsa/,https://cdn.lapa.ninja/assets/images/1x/crsa-thumb.webp,"[""#f1f1f1"", ""#1f2122""]","{""#f1f1f1"": 0.5722, ""#1f2122"": 0.1252}",#f1f1f1,light muted neutral,"large typography, grid layout, two-column layout, icon list, pricing cards, rounded buttons","modern, minimal, retro",0.83
Lapa Ninja (Post),viction:ary,https://www.lapa.ninja/post/victionary/,https://cdn.lapa.ninja/assets/images/1x/victionary-thumb.webp,"[""#953515""]","{""#953515"": 0.7491}",#953515,bright red,"large typography, pricing cards, rounded buttons, sidebar, icon list, feature list","artistic, modern, minimal",0.86
Lapa Ninja (Post),SuperHi,https://www.lapa.ninja/post/superhi-2/,https://cdn.lapa.ninja/assets/images/1x/superhi-12-06-2020-thumb.webp,"[""#f0f8fb"", ""#909fe0""]","{""#f0f8fb"": 0.6362, ""#909fe0"": 0.1042}",#f0f8fb,light bright teal,"grid layout, rounded buttons, pricing cards, feature list, sidebar, video background","vibrant, futuristic, modern",0.86
Lapa Ninja (Post),Nodes,https://www.lapa.ninja/post/nodes/,https://cdn.lapa.ninja/assets/images/1x/nodes-thumb.webp,"[""#f2e1e1"", ""#fefefe""]","{""#f2e1e1"": 0.3085, ""#fefefe"": 0.3269}",#f2e1e1,light bright red,"grid layout, split screen, large typography, video background, sidebar, rounded buttons","minimal, modern, futuristic",0.76
Lapa Ninja (Post),Bump Coffee,https://www.lapa.ninja/post/drinkbumpcoffee/,https://cdn.lapa.ninja/assets/images/1x/drinkbumpcoffee-thumb.webp,"[""#ededed"", ""#2a2622""]","{""#ededed"": 0.5009, ""#2a2622"": 0.2135}",#ededed,light muted neutral,"grid layout, rounded buttons, large typography, pricing cards, footer, sidebar","modern, minimal, professional",0.83
Lapa Ninja (Post),thi.ng,https://www.lapa.ninja/post/thing/,https://cdn.lapa.ninja/assets/images/1x/thing-thumb.webp,"[""#151415"", ""#5a205f""]","{""#151415"": 0.5747, ""#5a205f"": 0.1549}",#151415,dark muted neutral,"grid layout, video background, large typography, sidebar, feature list, icon list","modern, futuristic, artistic",0.83
Lapa Ninja (Post),Cash By Cash App,https://www.lapa.ninja/post/cash-by-cash-app/,https://cdn.lapa.ninja/assets/images/1x/cash-by-cash-app-thumb.webp,"[""#faf8f9"", ""#e7ed91""]","{""#faf8f9"": 0.5943, ""#e7ed91"": 0.1465}",#faf8f9,light muted magenta,"sidebar, rounded buttons, feature list, split screen, video background, grid layout","futuristic, retro, vibrant",0.87
Lapa Ninja (Post),Simon Liesinger,https://www.lapa.ninja/post/liesingers/,https://cdn.lapa.ninja/assets/images/1x/liesingers-thumb.webp,"[""#f2f2f2""]","{""#f2f2f2"": 0.9481}",#f2f2f2,light muted neutral,"large typography, grid layout, pricing cards, form, feature list, rounded buttons","minimal, modern, futuristic",0.83
Lapa Ninja (Post),LoveSeen,https://www.lapa.ninja/post/loveseen/,https://cdn.lapa.ninja/assets/images/1x/loveseen-thumb.webp,"[""#ece3e1"", ""#a09b9a""]","{""#ece3e1"": 0.6126, ""#a09b9a"": 0.129}",#ece3e1,light muted red,"grid layout, large typography, split screen, sidebar, pricing cards, rounded buttons","bold, luxury, minimal",0.85
Lapa Ninja (Post),Mellow Studio,https://www.lapa.ninja/post/mellowstudio/,https://cdn.lapa.ninja/assets/images/1x/mellowstudio-thumb.webp,"[""#5e26cb"", ""#e7e7e6""]","{""#5e26cb"": 0.3757, ""#e7e7e6"": 0.3506}",#5e26cb,bright purple,"grid layout, large typography, rounded buttons, feature list, sidebar, split screen","minimal, retro, cool",0.81
Lapa Ninja (Post),BalanceTech,https://www.lapa.ninja/post/balancetech/,https://cdn.lapa.ninja/assets/images/1x/balancetech-thumb.webp,"[""#f9fcfe""]","{""#f9fcfe"": 0.9318}",#f9fcfe,light bright blue,"rounded buttons, search bar, sidebar, pricing cards, footer, feature list","modern, minimal, cool",0.85
Lapa Ninja (Post),PANOPTICA,https://www.lapa.ninja/post/panopticafilms/,https://cdn.lapa.ninja/assets/images/1x/panopticafilms-thumb.webp,"[""#080808""]","{""#080808"": 0.9123}",#080808,dark muted neutral,"large typography, sidebar, video background, avatar, feature list, split screen","creative, futuristic, cool",0.83
Lapa Ninja (Post),Pangram Pangram,https://www.lapa.ninja/post/pangrampangram/,https://cdn.lapa.ninja/assets/images/1x/pangrampangram-thumb.webp,"[""#effaf0""]","{""#effaf0"": 0.9237}",#effaf0,light bright green,"large typography, icon list, form, footer, grid layout, rounded buttons","friendly, creative, modern",0.88
Lapa Ninja (Post),"Hi, skin",https://www.lapa.ninja/post/hiskin/,https://cdn.lapa.ninja/assets/images/1x/hiskin-thumb.webp,"[""#eeebe7"", ""#b0826c""]","{""#eeebe7"": 0.4188, ""#b0826c"": 0.3557}",#eeebe7,light muted orange,"pricing cards, grid layout, form, feature list, sidebar, testimonial","minimal, modern, serious",0.82
Lapa Ninja (Post),2020 IS A SONG,https://www.lapa.ninja/post/2020isasong/,https://cdn.lapa.ninja/assets/images/1x/2020isasong-thumb.webp,"[""#fefefe""]","{""#fefefe"": 0.8633}",#fefefe,light muted neutral,"feature list, data table, icon list, top navigation, sidebar, pricing cards","cool, modern, friendly",0.83
Lapa Ninja (Post),Arlind Aliu,https://www.lapa.ninja/post/arlindaliu/,https://cdn.lapa.ninja/assets/images/1x/arlindaliu-thumb.webp,"[""#000000"", ""#171616""]","{""#000000"": 0.4727, ""#171616"": 0.3457}",#000000,dark muted neutral,"sidebar, grid layout, feature list, centered hero, avatar, large typography","minimal, professional, bold",0.81
Lapa Ninja (Post),radicle,https://www.lapa.ninja/post/radicle/,https://cdn.lapa.ninja/assets/images/1x/radicle-thumb.webp,"[""#0f1318"", ""#f5f7f9""]","{""#0f1318"": 0.2752, ""#f5f7f9"": 0.5089}",#0f1318,dark muted blue,"sidebar, feature list, video background, icon list, grid layout, split screen","modern, cool, futuristic",0.74
Lapa Ninja (Post),Mill3,https://www.lapa.ninja/post/mill3-xmas/,https://cdn.lapa.ninja/assets/images/1x/mill3-xmas-thumb.webp,"[""#121212""]","{""#121212"": 0.8955}",#121212,dark muted neutral,"sidebar, video background, feature list, large typography, hero image, card list","futuristic, retro, modern",0.83
Lapa Ninja (Post),The Invisible Collection,https://www.lapa.ninja/post/theinvisiblecollection/,https://cdn.lapa.ninja/assets/images/1x/theinvisiblecollection-thumb.webp,"[""#8c8680"", ""#f9f9fa""]","{""#8c8680"": 0.2205, ""#f9f9fa"": 0.4465}",#8c8680,muted neutral,"pricing cards, data table, large typography, sidebar, footer, video background","modern, artistic, creative",0.68
Lapa Ninja (Post),Spline,https://www.lapa.ninja/post/spline/,https://cdn.lapa.ninja/assets/images/1x/spline-thumb.webp,"[""#121212""]","{""#121212"": 0.9236}",#121212,dark muted neutral,"rounded buttons, data table, large typography, grid layout, search bar, top navigation","futuristic, minimal, cool",0.82
Lapa Ninja (Post),Léo Mouraire,https://www.lapa.ninja/post/leomouraire/,https://cdn.lapa.ninja/assets/images/1x/leomouraire-thumb.webp,"[""#110e0f""]","{""#110e0f"": 0.9442}",#110e0f,dark muted neutral,"feature list, large typography, icon list, sidebar, pricing cards, rounded buttons","futuristic, modern, minimal",0.83
Lapa Ninja (Post),Harry Vincent,https://www.lapa.ninja/post/harryvincent/,https://cdn.lapa.ninja/assets/images/1x/harryvincent-thumb.webp,"[""#020202"", ""#f1f0ec""]","{""#020202"": 0.7204, ""#f1f0ec"": 0.178}",#020202,dark muted neutral,"icon list, sidebar, feature list, large typography, centered hero, card list","cool, vibrant, bold",0.82
Lapa Ninja (Post),Tropics Paris,https://www.lapa.ninja/post/tropics/,https://cdn.lapa.ninja/assets/images/1x/tropics-thumb.webp,"[""#f3f2e7"", ""#d4c9b9""]","{""#f3f2e7"": 0.6046, ""#d4c9b9"": 0.1285}",#f3f2e7,light muted yellow,"large typography, icon list, grid layout, sidebar, feature list, video background","retro, cool, creative",0.86
Lapa Ninja (Post),Collecta,https://www.lapa.ninja/post/collecta/,https://cdn.lapa.ninja/assets/images/1x/collecta-thumb.webp,"[""#fdfcfd"", ""#d9d7ec""]","{""#fdfcfd"": 0.8065, ""#d9d7ec"": 0.1043}",#fdfcfd,light muted magenta,"rounded buttons, sidebar, feature list, footer, icon list, grid layout","cool, modern, futuristic",0.87
Lapa Ninja (Post),HouseTMM,https://www.lapa.ninja/post/housetmm/,https://cdn.lapa.ninja/assets/images/1x/housetmm-thumb.webp,"[""#14130f"", ""#bcc0bf""]","{""#14130f"": 0.3779, ""#bcc0bf"": 0.218}",#14130f,dark muted orange,"large typography, grid layout, sidebar, feature list, icon list, pricing cards","artistic, creative, cool",0.8
Lapa Ninja (Post),BB Agency,https://www.lapa.ninja/post/bb-agency-2/,https://cdn.lapa.ninja/assets/images/1x/bb-agency-12-02-2020-thumb.webp,"[""#042824"", ""#f8fbfb""]","{""#042824"": 0.6627, ""#f8fbfb"": 0.1238}",#042824,dark bright teal,"large typography, rounded buttons, split screen, top navigation, grid layout, sidebar","modern, futuristic, professional",0.87
Lapa Ninja (Post),Remrise,https://www.lapa.ninja/post/getremrise/,https://cdn.lapa.ninja/assets/images/1x/getremrise-thumb.webp,"[""#bfb4de"", ""#faf7f4""]","{""#bfb4de"": 0.1896, ""#faf7f4"": 0.4568}",#bfb4de,bright blue,"grid layout, large typography, sidebar, form, rounded buttons, feature list","minimal, modern, futuristic",0.72
Lapa Ninja (Post),También,https://www.lapa.ninja/post/tambien-studio/,https://cdn.lapa.ninja/assets/images/1x/tambien-studio-thumb.webp,"[""#0d0d0d"", ""#523f39""]","{""#0d0d0d"": 0.7027, ""#523f39"": 0.1222}",#0d0d0d,dark muted neutral,"sidebar, large typography, rounded buttons, video background, feature list, grid layout","minimal, bold, futuristic",0.82
Lapa Ninja (Post),Web Stories on Google,https://www.lapa.ninja/post/web-stories-on-google/,https://cdn.lapa.ninja/assets/images/1x/web-stories-on-google-thumb.webp,"[""#1c1e24"", ""#fefefe""]","{""#1c1e24"": 0.2484, ""#fefefe"": 0.5766}",#1c1e24,dark muted blue,"feature list, rounded buttons, sidebar, search bar, grid layout, icon list","modern, cool, minimal",0.73
Lapa Ninja (Post),BUCK,https://www.lapa.ninja/post/buck/,https://cdn.lapa.ninja/assets/images/1x/buck-thumb.webp,"[""#fefefe"", ""#161315""]","{""#fefefe"": 0.7768, ""#161315"": 0.1237}",#fefefe,light muted neutral,"footer, sidebar, icon list, large typography, video background, rounded buttons","minimal, bold, artistic",0.83
Lapa Ninja (Post),Letters From Venus,https://www.lapa.ninja/post/lettersfromvenus/,https://cdn.lapa.ninja/assets/images/1x/lettersfromvenus-thumb.webp,"[""#000000"", ""#f5f3f1""]","{""#000000"": 0.8626, ""#f5f3f1"": 0.0819}",#000000,dark muted neutral,"feature list, sidebar, large typography, video background, card list, pricing cards","futuristic, creative, bold",0.82
Lapa Ninja (Post),oisx,https://www.lapa.ninja/post/oisx/,https://cdn.lapa.ninja/assets/images/1x/oisx-thumb.webp,"[""#f3f3f3"", ""#b3b09c""]","{""#f3f3f3"": 0.602, ""#b3b09c"": 0.1695}",#f3f3f3,light muted neutral,"feature list, large typography, sidebar, rounded buttons, card list, top navigation","minimal, modern, cool",0.83
Lapa Ninja (Post),Nieuw Bergen,https://www.lapa.ninja/post/nieuwbergen/,https://cdn.lapa.ninja/assets/images/1x/nieuwbergen-thumb.webp,"[""#f0eeeb"", ""#1b2b36""]","{""#f0eeeb"": 0.4356, ""#1b2b36"": 0.2004}",#f0eeeb,light muted orange,"large typography, video background, sidebar, split screen, grid layout, search bar","minimal, modern, calm",0.83
Lapa Ninja (Post),MIDWAM,https://www.lapa.ninja/post/midwam/,https://cdn.lapa.ninja/assets/images/1x/midwam-thumb.webp,"[""#140d10"", ""#3e1203""]","{""#140d10"": 0.4976, ""#3e1203"": 0.2652}",#140d10,dark muted magenta,"split screen, video background, large typography, centered hero, avatar, grid layout","futuristic, modern, professional",0.87
Lapa Ninja (Post),Foundation,https://www.lapa.ninja/post/foundation/,https://cdn.lapa.ninja/assets/images/1x/foundation-thumb.webp,"[""#fefefe""]","{""#fefefe"": 0.8239}",#fefefe,light muted neutral,"feature list, sidebar, video background, two-column layout, icon list, pricing cards","futuristic, modern, retro",0.83
Lapa Ninja (Post),Squadeasy,https://www.lapa.ninja/post/squadeasy/,https://cdn.lapa.ninja/assets/images/1x/squadeasy-thumb.webp,"[""#67fe5a""]","{""#67fe5a"": 0.8596}",#67fe5a,bright green,"sidebar, rounded buttons, avatar, feature list, video background, icon list","modern, futuristic, retro",0.87
Lapa Ninja (Post),Genusee,https://www.lapa.ninja/post/genusee/,https://cdn.lapa.ninja/assets/images/1x/genusee-thumb.webp,"[""#91b4a2"", ""#f7f9f8""]","{""#91b4a2"": 0.3046, ""#f7f9f8"": 0.3914}",#91b4a2,muted green,"rounded buttons, grid layout, search bar, sidebar, split screen, large typography","cool, minimal, modern",0.77
Lapa Ninja (Post),Taxonomy of Design,https://www.lapa.ninja/post/taxonomyofdesign/,https://cdn.lapa.ninja/assets/images/1x/taxonomyofdesign-thumb.webp,"[""#fdfdf2"", ""#c1c0b9""]","{""#fdfdf2"": 0.5848, ""#c1c0b9"": 0.1292}",#fdfdf2,light bright yellow,"grid layout, large typography, two-column layout, video background, search bar, feature list","modern, minimal, futuristic",0.87
Lapa Ninja (Post),Beau,https://www.lapa.ninja/post/beau/,https://cdn.lapa.ninja/assets/images/1x/beau-thumb.webp,"[""#dbe1ee""]","{""#dbe1ee"": 0.8716}",#dbe1ee,light bright blue,"grid layout, rounded buttons, large typography, feature list, split screen, pricing cards","modern, futuristic, professional",0.86
Lapa Ninja (Post),Studio Malvah,https://www.lapa.ninja/post/malvah/,https://cdn.lapa.ninja/assets/images/1x/malvah-thumb.webp,"[""#171717""]","{""#171717"": 0.9223}",#171717,dark muted neutral,"large typography, rounded buttons, sidebar, pricing cards, split screen, logo","modern, creative, artistic",0.83
Lapa Ninja (Post),Peter Tait,https://www.lapa.ninja/post/petertait/,https://cdn.lapa.ninja/assets/images/1x/petertait-thumb.webp,"[""#0030d3""]","{""#0030d3"": 0.914}",#0030d3,bright blue,"pricing cards, rounded buttons, large typography, grid layout, data table, split screen","modern, minimal, professional",0.86
Lapa Ninja (Post),Sophie Doukhopelnikoff,https://www.lapa.ninja/post/sophie-dkf/,https://cdn.lapa.ninja/assets/images/1x/sophie-dkf-thumb.webp,"[""#fdfdfe"", ""#e6c9c1""]","{""#fdfdfe"": 0.7645, ""#e6c9c1"": 0.1208}",#fdfdfe,light muted blue,"grid layout, rounded buttons, pricing cards, large typography, chart, sidebar","elegant, professional, minimal",0.86
Lapa Ninja (Post),Joinery,https://www.lapa.ninja/post/joinery/,https://cdn.lapa.ninja/assets/images/1x/joinery-thumb.webp,"[""#6f00fd"", ""#fefbfc""]","{""#6f00fd"": 0.5331, ""#fefbfc"": 0.2371}",#6f00fd,bright purple,"grid layout, pricing cards, rounded buttons, sidebar, video background, feature list","minimal, modern, futuristic",0.87
Lapa Ninja (Post),Figma Store,https://www.lapa.ninja/post/figma-store/,https://cdn.lapa.ninja/assets/images/1x/figma-store-thumb.webp,"[""#12a75a"", ""#f5f6f6""]","{""#12a75a"": 0.1937, ""#f5f6f6"": 0.4812}",#12a75a,bright green,"grid layout, rounded buttons, icon list, top navigation, large typography, feature list","modern, minimal, futuristic",0.72
Lapa Ninja (Post),Loftgarten,https://www.lapa.ninja/post/loftgarten-2/,https://cdn.lapa.ninja/assets/images/1x/loftgarten-11-24-2020-thumb.webp,"[""#f5f3ef"", ""#1f1610""]","{""#f5f3ef"": 0.3663, ""#1f1610"": 0.2723}",#f5f3ef,light muted orange,"large typography, grid layout, two-column layout, top navigation, form, video background","modern, futuristic, luxury",0.8
Lapa Ninja (Post),Famera,https://www.lapa.ninja/post/famera/,https://cdn.lapa.ninja/assets/images/1x/famera-thumb.webp,"[""#020408"", ""#0a1326""]","{""#020408"": 0.6094, ""#0a1326"": 0.2289}",#020408,dark bright blue,"footer, video background, sidebar, avatar, feature list, rounded buttons","cool, friendly, creative",0.86
Lapa Ninja (Post),Oscar,https://www.lapa.ninja/post/hioscar-3/,https://cdn.lapa.ninja/assets/images/1x/hioscar-11-24-2020-thumb.webp,"[""#7ea97c"", ""#fbf9f5""]","{""#7ea97c"": 0.2398, ""#fbf9f5"": 0.538}",#7ea97c,muted green,"large typography, grid layout, rounded buttons, pricing cards, sidebar, search bar","minimal, modern, friendly",0.73
Lapa Ninja (Post),Magda Butrym,https://www.lapa.ninja/post/magdabutrym/,https://cdn.lapa.ninja/assets/images/1x/magdabutrym-thumb.webp,"[""#e6e1cc"", ""#c9c3aa""]","{""#e6e1cc"": 0.3031, ""#c9c3aa"": 0.2361}",#e6e1cc,light muted orange,"rounded buttons, video background, grid layout, form, sidebar, large typography","modern, luxury, moody",0.76
Lapa Ninja (Post),Santi Zoraidez,https://www.lapa.ninja/post/santizoraidez/,https://cdn.lapa.ninja/assets/images/1x/santizoraidez-thumb.webp,"[""#beb9b7"", ""#fefefe""]","{""#beb9b7"": 0.242, ""#fefefe"": 0.4243}",#beb9b7,muted neutral,"sidebar, large typography, avatar, rounded buttons, grid layout, icon list","minimal, modern, artistic",0.7
Lapa Ninja (Post),The Game Awards,https://www.lapa.ninja/post/thegameawards/,https://cdn.lapa.ninja/assets/images/1x/thegameawards-thumb.webp,"[""#120f0f"", ""#c71d1b""]","{""#120f0f"": 0.578, ""#c71d1b"": 0.1859}",#120f0f,dark muted neutral,"split screen, large typography, sidebar, rounded buttons, feature list, video background","futuristic, cool, minimal",0.83
Lapa Ninja (Post),Ludmilla Maury,https://www.lapa.ninja/post/ludmillamaury/,https://cdn.lapa.ninja/assets/images/1x/ludmillamaury-thumb.webp,"[""#11191a"", ""#192122""]","{""#11191a"": 0.7963, ""#192122"": 0.1786}",#11191a,dark muted teal,"large typography, rounded buttons, grid layout, video background, footer, icon list","minimal, luxury, friendly",0.87
Lapa Ninja (Post),SPREAD,https://www.lapa.ninja/post/spreadai/,https://cdn.lapa.ninja/assets/images/1x/spreadai-thumb.webp,"[""#f8f8f9""]","{""#f8f8f9"": 0.9153}",#f8f8f9,light muted neutral,"data table, pricing cards, sidebar, form, large typography, avatar","professional, modern, minimal",0.82
Lapa Ninja (Post),Innotech,https://www.lapa.ninja/post/innotech/,https://cdn.lapa.ninja/assets/images/1x/innotech-thumb.webp,"[""#012d32"", ""#fc6b3d""]","{""#012d32"": 0.4169, ""#fc6b3d"": 0.3858}",#012d32,dark bright teal,"large typography, avatar, sidebar, form, pricing cards, video background","futuristic, modern, professional",0.81
Lapa Ninja (Post),Political Playlist,https://www.lapa.ninja/post/politicalplaylist/,https://cdn.lapa.ninja/assets/images/1x/politicalplaylist-thumb.webp,"[""#f2eee2""]","{""#f2eee2"": 0.8311}",#f2eee2,light bright orange,"sidebar, avatar, large typography, split screen, footer, two-column layout","futuristic, modern, cool",0.87
Lapa Ninja (Post),SVZ Design,https://www.lapa.ninja/post/svz/,https://cdn.lapa.ninja/assets/images/1x/svz-thumb.webp,"[""#000101""]","{""#000101"": 0.9066}",#000101,dark bright teal,"large typography, grid layout, pricing cards, rounded buttons, top navigation, sidebar","professional, minimal, modern",0.87
Lapa Ninja (Post),Ugly Drinks,https://www.lapa.ninja/post/uglydrinks/,https://cdn.lapa.ninja/assets/images/1x/uglydrinks-thumb.webp,"[""#01a9df"", ""#29c8fd""]","{""#01a9df"": 0.6896, ""#29c8fd"": 0.1328}",#01a9df,bright teal,"sidebar, large typography, pricing cards, hero image, icon list, data table","cool, creative, friendly",0.86
Lapa Ninja (Post),HealthQuarters,https://www.lapa.ninja/post/healthquarters/,https://cdn.lapa.ninja/assets/images/1x/healthquarters-thumb.webp,"[""#a6ced7"", ""#fcfbfa""]","{""#a6ced7"": 0.2336, ""#fcfbfa"": 0.5677}",#a6ced7,bright teal,"grid layout, large typography, split screen, sidebar, rounded buttons, footer","modern, minimal, calm",0.72
Lapa Ninja (Post),Naba Zabih,https://www.lapa.ninja/post/nabazabih/,https://cdn.lapa.ninja/assets/images/1x/nabazabih-thumb.webp,"[""#f7f2ef"", ""#1c1913""]","{""#f7f2ef"": 0.4753, ""#1c1913"": 0.2999}",#f7f2ef,light muted orange,"sidebar, video background, large typography, top navigation, carousel, search bar","calm, cool, artistic",0.85
Lapa Ninja (Post),Lift Type,https://www.lapa.ninja/post/lift-type/,https://cdn.lapa.ninja/assets/images/1x/lift-type-thumb.webp,"[""#018b58"", ""#fdfefd""]","{""#018b58"": 0.4066, ""#fdfefd"": 0.4345}",#018b58,bright green,"large typography, rounded buttons, pricing cards, grid layout, two-column layout, feature list","modern, futuristic, minimal",0.83
Lapa Ninja (Post),Lift Her Wealth,https://www.lapa.ninja/post/lift-her-wealth/,https://cdn.lapa.ninja/assets/images/1x/lift-her-wealth-thumb.webp,"[""#f8f7f3"", ""#fde4e0""]","{""#f8f7f3"": 0.757, ""#fde4e0"": 0.1656}",#f8f7f3,light muted orange,"large typography, sidebar, rounded buttons, pricing cards, grid layout, split screen","minimal, modern, trustworthy",0.87
Lapa Ninja (Post),Lens Fest,https://www.lapa.ninja/post/lensfest/,https://cdn.lapa.ninja/assets/images/1x/lensfest-thumb.webp,"[""#1e2225"", ""#fafbfb""]","{""#1e2225"": 0.3586, ""#fafbfb"": 0.2371}",#1e2225,dark muted neutral,"large typography, sidebar, icon list, feature list, rounded buttons, logo","creative, cool, artistic",0.75
Lapa Ninja (Post),MoonClerk,https://www.lapa.ninja/post/moonclerk/,https://cdn.lapa.ninja/assets/images/1x/moonclerk-thumb.webp,"[""#fafafd"", ""#1e2f3d""]","{""#fafafd"": 0.7434, ""#1e2f3d"": 0.1426}",#fafafd,light bright blue,"pricing cards, large typography, grid layout, split screen, rounded buttons, sidebar","modern, minimal, professional",0.86
Lapa Ninja (Post),Impero,https://www.lapa.ninja/post/weareimpero/,https://cdn.lapa.ninja/assets/images/1x/weareimpero-thumb.webp,"[""#202020"", ""#121212""]","{""#202020"": 0.6963, ""#121212"": 0.2186}",#202020,dark muted neutral,"large typography, sidebar, avatar, feature list, grid layout, search bar","futuristic, modern, minimal",0.83
Lapa Ninja (Post),Nike Air Jordan XXXV Unveil,https://www.lapa.ninja/post/jordanbrandlive/,https://cdn.lapa.ninja/assets/images/1x/jordanbrandlive-thumb.webp,"[""#eac2d8"", ""#fefefe""]","{""#eac2d8"": 0.3066, ""#fefefe"": 0.4913}",#eac2d8,bright magenta,"sidebar, avatar, icon list, footer, video background, grid layout","futuristic, modern, minimal",0.77
Lapa Ninja (Post),True To Form,https://www.lapa.ninja/post/truetoform/,https://cdn.lapa.ninja/assets/images/1x/truetoform-thumb.webp,"[""#000000"", ""#fcfdfd""]","{""#000000"": 0.5556, ""#fcfdfd"": 0.3081}",#000000,dark muted neutral,"large typography, cta button, rounded buttons, video background, sidebar, grid layout","futuristic, modern, artistic",0.83
Lapa Ninja (Post),Whirly Birdie,https://www.lapa.ninja/post/whirlybirdie/,https://cdn.lapa.ninja/assets/images/1x/whirlybirdie-thumb.webp,"[""#f9eee1"", ""#030100""]","{""#f9eee1"": 0.7218, ""#030100"": 0.0812}",#f9eee1,light bright orange,"large typography, sidebar, pricing cards, video background, logo, grid layout","friendly, retro, bold",0.85
Lapa Ninja (Post),PORTO ROCHA,https://www.lapa.ninja/post/portorocha/,https://cdn.lapa.ninja/assets/images/1x/portorocha-thumb.webp,"[""#1b1b1a"", ""#a69e7c""]","{""#1b1b1a"": 0.5036, ""#a69e7c"": 0.2235}",#1b1b1a,dark muted neutral,"grid layout, sidebar, rounded buttons, split screen, video background, search bar","modern, cool, vibrant",0.83
Lapa Ninja (Post),Glyphs 3,https://www.lapa.ninja/post/glyphsapp/,https://cdn.lapa.ninja/assets/images/1x/glyphsapp-thumb.webp,"[""#d4e3d7"", ""#fefefe""]","{""#d4e3d7"": 0.3249, ""#fefefe"": 0.4073}",#d4e3d7,light muted green,"large typography, grid layout, pricing cards, rounded buttons, sidebar, footer","modern, minimal, professional",0.79
Lapa Ninja (Post),Seaborne,https://www.lapa.ninja/post/seaborne/,https://cdn.lapa.ninja/assets/images/1x/seaborne-thumb.webp,"[""#fcfdfd"", ""#e3998d""]","{""#fcfdfd"": 0.8084, ""#e3998d"": 0.0921}",#fcfdfd,light muted teal,"sidebar, avatar, feature list, rounded buttons, pricing cards, icon list","modern, professional, minimal",0.86
Lapa Ninja (Post),Craft,https://www.lapa.ninja/post/craftdo/,https://cdn.lapa.ninja/assets/images/1x/craftdo-thumb.webp,"[""#fbfcfc""]","{""#fbfcfc"": 0.9128}",#fbfcfc,light muted teal,"feature list, sidebar, rounded buttons, grid layout, icon list, footer","modern, cool, futuristic",0.86
Lapa Ninja (Post),Look Look Studio,https://www.lapa.ninja/post/looklookstudio/,https://cdn.lapa.ninja/assets/images/1x/looklookstudio-thumb.webp,"[""#f7f7f5"", ""#d1cbc2""]","{""#f7f7f5"": 0.6358, ""#d1cbc2"": 0.146}",#f7f7f5,light muted neutral,"large typography, pricing cards, grid layout, rounded buttons, sidebar, footer","minimal, modern, creative",0.83
Lapa Ninja (Post),OpenPhone,https://www.lapa.ninja/post/openphone-2/,https://cdn.lapa.ninja/assets/images/1x/openphone-11-18-2020-thumb.webp,"[""#111017""]","{""#111017"": 0.8917}",#111017,dark muted blue,"rounded buttons, grid layout, feature list, search bar, split screen, video background","modern, futuristic, minimal",0.87
Lapa Ninja (Post),Flux Academy,https://www.lapa.ninja/post/flux-academy/,https://cdn.lapa.ninja/assets/images/1x/flux-academy-thumb.webp,"[""#5826e4"", ""#fefcfe""]","{""#5826e4"": 0.6807, ""#fefcfe"": 0.2461}",#5826e4,bright blue,"sidebar, large typography, avatar, video background, feature list, icon list","artistic, futuristic, modern",0.86
Lapa Ninja (Post),Wine + Peace,https://www.lapa.ninja/post/wineandpeace/,https://cdn.lapa.ninja/assets/images/1x/wineandpeace-thumb.webp,"[""#fefefe"", ""#132035""]","{""#fefefe"": 0.763, ""#132035"": 0.0874}",#fefefe,light muted neutral,"grid layout, sidebar, rounded buttons, pricing cards, large typography, search bar","minimal, modern, luxury",0.82
Lapa Ninja (Post),Comme,https://www.lapa.ninja/post/comme/,https://cdn.lapa.ninja/assets/images/1x/comme-thumb.webp,"[""#e5e2db"", ""#a68e72""]","{""#e5e2db"": 0.4838, ""#a68e72"": 0.1359}",#e5e2db,light muted orange,"grid layout, split screen, rounded buttons, video background, sidebar, search bar","minimal, cool, modern",0.86
Lapa Ninja (Post),Dims.,https://www.lapa.ninja/post/dimshome-2/,https://cdn.lapa.ninja/assets/images/1x/dimshome-17-11-2020-thumb.webp,"[""#dddbd8"", ""#faf8f5""]","{""#dddbd8"": 0.2091, ""#faf8f5"": 0.5851}",#dddbd8,light muted neutral,"grid layout, large typography, rounded buttons, data table, form, sidebar","minimal, modern, elegant",0.68
Lapa Ninja (Post),Farah Zidane,https://www.lapa.ninja/post/farahzidane/,https://cdn.lapa.ninja/assets/images/1x/farahzidane-thumb.webp,"[""#fcf1e7"", ""#d8d3cf""]","{""#fcf1e7"": 0.4356, ""#d8d3cf"": 0.2475}",#fcf1e7,light bright orange,"grid layout, sidebar, large typography, avatar, rounded buttons, single column","modern, luxury, minimal",0.83
Lapa Ninja (Post),Manual -,https://www.lapa.ninja/post/manualphoto/,https://cdn.lapa.ninja/assets/images/1x/manualphoto-thumb.webp,"[""#010100"", ""#fcfbfb""]","{""#010100"": 0.5237, ""#fcfbfb"": 0.3017}",#010100,dark bright yellow,"video background, icon list, sidebar, grid layout, large typography, feature list","retro, cool, futuristic",0.86
Lapa Ninja (Post),Ofcina,https://www.lapa.ninja/post/ofcina/,https://cdn.lapa.ninja/assets/images/1x/ofcina-thumb.webp,"[""#dce4e6"", ""#fdfdfc""]","{""#dce4e6"": 0.4656, ""#fdfdfc"": 0.3771}",#dce4e6,light muted teal,"grid layout, two-column layout, rounded buttons, search bar, feature list, split screen","minimal, modern, futuristic",0.85
Lapa Ninja (Post),Lennarts & de Bruijn,https://www.lapa.ninja/post/lennartsendebruijn/,https://cdn.lapa.ninja/assets/images/1x/lennartsendebruijn-thumb.webp,"[""#010101"", ""#f3f0ed""]","{""#010101"": 0.4396, ""#f3f0ed"": 0.2252}",#010101,dark muted neutral,"video background, sidebar, grid layout, icon list, large typography, search bar","modern, cool, vibrant",0.79
Lapa Ninja (Post),Gumroad,https://www.lapa.ninja/post/gumroad/,https://cdn.lapa.ninja/assets/images/1x/gumroad-thumb.webp,"[""#000000"", ""#fcfcfc""]","{""#000000"": 0.8091, ""#fcfcfc"": 0.1006}",#000000,dark muted neutral,"large typography, pricing cards, sidebar, feature list, rounded buttons, grid layout","creative, artistic, cool",0.82
Lapa Ninja (Post),Serial 1,https://www.lapa.ninja/post/serial1/,https://cdn.lapa.ninja/assets/images/1x/serial1-thumb.webp,"[""#111215"", ""#b3bfc6""]","{""#111215"": 0.708, ""#b3bfc6"": 0.1741}",#111215,dark muted neutral,"large typography, rounded buttons, video background, feature list, split screen, pricing cards","futuristic, trustworthy, modern",0.82
Lapa Ninja (Post),Michael McKeever,https://www.lapa.ninja/post/mckvr/,https://cdn.lapa.ninja/assets/images/1x/mckvr-thumb.webp,"[""#1c1d21"", ""#d1d8d4""]","{""#1c1d21"": 0.7312, ""#d1d8d4"": 0.1299}",#1c1d21,dark muted neutral,"grid layout, rounded buttons, pricing cards, top navigation, large typography, footer","modern, minimal, futuristic",0.83
Lapa Ninja (Post),SPENCER BADU,https://www.lapa.ninja/post/spencerbadu/,https://cdn.lapa.ninja/assets/images/1x/spencerbadu-thumb.webp,"[""#cccccc"", ""#020101""]","{""#cccccc"": 0.6184, ""#020101"": 0.2164}",#cccccc,muted neutral,"grid layout, video background, sidebar, avatar, icon list, form","minimal, futuristic, modern",0.83
Lapa Ninja (Post),Clerksy,https://www.lapa.ninja/post/clerksy/,https://cdn.lapa.ninja/assets/images/1x/clerksy-thumb.webp,"[""#183923"", ""#fbfaf5""]","{""#183923"": 0.3476, ""#fbfaf5"": 0.5052}",#183923,dark bright green,"large typography, sidebar, pricing cards, grid layout, avatar, hero illustration","minimal, modern, creative",0.79
Lapa Ninja (Post),Zammad,https://www.lapa.ninja/post/zammad/,https://cdn.lapa.ninja/assets/images/1x/zammad-thumb.webp,"[""#19181b"", ""#947b69""]","{""#19181b"": 0.583, ""#947b69"": 0.1492}",#19181b,dark muted neutral,"video background, large typography, search bar, sidebar, split screen, rounded buttons","modern, cool, professional",0.82
Lapa Ninja (Post),Spain Collection,https://www.lapa.ninja/post/spaincollection/,https://cdn.lapa.ninja/assets/images/1x/spaincollection-thumb.webp,"[""#fefefe"", ""#010101""]","{""#fefefe"": 0.5253, ""#010101"": 0.1732}",#fefefe,light muted neutral,"grid layout, feature list, sidebar, large typography, form, top navigation","minimal, modern, luxury",0.82
Lapa Ninja (Post),-ism.,https://www.lapa.ninja/post/ism-crafts-2/,https://cdn.lapa.ninja/assets/images/1x/ism-crafts-11-15-2020-thumb.webp,"[""#cfae95"", ""#f9f9f9""]","{""#cfae95"": 0.2057, ""#f9f9f9"": 0.616}",#cfae95,bright orange,"rounded buttons, grid layout, pricing cards, video background, feature list, icon list","minimal, modern, luxury",0.72
Lapa Ninja (Post),Gonzalo Miranda,https://www.lapa.ninja/post/gonzzzalo/,https://cdn.lapa.ninja/assets/images/1x/gonzzzalo-thumb.webp,"[""#c6a9a4"", ""#faf8f4""]","{""#c6a9a4"": 0.23, ""#faf8f4"": 0.4268}",#c6a9a4,muted red,"large typography, grid layout, rounded buttons, video background, pricing cards, data table","minimal, modern, luxury",0.72
Lapa Ninja (Post),Chivi Chivi,https://www.lapa.ninja/post/chivichivi/,https://cdn.lapa.ninja/assets/images/1x/chivichivi-thumb.webp,"[""#090202"", ""#fefdfd""]","{""#090202"": 0.326, ""#fefdfd"": 0.4944}",#090202,dark bright red,"sidebar, grid layout, icon list, video background, feature list, split screen","minimal, modern, artistic",0.78
Lapa Ninja (Post),LIVRE,https://www.lapa.ninja/post/livre/,https://cdn.lapa.ninja/assets/images/1x/livre-thumb.webp,"[""#fefefe"", ""#332d19""]","{""#fefefe"": 0.7566, ""#332d19"": 0.1213}",#fefefe,light muted neutral,"pricing cards, video background, feature list, sidebar, rounded buttons, hero image","professional, cool, creative",0.82
Lapa Ninja (Post),Jesper Vos,https://www.lapa.ninja/post/jespervos-2/,https://cdn.lapa.ninja/assets/images/1x/jespervos-11-15-2020-thumb.webp,"[""#000000"", ""#8a6c2e""]","{""#000000"": 0.2759, ""#8a6c2e"": 0.2528}",#000000,dark muted neutral,"split screen, sidebar, rounded buttons, video background, large typography, grid layout","futuristic, modern, minimal",0.72
Lapa Ninja (Post),Shelby Kay,https://www.lapa.ninja/post/shelbykay-2/,https://cdn.lapa.ninja/assets/images/1x/shelbykay-11-15-2020-thumb.webp,"[""#fbead4"", ""#0b252e""]","{""#fbead4"": 0.4693, ""#0b252e"": 0.3358}",#fbead4,light bright orange,"grid layout, rounded buttons, large typography, sidebar, pricing cards, split screen","minimal, modern, professional",0.86
Lapa Ninja (Post),Headspace,https://www.lapa.ninja/post/headspace-2/,https://cdn.lapa.ninja/assets/images/1x/headspace-11-15-2020-thumb.webp,"[""#f9f7f4"", ""#f9bb15""]","{""#f9f7f4"": 0.8023, ""#f9bb15"": 0.1107}",#f9f7f4,light muted orange,"rounded buttons, sidebar, search bar, top navigation, feature list, grid layout","minimal, modern, cool",0.88
Lapa Ninja (Post),Dally,https://www.lapa.ninja/post/dallygoods/,https://cdn.lapa.ninja/assets/images/1x/dallygoods-thumb.webp,"[""#f3e9e0"", ""#6fb8cd""]","{""#f3e9e0"": 0.7096, ""#6fb8cd"": 0.0898}",#f3e9e0,light bright orange,"pricing cards, large typography, sidebar, video background, rounded buttons, feature list","luxury, professional, futuristic",0.85
Lapa Ninja (Post),Raw.Studio,https://www.lapa.ninja/post/raw-studio-2/,https://cdn.lapa.ninja/assets/images/1x/raw-studio-11-15-2020-thumb.webp,"[""#0e1523"", ""#dee0dc""]","{""#0e1523"": 0.6613, ""#dee0dc"": 0.1216}",#0e1523,dark bright blue,"sidebar, feature list, rounded buttons, split screen, avatar, icon list","professional, modern, futuristic",0.85
Lapa Ninja (Post),Clint Agency,https://www.lapa.ninja/post/clintagency/,https://cdn.lapa.ninja/assets/images/1x/clintagency-thumb.webp,"[""#0b292a"", ""#eadbcb""]","{""#0b292a"": 0.4753, ""#eadbcb"": 0.3907}",#0b292a,dark bright teal,"grid layout, sidebar, video background, large typography, pricing cards, footer","modern, friendly, cool",0.85
Lapa Ninja (Post),Brewbike,https://www.lapa.ninja/post/brewbike/,https://cdn.lapa.ninja/assets/images/1x/brewbike-thumb.webp,"[""#fef3e8"", ""#050504""]","{""#fef3e8"": 0.6773, ""#050504"": 0.2535}",#fef3e8,light bright orange,"pricing cards, grid layout, large typography, sidebar, feature list, rounded buttons","retro, cool, bold",0.87
Lapa Ninja (Post),Adam Romano,https://www.lapa.ninja/post/adamromano/,https://cdn.lapa.ninja/assets/images/1x/adamromano-thumb.webp,"[""#131514"", ""#423836""]","{""#131514"": 0.7077, ""#423836"": 0.1355}",#131514,dark muted neutral,"video background, grid layout, split screen, top navigation, feature list, large typography","futuristic, modern, cool",0.83
Lapa Ninja (Post),Poulos Collective,https://www.lapa.ninja/post/poulos/,https://cdn.lapa.ninja/assets/images/1x/poulos-thumb.webp,"[""#d1cbc9"", ""#f4f4f4""]","{""#d1cbc9"": 0.193, ""#f4f4f4"": 0.4544}",#d1cbc9,muted neutral,"grid layout, rounded buttons, large typography, footer, pricing cards, sidebar","modern, minimal, futuristic",0.68
Lapa Ninja (Post),Varyer,https://www.lapa.ninja/post/varyer/,https://cdn.lapa.ninja/assets/images/1x/varyer-thumb.webp,"[""#f9f7f2"", ""#766456""]","{""#f9f7f2"": 0.4984, ""#766456"": 0.1353}",#f9f7f2,light bright orange,"large typography, grid layout, sidebar, footer, feature list, rounded buttons","modern, minimal, cool",0.86
Lapa Ninja (Post),Maximilian Berndt,https://www.lapa.ninja/post/maximilianberndt/,https://cdn.lapa.ninja/assets/images/1x/maximilianberndt-thumb.webp,"[""#25272b"", ""#0043fd""]","{""#25272b"": 0.531, ""#0043fd"": 0.4356}",#25272b,dark muted neutral,"large typography, split screen, rounded buttons, grid layout, sidebar, search bar","minimal, modern, bold",0.84
Lapa Ninja (Post),OFFHOURS,https://www.lapa.ninja/post/offhours/,https://cdn.lapa.ninja/assets/images/1x/offhours-thumb.webp,"[""#f6f4f3"", ""#d4caba""]","{""#f6f4f3"": 0.6385, ""#d4caba"": 0.1357}",#f6f4f3,light muted orange,"rounded buttons, sidebar, feature list, grid layout, split screen, search bar","modern, minimal, bold",0.87
Lapa Ninja (Post),Loom,https://www.lapa.ninja/post/loom-3/,https://cdn.lapa.ninja/assets/images/1x/loom-11-12-2020-thumb.webp,"[""#3f4358"", ""#fafaf9""]","{""#3f4358"": 0.3118, ""#fafaf9"": 0.5595}",#3f4358,muted blue,"grid layout, rounded buttons, split screen, search bar, footer, feature list","modern, minimal, futuristic",0.77
Lapa Ninja (Post),snif,https://www.lapa.ninja/post/snif/,https://cdn.lapa.ninja/assets/images/1x/snif-thumb.webp,"[""#f7efe9"", ""#9c634c""]","{""#f7efe9"": 0.4905, ""#9c634c"": 0.2412}",#f7efe9,light bright orange,"rounded buttons, grid layout, pricing cards, large typography, sidebar, form","professional, modern, creative",0.86
Lapa Ninja (Post),Weekend Home,https://www.lapa.ninja/post/weekendhome/,https://cdn.lapa.ninja/assets/images/1x/weekendhome-thumb.webp,"[""#77a7c0"", ""#83764b""]","{""#77a7c0"": 0.2355, ""#83764b"": 0.2311}",#77a7c0,bright blue,"two-column layout, rounded buttons, sidebar, grid layout, form, large typography","modern, luxury, minimal",0.72
Lapa Ninja (Post),Folklore,https://www.lapa.ninja/post/folklore/,https://cdn.lapa.ninja/assets/images/1x/folklore-thumb.webp,"[""#201e1a"", ""#4c412f""]","{""#201e1a"": 0.685, ""#4c412f"": 0.1105}",#201e1a,dark muted neutral,"footer, large typography, video background, grid layout, sidebar, split screen","bold, modern, cool",0.82
Lapa Ninja (Post),Eva Sánchez Clemente,https://www.lapa.ninja/post/evasanchezclemente/,https://cdn.lapa.ninja/assets/images/1x/evasanchezclemente-thumb.webp,"[""#f7f7f7"", ""#f1f1f1""]","{""#f7f7f7"": 0.6286, ""#f1f1f1"": 0.3196}",#f7f7f7,light muted neutral,"large typography, rounded buttons, pricing cards, footer, grid layout, avatar","minimal, creative, professional",0.83
Lapa Ninja (Post),Endplan,https://www.lapa.ninja/post/endplan/,https://cdn.lapa.ninja/assets/images/1x/endplan-thumb.webp,"[""#263d3c"", ""#fdfdfd""]","{""#263d3c"": 0.3106, ""#fdfdfd"": 0.2938}",#263d3c,dark muted teal,"grid layout, rounded buttons, sidebar, split screen, video background, cta button","modern, minimal, bold",0.77
Lapa Ninja (Post),Leichtfried,https://www.lapa.ninja/post/leichtfried/,https://cdn.lapa.ninja/assets/images/1x/leichtfried-thumb.webp,"[""#c4baaf"", ""#fefefe""]","{""#c4baaf"": 0.2348, ""#fefefe"": 0.4384}",#c4baaf,muted orange,"rounded buttons, pricing cards, grid layout, large typography, sidebar, split screen","modern, luxury, elegant",0.72
Lapa Ninja (Post),Spendesk,https://www.lapa.ninja/post/spendesk-3/,https://cdn.lapa.ninja/assets/images/1x/spendesk-11-09-2020-thumb.webp,"[""#542cc1"", ""#fcfcfe""]","{""#542cc1"": 0.4098, ""#fcfcfe"": 0.517}",#542cc1,bright blue,"grid layout, rounded buttons, pricing cards, large typography, footer, feature list","modern, minimal, futuristic",0.82
Lapa Ninja (Post),July,https://www.lapa.ninja/post/july/,https://cdn.lapa.ninja/assets/images/1x/july-thumb.webp,"[""#eaedef"", ""#fce9b0""]","{""#eaedef"": 0.3828, ""#fce9b0"": 0.2774}",#eaedef,light muted blue,"rounded buttons, sidebar, search bar, grid layout, cta button, video background","minimal, modern, trustworthy",0.81
Lapa Ninja (Post),MamboMambo,https://www.lapa.ninja/post/mambomambo/,https://cdn.lapa.ninja/assets/images/1x/mambomambo-thumb.webp,"[""#fdfcfc"", ""#d5d58b""]","{""#fdfcfc"": 0.8177, ""#d5d58b"": 0.0851}",#fdfcfc,light muted red,"rounded buttons, sidebar, large typography, pricing cards, grid layout, feature list","modern, artistic, cool",0.85
Lapa Ninja (Post),Sofia Papadopoulou,https://www.lapa.ninja/post/sofiapapadopoulou/,https://cdn.lapa.ninja/assets/images/1x/sofiapapadopoulou-thumb.webp,"[""#000000""]","{""#000000"": 0.9406}",#000000,dark muted neutral,"large typography, rounded buttons, video background, footer, split screen, form","futuristic, modern, luxury",0.84
Lapa Ninja (Post),CartHook,https://www.lapa.ninja/post/carthook/,https://cdn.lapa.ninja/assets/images/1x/carthook-thumb.webp,"[""#f6e9df"", ""#fdfefe""]","{""#f6e9df"": 0.306, ""#fdfefe"": 0.538}",#f6e9df,light bright orange,"cta button, pricing cards, rounded buttons, sidebar, footer, carousel","cool, modern, minimal",0.76
Lapa Ninja (Post),Rive 2,https://www.lapa.ninja/post/rive/,https://cdn.lapa.ninja/assets/images/1x/rive-thumb.webp,"[""#322d30"", ""#1e0c1a""]","{""#322d30"": 0.4396, ""#1e0c1a"": 0.4136}",#322d30,dark muted neutral,"rounded buttons, video background, split screen, grid layout, large typography, sidebar","futuristic, modern, professional",0.79
Lapa Ninja (Post),Sean Halpin,https://www.lapa.ninja/post/seanhalpin/,https://cdn.lapa.ninja/assets/images/1x/seanhalpin-thumb.webp,"[""#141414"", ""#f4f2ec""]","{""#141414"": 0.7183, ""#f4f2ec"": 0.1252}",#141414,dark muted neutral,"search bar, sidebar, rounded buttons, icon list, large typography, footer","modern, minimal, creative",0.83
Lapa Ninja (Post),MOY,https://www.lapa.ninja/post/moy/,https://cdn.lapa.ninja/assets/images/1x/moy-thumb.webp,"[""#e3dede"", ""#f7f7f6""]","{""#e3dede"": 0.5318, ""#f7f7f6"": 0.3647}",#e3dede,light muted neutral,"pricing cards, rounded buttons, grid layout, sidebar, feature list, large typography","minimal, trustworthy, bold",0.83
Lapa Ninja (Post),BrandLoyal,https://www.lapa.ninja/post/brandloyal/,https://cdn.lapa.ninja/assets/images/1x/brandloyal-thumb.webp,"[""#171b27"", ""#ea789f""]","{""#171b27"": 0.7104, ""#ea789f"": 0.1333}",#171b27,dark muted blue,"rounded buttons, pricing cards, grid layout, large typography, cta button, sidebar","modern, futuristic, minimal",0.86
Lapa Ninja (Post),Meatable,https://www.lapa.ninja/post/meatable/,https://cdn.lapa.ninja/assets/images/1x/meatable-thumb.webp,"[""#acb6ba"", ""#141a1a""]","{""#acb6ba"": 0.3671, ""#141a1a"": 0.3362}",#acb6ba,muted neutral,"sidebar, avatar, large typography, feature list, video background, centered hero","modern, futuristic, minimal",0.76
Lapa Ninja (Post),Alto,https://www.lapa.ninja/post/alto/,https://cdn.lapa.ninja/assets/images/1x/alto-thumb.webp,"[""#fefaf6""]","{""#fefaf6"": 0.873}",#fefaf6,light bright orange,"rounded buttons, large typography, sidebar, grid layout, footer, pricing cards","modern, trustworthy, cool",0.86
Lapa Ninja (Post),Dario,https://www.lapa.ninja/post/dario/,https://cdn.lapa.ninja/assets/images/1x/dario-thumb.webp,"[""#000000"", ""#c6fe1d""]","{""#000000"": 0.4474, ""#c6fe1d"": 0.3185}",#000000,dark muted neutral,"large typography, sidebar, grid layout, pricing cards, form, footer","professional, modern, artistic",0.8
Lapa Ninja (Post),Anima,https://www.lapa.ninja/post/animaapp/,https://cdn.lapa.ninja/assets/images/1x/animaapp-thumb.webp,"[""#2a2a2a""]","{""#2a2a2a"": 0.921}",#2a2a2a,dark muted neutral,"feature list, large typography, rounded buttons, sidebar, icon list, pricing cards","futuristic, modern, minimal",0.83
Lapa Ninja (Post),Atom,https://www.lapa.ninja/post/atom/,https://cdn.lapa.ninja/assets/images/1x/atom-thumb.webp,"[""#343234"", ""#fccb5e""]","{""#343234"": 0.7702, ""#fccb5e"": 0.122}",#343234,dark muted neutral,"rounded buttons, grid layout, large typography, footer, top navigation, centered hero","modern, minimal, cool",0.83
Lapa Ninja (Post),Comme Si,https://www.lapa.ninja/post/commesi/,https://cdn.lapa.ninja/assets/images/1x/commesi-thumb.webp,"[""#d2cdc4"", ""#f0edea""]","{""#d2cdc4"": 0.4807, ""#f0edea"": 0.1775}",#d2cdc4,muted orange,"grid layout, large typography, rounded buttons, footer, form, pricing cards","modern, minimal, futuristic",0.85
Lapa Ninja (Post),Skuid,https://www.lapa.ninja/post/skuid/,https://cdn.lapa.ninja/assets/images/1x/skuid-thumb.webp,"[""#301f6b"", ""#fbfcfe""]","{""#301f6b"": 0.2489, ""#fbfcfe"": 0.4566}",#301f6b,bright blue,"data table, sidebar, search bar, rounded buttons, feature list, pricing cards","modern, minimal, cool",0.73
Lapa Ninja (Post),Hugo Crozet,https://www.lapa.ninja/post/hugocrozet/,https://cdn.lapa.ninja/assets/images/1x/hugocrozet-thumb.webp,"[""#212527"", ""#010101""]","{""#212527"": 0.8206, ""#010101"": 0.1296}",#212527,dark muted neutral,"large typography, sidebar, grid layout, footer, split screen, rounded buttons","modern, minimal, professional",0.83
Lapa Ninja (Post),Kabuto Noodles,https://www.lapa.ninja/post/kabutonoodles/,https://cdn.lapa.ninja/assets/images/1x/kabutonoodles-thumb.webp,"[""#f4f3ef"", ""#c3b8ab""]","{""#f4f3ef"": 0.7578, ""#c3b8ab"": 0.0873}",#f4f3ef,light muted orange,"rounded buttons, pricing cards, footer, grid layout, sidebar, large typography","luxury, cool, professional",0.85
Lapa Ninja (Post),Sonia Rykiel,https://www.lapa.ninja/post/soniarykiel/,https://cdn.lapa.ninja/assets/images/1x/soniarykiel-thumb.webp,"[""#f8f9fb"", ""#d2b8ac""]","{""#f8f9fb"": 0.6146, ""#d2b8ac"": 0.1461}",#f8f9fb,light muted blue,"sidebar, rounded buttons, grid layout, icon list, video background, search bar","minimal, modern, futuristic",0.87
Lapa Ninja (Post),Gusto Wallet,https://www.lapa.ninja/post/gusto-wallet/,https://cdn.lapa.ninja/assets/images/1x/gusto-wallet-thumb.webp,"[""#1d4544"", ""#140c07""]","{""#1d4544"": 0.495, ""#140c07"": 0.1892}",#1d4544,dark bright teal,"rounded buttons, sidebar, grid layout, footer, split screen, search bar","modern, minimal, professional",0.86
Lapa Ninja (Post),Cometeer,https://www.lapa.ninja/post/cometeer/,https://cdn.lapa.ninja/assets/images/1x/cometeer-thumb.webp,"[""#282323"", ""#464748""]","{""#282323"": 0.409, ""#464748"": 0.2699}",#282323,dark muted neutral,"large typography, sidebar, rounded buttons, search bar, grid layout, footer","futuristic, modern, creative",0.78
Lapa Ninja (Post),Worth It Docs,https://www.lapa.ninja/post/worthitdocs/,https://cdn.lapa.ninja/assets/images/1x/worthitdocs-thumb.webp,"[""#111110""]","{""#111110"": 0.7721}",#111110,dark muted neutral,"sidebar, feature list, large typography, video background, icon list, rounded buttons","trustworthy, modern, artistic",0.83
Lapa Ninja (Post),Wellory,https://www.lapa.ninja/post/wellory/,https://cdn.lapa.ninja/assets/images/1x/wellory-thumb.webp,"[""#fdf6e9"", ""#f06549""]","{""#fdf6e9"": 0.5624, ""#f06549"": 0.3362}",#fdf6e9,light bright orange,"sidebar, pricing cards, large typography, chart, footer, single column","trustworthy, minimal, friendly",0.86
Lapa Ninja (Post),Raycast,https://www.lapa.ninja/post/raycast/,https://cdn.lapa.ninja/assets/images/1x/raycast-thumb.webp,"[""#000000"", ""#0e0c0f""]","{""#000000"": 0.8301, ""#0e0c0f"": 0.1261}",#000000,dark muted neutral,"sidebar, rounded buttons, search bar, feature list, video background, split screen","modern, futuristic, cool",0.83
Lapa Ninja (Post),USBYUS,https://www.lapa.ninja/post/usbyus/,https://cdn.lapa.ninja/assets/images/1x/usbyus-thumb.webp,"[""#dfdcd9"", ""#232223""]","{""#dfdcd9"": 0.6558, ""#232223"": 0.1925}",#dfdcd9,light muted neutral,"grid layout, large typography, sidebar, feature list, pricing cards, rounded buttons","luxury, artistic, modern",0.83
Lapa Ninja (Post),Vibely,https://www.lapa.ninja/post/vibely/,https://cdn.lapa.ninja/assets/images/1x/vibely-thumb.webp,"[""#f4fcfc""]","{""#f4fcfc"": 0.7714}",#f4fcfc,light bright teal,"form, rounded buttons, grid layout, feature list, sidebar, footer","modern, futuristic, minimal",0.87
Lapa Ninja (Post),Clause,https://www.lapa.ninja/post/clause/,https://cdn.lapa.ninja/assets/images/1x/clause-thumb.webp,"[""#fdfefe""]","{""#fdfefe"": 0.9363}",#fdfefe,light muted teal,"rounded buttons, pricing cards, large typography, grid layout, data table, sidebar","modern, minimal, professional",0.85
Lapa Ninja (Post),Stark,https://www.lapa.ninja/post/getstark-2/,https://cdn.lapa.ninja/assets/images/1x/getstark-10-28-2020-thumb.webp,"[""#f5f4ed"", ""#111726""]","{""#f5f4ed"": 0.808, ""#111726"": 0.0819}",#f5f4ed,light muted yellow,"rounded buttons, grid layout, split screen, large typography, search bar, feature list","modern, minimal, futuristic",0.86
Lapa Ninja (Post),Grilli Type,https://www.lapa.ninja/post/grillitype/,https://cdn.lapa.ninja/assets/images/1x/grillitype-thumb.webp,"[""#fdfdfd"", ""#080809""]","{""#fdfdfd"": 0.7072, ""#080809"": 0.1591}",#fdfdfd,light muted neutral,"large typography, grid layout, two-column layout, sidebar, icon list, pricing cards","modern, retro, creative",0.83
Lapa Ninja (Post),Tyrus,https://www.lapa.ninja/post/tyrus/,https://cdn.lapa.ninja/assets/images/1x/tyrus-thumb.webp,"[""#fefefe"", ""#80a560""]","{""#fefefe"": 0.6526, ""#80a560"": 0.1586}",#fefefe,light muted neutral,"large typography, sidebar, grid layout, pricing cards, top navigation, split screen","professional, modern, creative",0.83
Lapa Ninja (Post),Kate Proulx,https://www.lapa.ninja/post/kateproulx/,https://cdn.lapa.ninja/assets/images/1x/kateproulx-thumb.webp,"[""#131313""]","{""#131313"": 0.8786}",#131313,dark muted neutral,"large typography, rounded buttons, sidebar, feature list, split screen, icon list","professional, modern, futuristic",0.83
Lapa Ninja (Post),Jean Dawson,https://www.lapa.ninja/post/jeandawson/,https://cdn.lapa.ninja/assets/images/1x/jeandawson-thumb.webp,"[""#020202"", ""#12170d""]","{""#020202"": 0.7947, ""#12170d"": 0.1548}",#020202,dark muted neutral,"video background, data table, feature list, top navigation, split screen, icon list","minimal, modern, futuristic",0.83
Lapa Ninja (Post),Emergence Magazine,https://www.lapa.ninja/post/emergencemagazine/,https://cdn.lapa.ninja/assets/images/1x/emergencemagazine-thumb.webp,"[""#fefefd"", ""#585935""]","{""#fefefd"": 0.6828, ""#585935"": 0.1005}",#fefefd,light muted yellow,"grid layout, feature list, sidebar, top navigation, large typography, rounded buttons","modern, minimal, cool",0.86
Lapa Ninja (Post),Acid League,https://www.lapa.ninja/post/acidleague/,https://cdn.lapa.ninja/assets/images/1x/acidleague-thumb.webp,"[""#f7f5f1""]","{""#f7f5f1"": 0.8829}",#f7f5f1,light muted orange,"large typography, grid layout, sidebar, pricing cards, rounded buttons, feature list","minimal, trustworthy, modern",0.86
Lapa Ninja (Post),Blush,https://www.lapa.ninja/post/blush-design/,https://cdn.lapa.ninja/assets/images/1x/blush-design-thumb.webp,"[""#fefefe"", ""#b2ebec""]","{""#fefefe"": 0.7605, ""#b2ebec"": 0.1511}",#fefefe,light muted neutral,"rounded buttons, sidebar, search bar, grid layout, split screen, two-column layout","cool, creative, modern",0.82
Lapa Ninja (Post),Loftgarten,https://www.lapa.ninja/post/loftgarten/,https://cdn.lapa.ninja/assets/images/1x/loftgarten-thumb.webp,"[""#020301"", ""#171d0c""]","{""#020301"": 0.812, ""#171d0c"": 0.1071}",#020301,dark bright green,"large typography, avatar, footer, grid layout, form, video background","modern, minimal, futuristic",0.88
Lapa Ninja (Post),Charlie Le Maignan,https://www.lapa.ninja/post/charlielemaignan/,https://cdn.lapa.ninja/assets/images/1x/charlielemaignan-thumb.webp,"[""#020101"", ""#faf9f9""]","{""#020101"": 0.6447, ""#faf9f9"": 0.1624}",#020101,dark muted red,"large typography, chart, icon list, pricing cards, two-column layout, feature list","creative, artistic, cool",0.87
Lapa Ninja (Post),Whiled,https://www.lapa.ninja/post/whiled/,https://cdn.lapa.ninja/assets/images/1x/whiled-thumb.webp,"[""#d9a076"", ""#f5e9e8""]","{""#d9a076"": 0.3095, ""#f5e9e8"": 0.294}",#d9a076,bright orange,"rounded buttons, grid layout, sidebar, feature list, pricing cards, large typography","modern, minimal, luxury",0.77
Lapa Ninja (Post),helloMuller,https://www.lapa.ninja/post/hellomuller/,https://cdn.lapa.ninja/assets/images/1x/hellomuller-thumb.webp,"[""#fd4900"", ""#030000""]","{""#fd4900"": 0.7077, ""#030000"": 0.2233}",#fd4900,bright red,"large typography, rounded buttons, two-column layout, logo, sidebar, feature list","modern, creative, minimal",0.86
Lapa Ninja (Post),Utrust,https://www.lapa.ninja/post/utrust/,https://cdn.lapa.ninja/assets/images/1x/utrust-thumb.webp,"[""#6931d4"", ""#fefefe""]","{""#6931d4"": 0.4514, ""#fefefe"": 0.3986}",#6931d4,bright purple,"rounded buttons, sidebar, grid layout, pricing cards, feature list, footer","modern, minimal, futuristic",0.84
Lapa Ninja (Post),Canvas Medical,https://www.lapa.ninja/post/canvasmedical/,https://cdn.lapa.ninja/assets/images/1x/canvasmedical-thumb.webp,"[""#bab9b5"", ""#fefefe""]","{""#bab9b5"": 0.3508, ""#fefefe"": 0.3836}",#bab9b5,muted neutral,"split screen, grid layout, large typography, avatar, sidebar, rounded buttons","modern, trustworthy, friendly",0.74
Lapa Ninja (Post),Feedly,https://www.lapa.ninja/post/feedly/,https://cdn.lapa.ninja/assets/images/1x/feedly-thumb.webp,"[""#fefefe""]","{""#fefefe"": 0.9506}",#fefefe,light muted neutral,"grid layout, pricing cards, large typography, rounded buttons, sidebar, avatar","modern, minimal, cool",0.82
Lapa Ninja (Post),Damn Good Beauty,https://www.lapa.ninja/post/damngoodbeauty/,https://cdn.lapa.ninja/assets/images/1x/damngoodbeauty-thumb.webp,"[""#f6e594"", ""#d1dae5""]","{""#f6e594"": 0.3785, ""#d1dae5"": 0.3419}",#f6e594,bright orange,"grid layout, sidebar, rounded buttons, large typography, search bar, feature list","minimal, modern, bold",0.8
Lapa Ninja (Post),Melyon,https://www.lapa.ninja/post/melyon/,https://cdn.lapa.ninja/assets/images/1x/melyon-thumb.webp,"[""#f1ede8"", ""#cdb9ab""]","{""#f1ede8"": 0.2519, ""#cdb9ab"": 0.2359}",#f1ede8,light muted orange,"large typography, grid layout, sidebar, rounded buttons, pricing cards, avatar","modern, futuristic, luxury",0.74
Lapa Ninja (Post),Wunderbucket,https://www.lapa.ninja/post/wunderbucket/,https://cdn.lapa.ninja/assets/images/1x/wunderbucket-thumb.webp,"[""#fef8dd""]","{""#fef8dd"": 0.9502}",#fef8dd,light bright orange,"large typography, grid layout, avatar, rounded buttons, search bar, top navigation","minimal, modern, creative",0.86
Lapa Ninja (Post),Victor Berbel,https://www.lapa.ninja/post/victorberbel/,https://cdn.lapa.ninja/assets/images/1x/victorberbel-thumb.webp,"[""#fefefe"", ""#735a73""]","{""#fefefe"": 0.7302, ""#735a73"": 0.0952}",#fefefe,light muted neutral,"grid layout, sidebar, rounded buttons, large typography, feature list, split screen","modern, minimal, futuristic",0.83
Lapa Ninja (Post),Hugo Maury,https://www.lapa.ninja/post/maury/,https://cdn.lapa.ninja/assets/images/1x/maury-thumb.webp,"[""#090807"", ""#f1f1f1""]","{""#090807"": 0.3519, ""#f1f1f1"": 0.5268}",#090807,dark muted orange,"large typography, rounded buttons, sidebar, pricing cards, split screen, video background","modern, minimal, creative",0.8
Lapa Ninja (Post),Pitch,https://www.lapa.ninja/post/pitch-3/,https://cdn.lapa.ninja/assets/images/1x/pitch-21-10-2020-thumb.webp,"[""#fefdfe"", ""#a47d5f""]","{""#fefdfe"": 0.6901, ""#a47d5f"": 0.1109}",#fefdfe,light muted magenta,"sidebar, split screen, search bar, rounded buttons, data table, feature list","professional, modern, futuristic",0.87
Lapa Ninja (Post),Aerial,https://www.lapa.ninja/post/aerial/,https://cdn.lapa.ninja/assets/images/1x/aerial-thumb.webp,"[""#e0dce4"", ""#fbf9fe""]","{""#e0dce4"": 0.4147, ""#fbf9fe"": 0.4203}",#e0dce4,light muted purple,"large typography, rounded buttons, top navigation, grid layout, video background, avatar","modern, futuristic, minimal",0.82
Lapa Ninja (Post),Sennep,https://www.lapa.ninja/post/sennep/,https://cdn.lapa.ninja/assets/images/1x/sennep-thumb.webp,"[""#f0c644"", ""#4223cf""]","{""#f0c644"": 0.4543, ""#4223cf"": 0.4403}",#f0c644,bright orange,"pricing cards, large typography, rounded buttons, grid layout, sidebar, split screen","professional, futuristic, minimal",0.83
Lapa Ninja (Post),Gavril Perov,https://www.lapa.ninja/post/gavril/,https://cdn.lapa.ninja/assets/images/1x/gavril-thumb.webp,"[""#161314"", ""#717171""]","{""#161314"": 0.7795, ""#717171"": 0.0821}",#161314,dark muted neutral,"sidebar, feature list, large typography, form, centered hero, single column","professional, modern, futuristic",0.82
Lapa Ninja (Post),Natreve,https://www.lapa.ninja/post/natreve/,https://cdn.lapa.ninja/assets/images/1x/natreve-thumb.webp,"[""#fdf9f4"", ""#9dd3c3""]","{""#fdf9f4"": 0.7625, ""#9dd3c3"": 0.0875}",#fdf9f4,light bright orange,"sidebar, avatar, pricing cards, video background, feature list, large typography","modern, vibrant, minimal",0.86
Lapa Ninja (Post),Slite,https://www.lapa.ninja/post/slite-3/,https://cdn.lapa.ninja/assets/images/1x/slite-21-10-2020-thumb.webp,"[""#f8eee5"", ""#fefdfc""]","{""#f8eee5"": 0.7876, ""#fefdfc"": 0.1316}",#f8eee5,light bright orange,"large typography, rounded buttons, grid layout, search bar, feature list, footer","modern, minimal, professional",0.87
Lapa Ninja (Post),Google TV,https://www.lapa.ninja/post/google-tv/,https://cdn.lapa.ninja/assets/images/1x/google-tv-thumb.webp,"[""#010101"", ""#281c26""]","{""#010101"": 0.6911, ""#281c26"": 0.1181}",#010101,dark muted neutral,"feature list, video background, sidebar, icon list, split screen, grid layout","creative, cool, modern",0.82
Lapa Ninja (Post),Unis Shoes,https://www.lapa.ninja/post/unisfootwear/,https://cdn.lapa.ninja/assets/images/1x/unisfootwear-thumb.webp,"[""#f1f1f0"", ""#e51601""]","{""#f1f1f0"": 0.4456, ""#e51601"": 0.2322}",#f1f1f0,light muted neutral,"sidebar, footer, feature list, rounded buttons, icon list, grid layout","minimal, modern, futuristic",0.8
Lapa Ninja (Post),Hey Bicycle,https://www.lapa.ninja/post/heybicycle/,https://cdn.lapa.ninja/assets/images/1x/heybicycle-thumb.webp,"[""#000001"", ""#212125""]","{""#000001"": 0.8352, ""#212125"": 0.092}",#000001,dark bright blue,"form, sidebar, video background, icon list, feature list, logo","futuristic, cool, modern",0.85
Lapa Ninja (Post),Anton Repponen,https://www.lapa.ninja/post/repponen/,https://cdn.lapa.ninja/assets/images/1x/repponen-thumb.webp,"[""#323226"", ""#2f1b7f""]","{""#323226"": 0.2941, ""#2f1b7f"": 0.2776}",#323226,dark muted yellow,"grid layout, rounded buttons, large typography, icon list, cta button, feature list","modern, minimal, professional",0.77
Lapa Ninja (Post),Goliath Entertainment,https://www.lapa.ninja/post/goliath-entertainment/,https://cdn.lapa.ninja/assets/images/1x/goliath-entertainment-thumb.webp,"[""#fdf692"", ""#dde2da""]","{""#fdf692"": 0.4088, ""#dde2da"": 0.203}",#fdf692,bright yellow,"video background, sidebar, icon list, feature list, card list, footer","retro, cool, futuristic",0.81
Lapa Ninja (Post),Raindrop.io,https://www.lapa.ninja/post/raindrop-3/,https://cdn.lapa.ninja/assets/images/1x/raindrop-10-19-2020-thumb.webp,"[""#fdfdfc"", ""#e2ded8""]","{""#fdfdfc"": 0.7491, ""#e2ded8"": 0.0916}",#fdfdfc,light muted yellow,"rounded buttons, grid layout, feature list, search bar, sidebar, split screen","minimal, professional, modern",0.85
Lapa Ninja (Post),Digital Dollar Store,https://www.lapa.ninja/post/digital-dollar/,https://cdn.lapa.ninja/assets/images/1x/digital-dollar-thumb.webp,"[""#f9533a"", ""#42024a""]","{""#f9533a"": 0.4022, ""#42024a"": 0.3123}",#f9533a,bright red,"video background, pricing cards, sidebar, single column, feature list, data table","creative, artistic, cool",0.81
Lapa Ninja (Post),Air,https://www.lapa.ninja/post/air/,https://cdn.lapa.ninja/assets/images/1x/air-inc-thumb.webp,"[""#edf3f8""]","{""#edf3f8"": 0.784}",#edf3f8,light bright blue,"grid layout, rounded buttons, split screen, sidebar, feature list, video background","modern, minimal, professional",0.87
Lapa Ninja (Post),Paracelsia Le Saigné,https://www.lapa.ninja/post/paracelsialesaigne/,https://cdn.lapa.ninja/assets/images/1x/paracelsialesaigne-thumb.webp,"[""#0c0b12""]","{""#0c0b12"": 0.8987}",#0c0b12,dark muted blue,"large typography, icon list, sidebar, grid layout, video background, feature list","luxury, minimal, creative",0.86
Lapa Ninja (Post),Greenlist,https://www.lapa.ninja/post/greenlistapp/,https://cdn.lapa.ninja/assets/images/1x/greenlistapp-thumb.webp,"[""#043213"", ""#fefefe""]","{""#043213"": 0.4014, ""#fefefe"": 0.4441}",#043213,dark bright green,"sidebar, grid layout, large typography, feature list, rounded buttons, split screen","professional, minimal, modern",0.82
Lapa Ninja (Post),Rowdy Mermaid Kombucha,https://www.lapa.ninja/post/rowdymermaid/,https://cdn.lapa.ninja/assets/images/1x/rowdymermaid-thumb.webp,"[""#ede8e2"", ""#a66c19""]","{""#ede8e2"": 0.6348, ""#a66c19"": 0.1302}",#ede8e2,light muted orange,"sidebar, large typography, two-column layout, search bar, rounded buttons, avatar","modern, creative, professional",0.86
Lapa Ninja (Post),Nabla,https://www.lapa.ninja/post/nabla/,https://cdn.lapa.ninja/assets/images/1x/nabla-thumb.webp,"[""#c6e1e8"", ""#fefcfc""]","{""#c6e1e8"": 0.3532, ""#fefcfc"": 0.575}",#c6e1e8,bright teal,"grid layout, pricing cards, sidebar, search bar, rounded buttons, feature list","modern, minimal, friendly",0.79
Lapa Ninja (Post),TreeCard,https://www.lapa.ninja/post/treecard/,https://cdn.lapa.ninja/assets/images/1x/treecard-thumb.webp,"[""#fdfefd"", ""#e3a582""]","{""#fdfefd"": 0.7651, ""#e3a582"": 0.0912}",#fdfefd,light muted green,"pricing cards, card list, sidebar, footer, rounded buttons, feature list","modern, creative, cool",0.88
Lapa Ninja (Post),Overpass,https://www.lapa.ninja/post/overpass/,https://cdn.lapa.ninja/assets/images/1x/overpass-thumb.webp,"[""#fcfdfd"", ""#0199fc""]","{""#fcfdfd"": 0.736, ""#0199fc"": 0.1059}",#fcfdfd,light muted teal,"sidebar, rounded buttons, pricing cards, feature list, search bar, split screen","minimal, modern, professional",0.85
Lapa Ninja (Post),Design+Code,https://www.lapa.ninja/post/designcode/,https://cdn.lapa.ninja/assets/images/1x/designcode-16-10-2020-thumb.webp,"[""#221e51"", ""#492ba3""]","{""#221e51"": 0.547, ""#492ba3"": 0.1866}",#221e51,dark bright blue,"rounded buttons, grid layout, feature list, pricing cards, sidebar, top navigation","modern, calm, minimal",0.87
Lapa Ninja (Post),Mario Sanchez Maselli,https://www.lapa.ninja/post/mariosmaselli/,https://cdn.lapa.ninja/assets/images/1x/mariosmaselli-thumb.webp,"[""#e8372f"", ""#280e10""]","{""#e8372f"": 0.8341, ""#280e10"": 0.0922}",#e8372f,bright red,"large typography, sidebar, pricing cards, rounded buttons, card list, centered hero","retro, minimal, professional",0.87
Lapa Ninja (Post),Oda,https://www.lapa.ninja/post/oda/,https://cdn.lapa.ninja/assets/images/1x/oda-thumb.webp,"[""#ede7d7"", ""#f6f0e9""]","{""#ede7d7"": 0.6373, ""#f6f0e9"": 0.2507}",#ede7d7,light bright orange,"sidebar, large typography, form, feature list, split screen, video background","modern, cool, artistic",0.85
Lapa Ninja (Post),Erik Herrström,https://www.lapa.ninja/post/erikherrstrom-2/,https://cdn.lapa.ninja/assets/images/1x/erikherrstrom-10-16-2020-thumb.webp,"[""#0c0909"", ""#f8f9f9""]","{""#0c0909"": 0.2886, ""#f8f9f9"": 0.3028}",#0c0909,dark muted red,"grid layout, sidebar, icon list, video background, large typography, feature list","futuristic, bold, modern",0.77
Lapa Ninja (Post),Hylo Athletics,https://www.lapa.ninja/post/hyloathletics/,https://cdn.lapa.ninja/assets/images/1x/hyloathletics-thumb.webp,"[""#5e574d"", ""#f8f8f7""]","{""#5e574d"": 0.2365, ""#f8f8f7"": 0.4825}",#5e574d,muted neutral,"large typography, grid layout, hero image, rounded buttons, footer, centered hero","futuristic, cool, modern",0.69
Lapa Ninja (Post),Armand Sallé,https://www.lapa.ninja/post/armand-salle/,https://cdn.lapa.ninja/assets/images/1x/armand-salle-thumb.webp,"[""#141313""]","{""#141313"": 0.8454}",#141313,dark muted neutral,"large typography, sidebar, feature list, grid layout, video background, footer","friendly, modern, professional",0.82
Lapa Ninja (Post),PeekUp,https://www.lapa.ninja/post/peekup/,https://cdn.lapa.ninja/assets/images/1x/peekup-thumb.webp,"[""#bf2f6c"", ""#832852""]","{""#bf2f6c"": 0.4802, ""#832852"": 0.2665}",#bf2f6c,bright magenta,"feature list, grid layout, sidebar, icon list, video background, rounded buttons","modern, creative, cool",0.86
Lapa Ninja (Post),Museum of Peace & Quiet,https://www.lapa.ninja/post/museumofpeaceandquiet/,https://cdn.lapa.ninja/assets/images/1x/museumofpeaceandquiet-thumb.webp,"[""#e7e6e3"", ""#fefbf3""]","{""#e7e6e3"": 0.2947, ""#fefbf3"": 0.5022}",#e7e6e3,light muted neutral,"grid layout, rounded buttons, large typography, sidebar, feature list, icon list","minimal, modern, luxury",0.73
Lapa Ninja (Post),UPQODE,https://www.lapa.ninja/post/upqode/,https://cdn.lapa.ninja/assets/images/1x/upqode-thumb.webp,"[""#fbfbfb"", ""#1d1b12""]","{""#fbfbfb"": 0.8052, ""#1d1b12"": 0.0991}",#fbfbfb,light muted neutral,"large typography, grid layout, rounded buttons, sidebar, footer, avatar","modern, minimal, creative",0.83
Lapa Ninja (Post),Koa,https://www.lapa.ninja/post/livingkoa/,https://cdn.lapa.ninja/assets/images/1x/livingkoa-thumb.webp,"[""#a69587"", ""#180e09""]","{""#a69587"": 0.3335, ""#180e09"": 0.2743}",#a69587,muted orange,"rounded buttons, sidebar, search bar, pricing cards, large typography, video background","futuristic, modern, creative",0.78
Lapa Ninja (Post),Gorillaz,https://www.lapa.ninja/post/gorillaz-promo/,https://cdn.lapa.ninja/assets/images/1x/gorillaz-promo-thumb.webp,"[""#fbf6ea"", ""#16141b""]","{""#fbf6ea"": 0.5378, ""#16141b"": 0.1596}",#fbf6ea,light bright orange,"sidebar, grid layout, icon list, video background, search bar, split screen","cool, minimal, modern",0.87
Lapa Ninja (Post),Monsieur M,https://www.lapa.ninja/post/monsieurm/,https://cdn.lapa.ninja/assets/images/1x/monsieurm-thumb.webp,"[""#c8c8c8""]","{""#c8c8c8"": 0.9276}",#c8c8c8,muted neutral,"large typography, pricing cards, feature list, rounded buttons, grid layout, sidebar","modern, minimal, creative",0.82
Lapa Ninja (Post),Pachama,https://www.lapa.ninja/post/pachama/,https://cdn.lapa.ninja/assets/images/1x/pachama-thumb.webp,"[""#fbfcfc"", ""#3e876c""]","{""#fbfcfc"": 0.6341, ""#3e876c"": 0.1664}",#fbfcfc,light muted teal,"rounded buttons, large typography, top navigation, footer, single column, pricing cards","modern, warm, minimal",0.86
Lapa Ninja (Post),Mehrotra,https://www.lapa.ninja/post/mehrotrasthlm/,https://cdn.lapa.ninja/assets/images/1x/mehrotrasthlm-thumb.webp,"[""#4a4942"", ""#fdfdfd""]","{""#4a4942"": 0.2708, ""#fdfdfd"": 0.3041}",#4a4942,muted neutral,"form, rounded buttons, sidebar, feature list, pricing cards, large typography","modern, minimal, futuristic",0.7
Lapa Ninja (Post),Flamingo Estate,https://www.lapa.ninja/post/flamingoestate/,https://cdn.lapa.ninja/assets/images/1x/flamingoestate-thumb.webp,"[""#1c1e0f"", ""#fefefd""]","{""#1c1e0f"": 0.2404, ""#fefefd"": 0.4608}",#1c1e0f,dark muted yellow,"pricing cards, grid layout, feature list, rounded buttons, video background, sidebar","luxury, professional, modern",0.72
Lapa Ninja (Post),Mezcal Rosaluna,https://www.lapa.ninja/post/mezcalrosaluna/,https://cdn.lapa.ninja/assets/images/1x/mezcalrosaluna-thumb.webp,"[""#e9ded2"", ""#f1ede8""]","{""#e9ded2"": 0.4378, ""#f1ede8"": 0.2138}",#e9ded2,light muted orange,"large typography, grid layout, sidebar, rounded buttons, feature list, video background","modern, minimal, artistic",0.83
Lapa Ninja (Post),Mike Lamont,https://www.lapa.ninja/post/mike/,https://cdn.lapa.ninja/assets/images/1x/mike-thumb.webp,"[""#090e08"", ""#f3f3f6""]","{""#090e08"": 0.2834, ""#f3f3f6"": 0.5316}",#090e08,dark muted green,"icon list, sidebar, feature list, search bar, pricing cards, avatar","futuristic, artistic, modern",0.76
Lapa Ninja (Post),Good Measure,https://www.lapa.ninja/post/findgoodmeasure/,https://cdn.lapa.ninja/assets/images/1x/findgoodmeasure-thumb.webp,"[""#09191f"", ""#f1f2ed""]","{""#09191f"": 0.6772, ""#f1f2ed"": 0.1084}",#09191f,dark bright teal,"large typography, grid layout, sidebar, split screen, feature list, rounded buttons","modern, friendly, luxury",0.86
Lapa Ninja (Post),Extraset,https://www.lapa.ninja/post/extraset/,https://cdn.lapa.ninja/assets/images/1x/extraset-thumb.webp,"[""#f9eada"", ""#020201""]","{""#f9eada"": 0.6968, ""#020201"": 0.2449}",#f9eada,light bright orange,"large typography, icon list, grid layout, two-column layout, logo, feature list","modern, professional, minimal",0.88
Lapa Ninja (Post),Æbele Interiors,https://www.lapa.ninja/post/aebeleinteriors/,https://cdn.lapa.ninja/assets/images/1x/aebeleinteriors-thumb.webp,"[""#f9f4ef"", ""#cbc5bf""]","{""#f9f4ef"": 0.71, ""#cbc5bf"": 0.1007}",#f9f4ef,light bright orange,"large typography, grid layout, sidebar, feature list, single column, video background","luxury, modern, elegant",0.85
Lapa Ninja (Post),Faculty,https://www.lapa.ninja/post/faculty/,https://cdn.lapa.ninja/assets/images/1x/faculty-thumb.webp,"[""#f5f3ef"", ""#dfa3a5""]","{""#f5f3ef"": 0.6968, ""#dfa3a5"": 0.2011}",#f5f3ef,light muted orange,"large typography, sidebar, feature list, grid layout, search bar, pricing cards","modern, futuristic, minimal",0.86
Lapa Ninja (Post),Oculus,https://www.lapa.ninja/post/oculus-3/,https://cdn.lapa.ninja/assets/images/1x/oculus-10-07-2020-thumb.webp,"[""#e7e7f0"", ""#fdfefd""]","{""#e7e7f0"": 0.4661, ""#fdfefd"": 0.3382}",#e7e7f0,light muted blue,"sidebar, rounded buttons, avatar, feature list, hero image, form","futuristic, modern, cool",0.84
Lapa Ninja (Post),Ayaka B. Ito,https://www.lapa.ninja/post/ayakaito/,https://cdn.lapa.ninja/assets/images/1x/ayakaito-thumb.webp,"[""#e3c4d7"", ""#c6a571""]","{""#e3c4d7"": 0.5193, ""#c6a571"": 0.2661}",#e3c4d7,bright magenta,"large typography, grid layout, pricing cards, sidebar, two-column layout, rounded buttons","creative, futuristic, luxury",0.87
Lapa Ninja (Post),Canny,https://www.lapa.ninja/post/canny-2/,https://cdn.lapa.ninja/assets/images/1x/canny-10-07-2020-thumb.webp,"[""#fefefe"", ""#f6f6f8""]","{""#fefefe"": 0.5429, ""#f6f6f8"": 0.4131}",#fefefe,light muted neutral,"rounded buttons, grid layout, pricing cards, large typography, footer, feature list","modern, minimal, professional",0.83
Lapa Ninja (Post),Dore Partnership,https://www.lapa.ninja/post/dorepartnership/,https://cdn.lapa.ninja/assets/images/1x/dorepartnership-thumb.webp,"[""#e5ecf2"", ""#fdfefe""]","{""#e5ecf2"": 0.2587, ""#fdfefe"": 0.4877}",#e5ecf2,light muted blue,"rounded buttons, pricing cards, sidebar, search bar, top navigation, large typography","professional, modern, minimal",0.74
Lapa Ninja (Post),Asana,https://www.lapa.ninja/post/asana-4/,https://cdn.lapa.ninja/assets/images/1x/asana-10-03-2020-thumb.webp,"[""#fcfdfd""]","{""#fcfdfd"": 0.8983}",#fcfdfd,light muted teal,"grid layout, large typography, top navigation, search bar, rounded buttons, sidebar","minimal, modern, professional",0.86
Lapa Ninja (Post),Bizzon,https://www.lapa.ninja/post/bizzon/,https://cdn.lapa.ninja/assets/images/1x/bizzon-thumb.webp,"[""#ccc1ba"", ""#f9f9f9""]","{""#ccc1ba"": 0.1864, ""#f9f9f9"": 0.422}",#ccc1ba,muted orange,"grid layout, two-column layout, sidebar, pricing cards, data table, icon list","modern, creative, luxury",0.7
Lapa Ninja (Post),Gianluca Armenio,https://www.lapa.ninja/post/gianlucarmenio/,https://cdn.lapa.ninja/assets/images/1x/gianlucarmenio-thumb.webp,"[""#f5efe2""]","{""#f5efe2"": 0.8887}",#f5efe2,light bright orange,"large typography, rounded buttons, grid layout, icon list, feature list, sidebar","minimal, modern, professional",0.87
Lapa Ninja (Post),Harry Moses,https://www.lapa.ninja/post/harrymoses/,https://cdn.lapa.ninja/assets/images/1x/harrymoses-thumb.webp,"[""#000000""]","{""#000000"": 0.9137}",#000000,dark muted neutral,"icon list, feature list, card list, data table, top navigation, rounded buttons","cool, trustworthy, bold",0.83
Lapa Ninja (Post),Tiny,https://www.lapa.ninja/post/tinycapital/,https://cdn.lapa.ninja/assets/images/1x/tinycapital-thumb.webp,"[""#1a21fc""]","{""#1a21fc"": 0.8551}",#1a21fc,bright blue,"pricing cards, large typography, sidebar, video background, grid layout, rounded buttons","modern, professional, minimal",0.86
Lapa Ninja (Post),Locomotive Culture,https://www.lapa.ninja/post/locomotive-culture/,https://cdn.lapa.ninja/assets/images/1x/locomotive-play-thumb.webp,"[""#f1f0f1"", ""#bab9b9""]","{""#f1f0f1"": 0.7346, ""#bab9b9"": 0.1316}",#f1f0f1,light muted neutral,"rounded buttons, large typography, grid layout, sidebar, footer, cta button","minimal, professional, playful",0.83
Lapa Ninja (Post),Philip Battin,https://www.lapa.ninja/post/philipbattin/,https://cdn.lapa.ninja/assets/images/1x/philipbattin-thumb.webp,"[""#fcfdfd"", ""#d8dad9""]","{""#fcfdfd"": 0.7619, ""#d8dad9"": 0.1676}",#fcfdfd,light muted teal,"sidebar, grid layout, avatar, split screen, rounded buttons, large typography","modern, minimal, futuristic",0.86
Lapa Ninja (Post),NUGGS,https://www.lapa.ninja/post/eatnuggs/,https://cdn.lapa.ninja/assets/images/1x/eatnuggs-thumb.webp,"[""#fcf6f5"", ""#fb1b1b""]","{""#fcf6f5"": 0.6856, ""#fb1b1b"": 0.1794}",#fcf6f5,light bright red,"sidebar, rounded buttons, top navigation, split screen, large typography, pricing cards","creative, futuristic, bold",0.86
Lapa Ninja (Post),Google Store,https://www.lapa.ninja/post/google-store/,https://cdn.lapa.ninja/assets/images/1x/google-store-thumb.webp,"[""#f9f9f9"", ""#e3dcd4""]","{""#f9f9f9"": 0.6292, ""#e3dcd4"": 0.131}",#f9f9f9,light muted neutral,"sidebar, search bar, feature list, rounded buttons, large typography, icon list","modern, minimal, futuristic",0.82
Lapa Ninja (Post),Karst,https://www.lapa.ninja/post/karststonepaper/,https://cdn.lapa.ninja/assets/images/1x/karststonepaper-thumb.webp,"[""#f3ece8"", ""#d8cac2""]","{""#f3ece8"": 0.4152, ""#d8cac2"": 0.2269}",#f3ece8,light muted orange,"large typography, form, grid layout, rounded buttons, single column, sidebar","modern, minimal, futuristic",0.82
Lapa Ninja (Post),Mollydooker Wines,https://www.lapa.ninja/post/mollydookerwines/,https://cdn.lapa.ninja/assets/images/1x/mollydookerwines-thumb.webp,"[""#769d8b"", ""#263016""]","{""#769d8b"": 0.3629, ""#263016"": 0.2234}",#769d8b,muted green,"sidebar, footer, feature list, video background, large typography, centered hero","creative, friendly, artistic",0.8
Lapa Ninja (Post),WTF.studio,https://www.lapa.ninja/post/wtf-studio-2/,https://cdn.lapa.ninja/assets/images/1x/wtf-studio-09-30-2020-thumb.webp,"[""#1c2021"", ""#fced1a""]","{""#1c2021"": 0.6295, ""#fced1a"": 0.1047}",#1c2021,dark muted neutral,"large typography, sidebar, rounded buttons, video background, pricing cards, grid layout","modern, professional, artistic",0.83
Lapa Ninja (Post),The Met Museum,https://www.lapa.ninja/post/metmus-150/,https://cdn.lapa.ninja/assets/images/1x/metmus-150-thumb.webp,"[""#fefefe"", ""#342c27""]","{""#fefefe"": 0.7474, ""#342c27"": 0.1158}",#fefefe,light muted neutral,"large typography, logo, form, two-column layout, sidebar, icon list","modern, serious, cool",0.82
Lapa Ninja (Post),Quicksand,https://www.lapa.ninja/post/airbnb-quicksand/,https://cdn.lapa.ninja/assets/images/1x/quicksand-thumb.webp,"[""#000000"", ""#623727""]","{""#000000"": 0.7585, ""#623727"": 0.1225}",#000000,dark muted neutral,"large typography, grid layout, rounded buttons, top navigation, pricing cards, sidebar","minimal, modern, bold",0.84
Lapa Ninja (Post),Waste Not,https://www.lapa.ninja/post/wastenot/,https://cdn.lapa.ninja/assets/images/1x/wastenot-thumb.webp,"[""#efeee8"", ""#aac4a7""]","{""#efeee8"": 0.7708, ""#aac4a7"": 0.1032}",#efeee8,light muted yellow,"large typography, pricing cards, sidebar, grid layout, video background, avatar","creative, trustworthy, cool",0.85
Lapa Ninja (Post),Owi Sixseven,https://www.lapa.ninja/post/theartofvisual/,https://cdn.lapa.ninja/assets/images/1x/theartofvisual-thumb.webp,"[""#121417"", ""#030304""]","{""#121417"": 0.8124, ""#030304"": 0.0929}",#121417,dark muted blue,"large typography, feature list, rounded buttons, sidebar, two-column layout, grid layout","modern, futuristic, professional",0.86
Lapa Ninja (Post),Basium Fragrances,https://www.lapa.ninja/post/basiumfragrances/,https://cdn.lapa.ninja/assets/images/1x/basiumfragrances-thumb.webp,"[""#f6f4ef"", ""#d6cfcc""]","{""#f6f4ef"": 0.4653, ""#d6cfcc"": 0.2161}",#f6f4ef,light muted orange,"sidebar, grid layout, rounded buttons, video background, footer, feature list","minimal, modern, bold",0.84
Lapa Ninja (Post),Wnder,https://www.lapa.ninja/post/wnder/,https://cdn.lapa.ninja/assets/images/1x/wnder-thumb.webp,"[""#f6f4f5""]","{""#f6f4f5"": 0.8194}",#f6f4f5,light muted neutral,"large typography, rounded buttons, pricing cards, grid layout, top navigation, sidebar","modern, minimal, cool",0.83
Lapa Ninja (Post),Atelier Akuko,https://www.lapa.ninja/post/atelier-akuko/,https://cdn.lapa.ninja/assets/images/1x/atelier-akuko-thumb.webp,"[""#f0ede9"", ""#cac8c5""]","{""#f0ede9"": 0.709, ""#cac8c5"": 0.0928}",#f0ede9,light muted orange,"grid layout, rounded buttons, pricing cards, two-column layout, single column, sidebar","modern, luxury, artistic",0.86
Lapa Ninja (Post),MinamiDesignCo,https://www.lapa.ninja/post/minami-design/,https://cdn.lapa.ninja/assets/images/1x/minami-design-thumb.webp,"[""#040204"", ""#191d3a""]","{""#040204"": 0.7592, ""#191d3a"": 0.1034}",#040204,dark muted magenta,"split screen, video background, large typography, sidebar, avatar, grid layout","futuristic, modern, creative",0.87
Lapa Ninja (Post),Ralph Buenconsejo,https://www.lapa.ninja/post/buenmakes/,https://cdn.lapa.ninja/assets/images/1x/buenmakes-thumb.webp,"[""#fcfafb""]","{""#fcfafb"": 0.8639}",#fcfafb,light muted magenta,"large typography, sidebar, pricing cards, grid layout, rounded buttons, feature list","creative, artistic, professional",0.87
Lapa Ninja (Post),BEHAVE,https://www.lapa.ninja/post/eatbehave/,https://cdn.lapa.ninja/assets/images/1x/eatbehave-thumb.webp,"[""#cfb6fd"", ""#94432d""]","{""#cfb6fd"": 0.4451, ""#94432d"": 0.2401}",#cfb6fd,light bright purple,"sidebar, feature list, pricing cards, video background, search bar, split screen","futuristic, trustworthy, bold",0.84
Lapa Ninja (Post),Svea Solar,https://www.lapa.ninja/post/sveasolar/,https://cdn.lapa.ninja/assets/images/1x/sveasolar-thumb.webp,"[""#eda496"", ""#f8f7f7""]","{""#eda496"": 0.3517, ""#f8f7f7"": 0.4556}",#eda496,bright red,"sidebar, rounded buttons, avatar, search bar, feature list, large typography","futuristic, modern, minimal",0.78
Lapa Ninja (Post),Status,https://www.lapa.ninja/post/status/,https://cdn.lapa.ninja/assets/images/1x/status-thumb.webp,"[""#fcfcfd"", ""#010101""]","{""#fcfcfd"": 0.7415, ""#010101"": 0.1734}",#fcfcfd,light muted blue,"rounded buttons, sidebar, feature list, search bar, cta button, icon list","modern, minimal, futuristic",0.86
Lapa Ninja (Post),Hello Hay,https://www.lapa.ninja/post/hellohay/,https://cdn.lapa.ninja/assets/images/1x/hellohay-thumb.webp,"[""#29192d"", ""#f5f2ee""]","{""#29192d"": 0.4642, ""#f5f2ee"": 0.4611}",#29192d,dark muted purple,"rounded buttons, grid layout, large typography, top navigation, pricing cards, search bar","minimal, modern, futuristic",0.84
Lapa Ninja (Post),Natural,https://www.lapa.ninja/post/natural/,https://cdn.lapa.ninja/assets/images/1x/natural-thumb.webp,"[""#000000"", ""#eeeeee""]","{""#000000"": 0.4894, ""#eeeeee"": 0.3038}",#000000,dark muted neutral,"rounded buttons, large typography, grid layout, footer, top navigation, search bar","minimal, cool, futuristic",0.83
Lapa Ninja (Post),Shirley Wang,https://www.lapa.ninja/post/shirleywangdesign/,https://cdn.lapa.ninja/assets/images/1x/shirleywangdesign-thumb.webp,"[""#ede9e6""]","{""#ede9e6"": 0.9569}",#ede9e6,light muted orange,"large typography, pricing cards, grid layout, feature list, icon list, sidebar","professional, cool, creative",0.87
Lapa Ninja (Post),Brews & Grooves,https://www.lapa.ninja/post/brewsandgrooves/,https://cdn.lapa.ninja/assets/images/1x/brewsandgrooves-thumb.webp,"[""#1e1d1d"", ""#4b4543""]","{""#1e1d1d"": 0.7735, ""#4b4543"": 0.0991}",#1e1d1d,dark muted neutral,"pricing cards, large typography, sidebar, top navigation, video background, feature list","professional, cool, luxury",0.82
Lapa Ninja (Post),Simon Daufresne,https://www.lapa.ninja/post/simondaufresne/,https://cdn.lapa.ninja/assets/images/1x/simondaufresne-thumb.webp,"[""#1a1818"", ""#f5eee3""]","{""#1a1818"": 0.477, ""#f5eee3"": 0.4397}",#1a1818,dark muted neutral,"large typography, grid layout, rounded buttons, sidebar, feature list, split screen","bold, modern, futuristic",0.82
Lapa Ninja (Post),Virgin Hyperloop,https://www.lapa.ninja/post/virginhyperloop/,https://cdn.lapa.ninja/assets/images/1x/virginhyperloop-thumb.webp,"[""#fcfcfc"", ""#45433f""]","{""#fcfcfc"": 0.527, ""#45433f"": 0.1703}",#fcfcfc,light muted neutral,"large typography, top navigation, single column, grid layout, footer, rounded buttons","futuristic, modern, minimal",0.82
Lapa Ninja (Post),Animade,https://www.lapa.ninja/post/animade/,https://cdn.lapa.ninja/assets/images/1x/animade-thumb.webp,"[""#fdfcf8"", ""#f9dd1c""]","{""#fdfcf8"": 0.7356, ""#f9dd1c"": 0.1053}",#fdfcf8,light bright orange,"pricing cards, rounded buttons, large typography, sidebar, grid layout, avatar","minimal, modern, creative",0.86
Lapa Ninja (Post),Demuxed 2020,https://www.lapa.ninja/post/demuxed-2020/,https://cdn.lapa.ninja/assets/images/1x/demuxed-2020-thumb.webp,"[""#fbcf41""]","{""#fbcf41"": 0.8212}",#fbcf41,bright orange,"video background, split screen, sidebar, search bar, feature list, grid layout","professional, modern, creative",0.86
Lapa Ninja (Post),Procreate Education,https://www.lapa.ninja/post/procreate-education/,https://cdn.lapa.ninja/assets/images/1x/procreate-education-thumb.webp,"[""#f4f5f5""]","{""#f4f5f5"": 0.8709}",#f4f5f5,light muted neutral,"large typography, grid layout, split screen, top navigation, rounded buttons, form","modern, minimal, artistic",0.83
Lapa Ninja (Post),Synthesia,https://www.lapa.ninja/post/synthesia/,https://cdn.lapa.ninja/assets/images/1x/synthesia-thumb.webp,"[""#f8fafe"", ""#122840""]","{""#f8fafe"": 0.6787, ""#122840"": 0.1477}",#f8fafe,light bright blue,"grid layout, split screen, rounded buttons, video background, footer, cta button","professional, modern, minimal",0.87
Lapa Ninja (Post),Front,https://www.lapa.ninja/post/frontapp-5/,https://cdn.lapa.ninja/assets/images/1x/frontapp-09-23-2020-thumb.webp,"[""#a3fdce"", ""#fbfcfb""]","{""#a3fdce"": 0.1902, ""#fbfcfb"": 0.6835}",#a3fdce,bright green,"rounded buttons, avatar, cta button, sidebar, video background, split screen","modern, futuristic, professional",0.72
Lapa Ninja (Post),Teachable,https://www.lapa.ninja/post/teachable/,https://cdn.lapa.ninja/assets/images/1x/teachable-thumb.webp,"[""#22cb9d"", ""#fcfcfa""]","{""#22cb9d"": 0.3761, ""#fcfcfa"": 0.3604}",#22cb9d,bright teal,"large typography, grid layout, sidebar, feature list, rounded buttons, avatar","artistic, futuristic, creative",0.8
Lapa Ninja (Post),SmashBrand,https://www.lapa.ninja/post/smashbrand/,https://cdn.lapa.ninja/assets/images/1x/smashbrand-thumb.webp,"[""#fefefe""]","{""#fefefe"": 0.8667}",#fefefe,light muted neutral,"large typography, pricing cards, sidebar, rounded buttons, grid layout, two-column layout","futuristic, professional, modern",0.83
Lapa Ninja (Post),2°C EARTH,https://www.lapa.ninja/post/2-c-earth/,https://cdn.lapa.ninja/assets/images/1x/2-c-earth-thumb.webp,"[""#2f2112"", ""#f7f4f2""]","{""#2f2112"": 0.2291, ""#f7f4f2"": 0.305}",#2f2112,dark bright orange,"grid layout, large typography, rounded buttons, top navigation, split screen, sidebar","modern, minimal, futuristic",0.73
Lapa Ninja (Post),Limnia Araw,https://www.lapa.ninja/post/araw-limnia/,https://cdn.lapa.ninja/assets/images/1x/araw-limnia-thumb.webp,"[""#171913"", ""#fcfcfb""]","{""#171913"": 0.203, ""#fcfcfb"": 0.2848}",#171913,dark muted green,"sidebar, grid layout, video background, feature list, top navigation, rounded buttons","modern, futuristic, elegant",0.73
Lapa Ninja (Post),G2K Creative Agency,https://www.lapa.ninja/post/g2k/,https://cdn.lapa.ninja/assets/images/1x/g2k-thumb.webp,"[""#010001"", ""#1f202b""]","{""#010001"": 0.4138, ""#1f202b"": 0.2028}",#010001,dark bright magenta,"pricing cards, sidebar, top navigation, grid layout, icon list, video background","modern, futuristic, professional",0.83
Lapa Ninja (Post),Quintin Lodge,https://www.lapa.ninja/post/quintinlodge/,https://cdn.lapa.ninja/assets/images/1x/quintinlodge-thumb.webp,"[""#151912"", ""#fcfdfb""]","{""#151912"": 0.5954, ""#fcfdfb"": 0.314}",#151912,dark muted green,"pricing cards, form, feature list, large typography, card list, footer","futuristic, bold, modern",0.86
Lapa Ninja (Post),Finn,https://www.lapa.ninja/post/petfinn/,https://cdn.lapa.ninja/assets/images/1x/petfinn-thumb.webp,"[""#fad4dd"", ""#f37e0d""]","{""#fad4dd"": 0.2802, ""#f37e0d"": 0.2741}",#fad4dd,light bright red,"video background, footer, sidebar, pricing cards, form, rounded buttons","trustworthy, friendly, cool",0.75
Lapa Ninja (Post),Glass,https://www.lapa.ninja/post/glass/,https://cdn.lapa.ninja/assets/images/1x/glass-thumb.webp,"[""#010100""]","{""#010100"": 0.8103}",#010100,dark bright yellow,"grid layout, rounded buttons, split screen, large typography, sidebar, video background","modern, professional, minimal",0.87
Lapa Ninja (Post),Geckoboard,https://www.lapa.ninja/post/geckoboard/,https://cdn.lapa.ninja/assets/images/1x/geckoboard-thumb.webp,"[""#fafafc"", ""#1a1a3c""]","{""#fafafc"": 0.8164, ""#1a1a3c"": 0.1135}",#fafafc,light muted blue,"pricing cards, sidebar, top navigation, data table, avatar, icon list","modern, futuristic, retro",0.85
Lapa Ninja (Post),We are owlsome,https://www.lapa.ninja/post/weareowlsome/,https://cdn.lapa.ninja/assets/images/1x/weareowlsome-thumb.webp,"[""#d5e0de"", ""#fefefe""]","{""#d5e0de"": 0.4376, ""#fefefe"": 0.4361}",#d5e0de,light muted teal,"pricing cards, large typography, rounded buttons, logo, grid layout, sidebar","professional, creative, modern",0.83
Lapa Ninja (Post),Rainbo,https://www.lapa.ninja/post/rainbo/,https://cdn.lapa.ninja/assets/images/1x/rainbo-thumb.webp,"[""#fafafa"", ""#211f1a""]","{""#fafafa"": 0.5873, ""#211f1a"": 0.174}",#fafafa,light muted neutral,"rounded buttons, sidebar, grid layout, pricing cards, search bar, large typography","minimal, modern, warm",0.83
Lapa Ninja (Post),Plain Jane Events,https://www.lapa.ninja/post/plainjaneevents/,https://cdn.lapa.ninja/assets/images/1x/plainjaneevents-thumb.webp,"[""#f3efe9"", ""#fefefe""]","{""#f3efe9"": 0.4424, ""#fefefe"": 0.295}",#f3efe9,light muted orange,"grid layout, sidebar, feature list, large typography, split screen, two-column layout","modern, luxury, creative",0.83
Lapa Ninja (Post),Field,https://www.lapa.ninja/post/builtbyfield/,https://cdn.lapa.ninja/assets/images/1x/builtbyfield-thumb.webp,"[""#0f100d"", ""#fcfcfc""]","{""#0f100d"": 0.1958, ""#fcfcfc"": 0.3583}",#0f100d,dark muted neutral,"grid layout, split screen, search bar, sidebar, rounded buttons, top navigation","modern, futuristic, minimal",0.68
Lapa Ninja (Post),Tranen,https://www.lapa.ninja/post/tranen/,https://cdn.lapa.ninja/assets/images/1x/tranen-thumb.webp,"[""#dbdad8"", ""#fefefd""]","{""#dbdad8"": 0.2127, ""#fefefd"": 0.3678}",#dbdad8,light muted neutral,"grid layout, avatar, sidebar, large typography, form, icon list","modern, futuristic, minimal",0.68
Lapa Ninja (Post),Rafael Conde,https://www.lapa.ninja/post/rafa/,https://cdn.lapa.ninja/assets/images/1x/rafa-thumb.webp,"[""#0e0e10"", ""#f9fbfb""]","{""#0e0e10"": 0.3545, ""#f9fbfb"": 0.4956}",#0e0e10,dark muted neutral,"rounded buttons, grid layout, large typography, sidebar, feature list, footer","minimal, modern, futuristic",0.75
Lapa Ninja (Post),Salus Body,https://www.lapa.ninja/post/salusbody/,https://cdn.lapa.ninja/assets/images/1x/salusbody-thumb.webp,"[""#fcfcfd"", ""#dbdcdc""]","{""#fcfcfd"": 0.5519, ""#dbdcdc"": 0.1552}",#fcfcfd,light muted blue,"grid layout, large typography, rounded buttons, feature list, form, pricing cards","modern, minimal, luxury",0.87
Lapa Ninja (Post),Letter,https://www.lapa.ninja/post/letterco/,https://cdn.lapa.ninja/assets/images/1x/letterco-thumb.webp,"[""#030304"", ""#f7f9fd""]","{""#030304"": 0.2114, ""#f7f9fd"": 0.6752}",#030304,dark muted blue,"rounded buttons, grid layout, pricing cards, large typography, sidebar, form","modern, futuristic, minimal",0.72
Lapa Ninja (Post),Dinamo,https://www.lapa.ninja/post/abcdinamo/,https://cdn.lapa.ninja/assets/images/1x/abcdinamo-thumb.webp,"[""#71a70b"", ""#fdfefc""]","{""#71a70b"": 0.3319, ""#fdfefc"": 0.5604}",#71a70b,bright green,"large typography, feature list, sidebar, rounded buttons, pricing cards, icon list","creative, bold, cool",0.78
Lapa Ninja (Post),Make Lemonade,https://www.lapa.ninja/post/makelemonade/,https://cdn.lapa.ninja/assets/images/1x/makelemonade-thumb.webp,"[""#fec233""]","{""#fec233"": 0.8908}",#fec233,bright orange,"sidebar, pricing cards, video background, feature list, large typography, grid layout","creative, retro, friendly",0.86
